/**
 * generated by fontconvert.py
 * name: ubuntumono_16_regular
 * size: 16
 * mode: 2-bit  compressed: true
 * Command used: fontconvert.py ubuntumono_16_regular 16 ../builtinFonts/source/UbuntuMono/UbuntuMono-Regular.ttf --2bit --compress
 */
#pragma once
#include "EpdFontData.h"

static const uint8_t ubuntumono_16_regularBitmaps[17273] = {
    0xAD, 0x58, 0xBD, 0x8E, 0xE5, 0x48, 0x15, 0x3E, 0xBE, 0x96, 0xFA, 0x22, 0x1C, 0x54, 0x82, 0xC4,
    0xA0, 0x96, 0xB6, 0x52, 0x56, 0xA0, 0x71, 0x42, 0x40, 0xD0, 0xFE, 0x59, 0x21, 0x11, 0xF3, 0x06,
    0x24, 0x1B, 0x22, 0x35, 0xC1, 0x06, 0x23, 0x74, 0x7F, 0x8C, 0xF6, 0x01, 0xE8, 0x47, 0x98, 0x47,
    0x20, 0x00, 0xA9, 0x03, 0xF7, 0xD8, 0xCB, 0x04, 0x9B, 0x7A, 0x23, 0x82, 0x49, 0x0C, 0x74, 0x46,
    0xE2, 0x15, 0x46, 0xEB, 0x41, 0xEE, 0x5B, 0x7C, 0xDF, 0x29, 0xBB, 0xAF, 0xBB, 0xA7, 0xA7, 0x7B,
    0x46, 0x70, 0x6F, 0x7D, 0xF7, 0xC7, 0x3E, 0x55, 0xAE, 0x3A, 0xBF, 0x5F, 0x95, 0x2D, 0xEC, 0xE2,
    0x6D, 0xFC, 0x3B, 0xC7, 0x5B, 0xFC, 0xCB, 0x16, 0x59, 0x93, 0x35, 0xB6, 0x18, 0x6D, 0x5E, 0x5A,
    0x41, 0xBB, 0x34, 0x53, 0xFB, 0x42, 0x9B, 0x98, 0xBC, 0x17, 0x1B, 0x74, 0x12, 0x03, 0xE9, 0xAA,
    0x93, 0x24, 0x6C, 0x33, 0xE7, 0x0E, 0x33, 0xA4, 0x8C, 0x6A, 0x19, 0x80, 0xDE, 0x14, 0x41, 0x67,
    0xF2, 0xA0, 0xB3, 0xB2, 0xBC, 0x1F, 0x36, 0x89, 0xAC, 0xEB, 0x33, 0x89, 0xEA, 0x8D, 0x98, 0x62,
    0xC0, 0x78, 0xC5, 0x11, 0xFB, 0xB7, 0xB2, 0x76, 0xAE, 0x30, 0xCE, 0xE5, 0x71, 0x73, 0x22, 0x19,
    0xE6, 0x43, 0xC4, 0x35, 0xE6, 0xF5, 0x56, 0x24, 0x72, 0xAD, 0x04, 0xEE, 0x06, 0x7F, 0x1C, 0x85,
    0x71, 0xD5, 0xB4, 0x22, 0x6B, 0xC5, 0xA7, 0x62, 0x1B, 0x8C, 0x5F, 0x03, 0x72, 0xE2, 0xAE, 0xEF,
    0x8E, 0x0B, 0x44, 0xAD, 0x24, 0xF1, 0x28, 0x97, 0x49, 0x22, 0xDD, 0xE6, 0x93, 0xB0, 0x79, 0x61,
    0xD7, 0xF5, 0x0B, 0x6B, 0x64, 0xF3, 0xC9, 0x73, 0x49, 0x92, 0x8D, 0xC4, 0x63, 0x2F, 0xD1, 0xDF,
    0x31, 0x54, 0xF8, 0x75, 0x27, 0xE6, 0xD7, 0xA3, 0xD8, 0x24, 0x95, 0xB3, 0x33, 0xAC, 0xFF, 0xCC,
    0x04, 0xDD, 0x99, 0x09, 0x9B, 0x33, 0x1B, 0x15, 0x49, 0x6A, 0xC4, 0x8E, 0x58, 0x41, 0x27, 0x55,
    0x81, 0xB9, 0x42, 0xD4, 0x0D, 0x62, 0xBF, 0x1A, 0x25, 0x96, 0x52, 0x20, 0x2C, 0xE6, 0xF7, 0x9D,
    0x44, 0x6F, 0x1A, 0x09, 0x1D, 0x66, 0x35, 0x86, 0x8D, 0x75, 0x61, 0x9D, 0xDA, 0xBF, 0xD6, 0x9B,
    0xB5, 0x2B, 0xC6, 0xC0, 0xE5, 0xA3, 0xEC, 0x05, 0xC8, 0xAB, 0x5F, 0x72, 0xAE, 0xDF, 0xB5, 0xD6,
    0xBD, 0xEE, 0x4E, 0x0E, 0x41, 0x9F, 0xF2, 0x95, 0x24, 0xC9, 0x4F, 0x25, 0xC0, 0x64, 0x1B, 0xAE,
    0x79, 0x2F, 0x90, 0x0C, 0x7B, 0x2E, 0xD0, 0xD4, 0x5C, 0x43, 0xAC, 0xEA, 0x48, 0x45, 0x12, 0x6D,
    0x5B, 0xFD, 0x4C, 0xB5, 0xE1, 0x7A, 0xAC, 0xEB, 0x84, 0x24, 0xE4, 0xD1, 0x0B, 0x7D, 0x39, 0x02,
    0xC6, 0xC1, 0x68, 0x41, 0xF1, 0x3D, 0x2F, 0x83, 0x7F, 0x9D, 0xAC, 0x06, 0xBD, 0xCB, 0xFF, 0xB9,
    0xEA, 0x06, 0x7D, 0x30, 0x63, 0xB4, 0xF6, 0x6E, 0x6B, 0x78, 0x3D, 0xF2, 0xCF, 0xCE, 0x29, 0x3F,
    0xB2, 0x2F, 0x46, 0xC0, 0x38, 0xF8, 0x87, 0x31, 0x97, 0x2A, 0x7E, 0x66, 0x3E, 0xAB, 0xE3, 0x37,
    0x31, 0x4D, 0xD0, 0x9C, 0x54, 0x6F, 0x73, 0xB5, 0xDB, 0x55, 0x2F, 0xAB, 0xFE, 0x06, 0x0A, 0xC3,
    0x5C, 0xEA, 0x1F, 0x7B, 0x1F, 0x33, 0xF9, 0x83, 0xD8, 0x3B, 0xD7, 0x11, 0xEF, 0xBB, 0x1F, 0x0C,
    0xE1, 0x4D, 0x78, 0x58, 0xDD, 0x48, 0xB9, 0xEE, 0xB3, 0xE6, 0x39, 0xE4, 0xF9, 0x86, 0xC3, 0xB6,
    0x59, 0x6B, 0x0B, 0x55, 0x00, 0x55, 0x41, 0xBD, 0xC0, 0x18, 0x22, 0x58, 0x65, 0x00, 0x3D, 0xC0,
    0x47, 0x25, 0x04, 0xB0, 0x14, 0xAE, 0x85, 0x1A, 0x12, 0x9B, 0x7B, 0xF1, 0x6C, 0x21, 0x0E, 0x8D,
    0x04, 0xC3, 0x42, 0xBC, 0x3D, 0x8A, 0x9B, 0xE2, 0x28, 0x9E, 0x4E, 0xE2, 0x72, 0xDE, 0xCA, 0x0A,
    0xCE, 0x18, 0xC1, 0xE1, 0x4C, 0xBB, 0x2F, 0xE2, 0xC2, 0xD4, 0x19, 0x1E, 0x92, 0x42, 0x73, 0x5B,
    0xF3, 0x8B, 0x6E, 0x6B, 0x5F, 0x77, 0xDB, 0x18, 0xE0, 0x6F, 0x8C, 0x48, 0xF0, 0x1E, 0x65, 0x28,
    0xCB, 0x3E, 0xEC, 0xCB, 0x31, 0x38, 0x96, 0x3E, 0x24, 0x2B, 0xE0, 0xE0, 0x85, 0xFA, 0xF7, 0xFE,
    0x0F, 0x85, 0xFC, 0xFC, 0x9E, 0x13, 0x3F, 0x85, 0x98, 0x81, 0x33, 0x41, 0xAA, 0x16, 0x73, 0xBB,
    0x61, 0xF0, 0xC1, 0x78, 0x7B, 0x38, 0x80, 0x5D, 0xAC, 0xC6, 0x4C, 0x2B, 0xB9, 0xF4, 0x0B, 0xE6,
    0x42, 0x53, 0xAF, 0x32, 0xFE, 0x5D, 0xD7, 0x5E, 0xE9, 0xD6, 0xB9, 0x36, 0x9E, 0x10, 0x60, 0x3C,
    0x8B, 0xF1, 0x70, 0x4D, 0xBE, 0x0F, 0x07, 0x66, 0xAA, 0xF0, 0x63, 0x51, 0x99, 0x15, 0x9C, 0x0D,
    0x9D, 0xF7, 0xD0, 0xF7, 0x1E, 0x9E, 0xEF, 0x83, 0xB3, 0x99, 0x83, 0x13, 0x0F, 0x68, 0x3E, 0x95,
    0x73, 0x7A, 0x46, 0x91, 0x21, 0x47, 0x9C, 0x20, 0x90, 0xBD, 0x36, 0x21, 0xCB, 0x48, 0x31, 0x40,
    0x0C, 0x0D, 0x6F, 0x81, 0x3E, 0x86, 0x96, 0x62, 0x4C, 0x29, 0xC6, 0x1C, 0x62, 0x4C, 0x2B, 0x16,
    0x84, 0xA7, 0x38, 0xE7, 0xFA, 0x19, 0xDE, 0x1A, 0x77, 0x61, 0x68, 0x87, 0x19, 0xC5, 0xC2, 0x71,
    0x98, 0xD4, 0xFE, 0xC3, 0xB5, 0xC0, 0x6D, 0x1D, 0x8C, 0xFC, 0x43, 0x9D, 0x9F, 0xF8, 0x79, 0xEB,
    0xFC, 0x69, 0xDD, 0xFC, 0xF3, 0xC0, 0x49, 0x85, 0xF5, 0x55, 0x18, 0xFE, 0x94, 0xF9, 0x45, 0xCE,
    0x73, 0x28, 0x10, 0x86, 0x70, 0x45, 0xE0, 0x2E, 0x34, 0xA4, 0x6E, 0x5D, 0xE7, 0xBC, 0x57, 0xBD,
    0x6A, 0xC2, 0xC9, 0x2D, 0x6C, 0xBE, 0x6E, 0x53, 0x6F, 0xDF, 0x2E, 0xE3, 0xEC, 0xF3, 0xA8, 0xB1,
    0x4D, 0x5C, 0xC3, 0xBE, 0x45, 0x88, 0xF5, 0xCA, 0xF9, 0x35, 0xE7, 0x5F, 0xCF, 0xF0, 0xCF, 0xCC,
    0x26, 0xA7, 0xEB, 0x8F, 0xFE, 0x39, 0x3F, 0x20, 0x5B, 0xB8, 0xF2, 0xB8, 0x70, 0xE5, 0x85, 0x3B,
    0xCB, 0xFE, 0x1A, 0xAA, 0xD3, 0xF5, 0x16, 0x7C, 0x56, 0x06, 0x1D, 0xC3, 0xB7, 0xF8, 0x5D, 0xC7,
    0xB5, 0xCD, 0xCD, 0xE1, 0x0A, 0xF7, 0x11, 0xB0, 0x90, 0x89, 0xBE, 0xA9, 0xA8, 0x4D, 0xF5, 0xCD,
    0x04, 0xBD, 0x77, 0xF4, 0x43, 0xF6, 0xC2, 0x5C, 0xE8, 0x83, 0x41, 0x45, 0xBB, 0x21, 0xE0, 0xB1,
    0x7E, 0xEA, 0x2F, 0x6E, 0xF6, 0x18, 0xC7, 0xD4, 0x58, 0x57, 0x03, 0xBF, 0x6D, 0x55, 0x9E, 0x68,
    0x4E, 0x5B, 0xFA, 0x04, 0x92, 0x74, 0x23, 0xD5, 0x3F, 0x27, 0x7F, 0x8A, 0xBD, 0xFD, 0x4F, 0x91,
    0x33, 0xA1, 0x3B, 0x03, 0x95, 0x99, 0x6B, 0x2D, 0x24, 0x53, 0x5C, 0x2E, 0x5F, 0xF3, 0xD5, 0x75,
    0x6B, 0x06, 0x33, 0xD0, 0x33, 0x96, 0xAF, 0xE9, 0xEA, 0x10, 0xF4, 0xA7, 0xAD, 0x2B, 0x2E, 0x79,
    0xE9, 0x25, 0xFA, 0x20, 0x63, 0xC1, 0x00, 0xE7, 0x03, 0x12, 0x6E, 0xCE, 0x65, 0xAB, 0xF7, 0xF1,
    0x9B, 0xFF, 0x79, 0x5D, 0xEF, 0x53, 0x0E, 0xF2, 0xB7, 0x59, 0xE4, 0xDE, 0x6B, 0xBE, 0xCE, 0x1C,
    0x94, 0x51, 0x1A, 0x61, 0xC7, 0x18, 0x91, 0xE8, 0xC0, 0xD1, 0x18, 0x04, 0x9D, 0x7E, 0x47, 0x3E,
    0x76, 0x78, 0x9F, 0x72, 0x94, 0x3F, 0x3D, 0xC0, 0x7C, 0x4D, 0xE5, 0xBA, 0xCF, 0xD7, 0x4C, 0x67,
    0xB4, 0x05, 0xCC, 0x80, 0x28, 0x81, 0xAD, 0xB6, 0xFC, 0x07, 0x83, 0x84, 0x8B, 0xB5, 0xE0, 0x66,
    0x34, 0xB0, 0xD1, 0x58, 0x16, 0xF3, 0x43, 0x3C, 0xC2, 0x56, 0x8D, 0xE9, 0xA3, 0xCE, 0xD6, 0x61,
    0x17, 0xE7, 0x41, 0x0F, 0x13, 0xF7, 0x89, 0x54, 0xFD, 0x36, 0x72, 0x7D, 0x09, 0xC5, 0x95, 0x71,
    0xD1, 0x97, 0x99, 0x78, 0xF0, 0x37, 0xAE, 0xF1, 0x5E, 0x86, 0xC0, 0xA3, 0x3B, 0xD8, 0xB9, 0xDC,
    0x61, 0x5E, 0x81, 0x53, 0xBF, 0xAC, 0x55, 0x01, 0x9C, 0xB6, 0x98, 0x81, 0x22, 0x74, 0x95, 0x98,
    0x3E, 0x93, 0xD0, 0x79, 0x36, 0x0C, 0x8C, 0x4B, 0xBA, 0x13, 0x6A, 0xB1, 0xA0, 0x18, 0xD7, 0x98,
    0x0F, 0x22, 0x3D, 0x6C, 0x31, 0xD7, 0x75, 0x83, 0x39, 0x47, 0xF5, 0x8A, 0x15, 0x4C, 0xAD, 0xC6,
    0x3A, 0xE6, 0xE0, 0x2F, 0x19, 0xD3, 0x1B, 0x3E, 0x76, 0x78, 0xE3, 0xBB, 0xE4, 0x47, 0x0C, 0xF5,
    0x66, 0x53, 0x2E, 0x49, 0x65, 0x5F, 0x24, 0xB0, 0xFB, 0x04, 0xFC, 0xDE, 0xE3, 0x3A, 0xFA, 0x61,
    0x00, 0xDC, 0xCF, 0x13, 0xC4, 0x39, 0x0A, 0xA4, 0xFA, 0x99, 0x07, 0x63, 0xE3, 0x7C, 0x2A, 0xCE,
    0x07, 0x8C, 0x75, 0xED, 0x75, 0x5E, 0xB9, 0x16, 0x3A, 0x69, 0xA3, 0x21, 0xB8, 0xB0, 0x8D, 0xF7,
    0x22, 0xAE, 0x73, 0x37, 0xB9, 0xFD, 0x12, 0xBB, 0x29, 0x5B, 0x64, 0xCC, 0x3A, 0x0C, 0x93, 0x21,
    0x78, 0x19, 0xD2, 0xC6, 0xC4, 0xE9, 0x21, 0x8F, 0x31, 0x9C, 0x7F, 0xFE, 0x41, 0xD2, 0x80, 0x73,
    0xB0, 0x98, 0x43, 0xD4, 0x1C, 0xE7, 0xB0, 0xBA, 0x87, 0xF9, 0x3A, 0x65, 0x6C, 0x9D, 0x06, 0x95,
    0xE6, 0x25, 0x8E, 0xC1, 0xB1, 0x1C, 0xD6, 0x3A, 0x63, 0xF0, 0xE1, 0x77, 0x07, 0xD4, 0xD8, 0x8C,
    0x87, 0xEE, 0x7B, 0x19, 0xB7, 0xC0, 0xC1, 0xB7, 0x41, 0xEF, 0xDD, 0x36, 0x28, 0xDD, 0xB7, 0x7B,
    0xD7, 0x97, 0xED, 0x9E, 0xAE, 0x0A, 0xD5, 0x55, 0xF1, 0x90, 0xAE, 0x56, 0x1D, 0xB1, 0x03, 0x32,
    0x22, 0x5F, 0x75, 0xB6, 0x59, 0x75, 0x66, 0x08, 0xBB, 0xA3, 0xAE, 0xDC, 0x45, 0x89, 0x7B, 0x8F,
    0xA1, 0x82, 0xDC, 0x8C, 0xA7, 0x64, 0x89, 0x8C, 0xBC, 0xEE, 0xA0, 0x9A, 0x97, 0x0F, 0x6C, 0xB7,
    0x5D, 0x30, 0xAF, 0x7A, 0xC6, 0x54, 0x9B, 0x3E, 0x18, 0x3F, 0x80, 0x16, 0x9E, 0xE7, 0x55, 0x4E,
    0x9F, 0xB4, 0x9A, 0xE7, 0x2E, 0x90, 0x2A, 0x4D, 0x0D, 0x2A, 0x06, 0x92, 0xF5, 0x4A, 0xC6, 0x60,
    0x94, 0x11, 0x3E, 0x3E, 0xA2, 0x0C, 0x8D, 0x70, 0x9C, 0xF1, 0x95, 0x08, 0xF5, 0xCF, 0xCC, 0xC0,
    0x32, 0x30, 0xA2, 0x0C, 0x8C, 0x60, 0x28, 0x23, 0xE2, 0x67, 0x04, 0xAB, 0x19, 0xE5, 0x46, 0xE8,
    0xFD, 0xC8, 0x62, 0x18, 0xC3, 0x34, 0xA0, 0x5E, 0xDD, 0xFB, 0x6C, 0xFB, 0x31, 0x58, 0xFA, 0x81,
    0x65, 0x6E, 0x46, 0xED, 0x47, 0x7E, 0x06, 0xC9, 0x8E, 0x9B, 0xB4, 0x4D, 0xDB, 0xB3, 0xEE, 0x77,
    0xED, 0x59, 0xFF, 0xE7, 0xF6, 0xEC, 0xC5, 0xB7, 0xDD, 0x26, 0xF9, 0x5B, 0xB7, 0xC9, 0xBE, 0xE9,
    0x36, 0xF6, 0xAB, 0xAE, 0x04, 0x93, 0x2C, 0x11, 0xB5, 0x4B, 0x8C, 0xC8, 0x35, 0x98, 0x7A, 0x3F,
    0x4C, 0xD0, 0x9C, 0x9C, 0x03, 0x35, 0x80, 0xA8, 0xCE, 0x3A, 0xE4, 0xF7, 0x01, 0xD8, 0x00, 0x29,
    0x60, 0x01, 0xF3, 0x65, 0x9B, 0xAC, 0x5F, 0xB7, 0x49, 0xF8, 0x8F, 0x36, 0x09, 0xFE, 0x85, 0xB8,
    0xFC, 0x0E, 0xA8, 0x80, 0x0C, 0x88, 0x01, 0x03, 0x44, 0x2D, 0xE3, 0x74, 0xCA, 0x55, 0x85, 0xFA,
    0x1A, 0x72, 0x95, 0xA9, 0x57, 0x03, 0xF2, 0xC7, 0x88, 0x44, 0x82, 0xB4, 0x24, 0xDB, 0x09, 0xE9,
    0x04, 0xFD, 0xCF, 0x7B, 0x94, 0xA1, 0x2C, 0xFB, 0xB0, 0x2F, 0xC7, 0xE0, 0x58, 0xE7, 0xB0, 0x49,
    0x85, 0x98, 0x82, 0x2F, 0x21, 0x91, 0xEC, 0x73, 0x50, 0xE4, 0xBA, 0x84, 0x8D, 0x8E, 0xB0, 0x45,
    0x29, 0x55, 0xCE, 0xFB, 0x5E, 0xEE, 0x42, 0xB9, 0xD5, 0xFB, 0xF0, 0x91, 0xF3, 0xDB, 0x4D, 0xFF,
    0xCB, 0x78, 0x9A, 0x9F, 0x99, 0xE6, 0xA7, 0xF9, 0x33, 0x7E, 0xEB, 0x0B, 0xE9, 0x8A, 0xF9, 0x1F,
    0x0F, 0x97, 0x18, 0x45, 0x30, 0xF8, 0x93, 0xCF, 0x75, 0xE3, 0x6D, 0xAE, 0x4B, 0xB5, 0x0E, 0x46,
    0x0B, 0xF0, 0xFF, 0xBE, 0xF0, 0xF5, 0x9F, 0x72, 0xDC, 0x07, 0xF5, 0x90, 0x1D, 0x01, 0xBE, 0xE3,
    0x3C, 0x9D, 0x6A, 0x27, 0xF9, 0x80, 0x9C, 0xBF, 0x65, 0x9D, 0x2E, 0x7C, 0x9D, 0x5E, 0x1F, 0x19,
    0x0B, 0x73, 0x19, 0xCB, 0x0F, 0x52, 0xF8, 0x4A, 0x1F, 0xEF, 0x98, 0xD8, 0x6B, 0x9F, 0xE1, 0x58,
    0x19, 0xC3, 0x77, 0x36, 0x36, 0x2B, 0xE4, 0xCE, 0x65, 0x7C, 0xCA, 0x47, 0xF2, 0xC3, 0x87, 0x30,
    0x73, 0xD3, 0x8F, 0xC5, 0x4E, 0xB9, 0x4E, 0xD4, 0xD2, 0x8F, 0x51, 0x38, 0x6A, 0x70, 0x02, 0xD4,
    0xD3, 0x6B, 0xE6, 0xA2, 0xCC, 0xEF, 0x48, 0xB4, 0x88, 0xD0, 0x34, 0x2C, 0x93, 0x23, 0x9F, 0x35,
    0x40, 0x2F, 0xA8, 0x96, 0x11, 0xD2, 0x12, 0xAB, 0x10, 0x3E, 0x3A, 0xB0, 0x1E, 0x2D, 0x4A, 0x41,
    0xCF, 0xB0, 0x1E, 0x39, 0xA9, 0x92, 0xEA, 0xD9, 0x6A, 0xBE, 0x4F, 0xA8, 0xA8, 0x72, 0x2E, 0x6D,
    0xA6, 0x17, 0x5F, 0xA5, 0x67, 0xFF, 0xF7, 0xF1, 0xA0, 0xB8, 0x1B, 0x2B, 0x88, 0x1D, 0xC6, 0x90,
    0xC6, 0x12, 0x63, 0xEA, 0xF2, 0x5B, 0xC4, 0xD9, 0xBF, 0x35, 0xD6, 0x10, 0x73, 0x4D, 0x56, 0x63,
    0x93, 0x5B, 0x5B, 0x1F, 0x8B, 0x8C, 0x49, 0xF5, 0x8F, 0x00, 0x7C, 0x04, 0xB9, 0xB2, 0x8B, 0x9A,
    0x60, 0xC0, 0x64, 0xAE, 0x30, 0x83, 0x0C, 0x19, 0x16, 0xBB, 0x46, 0x7D, 0xF2, 0x9A, 0x14, 0xA1,
    0xF7, 0x53, 0xC9, 0x90, 0x4C, 0x78, 0x7F, 0x64, 0x35, 0x8F, 0x1A, 0xF6, 0x83, 0x7F, 0xF5, 0x60,
    0x3B, 0x23, 0xAE, 0x5E, 0xED, 0xA6, 0xE5, 0x5F, 0xD1, 0xCA, 0x4C, 0x4A, 0xD8, 0x58, 0x44, 0x8D,
    0x5F, 0x2F, 0x76, 0x0D, 0x83, 0x2E, 0x95, 0x85, 0x79, 0xA7, 0xAB, 0xBC, 0x9A, 0x17, 0xA8, 0xA5,
    0x5C, 0x89, 0xC4, 0xD3, 0x1F, 0xE0, 0x6E, 0xDD, 0x84, 0xF6, 0xC8, 0xC3, 0x76, 0x9E, 0x30, 0xAE,
    0x16, 0x7C, 0x72, 0xDE, 0xE3, 0x0C, 0x77, 0x69, 0xA6, 0xEE, 0x67, 0xD0, 0x7F, 0x06, 0x68, 0x2E,
    0xDA, 0x56, 0x65, 0xFF, 0xF7, 0xE6, 0x47, 0x2B, 0x27, 0x1A, 0x9B, 0x4D, 0x3E, 0xAF, 0x2E, 0x57,
    0xFB, 0xED, 0x06, 0xE7, 0xA1, 0xE1, 0xD7, 0x79, 0x6E, 0xAB, 0x3C, 0xB7, 0x9C, 0xE6, 0x3A, 0x77,
    0x50, 0x8A, 0xBE, 0xEC, 0xD0, 0x2E, 0x3A, 0x0C, 0x8B, 0x0E, 0xA9, 0x76, 0xC8, 0x18, 0x26, 0xB5,
    0xEE, 0x96, 0xFF, 0x0F, 0x6D, 0x1A, 0x8D, 0xC4, 0x2B, 0x6B, 0x3C, 0x45, 0xBC, 0x21, 0xFD, 0x43,
    0x65, 0x68, 0x53, 0xDD, 0x9F, 0xD8, 0x69, 0xCF, 0xC7, 0x78, 0x78, 0x86, 0x4D, 0x76, 0xE5, 0x34,
    0x91, 0xE1, 0xE3, 0x19, 0x66, 0x45, 0x06, 0x8D, 0x09, 0xD7, 0x01, 0xA2, 0x82, 0xD1, 0xC1, 0xA3,
    0x8D, 0x55, 0x1E, 0xCF, 0xCB, 0xC1, 0x75, 0xD7, 0x80, 0x7D, 0x37, 0xF1, 0x85, 0x32, 0x77, 0x8F,
    0x22, 0x22, 0x2B, 0x6F, 0x90, 0x2D, 0x9A, 0xA0, 0x3A, 0x14, 0xBF, 0x79, 0x24, 0x1B, 0x12, 0x57,
    0xD5, 0x9C, 0x61, 0x0F, 0xCC, 0xA3, 0xB9, 0xCF, 0xA8, 0x73, 0x76, 0x8D, 0x26, 0xF0, 0x77, 0x5C,
    0x94, 0x41, 0xE5, 0xE5, 0x20, 0xFF, 0x13, 0xEE, 0x70, 0xC0, 0x9C, 0x02, 0x66, 0x52, 0x3C, 0xCB,
    0xF6, 0x41, 0x91, 0xDD, 0x63, 0x15, 0xB7, 0xAC, 0x8B, 0x7B, 0xA4, 0x5E, 0x5E, 0x42, 0xAE, 0x5D,
    0x79, 0x16, 0x81, 0x2B, 0x27, 0xD3, 0x3A, 0xDE, 0x03, 0xEC, 0x0E, 0xB0, 0xDE, 0xDA, 0x30, 0x73,
    0xF9, 0xDD, 0x49, 0xBD, 0x05, 0xAE, 0x6E, 0xE7, 0x14, 0xD5, 0x3B, 0x40, 0x77, 0x2B, 0x4D, 0xA4,
    0x72, 0xCA, 0x02, 0xCE, 0x91, 0x8D, 0xB1, 0xBB, 0x9A, 0x76, 0x36, 0xB8, 0x87, 0xEC, 0xC7, 0x1D,
    0x35, 0x34, 0x7C, 0x64, 0x25, 0x0B, 0x27, 0x69, 0x83, 0x62, 0xD1, 0x17, 0x6A, 0x55, 0x2A, 0xD8,
    0x91, 0x31, 0xC9, 0x4D, 0x70, 0x31, 0x1F, 0x00, 0xCC, 0x58, 0x56, 0xE3, 0xE5, 0xF5, 0x0F, 0x81,
    0xEC, 0x0F, 0xF9, 0x71, 0x4D, 0x51, 0xBD, 0xBF, 0xB7, 0x1E, 0xFE, 0xE6, 0xB5, 0xAC, 0xB1, 0xB5,
    0xF5, 0x3B, 0xAB, 0xDA, 0xEF, 0x92, 0xFC, 0x39, 0xC2, 0x8F, 0x50, 0x35, 0x62, 0xAD, 0x1A, 0x3C,
    0x35, 0xB8, 0x90, 0xA7, 0x6C, 0xFB, 0xEA, 0xB6, 0x7A, 0xDE, 0x20, 0x93, 0x38, 0xA5, 0xE5, 0xA5,
    0x1E, 0x34, 0xE9, 0x61, 0x53, 0xFE, 0x18, 0x54, 0x41, 0x6E, 0xC2, 0xF6, 0xB8, 0x33, 0xC9, 0xDC,
    0x11, 0xB7, 0xE7, 0x6B, 0x0F, 0x41, 0x4B, 0x54, 0xFD, 0x2B, 0x50, 0xAB, 0x16, 0x86, 0xE0, 0x0E,
    0xAC, 0xD0, 0x83, 0xA8, 0x8E, 0x6D, 0xDE, 0xB7, 0x19, 0x37, 0xF8, 0xF6, 0x7E, 0xFA, 0xBA, 0x68,
    0xC1, 0xF0, 0xB3, 0x75, 0xBF, 0xA7, 0x0D, 0x1B, 0x6C, 0xA8, 0x9E, 0x5A, 0xBD, 0xF7, 0xE4, 0xBD,
    0x94, 0xAB, 0x51, 0x4A, 0x24, 0xC6, 0x12, 0x6E, 0x58, 0xC2, 0xC0, 0xDC, 0xAA, 0x12, 0xFC, 0x5D,
    0x22, 0x98, 0x4A, 0xE4, 0xE5, 0x12, 0x5C, 0x4F, 0x65, 0xE9, 0xE5, 0xE0, 0x6E, 0x1F, 0xBC, 0xCA,
    0xEC, 0x43, 0xB4, 0x50, 0x78, 0x2D, 0x44, 0xD0, 0x42, 0xE0, 0x8A, 0xB8, 0x57, 0xBE, 0xD2, 0xA8,
    0x27, 0xDA, 0x2F, 0x51, 0x6B, 0x3E, 0xEB, 0x4B, 0x53, 0xDC, 0x05, 0x6A, 0xD3, 0x43, 0x38, 0x5D,
    0x5A, 0x34, 0x58, 0x5A, 0xD4, 0x3E, 0x6D, 0x51, 0xDD, 0x9F, 0x1F, 0x74, 0xBF, 0x1F, 0xFB, 0x88,
    0xD2, 0xA8, 0x58, 0x72, 0xF1, 0xED, 0x54, 0x93, 0x79, 0xDF, 0xCC, 0x67, 0x0F, 0xE8, 0xC7, 0x68,
    0x9F, 0xB3, 0x04, 0xB3, 0xC0, 0xA4, 0xA7, 0x7B, 0x19, 0xC2, 0xF3, 0xB1, 0x57, 0x39, 0xD7, 0xE7,
    0xB3, 0x04, 0xB3, 0xCB, 0x83, 0x3C, 0x0C, 0x51, 0x1A, 0x4E, 0x91, 0xC0, 0xE8, 0xCD, 0xA6, 0x68,
    0x5E, 0x46, 0xC2, 0x76, 0x8A, 0x6E, 0x46, 0x83, 0xF1, 0xFC, 0x00, 0xD1, 0xF0, 0xE6, 0xC1, 0x6C,
    0x71, 0xE2, 0x86, 0xBD, 0x1B, 0xD1, 0x76, 0xB9, 0x6C, 0xE4, 0x89, 0x46, 0x12, 0x64, 0x75, 0x33,
    0x7A, 0x83, 0x14, 0xF5, 0x4C, 0xBD, 0x7B, 0x7F, 0xC1, 0x82, 0x98, 0x23, 0xC5, 0xF2, 0x20, 0x83,
    0x3B, 0xE4, 0x4A, 0x29, 0xD6, 0x17, 0x70, 0x0A, 0x4F, 0x2E, 0x47, 0xEE, 0x7D, 0x24, 0xF8, 0xE3,
    0xBB, 0x61, 0x8D, 0x54, 0x90, 0xCF, 0x78, 0x34, 0x05, 0x30, 0x95, 0x8C, 0x41, 0xAE, 0xE4, 0xB6,
    0xC2, 0x62, 0xE0, 0xC4, 0x3C, 0xF7, 0x7D, 0x0C, 0x73, 0xB8, 0xBE, 0x02, 0x10, 0xFC, 0x4A, 0x2A,
    0x8D, 0x12, 0xB9, 0xB7, 0xA2, 0xE4, 0x39, 0x57, 0xCA, 0x33, 0x90, 0x16, 0x91, 0x20, 0x70, 0x6B,
    0x0E, 0x42, 0x51, 0x2B, 0x1B, 0x22, 0x43, 0x20, 0x17, 0x4A, 0x53, 0x4F, 0x82, 0x48, 0x7E, 0x8D,
    0x3F, 0x99, 0x84, 0x1A, 0x62, 0x9E, 0xFD, 0x26, 0xFE, 0xAE, 0x72, 0xFD, 0x38, 0xEC, 0xCE, 0xE2,
    0x08, 0xBC, 0xC7, 0x0C, 0x1B, 0x63, 0xCB, 0x4B, 0xB3, 0x4B, 0x7A, 0x53, 0x3E, 0xEF, 0xA3, 0xD1,
    0x76, 0xEB, 0xDE, 0x74, 0x6B, 0x70, 0x8F, 0xB0, 0x09, 0x1B, 0x90, 0x94, 0x41, 0x9F, 0x45, 0xDA,
    0xC5, 0x67, 0xEC, 0xD2, 0x89, 0xE4, 0x4C, 0x67, 0x20, 0x7C, 0x0E, 0x47, 0xC5, 0x3D, 0x52, 0x33,
    0x9E, 0x14, 0x90, 0xC1, 0x60, 0x26, 0x37, 0x9E, 0xF4, 0xF1, 0x00, 0x63, 0xDD, 0xDA, 0x02, 0x69,
    0x1B, 0xEF, 0xA8, 0x31, 0x45, 0xD8, 0xDA, 0x1C, 0x57, 0x51, 0x97, 0xD9, 0x8F, 0x14, 0x80, 0xE7,
    0x06, 0x24, 0xB5, 0xDD, 0x74, 0x6A, 0x31, 0xB1, 0x8E, 0x3D, 0xFC, 0x98, 0x41, 0xCC, 0xC3, 0xE9,
    0x46, 0xE6, 0x43, 0x34, 0x85, 0x32, 0x00, 0x32, 0x02, 0x25, 0x2D, 0x39, 0xD9, 0x93, 0xEA, 0x7C,
    0xDD, 0x1E, 0x79, 0x8C, 0xB7, 0xA5, 0x07, 0x8C, 0xED, 0x23, 0x7C, 0x77, 0x3C, 0xC0, 0x7D, 0x07,
    0x8B, 0x9D, 0x18, 0x6D, 0xC8, 0x67, 0xEE, 0x27, 0xE2, 0x21, 0xFD, 0xE2, 0xFE, 0x43, 0x7D, 0xCB,
    0xB9, 0x06, 0xFA, 0x67, 0x0D, 0x8F, 0xBC, 0xAA, 0x56, 0xAA, 0x1B, 0x3D, 0x55, 0xB4, 0x4A, 0x5A,
    0x96, 0xCD, 0xF8, 0xA6, 0xA7, 0xFA, 0x2B, 0x9A, 0x9E, 0x3F, 0x78, 0x52, 0xAF, 0xD7, 0xEF, 0x09,
    0x5B, 0x0E, 0x82, 0xA1, 0x30, 0x20, 0xD6, 0xFD, 0xD2, 0x1E, 0x04, 0xE4, 0xEC, 0x2F, 0x30, 0xAA,
    0x6B, 0x2E, 0x43, 0x57, 0xFF, 0x16, 0x9E, 0xF4, 0x5F, 0xC5, 0x59, 0xCD, 0x8E, 0xDB, 0xC8, 0x11,
    0x2E, 0x92, 0x88, 0xE9, 0x6C, 0xEF, 0xA2, 0xAF, 0x06, 0x6C, 0x80, 0x3E, 0x4C, 0x80, 0x1C, 0x1C,
    0x31, 0x07, 0x23, 0x48, 0x80, 0x91, 0x9A, 0x76, 0x5E, 0x60, 0xEF, 0xB9, 0xF8, 0x92, 0x5B, 0x80,
    0xD9, 0x4B, 0x00, 0x1F, 0xA4, 0x51, 0x2F, 0x16, 0xC8, 0x35, 0xF3, 0x08, 0xCE, 0x1B, 0xF8, 0x30,
    0x87, 0x59, 0x80, 0x63, 0x12, 0xBB, 0x2F, 0xD0, 0x49, 0x8E, 0xB9, 0x74, 0x92, 0x45, 0x7C, 0x4C,
    0x03, 0x21, 0xB0, 0x34, 0xC0, 0x51, 0xE7, 0xAB, 0x26, 0x39, 0x92, 0xE6, 0xC7, 0x93, 0x44, 0xB2,
    0x43, 0xF1, 0xA3, 0x44, 0xB2, 0x59, 0x55, 0xEC, 0xAE, 0xFE, 0xAA, 0xBA, 0x74, 0x4C, 0xBE, 0xF0,
    0xC5, 0x31, 0xF5, 0xDB, 0x21, 0x4D, 0xF1, 0x99, 0x0D, 0x9F, 0xE3, 0x8D, 0x0F, 0xC5, 0x6E, 0x1B,
    0x0F, 0x57, 0x45, 0xEC, 0xBD, 0x11, 0xDE, 0xD7, 0x59, 0x13, 0xD5, 0x4A, 0x13, 0x29, 0x48, 0x60,
    0x49, 0x8B, 0x01, 0x33, 0xEA, 0xAF, 0x65, 0xB8, 0x27, 0x9A, 0xE8, 0x04, 0xED, 0x2D, 0xE5, 0xFE,
    0xE4, 0x9A, 0x2C, 0xE1, 0x0B, 0x52, 0xDE, 0x10, 0x64, 0x45, 0x17, 0x51, 0x1D, 0x37, 0xFD, 0xE5,
    0x64, 0x03, 0x95, 0x5F, 0x5D, 0x62, 0xF3, 0x7A, 0x62, 0x07, 0x78, 0xEF, 0x52, 0x00, 0xF6, 0xB8,
    0x1F, 0x13, 0xD5, 0xC7, 0x47, 0x6F, 0x5D, 0x0E, 0xFB, 0xA4, 0x5D, 0x16, 0xB2, 0x90, 0x3A, 0xA3,
    0xB4, 0x1E, 0xC1, 0xE7, 0xD2, 0x2C, 0x0B, 0xBE, 0xCF, 0xED, 0x42, 0x7B, 0x36, 0x15, 0xC6, 0x9E,
    0x93, 0xD4, 0xD4, 0x92, 0xA8, 0x61, 0x40, 0x62, 0x21, 0x39, 0x6E, 0x44, 0x4D, 0xD4, 0x65, 0x05,
    0xDE, 0x8D, 0x5F, 0x26, 0x2F, 0x71, 0x90, 0x2D, 0xE0, 0x7D, 0xB3, 0x71, 0x08, 0x56, 0x84, 0xC3,
    0xAD, 0x37, 0xDA, 0xF5, 0xD6, 0x77, 0xF7, 0xC6, 0x85, 0xA8, 0xFA, 0x8E, 0x52, 0x7F, 0x81, 0x47,
    0x2E, 0x28, 0xD7, 0x8F, 0x28, 0x67, 0x55, 0xD0, 0x99, 0xB5, 0xDC, 0x3D, 0x06, 0x68, 0x29, 0xFF,
    0xD5, 0x8A, 0xE6, 0x54, 0x51, 0x49, 0x59, 0x40, 0x55, 0xCC, 0x48, 0xBD, 0xEB, 0xF0, 0x8C, 0xA3,
    0x08, 0xF7, 0x29, 0xED, 0x86, 0x11, 0x98, 0xD1, 0x53, 0xBC, 0xC9, 0xD2, 0x77, 0xE8, 0xAF, 0x86,
    0x1E, 0x7A, 0x4D, 0x93, 0xC4, 0x28, 0x61, 0x71, 0xA4, 0x23, 0x8B, 0xCE, 0x5A, 0x91, 0x34, 0xB9,
    0x9E, 0xA0, 0x33, 0x0E, 0xB3, 0x3F, 0xDA, 0xD3, 0xA5, 0x71, 0xAF, 0x1B, 0x3A, 0x75, 0x6E, 0x40,
    0x43, 0xAF, 0x4F, 0x2B, 0xE3, 0xF8, 0xDE, 0x8C, 0x92, 0x1A, 0x6D, 0x8B, 0x04, 0x86, 0xD1, 0xD2,
    0x92, 0xC0, 0xA3, 0xBE, 0xA6, 0xD4, 0x50, 0x64, 0xEF, 0x79, 0x9B, 0x7B, 0x3B, 0x8D, 0x78, 0xC7,
    0x8F, 0xD4, 0x9B, 0xA8, 0x7E, 0x90, 0x98, 0x43, 0xA9, 0xDB, 0x2C, 0x76, 0xB3, 0xD4, 0x94, 0xB2,
    0xC6, 0x31, 0x8F, 0x1D, 0xAE, 0xE0, 0x7A, 0xA4, 0x1F, 0x54, 0x18, 0x1F, 0xC6, 0x75, 0x87, 0xDA,
    0xC6, 0xD2, 0xF3, 0xE7, 0x9A, 0xB1, 0xCB, 0x2F, 0xED, 0x69, 0xE5, 0xDC, 0xEB, 0xD3, 0xD3, 0x53,
    0xC7, 0xA8, 0x1C, 0x60, 0x70, 0x6A, 0xDD, 0xE1, 0xE9, 0x6F, 0xAF, 0x19, 0xEB, 0xE1, 0xDC, 0xBE,
    0x10, 0x0D, 0xA9, 0x0B, 0x2A, 0x33, 0x72, 0xA2, 0xC0, 0x8E, 0x1F, 0x38, 0xC5, 0x45, 0x92, 0xC5,
    0x8D, 0x58, 0xC2, 0x3E, 0xC6, 0x6D, 0xF7, 0xC7, 0x6D, 0x6C, 0x97, 0x35, 0x54, 0xAD, 0xE8, 0x29,
    0x86, 0x2C, 0x23, 0xFA, 0x09, 0xD1, 0x19, 0x8F, 0x36, 0xDA, 0x4D, 0xB9, 0x49, 0x81, 0x9D, 0x1B,
    0x5C, 0xD0, 0xD3, 0x09, 0xD1, 0x84, 0x04, 0x9C, 0x0B, 0xC6, 0xE5, 0x2C, 0xE9, 0x45, 0xC6, 0x0F,
    0x1E, 0xC1, 0x12, 0x9D, 0x38, 0x61, 0xB2, 0x62, 0x4A, 0x07, 0x18, 0xD9, 0xFC, 0x4E, 0x9C, 0x03,
    0x6F, 0x80, 0x4A, 0x03, 0xDE, 0x07, 0x9C, 0xFB, 0x77, 0xC4, 0xBE, 0x79, 0x15, 0x18, 0xFE, 0xEF,
    0x22, 0xEF, 0x3B, 0xE1, 0x6D, 0x99, 0x01, 0x18, 0xA8, 0x52, 0x5D, 0x01, 0x5F, 0x93, 0x40, 0x02,
    0xA0, 0xCF, 0x4B, 0x8A, 0xFF, 0x7B, 0x64, 0x5A, 0x59, 0x65, 0x33, 0x9D, 0x6A, 0x81, 0x39, 0x94,
    0x9A, 0xC4, 0x56, 0xA6, 0x2A, 0x22, 0xCC, 0x78, 0x4B, 0x95, 0xA5, 0x5F, 0x5B, 0x38, 0xCC, 0xD6,
    0x5E, 0x79, 0x8D, 0x3D, 0xAA, 0xB4, 0x40, 0x17, 0x16, 0x1D, 0x98, 0xE7, 0x90, 0x26, 0xD8, 0xF1,
    0x03, 0xA7, 0xB8, 0x18, 0x79, 0xFD, 0x28, 0xAA, 0x69, 0x16, 0x7A, 0xB3, 0xC1, 0x9C, 0x2C, 0xD1,
    0xB1, 0x33, 0xCC, 0xC8, 0x3C, 0x7C, 0xF3, 0xB9, 0x7C, 0xD6, 0x84, 0xFB, 0x8F, 0xE2, 0x9A, 0x62,
    0x83, 0x01, 0x30, 0x34, 0x5D, 0x1A, 0x3A, 0xFB, 0x99, 0x21, 0x17, 0x9B, 0xC4, 0xC4, 0x26, 0xAD,
    0x63, 0x23, 0x71, 0x6F, 0x02, 0xCC, 0xD1, 0x1B, 0xCC, 0x2D, 0xCC, 0x17, 0x75, 0x3F, 0x94, 0x59,
    0xDC, 0xD2, 0x61, 0xDA, 0xD2, 0x99, 0x7C, 0x19, 0xB9, 0x27, 0x2F, 0x13, 0xF3, 0xF3, 0x97, 0x42,
    0x57, 0x2B, 0x89, 0x81, 0xC1, 0xF0, 0xBD, 0x84, 0x99, 0x94, 0x59, 0x9A, 0x2B, 0x4B, 0xCD, 0x8F,
    0x6C, 0xEC, 0x22, 0x9B, 0xD4, 0x91, 0x15, 0x3A, 0xB2, 0x19, 0x5E, 0x61, 0x0A, 0x9C, 0x11, 0x45,
    0xCC, 0x43, 0x50, 0xCE, 0x44, 0x21, 0xA1, 0x62, 0x92, 0x36, 0x34, 0xCF, 0x2E, 0xA8, 0xB9, 0x3F,
    0x81, 0xAA, 0x27, 0x69, 0x4D, 0xA7, 0xB2, 0x48, 0x31, 0x54, 0x99, 0x3F, 0x04, 0xFF, 0xF1, 0x98,
    0xA0, 0x4F, 0x48, 0xB5, 0xF0, 0x90, 0x33, 0x9A, 0x4B, 0x47, 0x8D, 0x6C, 0xD1, 0x72, 0x8E, 0x96,
    0x87, 0xB2, 0x50, 0xED, 0x84, 0x94, 0x3D, 0xEC, 0x6D, 0x0D, 0xB2, 0x21, 0x57, 0xE8, 0xDE, 0xD6,
    0x69, 0x6F, 0x2B, 0x0D, 0xB6, 0xA6, 0x75, 0x6F, 0x2B, 0x5C, 0xEB, 0x25, 0x73, 0xAE, 0x0F, 0xFB,
    0x82, 0xD6, 0xDB, 0x34, 0xEC, 0x25, 0x45, 0x0D, 0xCF, 0x59, 0xD0, 0xD8, 0x2C, 0xB8, 0x45, 0x17,
    0xF6, 0xAA, 0xF8, 0x62, 0xE9, 0xC1, 0x93, 0xCD, 0x3D, 0x30, 0xF0, 0x3D, 0x6E, 0x1E, 0xDC, 0x9B,
    0x5F, 0x24, 0xB0, 0x2B, 0x28, 0x8A, 0x0F, 0x07, 0xB4, 0xB9, 0x09, 0x37, 0x30, 0x20, 0x65, 0xCC,
    0x37, 0x39, 0x6B, 0x9B, 0x32, 0xD7, 0xCF, 0x99, 0xB4, 0xCE, 0x98, 0x29, 0x1B, 0x90, 0x68, 0xE4,
    0x24, 0xC6, 0xC4, 0x41, 0x56, 0xE0, 0x51, 0x38, 0x84, 0xEB, 0x69, 0x75, 0xA4, 0xC6, 0x16, 0xFD,
    0x01, 0x86, 0x52, 0x6C, 0x8F, 0xA2, 0x3E, 0xCA, 0x28, 0xB6, 0x8D, 0x69, 0xF6, 0xF1, 0xA8, 0x9C,
    0x83, 0x01, 0x5B, 0x3E, 0x98, 0xF6, 0x43, 0xFA, 0xF8, 0xB6, 0xE8, 0x81, 0xBF, 0x49, 0xB2, 0x2D,
    0x93, 0x79, 0x90, 0xCC, 0x36, 0xDE, 0xFB, 0xE8, 0xB6, 0xE4, 0xBF, 0x84, 0x14, 0x50, 0x1A, 0xD1,
    0x1F, 0xCE, 0xE9, 0xDA, 0xF6, 0x31, 0x2C, 0x38, 0xE3, 0x61, 0xE8, 0x72, 0x3D, 0xFC, 0xFA, 0x3F,
    0x58, 0x90, 0xF2, 0x50, 0x3C, 0x7A, 0x82, 0xC3, 0x93, 0xCF, 0xF8, 0xF0, 0x64, 0x1C, 0x99, 0x5E,
    0x2F, 0x73, 0x1E, 0x38, 0x64, 0x53, 0x6F, 0x2B, 0x2F, 0xF5, 0x42, 0x65, 0x6C, 0xE1, 0x4E, 0x89,
    0x61, 0xBD, 0xAC, 0x52, 0x04, 0xA6, 0x5F, 0xEB, 0xE5, 0x89, 0x11, 0x12, 0x81, 0x19, 0xEB, 0x5D,
    0xAC, 0xF5, 0x72, 0x50, 0xE1, 0x10, 0x2D, 0x38, 0x4C, 0xA3, 0xF7, 0x33, 0xDC, 0x9B, 0x02, 0x87,
    0xC0, 0x1C, 0x68, 0x96, 0x2D, 0xB9, 0x65, 0x1B, 0x01, 0xB1, 0x5D, 0x6C, 0x37, 0xD7, 0x0B, 0xB8,
    0xEF, 0x02, 0xC2, 0x97, 0x3E, 0x07, 0x66, 0x00, 0x22, 0x69, 0x01, 0x0E, 0xB4, 0xC8, 0x5C, 0xAC,
    0x68, 0xA3, 0x13, 0x50, 0x57, 0x88, 0xF8, 0x57, 0xB3, 0xA8, 0x11, 0xC7, 0x43, 0x36, 0xA5, 0x8A,
    0x40, 0x73, 0x78, 0xDB, 0xE8, 0x15, 0x67, 0x3D, 0xC4, 0x40, 0x36, 0xC6, 0x94, 0xDA, 0xCF, 0x16,
    0xEE, 0x01, 0x38, 0xA9, 0xC4, 0x08, 0x48, 0x1B, 0xDC, 0x97, 0xE7, 0x72, 0xD4, 0x0E, 0x82, 0xD8,
    0x75, 0x3F, 0x59, 0x0F, 0x99, 0x87, 0x7D, 0x23, 0xDA, 0x61, 0xD2, 0x6D, 0x82, 0x7B, 0x66, 0xC4,
    0x4D, 0xF7, 0xFB, 0x36, 0xFE, 0x12, 0x14, 0xF3, 0x50, 0xE8, 0xFE, 0x65, 0xD0, 0x4D, 0x11, 0x9B,
    0x74, 0xF2, 0x01, 0xF5, 0x1D, 0xF4, 0xAF, 0x1B, 0xE1, 0x67, 0xF2, 0x97, 0x9A, 0xE4, 0x73, 0x4B,
    0x3F, 0x08, 0x73, 0xF6, 0xC3, 0xE8, 0x93, 0xCF, 0x1D, 0xE5, 0x5F, 0x35, 0xE1, 0x7B, 0x73, 0xDB,
    0xFB, 0x7B, 0x3D, 0x0E, 0x01, 0xE0, 0x3C, 0xE4, 0x0A, 0xEC, 0xB6, 0xC3, 0x6C, 0x53, 0x7E, 0xD5,
    0xEF, 0xEC, 0xA0, 0xFF, 0xD9, 0xBE, 0x7E, 0x04, 0x42, 0x10, 0x64, 0x90, 0x90, 0xCF, 0x02, 0xFF,
    0xBF, 0xA0, 0x3D, 0xC8, 0xBC, 0x1F, 0xAE, 0xF8, 0x22, 0x7E, 0x5B, 0x8B, 0x2F, 0x5D, 0x3C, 0x0A,
    0xDD, 0x45, 0xA6, 0xD0, 0x8D, 0xFC, 0xA6, 0xC5, 0xF1, 0xB2, 0x77, 0x77, 0x91, 0x96, 0x62, 0xD9,
    0x21, 0xF0, 0x24, 0xAF, 0x55, 0x44, 0x7D, 0x64, 0x45, 0x9D, 0x82, 0x07, 0xE2, 0x16, 0x9D, 0xDA,
    0x31, 0x90, 0xA1, 0x95, 0x23, 0x70, 0x5E, 0x8E, 0xD7, 0xFB, 0x36, 0xDC, 0x36, 0xB7, 0xE1, 0x59,
    0xC8, 0x40, 0xCA, 0x8B, 0x31, 0xF9, 0x2C, 0xCC, 0xEE, 0xF8, 0x77, 0xCD, 0x96, 0x07, 0x28, 0xB0,
    0x99, 0x2A, 0x80, 0x1A, 0x00, 0xAF, 0x29, 0x97, 0xD8, 0x69, 0x0B, 0xCC, 0x01, 0x64, 0x29, 0xD3,
    0x0C, 0x90, 0x5F, 0xD9, 0x69, 0xFA, 0xAD, 0x9D, 0x26, 0x7F, 0x47, 0xD6, 0xFC, 0x2F, 0xA4, 0x10,
    0xDF, 0x03, 0x15, 0xA0, 0x80, 0x1C, 0x90, 0x80, 0x00, 0x40, 0x73, 0xF1, 0x10, 0xF5, 0x84, 0xE9,
    0xD3, 0xE2, 0x30, 0xB3, 0x37, 0x82, 0x31, 0x2F, 0x0E, 0xBC, 0xD7, 0x81, 0x41, 0x1A, 0x01, 0x4E,
    0x8D, 0x5B, 0x30, 0x6C, 0x07, 0x7F, 0x29, 0xC1, 0x14, 0x8B, 0x01, 0xB3, 0x01, 0xE1, 0x9C, 0xEF,
    0x71, 0x1B, 0x6E, 0xCB, 0xCF, 0xF0, 0xB3, 0x2C, 0x23, 0xC8, 0x0A, 0x51, 0xB7, 0xEC, 0xA9, 0x22,
    0xAC, 0x64, 0x30, 0x8B, 0x36, 0x63, 0xDC, 0xDE, 0xF5, 0xE9, 0x41, 0x4F, 0xD3, 0x87, 0x55, 0x8E,
    0xAA, 0x9B, 0x41, 0x75, 0xDF, 0xFA, 0x38, 0x7A, 0x72, 0xF0, 0xBC, 0x1A, 0x3B, 0xF7, 0xAD, 0x87,
    0x23, 0x23, 0x87, 0xC8, 0xAB, 0x11, 0x72, 0xCF, 0x7A, 0x0E, 0xE8, 0x53, 0x10, 0xBA, 0x02, 0xD1,
    0x22, 0xCA, 0xFC, 0xB9, 0x81, 0x4F, 0x1A, 0x9E, 0x87, 0x01, 0xFC, 0x5B, 0xE2, 0x1A, 0xDF, 0xE3,
    0x36, 0xDC, 0x16, 0x1B, 0x32, 0xC0, 0x10, 0x31, 0x38, 0xEA, 0x38, 0xD1, 0xC8, 0x46, 0xD6, 0x79,
    0x97, 0xE9, 0x59, 0x89, 0x75, 0x05, 0xF4, 0xB5, 0x0B, 0x15, 0xB9, 0x63, 0x85, 0xEC, 0x7A, 0x96,
    0xD6, 0xC7, 0x0A, 0x61, 0x4B, 0x65, 0xB0, 0x63, 0x46, 0x25, 0x96, 0xBD, 0x1D, 0x92, 0xD4, 0x56,
    0x3A, 0xC1, 0xEB, 0x6C, 0x03, 0x68, 0xF9, 0xCF, 0x96, 0x52, 0x96, 0xFA, 0x60, 0x88, 0x2C, 0x1C,
    0x9E, 0x10, 0xD8, 0xFB, 0x64, 0xA9, 0xBE, 0x7C, 0x6D, 0xC4, 0x42, 0xF7, 0xBF, 0xE0, 0x18, 0x50,
    0x98, 0x0B, 0xCA, 0xE4, 0x06, 0xE9, 0x40, 0x9D, 0x32, 0x2B, 0x62, 0x9D, 0x1C, 0xFC, 0x86, 0xE7,
    0x43, 0x3A, 0xF8, 0xE8, 0x6C, 0xB0, 0xE1, 0x43, 0xE9, 0x1B, 0x23, 0x9A, 0x42, 0xFF, 0x7E, 0xED,
    0x90, 0x40, 0xC0, 0x57, 0xF5, 0x83, 0x0F, 0xA6, 0x2F, 0xC6, 0xEC, 0x4F, 0xDC, 0x9B, 0xF0, 0xBD,
    0xB9, 0xED, 0xBF, 0x1F, 0x43, 0x96, 0xCD, 0xA4, 0x12, 0x92, 0x83, 0x3E, 0xC7, 0xE5, 0xC8, 0xB9,
    0x9D, 0xD8, 0xAE, 0x6B, 0x23, 0x08, 0xE9, 0x1D, 0x46, 0x18, 0xAD, 0x05, 0xA7, 0x6C, 0x89, 0x63,
    0x92, 0x6A, 0xE5, 0x56, 0x81, 0x44, 0x9D, 0x8F, 0xD9, 0x5F, 0x48, 0x06, 0x2F, 0xAB, 0x1F, 0xEF,
    0x3F, 0x6C, 0xAE, 0x58, 0x2B, 0x7F, 0x02, 0x74, 0x61, 0x55, 0x5B, 0x62, 0x8D, 0x5B, 0x52, 0xC6,
    0x4B, 0xBD, 0x0D, 0xE4, 0xBA, 0x8C, 0xAA, 0xA2, 0xAF, 0x07, 0xB5, 0xBC, 0x90, 0xBC, 0xB6, 0xEA,
    0xC5, 0xDA, 0x31, 0xD4, 0x45, 0x72, 0xDC, 0x57, 0xCF, 0x3A, 0xBC, 0x43, 0x09, 0xFB, 0x4B, 0x7C,
    0x3A, 0x2A, 0x61, 0x7A, 0x29, 0x0D, 0x9C, 0xBA, 0x08, 0x13, 0xAF, 0x07, 0x88, 0x1F, 0x09, 0x64,
    0x19, 0x21, 0x08, 0x50, 0x0E, 0x1D, 0xA9, 0xE5, 0xE5, 0x66, 0xC0, 0x81, 0x34, 0x58, 0x26, 0xD7,
    0x40, 0x51, 0x3E, 0x6C, 0xEF, 0xF4, 0xF7, 0xBE, 0x96, 0xE3, 0x19, 0x3A, 0x2E, 0xF2, 0xBA, 0x5F,
    0x50, 0xA5, 0x75, 0x54, 0x85, 0x7A, 0x99, 0xC9, 0x4F, 0x84, 0x51, 0x48, 0x7A, 0x03, 0xB4, 0x30,
    0xA1, 0x4E, 0x05, 0x44, 0xD5, 0x0A, 0x9D, 0xFF, 0x79, 0xBF, 0xF0, 0xE3, 0x94, 0x8D, 0x65, 0x73,
    0xFE, 0xFA, 0x29, 0xED, 0x47, 0x76, 0x3C, 0xAC, 0xED, 0x78, 0xF5, 0x39, 0xC7, 0x7B, 0x38, 0xF8,
    0x97, 0xBE, 0xBF, 0x1F, 0xD9, 0xB7, 0xC4, 0xC4, 0x5D, 0x64, 0xDE, 0x36, 0x0F, 0x76, 0xB2, 0x93,
    0x57, 0x2E, 0x5F, 0xBC, 0x26, 0x7A, 0xF5, 0xD3, 0xFE, 0x3B, 0xD7, 0x7B, 0x91, 0x9B, 0xD9, 0xBC,
    0x50, 0x5D, 0x65, 0xD4, 0xCA, 0xBB, 0x83, 0xFC, 0xAF, 0x48, 0x0F, 0xEB, 0x16, 0x38, 0xC3, 0x73,
    0x9D, 0x02, 0xCE, 0xB9, 0xAC, 0x08, 0x71, 0x2D, 0xD6, 0x1E, 0x17, 0xA2, 0x79, 0xCC, 0x35, 0x30,
    0x5C, 0x6F, 0x44, 0x9B, 0x1B, 0xCE, 0xDE, 0x23, 0x8E, 0x09, 0x90, 0x95, 0x35, 0x91, 0xBE, 0x5A,
    0x4B, 0xBD, 0xCC, 0xFC, 0xB9, 0x06, 0xD0, 0xD0, 0x2B, 0xB4, 0xB3, 0xF1, 0x98, 0xF5, 0x73, 0x71,
    0x20, 0x1D, 0xF3, 0x03, 0xF4, 0xBD, 0x72, 0x3D, 0x4F, 0xDD, 0xE1, 0xA3, 0x5C, 0x75, 0x4A, 0x38,
    0x9B, 0x05, 0x1F, 0x80, 0x15, 0x0C, 0xE7, 0x2E, 0xCC, 0x15, 0x63, 0x7D, 0xAE, 0xDC, 0x78, 0x3C,
    0xB7, 0x91, 0xE6, 0x76, 0x68, 0x5F, 0xD3, 0xD1, 0x8A, 0xEE, 0xF2, 0xD1, 0x9D, 0x64, 0x8F, 0x3E,
    0x9A, 0xB9, 0xB5, 0x8F, 0x9E, 0xDC, 0xDF, 0x8B, 0xEC, 0xC8, 0x4D, 0x28, 0x69, 0x55, 0xF8, 0xDE,
    0xDA, 0x76, 0xB1, 0xF7, 0xA4, 0xAF, 0xD1, 0x70, 0x36, 0x1D, 0xE2, 0x10, 0x87, 0xFC, 0x64, 0x23,
    0x27, 0xF4, 0x6B, 0xF4, 0x83, 0x78, 0x0B, 0x42, 0xC1, 0xB7, 0xFE, 0x1C, 0xF1, 0xD9, 0x06, 0xE2,
    0x8A, 0xFD, 0x7A, 0xBE, 0x72, 0x01, 0xFD, 0x78, 0x58, 0x22, 0xBC, 0xD8, 0x93, 0xEC, 0x07, 0x7D,
    0x6D, 0x88, 0xCB, 0x45, 0xC9, 0xDB, 0x9A, 0x90, 0xB9, 0x43, 0xDD, 0xC9, 0x5E, 0x64, 0xCB, 0x67,
    0x8E, 0xB2, 0x6F, 0xE1, 0xFE, 0xCF, 0xB6, 0x57, 0x48, 0x3B, 0xD9, 0xCB, 0x85, 0x1F, 0x9E, 0xAB,
    0xE2, 0x1F, 0x58, 0xB7, 0xE3, 0xDA, 0x12, 0xBE, 0xFF, 0x8B, 0xC5, 0xD0, 0x58, 0x22, 0x68, 0xFC,
    0x9E, 0xF3, 0xAA, 0x9A, 0xC7, 0x26, 0x33, 0x47, 0xB5, 0x2A, 0x44, 0x8D, 0x79, 0x5A, 0xCF, 0x02,
    0x44, 0x80, 0x82, 0xB3, 0xAA, 0x22, 0xD3, 0x99, 0x59, 0x42, 0xEC, 0x0A, 0x63, 0x8E, 0x0E, 0x5D,
    0x1A, 0x2C, 0x9A, 0x9F, 0xE2, 0xBC, 0xA1, 0x4F, 0x1E, 0x9A, 0x2D, 0x7B, 0x1F, 0x86, 0x38, 0xC4,
    0xF1, 0xE5, 0x82, 0xCE, 0x23, 0x1F, 0x4A, 0x11, 0x7D, 0x05, 0x36, 0xD4, 0xDF, 0x8B, 0xF7, 0x81,
    0x57, 0x45, 0xC1, 0x1F, 0x78, 0x15, 0xCC, 0x63, 0x18, 0xE6, 0xE7, 0xC6, 0x32, 0x78, 0x39, 0x54,
    0xB6, 0xC1, 0x35, 0xB9, 0xC9, 0x6B, 0x8E, 0xCF, 0xEC, 0x73, 0x25, 0x1A, 0x8E, 0x58, 0x0C, 0x71,
    0x9B, 0xEF, 0xCB, 0x90, 0x37, 0xAE, 0xC2, 0x73, 0x77, 0xE5, 0x3F, 0x3B, 0xC9, 0xBE, 0x23, 0xD7,
    0xD9, 0x49, 0xF6, 0x2D, 0x31, 0x62, 0x17, 0x99, 0xB7, 0xC5, 0x88, 0x9D, 0xEC, 0xE4, 0x39, 0xCC,
    0xF4, 0x9F, 0xD7, 0x37, 0xD6, 0xFB, 0x2F, 0x2F, 0x5C, 0x6F, 0xA7, 0x69, 0xF9, 0x37, 0x37, 0xF8,
    0x21, 0xF4, 0x2A, 0xE8, 0x5D, 0x42, 0xEF, 0xF7, 0xAE, 0x4C, 0xFE, 0xE4, 0x4A, 0xF9, 0xDC, 0x95,
    0x33, 0xE8, 0x6D, 0xA1, 0xD7, 0xAE, 0xF5, 0xE6, 0xD0, 0x3B, 0x87, 0xDE, 0xB0, 0xB2, 0x7B, 0x31,
    0x54, 0x4C, 0xBA, 0x91, 0xBB, 0xF5, 0x16, 0x9F, 0x74, 0xF0, 0xBF, 0xF7, 0x61, 0xFC, 0x87, 0x80,
    0xFF, 0x1D, 0x58, 0xEA, 0x1C, 0x73, 0x2D, 0xF0, 0x1A, 0xA6, 0xD0, 0x3B, 0xDA, 0xE2, 0x93, 0xD9,
    0x75, 0x3E, 0xD9, 0x49, 0xF6, 0xE8, 0xEF, 0x58, 0x7B, 0xC4, 0x97, 0x7C, 0xF2, 0x62, 0x2F, 0xB2,
    0xB9, 0x0E, 0x20, 0xBF, 0x69, 0x69, 0xB3, 0x1E, 0xB0, 0xB3, 0xBD, 0x81, 0xB8, 0x6F, 0x8F, 0x61,
    0x7D, 0xCE, 0x9C, 0xB8, 0xBC, 0x48, 0x6D, 0xA6, 0x45, 0x2D, 0xF1, 0x11, 0x46, 0xEA, 0xC4, 0x66,
    0x05, 0xAE, 0xE2, 0x51, 0xAE, 0xA0, 0x80, 0x7F, 0x16, 0x65, 0xA8, 0xE4, 0x53, 0xEE, 0xFA, 0x6A,
    0x1B, 0xC7, 0x62, 0x96, 0xB7, 0x2C, 0x40, 0x51, 0xA0, 0xA5, 0x2E, 0x50, 0x0C, 0xFD, 0xE6, 0x86,
    0x7F, 0x66, 0x36, 0x71, 0x5E, 0x8D, 0x5C, 0x83, 0x9C, 0xB6, 0xA8, 0x98, 0x43, 0x74, 0x9F, 0xEB,
    0x8A, 0x01, 0x63, 0xEE, 0x9B, 0xE9, 0x37, 0xC5, 0x3A, 0xF7, 0xE5, 0xE7, 0x6E, 0x92, 0xC7, 0x31,
    0x2E, 0xBE, 0x21, 0xD6, 0xED, 0xFB, 0xBD, 0xFE, 0x0D, 0xC5, 0x5A, 0xCF, 0x6E, 0xDC, 0xC6, 0x19,
    0xFF, 0x48, 0x22, 0xA6, 0x1A, 0xD6, 0xE0, 0x25, 0x87, 0x14, 0x42, 0x41, 0x1F, 0x7C, 0x68, 0x80,
    0xC6, 0xCC, 0xC1, 0x47, 0xEF, 0x92, 0x68, 0x0F, 0xBD, 0xFA, 0x11, 0x72, 0xF0, 0xB1, 0xA8, 0x72,
    0xC8, 0xA5, 0xC5, 0x6A, 0xC9, 0xB4, 0x40, 0xCF, 0x7A, 0x83, 0xF8, 0x11, 0x7C, 0xE8, 0x41, 0x05,
    0x28, 0x93, 0x4E, 0x5E, 0x80, 0x41, 0x5F, 0x80, 0x41, 0x0D, 0xF4, 0xD0, 0x0B, 0x0B, 0xB3, 0x2D,
    0xDD, 0x52, 0x3B, 0xFD, 0xFD, 0x66, 0x66, 0x25, 0x4A, 0x96, 0x76, 0x65, 0x2D, 0x95, 0xAE, 0xF8,
    0x1B, 0x2D, 0x67, 0x87, 0x33, 0xDF, 0xF7, 0xCD, 0xCC, 0xF7, 0x6F, 0x28, 0x4A, 0xA5, 0x22, 0xBA,
    0xB8, 0xEA, 0x13, 0xB4, 0x28, 0xC2, 0x1E, 0x45, 0x34, 0xA0, 0x88, 0x0F, 0x51, 0xCC, 0xE6, 0x28,
    0x16, 0x31, 0x8A, 0xE3, 0x08, 0x8F, 0x75, 0x61, 0x2E, 0x4E, 0x1B, 0x56, 0xE2, 0xB6, 0x41, 0x25,
    0x5E, 0xE3, 0x35, 0xE2, 0xD7, 0x5E, 0x2B, 0x41, 0xE5, 0xB6, 0x12, 0x2A, 0xD5, 0xB1, 0xE8, 0x25,
    0x52, 0x6A, 0x90, 0x44, 0xA4, 0x60, 0xB1, 0xC4, 0x1F, 0xFE, 0x17, 0x2C, 0x5C, 0xB5, 0xD2, 0xB8,
    0xFC, 0x71, 0xCA, 0xD7, 0xE2, 0x2B, 0x45, 0xE4, 0x6E, 0x1A, 0x57, 0x20, 0x06, 0xF0, 0x2B, 0xA7,
    0x54, 0x75, 0xA0, 0x54, 0x1D, 0x1F, 0x05, 0x75, 0x82, 0xA1, 0x34, 0xF2, 0xA0, 0x8E, 0x51, 0x87,
    0x91, 0x6A, 0xA7, 0x5C, 0xE5, 0xF2, 0x22, 0x20, 0x8D, 0x11, 0x8A, 0xE4, 0x94, 0x6C, 0x74, 0xFF,
    0x1F, 0xD6, 0xAA, 0x9F, 0xE3, 0xF9, 0x05, 0xE4, 0x8B, 0xF1, 0xE3, 0x7A, 0x3A, 0xF6, 0x7E, 0x00,
    0xDA, 0xF1, 0x61, 0x87, 0xC2, 0x41, 0x1C, 0x0E, 0xE7, 0xEA, 0x42, 0xB1, 0xAE, 0xB4, 0xD4, 0xAF,
    0x6E, 0x41, 0xBD, 0x82, 0x18, 0xE2, 0x9C, 0x63, 0x71, 0x50, 0x11, 0xD2, 0x5F, 0xE2, 0x59, 0xF6,
    0xF1, 0xB1, 0x1D, 0x14, 0x75, 0x2E, 0x24, 0xE6, 0xA3, 0xA9, 0x3B, 0x5A, 0x98, 0xC1, 0x2A, 0x95,
    0x52, 0x35, 0x9E, 0x52, 0x4D, 0xD0, 0x3B, 0x47, 0x11, 0x7B, 0x4A, 0x0D, 0xAD, 0xEC, 0xED, 0xF0,
    0x12, 0x58, 0xC7, 0xDF, 0x12, 0xB4, 0x61, 0xDB, 0xB0, 0x77, 0x9E, 0xE3, 0xD9, 0x56, 0x88, 0x7D,
    0xF4, 0x25, 0x0F, 0x6D, 0x4B, 0x8C, 0x07, 0xC9, 0x68, 0x16, 0xBC, 0xD1, 0x14, 0xA1, 0x8D, 0xC3,
    0xB1, 0x40, 0x77, 0xD4, 0x39, 0x79, 0x92, 0x5F, 0x1C, 0xEB, 0xAC, 0x7F, 0xD4, 0x47, 0x9D, 0x3C,
    0x47, 0xBB, 0xC6, 0xD5, 0x7D, 0x2B, 0xD4, 0x3C, 0x85, 0xD8, 0xC0, 0x83, 0x87, 0xBE, 0xC3, 0xAF,
    0x45, 0x1E, 0xA1, 0xF3, 0x8F, 0x47, 0xCC, 0x4C, 0xCE, 0xCB, 0x91, 0x99, 0x26, 0x3D, 0xDE, 0x01,
    0x56, 0x43, 0x90, 0xCB, 0x47, 0xEE, 0x34, 0xBC, 0xAC, 0xF9, 0x20, 0x9C, 0x4B, 0x3B, 0x69, 0x6A,
    0x3E, 0x36, 0x8D, 0xB5, 0x0B, 0x0F, 0x94, 0x3D, 0xE7, 0x80, 0x73, 0x71, 0xD6, 0xF7, 0xD3, 0xBB,
    0xE3, 0x83, 0xB2, 0xE7, 0x1C, 0x70, 0x2E, 0xFC, 0xC1, 0x6E, 0xA1, 0xA3, 0x49, 0x78, 0x71, 0xD1,
    0x4F, 0xF0, 0x55, 0x2B, 0xDE, 0xDF, 0xB0, 0x5E, 0xA9, 0xB8, 0x67, 0x62, 0xB6, 0x8E, 0xFD, 0xC4,
    0x18, 0x3E, 0xC1, 0xD6, 0x4E, 0xB0, 0x3F, 0xE7, 0x8E, 0x4A, 0x67, 0x12, 0x55, 0x33, 0x09, 0xEA,
    0x19, 0x16, 0xB9, 0x81, 0x7B, 0x09, 0xEB, 0x7A, 0xB6, 0x89, 0xAA, 0xB9, 0x53, 0xE6, 0x7C, 0x96,
    0x7D, 0xB0, 0x2F, 0x10, 0x1B, 0xA2, 0x8C, 0x4D, 0x21, 0xD7, 0x14, 0xDC, 0xC6, 0xA5, 0x68, 0x95,
    0x46, 0xCD, 0xC2, 0x0D, 0x5D, 0x92, 0x87, 0x84, 0x5B, 0x3A, 0x26, 0x47, 0x31, 0x59, 0x5B, 0x7F,
    0x4B, 0x74, 0x91, 0xC6, 0xD4, 0x8B, 0x89, 0x7D, 0xC2, 0x63, 0x21, 0xD9, 0x5B, 0xF6, 0xD2, 0x48,
    0x00, 0x12, 0xC0, 0x76, 0x15, 0x54, 0x07, 0x4D, 0x50, 0xF9, 0xD0, 0x62, 0x6E, 0x8F, 0x09, 0x1C,
    0x88, 0x4C, 0xA5, 0xC5, 0x1A, 0xB8, 0x2F, 0xD6, 0xF5, 0xA6, 0x0D, 0xDB, 0xC6, 0x8D, 0x7E, 0x16,
    0x7D, 0xDC, 0x43, 0x5F, 0x98, 0x5F, 0x08, 0x32, 0x34, 0xA0, 0xC6, 0x23, 0xD6, 0xF7, 0x44, 0xF9,
    0x75, 0x4E, 0x55, 0x06, 0x6D, 0x98, 0x27, 0xF5, 0x41, 0x9E, 0xA1, 0xEE, 0x10, 0x28, 0x46, 0xE0,
    0x7D, 0x42, 0xD4, 0x61, 0x0E, 0x72, 0x73, 0x50, 0x9B, 0x4B, 0xF6, 0x1F, 0x68, 0xD0, 0x56, 0xE3,
    0xF2, 0x47, 0xA9, 0xD3, 0x33, 0xF4, 0x56, 0x91, 0x8E, 0x41, 0x15, 0xBC, 0xC6, 0x55, 0xBF, 0x9B,
    0x36, 0xEA, 0x0C, 0xD7, 0xD9, 0x49, 0x39, 0xE8, 0xB4, 0xE4, 0x40, 0x53, 0x15, 0xD7, 0x11, 0xA4,
    0xE9, 0x35, 0x87, 0x98, 0xCE, 0x12, 0xCB, 0x85, 0x28, 0xEC, 0x92, 0xE2, 0x72, 0x8A, 0x1B, 0x87,
    0xB4, 0x57, 0x68, 0x5F, 0xC9, 0xC1, 0x4A, 0x42, 0x69, 0x24, 0xFC, 0x05, 0x2C, 0x03, 0x6E, 0x9D,
    0xD5, 0xDD, 0xD2, 0xEF, 0x34, 0x3F, 0x85, 0x55, 0x7A, 0x82, 0x65, 0xD2, 0x9B, 0x3D, 0x33, 0x11,
    0x0F, 0xFA, 0x07, 0x65, 0x71, 0x78, 0xB7, 0x3C, 0xE8, 0x65, 0x44, 0xDA, 0x09, 0x7E, 0x9F, 0x88,
    0x87, 0xC9, 0xE9, 0xD4, 0x3A, 0xA1, 0x33, 0x46, 0x5B, 0x43, 0x69, 0xB3, 0x7D, 0x7B, 0x1A, 0xD7,
    0x7A, 0xA6, 0x37, 0xAA, 0x8C, 0xE6, 0xD9, 0x61, 0x5D, 0x96, 0xBA, 0x50, 0xA3, 0x9B, 0xD4, 0xD1,
    0xE4, 0xBC, 0xE5, 0x7B, 0x22, 0x50, 0x56, 0x52, 0xF4, 0x24, 0xD2, 0x98, 0x6D, 0x77, 0xA2, 0xB5,
    0x24, 0xB9, 0x91, 0x17, 0x55, 0x76, 0xF4, 0x1B, 0xF0, 0x02, 0xA5, 0xF7, 0xD0, 0xBD, 0xCE, 0x4C,
    0xE4, 0x91, 0x75, 0x66, 0xDE, 0x35, 0x13, 0x6E, 0x4B, 0x2C, 0x81, 0x84, 0x48, 0xDD, 0x36, 0xAA,
    0xDD, 0x36, 0xEC, 0xBD, 0xF6, 0xDC, 0x4C, 0xA8, 0x23, 0x4D, 0x37, 0x55, 0x50, 0x82, 0x8E, 0xFE,
    0xDC, 0x8A, 0xDB, 0xC0, 0x59, 0xCC, 0x47, 0xC2, 0xCB, 0x56, 0x29, 0xF4, 0x52, 0x45, 0x1A, 0x93,
    0x3A, 0xA8, 0x32, 0x30, 0x7B, 0x02, 0x14, 0x16, 0xFC, 0xCE, 0xBA, 0xA4, 0x8E, 0xAA, 0x48, 0xEB,
    0x3B, 0xF0, 0x51, 0xFE, 0xDD, 0xBA, 0x63, 0x61, 0xF5, 0x13, 0xC9, 0x72, 0xB8, 0x5E, 0x50, 0xE5,
    0xA7, 0xD0, 0xA5, 0x30, 0x3F, 0x4F, 0xBC, 0x0A, 0x66, 0x10, 0x66, 0x09, 0x72, 0x74, 0xFB, 0x4D,
    0xA6, 0x7C, 0x67, 0xDE, 0x36, 0x39, 0xBF, 0x93, 0xF3, 0xC5, 0x39, 0xF3, 0x7A, 0x03, 0xB7, 0xBD,
    0x53, 0xBE, 0xF4, 0x7C, 0xC5, 0xD6, 0x63, 0x0D, 0xF3, 0xBB, 0xE5, 0x6B, 0x6A, 0xDA, 0xC5, 0x3A,
    0xF2, 0x74, 0x77, 0x93, 0xC6, 0x74, 0x06, 0x1B, 0x80, 0x2D, 0xC2, 0xE1, 0xAD, 0x39, 0x4C, 0xEF,
    0x78, 0xAE, 0x36, 0xAF, 0xF9, 0x02, 0x04, 0x6E, 0xC2, 0x7A, 0x1F, 0x9B, 0xBD, 0xEC, 0x6E, 0x85,
    0x9B, 0x9B, 0x58, 0x6F, 0x8E, 0x8D, 0xFF, 0xF8, 0xBE, 0xF5, 0xBE, 0xAC, 0xC7, 0x72, 0x2D, 0x10,
    0xDE, 0xC4, 0xB0, 0xB5, 0xA0, 0x3B, 0x8D, 0xD3, 0xA4, 0x8A, 0xC1, 0x47, 0x0C, 0x7E, 0x0C, 0xFC,
    0x7A, 0x13, 0x18, 0x60, 0xAD, 0x91, 0x41, 0x61, 0x11, 0xE3, 0x3A, 0xC8, 0xE7, 0x1C, 0xE3, 0xFA,
    0x6B, 0xE0, 0xDA, 0xE9, 0x21, 0x32, 0xB8, 0x2D, 0x84, 0x37, 0xAA, 0xF3, 0xFE, 0xFB, 0x96, 0xFA,
    0x8E, 0xFE, 0x48, 0xED, 0x35, 0x41, 0x8B, 0x50, 0x0F, 0x70, 0x2D, 0x9C, 0x6E, 0x13, 0xDC, 0xEE,
    0x71, 0xA8, 0xBA, 0x0F, 0xF7, 0xCF, 0x77, 0x27, 0x1C, 0x3F, 0x73, 0x31, 0x10, 0xBB, 0xD9, 0x75,
    0xF6, 0x88, 0xF7, 0xFA, 0x4B, 0x28, 0x96, 0x56, 0xEE, 0xEF, 0x5F, 0xDC, 0xED, 0x89, 0x3A, 0x87,
    0xF1, 0x6A, 0xAF, 0x81, 0x16, 0x7D, 0xF5, 0x14, 0xEE, 0x54, 0xA3, 0x3B, 0x72, 0x15, 0xB4, 0x73,
    0x17, 0xAA, 0xEE, 0x62, 0x6F, 0xB7, 0xA7, 0x30, 0xD4, 0x61, 0xEF, 0xBB, 0xC9, 0x80, 0x5D, 0x28,
    0x0C, 0xE4, 0x85, 0xFF, 0x0A, 0xBB, 0xAC, 0x96, 0x32, 0x9D, 0x86, 0x48, 0x41, 0x94, 0xFE, 0x7B,
    0x18, 0x54, 0xEC, 0x23, 0xDA, 0xEC, 0xA9, 0x08, 0xDD, 0x85, 0x26, 0xEC, 0x4A, 0x98, 0x7D, 0x2C,
    0x37, 0x5E, 0x4A, 0xFB, 0x5A, 0xD7, 0xB8, 0x5D, 0x3B, 0x50, 0x48, 0xBF, 0x2A, 0x35, 0x19, 0x80,
    0x85, 0xCD, 0x0E, 0x64, 0xB5, 0xB6, 0x1D, 0x73, 0x2D, 0x88, 0xD2, 0xA6, 0x24, 0x76, 0x17, 0xF1,
    0x2E, 0x62, 0x04, 0x59, 0xFD, 0xED, 0xE0, 0x10, 0x5D, 0xF1, 0xA9, 0xDF, 0x15, 0x09, 0x74, 0x57,
    0xAC, 0xAA, 0xC2, 0x5D, 0x49, 0x24, 0x45, 0xF2, 0xEA, 0x14, 0x57, 0xA4, 0x39, 0x36, 0x9F, 0x28,
    0x2D, 0x6E, 0x7C, 0x0D, 0x4C, 0x60, 0xC0, 0x98, 0xD3, 0x87, 0x6A, 0xB4, 0x07, 0xB6, 0x39, 0x17,
    0xE0, 0x59, 0x87, 0x47, 0x3B, 0x3D, 0x46, 0xEB, 0xDF, 0x18, 0x1F, 0xC1, 0x62, 0x3C, 0x4A, 0xCB,
    0x34, 0x81, 0x42, 0x8F, 0xA0, 0x88, 0x5C, 0x2A, 0xF4, 0x1F, 0x81, 0x5E, 0x88, 0xAB, 0x92, 0x7F,
    0xB5, 0x5E, 0x7D, 0xEC, 0xA4, 0x0F, 0xCC, 0x38, 0xA1, 0xEA, 0xCD, 0xA5, 0x7D, 0xB8, 0x6D, 0x97,
    0xD3, 0x3F, 0xF6, 0xBB, 0x4C, 0x41, 0x65, 0xD6, 0xFB, 0x2B, 0x30, 0x14, 0x56, 0x03, 0x22, 0xF0,
    0x41, 0x5E, 0xCA, 0xE0, 0x0C, 0x32, 0xC0, 0x60, 0x0D, 0x61, 0x2D, 0x03, 0x02, 0xEE, 0xE1, 0xA5,
    0xC8, 0x0A, 0xCF, 0x30, 0xE6, 0x62, 0x18, 0x37, 0x60, 0x12, 0x87, 0x98, 0xD1, 0x1F, 0xDA, 0x40,
    0x0E, 0x83, 0x9C, 0x0A, 0x73, 0x5A, 0x03, 0x62, 0x59, 0xF4, 0x53, 0x0F, 0xDA, 0xDA, 0xD9, 0xC9,
    0xC4, 0xA4, 0x7A, 0xF0, 0xF3, 0x3C, 0xE8, 0x80, 0x5F, 0xDB, 0x35, 0x76, 0x3D, 0x22, 0x4C, 0x76,
    0x26, 0x85, 0x3B, 0x20, 0xC2, 0x6C, 0x31, 0x4D, 0xB9, 0x14, 0x78, 0xB6, 0xEC, 0x0C, 0xF8, 0xBD,
    0xC0, 0xB8, 0x85, 0x8F, 0xDF, 0x40, 0xA3, 0x6E, 0x0B, 0xF9, 0x20, 0x58, 0xAC, 0xAF, 0x1A, 0x6F,
    0xA7, 0xFE, 0x72, 0x9B, 0xA2, 0xB2, 0x7B, 0x84, 0x3E, 0xF6, 0xC3, 0x91, 0x5E, 0xE8, 0x27, 0xC0,
    0x05, 0x27, 0xDB, 0xA9, 0x8C, 0x73, 0x4D, 0x9D, 0xF6, 0xEC, 0x3D, 0x77, 0x76, 0xF2, 0x1E, 0x9B,
    0x2A, 0xC0, 0x2C, 0x3A, 0x2A, 0x9F, 0x9C, 0xFE, 0x75, 0xFE, 0xF2, 0xC4, 0xF8, 0xF2, 0x7E, 0x33,
    0x35, 0xFD, 0xF9, 0x05, 0xFA, 0xCD, 0x80, 0x87, 0x66, 0xC0, 0xC0, 0x0E, 0x88, 0x76, 0x3D, 0xF1,
    0xC8, 0xE2, 0xD3, 0x11, 0x6E, 0xC9, 0x57, 0x02, 0x57, 0x02, 0xC8, 0x09, 0x49, 0x82, 0xD4, 0x42,
    0x0C, 0x76, 0xE3, 0x61, 0x23, 0x1D, 0x0E, 0x82, 0x33, 0xE8, 0x13, 0x0D, 0xA7, 0xBB, 0x21, 0xAD,
    0x22, 0xA3, 0xC2, 0xE4, 0x94, 0xB7, 0x15, 0x91, 0xCE, 0x19, 0xE5, 0xEB, 0x22, 0xBA, 0xBA, 0x5D,
    0x2C, 0x96, 0x7C, 0x4D, 0xBF, 0x66, 0x40, 0xCF, 0x02, 0xB3, 0x7A, 0x57, 0xE3, 0x0B, 0xFC, 0x0E,
    0x25, 0x83, 0xD6, 0xD1, 0x29, 0x3A, 0x41, 0xDD, 0x27, 0xD7, 0xB5, 0x55, 0x6A, 0x58, 0x63, 0xF3,
    0x92, 0xF9, 0x19, 0x30, 0xE8, 0xCE, 0x5C, 0x68, 0xDD, 0x80, 0x19, 0xAC, 0x6C, 0x83, 0xB8, 0x23,
    0x2C, 0xF9, 0x70, 0xBC, 0x64, 0xD6, 0xB1, 0x66, 0x63, 0xFC, 0xE1, 0xF9, 0xC5, 0xB8, 0x99, 0x71,
    0x6B, 0x92, 0x02, 0x15, 0xD0, 0x00, 0xF0, 0xE6, 0x66, 0x3D, 0xB0, 0x00, 0xE6, 0x40, 0x04, 0x84,
    0x7F, 0x68, 0x66, 0xFE, 0xB7, 0xCD, 0xCC, 0xFB, 0x6B, 0x33, 0x73, 0xDE, 0x34, 0x33, 0xF9, 0x37,
    0x50, 0x02, 0x09, 0x10, 0x03, 0x21, 0x10, 0x00, 0x18, 0x84, 0x16, 0x80, 0x2E, 0x79, 0x64, 0xC7,
    0xE2, 0x7C, 0x7D, 0x3E, 0xCA, 0x48, 0x42, 0x95, 0x97, 0x90, 0x51, 0x09, 0x3F, 0xFD, 0xC4, 0x51,
    0xFA, 0x44, 0x00, 0xEA, 0x87, 0x6A, 0x8B, 0x48, 0x37, 0x61, 0x72, 0x5A, 0xF9, 0x61, 0xFA, 0x9F,
    0xF4, 0xF2, 0x74, 0xE0, 0xE5, 0x6E, 0xF4, 0x5D, 0xA5, 0x8E, 0x19, 0x73, 0xE8, 0xD8, 0xE3, 0x6D,
    0x67, 0x62, 0x11, 0xCE, 0x81, 0x7B, 0x77, 0xF2, 0x77, 0x21, 0x6C, 0x93, 0x27, 0xA9, 0x4D, 0x9E,
    0x84, 0x73, 0xB0, 0x37, 0x8D, 0xFC, 0xC7, 0xB1, 0xCB, 0xCC, 0xBA, 0x4F, 0xCF, 0x2E, 0x1C, 0x36,
    0xBD, 0x65, 0x2E, 0x35, 0x67, 0xBA, 0x39, 0xA8, 0x23, 0xC4, 0x15, 0x9E, 0x8D, 0x2F, 0x1C, 0xA2,
    0xDB, 0x84, 0x8D, 0x72, 0x88, 0x29, 0x83, 0x5F, 0x36, 0xB3, 0x80, 0x32, 0xF8, 0xCB, 0x48, 0x06,
    0x99, 0x95, 0x41, 0x64, 0x65, 0xE0, 0x03, 0x9E, 0xC6, 0x79, 0xE4, 0xC2, 0x79, 0xA6, 0xD3, 0x47,
    0x37, 0x64, 0xB5, 0x0B, 0xFF, 0xA2, 0x1D, 0x90, 0xF5, 0x04, 0x07, 0xD8, 0xE0, 0x61, 0x67, 0x0E,
    0x35, 0xAF, 0x3A, 0xD8, 0x8C, 0xE8, 0x3B, 0xE8, 0x78, 0xA9, 0x09, 0xBA, 0xA0, 0x0D, 0x2B, 0xB7,
    0xC7, 0x0A, 0x19, 0xF0, 0x74, 0x81, 0xA7, 0x0F, 0x2D, 0xE6, 0x16, 0xFA, 0x9E, 0xBF, 0xB1, 0x0D,
    0xDB, 0xF2, 0x19, 0x3E, 0xCB, 0x3E, 0xD8, 0x97, 0x07, 0x7A, 0x89, 0x77, 0x3E, 0x19, 0x5D, 0xE5,
    0x15, 0xF3, 0x50, 0x79, 0x5C, 0xC7, 0x55, 0x82, 0x75, 0xC0, 0x3C, 0xD4, 0x38, 0x36, 0xE5, 0x3D,
    0xEB, 0xF9, 0xBB, 0xC9, 0x29, 0xAF, 0xF4, 0x73, 0xFA, 0xFC, 0x92, 0xC7, 0x97, 0x3C, 0xBD, 0xBC,
    0x7C, 0x78, 0x39, 0x31, 0xFD, 0x9B, 0xF3, 0x34, 0x3B, 0xF0, 0xE0, 0xA4, 0x47, 0xE2, 0x7D, 0xD7,
    0x4A, 0xF8, 0x6D, 0x23, 0x31, 0x36, 0xF2, 0x13, 0xF0, 0xF3, 0x70, 0xEF, 0xCE, 0xF8, 0x90, 0x0F,
    0xDC, 0x54, 0xC2, 0x5F, 0x55, 0x92, 0x60, 0x23, 0x17, 0x68, 0x49, 0x9E, 0x8E, 0x1E, 0x4C, 0xC3,
    0x4B, 0xAC, 0x4E, 0x61, 0x0F, 0x4E, 0x7D, 0x20, 0xC4, 0x53, 0x51, 0x75, 0x08, 0xE7, 0xF4, 0x10,
    0xAB, 0xCD, 0x60, 0x2E, 0x59, 0x7F, 0x0E, 0xDE, 0x9B, 0xFA, 0x18, 0x88, 0x78, 0x72, 0x80, 0x67,
    0xF0, 0xAC, 0x72, 0x69, 0x17, 0x0F, 0x94, 0xF2, 0x9B, 0x28, 0x8F, 0x86, 0xAC, 0x49, 0x4E, 0x55,
    0xBB, 0x8C, 0xBF, 0xEF, 0x8A, 0xB0, 0xEA, 0xFB, 0xB0, 0x3A, 0xEE, 0x03, 0x35, 0x18, 0x54, 0x82,
    0x7B, 0x29, 0xC2, 0x46, 0x96, 0x71, 0xF7, 0x80, 0xED, 0xA2, 0x3E, 0xEB, 0xF0, 0x5C, 0x2D, 0x5B,
    0x7C, 0xC1, 0x18, 0xFB, 0x28, 0xE1, 0xA1, 0x2E, 0x86, 0x02, 0x3D, 0xF9, 0x1C, 0xAE, 0xF4, 0x1C,
    0x8A, 0xF4, 0x1C, 0xBC, 0xCF, 0xF2, 0x44, 0x9B, 0x68, 0xB6, 0x6B, 0x65, 0xEE, 0x76, 0x68, 0x3B,
    0x00, 0xFC, 0x8B, 0x53, 0xD3, 0xC6, 0xAF, 0xE7, 0x1C, 0x08, 0x62, 0x85, 0x2A, 0x06, 0x35, 0xFA,
    0x98, 0x58, 0x3E, 0xB3, 0xE3, 0xDC, 0x53, 0x7D, 0xA6, 0x06, 0x5C, 0xCB, 0x94, 0xFA, 0x66, 0xF3,
    0x35, 0x39, 0x51, 0x26, 0x48, 0xD2, 0x87, 0x74, 0xCC, 0x6D, 0x3B, 0x34, 0x66, 0x07, 0x8A, 0x87,
    0x38, 0x95, 0xC6, 0x6B, 0x9E, 0x46, 0xDF, 0x1C, 0x57, 0xD8, 0x1B, 0xD8, 0x82, 0x07, 0xF8, 0x0D,
    0xFC, 0xBF, 0xA1, 0x8E, 0xCA, 0xDF, 0x51, 0xD8, 0x53, 0xF3, 0x84, 0xF1, 0x30, 0x1C, 0x47, 0x2B,
    0x73, 0x8E, 0xB5, 0x77, 0x1B, 0x41, 0x9B, 0x43, 0xCD, 0xCE, 0xAC, 0x10, 0xC6, 0x6C, 0x54, 0x8A,
    0x3F, 0x1E, 0x67, 0xC7, 0x4D, 0xB6, 0x88, 0xAB, 0x3B, 0xAA, 0xFD, 0xF3, 0x8C, 0x17, 0x0F, 0x32,
    0xB5, 0x2B, 0x45, 0x81, 0x32, 0xB3, 0x4E, 0xA9, 0x52, 0x33, 0x73, 0xC5, 0xF9, 0x67, 0x1A, 0xFB,
    0x13, 0xDC, 0x27, 0xCC, 0x04, 0xEA, 0x13, 0xA9, 0xD7, 0xB2, 0xCD, 0xAB, 0x60, 0x9B, 0x08, 0xDA,
    0x91, 0xD9, 0xBF, 0x25, 0xDC, 0x1B, 0xBA, 0xC8, 0xD9, 0x11, 0xBB, 0xC7, 0xAA, 0xA2, 0xC6, 0xC9,
    0x4E, 0x69, 0x9E, 0x34, 0x05, 0x5F, 0x22, 0xE0, 0x29, 0xD1, 0x6F, 0x09, 0x61, 0xED, 0xAF, 0x33,
    0x85, 0x81, 0x0D, 0x44, 0x16, 0xBD, 0xC9, 0xFA, 0xE7, 0x7B, 0x77, 0xC7, 0xCB, 0xDE, 0xFA, 0x20,
    0x13, 0x9E, 0xE4, 0x1B, 0x68, 0x8B, 0xAA, 0xD3, 0x8B, 0x60, 0x12, 0x5E, 0x6E, 0x44, 0x6B, 0x77,
    0x13, 0x5A, 0xD3, 0x7B, 0xE4, 0x29, 0xB4, 0x1B, 0x40, 0xBF, 0x77, 0x61, 0x8D, 0xA8, 0xEE, 0xE3,
    0xE6, 0x34, 0xFE, 0x76, 0x44, 0xA3, 0xCE, 0xCC, 0x2E, 0xCD, 0x21, 0x91, 0x21, 0x4A, 0x74, 0xA2,
    0x87, 0x39, 0x04, 0x79, 0x0A, 0xC1, 0x74, 0x88, 0x60, 0x66, 0xD8, 0xFE, 0x51, 0x6B, 0x76, 0xCC,
    0xF8, 0xC5, 0x8C, 0x89, 0xE7, 0x81, 0x32, 0xA7, 0xEC, 0x39, 0x07, 0x9C, 0x0B, 0xDD, 0xD9, 0xDE,
    0x34, 0x6B, 0x6A, 0x9C, 0x3D, 0x1E, 0x1F, 0x00, 0xDF, 0x1E, 0x57, 0xCF, 0x83, 0xF3, 0x62, 0x74,
    0xF8, 0x66, 0x01, 0xE5, 0x9F, 0xAE, 0x71, 0xF9, 0xB7, 0x0B, 0xE0, 0xC1, 0xDD, 0xE0, 0xA4, 0xDA,
    0xB2, 0x95, 0xE8, 0x70, 0x9F, 0x2E, 0xAB, 0xED, 0x5F, 0x9F, 0x6E, 0xD0, 0x63, 0x6D, 0x8D, 0xB5,
    0xDE, 0xE2, 0xC5, 0x4E, 0xCE, 0xEF, 0x59, 0x7A, 0xE4, 0x18, 0x3C, 0x1E, 0x83, 0x9C, 0x3F, 0x59,
    0xEC, 0xCE, 0xE3, 0x4D, 0x68, 0x0D, 0xED, 0x3A, 0x23, 0xB6, 0xD1, 0xFA, 0x3E, 0x73, 0xF0, 0x4E,
    0x1D, 0x23, 0xC1, 0xCB, 0x73, 0x70, 0x72, 0x5F, 0x7B, 0x7A, 0xEE, 0x1F, 0x2F, 0x7A, 0x64, 0xF4,
    0x1A, 0x6E, 0x83, 0xA5, 0xF5, 0x36, 0x92, 0x3A, 0xAE, 0x23, 0x63, 0xB8, 0x30, 0x61, 0x58, 0xFF,
    0xDD, 0x63, 0x9D, 0xA5, 0xFE, 0xF0, 0x52, 0x1E, 0x7D, 0xC0, 0x46, 0xD8, 0x84, 0xC2, 0xE2, 0x25,
    0x90, 0xE5, 0xB1, 0x36, 0x4C, 0xA1, 0xDE, 0x53, 0x6F, 0xAF, 0xF5, 0x52, 0xA7, 0xA6, 0xFD, 0xBA,
    0x0C, 0xFB, 0x2E, 0xB4, 0x6F, 0xF2, 0x50, 0xA7, 0xA6, 0x3F, 0x90, 0x17, 0xE2, 0xBF, 0x62, 0xF2,
    0xBD, 0x96, 0x71, 0x42, 0x7F, 0x57, 0x1E, 0xF4, 0x49, 0xDB, 0x17, 0x58, 0x90, 0xCF, 0x3F, 0x33,
    0xFF, 0xE3, 0xFC, 0x4E, 0xE8, 0xA7, 0xE7, 0xE2, 0x7C, 0x53, 0x89, 0x9B, 0x57, 0xFA, 0xBF, 0xF6,
    0x64, 0xA6, 0xA0, 0x7F, 0x0F, 0x4A, 0x25, 0x82, 0x92, 0x9B, 0x43, 0xD9, 0xC1, 0xC7, 0x75, 0xDB,
    0x63, 0x91, 0xEA, 0xF3, 0x3B, 0x9B, 0x07, 0x79, 0xB0, 0x67, 0xDE, 0x66, 0xEC, 0xD1, 0xAA, 0xE9,
    0x25, 0xF8, 0x06, 0xF6, 0xD8, 0xC9, 0x27, 0xE1, 0x65, 0x02, 0x5A, 0x79, 0xD2, 0x99, 0xF3, 0x05,
    0x48, 0x9D, 0xB9, 0xF5, 0x47, 0x27, 0xA7, 0xB4, 0x05, 0xA1, 0x39, 0x89, 0xBE, 0x2D, 0x8D, 0x8E,
    0x4E, 0x60, 0x16, 0x36, 0x89, 0xBF, 0x0E, 0x98, 0xED, 0x1B, 0x1C, 0x5B, 0x4E, 0x4F, 0x31, 0x72,
    0x47, 0x0C, 0xE2, 0xAC, 0xD1, 0x16, 0x63, 0x84, 0x5F, 0xB5, 0x8B, 0xE8, 0x55, 0xBB, 0x48, 0xBE,
    0x6B, 0x17, 0xB3, 0xEF, 0xDB, 0xC5, 0xF1, 0x3F, 0x9A, 0x27, 0xED, 0x3F, 0x81, 0xDF, 0x35, 0xF3,
    0x66, 0x5E, 0x27, 0x55, 0x02, 0x44, 0x55, 0x9C, 0x9B, 0x13, 0x4F, 0xA1, 0xCC, 0xBD, 0xDA, 0x44,
    0xD4, 0xF3, 0x05, 0x5F, 0x2E, 0xC5, 0xDC, 0x7C, 0x70, 0x36, 0x1E, 0x7D, 0x7B, 0x78, 0x65, 0x73,
    0x62, 0xCE, 0x97, 0x50, 0x75, 0x52, 0xA0, 0x7D, 0x12, 0x07, 0x18, 0x26, 0xEC, 0x17, 0x61, 0x54,
    0x1C, 0x87, 0xCB, 0x59, 0x17, 0x16, 0x8F, 0xBA, 0x60, 0x88, 0x5A, 0xBF, 0x0B, 0x5B, 0xBF, 0xF5,
    0x1B, 0xAF, 0xF6, 0x4C, 0x24, 0xA3, 0x99, 0xD3, 0xBD, 0xCB, 0xA3, 0x85, 0x98, 0xFE, 0xE5, 0xC1,
    0xBD, 0xF1, 0xBE, 0x5B, 0xDA, 0xF7, 0xC8, 0x4E, 0xE8, 0x51, 0xF0, 0x64, 0x00, 0xDE, 0x7E, 0xC0,
    0x77, 0x59, 0xBD, 0x96, 0x69, 0x2D, 0x06, 0x4A, 0x32, 0x50, 0xEE, 0x4B, 0x9D, 0x6E, 0x3B, 0x59,
    0xBF, 0x16, 0xAB, 0xDF, 0x92, 0xD5, 0xDD, 0xDF, 0xA0, 0xD8, 0x22, 0x57, 0x33, 0xF7, 0x5E, 0x1B,
    0xA7, 0x8C, 0xDD, 0x82, 0x2A, 0xC4, 0x5F, 0x50, 0x87, 0xB9, 0xD7, 0x44, 0x29, 0x6A, 0x21, 0x69,
    0x70, 0x3F, 0xC0, 0x13, 0x39, 0xE4, 0xDB, 0xB3, 0xF4, 0x75, 0xE8, 0x7F, 0x37, 0xC6, 0x66, 0x93,
    0xC0, 0x2C, 0x95, 0x8C, 0xCB, 0x65, 0x30, 0x87, 0x5A, 0x72, 0xCC, 0xC5, 0xC2, 0x63, 0x0B, 0xF3,
    0xED, 0xE2, 0xE7, 0x07, 0xE1, 0x78, 0x4B, 0xFE, 0x31, 0x86, 0x15, 0xB6, 0xB0, 0x2F, 0x07, 0xD0,
    0x9F, 0x5B, 0xDA, 0xD7, 0x73, 0xDB, 0x73, 0xCE, 0x12, 0x9B, 0xF9, 0xEE, 0x4D, 0xD0, 0xB1, 0xAE,
    0xD6, 0xD9, 0x18, 0x3C, 0xBF, 0xC6, 0xB6, 0x48, 0xC1, 0x84, 0x49, 0x06, 0x67, 0xAF, 0xE4, 0xEA,
    0xFE, 0x53, 0x9D, 0x55, 0xD7, 0x6F, 0x04, 0x37, 0xE7, 0x43, 0x1A, 0xAF, 0xCE, 0x60, 0xD3, 0x3B,
    0x19, 0x93, 0xF3, 0x31, 0xB7, 0x5E, 0x72, 0x29, 0x17, 0xCE, 0x23, 0x77, 0xE6, 0x61, 0x8B, 0x27,
    0x37, 0x35, 0x1F, 0xDB, 0xF2, 0x91, 0xBB, 0xF0, 0xE2, 0xAA, 0xA3, 0x90, 0xD9, 0xF3, 0x3E, 0x4B,
    0x9F, 0xBD, 0xD4, 0xAA, 0xEC, 0x16, 0xD7, 0xFF, 0x00, 0xC5, 0x5A, 0x3D, 0x73, 0xDC, 0xC6, 0x19,
    0x7E, 0x01, 0x8C, 0x09, 0x2A, 0xB0, 0xB3, 0xAD, 0x3C, 0xB2, 0x03, 0x15, 0x2A, 0xAC, 0x19, 0x47,
    0x50, 0xA1, 0x26, 0x33, 0xBC, 0x03, 0x6C, 0xCF, 0x24, 0xA5, 0xD4, 0xA7, 0xD1, 0x0F, 0xC8, 0x8C,
    0x5C, 0xA4, 0x70, 0x41, 0xF2, 0x20, 0xB1, 0x70, 0x91, 0xC2, 0xFC, 0x07, 0xF6, 0x4F, 0x70, 0xE1,
    0x82, 0x05, 0x4E, 0x80, 0xA5, 0xC2, 0x93, 0x4A, 0x70, 0xF2, 0x03, 0x8C, 0xC4, 0x9E, 0x71, 0x91,
    0x42, 0x3B, 0x36, 0x66, 0x04, 0x8E, 0xC1, 0xDB, 0x3C, 0xCF, 0x2E, 0xEE, 0x43, 0x94, 0x44, 0x4A,
    0xE2, 0xD1, 0x3E, 0xDE, 0xB3, 0x77, 0x07, 0xEC, 0xBD, 0xBB, 0xEF, 0xF7, 0xBB, 0xEF, 0x51, 0x44,
    0xE2, 0x4C, 0x86, 0x21, 0xC1, 0x6B, 0x87, 0xC1, 0x98, 0xA9, 0x04, 0xC6, 0x74, 0x12, 0xB5, 0x91,
    0x16, 0x55, 0xF9, 0x1D, 0xEF, 0xF7, 0xBC, 0x5F, 0x48, 0x2A, 0xB2, 0xB3, 0x18, 0xC6, 0x8B, 0x61,
    0xB8, 0x66, 0xA7, 0xD8, 0xC9, 0xF6, 0x6B, 0x96, 0x00, 0x48, 0x35, 0x24, 0x9A, 0x83, 0xFC, 0xA1,
    0xF0, 0xD1, 0x2D, 0x30, 0x69, 0x5A, 0xDC, 0xD6, 0xCA, 0x98, 0x2A, 0xA9, 0x93, 0x2A, 0x95, 0xA8,
    0xD9, 0x91, 0x40, 0x17, 0xE2, 0x2F, 0xC0, 0xCF, 0xBC, 0xCE, 0xFB, 0x98, 0x97, 0x07, 0x66, 0x26,
    0xF8, 0x1E, 0xE9, 0xEC, 0x00, 0xDB, 0x40, 0x81, 0x85, 0x3B, 0xA0, 0xE1, 0x06, 0x5E, 0x0D, 0xA9,
    0xFB, 0xCB, 0x67, 0x92, 0x98, 0x23, 0x51, 0x60, 0xDA, 0x33, 0xFB, 0x20, 0x19, 0x34, 0x0E, 0x61,
    0xDD, 0x8B, 0xA9, 0x00, 0xB0, 0xD4, 0x3D, 0x17, 0xC5, 0x80, 0x29, 0xD9, 0xC9, 0x3A, 0x49, 0x41,
    0x23, 0x06, 0x7C, 0xF3, 0x05, 0xE8, 0x5C, 0xF1, 0x31, 0x5C, 0x8B, 0x31, 0x44, 0x3D, 0x06, 0x5F,
    0x73, 0xDF, 0xB9, 0x95, 0x82, 0xA4, 0x8D, 0x32, 0x92, 0xF6, 0x1C, 0x66, 0x18, 0xB6, 0x52, 0x88,
    0x72, 0x2B, 0xCE, 0x46, 0xB2, 0xA5, 0xF2, 0x6D, 0xD9, 0x8A, 0xF2, 0x03, 0x0C, 0x55, 0x2B, 0x5B,
    0x61, 0xA5, 0x31, 0x3C, 0xE0, 0xF0, 0xB0, 0xE1, 0x50, 0xE1, 0xC6, 0x37, 0x1C, 0xFE, 0x91, 0x63,
    0xF2, 0x67, 0x19, 0xBE, 0x76, 0x53, 0x40, 0x00, 0xEB, 0xA4, 0xB3, 0x84, 0x44, 0x39, 0xD4, 0x18,
    0xC0, 0x85, 0x9F, 0xA5, 0x4D, 0xF0, 0x28, 0x4B, 0x7B, 0x39, 0xC2, 0x5D, 0xB9, 0xCE, 0x85, 0x84,
    0x0B, 0x61, 0x50, 0x9F, 0x62, 0xDD, 0xC8, 0x0E, 0xDF, 0x18, 0x2E, 0xF4, 0x07, 0x0E, 0x5B, 0x1C,
    0x3E, 0xE1, 0xF0, 0x15, 0x77, 0x80, 0x75, 0xA3, 0xBB, 0x58, 0x57, 0xED, 0x61, 0xC9, 0xF8, 0x23,
    0x0C, 0x69, 0x98, 0x83, 0x54, 0x34, 0xDF, 0x7D, 0x8D, 0x41, 0x42, 0x72, 0xA5, 0xEC, 0xB0, 0xE7,
    0x67, 0x18, 0x1E, 0x61, 0xC8, 0x8F, 0x78, 0xED, 0xFA, 0xFC, 0x06, 0x86, 0xF0, 0xF1, 0x9E, 0x81,
    0x7C, 0xF6, 0x66, 0x32, 0x8E, 0xF7, 0x8E, 0x64, 0x5B, 0xE5, 0x6F, 0xCA, 0x81, 0xCA, 0x2F, 0x72,
    0xB8, 0x21, 0x1D, 0x27, 0x63, 0xF8, 0x98, 0xC3, 0x17, 0xBC, 0x56, 0x4B, 0xA1, 0xEE, 0x56, 0x98,
    0x77, 0xAF, 0x92, 0x54, 0xB9, 0xEF, 0x1A, 0x09, 0x67, 0x21, 0x35, 0x22, 0xDD, 0xEB, 0xC3, 0x03,
    0x82, 0xD6, 0x1C, 0x4D, 0x34, 0xD0, 0x00, 0x99, 0x53, 0x4F, 0xD0, 0x8E, 0x2C, 0x7C, 0x3D, 0xC2,
    0x96, 0x97, 0xE0, 0xE7, 0x97, 0x47, 0x6A, 0x1E, 0x0C, 0x78, 0x48, 0x9A, 0x80, 0xF5, 0x84, 0x1A,
    0xC8, 0x25, 0x38, 0x92, 0xBF, 0xC1, 0x6A, 0x3D, 0x5D, 0x04, 0x1D, 0x9F, 0x78, 0x43, 0xBF, 0xB1,
    0x4F, 0xAF, 0x3D, 0xF9, 0x79, 0xDF, 0x6B, 0xCB, 0xBB, 0x6D, 0xFA, 0x41, 0x1B, 0x7D, 0xD8, 0x72,
    0xBF, 0xA1, 0xF6, 0x4D, 0xE3, 0x9B, 0xCA, 0x9F, 0x49, 0xAB, 0xE4, 0xA0, 0x1F, 0x70, 0x04, 0xCC,
    0x00, 0x33, 0xE0, 0x97, 0x9B, 0x72, 0xF0, 0xE4, 0x91, 0x1C, 0xFC, 0x4C, 0x7C, 0x27, 0x07, 0x3F,
    0x3D, 0x96, 0x03, 0x6D, 0x06, 0x94, 0xD2, 0xE9, 0x09, 0x90, 0xFA, 0xAD, 0x4E, 0x13, 0xAD, 0x93,
    0xA4, 0xD1, 0x71, 0x02, 0x79, 0x78, 0xDC, 0x7B, 0xD7, 0xAA, 0xA0, 0xEB, 0x95, 0xA7, 0x41, 0x57,
    0x40, 0x57, 0x40, 0x57, 0x0C, 0x3E, 0x13, 0xBF, 0xDC, 0xF4, 0xF4, 0x93, 0x47, 0x9E, 0xFE, 0x99,
    0xF8, 0xCE, 0xD3, 0x3F, 0x3D, 0xF6, 0xB4, 0x36, 0x03, 0x4A, 0x60, 0x02, 0xA4, 0x03, 0x12, 0x20,
    0x26, 0x4D, 0xCA, 0x39, 0xD4, 0x70, 0x91, 0x1A, 0xA8, 0x04, 0x7B, 0x9F, 0xCB, 0xDE, 0xC1, 0xB9,
    0xC9, 0xFC, 0x71, 0xA7, 0xC3, 0x5A, 0x33, 0x00, 0x34, 0xBB, 0xE4, 0x03, 0xDD, 0x29, 0xE2, 0xEE,
    0x4B, 0xE0, 0xDE, 0x73, 0x65, 0x2F, 0x97, 0x37, 0x40, 0xF5, 0x80, 0x4E, 0x39, 0x66, 0x08, 0x51,
    0xED, 0xE0, 0xF0, 0x0B, 0xCF, 0x1C, 0x1E, 0x11, 0xB7, 0xA1, 0x18, 0xA9, 0x62, 0x3A, 0x6F, 0xC2,
    0xC9, 0xA3, 0x31, 0x83, 0x4E, 0x62, 0x09, 0x40, 0x42, 0x2D, 0x6C, 0xDA, 0xD3, 0x0A, 0x3C, 0xE8,
    0xA8, 0x02, 0x11, 0x90, 0x09, 0x6B, 0x2C, 0x19, 0x55, 0xE0, 0x01, 0xE1, 0xAA, 0xE5, 0xC0, 0x80,
    0x60, 0x7A, 0x46, 0x48, 0x1B, 0x3F, 0x77, 0xF1, 0x87, 0xD7, 0x82, 0x83, 0xC0, 0xF2, 0xFD, 0x06,
    0x41, 0xEC, 0x10, 0x9B, 0x48, 0x6B, 0xE7, 0x23, 0xFE, 0x72, 0x0B, 0x5E, 0xF9, 0x83, 0x84, 0xC6,
    0x10, 0xB9, 0x9F, 0x25, 0x15, 0x36, 0x05, 0x84, 0x95, 0x57, 0x9A, 0x3A, 0x32, 0xA6, 0x4E, 0xF6,
    0xA3, 0x3A, 0xC5, 0x92, 0x16, 0x79, 0x04, 0x97, 0x37, 0xF0, 0x46, 0x53, 0x7B, 0xE5, 0x2C, 0xF7,
    0xE5, 0x76, 0x74, 0x57, 0x07, 0x3F, 0xD6, 0x62, 0x32, 0x84, 0x16, 0xD9, 0x1C, 0x68, 0xA6, 0x66,
    0xE6, 0x9E, 0xBC, 0xF8, 0x72, 0xCF, 0xC5, 0x57, 0x7C, 0xD9, 0x17, 0x10, 0x95, 0xE0, 0x47, 0x6C,
    0x03, 0x64, 0xAD, 0x73, 0x5C, 0x5C, 0xEE, 0x37, 0x35, 0x4B, 0x90, 0xBD, 0x17, 0x82, 0x12, 0x4C,
    0xAA, 0x5B, 0x90, 0x4C, 0x03, 0x11, 0xD1, 0x16, 0x72, 0xAB, 0x17, 0xAA, 0x85, 0x5A, 0xA1, 0x52,
    0xAC, 0x4E, 0x56, 0x54, 0x12, 0x77, 0x36, 0x8F, 0x30, 0xA1, 0x30, 0xB3, 0x30, 0xC5, 0x30, 0xD7,
    0x30, 0xE9, 0x30, 0xFB, 0x0C, 0x18, 0x0F, 0xB0, 0x9F, 0x79, 0x8F, 0x73, 0x38, 0x97, 0xDF, 0xB1,
    0xC9, 0x88, 0xB9, 0x88, 0xB4, 0x4E, 0x91, 0x3D, 0xB3, 0x0C, 0xB3, 0x0D, 0xB3, 0xCE, 0x2B, 0x67,
    0xA7, 0x53, 0x68, 0xF3, 0x7B, 0xAF, 0x83, 0xDD, 0x61, 0x3D, 0x04, 0xF7, 0x1A, 0x46, 0x55, 0xD1,
    0x36, 0x04, 0x36, 0x02, 0x5D, 0x0F, 0x7A, 0xA9, 0x9D, 0x5E, 0x68, 0xA6, 0x9B, 0xCB, 0xF5, 0x98,
    0xBD, 0x4F, 0x42, 0x31, 0xE0, 0x3E, 0x30, 0xC9, 0x13, 0xE8, 0xCF, 0x90, 0x6F, 0xA8, 0xE5, 0x10,
    0x19, 0xB1, 0xB7, 0xE0, 0x23, 0xA8, 0x47, 0xF0, 0xDC, 0x5D, 0xFB, 0xBA, 0x46, 0x5E, 0xAC, 0xEC,
    0xE6, 0xBC, 0x84, 0x30, 0x07, 0x82, 0x0F, 0x95, 0xB5, 0x12, 0x7F, 0xDD, 0xD9, 0xD7, 0x75, 0xF0,
    0x62, 0xED, 0xC9, 0x26, 0xF6, 0x4A, 0xD4, 0xCD, 0x9B, 0x59, 0xFC, 0xCF, 0xB8, 0x52, 0x99, 0xCA,
    0xCE, 0x4B, 0x2F, 0x82, 0x54, 0x08, 0xD7, 0x74, 0xFA, 0xBF, 0xE6, 0x7C, 0x45, 0x65, 0x5F, 0x49,
    0x9C, 0xF7, 0xF6, 0x75, 0x2D, 0x3C, 0x5D, 0xBE, 0x2D, 0xF2, 0x27, 0xB7, 0x86, 0xFA, 0xB3, 0xCA,
    0xE2, 0xEA, 0x7C, 0x79, 0x0A, 0xB2, 0x7D, 0xF1, 0xBF, 0xC7, 0x7A, 0xE5, 0x39, 0xF1, 0xB3, 0x39,
    0x24, 0x5D, 0x38, 0xAF, 0xBA, 0xF9, 0x59, 0x16, 0x3F, 0x38, 0x67, 0x1D, 0xE5, 0x2E, 0x4B, 0xD8,
    0x9A, 0x74, 0xFB, 0x7C, 0x78, 0xDA, 0x40, 0x55, 0x19, 0xA3, 0xC2, 0xC4, 0xBA, 0xD9, 0x05, 0x99,
    0x30, 0x8E, 0x37, 0x6E, 0xD5, 0x40, 0x97, 0xA8, 0x80, 0x27, 0x00, 0xF7, 0x38, 0xE6, 0xFE, 0xF2,
    0xA4, 0xE2, 0xBC, 0x08, 0xF3, 0xA5, 0xC4, 0xB4, 0x09, 0x83, 0xA9, 0x1D, 0xEC, 0xA3, 0x85, 0x28,
    0xBC, 0x3E, 0xCE, 0xDD, 0xBB, 0x97, 0xCE, 0x57, 0xC5, 0x32, 0x5F, 0x45, 0xCC, 0x57, 0xF0, 0x80,
    0xA0, 0x66, 0xBE, 0xAA, 0x98, 0xAF, 0xB0, 0xFE, 0x6A, 0xBE, 0x62, 0x09, 0x8F, 0xF8, 0x39, 0x65,
    0x1C, 0xD9, 0x65, 0xA1, 0x3D, 0xE4, 0xAB, 0xD3, 0x62, 0xC1, 0x59, 0xF2, 0xD5, 0x71, 0x3E, 0x03,
    0x98, 0x18, 0xCB, 0x84, 0xE1, 0xDD, 0x6F, 0xC6, 0xA7, 0x50, 0xCA, 0x71, 0xE5, 0x5E, 0xD7, 0xC1,
    0x67, 0x00, 0xC5, 0x12, 0xC7, 0x1F, 0xBC, 0x16, 0x02, 0x54, 0xBC, 0x9A, 0x62, 0x4D, 0xEC, 0x67,
    0x04, 0x6C, 0x01, 0xDB, 0x40, 0x3B, 0xE9, 0x44, 0x4F, 0x50, 0x0D, 0x4D, 0x3A, 0x9F, 0x99, 0x68,
    0x75, 0x7A, 0xBE, 0x83, 0xED, 0xED, 0x48, 0x0C, 0xF9, 0xC1, 0xFA, 0xCC, 0x18, 0xF0, 0x91, 0x8B,
    0x88, 0xE3, 0x8F, 0xB8, 0x49, 0x70, 0x1A, 0x28, 0xEB, 0x74, 0x66, 0xF4, 0x95, 0xE4, 0x3F, 0x10,
    0x45, 0x85, 0x00, 0x5B, 0x1D, 0x60, 0xDF, 0x3D, 0x6C, 0xB6, 0x9F, 0x42, 0x76, 0x1D, 0xD8, 0xE9,
    0x10, 0xB7, 0x8E, 0xA2, 0xF6, 0x32, 0xED, 0x13, 0xD7, 0xDB, 0xA8, 0x4B, 0x6A, 0xB9, 0x74, 0xC8,
    0x1C, 0x5C, 0x21, 0x8F, 0xE6, 0xAA, 0xDD, 0xC8, 0x28, 0x96, 0x34, 0x73, 0x29, 0x7D, 0x77, 0x38,
    0x92, 0xED, 0x40, 0x16, 0x73, 0xEC, 0x8A, 0xE9, 0x52, 0x22, 0x33, 0x5D, 0x5C, 0x45, 0x95, 0x6A,
    0x23, 0xFA, 0x5D, 0xE5, 0x01, 0x12, 0xCF, 0x32, 0x29, 0x0F, 0xAD, 0x0C, 0x61, 0xEF, 0x79, 0x5A,
    0xC7, 0xF9, 0x04, 0x9C, 0x4C, 0x81, 0x22, 0x30, 0x3D, 0xC1, 0xF7, 0xBC, 0x06, 0x9F, 0xC8, 0x21,
    0xC3, 0x1C, 0x7B, 0xCC, 0xBD, 0xF2, 0xF3, 0xDC, 0x1D, 0x59, 0x93, 0xEC, 0x6D, 0x04, 0xA1, 0x04,
    0x3C, 0xF2, 0xD4, 0x15, 0xF1, 0xE4, 0x76, 0x11, 0x01, 0xF7, 0x1A, 0x36, 0xAF, 0x3E, 0x87, 0x3C,
    0xA1, 0x3F, 0x8F, 0x79, 0xE3, 0xD6, 0x8A, 0xED, 0x70, 0x4D, 0xD3, 0xD8, 0x1A, 0xA2, 0xF3, 0xF2,
    0x18, 0x96, 0x95, 0xE4, 0xC7, 0xF7, 0x4F, 0x30, 0xB7, 0xFB, 0xB0, 0x6E, 0xD4, 0xF2, 0x44, 0xE6,
    0xEB, 0xB8, 0xF6, 0xB5, 0xEA, 0x02, 0xD6, 0x10, 0x5A, 0x88, 0x4B, 0x58, 0xF0, 0x16, 0x82, 0x55,
    0x8B, 0xC0, 0x3E, 0x82, 0xD9, 0xC4, 0xDA, 0xE6, 0x15, 0x1B, 0xF3, 0x17, 0x35, 0xC4, 0x2C, 0x23,
    0xBF, 0x3C, 0xE1, 0xA6, 0x75, 0x54, 0x4D, 0x20, 0x93, 0x29, 0x50, 0x0C, 0xE0, 0x7B, 0x5E, 0x03,
    0xEF, 0xF4, 0xF9, 0x2A, 0xA2, 0x5C, 0xCA, 0xFF, 0x0D, 0xF6, 0xA4, 0xAA, 0xB7, 0x19, 0x49, 0x60,
    0x67, 0xA9, 0xD5, 0xF3, 0xFE, 0x4B, 0xE4, 0x79, 0x85, 0xD3, 0x6A, 0x92, 0xF5, 0x88, 0x42, 0xBD,
    0xD7, 0x4B, 0x0F, 0x9B, 0xEF, 0x55, 0x2D, 0x3D, 0x94, 0xD4, 0xDF, 0x47, 0xED, 0xCE, 0x12, 0x0A,
    0xDB, 0xA4, 0x69, 0xF7, 0xF0, 0xB4, 0x1E, 0xA6, 0xDB, 0xC3, 0x9F, 0x7A, 0x9F, 0xA7, 0xD9, 0x23,
    0xEB, 0x0D, 0x3D, 0x8C, 0x1D, 0x74, 0x70, 0xF2, 0x0D, 0xF4, 0xF5, 0x0B, 0x60, 0x6D, 0xDB, 0xB9,
    0x9C, 0x3F, 0x94, 0x62, 0x97, 0xE6, 0xE5, 0xDB, 0x0B, 0x11, 0x36, 0x09, 0x68, 0x24, 0xD4, 0x8D,
    0x8F, 0xDD, 0xA8, 0x46, 0x92, 0x34, 0x97, 0x04, 0x16, 0x6F, 0xC1, 0xF7, 0x20, 0x98, 0x78, 0x8C,
    0x9A, 0x13, 0x71, 0x73, 0x51, 0x43, 0xB1, 0xF6, 0x7F, 0xB5, 0x1A, 0x6F, 0x77, 0xA8, 0xF1, 0xA6,
    0xCF, 0xAF, 0xF1, 0x8E, 0x9C, 0xFE, 0x87, 0x7C, 0xEF, 0x5C, 0x94, 0xD7, 0x8E, 0xCE, 0x50, 0xDB,
    0xB5, 0x8E, 0x8E, 0x3D, 0x3D, 0x0C, 0x48, 0xDD, 0x11, 0x03, 0x6B, 0x66, 0x16, 0xCF, 0x38, 0xDC,
    0xAF, 0xC3, 0xD3, 0x8B, 0xC2, 0xCA, 0xB9, 0xF0, 0x7A, 0x4A, 0xAD, 0xCE, 0x03, 0xCF, 0x00, 0x30,
    0x1F, 0xE2, 0x26, 0xF3, 0x15, 0x3C, 0xCC, 0x27, 0xCD, 0xDA, 0xB5, 0x82, 0x12, 0x9C, 0xC9, 0x12,
    0x5A, 0xE3, 0xA5, 0xDE, 0x9A, 0xAE, 0x3D, 0x01, 0x5B, 0xF4, 0x57, 0x25, 0xEA, 0x52, 0x17, 0x77,
    0x10, 0x53, 0x0F, 0x4F, 0xAD, 0xA7, 0x53, 0xC6, 0x0F, 0x87, 0xCC, 0x79, 0x72, 0xE7, 0xF6, 0xC4,
    0x79, 0xDC, 0x37, 0x63, 0x03, 0x65, 0xE3, 0x95, 0x43, 0x30, 0x8F, 0x16, 0x3E, 0xC6, 0xCF, 0x37,
    0xA4, 0xCC, 0x91, 0x83, 0x11, 0x35, 0x7B, 0xEB, 0xD6, 0x92, 0x6F, 0x7A, 0x7A, 0x4B, 0x8A, 0x56,
    0x92, 0x86, 0x34, 0xE6, 0x4B, 0x29, 0xD3, 0xB9, 0xA7, 0x5D, 0xE0, 0xB4, 0xA7, 0xD7, 0xDD, 0x08,
    0xDB, 0x09, 0xB3, 0x7B, 0x7D, 0x69, 0x66, 0xFB, 0x3D, 0x6C, 0x98, 0xB0, 0xDB, 0xC3, 0x66, 0xCF,
    0x96, 0xCA, 0x46, 0x6C, 0xF5, 0xB0, 0xD3, 0xC3, 0x46, 0x0F, 0xFB, 0x3C, 0x6C, 0xF3, 0xB0, 0xCB,
    0xC3, 0x26, 0x0F, 0x7B, 0x3C, 0x6C, 0xF1, 0xB0, 0xC3, 0xC3, 0x06, 0x0F, 0xFB, 0x3B, 0x6C, 0xEF,
    0xB0, 0xBB, 0xC3, 0xE6, 0x4E, 0x0A, 0xF6, 0xD2, 0x9E, 0x2D, 0x1F, 0xB1, 0x3D, 0x1D, 0xB6, 0x74,
    0xD8, 0xD1, 0x61, 0x43, 0x87, 0xFD, 0x1C, 0xB6, 0x73, 0xD8, 0xCD, 0x61, 0x33, 0x87, 0xBD, 0x1C,
    0xB6, 0x72, 0xD8, 0xC9, 0x61, 0x23, 0x87, 0x7D, 0x1C, 0xB6, 0x71, 0xD8, 0xC5, 0xB1, 0x7B, 0x62,
    0x0F, 0x67, 0xA5, 0x85, 0x73, 0xD2, 0x30, 0x6F, 0xE1, 0x18, 0xB6, 0x70, 0x0C, 0x5B, 0x38, 0x8A,
    0x9D, 0x9A, 0x3F, 0x72, 0xD8, 0x62, 0xE3, 0xE6, 0x13, 0x0E, 0x2D, 0x07, 0x8D, 0x6B, 0x77, 0x1B,
    0x29, 0xD8, 0x3A, 0xDA, 0xE6, 0x90, 0xB2, 0xE3, 0x14, 0x9B, 0x4F, 0x87, 0x16, 0x8E, 0x8B, 0x5D,
    0xD4, 0xCF, 0xD4, 0x99, 0x06, 0x4B, 0xE5, 0xD5, 0xF0, 0xB9, 0xEE, 0x70, 0x2D, 0x57, 0x5C, 0x8D,
    0xE7, 0x75, 0xAE, 0xFA, 0xA2, 0xF6, 0x37, 0xE4, 0xDC, 0xC2, 0x75, 0x0F, 0x79, 0x3D, 0x07, 0xED,
    0x1C, 0xB0, 0xD8, 0x05, 0x56, 0xAF, 0xF7, 0xEA, 0x6B, 0x87, 0xE8, 0xDF, 0xBA, 0xC7, 0x59, 0xA8,
    0x0F, 0x0C, 0xC2, 0x71, 0x99, 0xB1, 0x8C, 0xA4, 0x89, 0x22, 0x25, 0x43, 0x62, 0x65, 0x86, 0x72,
    0x13, 0xFB, 0x52, 0x8B, 0xFD, 0x2D, 0xC1, 0x6B, 0x71, 0x5E, 0xD8, 0x7A, 0xE6, 0xBE, 0x14, 0x08,
    0xC3, 0x05, 0xD2, 0xD3, 0x94, 0xDB, 0x85, 0xB9, 0x94, 0x60, 0x9D, 0x8E, 0x50, 0xC8, 0xB3, 0xB0,
    0xC7, 0xF9, 0x9D, 0xE1, 0x98, 0x4E, 0xF9, 0x58, 0xD7, 0xAE, 0x96, 0xAE, 0x86, 0x0B, 0x69, 0x06,
    0x54, 0x40, 0x03, 0xE8, 0xA0, 0x19, 0x75, 0xC0, 0x36, 0x30, 0x06, 0x62, 0x40, 0xED, 0x35, 0x23,
    0x98, 0xF1, 0x28, 0xF8, 0xBE, 0x19, 0x79, 0x3F, 0x37, 0x23, 0x79, 0x02, 0x94, 0x40, 0x0A, 0x24,
    0x80, 0x02, 0x22, 0x00, 0xA1, 0x21, 0x77, 0x0D, 0x1F, 0xAA, 0xC4, 0xAE, 0xCB, 0x70, 0xB3, 0xA2,
    0x13, 0xAA, 0xAD, 0x84, 0xC3, 0x95, 0x90, 0xE9, 0xD4, 0x33, 0xE2, 0x78, 0x62, 0xA9, 0x1D, 0xDB,
    0x66, 0xF3, 0x49, 0x70, 0xFA, 0x0E, 0x19, 0x5A, 0x14, 0xB9, 0xF8, 0xDD, 0x82, 0x2A, 0x43, 0x92,
    0xBC, 0xF5, 0x1E, 0x86, 0x77, 0xDE, 0xC1, 0xF0, 0xEE, 0xFB, 0xF3, 0x92, 0xD2, 0x76, 0x83, 0x62,
    0x0A, 0xE2, 0xDA, 0xD6, 0xA2, 0xAE, 0xE4, 0x96, 0x0E, 0x94, 0xAC, 0xD6, 0x95, 0x4D, 0xB0, 0xA8,
    0x2B, 0xFD, 0x67, 0xEA, 0xCA, 0x44, 0x64, 0xE8, 0xF7, 0x1C, 0xAB, 0x2B, 0xC5, 0xDB, 0x77, 0x75,
    0x02, 0x72, 0xA0, 0xBC, 0x37, 0x0F, 0x96, 0x78, 0x7F, 0xE3, 0x0B, 0x91, 0x8F, 0x3F, 0x76, 0xAF,
    0x71, 0xBE, 0x9E, 0x3A, 0x53, 0x64, 0xDF, 0xF5, 0xF0, 0xC2, 0x21, 0x10, 0xA6, 0x4F, 0x37, 0x6B,
    0xD6, 0x5C, 0x6F, 0x22, 0x29, 0x38, 0x13, 0xF2, 0xBA, 0xE5, 0x92, 0x1B, 0x6B, 0xAA, 0x3B, 0xED,
    0xBE, 0xC7, 0x2E, 0x4D, 0xF8, 0xF3, 0x3A, 0x6B, 0x41, 0xBA, 0x46, 0x4C, 0xA1, 0x93, 0x33, 0x50,
    0xE8, 0xA8, 0x55, 0xAD, 0xAA, 0x12, 0x9C, 0x90, 0xC6, 0x05, 0xCC, 0x04, 0xB9, 0xB5, 0xDB, 0x49,
    0x3D, 0xBD, 0x9B, 0x06, 0xCD, 0x78, 0x1C, 0x56, 0xBB, 0x29, 0x36, 0x8F, 0x50, 0xBA, 0x93, 0x8E,
    0xA5, 0x48, 0x0A, 0xF8, 0x63, 0xE7, 0x77, 0x4A, 0x47, 0x1A, 0x32, 0xAE, 0x29, 0x67, 0xF5, 0xB8,
    0x93, 0xD0, 0x92, 0xBD, 0x3D, 0xE4, 0x11, 0x3D, 0xE4, 0x2C, 0xD8, 0xD3, 0x85, 0xC5, 0x9A, 0x38,
    0xAF, 0xFC, 0x97, 0xC1, 0xA5, 0x72, 0x79, 0x35, 0x45, 0x5E, 0x9D, 0x40, 0x4A, 0x4F, 0x74, 0x11,
    0xFC, 0x4B, 0x17, 0xEA, 0x43, 0x5D, 0x8C, 0x11, 0x94, 0x10, 0x80, 0xD2, 0x66, 0x99, 0x57, 0x59,
    0xAB, 0x6E, 0x23, 0x1F, 0xD3, 0x2C, 0x65, 0xFF, 0x32, 0xD5, 0x43, 0x53, 0xEB, 0xC8, 0xD9, 0x88,
    0x56, 0x16, 0x93, 0xB1, 0x0D, 0x3F, 0xFB, 0x95, 0xFB, 0x90, 0x7E, 0x96, 0x0B, 0x7F, 0x61, 0x08,
    0x1A, 0x2C, 0xD3, 0x6E, 0x3B, 0x93, 0xBF, 0x78, 0x61, 0x3D, 0x76, 0x18, 0xD1, 0xA5, 0xD2, 0xA3,
    0xB9, 0x23, 0x7D, 0x19, 0x3D, 0x5B, 0xA2, 0xFC, 0x1A, 0xAD, 0x56, 0x5A, 0x11, 0x66, 0x79, 0x7A,
    0x5B, 0xFC, 0xEA, 0xFD, 0xA7, 0x96, 0x3F, 0x0B, 0x7B, 0x57, 0x36, 0xDD, 0x2E, 0xC7, 0x6C, 0xBF,
    0xFC, 0xA5, 0x92, 0xF0, 0x6B, 0x2D, 0x5E, 0xBE, 0xBF, 0xA0, 0x6D, 0xE0, 0x2E, 0x73, 0x74, 0x4F,
    0xFD, 0xFA, 0xE5, 0xC0, 0x9D, 0xCF, 0xF1, 0xBC, 0xFB, 0x6E, 0x8E, 0x59, 0xE0, 0x34, 0x55, 0xC9,
    0x9D, 0x96, 0xBF, 0xB9, 0x89, 0xFB, 0x51, 0x2D, 0xAE, 0x19, 0xAF, 0x77, 0x86, 0x36, 0x03, 0x51,
    0xAC, 0x84, 0xF7, 0xA4, 0xF1, 0x72, 0xE5, 0x8E, 0x73, 0x95, 0xDC, 0x99, 0xD9, 0x96, 0x4E, 0x80,
    0xB7, 0x3C, 0x62, 0x28, 0x79, 0xAA, 0x0B, 0xBF, 0x76, 0x3E, 0x6C, 0x44, 0x9E, 0xF4, 0xEE, 0xF8,
    0xA4, 0x7F, 0xFF, 0xB4, 0x3D, 0x9C, 0x81, 0x87, 0xCD, 0x0D, 0x19, 0xA9, 0x2C, 0x89, 0xAA, 0xE8,
    0x61, 0x13, 0xD4, 0xAD, 0x54, 0x97, 0xCF, 0xDE, 0xF6, 0xBE, 0xF8, 0x06, 0xCB, 0x2B, 0xD0, 0x80,
    0xF9, 0xA9, 0xBD, 0x5A, 0x82, 0x6F, 0xA9, 0xE3, 0xDB, 0xEB, 0x69, 0x7B, 0x97, 0x19, 0xB2, 0x3B,
    0xAC, 0x26, 0x92, 0x2F, 0x57, 0x08, 0xBE, 0xFE, 0x66, 0x91, 0xEF, 0x9D, 0x12, 0xEF, 0x3D, 0xAB,
    0xC4, 0x33, 0x6D, 0x14, 0x0C, 0x53, 0xA0, 0xBE, 0xFD, 0xB9, 0x0A, 0x6B, 0x42, 0xCC, 0xF2, 0xA6,
    0x7F, 0x6E, 0xFD, 0x79, 0xDF, 0x83, 0x43, 0x7D, 0x54, 0x4B, 0x04, 0x63, 0xF7, 0x35, 0x8D, 0x7D,
    0x24, 0x72, 0x7D, 0x73, 0x3D, 0xFD, 0x79, 0xC6, 0x24, 0x86, 0x24, 0x3A, 0xCF, 0xF1, 0x80, 0xB4,
    0xEE, 0xDF, 0x19, 0x4E, 0x08, 0x3C, 0x67, 0xE1, 0xE1, 0x0D, 0x64, 0x09, 0xA6, 0x0B, 0xF5, 0x10,
    0x34, 0x1A, 0xF0, 0x03, 0xFA, 0x72, 0x7B, 0x99, 0xDF, 0x13, 0x14, 0x4E, 0x29, 0x83, 0x21, 0x1C,
    0x09, 0xF9, 0x39, 0x1F, 0x23, 0xD9, 0x8E, 0x11, 0xD8, 0x96, 0xE0, 0xE7, 0x09, 0xCF, 0x4C, 0xC3,
    0x3C, 0x2D, 0x63, 0x14, 0xE1, 0x63, 0xE4, 0xD8, 0xB1, 0xFD, 0x4B, 0x32, 0x37, 0x27, 0xAC, 0xC7,
    0xD8, 0x03, 0x1C, 0xCB, 0xAA, 0x1C, 0xAE, 0x25, 0x11, 0xD7, 0x84, 0x2D, 0x2C, 0xBC, 0xCB, 0x06,
    0xD1, 0x19, 0xA3, 0xAF, 0xC3, 0xBE, 0xAB, 0xE3, 0x5E, 0x16, 0xAC, 0x46, 0xF9, 0x73, 0x20, 0x83,
    0x67, 0xB4, 0xD2, 0x73, 0x3D, 0x0F, 0x3E, 0x10, 0xE4, 0xE0, 0x1E, 0x08, 0x71, 0xAB, 0xCE, 0xB1,
    0x61, 0x3A, 0x14, 0xD6, 0x78, 0xEE, 0x66, 0x3C, 0x1F, 0x9C, 0xFC, 0xF4, 0x91, 0xFC, 0xA3, 0x3D,
    0xE4, 0x9F, 0x6F, 0x5B, 0x97, 0xC0, 0x0B, 0x84, 0xB0, 0x2B, 0x6F, 0x9D, 0xDB, 0xAF, 0x3B, 0xA7,
    0x49, 0xFE, 0x4C, 0xDD, 0xF6, 0x13, 0xAC, 0x73, 0xED, 0x9D, 0x76, 0x68, 0x39, 0x98, 0x6B, 0x79,
    0x25, 0xDA, 0x9D, 0x99, 0x87, 0x3B, 0x87, 0x62, 0x3B, 0x92, 0xEC, 0x24, 0xD6, 0xE1, 0xB2, 0x13,
    0xC5, 0xB3, 0x3E, 0x9D, 0xDD, 0xD0, 0xBA, 0xE8, 0x89, 0xD8, 0x87, 0x67, 0x78, 0xE2, 0xAF, 0x5D,
    0x89, 0x6A, 0xDB, 0x28, 0xCD, 0x55, 0x7C, 0x66, 0xA7, 0x21, 0xB5, 0xF4, 0x7E, 0x18, 0xA2, 0x80,
    0x6D, 0x30, 0xE2, 0xB3, 0x2B, 0x68, 0x79, 0x9D, 0x1D, 0x7C, 0x1E, 0xED, 0x76, 0x51, 0x8D, 0x32,
    0xFD, 0x4C, 0xF6, 0x49, 0x32, 0x43, 0xD9, 0x00, 0x7D, 0x4C, 0x6C, 0x77, 0xC1, 0xAE, 0xFA, 0x77,
    0x99, 0xD8, 0x23, 0x5A, 0x39, 0xEF, 0x26, 0xCC, 0xFF, 0x5B, 0x65, 0xEA, 0xFE, 0x0F, 0x84, 0x2B,
    0xCF, 0x53, 0x59, 0x69, 0x4F, 0x0E, 0xB9, 0x9C, 0x19, 0x32, 0x1C, 0xCF, 0x71, 0x7A, 0xF0, 0x18,
    0xDD, 0xB9, 0x9D, 0x2F, 0x5D, 0xB1, 0xBC, 0x0A, 0xA4, 0xDE, 0x6C, 0x8E, 0xE3, 0xF7, 0x9E, 0x02,
    0x7F, 0x87, 0xEF, 0xBD, 0xCC, 0x46, 0xB1, 0x12, 0x32, 0xBB, 0x34, 0x74, 0x92, 0x9D, 0xC8, 0x5C,
    0x17, 0x26, 0xCD, 0xE8, 0x38, 0xD4, 0x45, 0xC6, 0x92, 0xE8, 0x5D, 0x7B, 0xB4, 0xE1, 0x37, 0xE7,
    0x19, 0xDF, 0xB6, 0xAA, 0x70, 0xED, 0x4E, 0x25, 0xB4, 0x01, 0x76, 0x60, 0x30, 0xCF, 0xE6, 0x77,
    0x50, 0x77, 0xBB, 0x5C, 0x9C, 0xE2, 0xA7, 0xAE, 0xBC, 0x0F, 0x3B, 0xC8, 0x51, 0x27, 0xB6, 0x5A,
    0xE6, 0xBF, 0xAC, 0x64, 0xF6, 0xD7, 0x93, 0x79, 0x04, 0xB8, 0x6A, 0x0F, 0xAE, 0xF1, 0xC0, 0x34,
    0x14, 0xE4, 0xCD, 0xC0, 0x2F, 0xFF, 0x6F, 0x07, 0x36, 0xCC, 0x35, 0xBC, 0x32, 0x77, 0xE7, 0x56,
    0x96, 0xEC, 0xF3, 0x0E, 0xCF, 0x24, 0x93, 0xBF, 0x52, 0x77, 0x8D, 0xA4, 0x54, 0xEF, 0x29, 0xDD,
    0xA4, 0xD5, 0xE8, 0xFB, 0x3C, 0xAC, 0xEA, 0xEE, 0xB4, 0xB9, 0xC4, 0x6B, 0x75, 0x51, 0xE1, 0x2F,
    0x3C, 0x2D, 0x24, 0x94, 0x6D, 0x96, 0x56, 0x09, 0xF8, 0x48, 0xC0, 0x8F, 0x43, 0x58, 0x9F, 0x84,
    0xFF, 0x03, 0xE3, 0xFE, 0xC2, 0x60, 0xFF, 0x97, 0xA1, 0x46, 0x9E, 0x61, 0x03, 0x37, 0x03, 0x00,
    0xC5, 0x5C, 0x3D, 0x93, 0xDC, 0x46, 0x7A, 0x6E, 0x00, 0x55, 0x84, 0xCE, 0x28, 0x1B, 0xC9, 0x05,
    0xBC, 0x53, 0x95, 0xE1, 0x40, 0x81, 0x55, 0xAE, 0x23, 0x12, 0x05, 0x77, 0x55, 0x3B, 0x00, 0x4E,
    0x0C, 0x14, 0x38, 0x38, 0xFF, 0x03, 0x2B, 0x70, 0x66, 0x57, 0x6D, 0xE2, 0x40, 0xE7, 0x9B, 0xD9,
    0x81, 0xCC, 0xE0, 0x82, 0x0B, 0xB4, 0x89, 0x63, 0xF3, 0x1F, 0xF8, 0x02, 0xDF, 0x15, 0xAB, 0x0E,
    0xB3, 0x00, 0xC9, 0x40, 0x81, 0x02, 0x81, 0xC7, 0xC0, 0x81, 0x02, 0x41, 0x16, 0xAB, 0x14, 0x5C,
    0xD9, 0x82, 0xAC, 0xB6, 0x09, 0x5A, 0x98, 0x69, 0x3F, 0x4F, 0x37, 0x80, 0xC1, 0xCC, 0xCE, 0xEC,
    0x07, 0x77, 0x48, 0x0F, 0xE7, 0x99, 0xD9, 0x01, 0x1A, 0x2F, 0xDE, 0xEE, 0x7E, 0xBF, 0xBB, 0x41,
    0x91, 0x0A, 0xE1, 0xD4, 0x42, 0x58, 0x8D, 0x10, 0x62, 0x06, 0x04, 0xC0, 0x1F, 0x89, 0xE1, 0xA5,
    0xD4, 0x72, 0x00, 0x9B, 0x6C, 0x43, 0x29, 0x39, 0x60, 0xD7, 0x79, 0xD3, 0x46, 0x0D, 0xF0, 0xDF,
    0xAD, 0x45, 0x78, 0x4F, 0xEA, 0xEF, 0xF1, 0xEB, 0xD0, 0xF7, 0x99, 0x2B, 0x95, 0xF4, 0xB0, 0x71,
    0xAB, 0x0D, 0x7C, 0xB7, 0x12, 0xB6, 0x52, 0x25, 0x50, 0xDB, 0xD2, 0x6D, 0x70, 0xAC, 0x05, 0xB2,
    0x11, 0xF0, 0x9B, 0xC7, 0x71, 0xBE, 0x46, 0xBB, 0x7A, 0x05, 0xEA, 0xDF, 0xEB, 0x06, 0xE7, 0xC4,
    0xDC, 0x4D, 0x0F, 0x5A, 0x3A, 0xF0, 0x6F, 0x81, 0xD6, 0x00, 0x89, 0xDF, 0x2F, 0x81, 0x58, 0xB5,
    0x03, 0xC4, 0x9B, 0xAB, 0x84, 0xB4, 0x5C, 0xC0, 0x97, 0xD6, 0xFD, 0x10, 0xB7, 0x8A, 0xBB, 0x29,
    0xCA, 0x80, 0x1C, 0xE3, 0xD0, 0x23, 0xEB, 0x8E, 0x91, 0x33, 0xB6, 0x09, 0x0B, 0x21, 0x78, 0x0D,
    0xAF, 0x15, 0x04, 0x68, 0x89, 0xE3, 0x17, 0xC2, 0x51, 0x2A, 0xF5, 0x81, 0xA0, 0x74, 0x93, 0x90,
    0xED, 0x88, 0x04, 0xBD, 0xAA, 0x84, 0xF0, 0x54, 0x82, 0x31, 0x41, 0xBF, 0x42, 0xC5, 0xCE, 0x80,
    0x42, 0x50, 0x0A, 0xE1, 0xE2, 0x8C, 0x53, 0xF1, 0xFB, 0x6D, 0xFC, 0x8E, 0x95, 0x2A, 0x00, 0x71,
    0x4B, 0x3D, 0x03, 0x8F, 0x2B, 0xF3, 0x16, 0x91, 0xB8, 0xE2, 0x7B, 0xB8, 0xC4, 0x4B, 0xA5, 0xFF,
    0xA8, 0xC1, 0xE7, 0x30, 0x7A, 0x37, 0xA1, 0x86, 0x5E, 0x15, 0x3D, 0xD0, 0xEF, 0x6B, 0xE1, 0xFB,
    0x22, 0x4C, 0xEF, 0x24, 0x79, 0xC2, 0x5E, 0x05, 0x18, 0x75, 0x5B, 0x9D, 0x62, 0x94, 0xEA, 0x35,
    0x9E, 0x6C, 0x43, 0x95, 0x80, 0x04, 0x5A, 0xFC, 0x5E, 0x00, 0x91, 0xFB, 0x50, 0x23, 0xF6, 0xF0,
    0xED, 0x03, 0xE1, 0x87, 0xF5, 0x22, 0xB7, 0x54, 0xBB, 0xB0, 0x94, 0xFC, 0x1B, 0x91, 0x9F, 0x66,
    0x6E, 0x21, 0xF6, 0x43, 0x25, 0x39, 0x24, 0x11, 0xA8, 0x73, 0xF5, 0x48, 0xE2, 0x58, 0xD3, 0xA1,
    0x5D, 0xFF, 0xCD, 0xE3, 0xAA, 0x06, 0xCA, 0xCC, 0x5E, 0x5D, 0x47, 0xB2, 0xA5, 0x5D, 0x5B, 0x94,
    0xEE, 0x31, 0xDA, 0x6D, 0x08, 0x5B, 0x98, 0xE1, 0xA0, 0x28, 0x50, 0xBC, 0x38, 0x2D, 0xA7, 0x6B,
    0xCD, 0x6C, 0x71, 0xB2, 0xC5, 0xC9, 0x56, 0x9C, 0x89, 0xD6, 0x6A, 0x45, 0x0B, 0xC9, 0x6F, 0xFD,
    0x52, 0xB4, 0x71, 0x22, 0xDA, 0x33, 0x21, 0x56, 0x10, 0x1A, 0x0C, 0x95, 0xA0, 0xD0, 0xB6, 0x10,
    0x9E, 0x16, 0xE2, 0xD7, 0x7A, 0x24, 0xDE, 0xE0, 0xDA, 0x25, 0x10, 0x03, 0x01, 0x68, 0xF8, 0x65,
    0x4B, 0xB5, 0xB9, 0x0D, 0xA2, 0x93, 0x4E, 0xFC, 0x78, 0x5F, 0x0A, 0xD8, 0xE8, 0x86, 0x13, 0x48,
    0xDB, 0x44, 0xF8, 0x40, 0x00, 0xC4, 0x40, 0x0E, 0x3C, 0xAF, 0x26, 0xF6, 0xB7, 0xD5, 0xC4, 0x79,
    0x5A, 0x4D, 0xBC, 0xC7, 0xD5, 0xC4, 0xBF, 0x5B, 0x4D, 0x42, 0xA7, 0x9A, 0x4C, 0x80, 0x0C, 0x90,
    0x4E, 0x15, 0xD5, 0x4E, 0x15, 0x57, 0x40, 0x01, 0xA4, 0x80, 0x30, 0x10, 0xBF, 0xF6, 0xD0, 0xB1,
    0x36, 0xC0, 0xC7, 0x9C, 0x7A, 0xEC, 0x49, 0xB1, 0xFD, 0x9A, 0x51, 0x6F, 0x62, 0x7E, 0x60, 0x0C,
    0x66, 0x64, 0xAA, 0x15, 0x5E, 0x09, 0x2D, 0x77, 0xA8, 0xCB, 0xB6, 0xA4, 0xAE, 0xB7, 0x0E, 0xF4,
    0x61, 0xE1, 0x81, 0xDF, 0xD8, 0x87, 0x2E, 0x06, 0x7F, 0x4D, 0xEE, 0xD1, 0x5D, 0xE1, 0x2C, 0xF1,
    0x61, 0xB7, 0xA2, 0x1B, 0x39, 0x4E, 0x83, 0xD6, 0x9D, 0x40, 0xA1, 0x59, 0xC8, 0x3B, 0x06, 0xCF,
    0xF4, 0x3D, 0x9C, 0xFA, 0xA6, 0xC0, 0x94, 0x0F, 0x10, 0xE4, 0x62, 0x1B, 0x1E, 0x6F, 0xEE, 0xD3,
    0x16, 0x06, 0x64, 0x28, 0xE4, 0x74, 0x4E, 0xA0, 0x2E, 0x62, 0xCA, 0xC1, 0x7E, 0xC0, 0x31, 0x90,
    0x68, 0x67, 0xD5, 0xE8, 0xA2, 0x5D, 0xA3, 0x33, 0x0E, 0x06, 0x4C, 0xB8, 0x25, 0x3A, 0xE8, 0x15,
    0xE0, 0xDC, 0xA7, 0x79, 0xC5, 0x47, 0x03, 0xEE, 0x69, 0x88, 0x68, 0x57, 0x62, 0x1A, 0x96, 0x13,
    0x0E, 0x4E, 0xA6, 0x87, 0x09, 0xAA, 0xD2, 0x63, 0xD2, 0xCD, 0x64, 0x8F, 0x58, 0x55, 0xD4, 0x4B,
    0x9E, 0x2B, 0x26, 0xE2, 0xB8, 0x34, 0x53, 0xE9, 0xD4, 0x6B, 0x78, 0x55, 0x84, 0xE3, 0x38, 0x9F,
    0xB2, 0x5D, 0x08, 0x75, 0x23, 0x62, 0x18, 0x7D, 0xD2, 0x8B, 0xC4, 0x3C, 0xC5, 0xD4, 0x17, 0x1D,
    0xF0, 0xF7, 0xBC, 0x33, 0x88, 0x0D, 0xCF, 0x27, 0xA0, 0x59, 0x6C, 0xD2, 0x74, 0x7B, 0x7A, 0x85,
    0xA1, 0xF7, 0xEC, 0xF0, 0x86, 0x38, 0xC6, 0x90, 0xF4, 0x88, 0xAC, 0x35, 0x66, 0x23, 0x64, 0x1D,
    0x5A, 0xA0, 0xB1, 0x24, 0xFF, 0x51, 0x74, 0x08, 0xBF, 0xB0, 0x24, 0xE6, 0x6B, 0xD5, 0x63, 0x0A,
    0xE3, 0xB5, 0x8D, 0x43, 0x3B, 0xBF, 0x99, 0x53, 0x62, 0xA2, 0x9C, 0x72, 0x26, 0x02, 0xA7, 0xCC,
    0x84, 0x7F, 0xAF, 0x94, 0xC2, 0x7D, 0xFC, 0x7B, 0xD8, 0xAF, 0xA7, 0x4F, 0x4B, 0x61, 0x7D, 0xFB,
    0x6F, 0x90, 0xE2, 0xE7, 0x5F, 0x53, 0x21, 0x28, 0xC0, 0xF1, 0x4A, 0xFB, 0x13, 0x74, 0xFD, 0xDB,
    0xCF, 0x20, 0x11, 0x5F, 0xA2, 0x89, 0x6E, 0xEC, 0x3F, 0x7E, 0x22, 0x45, 0x70, 0x17, 0x4A, 0x1B,
    0x92, 0x4A, 0xE4, 0x94, 0x91, 0xA1, 0x9C, 0x39, 0x65, 0xD8, 0x39, 0x01, 0x85, 0x31, 0x57, 0xC5,
    0x0F, 0xB4, 0xCB, 0xF1, 0xE8, 0x30, 0x00, 0x88, 0x95, 0x35, 0x87, 0xF3, 0x5A, 0x62, 0x2E, 0x1A,
    0xCE, 0x07, 0x6E, 0x74, 0x5C, 0x76, 0x1E, 0xB3, 0x1B, 0x61, 0xA7, 0xFE, 0x89, 0x08, 0x28, 0xC7,
    0x25, 0xCD, 0x18, 0x69, 0x1D, 0x5A, 0xED, 0xED, 0xE2, 0x47, 0x5A, 0x6B, 0x2C, 0xED, 0xD4, 0xCA,
    0x0D, 0x7D, 0x3F, 0xF4, 0xBD, 0x0E, 0x6E, 0x22, 0xC7, 0x02, 0x18, 0x6B, 0x1D, 0x34, 0x88, 0x46,
    0x98, 0x75, 0xE0, 0xBF, 0xD6, 0xC0, 0x86, 0x14, 0xE2, 0xEA, 0x0C, 0x0E, 0x3D, 0xCB, 0xE1, 0x5D,
    0xE6, 0x89, 0xC8, 0x3E, 0x80, 0x0E, 0x07, 0x98, 0x93, 0x30, 0xF5, 0x8B, 0xB0, 0x80, 0x13, 0x2F,
    0xC3, 0x32, 0xAA, 0xA2, 0xEA, 0xA8, 0xFE, 0x87, 0xEA, 0x48, 0xFE, 0xA6, 0x3A, 0xFA, 0xE0, 0x9B,
    0x7A, 0x3A, 0xF9, 0xA2, 0x9E, 0xC6, 0x4F, 0xEA, 0x69, 0xF0, 0xB0, 0xCE, 0xFC, 0x0F, 0xEB, 0x0C,
    0x16, 0x62, 0x8C, 0x16, 0x73, 0x06, 0xD6, 0x65, 0xD3, 0x21, 0x83, 0xF1, 0xB8, 0x08, 0xC6, 0x9D,
    0x19, 0x5C, 0xD6, 0x96, 0x10, 0x01, 0x07, 0x48, 0xA5, 0x70, 0xE1, 0x95, 0x27, 0x3D, 0x58, 0x27,
    0xBB, 0x81, 0xAD, 0x6A, 0x61, 0xB4, 0x32, 0x98, 0x9F, 0x59, 0x87, 0xA8, 0x83, 0xFE, 0xCD, 0x73,
    0x6C, 0xC3, 0xB6, 0xBC, 0x86, 0xD7, 0x92, 0x06, 0x69, 0x5D, 0xF7, 0xFE, 0x97, 0xE1, 0x18, 0x36,
    0x2A, 0x57, 0x9A, 0x2E, 0x06, 0x7A, 0x9E, 0x64, 0x98, 0x2B, 0xA8, 0xD5, 0x08, 0x41, 0x9A, 0x89,
    0x9C, 0xAE, 0xBC, 0x6B, 0x77, 0x3A, 0x04, 0x65, 0xBB, 0x20, 0x3C, 0x04, 0x64, 0xB9, 0xAA, 0x74,
    0x7F, 0x1B, 0xEB, 0x94, 0xEE, 0x82, 0xDE, 0x37, 0xEE, 0x82, 0xB8, 0xD9, 0x16, 0xFA, 0xC0, 0x2E,
    0x4E, 0x8C, 0x6B, 0xF1, 0x1B, 0xEB, 0xBE, 0x33, 0x0A, 0xEE, 0xC6, 0xFD, 0xDD, 0xE9, 0x17, 0xAE,
    0x89, 0xD7, 0xE1, 0x0F, 0x87, 0xFB, 0xCD, 0x25, 0x03, 0x53, 0x7A, 0x9D, 0x22, 0xFC, 0xF4, 0x9F,
    0xCB, 0xD8, 0xFF, 0x65, 0x7D, 0xE2, 0xDF, 0xAB, 0x67, 0xFE, 0x87, 0x32, 0x1B, 0x81, 0xBF, 0x4F,
    0xFC, 0x7F, 0xAC, 0x63, 0x9C, 0x63, 0x3B, 0xDF, 0x84, 0x7C, 0xFA, 0xFA, 0x31, 0xEF, 0xA1, 0x96,
    0x09, 0xAB, 0x71, 0x2B, 0xA7, 0x76, 0x6A, 0xAF, 0xB4, 0x1A, 0xB0, 0xBF, 0x60, 0x67, 0x30, 0x8A,
    0x61, 0xCB, 0xC8, 0x18, 0x66, 0xAA, 0x36, 0x71, 0x00, 0xBD, 0x64, 0x0C, 0x05, 0xE5, 0xF9, 0x36,
    0x28, 0xD8, 0x9E, 0xD7, 0x41, 0xA6, 0x64, 0x90, 0x42, 0x7D, 0x71, 0x26, 0x83, 0x4D, 0xBB, 0x29,
    0x30, 0x2F, 0x4D, 0x8F, 0x5D, 0xE6, 0x3B, 0xC2, 0xC0, 0x5E, 0x04, 0xD8, 0x98, 0x3A, 0x2C, 0xDD,
    0x1A, 0x4E, 0xB9, 0xF6, 0x38, 0xC7, 0xF9, 0x77, 0xB5, 0xB1, 0xA7, 0xBB, 0xB1, 0xAD, 0xBF, 0xE7,
    0x40, 0x1D, 0xBF, 0x04, 0x9B, 0x3A, 0x44, 0x07, 0x70, 0x01, 0x82, 0xCB, 0x71, 0xD9, 0x18, 0x70,
    0x1A, 0x7B, 0x9C, 0xF3, 0xC9, 0xEA, 0x05, 0xFD, 0x48, 0x61, 0x7C, 0x3A, 0x34, 0xC6, 0x78, 0xDA,
    0x6C, 0xD3, 0xF3, 0xBA, 0x4D, 0xE7, 0xF7, 0x0B, 0x91, 0xBF, 0x10, 0xC6, 0x66, 0xED, 0x86, 0x02,
    0x05, 0xA5, 0x88, 0x87, 0xB2, 0x0D, 0x9E, 0xC8, 0xD6, 0xFD, 0x42, 0xB6, 0x0E, 0xF1, 0x8D, 0xF9,
    0xE6, 0x6F, 0x1C, 0xE7, 0x79, 0xB6, 0x9B, 0xA3, 0xFD, 0x45, 0xFA, 0x9C, 0xAB, 0xFB, 0xC0, 0x8A,
    0xF6, 0x01, 0xB6, 0xE0, 0xB8, 0xC2, 0x9C, 0x73, 0xCC, 0x3A, 0xFB, 0xC1, 0x6F, 0xFE, 0x3E, 0xAE,
    0x78, 0x9E, 0xED, 0x8E, 0xD1, 0xFE, 0x96, 0x8E, 0x7B, 0x5A, 0xED, 0x43, 0x7F, 0x22, 0x72, 0xA6,
    0x23, 0x9D, 0x8F, 0xB4, 0x8D, 0x9F, 0x1C, 0x3B, 0xFD, 0x91, 0xDF, 0x34, 0xC2, 0xEB, 0x97, 0xEF,
    0xE0, 0x9A, 0x58, 0x27, 0xBA, 0x8D, 0xA6, 0x95, 0x89, 0x15, 0x8C, 0x3F, 0xEE, 0xEF, 0x23, 0x4D,
    0xF0, 0x3F, 0xAE, 0xB3, 0xF0, 0x5D, 0x00, 0x7C, 0xC7, 0xB0, 0xD7, 0x91, 0x68, 0xF2, 0xD5, 0x1A,
    0xFC, 0x8D, 0xE3, 0x8D, 0x3E, 0xC7, 0x36, 0x6C, 0x1B, 0xE0, 0x1A, 0x5E, 0xEB, 0xAA, 0x34, 0xB3,
    0xA0, 0xA6, 0x6F, 0x6A, 0x7B, 0x4A, 0xBB, 0x5A, 0x7B, 0x48, 0x24, 0xA0, 0x13, 0xB5, 0x9F, 0xDA,
    0x75, 0x90, 0x9A, 0x6F, 0xFE, 0xE6, 0xF1, 0xC1, 0x0E, 0xC5, 0xC0, 0x89, 0x49, 0x2A, 0x6C, 0x1E,
    0xAF, 0x4D, 0x1B, 0xB6, 0x8F, 0xD1, 0x27, 0x2B, 0x7F, 0x26, 0x90, 0x90, 0x12, 0xA9, 0x9D, 0xE8,
    0x78, 0x01, 0x70, 0x0B, 0x2B, 0x57, 0x25, 0x64, 0xBA, 0x0C, 0x4F, 0x3D, 0x84, 0x16, 0xAE, 0x41,
    0xEA, 0x95, 0x88, 0x2B, 0xA8, 0xE3, 0xA5, 0x95, 0xAF, 0xA0, 0xD8, 0x3F, 0x2C, 0x90, 0xA1, 0x62,
    0x5E, 0x91, 0x7E, 0xA9, 0x7F, 0x42, 0x14, 0x69, 0xD4, 0x9D, 0x41, 0x6D, 0x14, 0x4A, 0x3D, 0x86,
    0xF3, 0x32, 0x2C, 0x4E, 0x60, 0xA5, 0x10, 0x27, 0x57, 0x8C, 0x95, 0x17, 0xB8, 0xE7, 0xAC, 0xC3,
    0x49, 0xA7, 0x43, 0x71, 0xE2, 0x55, 0x01, 0xDA, 0xF9, 0xDA, 0xD7, 0xA0, 0x8F, 0xF3, 0x4A, 0x18,
    0xDB, 0xDE, 0xF6, 0xB6, 0x1D, 0x08, 0x81, 0x93, 0xCE, 0x8E, 0x2F, 0x3B, 0x7B, 0xDF, 0xDB, 0xF9,
    0x79, 0x8A, 0x76, 0x89, 0x99, 0xC3, 0x0A, 0x63, 0xBF, 0x32, 0x6F, 0x04, 0x71, 0x97, 0xBE, 0xF5,
    0x00, 0xF5, 0x88, 0x6C, 0x33, 0x58, 0xB3, 0x75, 0xBD, 0x81, 0xD9, 0x99, 0xD5, 0x0D, 0x1C, 0x83,
    0x71, 0x74, 0x6A, 0xD9, 0x03, 0xC1, 0xF5, 0x6C, 0x0C, 0x71, 0x3C, 0x32, 0x9A, 0x25, 0x9C, 0x7A,
    0xD7, 0xE9, 0xB5, 0xC2, 0x1A, 0xC7, 0xA1, 0xAB, 0x01, 0x95, 0x95, 0xFA, 0x7D, 0x7E, 0x7C, 0xBC,
    0x32, 0x71, 0xA1, 0x7F, 0xB7, 0x6C, 0x10, 0xE5, 0x3D, 0xD1, 0x21, 0x21, 0xE6, 0xE1, 0xDB, 0xCF,
    0x30, 0x9C, 0xBF, 0xF8, 0x9A, 0x97, 0xD0, 0x72, 0xEB, 0x44, 0xE9, 0x3B, 0x44, 0x88, 0x36, 0x43,
    0x42, 0xF7, 0xE9, 0x53, 0xB8, 0x95, 0x7B, 0x88, 0x06, 0xFB, 0x40, 0x70, 0x62, 0x62, 0x40, 0x6F,
    0x24, 0xC3, 0x6F, 0x63, 0xEC, 0xCC, 0x8C, 0x60, 0xB4, 0x31, 0x76, 0x8E, 0x56, 0xF3, 0xF9, 0x60,
    0xE8, 0xDF, 0xC1, 0xD8, 0xCD, 0xB5, 0x7F, 0x5C, 0x42, 0xB4, 0x4E, 0xA1, 0xF4, 0x41, 0xD2, 0x60,
    0x6C, 0x1B, 0xA1, 0x92, 0xC6, 0x06, 0xDC, 0xCF, 0x93, 0xC6, 0xFF, 0x59, 0xD2, 0xDC, 0xF1, 0x93,
    0x66, 0x0A, 0x48, 0x3F, 0xF9, 0xDF, 0xDA, 0x4F, 0x54, 0x01, 0xA4, 0x80, 0xF0, 0x93, 0x25, 0x80,
    0x18, 0x29, 0x71, 0x93, 0x1F, 0x43, 0x4A, 0x1A, 0x9D, 0xA2, 0x8B, 0x3C, 0xDD, 0x88, 0xED, 0x6E,
    0x42, 0xD7, 0xF8, 0x71, 0xC8, 0x00, 0xDC, 0x57, 0x86, 0xF8, 0x2C, 0x8B, 0x53, 0x91, 0x61, 0x28,
    0x72, 0x69, 0xC0, 0xBF, 0xB3, 0x90, 0x69, 0x3B, 0xCE, 0x59, 0x6D, 0x2F, 0x2F, 0xB8, 0x06, 0xBA,
    0xBB, 0x3D, 0xBD, 0x63, 0x70, 0x9A, 0x17, 0x66, 0x9A, 0x1D, 0x4C, 0x73, 0x80, 0x29, 0xCE, 0x2B,
    0xBB, 0x9E, 0x43, 0x37, 0x7E, 0x2E, 0xA8, 0x4F, 0xA2, 0xD1, 0x31, 0x4F, 0xE5, 0x34, 0x41, 0xED,
    0xB6, 0x41, 0xED, 0xB7, 0xE1, 0x07, 0xFE, 0x34, 0x3C, 0xBA, 0x33, 0xBD, 0xF3, 0xA3, 0xA3, 0x69,
    0x14, 0x4C, 0x27, 0x91, 0x2F, 0x27, 0x91, 0x57, 0x4F, 0x22, 0x84, 0xAE, 0x91, 0xC9, 0xEA, 0x22,
    0xC2, 0xC8, 0xEB, 0x79, 0x98, 0x58, 0x44, 0x75, 0x72, 0xBD, 0xBB, 0x0D, 0xE5, 0x9F, 0x7A, 0x40,
    0x7D, 0x08, 0xA1, 0x17, 0x31, 0x34, 0x6B, 0x36, 0xD8, 0x2D, 0x83, 0x99, 0xD6, 0x1D, 0xAF, 0x0A,
    0xB7, 0xF4, 0xE6, 0x2A, 0xF4, 0xF7, 0xE1, 0x2F, 0x10, 0x0A, 0x18, 0xFD, 0x82, 0xCD, 0xB2, 0xF2,
    0x7E, 0x0C, 0xA1, 0x5F, 0x5E, 0x87, 0x75, 0x5C, 0x75, 0x96, 0xE4, 0x89, 0xB1, 0xAD, 0x8D, 0x58,
    0xE4, 0xBB, 0xE3, 0xAA, 0xAE, 0x58, 0x56, 0xD1, 0x8E, 0x04, 0xD2, 0x4A, 0xE3, 0x74, 0x33, 0x96,
    0x1A, 0xE2, 0x27, 0x06, 0x2A, 0x52, 0xDC, 0x47, 0xBB, 0xCA, 0xD6, 0xB1, 0x13, 0xF3, 0x50, 0x55,
    0xF5, 0xB8, 0x6E, 0x9C, 0xD4, 0xDB, 0x95, 0x30, 0x71, 0xAB, 0x20, 0xF5, 0x0A, 0x1F, 0xFF, 0xBC,
    0xD2, 0x47, 0x66, 0x10, 0x24, 0x38, 0x0A, 0x8B, 0x8D, 0x19, 0x6A, 0xC1, 0xC1, 0x8C, 0xA9, 0x33,
    0xF3, 0x10, 0x9A, 0xEE, 0xCA, 0xA4, 0x49, 0x2C, 0x7D, 0x20, 0x40, 0xA7, 0xAA, 0xE5, 0xD0, 0xB9,
    0x39, 0x53, 0x14, 0x9B, 0x2E, 0xE0, 0x02, 0x1C, 0x9B, 0xF2, 0x0E, 0x63, 0x80, 0xE0, 0xE9, 0xD3,
    0x36, 0x44, 0x72, 0x46, 0x75, 0x66, 0x6A, 0xD6, 0x83, 0xBF, 0x79, 0x9C, 0xE7, 0xD9, 0x8E, 0xED,
    0x79, 0xDD, 0x2E, 0x7A, 0x88, 0x71, 0x1A, 0xAF, 0xD4, 0x71, 0x52, 0xA1, 0x2B, 0x24, 0x27, 0x51,
    0x17, 0x23, 0xD5, 0xA6, 0x96, 0xC0, 0xB8, 0x9C, 0x52, 0x86, 0x73, 0x34, 0x4A, 0x2C, 0x14, 0x30,
    0xB6, 0x82, 0xE4, 0x2C, 0xAF, 0x3B, 0xE7, 0x5D, 0x99, 0x4B, 0xC3, 0x0C, 0xC0, 0x1A, 0x13, 0xCC,
    0xF9, 0x18, 0x11, 0x10, 0x13, 0x18, 0x53, 0xE6, 0x97, 0xBE, 0xF6, 0xFD, 0x5F, 0x77, 0x3E, 0x63,
    0x13, 0xD7, 0x8D, 0x6D, 0x36, 0xE3, 0x1A, 0xB7, 0xD8, 0x40, 0x78, 0x31, 0x70, 0x8D, 0xEC, 0xB1,
    0x1D, 0xA5, 0xEC, 0x8C, 0x5F, 0xE0, 0x2B, 0x4C, 0xCC, 0x62, 0xF7, 0x31, 0xCB, 0xA2, 0x43, 0xAB,
    0x8F, 0x51, 0x06, 0xFF, 0x65, 0x95, 0xEC, 0xCC, 0xA1, 0x56, 0xCC, 0xA3, 0x1E, 0xD5, 0x99, 0xF7,
    0xFB, 0x3A, 0x73, 0xFE, 0x6B, 0x13, 0x38, 0xC6, 0x73, 0xE1, 0xD2, 0xAE, 0x77, 0xC7, 0x23, 0xCF,
    0xB4, 0x6E, 0x2D, 0x60, 0x73, 0xCF, 0xEB, 0x15, 0x7D, 0xD8, 0x4A, 0xFC, 0x2D, 0xC4, 0xDD, 0xD3,
    0xF5, 0x97, 0x25, 0x73, 0xF8, 0xE4, 0x07, 0x62, 0xCE, 0xF1, 0xAC, 0x74, 0x8C, 0x91, 0x2B, 0x03,
    0x1D, 0x8B, 0x38, 0x5A, 0x68, 0xFF, 0xDC, 0xC4, 0x1B, 0x09, 0x6B, 0x35, 0xBC, 0x6E, 0x82, 0x5C,
    0x77, 0x82, 0x78, 0x63, 0xE2, 0x29, 0xE4, 0xCA, 0x8F, 0xEB, 0x49, 0xF0, 0x53, 0x39, 0x09, 0x84,
    0x8C, 0x95, 0x68, 0x7A, 0xF0, 0xB7, 0x3E, 0xCE, 0xF3, 0x6C, 0xC7, 0xF6, 0xB8, 0x0E, 0x8E, 0x33,
    0x75, 0xBB, 0x79, 0x0D, 0x4B, 0xCC, 0xB1, 0x30, 0x08, 0x4E, 0xBD, 0xC2, 0x33, 0x71, 0x5E, 0xA1,
    0xE5, 0xAD, 0xA2, 0x4E, 0xE1, 0x78, 0x62, 0xE4, 0x61, 0xC6, 0x39, 0xBF, 0x3D, 0xF2, 0x6D, 0x43,
    0xF9, 0xB0, 0x58, 0x3B, 0x80, 0x1B, 0xB8, 0x46, 0xAB, 0xBE, 0x23, 0x9C, 0x26, 0xD6, 0xDF, 0x1B,
    0xAF, 0x1B, 0xD0, 0xB4, 0xBB, 0x12, 0x3A, 0x31, 0x87, 0xAF, 0x24, 0x9C, 0xD1, 0x31, 0xE7, 0x3B,
    0x53, 0x98, 0x07, 0x4A, 0xA7, 0x42, 0x1E, 0xCB, 0xBC, 0x05, 0xBE, 0xC1, 0xC0, 0x92, 0x17, 0x80,
    0x71, 0xE2, 0x68, 0x8E, 0xA8, 0x57, 0x2A, 0xE1, 0xA2, 0x04, 0xE8, 0x62, 0x64, 0x74, 0xEE, 0x26,
    0xDE, 0xEA, 0xBA, 0x70, 0xBD, 0x58, 0x65, 0x6C, 0x50, 0x9F, 0x59, 0x05, 0x13, 0xCF, 0x48, 0x13,
    0x91, 0x1A, 0xB3, 0x0D, 0x83, 0x6A, 0x9D, 0x8E, 0x0D, 0xAA, 0x0D, 0xE1, 0x0B, 0x74, 0x41, 0x6F,
    0x09, 0x03, 0x79, 0x5B, 0xB7, 0x9D, 0x9F, 0x72, 0x61, 0x21, 0x41, 0xF0, 0x47, 0x0D, 0x41, 0x82,
    0x08, 0xA3, 0xCF, 0x94, 0xF7, 0xEF, 0xE1, 0x40, 0x8D, 0x13, 0x69, 0x75, 0x50, 0xA0, 0x1B, 0xAB,
    0x0E, 0x33, 0x31, 0x5A, 0x1F, 0x58, 0xC3, 0xDC, 0x78, 0x0F, 0xF4, 0x92, 0x46, 0xF1, 0x57, 0x60,
    0x00, 0x43, 0x00, 0x7E, 0x6C, 0xB8, 0xF8, 0x9F, 0xD6, 0x22, 0x78, 0xDC, 0x08, 0x7E, 0x8F, 0x5F,
    0x37, 0xA1, 0xC9, 0x85, 0x11, 0xD8, 0x48, 0xBC, 0xB9, 0x42, 0xA2, 0xB3, 0x59, 0xD5, 0x98, 0xB7,
    0x4E, 0x67, 0x2E, 0x7B, 0x5B, 0xCD, 0x3B, 0xAE, 0x9C, 0x53, 0x78, 0xCA, 0x37, 0x69, 0xD2, 0xE5,
    0x1A, 0x15, 0x44, 0x4D, 0x43, 0x55, 0x40, 0x8B, 0xBF, 0x67, 0x00, 0x2C, 0xBB, 0x8C, 0xBD, 0x52,
    0x46, 0x41, 0x21, 0x4F, 0xF2, 0x54, 0x2D, 0xE7, 0x42, 0xB5, 0x3F, 0x16, 0x79, 0x75, 0x04, 0x33,
    0x7E, 0x1E, 0xDA, 0xAD, 0x21, 0x82, 0x7C, 0x22, 0xF1, 0xBB, 0x01, 0x5A, 0xF3, 0xFD, 0x04, 0x50,
    0x38, 0xA6, 0xEA, 0x23, 0xF4, 0xE2, 0x15, 0x8A, 0x26, 0xA6, 0x39, 0x35, 0x92, 0xC9, 0x01, 0x82,
    0x9F, 0xD1, 0xE2, 0x73, 0x7B, 0x3D, 0xFA, 0x37, 0x0A, 0xB5, 0xDE, 0xEF, 0x6A, 0x0B, 0x59, 0x6F,
    0x06, 0x78, 0xAF, 0xE4, 0x20, 0x21, 0xA0, 0x75, 0xFF, 0x4F, 0x60, 0xBA, 0x31, 0xE5, 0xF9, 0xB2,
    0x2F, 0x54, 0x0C, 0xAF, 0x43, 0xBB, 0xFB, 0x97, 0x70, 0xA1, 0x03, 0xF4, 0x78, 0x8E, 0xD0, 0x1B,
    0x83, 0xB9, 0x59, 0xFB, 0xD4, 0xE8, 0x8F, 0x0D, 0x80, 0xD9, 0xA7, 0x56, 0x03, 0xD2, 0x42, 0x98,
    0x89, 0x63, 0x4B, 0x60, 0x36, 0x02, 0xD3, 0xE8, 0x56, 0x9F, 0x37, 0xA9, 0x97, 0xB0, 0x7E, 0x2D,
    0xCE, 0xD3, 0xA9, 0xC7, 0xF7, 0x5B, 0x6A, 0x6C, 0xDD, 0xA7, 0x73, 0x7B, 0x48, 0xC9, 0x49, 0x93,
    0x53, 0x68, 0xB0, 0xE1, 0xF6, 0x2E, 0x2D, 0xFB, 0x9D, 0x00, 0xAA, 0x3A, 0x8B, 0x3F, 0x54, 0xAB,
    0x58, 0x84, 0x8B, 0xA1, 0xEC, 0x97, 0xEE, 0x2A, 0xFB, 0xBD, 0xD8, 0x0A, 0x67, 0x03, 0x84, 0x11,
    0x4E, 0x75, 0xB2, 0x32, 0x66, 0xFA, 0xEC, 0x96, 0x42, 0x4A, 0xE8, 0x74, 0xA9, 0xA0, 0x7F, 0x2E,
    0x9C, 0x9D, 0x71, 0x7A, 0x23, 0xB0, 0x9E, 0x22, 0x59, 0x55, 0x18, 0x6C, 0xE7, 0x1B, 0x48, 0x11,
    0x0D, 0x69, 0x8A, 0xD9, 0xA3, 0x13, 0x82, 0xEF, 0x81, 0x9C, 0xB9, 0xA5, 0x9F, 0x80, 0x6C, 0x40,
    0x93, 0x1B, 0xB2, 0xBB, 0x1C, 0x7F, 0x49, 0x53, 0xD5, 0x68, 0xEF, 0xCB, 0xEC, 0x69, 0xC6, 0xCC,
    0x27, 0xA6, 0x80, 0x86, 0xBA, 0xF8, 0x45, 0x13, 0xC1, 0xE4, 0x1E, 0xFC, 0x9F, 0xC1, 0xE8, 0x39,
    0x0A, 0xB2, 0xEF, 0x2A, 0x12, 0x25, 0x65, 0x4D, 0x34, 0x48, 0x74, 0x29, 0x59, 0xAF, 0x69, 0x80,
    0x28, 0x4D, 0x70, 0x43, 0x2A, 0x19, 0xA9, 0xCC, 0x49, 0x25, 0xAE, 0xBA, 0x95, 0x5D, 0x23, 0xED,
    0xC5, 0xDB, 0x3B, 0xAB, 0xDB, 0x5C, 0x61, 0x31, 0x95, 0xED, 0xF0, 0x6A, 0x95, 0xED, 0x29, 0xD0,
    0x9C, 0xAB, 0x6C, 0xB7, 0x71, 0x02, 0xC0, 0x17, 0x9A, 0x38, 0x46, 0x7B, 0x98, 0xCA, 0xC8, 0x30,
    0xD7, 0x90, 0x6E, 0x09, 0x37, 0xDD, 0x9D, 0x81, 0x41, 0xF5, 0xD2, 0x06, 0x6E, 0x01, 0xAA, 0x97,
    0x42, 0xF5, 0x52, 0xA8, 0x5E, 0xDA, 0xF8, 0x1F, 0xA5, 0x4D, 0xE8, 0xA7, 0x50, 0xBD, 0xB4, 0x69,
    0xFC, 0x14, 0xAA, 0x97, 0x22, 0xB7, 0x4F, 0xA1, 0x7A, 0x29, 0x46, 0xA1, 0x86, 0xEA, 0xD5, 0xAD,
    0xD6, 0x13, 0xC7, 0xAC, 0x1E, 0x68, 0x7B, 0x41, 0xBD, 0x7E, 0x63, 0x64, 0x9E, 0xAA, 0x01, 0x83,
    0x79, 0x52, 0xDA, 0x3C, 0x95, 0x00, 0x4C, 0x8E, 0x0B, 0x53, 0x29, 0x96, 0xC0, 0x6C, 0x84, 0x56,
    0x1F, 0xE7, 0x79, 0xBD, 0x28, 0xFA, 0x62, 0xBF, 0xB9, 0x83, 0xC8, 0x52, 0x94, 0x9C, 0xDA, 0x6D,
    0xCC, 0x75, 0xC8, 0x70, 0x0D, 0x48, 0xA3, 0xE1, 0x39, 0xA8, 0x43, 0xB2, 0xB7, 0x12, 0xFC, 0x06,
    0x70, 0x07, 0xF0, 0x61, 0xD6, 0x3C, 0x35, 0x64, 0x2C, 0x0C, 0xA2, 0x32, 0x8C, 0x4A, 0x06, 0xAF,
    0x6A, 0xCA, 0xF6, 0xB7, 0x37, 0x22, 0xB5, 0x4B, 0x33, 0xA1, 0x5B, 0x80, 0xFF, 0xB3, 0x22, 0xF3,
    0xBE, 0x4E, 0xCF, 0xEE, 0x2A, 0xB1, 0xCE, 0x84, 0x68, 0x12, 0x27, 0x34, 0xA3, 0xC0, 0x1F, 0xAF,
    0x33, 0xA1, 0x2D, 0x05, 0x3D, 0xF8, 0x6A, 0xD8, 0x68, 0x09, 0xFE, 0x5A, 0x11, 0xC5, 0x65, 0x8C,
    0x8C, 0x6F, 0x72, 0x15, 0x46, 0x10, 0x3E, 0x56, 0x03, 0x74, 0x21, 0x69, 0x8D, 0xBE, 0x6A, 0xB6,
    0x7D, 0xBC, 0xC7, 0x66, 0xEA, 0xBA, 0x19, 0x3A, 0x9F, 0xA9, 0x4A, 0x97, 0x28, 0x58, 0xE6, 0x41,
    0xF8, 0xCC, 0xC9, 0xAD, 0x4C, 0x09, 0xAF, 0x4F, 0x8B, 0x59, 0x0A, 0xB4, 0xE4, 0xB8, 0xB4, 0x67,
    0xB4, 0x1B, 0xE1, 0x33, 0x43, 0x9C, 0x18, 0x7E, 0x23, 0x2E, 0xBB, 0x92, 0x52, 0xBB, 0x97, 0xFE,
    0x42, 0xFB, 0xB3, 0x60, 0x34, 0xD9, 0xBA, 0x54, 0xAC, 0xFF, 0xEE, 0x14, 0x2D, 0xD5, 0xE5, 0x13,
    0xBF, 0xD5, 0x16, 0x64, 0xC6, 0x26, 0x91, 0x57, 0x48, 0x11, 0x7A, 0x0F, 0x11, 0x79, 0xFC, 0xE5,
    0x63, 0xD8, 0x8E, 0x5F, 0x3D, 0x2E, 0x84, 0xFB, 0xC9, 0x27, 0xB0, 0x1D, 0x9F, 0x7D, 0xCA, 0xC5,
    0xFF, 0xFF, 0x10, 0x66, 0x8D, 0x49, 0xE4, 0x2B, 0xBD, 0x22, 0x88, 0x61, 0xFB, 0xC3, 0xE7, 0x29,
    0xCF, 0xB2, 0xDD, 0xC7, 0x15, 0x2F, 0x43, 0x30, 0xE4, 0x3D, 0x92, 0x22, 0xF6, 0x1E, 0x36, 0xA4,
    0xA7, 0xC4, 0xD4, 0x2B, 0x20, 0x77, 0x5E, 0xC1, 0x52, 0x8D, 0xDE, 0xE0, 0x72, 0xFE, 0x23, 0x76,
    0x8B, 0x26, 0x78, 0xEF, 0x61, 0xED, 0xFF, 0xF2, 0x71, 0xE9, 0x7E, 0xFC, 0x49, 0xE1, 0x7C, 0xF5,
    0xA9, 0xB0, 0x9E, 0xFF, 0xA7, 0xF1, 0x64, 0x2C, 0x18, 0xFD, 0x4E, 0x09, 0xFB, 0xAB, 0xCF, 0x53,
    0xE7, 0xE3, 0x8F, 0x4B, 0xB4, 0xA9, 0x03, 0xF7, 0xA1, 0x8A, 0xDC, 0x42, 0x65, 0xAE, 0xA6, 0xBA,
    0x11, 0x50, 0x1D, 0x7A, 0xDD, 0x50, 0xFC, 0xE9, 0x68, 0x2B, 0x01, 0x49, 0x40, 0xA3, 0x58, 0xBE,
    0xBC, 0x4E, 0x6D, 0xEA, 0xAD, 0x8D, 0xDA, 0x14, 0xCC, 0xC1, 0x07, 0xA3, 0xE0, 0x02, 0x97, 0xB9,
    0xA0, 0xE7, 0x36, 0xFD, 0x56, 0x88, 0x78, 0x6B, 0x9D, 0xAF, 0x30, 0xEB, 0x7C, 0x98, 0x77, 0x46,
    0xB7, 0x7A, 0x9D, 0x6F, 0xD9, 0xAD, 0xF3, 0xC5, 0x38, 0x87, 0x20, 0xB1, 0x85, 0x21, 0x6D, 0x2D,
    0xAE, 0xF3, 0xE5, 0x5C, 0xEB, 0xAB, 0x5A, 0x58, 0xE7, 0xCE, 0xE2, 0x9D, 0x83, 0x11, 0x8A, 0x13,
    0x04, 0x46, 0xB0, 0x1A, 0x48, 0xC7, 0x32, 0xD0, 0xCE, 0x40, 0x2F, 0xAF, 0xCD, 0x70, 0x67, 0x18,
    0x96, 0x0C, 0x16, 0x3F, 0xF3, 0x24, 0xDA, 0xB0, 0x3E, 0x99, 0x43, 0x70, 0xC2, 0x52, 0x07, 0x46,
    0x5B, 0x79, 0x35, 0x72, 0x14, 0x69, 0xF6, 0x0E, 0xB0, 0xAE, 0xE3, 0x23, 0x7F, 0x0A, 0xD2, 0xD9,
    0x34, 0x16, 0xB3, 0xE9, 0x19, 0xD0, 0x8A, 0xD9, 0x5C, 0x0E, 0x56, 0x75, 0x76, 0x22, 0xCD, 0x31,
    0x7D, 0x3E, 0x4C, 0x4C, 0x7B, 0xB7, 0x32, 0xD7, 0xDB, 0x0D, 0x5C, 0x5C, 0x3B, 0x81, 0xB0, 0x9B,
    0xB5, 0xF9, 0x38, 0x99, 0x1C, 0x2D, 0xC4, 0x64, 0xD2, 0x88, 0x49, 0xCC, 0x35, 0xFF, 0x42, 0x97,
    0xBD, 0x26, 0x51, 0x2B, 0x26, 0x47, 0x4B, 0x20, 0x86, 0x6D, 0x0A, 0xB9, 0x86, 0x5F, 0x9A, 0x6B,
    0x6C, 0x6D, 0x55, 0xB9, 0x2C, 0x8B, 0x3B, 0x2E, 0x11, 0x13, 0xCE, 0x97, 0x3E, 0x77, 0x1F, 0x84,
    0xF4, 0x7B, 0x27, 0xE8, 0xF7, 0x17, 0xE8, 0x9A, 0xF3, 0x25, 0xFD, 0x0C, 0x77, 0xF1, 0x74, 0x1F,
    0xFC, 0xF9, 0x25, 0x4F, 0x54, 0x8A, 0x1F, 0x31, 0x1B, 0xEB, 0xCB, 0x10, 0x30, 0x22, 0x18, 0x65,
    0x94, 0x6C, 0x69, 0x1B, 0xBE, 0xE0, 0x47, 0xDC, 0x8D, 0xA0, 0xD5, 0xE0, 0x0E, 0xF5, 0x7C, 0x19,
    0xC0, 0x97, 0xCD, 0x85, 0xF3, 0xEF, 0x98, 0xEF, 0x3F, 0x30, 0x30, 0x80, 0x22, 0xD0, 0x7B, 0x7C,
    0x85, 0xDF, 0xD5, 0x4A, 0x93, 0x03, 0x35, 0x04, 0xB6, 0x2E, 0x03, 0x5A, 0xED, 0x3D, 0x30, 0x1C,
    0x70, 0x0B, 0xD2, 0x42, 0xF0, 0xC8, 0x35, 0x2E, 0x4B, 0x42, 0x34, 0x2D, 0x19, 0x40, 0xA8, 0x64,
    0x4C, 0xF9, 0x5B, 0xE0, 0xE3, 0xBF, 0xC1, 0x8F, 0xF5, 0x9D, 0x8E, 0x72, 0x4A, 0x7E, 0xD4, 0xFD,
    0x31, 0xD3, 0x04, 0x5A, 0x8B, 0xCB, 0x78, 0x85, 0x26, 0x80, 0xEE, 0x32, 0xD9, 0xE7, 0xC7, 0x82,
    0x1F, 0xB1, 0x26, 0x3F, 0x97, 0xE0, 0x4F, 0xEF, 0x0C, 0x40, 0xAE, 0x29, 0x21, 0xEF, 0xCF, 0xA5,
    0x26, 0x47, 0x6A, 0xD6, 0xFF, 0xB0, 0x75, 0x4E, 0x7A, 0xA9, 0x25, 0xFD, 0xD2, 0xEC, 0x22, 0xB0,
    0x58, 0x3B, 0x58, 0x5E, 0x61, 0x9D, 0x69, 0xC0, 0x05, 0xED, 0x9A, 0x1E, 0xBB, 0xD6, 0x61, 0x5E,
    0xA2, 0x9E, 0x58, 0xF6, 0xD8, 0x96, 0xBF, 0x0C, 0xC6, 0x61, 0x04, 0xB1, 0x8D, 0x4D, 0x9A, 0xF1,
    0x15, 0xC0, 0x5C, 0xBB, 0x47, 0x3B, 0x2C, 0x7C, 0xF7, 0xC6, 0xD6, 0x18, 0xDC, 0xDD, 0x88, 0x69,
    0x9B, 0x3B, 0x1C, 0xF9, 0xDB, 0x58, 0x01, 0xAA, 0x00, 0xCA, 0x23, 0xFF, 0xBD, 0xEA, 0xC8, 0x7F,
    0xB7, 0x3E, 0x42, 0xBE, 0x68, 0x90, 0xC8, 0x11, 0x86, 0xE3, 0xC6, 0x2E, 0xB1, 0x5E, 0x32, 0x37,
    0x91, 0x3D, 0x42, 0xC8, 0xFD, 0xF7, 0x18, 0xE8, 0x83, 0xF6, 0x7B, 0x75, 0x47, 0x7F, 0x83, 0xEE,
    0x3A, 0x97, 0x77, 0x8D, 0x33, 0x81, 0xC0, 0x88, 0x5B, 0x10, 0xDA, 0xB9, 0x76, 0x9A, 0x95, 0xB3,
    0xB4, 0x4E, 0x59, 0x96, 0x0B, 0xF4, 0x4E, 0xAD, 0xB0, 0x8C, 0x61, 0x6D, 0x62, 0x5B, 0xB5, 0x91,
    0x23, 0x17, 0x91, 0x53, 0xCD, 0x22, 0xB7, 0x8C, 0x62, 0x20, 0x84, 0xDA, 0x07, 0x77, 0xCB, 0x85,
    0xFF, 0xB8, 0x6A, 0xBD, 0xE7, 0xCF, 0x9B, 0x6E, 0x7D, 0xA6, 0x10, 0x6F, 0x72, 0x5D, 0x76, 0xD1,
    0x27, 0xED, 0xAD, 0xB1, 0x68, 0xE2, 0x81, 0x38, 0x36, 0x5B, 0xDD, 0x68, 0x8D, 0x42, 0x9D, 0xE6,
    0xE7, 0xC9, 0xD4, 0x81, 0xFC, 0x78, 0x8F, 0xEA, 0xCC, 0x4F, 0x65, 0x06, 0xFE, 0x90, 0x33, 0xC9,
    0x08, 0xFC, 0xC6, 0xFE, 0xDD, 0xDA, 0xFF, 0xFC, 0x23, 0x46, 0x5C, 0x89, 0x38, 0x6E, 0xBA, 0xC5,
    0x5D, 0xBD, 0x60, 0xC0, 0x95, 0x69, 0xF2, 0x5F, 0x1D, 0x7A, 0x6D, 0x5B, 0x58, 0x60, 0xCC, 0xEE,
    0xB3, 0xBD, 0xA9, 0x71, 0x88, 0x64, 0xF6, 0xA5, 0x6B, 0xBE, 0xA0, 0xE9, 0x14, 0x66, 0x98, 0x35,
    0xFF, 0x8C, 0x2C, 0xEA, 0xCE, 0x69, 0x1F, 0x62, 0x1D, 0xBD, 0x5E, 0xC3, 0x3E, 0x8F, 0xEB, 0xD7,
    0x9B, 0xF7, 0xD3, 0x3B, 0xE9, 0xD6, 0xE9, 0x17, 0x7A, 0xD5, 0x5B, 0xB0, 0x34, 0x2B, 0x58, 0xCF,
    0x85, 0x68, 0xC2, 0xC4, 0xDA, 0x5C, 0xF9, 0x36, 0x1B, 0xDF, 0x4E, 0xF4, 0x48, 0x2C, 0xFA, 0x7D,
    0x61, 0x7A, 0x9B, 0x98, 0xAE, 0x9B, 0x5D, 0xFE, 0xA1, 0x93, 0x2E, 0xBD, 0xA6, 0xCE, 0x35, 0x0A,
    0xA4, 0x74, 0xBA, 0x5E, 0xCC, 0x12, 0x80, 0x57, 0xE8, 0xB5, 0x75, 0x5D, 0x37, 0xE6, 0xFA, 0xFA,
    0x6C, 0xBD, 0xBE, 0xEE, 0xD5, 0xBB, 0x5C, 0x9B, 0xC6, 0x9A, 0x67, 0xA6, 0x71, 0xE4, 0x59, 0x9A,
    0x0D, 0x68, 0xE0, 0x99, 0xD6, 0x76, 0xE0, 0x79, 0xA6, 0x79, 0x9E, 0xF6, 0x1B, 0xDA, 0x48, 0x52,
    0x6F, 0x68, 0x5D, 0x7F, 0x5C, 0xCE, 0x73, 0x6A, 0x78, 0xD6, 0x35, 0xEE, 0x8A, 0xE5, 0x0B, 0xB7,
    0xD0, 0x77, 0xE0, 0x0D, 0x16, 0xA1, 0xA9, 0x6D, 0x87, 0x99, 0xBE, 0x83, 0x8E, 0xFE, 0xD5, 0x38,
    0xBD, 0x58, 0xA3, 0xDB, 0x53, 0xD0, 0xF5, 0xDD, 0x23, 0x8D, 0x54, 0xA7, 0xA9, 0x5C, 0x8C, 0x0B,
    0x9B, 0xD1, 0x1C, 0x35, 0x66, 0x98, 0xC9, 0x7B, 0x13, 0x26, 0x36, 0xEE, 0x85, 0xF6, 0x95, 0xA7,
    0xEB, 0xE6, 0xF6, 0x2A, 0x48, 0x2C, 0x24, 0xB2, 0x62, 0x25, 0xCE, 0xA5, 0xEF, 0x22, 0x0A, 0x52,
    0xEB, 0x82, 0x5A, 0x3C, 0xE8, 0x06, 0x4B, 0x33, 0x8F, 0x66, 0x9F, 0x42, 0x05, 0x5E, 0x96, 0x7E,
    0x6A, 0x2F, 0x59, 0x8B, 0xDF, 0xA1, 0x56, 0xDF, 0x9F, 0xAB, 0x87, 0xB2, 0x87, 0x59, 0x58, 0x7C,
    0x09, 0x28, 0xB5, 0xEA, 0xB1, 0x8B, 0x67, 0x53, 0x57, 0x7C, 0x54, 0xF7, 0xB0, 0xAF, 0xF2, 0x4F,
    0xA9, 0x65, 0x8F, 0x6D, 0xBE, 0x23, 0x48, 0xC2, 0x45, 0xD0, 0x6B, 0xC3, 0xC8, 0x9A, 0x03, 0xB3,
    0x06, 0x52, 0x72, 0xED, 0x78, 0xDB, 0xE7, 0x18, 0xBB, 0xD6, 0xE3, 0xBC, 0x7F, 0xDB, 0x5E, 0x6B,
    0x18, 0xAF, 0x37, 0x84, 0x69, 0xB0, 0x6B, 0xAD, 0x41, 0xAE, 0xB1, 0x99, 0x92, 0xEC, 0xDD, 0xB3,
    0xE1, 0xDD, 0xD3, 0x88, 0x81, 0xF0, 0x93, 0x7B, 0xC3, 0xBE, 0x0D, 0x8B, 0xFB, 0x36, 0x70, 0x6C,
    0x03, 0xA3, 0x7D, 0x1B, 0xE7, 0xF8, 0xF2, 0xC1, 0x17, 0xF1, 0xD1, 0x68, 0x1D, 0x24, 0x07, 0x6F,
    0x38, 0x36, 0x60, 0x58, 0x07, 0xD9, 0xBF, 0x3F, 0xE1, 0x4C, 0x6F, 0x14, 0xD7, 0x7E, 0xB6, 0x58,
    0x68, 0x5F, 0xED, 0x8D, 0x92, 0x9A, 0xDD, 0xF8, 0xBB, 0x0B, 0xE8, 0x19, 0x9A, 0xA7, 0xC3, 0x1A,
    0xF9, 0x42, 0xF4, 0xFE, 0xBB, 0x8F, 0x09, 0x82, 0xE4, 0x22, 0x68, 0x7F, 0x61, 0x43, 0xD7, 0x58,
    0x0F, 0xF6, 0x9F, 0x34, 0xD3, 0x20, 0x9D, 0x22, 0xE4, 0x9C, 0x4C, 0x43, 0x84, 0x90, 0xB1, 0x88,
    0x60, 0x1B, 0x57, 0x7E, 0x2F, 0x77, 0x1B, 0x65, 0xD8, 0xC4, 0x38, 0x40, 0xBF, 0xBA, 0x8D, 0x6B,
    0x11, 0x28, 0x51, 0x86, 0x8E, 0x91, 0x04, 0xE4, 0xB0, 0xE9, 0xAA, 0x9C, 0xFA, 0xAA, 0x9E, 0x06,
    0x8F, 0x24, 0x42, 0xD8, 0x16, 0x74, 0x5A, 0x6E, 0x62, 0xB5, 0xB9, 0x91, 0x35, 0xDA, 0x70, 0x32,
    0xEF, 0xEB, 0x32, 0xEE, 0x50, 0xBA, 0x38, 0x10, 0x2F, 0xB6, 0xE6, 0x45, 0xEE, 0x36, 0xE2, 0x2F,
    0xCD, 0x5F, 0xD9, 0xDD, 0x6C, 0xC0, 0x4D, 0xB6, 0xCA, 0x5F, 0x65, 0x2B, 0xF4, 0x6B, 0xD8, 0x3A,
    0x7A, 0x05, 0x36, 0x0E, 0xB8, 0x49, 0x61, 0x0A, 0x61, 0x9E, 0x22, 0x11, 0x99, 0x8A, 0x30, 0x9D,
    0x22, 0x71, 0x9B, 0x22, 0x65, 0x98, 0x22, 0x69, 0x9F, 0xC2, 0x0F, 0x4C, 0x31, 0xE0, 0xB3, 0x25,
    0x3B, 0x73, 0xDA, 0x55, 0x32, 0x55, 0x3A, 0xC3, 0xA0, 0xA3, 0x7D, 0x6D, 0xAE, 0xB3, 0x09, 0x39,
    0x85, 0xB2, 0x9B, 0xBF, 0xFB, 0xA0, 0x0F, 0xC1, 0xAE, 0x8F, 0xE0, 0x0C, 0x81, 0x9D, 0xF0, 0x9F,
    0x75, 0x99, 0xFC, 0x59, 0x97, 0xB4, 0x95, 0x3A, 0x69, 0x5B, 0xB4, 0x42, 0x6F, 0x04, 0xA4, 0x92,
    0x70, 0x43, 0x0D, 0x14, 0x84, 0x1B, 0x49, 0xCE, 0x2D, 0xC8, 0x75, 0x5B, 0x59, 0x12, 0x16, 0x07,
    0xB5, 0xC1, 0x0F, 0x4F, 0x45, 0xB7, 0xE3, 0xB9, 0x83, 0x58, 0x23, 0x1A, 0x61, 0xD6, 0x81, 0xF5,
    0xA5, 0xD6, 0x00, 0x71, 0x52, 0x03, 0x0E, 0x9B, 0xA0, 0x12, 0x4D, 0x5E, 0x08, 0x05, 0xD1, 0x56,
    0x1F, 0x18, 0x87, 0xD3, 0x3F, 0x38, 0xD2, 0x3D, 0xBA, 0x42, 0x43, 0x69, 0xA5, 0x1B, 0xF7, 0x89,
    0x76, 0xD0, 0x5F, 0x18, 0xBA, 0xC8, 0x5F, 0x1B, 0x84, 0x77, 0x4D, 0x5E, 0x81, 0x66, 0x2A, 0xD4,
    0xCF, 0x0D, 0xCD, 0x89, 0xA1, 0x69, 0x75, 0x34, 0x45, 0x7A, 0xF0, 0x8D, 0xA1, 0x03, 0x9C, 0x6E,
    0x29, 0x81, 0x89, 0xE1, 0x4A, 0xDC, 0x68, 0xD3, 0xC3, 0x00, 0x56, 0x57, 0x96, 0x3A, 0x60, 0xC9,
    0x74, 0xE2, 0xBD, 0x1F, 0xA0, 0x37, 0xE0, 0x82, 0x76, 0x6D, 0x87, 0xBD, 0x65, 0xD3, 0x6E, 0xFE,
    0xCF, 0x01, 0x74, 0x07, 0x6C, 0x9D, 0xAB, 0x3B, 0xEC, 0x2C, 0x8F, 0x1E, 0x66, 0xE3, 0xE0, 0x38,
    0xC2, 0x44, 0xB6, 0xB2, 0x85, 0xEB, 0x2F, 0xCE, 0xC7, 0x23, 0x6C, 0xC6, 0x0B, 0x01, 0xC6, 0x21,
    0x4C, 0xE3, 0x24, 0xC4, 0xD5, 0x71, 0x31, 0x4F, 0xA3, 0xF2, 0x77, 0xC5, 0xA4, 0x7A, 0x5E, 0x1C,
    0xD5, 0x5F, 0x16, 0x47, 0xBF, 0x7D, 0x5A, 0x4C, 0x7F, 0xF1, 0xB8, 0x98, 0xC6, 0x40, 0x78, 0xAF,
    0xD0, 0x1B, 0x07, 0x37, 0x37, 0x1A, 0x56, 0xAD, 0x41, 0xDB, 0x18, 0xEC, 0x1D, 0x67, 0xAE, 0xC9,
    0xF8, 0x05, 0x37, 0x7B, 0xF9, 0x75, 0x50, 0x13, 0x61, 0x1D, 0xFE, 0x6B, 0x54, 0x87, 0xD3, 0x49,
    0x7D, 0xE7, 0xE8, 0x81, 0x8C, 0x26, 0x52, 0x46, 0x41, 0x8D, 0xA4, 0xA6, 0x02, 0xCA, 0x06, 0xDC,
    0xA9, 0x0E, 0x3B, 0xE5, 0xFA, 0x15, 0x1B, 0xDD, 0xD7, 0xF1, 0xDC, 0xC6, 0x45, 0xFB, 0xE1, 0x6F,
    0xB4, 0x37, 0xEF, 0x01, 0xC5, 0xA4, 0xE5, 0xF3, 0x69, 0xFA, 0xAF, 0xFF, 0x87, 0x9E, 0xE9, 0xE7,
    0x41, 0xCE, 0xF4, 0xF7, 0xC1, 0x7A, 0xE5, 0xC0, 0x1B, 0xB8, 0x7A, 0xAB, 0xC3, 0x52, 0xF8, 0x88,
    0xE8, 0x03, 0x30, 0x3E, 0x01, 0x8E, 0x80, 0x29, 0x20, 0xE7, 0x8D, 0xA8, 0xE7, 0x8D, 0x05, 0xD8,
    0xAC, 0x91, 0x8D, 0x9B, 0xC3, 0x85, 0xF8, 0x09, 0x1C, 0x28, 0xDC, 0x49, 0x08, 0x44, 0x40, 0x50,
    0x85, 0x49, 0xDC, 0xE6, 0x65, 0xBC, 0x52, 0xF5, 0x5B, 0xE1, 0x17, 0xE8, 0x52, 0xD1, 0x00, 0x0F,
    0xC0, 0x47, 0x8B, 0x08, 0xA3, 0x5D, 0x30, 0x55, 0x01, 0x7B, 0x0D, 0xEC, 0xF2, 0xD2, 0x93, 0x7F,
    0x96, 0xEB, 0xE5, 0x5B, 0x25, 0xBD, 0x26, 0x2C, 0x7F, 0x28, 0x2A, 0x11, 0xBC, 0x8B, 0xF1, 0x60,
    0x85, 0x68, 0x95, 0xBC, 0xD2, 0xC7, 0x26, 0x2F, 0x92, 0x92, 0x9B, 0xEC, 0x82, 0x10, 0x98, 0x0B,
    0xF4, 0x95, 0x28, 0x9C, 0x84, 0xCB, 0x62, 0x8E, 0xEC, 0x4A, 0x07, 0xFD, 0x65, 0x33, 0x46, 0x5A,
    0x1D, 0x96, 0x91, 0xCE, 0x06, 0x44, 0x16, 0x52, 0x73, 0x52, 0x64, 0xB2, 0x55, 0xC0, 0x47, 0x21,
    0x4B, 0x5D, 0x15, 0x0E, 0xCD, 0x8E, 0x57, 0x6E, 0x32, 0x80, 0x50, 0x24, 0xDF, 0x1B, 0xEF, 0x5C,
    0xE9, 0xF8, 0xE1, 0x13, 0x52, 0x33, 0x6D, 0x04, 0xBD, 0x2A, 0x4E, 0xC3, 0x82, 0xED, 0x38, 0x37,
    0x02, 0x1E, 0x6C, 0xEF, 0x2E, 0x8F, 0x03, 0xF3, 0xE8, 0x20, 0x8C, 0x70, 0xEB, 0xA5, 0xFE, 0x1E,
    0xBF, 0x6E, 0xC2, 0xFB, 0xC5, 0xDA, 0xF6, 0x5A, 0x82, 0xB7, 0x0B, 0x39, 0x38, 0x60, 0xDC, 0xB6,
    0x7F, 0xF8, 0x0E, 0xBB, 0x80, 0x60, 0xF6, 0x87, 0xC8, 0x73, 0xFB, 0x43, 0x6E, 0xB2, 0xB9, 0x95,
    0xB6, 0xAA, 0x43, 0xB3, 0xDE, 0x02, 0x71, 0x62, 0x0A, 0x59, 0x64, 0x97, 0xAB, 0xD5, 0x21, 0xF4,
    0x39, 0x64, 0x90, 0xFF, 0x66, 0x3B, 0x12, 0x33, 0xA2, 0x7D, 0x1B, 0x19, 0xBF, 0xD9, 0xC1, 0xC1,
    0x84, 0xEF, 0x85, 0x30, 0x0F, 0xCC, 0x69, 0x24, 0xEB, 0x27, 0x90, 0xBB, 0x5D, 0xD0, 0xB4, 0xA6,
    0xDC, 0x3B, 0xA3, 0xF4, 0xBE, 0x9A, 0x2E, 0x2B, 0xE9, 0x7D, 0xB1, 0xF6, 0x89, 0xC5, 0x3B, 0x48,
    0x74, 0xCC, 0xAE, 0x00, 0xB3, 0xCF, 0x86, 0xE6, 0xCA, 0xD1, 0xF9, 0xB7, 0x78, 0xA5, 0x0F, 0x46,
    0xF9, 0xDA, 0x78, 0x9F, 0x77, 0x78, 0x37, 0xD9, 0xA1, 0xB1, 0xCF, 0xDC, 0x1F, 0x9A, 0x77, 0x3E,
    0x9F, 0xEC, 0x3F, 0x6A, 0xC4, 0xF8, 0x39, 0xE5, 0x9B, 0xF2, 0xAE, 0x55, 0x86, 0xBA, 0xB3, 0xAD,
    0x3A, 0x07, 0x7E, 0x00, 0x6A, 0xDF, 0x18, 0xDD, 0x64, 0xC3, 0xEF, 0x79, 0x1E, 0xAD, 0x9E, 0xC7,
    0x69, 0x6C, 0x4C, 0xE3, 0x72, 0x30, 0x8F, 0x97, 0xF2, 0xF8, 0x62, 0x07, 0x2F, 0xEE, 0x96, 0x3B,
    0xB9, 0x80, 0x97, 0x2B, 0x8F, 0xE3, 0xCD, 0x78, 0xBC, 0xFA, 0x38, 0x5E, 0x9D, 0x77, 0xB7, 0x78,
    0x00, 0x29, 0x6D, 0xF5, 0xF7, 0xB6, 0x5B, 0x38, 0xE4, 0x03, 0x21, 0xFB, 0xEE, 0x73, 0x93, 0x4D,
    0x9F, 0x38, 0x9F, 0x76, 0x1F, 0x3B, 0x5E, 0xAF, 0xE3, 0xB1, 0x31, 0x8B, 0xFB, 0x9A, 0xB8, 0xB2,
    0xBD, 0xF5, 0x3A, 0xF8, 0x56, 0xEC, 0x29, 0xD9, 0x5B, 0xD2, 0x94, 0xEA, 0xBF, 0x5E, 0x7F, 0x4F,
    0x85, 0x0C, 0x85, 0xDD, 0xC4, 0x09, 0xBF, 0x5F, 0x69, 0x4F, 0xAD, 0x04, 0x13, 0xCB, 0xFF, 0xDD,
    0x00, 0x9E, 0x9F, 0x95, 0x0D, 0xB2, 0x7C, 0xC4, 0x95, 0xFF, 0xB7, 0xDE, 0x78, 0xED, 0x7D, 0xB6,
    0xAD, 0x94, 0x61, 0x8B, 0x66, 0x62, 0x02, 0x1E, 0x24, 0xF4, 0xEE, 0xFD, 0xB7, 0x5E, 0x59, 0xDF,
    0xF7, 0xE9, 0xF7, 0xA1, 0x1F, 0xC8, 0xDB, 0xEF, 0xB3, 0x5E, 0x7E, 0xE3, 0xFB, 0xE1, 0xB7, 0xF6,
    0x9C, 0xC7, 0x55, 0xB6, 0xF8, 0xC0, 0x82, 0x98, 0xB7, 0x37, 0x7A, 0xEF, 0xEB, 0xF0, 0xA1, 0x9F,
    0xCA, 0xDB, 0x77, 0x9F, 0x9B, 0xEC, 0xA8, 0xFF, 0x3F, 0x8D, 0x8F, 0x31, 0x0E, 0xC3, 0x20, 0x0C,
    0x45, 0x7F, 0x8A, 0x54, 0x06, 0x06, 0xD6, 0x6C, 0x1C, 0x81, 0x9E, 0xA0, 0x70, 0xB1, 0x84, 0x1C,
    0x2C, 0x51, 0x39, 0x02, 0x47, 0xE0, 0x08, 0x0C, 0x1D, 0x18, 0x50, 0xD5, 0xEF, 0xB6, 0x43, 0xC6,
    0xDA, 0xF2, 0x97, 0xB0, 0xEC, 0xE7, 0x0F, 0xAE, 0x60, 0xB8, 0x48, 0xB1, 0x99, 0xA2, 0x9A, 0xBC,
    0xBB, 0xC8, 0x0D, 0xA7, 0x58, 0x81, 0xC0, 0xC4, 0x01, 0x1F, 0x31, 0x38, 0x3B, 0x75, 0x98, 0xC2,
    0x69, 0xD5, 0x74, 0xC5, 0xA5, 0xCB, 0xF2, 0x10, 0xCC, 0xCA, 0x21, 0x84, 0x43, 0xA0, 0x83, 0x62,
    0x84, 0xA7, 0xEA, 0x7F, 0x32, 0xB3, 0x16, 0x59, 0xFF, 0xB9, 0xF9, 0x34, 0xF3, 0xC9, 0x83, 0x6A,
    0x81, 0xE5, 0xA3, 0xAE, 0x6E, 0x33, 0xD9, 0x32, 0x4D, 0xB1, 0x9B, 0xAA, 0x2E, 0xB2, 0x8B, 0xE9,
    0x79, 0xA7, 0x09, 0x02, 0x96, 0x9D, 0x0C, 0xFE, 0xC1, 0xF3, 0xB8, 0x25, 0x43, 0x97, 0x2F, 0x2F,
    0x45, 0xA4, 0x17, 0xF0, 0xA0, 0xB1, 0xC4, 0xD6, 0x1B, 0x9D, 0x51, 0x31, 0x4E, 0xC3, 0x30, 0x14,
    0x7D, 0x89, 0x87, 0x48, 0x78, 0xF0, 0x01, 0x40, 0xF2, 0xDA, 0x01, 0xC8, 0xD2, 0x91, 0x62, 0x73,
    0x82, 0x5E, 0x84, 0xB1, 0x4B, 0xA5, 0xA0, 0x78, 0x47, 0x82, 0xAB, 0x40, 0x27, 0x86, 0x48, 0xB1,
    0xD4, 0x0B, 0x18, 0x75, 0x60, 0xF5, 0x11, 0x8C, 0xE4, 0xA1, 0x4B, 0x6A, 0xBE, 0x69, 0x90, 0x10,
    0x85, 0x0E, 0x44, 0x79, 0x4F, 0xCE, 0x7B, 0xEF, 0x7F, 0x7F, 0xC7, 0x7D, 0x4A, 0xE8, 0x09, 0x89,
    0x1E, 0xF3, 0x83, 0x70, 0xCB, 0x06, 0xE1, 0x6B, 0x28, 0xAB, 0xBC, 0xF2, 0xC2, 0x14, 0x5B, 0x36,
    0x54, 0xBB, 0x72, 0x40, 0x57, 0x45, 0xE5, 0x2E, 0x70, 0xF0, 0xFD, 0x54, 0x78, 0x1E, 0x65, 0xA8,
    0x8D, 0xD2, 0x33, 0x74, 0x68, 0xF5, 0x0E, 0xBD, 0x4D, 0xBA, 0xB5, 0xBD, 0xAE, 0xF5, 0x35, 0x2A,
    0xC7, 0xAD, 0x08, 0x32, 0x08, 0xCA, 0x54, 0x91, 0x87, 0x32, 0x30, 0x7F, 0xEA, 0xA5, 0x6B, 0x4D,
    0xD2, 0x4B, 0xBC, 0x1C, 0xF8, 0x45, 0x60, 0xE1, 0xBB, 0x8F, 0x19, 0x7E, 0x45, 0x3F, 0x9E, 0xE1,
    0x2F, 0xFF, 0x28, 0xCE, 0x47, 0x9C, 0xE1, 0xDF, 0xFD, 0x8F, 0xFA, 0xDF, 0xFA, 0xD3, 0x9F, 0x12,
    0xC9, 0xA8, 0xE4, 0x54, 0xF2, 0x5F, 0xAF, 0x23, 0x85, 0xF4, 0x86, 0xDF, 0x84, 0x41, 0xAE, 0x63,
    0x46, 0x5E, 0x4B, 0x43, 0x25, 0xCA, 0x11, 0x2D, 0x3D, 0xD1, 0x22, 0xE0, 0x24, 0xD3, 0x1D, 0x51,
    0xE9, 0x49, 0xAB, 0xC9, 0x7D, 0x8D, 0x80, 0xBC, 0xCF, 0xC1, 0x8E, 0x50, 0xE5, 0xF0, 0x65, 0xAD,
    0xB7, 0x58, 0xB4, 0xEB, 0x01, 0x58, 0xAD, 0x1F, 0x80, 0xE7, 0xCD, 0x1C, 0x78, 0x7F, 0x9B, 0x8F,
    0xAB, 0xD5, 0xE6, 0x11, 0xF8, 0x74, 0x73, 0x0E, 0x53, 0x74, 0x45, 0x64, 0x41, 0x58, 0xBA, 0x30,
    0xD4, 0x46, 0x58, 0x16, 0x8A, 0x48, 0xCD, 0xA6, 0x13, 0x34, 0x50, 0x90, 0x86, 0x3B, 0x16, 0xCA,
    0x2D, 0x0B, 0xDC, 0x49, 0x4A, 0x34, 0x98, 0x60, 0x3C, 0x14, 0xDD, 0x05, 0x02, 0xC0, 0x68, 0xCF,
    0xCA, 0x02, 0x22, 0x6F, 0x4D, 0x68, 0x08, 0x34, 0x14, 0x4D, 0x08, 0x96, 0x65, 0x4D, 0x03, 0x92,
    0x74, 0xB5, 0xAF, 0x28, 0xC6, 0x0A, 0x6E, 0xF6, 0x15, 0xB9, 0xD1, 0x07, 0xDD, 0x90, 0x31, 0x4E,
    0xC3, 0x40, 0x10, 0x45, 0x9F, 0xED, 0x62, 0x8B, 0x2D, 0x7C, 0x00, 0x24, 0xF6, 0x02, 0xC4, 0x6E,
    0x52, 0x3A, 0xD8, 0x3D, 0x05, 0x57, 0xA0, 0xA1, 0xCE, 0x05, 0x12, 0x65, 0x8F, 0xC0, 0x59, 0x50,
    0x0A, 0x57, 0x78, 0x8F, 0x90, 0x1B, 0xB0, 0x47, 0x48, 0x61, 0xA1, 0x34, 0xCE, 0x30, 0x03, 0x0D,
    0x54, 0xF4, 0x48, 0x5F, 0xAB, 0x9D, 0xFF, 0x67, 0x46, 0xFF, 0x4F, 0xB9, 0x50, 0xCB, 0xD0, 0xFA,
    0xB4, 0xA9, 0x4E, 0x5D, 0x99, 0xBB, 0xD7, 0xDC, 0x7D, 0xD8, 0xAB, 0xA5, 0x92, 0x2A, 0x95, 0x0B,
    0xD4, 0xD0, 0x83, 0x50, 0xBD, 0xE3, 0x1F, 0xB9, 0xAD, 0xE9, 0x6A, 0x0E, 0x92, 0x27, 0xC9, 0x26,
    0x7D, 0x21, 0x08, 0xAD, 0xB0, 0x82, 0x3B, 0xED, 0xCD, 0xF4, 0x3A, 0x75, 0x50, 0x7E, 0x50, 0x3C,
    0x05, 0xA6, 0x2B, 0xDB, 0x19, 0xB6, 0x38, 0x21, 0xBC, 0xD0, 0xA9, 0x78, 0x61, 0x12, 0xE6, 0x3A,
    0x9E, 0x5D, 0x3C, 0xFA, 0xB8, 0x0F, 0x43, 0x2F, 0x78, 0x23, 0x93, 0xC2, 0x76, 0x6E, 0x60, 0x07,
    0x33, 0xC5, 0x99, 0xF2, 0x44, 0x95, 0x70, 0x09, 0x1F, 0x6D, 0x65, 0x69, 0x9E, 0x63, 0xE3, 0xD2,
    0xAA, 0x4A, 0xE1, 0x21, 0x79, 0xD1, 0x32, 0xDD, 0xDF, 0x98, 0x7F, 0xB5, 0x1D, 0x24, 0xB9, 0x2B,
    0xEE, 0x62, 0x7E, 0xF6, 0x75, 0x1C, 0x5D, 0x1A, 0xAB, 0xB4, 0x73, 0xA9, 0x17, 0xED, 0xD4, 0x79,
    0x8A, 0x37, 0xFA, 0x99, 0x3E, 0x7E, 0xEF, 0xF9, 0x23, 0x7B, 0x91, 0x69, 0x33, 0x53, 0xE6, 0x39,
    0xDB, 0xFF, 0x27, 0x26, 0x89, 0x8A, 0x30, 0x5B, 0xBA, 0x75, 0x0B, 0x01, 0xCB, 0x3F, 0x52, 0x65,
    0x33, 0xA9, 0xF6, 0x0F, 0x32, 0x28, 0xAC, 0x61, 0x61, 0xDD, 0x40, 0x63, 0x01, 0xBD, 0x5E, 0xA6,
    0xE5, 0xD7, 0x59, 0xFE, 0xE9, 0x79, 0x3F, 0x01, 0x55, 0xCF, 0x3D, 0x12, 0x82, 0x30, 0x10, 0x86,
    0xE1, 0x17, 0x9C, 0x21, 0xA3, 0x14, 0x39, 0x02, 0x47, 0xE0, 0x08, 0x72, 0x24, 0x6F, 0x60, 0x3A,
    0x5B, 0x6E, 0x04, 0x47, 0xE0, 0x08, 0x29, 0xEC, 0xA5, 0xA0, 0xB0, 0x10, 0xD6, 0x2F, 0xF1, 0x67,
    0xB4, 0x78, 0x66, 0x92, 0x2F, 0xD9, 0xEC, 0x86, 0xCA, 0x02, 0x47, 0x8B, 0x98, 0xC5, 0x72, 0xA5,
    0xDF, 0xCD, 0xE0, 0x22, 0xDA, 0x9A, 0x6C, 0x99, 0x1F, 0xC9, 0xCC, 0x1E, 0x6F, 0x77, 0xDC, 0x04,
    0xE9, 0xAE, 0x6A, 0x4E, 0x0A, 0x66, 0xBD, 0xB1, 0x50, 0x59, 0xAF, 0xBA, 0xE5, 0x03, 0x1F, 0x78,
    0xB9, 0xC8, 0x10, 0xF0, 0x1B, 0x9C, 0x23, 0x4E, 0x2D, 0xFD, 0x2D, 0xB0, 0xCF, 0xB9, 0x36, 0xCD,
    0x4A, 0x69, 0x63, 0x5E, 0x1E, 0xBE, 0x35, 0x2F, 0xC5, 0x70, 0xA5, 0xD6, 0x0C, 0xB5, 0x59, 0xA8,
    0xBA, 0x56, 0x53, 0xD4, 0xD9, 0x5F, 0x1F, 0x77, 0xA7, 0xD8, 0x3A, 0x7E, 0xB3, 0x16, 0xC8, 0xA6,
    0x72, 0xF4, 0x66, 0x93, 0x13, 0x86, 0x35, 0xDD, 0x89, 0x32, 0x25, 0xF9, 0xA3, 0x2C, 0x29, 0x0B,
    0xD2, 0x25, 0x14, 0x0B, 0x34, 0x33, 0xE9, 0x58, 0x6D, 0xB1, 0x5E, 0x23, 0x77, 0x1A, 0x25, 0xFD,
    0x57, 0x47, 0xAC, 0x72, 0xFC, 0x04, 0x33, 0x4F, 0xAD, 0x53, 0x31, 0x92, 0x9C, 0x30, 0x10, 0x6C,
    0x41, 0xB9, 0x36, 0xC0, 0x55, 0x4A, 0x9D, 0xE9, 0x05, 0x36, 0xC9, 0x85, 0x7B, 0x88, 0x1F, 0xD9,
    0x0F, 0x58, 0x0C, 0x4F, 0xB8, 0x27, 0xDC, 0x33, 0x36, 0xA0, 0x0E, 0xCA, 0x2F, 0xE0, 0x09, 0xAA,
    0xF2, 0x07, 0x14, 0x10, 0x10, 0xAC, 0x57, 0xEE, 0x86, 0x5D, 0x2F, 0x89, 0x93, 0xAB, 0xAB, 0xA2,
    0x07, 0x34, 0xA3, 0xEE, 0x91, 0x5A, 0xA2, 0x48, 0x1D, 0x6C, 0x9A, 0xF1, 0xC9, 0xFC, 0x01, 0xE0,
    0x09, 0xDB, 0x01, 0xC5, 0x08, 0x1C, 0x88, 0x7C, 0x42, 0xFB, 0x3B, 0xE4, 0x29, 0x05, 0x4B, 0x94,
    0x93, 0x0B, 0x1E, 0x79, 0x68, 0x88, 0x9E, 0xB5, 0x1E, 0x07, 0xA2, 0x18, 0x7B, 0xD8, 0xF1, 0x27,
    0xCA, 0xDA, 0x77, 0x03, 0x5C, 0xBA, 0xA0, 0xA0, 0x9E, 0x19, 0x24, 0x13, 0xA5, 0xB7, 0x30, 0xB8,
    0x0B, 0x43, 0xD9, 0x30, 0x3C, 0x57, 0x0C, 0xA7, 0x92, 0xE1, 0xEC, 0x6A, 0x60, 0x66, 0x3B, 0x13,
    0xD9, 0x2F, 0x0B, 0x6C, 0x98, 0x4F, 0x79, 0x60, 0xE3, 0x2C, 0x52, 0xD5, 0x44, 0x2D, 0x65, 0x86,
    0xAD, 0xB1, 0xC0, 0x01, 0xBD, 0x56, 0xD7, 0xC0, 0xA7, 0x74, 0x45, 0x9B, 0x52, 0xC2, 0xA0, 0xC0,
    0x61, 0x10, 0x2A, 0xAE, 0xE9, 0xA3, 0xC1, 0x2E, 0x91, 0xDA, 0xB1, 0xE4, 0x3A, 0xAD, 0x1C, 0x09,
    0x74, 0x44, 0x5B, 0xD2, 0x66, 0x9A, 0xBD, 0x5D, 0xD3, 0x56, 0x90, 0x6D, 0xAE, 0xDB, 0xF2, 0x9C,
    0x63, 0xE6, 0x2D, 0x6D, 0x77, 0x69, 0x69, 0xEE, 0x21, 0x47, 0xE4, 0x05, 0x11, 0x57, 0xBF, 0x57,
    0xDF, 0x2D, 0x87, 0xDF, 0xE4, 0x13, 0x41, 0x91, 0x4C, 0x8D, 0x95, 0xE6, 0x42, 0xE8, 0x04, 0x8E,
    0x1B, 0xC3, 0xDC, 0x18, 0x45, 0xB7, 0x31, 0x24, 0xE4, 0x3A, 0x1F, 0x7C, 0x50, 0x37, 0x94, 0xB7,
    0xD4, 0xF1, 0x26, 0x74, 0xDE, 0xC4, 0xD4, 0x67, 0x65, 0x86, 0x7B, 0x3F, 0xF3, 0x52, 0x74, 0x65,
    0xB4, 0xB5, 0x8F, 0x16, 0x5F, 0x16, 0x59, 0xCD, 0xDE, 0x47, 0x52, 0x2B, 0x52, 0x1D, 0xA9, 0x96,
    0x34, 0x4B, 0xCA, 0x61, 0xA3, 0x65, 0x8B, 0xE5, 0x7D, 0x68, 0x17, 0x6F, 0xE7, 0xE6, 0x39, 0x9F,
    0xBE, 0x0A, 0xFA, 0x56, 0x2E, 0x5B, 0x5C, 0xE0, 0xE1, 0xF3, 0x0E, 0xC0, 0x8D, 0xDA, 0x71, 0xF5,
    0xDE, 0xA7, 0xD1, 0x91, 0x9B, 0x0B, 0x86, 0x08, 0xDE, 0x25, 0x7A, 0xFF, 0xEA, 0xAE, 0xE0, 0x79,
    0xFC, 0x8A, 0x27, 0x97, 0xA6, 0x73, 0x9E, 0xC6, 0x1F, 0x78, 0xFB, 0x6F, 0x1E, 0xF8, 0xBC, 0xB3,
    0xA0, 0xFF, 0xE7, 0xFB, 0xEA, 0xE3, 0xDD, 0xB0, 0xEA, 0x71, 0x1E, 0x77, 0x47, 0xE4, 0x7E, 0x26,
    0xF7, 0x60, 0x5E, 0xB8, 0xF9, 0x88, 0x8C, 0x3F, 0xC8, 0xF7, 0x05, 0x87, 0x54, 0xA3, 0x65, 0xBD,
    0xD5, 0x19, 0xF2, 0x5D, 0x70, 0x8C, 0x96, 0x57, 0x5B, 0x75, 0xCD, 0x5B, 0xE7, 0x3F, 0xF4, 0x9E,
    0xF4, 0xAD, 0x0A, 0x7F, 0x2B, 0x33, 0x88, 0x70, 0x15, 0x21, 0x6E, 0x3F, 0x05, 0xDF, 0x1C, 0x2B,
    0xAF, 0xBA, 0xE6, 0x69, 0xFE, 0x9E, 0xFF, 0x17, 0x63, 0x90, 0xFE, 0xC1, 0xC0, 0xB0, 0xFF, 0xC7,
    0x0E, 0xC6, 0xFF, 0x3F, 0xFF, 0x30, 0xFF, 0x60, 0xFC, 0xC3, 0xFC, 0x81, 0x61, 0x07, 0xFB, 0x03,
    0x06, 0x06, 0xF6, 0x0B, 0x10, 0x6C, 0xFF, 0xFF, 0xC2, 0x1F, 0x18, 0x06, 0xF2, 0x49, 0xC2, 0x0C,
    0xD2, 0x3F, 0xB6, 0x00, 0x0D, 0xFF, 0xF9, 0x85, 0x01, 0x68, 0xFA, 0x17, 0x06, 0xA0, 0xF1, 0x40,
    0xE2, 0x03, 0x90, 0x60, 0x7F, 0x00, 0x22, 0x2E, 0xC0, 0x08, 0xFB, 0xFF, 0x17, 0x91, 0x09, 0x84,
    0x04, 0x1E, 0x82, 0xE1, 0x07, 0x03, 0xD8, 0x0A, 0x20, 0xF1, 0x1F, 0x44, 0xEC, 0x07, 0x11, 0xF2,
    0x0C, 0x00, 0x63, 0x60, 0x6C, 0x60, 0x60, 0x60, 0x60, 0x7F, 0x00, 0x24, 0xE4, 0x7F, 0x00, 0x89,
    0x12, 0x7E, 0x06, 0x06, 0xC6, 0x0F, 0xCC, 0x07, 0x18, 0xD8, 0x7F, 0x1F, 0xFA, 0xC0, 0x20, 0xFF,
    0xFF, 0xD2, 0x1F, 0x86, 0xFA, 0xFF, 0xCD, 0xFF, 0x81, 0x04, 0xFF, 0x7F, 0x06, 0xF9, 0xBF, 0xFA,
    0x7F, 0x18, 0xD8, 0xFF, 0xD8, 0x7F, 0x60, 0x60, 0xFC, 0xFF, 0xFF, 0x00, 0x03, 0x43, 0x8D, 0x3D,
    0x50, 0x87, 0x8C, 0x0D, 0xCC, 0x00, 0x90, 0x51, 0x00,
};

static const EpdGlyph ubuntumono_16_regularGlyphs[] = {
    { 0, 0, 267, 0, 0, 0, 0 }, // U+0000
    { 0, 0, 267, 0, 0, 0, 0 }, // U+0008
    { 0, 0, 267, 0, 0, 0, 0 }, // U+0009
    { 0, 0, 267, 0, 0, 0, 0 }, // U+000D
    { 0, 0, 267, 0, 0, 0, 0 }, // U+001D
    { 0, 0, 267, 0, 0, 0, 0 }, // U+0020
    { 6, 20, 267, 5, 20, 30, 0 }, // !
    { 9, 8, 267, 4, 22, 18, 30 }, // "
    { 16, 20, 267, 0, 20, 80, 48 }, // #
    { 14, 26, 267, 1, 23, 91, 128 }, // $
    { 16, 20, 267, 0, 20, 80, 219 }, // %
    { 15, 20, 267, 1, 20, 75, 299 }, // &
    { 4, 9, 267, 6, 22, 9, 374 }, // '
    { 10, 29, 267, 3, 23, 73, 383 }, // (
    { 10, 29, 267, 3, 23, 73, 456 }, // )
    { 14, 13, 267, 1, 20, 46, 529 }, // *
    { 15, 14, 267, 1, 16, 53, 575 }, // +
    { 8, 8, 267, 4, 4, 16, 628 }, // ,
    { 8, 3, 267, 4, 10, 6, 644 }, // -
    { 6, 4, 267, 5, 4, 6, 650 }, // .
    { 13, 28, 267, 2, 23, 91, 656 }, // /
    { 14, 20, 267, 1, 20, 70, 747 }, // 0
    { 13, 20, 267, 2, 20, 65, 817 }, // 1
    { 14, 20, 267, 1, 20, 70, 882 }, // 2
    { 14, 20, 267, 1, 20, 70, 952 }, // 3
    { 15, 20, 267, 1, 20, 75, 1022 }, // 4
    { 13, 20, 267, 2, 20, 65, 1097 }, // 5
    { 14, 20, 267, 1, 20, 70, 1162 }, // 6
    { 14, 20, 267, 2, 20, 70, 1232 }, // 7
    { 14, 20, 267, 1, 20, 70, 1302 }, // 8
    { 14, 20, 267, 1, 20, 70, 1372 }, // 9
    { 6, 15, 267, 5, 15, 23, 1442 }, // :
    { 7, 19, 267, 4, 15, 34, 1465 }, // ;
    { 15, 13, 267, 1, 15, 49, 1499 }, // <
    { 15, 8, 267, 1, 13, 30, 1548 }, // =
    { 15, 13, 267, 1, 15, 49, 1578 }, // >
    { 11, 20, 267, 3, 20, 55, 1627 }, // ?
    { 15, 24, 267, 1, 20, 90, 1682 }, // @
    { 17, 20, 267, 0, 20, 85, 1772 }, // A
    { 14, 20, 267, 1, 20, 70, 1857 }, // B
    { 15, 20, 267, 1, 20, 75, 1927 }, // C
    { 15, 20, 267, 1, 20, 75, 2002 }, // D
    { 13, 20, 267, 3, 20, 65, 2077 }, // E
    { 12, 20, 267, 3, 20, 60, 2142 }, // F
    { 15, 20, 267, 1, 20, 75, 2202 }, // G
    { 15, 20, 267, 1, 20, 75, 2277 }, // H
    { 12, 20, 267, 2, 20, 60, 2352 }, // I
    { 13, 20, 267, 1, 20, 65, 2412 }, // J
    { 15, 20, 267, 2, 20, 75, 2477 }, // K
    { 13, 20, 267, 3, 20, 65, 2552 }, // L
    { 15, 20, 267, 1, 20, 75, 2617 }, // M
    { 14, 20, 267, 1, 20, 70, 2692 }, // N
    { 16, 20, 267, 0, 20, 80, 2762 }, // O
    { 14, 20, 267, 2, 20, 70, 2842 }, // P
    { 16, 25, 267, 0, 20, 100, 2912 }, // Q
    { 15, 20, 267, 1, 20, 75, 3012 }, // R
    { 14, 20, 267, 1, 20, 70, 3087 }, // S
    { 15, 20, 267, 1, 20, 75, 3157 }, // T
    { 14, 20, 267, 1, 20, 70, 3232 }, // U
    { 17, 20, 267, 0, 20, 85, 3302 }, // V
    { 15, 20, 267, 1, 20, 75, 3387 }, // W
    { 16, 20, 267, 0, 20, 80, 3462 }, // X
    { 17, 20, 267, 0, 20, 85, 3542 }, // Y
    { 15, 20, 267, 1, 20, 75, 3627 }, // Z
    { 9, 28, 267, 4, 23, 63, 3702 }, // [
    { 13, 28, 267, 2, 23, 91, 3765 }, // <backslash>
    { 9, 28, 267, 3, 23, 63, 3856 }, // ]
    { 15, 11, 267, 1, 20, 42, 3919 }, // ^
    { 17, 2, 267, 0, -3, 9, 3961 }, // _
    { 6, 6, 267, 5, 23, 9, 3970 }, // `
    { 14, 15, 267, 1, 15, 53, 3979 }, // a
    { 14, 23, 267, 2, 23, 81, 4032 }, // b
    { 14, 15, 267, 1, 15, 53, 4113 }, // c
    { 14, 23, 267, 1, 23, 81, 4166 }, // d
    { 15, 15, 267, 1, 15, 57, 4247 }, // e
    { 14, 23, 267, 2, 23, 81, 4304 }, // f
    { 14, 20, 267, 1, 15, 70, 4385 }, // g
    { 13, 23, 267, 2, 23, 75, 4455 }, // h
    { 14, 21, 267, 1, 21, 74, 4530 }, // i
    { 11, 26, 267, 2, 21, 72, 4604 }, // j
    { 14, 23, 267, 2, 23, 81, 4676 }, // k
    { 14, 23, 267, 1, 23, 81, 4757 }, // l
    { 15, 15, 267, 1, 15, 57, 4838 }, // m
    { 13, 15, 267, 2, 15, 49, 4895 }, // n
    { 15, 15, 267, 1, 15, 57, 4944 }, // o
    { 14, 20, 267, 2, 15, 70, 5001 }, // p
    { 14, 20, 267, 1, 15, 70, 5071 }, // q
    { 12, 15, 267, 3, 15, 45, 5141 }, // r
    { 13, 15, 267, 2, 15, 49, 5186 }, // s
    { 13, 20, 267, 2, 20, 65, 5235 }, // t
    { 13, 15, 267, 2, 15, 49, 5300 }, // u
    { 16, 15, 267, 0, 15, 60, 5349 }, // v
    { 16, 15, 267, 0, 15, 60, 5409 }, // w
    { 16, 15, 267, 0, 15, 60, 5469 }, // x
    { 15, 20, 267, 1, 15, 75, 5529 }, // y
    { 13, 15, 267, 2, 15, 49, 5604 }, // z
    { 13, 28, 267, 2, 23, 91, 5653 }, // {
    { 3, 28, 267, 7, 23, 21, 5744 }, // |
    { 12, 28, 267, 2, 23, 84, 5765 }, // }
    { 15, 6, 267, 1, 12, 23, 5849 }, // ~
    { 0, 0, 267, 0, 0, 0, 0 }, // U+00A0
    { 5, 20, 267, 6, 15, 25, 0 }, // U+00A1
    { 14, 23, 267, 1, 20, 81, 25 }, // U+00A2
    { 15, 20, 267, 1, 20, 75, 106 }, // U+00A3
    { 15, 13, 267, 1, 17, 49, 181 }, // U+00A4
    { 17, 20, 267, 0, 20, 85, 230 }, // U+00A5
    { 3, 28, 267, 7, 23, 21, 315 }, // U+00A6
    { 13, 24, 267, 2, 21, 78, 336 }, // U+00A7
    { 10, 3, 267, 3, 21, 8, 414 }, // U+00A8
    { 15, 16, 267, 1, 16, 60, 422 }, // U+00A9
    { 10, 10, 267, 3, 20, 25, 482 }, // U+00AA
    { 12, 11, 267, 2, 14, 33, 507 }, // U+00AB
    { 14, 10, 267, 1, 11, 35, 540 }, // U+00AC
    { 8, 3, 267, 4, 10, 6, 575 }, // U+00AD
    { 15, 16, 267, 1, 16, 60, 581 }, // U+00AE
    { 9, 2, 267, 4, 21, 5, 641 }, // U+00AF
    { 9, 8, 267, 4, 23, 18, 646 }, // U+00B0
    { 15, 18, 267, 1, 18, 68, 664 }, // U+00B1
    { 9, 11, 267, 4, 20, 25, 732 }, // U+00B2
    { 9, 11, 267, 4, 20, 25, 757 }, // U+00B3
    { 7, 6, 267, 5, 23, 11, 782 }, // U+00B4
    { 13, 20, 267, 2, 15, 65, 793 }, // U+00B5
    { 15, 26, 267, 0, 21, 98, 858 }, // U+00B6
    { 6, 4, 267, 5, 10, 6, 956 }, // U+00B7
    { 6, 7, 267, 5, 1, 11, 962 }, // U+00B8
    { 9, 11, 267, 4, 20, 25, 973 }, // U+00B9
    { 12, 10, 267, 2, 20, 30, 998 }, // U+00BA
    { 13, 11, 267, 2, 14, 36, 1028 }, // U+00BB
    { 16, 21, 267, 0, 21, 84, 1064 }, // U+00BC
    { 16, 22, 267, 0, 21, 88, 1148 }, // U+00BD
    { 16, 21, 267, 0, 21, 84, 1236 }, // U+00BE
    { 11, 21, 267, 3, 15, 58, 1320 }, // U+00BF
    { 17, 28, 267, 0, 28, 119, 1378 }, // U+00C0
    { 17, 28, 267, 0, 28, 119, 1497 }, // U+00C1
    { 17, 28, 267, 0, 28, 119, 1616 }, // U+00C2
    { 17, 26, 267, 0, 26, 111, 1735 }, // U+00C3
    { 17, 26, 267, 0, 26, 111, 1846 }, // U+00C4
    { 17, 24, 267, 0, 24, 102, 1957 }, // U+00C5
    { 16, 20, 267, 0, 20, 80, 2059 }, // U+00C6
    { 15, 26, 267, 1, 20, 98, 2139 }, // U+00C7
    { 13, 28, 267, 3, 28, 91, 2237 }, // U+00C8
    { 13, 28, 267, 3, 28, 91, 2328 }, // U+00C9
    { 13, 28, 267, 3, 28, 91, 2419 }, // U+00CA
    { 13, 26, 267, 3, 26, 85, 2510 }, // U+00CB
    { 12, 28, 267, 2, 28, 84, 2595 }, // U+00CC
    { 12, 28, 267, 2, 28, 84, 2679 }, // U+00CD
    { 12, 28, 267, 2, 28, 84, 2763 }, // U+00CE
    { 12, 26, 267, 2, 26, 78, 2847 }, // U+00CF
    { 16, 20, 267, 0, 20, 80, 2925 }, // U+00D0
    { 14, 26, 267, 1, 26, 91, 3005 }, // U+00D1
    { 16, 28, 267, 0, 28, 112, 3096 }, // U+00D2
    { 16, 28, 267, 0, 28, 112, 3208 }, // U+00D3
    { 16, 28, 267, 0, 28, 112, 3320 }, // U+00D4
    { 16, 26, 267, 0, 26, 104, 3432 }, // U+00D5
    { 16, 26, 267, 0, 26, 104, 3536 }, // U+00D6
    { 13, 12, 267, 2, 15, 39, 3640 }, // U+00D7
    { 16, 22, 267, 0, 21, 88, 3679 }, // U+00D8
    { 14, 28, 267, 1, 28, 98, 3767 }, // U+00D9
    { 14, 28, 267, 1, 28, 98, 3865 }, // U+00DA
    { 14, 28, 267, 1, 28, 98, 3963 }, // U+00DB
    { 14, 26, 267, 1, 26, 91, 4061 }, // U+00DC
    { 17, 28, 267, 0, 28, 119, 4152 }, // U+00DD
    { 14, 20, 267, 2, 20, 70, 4271 }, // U+00DE
    { 14, 23, 267, 2, 23, 81, 4341 }, // U+00DF
    { 14, 23, 267, 1, 23, 81, 4422 }, // U+00E0
    { 14, 23, 267, 1, 23, 81, 4503 }, // U+00E1
    { 14, 23, 267, 1, 23, 81, 4584 }, // U+00E2
    { 14, 21, 267, 1, 21, 74, 4665 }, // U+00E3
    { 14, 21, 267, 1, 21, 74, 4739 }, // U+00E4
    { 14, 22, 267, 1, 22, 77, 4813 }, // U+00E5
    { 15, 15, 267, 1, 15, 57, 4890 }, // U+00E6
    { 14, 21, 267, 1, 15, 74, 4947 }, // U+00E7
    { 15, 23, 267, 1, 23, 87, 5021 }, // U+00E8
    { 15, 23, 267, 1, 23, 87, 5108 }, // U+00E9
    { 15, 23, 267, 1, 23, 87, 5195 }, // U+00EA
    { 15, 21, 267, 1, 21, 79, 5282 }, // U+00EB
    { 14, 23, 267, 1, 23, 81, 5361 }, // U+00EC
    { 14, 23, 267, 1, 23, 81, 5442 }, // U+00ED
    { 14, 23, 267, 1, 23, 81, 5523 }, // U+00EE
    { 14, 21, 267, 1, 21, 74, 5604 }, // U+00EF
    { 15, 23, 267, 1, 23, 87, 5678 }, // U+00F0
    { 13, 21, 267, 2, 21, 69, 5765 }, // U+00F1
    { 15, 23, 267, 1, 23, 87, 5834 }, // U+00F2
    { 15, 23, 267, 1, 23, 87, 5921 }, // U+00F3
    { 15, 23, 267, 1, 23, 87, 6008 }, // U+00F4
    { 15, 21, 267, 1, 21, 79, 6095 }, // U+00F5
    { 15, 21, 267, 1, 21, 79, 6174 }, // U+00F6
    { 15, 14, 267, 1, 16, 53, 6253 }, // U+00F7
    { 15, 17, 267, 1, 16, 64, 6306 }, // U+00F8
    { 13, 23, 267, 2, 23, 75, 6370 }, // U+00F9
    { 13, 23, 267, 2, 23, 75, 6445 }, // U+00FA
    { 13, 23, 267, 2, 23, 75, 6520 }, // U+00FB
    { 13, 21, 267, 2, 21, 69, 6595 }, // U+00FC
    { 15, 28, 267, 1, 23, 105, 6664 }, // U+00FD
    { 14, 28, 267, 2, 23, 98, 6769 }, // U+00FE
    { 15, 26, 267, 1, 21, 98, 6867 }, // U+00FF
    { 17, 26, 267, 0, 26, 111, 0 }, // U+0100
    { 14, 21, 267, 1, 21, 74, 111 }, // U+0101
    { 17, 27, 267, 0, 27, 115, 185 }, // U+0102
    { 14, 22, 267, 1, 22, 77, 300 }, // U+0103
    { 17, 26, 267, 0, 20, 111, 377 }, // U+0104
    { 14, 21, 267, 1, 15, 74, 488 }, // U+0105
    { 15, 28, 267, 1, 28, 105, 562 }, // U+0106
    { 14, 23, 267, 1, 23, 81, 667 }, // U+0107
    { 15, 28, 267, 1, 28, 105, 748 }, // U+0108
    { 14, 23, 267, 1, 23, 81, 853 }, // U+0109
    { 15, 27, 267, 1, 27, 102, 934 }, // U+010A
    { 14, 22, 267, 1, 22, 77, 1036 }, // U+010B
    { 15, 28, 267, 1, 28, 105, 1113 }, // U+010C
    { 14, 23, 267, 1, 23, 81, 1218 }, // U+010D
    { 15, 28, 267, 1, 28, 105, 1299 }, // U+010E
    { 17, 23, 267, 0, 23, 98, 1404 }, // U+010F
    { 16, 20, 267, 0, 20, 80, 1502 }, // U+0110
    { 15, 23, 267, 1, 23, 87, 1582 }, // U+0111
    { 13, 26, 267, 3, 26, 85, 1669 }, // U+0112
    { 15, 21, 267, 1, 21, 79, 1754 }, // U+0113
    { 13, 27, 267, 3, 27, 88, 1833 }, // U+0114
    { 15, 22, 267, 1, 22, 83, 1921 }, // U+0115
    { 13, 27, 267, 3, 27, 88, 2004 }, // U+0116
    { 15, 22, 267, 1, 22, 83, 2092 }, // U+0117
    { 13, 26, 267, 3, 20, 85, 2175 }, // U+0118
    { 15, 21, 267, 1, 15, 79, 2260 }, // U+0119
    { 13, 28, 267, 3, 28, 91, 2339 }, // U+011A
    { 15, 23, 267, 1, 23, 87, 2430 }, // U+011B
    { 15, 28, 267, 1, 28, 105, 2517 }, // U+011C
    { 14, 28, 267, 1, 23, 98, 2622 }, // U+011D
    { 15, 27, 267, 1, 27, 102, 2720 }, // U+011E
    { 14, 27, 267, 1, 22, 95, 2822 }, // U+011F
    { 15, 27, 267, 1, 27, 102, 2917 }, // U+0120
    { 14, 27, 267, 1, 22, 95, 3019 }, // U+0121
    { 15, 25, 267, 1, 20, 94, 3114 }, // U+0122
    { 14, 28, 267, 1, 23, 98, 3208 }, // U+0123
    { 15, 28, 267, 1, 28, 105, 3306 }, // U+0124
    { 14, 28, 267, 1, 28, 98, 3411 }, // U+0125
    { 16, 20, 267, 0, 20, 80, 3509 }, // U+0126
    { 15, 23, 267, 0, 23, 87, 3589 }, // U+0127
    { 12, 26, 267, 2, 26, 78, 3676 }, // U+0128
    { 14, 21, 267, 1, 21, 74, 3754 }, // U+0129
    { 12, 26, 267, 2, 26, 78, 3828 }, // U+012A
    { 14, 21, 267, 1, 21, 74, 3906 }, // U+012B
    { 12, 27, 267, 2, 27, 81, 3980 }, // U+012C
    { 14, 22, 267, 1, 22, 77, 4061 }, // U+012D
    { 12, 26, 267, 2, 20, 78, 4138 }, // U+012E
    { 14, 27, 267, 1, 21, 95, 4216 }, // U+012F
    { 12, 27, 267, 2, 27, 81, 4311 }, // U+0130
    { 14, 15, 267, 1, 15, 53, 4392 }, // U+0131
    { 15, 20, 267, 1, 20, 75, 4445 }, // U+0132
    { 12, 27, 267, 2, 22, 81, 4520 }, // U+0133
    { 13, 28, 267, 1, 28, 91, 4601 }, // U+0134
    { 11, 28, 267, 2, 23, 77, 4692 }, // U+0135
    { 15, 25, 267, 2, 20, 94, 4769 }, // U+0136
    { 14, 28, 267, 2, 23, 98, 4863 }, // U+0137
    { 14, 15, 267, 2, 15, 53, 4961 }, // U+0138
    { 13, 28, 267, 3, 28, 91, 5014 }, // U+0139
    { 14, 28, 267, 1, 28, 98, 5105 }, // U+013A
    { 13, 25, 267, 3, 20, 82, 5203 }, // U+013B
    { 14, 28, 267, 1, 23, 98, 5285 }, // U+013C
    { 13, 21, 267, 3, 21, 69, 5383 }, // U+013D
    { 14, 23, 267, 1, 23, 81, 5452 }, // U+013E
    { 13, 20, 267, 3, 20, 65, 5533 }, // U+013F
    { 17, 23, 267, 1, 23, 98, 5598 }, // U+0140
    { 16, 20, 267, 0, 20, 80, 5696 }, // U+0141
    { 14, 23, 267, 1, 23, 81, 5776 }, // U+0142
    { 14, 28, 267, 1, 28, 98, 5857 }, // U+0143
    { 13, 23, 267, 2, 23, 75, 5955 }, // U+0144
    { 14, 25, 267, 1, 20, 88, 6030 }, // U+0145
    { 13, 20, 267, 2, 15, 65, 6118 }, // U+0146
    { 14, 28, 267, 1, 28, 98, 6183 }, // U+0147
    { 13, 23, 267, 2, 23, 75, 6281 }, // U+0148
    { 15, 23, 267, 0, 23, 87, 6356 }, // U+0149
    { 14, 26, 267, 1, 20, 91, 6443 }, // U+014A
    { 13, 20, 267, 2, 15, 65, 6534 }, // U+014B
    { 16, 26, 267, 0, 26, 104, 6599 }, // U+014C
    { 15, 21, 267, 1, 21, 79, 6703 }, // U+014D
    { 16, 27, 267, 0, 27, 108, 6782 }, // U+014E
    { 15, 22, 267, 1, 22, 83, 6890 }, // U+014F
    { 16, 28, 267, 0, 28, 112, 6973 }, // U+0150
    { 15, 23, 267, 1, 23, 87, 7085 }, // U+0151
    { 16, 20, 267, 0, 20, 80, 7172 }, // U+0152
    { 15, 15, 267, 1, 15, 57, 7252 }, // U+0153
    { 15, 28, 267, 1, 28, 105, 7309 }, // U+0154
    { 12, 23, 267, 3, 23, 69, 7414 }, // U+0155
    { 15, 25, 267, 1, 20, 94, 7483 }, // U+0156
    { 14, 20, 267, 1, 15, 70, 7577 }, // U+0157
    { 15, 28, 267, 1, 28, 105, 7647 }, // U+0158
    { 12, 23, 267, 3, 23, 69, 7752 }, // U+0159
    { 14, 28, 267, 1, 28, 98, 7821 }, // U+015A
    { 13, 23, 267, 2, 23, 75, 7919 }, // U+015B
    { 14, 28, 267, 1, 28, 98, 7994 }, // U+015C
    { 13, 23, 267, 2, 23, 75, 8092 }, // U+015D
    { 14, 26, 267, 1, 20, 91, 8167 }, // U+015E
    { 13, 21, 267, 2, 15, 69, 8258 }, // U+015F
    { 14, 28, 267, 1, 28, 98, 8327 }, // U+0160
    { 13, 23, 267, 2, 23, 75, 8425 }, // U+0161
    { 15, 26, 267, 1, 20, 98, 8500 }, // U+0162
    { 13, 26, 267, 2, 20, 85, 8598 }, // U+0163
    { 15, 28, 267, 1, 28, 105, 8683 }, // U+0164
    { 13, 23, 267, 2, 23, 75, 8788 }, // U+0165
    { 15, 20, 267, 1, 20, 75, 8863 }, // U+0166
    { 13, 20, 267, 2, 20, 65, 8938 }, // U+0167
    { 14, 26, 267, 1, 26, 91, 9003 }, // U+0168
    { 13, 21, 267, 2, 21, 69, 9094 }, // U+0169
    { 14, 26, 267, 1, 26, 91, 9163 }, // U+016A
    { 13, 21, 267, 2, 21, 69, 9254 }, // U+016B
    { 14, 27, 267, 1, 27, 95, 9323 }, // U+016C
    { 13, 22, 267, 2, 22, 72, 9418 }, // U+016D
    { 14, 26, 267, 1, 26, 91, 9490 }, // U+016E
    { 13, 22, 267, 2, 22, 72, 9581 }, // U+016F
    { 14, 28, 267, 1, 28, 98, 9653 }, // U+0170
    { 13, 23, 267, 2, 23, 75, 9751 }, // U+0171
    { 14, 26, 267, 1, 20, 91, 9826 }, // U+0172
    { 13, 21, 267, 2, 15, 69, 9917 }, // U+0173
    { 15, 28, 267, 1, 28, 105, 9986 }, // U+0174
    { 16, 23, 267, 0, 23, 92, 10091 }, // U+0175
    { 17, 28, 267, 0, 28, 119, 10183 }, // U+0176
    { 15, 28, 267, 1, 23, 105, 10302 }, // U+0177
    { 17, 26, 267, 0, 26, 111, 10407 }, // U+0178
    { 15, 28, 267, 1, 28, 105, 10518 }, // U+0179
    { 13, 23, 267, 2, 23, 75, 10623 }, // U+017A
    { 15, 27, 267, 1, 27, 102, 10698 }, // U+017B
    { 13, 22, 267, 2, 22, 72, 10800 }, // U+017C
    { 15, 28, 267, 1, 28, 105, 10872 }, // U+017D
    { 13, 23, 267, 2, 23, 75, 10977 }, // U+017E
    { 11, 23, 267, 5, 23, 64, 11052 }, // U+017F
    { 17, 23, 267, 0, 23, 98, 0 }, // U+01A0
    { 15, 18, 267, 1, 18, 68, 98 }, // U+01A1
    { 16, 23, 267, 1, 23, 92, 166 }, // U+01AF
    { 14, 18, 267, 2, 18, 63, 258 }, // U+01B0
    { 17, 26, 267, 0, 26, 111, 321 }, // U+01C4
    { 17, 21, 267, 0, 21, 90, 432 }, // U+01C5
    { 17, 23, 267, 0, 23, 98, 522 }, // U+01C6
    { 15, 20, 267, 1, 20, 75, 620 }, // U+01C7
    { 15, 27, 267, 1, 22, 102, 695 }, // U+01C8
    { 11, 28, 267, 3, 23, 77, 797 }, // U+01C9
    { 15, 20, 267, 1, 20, 75, 874 }, // U+01CA
    { 15, 27, 267, 1, 22, 102, 949 }, // U+01CB
    { 15, 27, 267, 1, 22, 102, 1051 }, // U+01CC
    { 17, 28, 267, 0, 28, 119, 1153 }, // U+01CD
    { 14, 23, 267, 1, 23, 81, 1272 }, // U+01CE
    { 12, 28, 267, 2, 28, 84, 1353 }, // U+01CF
    { 14, 23, 267, 1, 23, 81, 1437 }, // U+01D0
    { 16, 28, 267, 0, 28, 112, 1518 }, // U+01D1
    { 15, 23, 267, 1, 23, 87, 1630 }, // U+01D2
    { 14, 28, 267, 1, 28, 98, 1717 }, // U+01D3
    { 13, 23, 267, 2, 23, 75, 1815 }, // U+01D4
    { 14, 28, 267, 1, 28, 98, 1890 }, // U+01D5
    { 13, 23, 267, 2, 23, 75, 1988 }, // U+01D6
    { 14, 28, 267, 1, 28, 98, 2063 }, // U+01D7
    { 13, 25, 267, 2, 25, 82, 2161 }, // U+01D8
    { 14, 28, 267, 1, 28, 98, 2243 }, // U+01D9
    { 13, 24, 267, 2, 24, 78, 2341 }, // U+01DA
    { 14, 28, 267, 1, 28, 98, 2419 }, // U+01DB
    { 13, 25, 267, 2, 25, 82, 2517 }, // U+01DC
    { 15, 15, 267, 1, 15, 57, 2599 }, // U+01DD
    { 17, 28, 267, 0, 28, 119, 2656 }, // U+01DE
    { 14, 23, 267, 1, 23, 81, 2775 }, // U+01DF
    { 17, 28, 267, 0, 28, 119, 2856 }, // U+01E0
    { 14, 23, 267, 1, 23, 81, 2975 }, // U+01E1
    { 16, 26, 267, 0, 26, 104, 3056 }, // U+01E2
    { 15, 21, 267, 1, 21, 79, 3160 }, // U+01E3
    { 15, 20, 267, 1, 20, 75, 3239 }, // U+01E4
    { 15, 20, 267, 1, 15, 75, 3314 }, // U+01E5
    { 15, 28, 267, 1, 28, 105, 3389 }, // U+01E6
    { 14, 28, 267, 1, 23, 98, 3494 }, // U+01E7
    { 15, 28, 267, 2, 28, 105, 3592 }, // U+01E8
    { 15, 28, 267, 1, 28, 105, 3697 }, // U+01E9
    { 16, 26, 267, 0, 20, 104, 3802 }, // U+01EA
    { 15, 21, 267, 1, 15, 79, 3906 }, // U+01EB
    { 16, 32, 267, 0, 26, 128, 3985 }, // U+01EC
    { 15, 27, 267, 1, 21, 102, 4113 }, // U+01ED
    { 16, 28, 267, 0, 28, 112, 4215 }, // U+01EE
    { 14, 28, 267, 1, 23, 98, 4327 }, // U+01EF
    { 12, 28, 267, 2, 23, 84, 4425 }, // U+01F0
    { 16, 20, 267, 0, 20, 80, 4509 }, // U+01F1
    { 16, 20, 267, 0, 20, 80, 4589 }, // U+01F2
    { 17, 23, 267, 0, 23, 98, 4669 }, // U+01F3
    { 15, 28, 267, 1, 28, 105, 4767 }, // U+01F4
    { 14, 28, 267, 1, 23, 98, 4872 }, // U+01F5
    { 15, 20, 267, 1, 20, 75, 4970 }, // U+01F6
    { 14, 25, 267, 2, 20, 88, 5045 }, // U+01F7
    { 14, 28, 267, 1, 28, 98, 5133 }, // U+01F8
    { 13, 23, 267, 2, 23, 75, 5231 }, // U+01F9
    { 17, 29, 267, 0, 29, 124, 5306 }, // U+01FA
    { 14, 27, 267, 1, 27, 95, 5430 }, // U+01FB
    { 16, 28, 267, 0, 28, 112, 5525 }, // U+01FC
    { 15, 23, 267, 1, 23, 87, 5637 }, // U+01FD
    { 16, 29, 267, 0, 28, 116, 5724 }, // U+01FE
    { 15, 24, 267, 1, 23, 90, 5840 }, // U+01FF
    { 17, 28, 267, 0, 28, 119, 5930 }, // U+0200
    { 14, 23, 267, 1, 23, 81, 6049 }, // U+0201
    { 17, 27, 267, 0, 27, 115, 6130 }, // U+0202
    { 14, 22, 267, 1, 22, 77, 6245 }, // U+0203
    { 13, 28, 267, 3, 28, 91, 6322 }, // U+0204
    { 15, 23, 267, 1, 23, 87, 6413 }, // U+0205
    { 13, 27, 267, 3, 27, 88, 6500 }, // U+0206
    { 15, 22, 267, 1, 22, 83, 6588 }, // U+0207
    { 12, 28, 267, 2, 28, 84, 6671 }, // U+0208
    { 14, 23, 267, 1, 23, 81, 6755 }, // U+0209
    { 12, 27, 267, 2, 27, 81, 6836 }, // U+020A
    { 14, 22, 267, 1, 22, 77, 6917 }, // U+020B
    { 16, 28, 267, 0, 28, 112, 6994 }, // U+020C
    { 15, 23, 267, 1, 23, 87, 7106 }, // U+020D
    { 16, 27, 267, 0, 27, 108, 7193 }, // U+020E
    { 15, 22, 267, 1, 22, 83, 7301 }, // U+020F
    { 15, 28, 267, 1, 28, 105, 7384 }, // U+0210
    { 13, 23, 267, 2, 23, 75, 7489 }, // U+0211
    { 15, 27, 267, 1, 27, 102, 7564 }, // U+0212
    { 12, 22, 267, 3, 22, 66, 7666 }, // U+0213
    { 14, 28, 267, 1, 28, 98, 7732 }, // U+0214
    { 13, 23, 267, 2, 23, 75, 7830 }, // U+0215
    { 14, 27, 267, 1, 27, 95, 7905 }, // U+0216
    { 13, 22, 267, 2, 22, 72, 8000 }, // U+0217
    { 14, 25, 267, 1, 20, 88, 8072 }, // U+0218
    { 13, 20, 267, 2, 15, 65, 8160 }, // U+0219
    { 15, 25, 267, 1, 20, 94, 8225 }, // U+021A
    { 13, 25, 267, 2, 20, 82, 8319 }, // U+021B
    { 16, 25, 267, 0, 20, 100, 8401 }, // U+021C
    { 14, 20, 267, 1, 15, 70, 8501 }, // U+021D
    { 15, 28, 267, 1, 28, 105, 8571 }, // U+021E
    { 14, 28, 267, 1, 28, 98, 8676 }, // U+021F
    { 9, 4, 267, 4, 22, 9, 0 }, // U+0311
    { 13, 28, 267, 3, 28, 91, 0 }, // U+0400
    { 13, 26, 267, 3, 26, 85, 91 }, // U+0401
    { 16, 20, 267, 0, 20, 80, 176 }, // U+0402
    { 15, 28, 267, 1, 28, 105, 256 }, // U+0403
    { 15, 20, 267, 1, 20, 75, 361 }, // U+0404
    { 14, 20, 267, 1, 20, 70, 436 }, // U+0405
    { 12, 20, 267, 2, 20, 60, 506 }, // U+0406
    { 12, 26, 267, 2, 26, 78, 566 }, // U+0407
    { 13, 20, 267, 1, 20, 65, 644 }, // U+0408
    { 16, 20, 267, 0, 20, 80, 709 }, // U+0409
    { 15, 20, 267, 1, 20, 75, 789 }, // U+040A
    { 15, 20, 267, 0, 20, 75, 864 }, // U+040B
    { 15, 28, 267, 2, 28, 105, 939 }, // U+040C
    { 14, 28, 267, 1, 28, 98, 1044 }, // U+040D
    { 17, 27, 267, 0, 27, 115, 1142 }, // U+040E
    { 14, 25, 267, 1, 20, 88, 1257 }, // U+040F
    { 17, 20, 267, 0, 20, 85, 1345 }, // U+0410
    { 14, 20, 267, 1, 20, 70, 1430 }, // U+0411
    { 14, 20, 267, 1, 20, 70, 1500 }, // U+0412
    { 15, 20, 267, 1, 20, 75, 1570 }, // U+0413
    { 16, 25, 267, 0, 20, 100, 1645 }, // U+0414
    { 13, 20, 267, 3, 20, 65, 1745 }, // U+0415
    { 17, 20, 267, 0, 20, 85, 1810 }, // U+0416
    { 15, 20, 267, 1, 20, 75, 1895 }, // U+0417
    { 14, 20, 267, 1, 20, 70, 1970 }, // U+0418
    { 14, 27, 267, 1, 27, 95, 2040 }, // U+0419
    { 15, 20, 267, 2, 20, 75, 2135 }, // U+041A
    { 16, 20, 267, 0, 20, 80, 2210 }, // U+041B
    { 15, 20, 267, 1, 20, 75, 2290 }, // U+041C
    { 15, 20, 267, 1, 20, 75, 2365 }, // U+041D
    { 16, 20, 267, 0, 20, 80, 2440 }, // U+041E
    { 15, 20, 267, 1, 20, 75, 2520 }, // U+041F
    { 14, 20, 267, 2, 20, 70, 2595 }, // U+0420
    { 15, 20, 267, 1, 20, 75, 2665 }, // U+0421
    { 15, 20, 267, 1, 20, 75, 2740 }, // U+0422
    { 17, 20, 267, 0, 20, 85, 2815 }, // U+0423
    { 15, 22, 267, 1, 22, 83, 2900 }, // U+0424
    { 16, 20, 267, 0, 20, 80, 2983 }, // U+0425
    { 15, 25, 267, 1, 20, 94, 3063 }, // U+0426
    { 14, 20, 267, 1, 20, 70, 3157 }, // U+0427
    { 15, 20, 267, 1, 20, 75, 3227 }, // U+0428
    { 15, 25, 267, 1, 20, 94, 3302 }, // U+0429
    { 16, 20, 267, 0, 20, 80, 3396 }, // U+042A
    { 15, 20, 267, 1, 20, 75, 3476 }, // U+042B
    { 15, 20, 267, 1, 20, 75, 3551 }, // U+042C
    { 15, 20, 267, 1, 20, 75, 3626 }, // U+042D
    { 15, 20, 267, 1, 20, 75, 3701 }, // U+042E
    { 15, 20, 267, 1, 20, 75, 3776 }, // U+042F
    { 14, 15, 267, 1, 15, 53, 3851 }, // U+0430
    { 15, 23, 267, 1, 23, 87, 3904 }, // U+0431
    { 13, 15, 267, 2, 15, 49, 3991 }, // U+0432
    { 12, 15, 267, 3, 15, 45, 4040 }, // U+0433
    { 16, 19, 267, 0, 15, 76, 4085 }, // U+0434
    { 15, 15, 267, 1, 15, 57, 4161 }, // U+0435
    { 17, 15, 267, 0, 15, 64, 4218 }, // U+0436
    { 13, 15, 267, 2, 15, 49, 4282 }, // U+0437
    { 13, 15, 267, 2, 15, 49, 4331 }, // U+0438
    { 13, 22, 267, 2, 22, 72, 4380 }, // U+0439
    { 14, 15, 267, 2, 15, 53, 4452 }, // U+043A
    { 15, 15, 267, 0, 15, 57, 4505 }, // U+043B
    { 16, 15, 267, 0, 15, 60, 4562 }, // U+043C
    { 13, 15, 267, 2, 15, 49, 4622 }, // U+043D
    { 15, 15, 267, 1, 15, 57, 4671 }, // U+043E
    { 13, 15, 267, 2, 15, 49, 4728 }, // U+043F
    { 14, 20, 267, 2, 15, 70, 4777 }, // U+0440
    { 14, 15, 267, 1, 15, 53, 4847 }, // U+0441
    { 14, 15, 267, 1, 15, 53, 4900 }, // U+0442
    { 15, 20, 267, 1, 15, 75, 4953 }, // U+0443
    { 16, 28, 267, 0, 23, 112, 5028 }, // U+0444
    { 16, 15, 267, 0, 15, 60, 5140 }, // U+0445
    { 14, 19, 267, 2, 15, 67, 5200 }, // U+0446
    { 14, 15, 267, 1, 15, 53, 5267 }, // U+0447
    { 15, 15, 267, 1, 15, 57, 5320 }, // U+0448
    { 15, 19, 267, 1, 15, 72, 5377 }, // U+0449
    { 16, 15, 267, 0, 15, 60, 5449 }, // U+044A
    { 15, 15, 267, 1, 15, 57, 5509 }, // U+044B
    { 14, 15, 267, 2, 15, 53, 5566 }, // U+044C
    { 15, 15, 267, 1, 15, 57, 5619 }, // U+044D
    { 15, 15, 267, 1, 15, 57, 5676 }, // U+044E
    { 14, 15, 267, 1, 15, 53, 5733 }, // U+044F
    { 15, 23, 267, 1, 23, 87, 5786 }, // U+0450
    { 15, 21, 267, 1, 21, 79, 5873 }, // U+0451
    { 15, 28, 267, 0, 23, 105, 5952 }, // U+0452
    { 12, 23, 267, 3, 23, 69, 6057 }, // U+0453
    { 14, 15, 267, 1, 15, 53, 6126 }, // U+0454
    { 13, 15, 267, 2, 15, 49, 6179 }, // U+0455
    { 14, 21, 267, 1, 21, 74, 6228 }, // U+0456
    { 14, 21, 267, 1, 21, 74, 6302 }, // U+0457
    { 11, 26, 267, 2, 21, 72, 6376 }, // U+0458
    { 16, 15, 267, 0, 15, 60, 6448 }, // U+0459
    { 15, 15, 267, 1, 15, 57, 6508 }, // U+045A
    { 15, 23, 267, 0, 23, 87, 6565 }, // U+045B
    { 14, 23, 267, 2, 23, 81, 6652 }, // U+045C
    { 13, 23, 267, 2, 23, 75, 6733 }, // U+045D
    { 15, 27, 267, 1, 22, 102, 6808 }, // U+045E
    { 13, 19, 267, 2, 15, 62, 6910 }, // U+045F
    { 16, 22, 267, 0, 22, 88, 6972 }, // U+0462
    { 16, 23, 267, 0, 23, 92, 7060 }, // U+0463
    { 16, 20, 267, 0, 20, 80, 7152 }, // U+0472
    { 15, 15, 267, 1, 15, 57, 7232 }, // U+0473
    { 17, 20, 267, 0, 20, 85, 7289 }, // U+0474
    { 17, 15, 267, 0, 15, 64, 7374 }, // U+0475
    { 15, 32, 267, 1, 26, 120, 7438 }, // U+048A
    { 14, 26, 267, 2, 21, 91, 7558 }, // U+048B
    { 16, 20, 267, 0, 20, 80, 7649 }, // U+048C
    { 16, 16, 267, 0, 16, 64, 7729 }, // U+048D
    { 14, 20, 267, 2, 20, 70, 7793 }, // U+048E
    { 14, 20, 267, 2, 15, 70, 7863 }, // U+048F
    { 15, 24, 267, 1, 24, 90, 7933 }, // U+0490
    { 12, 19, 267, 3, 19, 57, 8023 }, // U+0491
    { 15, 20, 267, 1, 20, 75, 8080 }, // U+0492
    { 14, 15, 267, 1, 15, 53, 8155 }, // U+0493
    { 15, 25, 267, 1, 20, 94, 8208 }, // U+0494
    { 14, 20, 267, 2, 15, 70, 8302 }, // U+0495
    { 17, 25, 267, 0, 20, 107, 8372 }, // U+0496
    { 16, 19, 267, 0, 15, 76, 8479 }, // U+0497
    { 15, 26, 267, 1, 20, 98, 8555 }, // U+0498
    { 13, 21, 267, 2, 15, 69, 8653 }, // U+0499
    { 14, 25, 267, 2, 20, 88, 8722 }, // U+049A
    { 14, 19, 267, 2, 15, 67, 8810 }, // U+049B
    { 16, 20, 267, 1, 20, 80, 8877 }, // U+049C
    { 15, 15, 267, 1, 15, 57, 8957 }, // U+049D
    { 17, 20, 267, 0, 20, 85, 9014 }, // U+049E
    { 16, 16, 267, 0, 16, 64, 9099 }, // U+049F
    { 17, 20, 267, 0, 20, 85, 9163 }, // U+04A0
    { 16, 15, 267, 0, 15, 60, 9248 }, // U+04A1
    { 15, 25, 267, 1, 20, 94, 9308 }, // U+04A2
    { 14, 19, 267, 2, 15, 67, 9402 }, // U+04A3
    { 15, 20, 267, 1, 20, 75, 9469 }, // U+04A4
    { 14, 15, 267, 2, 15, 53, 9544 }, // U+04A5
    { 15, 25, 267, 1, 20, 94, 9597 }, // U+04A6
    { 15, 20, 267, 1, 15, 75, 9691 }, // U+04A7
    { 16, 25, 267, 0, 20, 100, 9766 }, // U+04A8
    { 15, 20, 267, 1, 15, 75, 9866 }, // U+04A9
    { 15, 26, 267, 1, 20, 98, 9941 }, // U+04AA
    { 14, 21, 267, 1, 15, 74, 10039 }, // U+04AB
    { 15, 25, 267, 1, 20, 94, 10113 }, // U+04AC
    { 14, 19, 267, 1, 15, 67, 10207 }, // U+04AD
    { 17, 20, 267, 0, 20, 85, 10274 }, // U+04AE
    { 16, 20, 267, 0, 15, 80, 10359 }, // U+04AF
    { 17, 20, 267, 0, 20, 85, 10439 }, // U+04B0
    { 16, 20, 267, 0, 15, 80, 10524 }, // U+04B1
    { 16, 25, 267, 0, 20, 100, 10604 }, // U+04B2
    { 16, 20, 267, 0, 15, 80, 10704 }, // U+04B3
    { 16, 25, 267, 0, 20, 100, 10784 }, // U+04B4
    { 16, 20, 267, 0, 16, 80, 10884 }, // U+04B5
    { 15, 25, 267, 1, 20, 94, 10964 }, // U+04B6
    { 15, 19, 267, 1, 15, 72, 11058 }, // U+04B7
    { 14, 20, 267, 1, 20, 70, 11130 }, // U+04B8
    { 14, 15, 267, 1, 15, 53, 11200 }, // U+04B9
    { 14, 20, 267, 1, 20, 70, 11253 }, // U+04BA
    { 13, 23, 267, 2, 23, 75, 11323 }, // U+04BB
    { 16, 20, 267, 0, 20, 80, 11398 }, // U+04BC
    { 16, 15, 267, 0, 15, 60, 11478 }, // U+04BD
    { 16, 25, 267, 0, 20, 100, 11538 }, // U+04BE
    { 16, 19, 267, 0, 15, 76, 11638 }, // U+04BF
    { 12, 20, 267, 2, 20, 60, 11714 }, // U+04C0
    { 17, 27, 267, 0, 27, 115, 11774 }, // U+04C1
    { 17, 22, 267, 0, 22, 94, 11889 }, // U+04C2
    { 15, 25, 267, 1, 20, 94, 11983 }, // U+04C3
    { 14, 20, 267, 2, 15, 70, 12077 }, // U+04C4
    { 16, 26, 267, 0, 20, 104, 12147 }, // U+04C5
    { 16, 20, 267, 0, 15, 80, 12251 }, // U+04C6
    { 15, 26, 267, 1, 20, 98, 12331 }, // U+04C7
    { 13, 20, 267, 2, 15, 65, 12429 }, // U+04C8
    { 15, 26, 267, 1, 20, 98, 12494 }, // U+04C9
    { 14, 20, 267, 2, 15, 70, 12592 }, // U+04CA
    { 14, 25, 267, 1, 20, 88, 12662 }, // U+04CB
    { 14, 19, 267, 1, 15, 67, 12750 }, // U+04CC
    { 15, 26, 267, 1, 20, 98, 12817 }, // U+04CD
    { 16, 20, 267, 0, 15, 80, 12915 }, // U+04CE
    { 12, 20, 267, 2, 20, 60, 12995 }, // U+04CF
    { 17, 27, 267, 0, 27, 115, 13055 }, // U+04D0
    { 14, 22, 267, 1, 22, 77, 13170 }, // U+04D1
    { 17, 26, 267, 0, 26, 111, 13247 }, // U+04D2
    { 14, 21, 267, 1, 21, 74, 13358 }, // U+04D3
    { 16, 20, 267, 0, 20, 80, 13432 }, // U+04D4
    { 15, 15, 267, 1, 15, 57, 13512 }, // U+04D5
    { 13, 27, 267, 3, 27, 88, 13569 }, // U+04D6
    { 15, 22, 267, 1, 22, 83, 13657 }, // U+04D7
    { 16, 20, 267, 0, 20, 80, 13740 }, // U+04D8
    { 15, 15, 267, 1, 15, 57, 13820 }, // U+04D9
    { 16, 26, 267, 0, 26, 104, 13877 }, // U+04DA
    { 15, 21, 267, 1, 21, 79, 13981 }, // U+04DB
    { 17, 26, 267, 0, 26, 111, 14060 }, // U+04DC
    { 17, 21, 267, 0, 21, 90, 14171 }, // U+04DD
    { 15, 26, 267, 1, 26, 98, 14261 }, // U+04DE
    { 13, 21, 267, 2, 21, 69, 14359 }, // U+04DF
    { 16, 20, 267, 0, 20, 80, 14428 }, // U+04E0
    { 14, 20, 267, 1, 15, 70, 14508 }, // U+04E1
    { 14, 26, 267, 1, 26, 91, 14578 }, // U+04E2
    { 13, 21, 267, 2, 21, 69, 14669 }, // U+04E3
    { 14, 26, 267, 1, 26, 91, 14738 }, // U+04E4
    { 13, 21, 267, 2, 21, 69, 14829 }, // U+04E5
    { 16, 26, 267, 0, 26, 104, 14898 }, // U+04E6
    { 15, 21, 267, 1, 21, 79, 15002 }, // U+04E7
    { 16, 20, 267, 0, 20, 80, 15081 }, // U+04E8
    { 15, 15, 267, 1, 15, 57, 15161 }, // U+04E9
    { 16, 26, 267, 0, 26, 104, 15218 }, // U+04EA
    { 15, 21, 267, 1, 21, 79, 15322 }, // U+04EB
    { 15, 26, 267, 1, 26, 98, 15401 }, // U+04EC
    { 15, 21, 267, 1, 21, 79, 15499 }, // U+04ED
    { 17, 26, 267, 0, 26, 111, 15578 }, // U+04EE
    { 15, 26, 267, 1, 21, 98, 15689 }, // U+04EF
    { 17, 26, 267, 0, 26, 111, 15787 }, // U+04F0
    { 15, 26, 267, 1, 21, 98, 15898 }, // U+04F1
    { 17, 28, 267, 0, 28, 119, 15996 }, // U+04F2
    { 15, 28, 267, 1, 23, 105, 16115 }, // U+04F3
    { 14, 26, 267, 1, 26, 91, 16220 }, // U+04F4
    { 14, 21, 267, 1, 21, 74, 16311 }, // U+04F5
    { 15, 25, 267, 1, 20, 94, 16385 }, // U+04F6
    { 12, 19, 267, 3, 15, 57, 16479 }, // U+04F7
    { 15, 26, 267, 1, 26, 98, 16536 }, // U+04F8
    { 15, 21, 267, 1, 21, 79, 16634 }, // U+04F9
    { 17, 28, 267, 0, 28, 119, 0 }, // U+1EF2
    { 15, 28, 267, 1, 23, 105, 119 }, // U+1EF3
    { 13, 2, 267, 2, 10, 7, 0 }, // U+2013
    { 17, 2, 267, 0, 10, 9, 7 }, // U+2014
    { 17, 2, 267, 0, 10, 9, 16 }, // U+2015
    { 8, 8, 267, 4, 23, 16, 25 }, // U+2018
    { 8, 8, 267, 4, 23, 16, 41 }, // U+2019
    { 8, 8, 267, 4, 4, 16, 57 }, // U+201A
    { 15, 8, 267, 1, 23, 30, 73 }, // U+201C
    { 15, 8, 267, 1, 23, 30, 103 }, // U+201D
    { 15, 8, 267, 1, 4, 30, 133 }, // U+201E
    { 13, 24, 267, 2, 20, 78, 163 }, // U+2020
    { 13, 24, 267, 2, 20, 78, 241 }, // U+2021
    { 10, 9, 267, 3, 15, 23, 319 }, // U+2022
    { 15, 4, 267, 1, 4, 15, 342 }, // U+2026
    { 17, 20, 267, 0, 20, 85, 357 }, // U+2030
    { 8, 13, 267, 4, 15, 26, 442 }, // U+2039
    { 7, 13, 267, 5, 15, 23, 468 }, // U+203A
    { 16, 20, 267, 0, 20, 80, 491 }, // U+2044
    { 10, 12, 267, 3, 21, 30, 0 }, // U+2070
    { 10, 12, 267, 3, 21, 30, 30 }, // U+2074
    { 9, 12, 267, 4, 21, 27, 60 }, // U+2075
    { 9, 12, 267, 4, 21, 27, 87 }, // U+2076
    { 9, 12, 267, 4, 21, 27, 114 }, // U+2077
    { 10, 12, 267, 3, 21, 30, 141 }, // U+2078
    { 9, 12, 267, 4, 21, 27, 171 }, // U+2079
    { 10, 12, 267, 3, 12, 30, 198 }, // U+2080
    { 9, 11, 267, 4, 11, 25, 228 }, // U+2081
    { 9, 11, 267, 4, 11, 25, 253 }, // U+2082
    { 9, 11, 267, 4, 11, 25, 278 }, // U+2083
    { 10, 12, 267, 3, 12, 30, 303 }, // U+2084
    { 9, 12, 267, 4, 12, 27, 333 }, // U+2085
    { 9, 12, 267, 4, 12, 27, 360 }, // U+2086
    { 9, 12, 267, 4, 12, 27, 387 }, // U+2087
    { 10, 12, 267, 3, 12, 30, 414 }, // U+2088
    { 9, 12, 267, 4, 12, 27, 444 }, // U+2089
    { 15, 20, 267, 1, 20, 75, 0 }, // U+20AC
    { 15, 20, 267, 1, 20, 75, 75 }, // U+20AE
    { 15, 20, 267, 1, 20, 75, 150 }, // U+20B4
    { 14, 20, 267, 2, 20, 70, 225 }, // U+20B9
    { 14, 23, 267, 1, 23, 81, 0 }, // U+2202
    { 17, 20, 267, 0, 20, 85, 81 }, // U+2206
    { 14, 23, 267, 1, 20, 81, 166 }, // U+220F
    { 14, 23, 267, 1, 20, 81, 247 }, // U+2211
    { 15, 2, 267, 1, 10, 8, 328 }, // U+2212
    { 16, 20, 267, 0, 20, 80, 336 }, // U+2215
    { 6, 4, 267, 5, 11, 6, 416 }, // U+2219
    { 16, 23, 267, 0, 23, 92, 422 }, // U+221A
    { 16, 8, 267, 0, 12, 32, 514 }, // U+221E
    { 12, 28, 267, 2, 23, 84, 546 }, // U+222B
    { 15, 12, 267, 1, 15, 45, 630 }, // U+2248
    { 15, 16, 267, 1, 16, 60, 675 }, // U+2260
    { 15, 16, 267, 1, 17, 60, 735 }, // U+2264
    { 15, 16, 267, 1, 17, 60, 795 }, // U+2265
    { 16, 23, 267, 0, 23, 92, 0 }, // U+FB01
    { 17, 23, 267, 0, 23, 98, 92 }, // U+FB02
    { 17, 16, 267, 0, 16, 68, 0 }, // U+FFFD
};

static const EpdUnicodeInterval ubuntumono_16_regularIntervals[] = {
    { 0x0, 0x0, 0x0 },
    { 0x8, 0x9, 0x1 },
    { 0xD, 0xD, 0x3 },
    { 0x1D, 0x1D, 0x4 },
    { 0x20, 0x7E, 0x5 },
    { 0xA0, 0xFF, 0x64 },
    { 0x100, 0x17F, 0xC4 },
    { 0x1A0, 0x1A1, 0x144 },
    { 0x1AF, 0x1B0, 0x146 },
    { 0x1C4, 0x21F, 0x148 },
    { 0x311, 0x311, 0x1A4 },
    { 0x400, 0x45F, 0x1A5 },
    { 0x462, 0x463, 0x205 },
    { 0x472, 0x475, 0x207 },
    { 0x48A, 0x4F9, 0x20B },
    { 0x1EF2, 0x1EF3, 0x27B },
    { 0x2013, 0x2015, 0x27D },
    { 0x2018, 0x201A, 0x280 },
    { 0x201C, 0x201E, 0x283 },
    { 0x2020, 0x2022, 0x286 },
    { 0x2026, 0x2026, 0x289 },
    { 0x2030, 0x2030, 0x28A },
    { 0x2039, 0x203A, 0x28B },
    { 0x2044, 0x2044, 0x28D },
    { 0x2070, 0x2070, 0x28E },
    { 0x2074, 0x2079, 0x28F },
    { 0x2080, 0x2089, 0x295 },
    { 0x20AC, 0x20AC, 0x29F },
    { 0x20AE, 0x20AE, 0x2A0 },
    { 0x20B4, 0x20B4, 0x2A1 },
    { 0x20B9, 0x20B9, 0x2A2 },
    { 0x2202, 0x2202, 0x2A3 },
    { 0x2206, 0x2206, 0x2A4 },
    { 0x220F, 0x220F, 0x2A5 },
    { 0x2211, 0x2212, 0x2A6 },
    { 0x2215, 0x2215, 0x2A8 },
    { 0x2219, 0x221A, 0x2A9 },
    { 0x221E, 0x221E, 0x2AB },
    { 0x222B, 0x222B, 0x2AC },
    { 0x2248, 0x2248, 0x2AD },
    { 0x2260, 0x2260, 0x2AE },
    { 0x2264, 0x2265, 0x2AF },
    { 0xFB01, 0xFB02, 0x2B1 },
    { 0xFFFD, 0xFFFD, 0x2B3 },
};

static const EpdFontGroup ubuntumono_16_regularGroups[] = {
    { 0, 2649, 6594, 100, 0 },
    { 2649, 2320, 7744, 96, 100 },
    { 4969, 2800, 12443, 128, 196 },
    { 7769, 2937, 9687, 96, 324 },
    { 10706, 14, 12, 1, 420 },
    { 10720, 5097, 18195, 214, 421 },
    { 15817, 144, 252, 2, 635 },
    { 15961, 307, 639, 17, 637 },
    { 16268, 252, 603, 17, 654 },
    { 16520, 176, 320, 4, 671 },
    { 16696, 416, 920, 14, 675 },
    { 17112, 90, 207, 2, 689 },
    { 17202, 71, 80, 1, 691 },
};

static const EpdFontData ubuntumono_16_regular = {
    ubuntumono_16_regularBitmaps,
    ubuntumono_16_regularGlyphs,
    ubuntumono_16_regularIntervals,
    44,
    33,
    28,
    -6,
    true,
    ubuntumono_16_regularGroups,
    13,
    nullptr,
    nullptr,
    nullptr,
    nullptr,
    0,
    0,
    0,
    0,
    nullptr,
    0,
};
