/**
 * generated by fontconvert.py
 * name: ubuntumono_16_bold
 * size: 16
 * mode: 2-bit  compressed: true
 * Command used: fontconvert.py ubuntumono_16_bold 16 ../builtinFonts/source/UbuntuMono/UbuntuMono-Bold.ttf --2bit --compress
 */
#pragma once
#include "EpdFontData.h"

static const uint8_t ubuntumono_16_boldBitmaps[17564] = {
    0xA5, 0x59, 0x31, 0x93, 0xE4, 0x46, 0x15, 0x7E, 0x9A, 0x81, 0x9D, 0x2A, 0x8B, 0x2A, 0x85, 0xB8,
    0xB8, 0x02, 0x25, 0x0E, 0xA0, 0x28, 0xE8, 0x14, 0x07, 0x5C, 0xCB, 0x26, 0x70, 0x40, 0x70, 0xE4,
    0x04, 0x26, 0x70, 0xE0, 0x2A, 0x07, 0xEB, 0x90, 0xE4, 0xAE, 0x05, 0x0E, 0x08, 0x08, 0xEE, 0x02,
    0x72, 0xFC, 0x33, 0x08, 0x6E, 0xAF, 0x75, 0x26, 0x20, 0x70, 0xA2, 0x22, 0x21, 0x20, 0x40, 0x14,
    0x9B, 0x11, 0x58, 0x54, 0xA9, 0x28, 0xD9, 0xB4, 0xD4, 0x7C, 0xDF, 0x6B, 0x69, 0x46, 0xBB, 0xB7,
    0x7B, 0x77, 0xBE, 0x9B, 0x99, 0x6F, 0x76, 0xA4, 0x6E, 0x75, 0xBF, 0x7E, 0xEF, 0xF5, 0x7B, 0xDF,
    0xEB, 0xB5, 0x9D, 0xBD, 0xFA, 0x6E, 0xF9, 0x36, 0x4D, 0xD9, 0x08, 0x5E, 0x65, 0x6D, 0x3B, 0xD7,
    0xDB, 0xAE, 0xAC, 0xCF, 0x3E, 0x9B, 0xED, 0xF1, 0xF3, 0x74, 0xB2, 0xCD, 0x64, 0xEA, 0x50, 0x56,
    0xA1, 0xA8, 0x1E, 0x8B, 0xF9, 0x6C, 0x14, 0xFB, 0x09, 0xF0, 0xB3, 0x41, 0xEC, 0xBE, 0x17, 0x77,
    0xE8, 0x5D, 0x8C, 0x71, 0x85, 0x84, 0xA2, 0xC9, 0x42, 0xD9, 0xEC, 0x82, 0x69, 0x76, 0xA3, 0xA9,
    0xB7, 0x6D, 0x79, 0xEF, 0x25, 0xEF, 0x9E, 0x48, 0xD1, 0x4E, 0x40, 0x90, 0xF2, 0x69, 0x10, 0x31,
    0xCD, 0x82, 0x56, 0x32, 0x1F, 0xEB, 0x3C, 0xC6, 0xAE, 0x8C, 0xB1, 0xB1, 0xFD, 0x59, 0x63, 0x71,
    0x5B, 0xD1, 0xA3, 0x79, 0xAE, 0xA4, 0x88, 0x83, 0xEC, 0x30, 0x85, 0x98, 0xD8, 0x48, 0x16, 0x71,
    0xB7, 0x04, 0x8A, 0x81, 0xB8, 0x5B, 0x19, 0xCA, 0xD1, 0x7B, 0x3C, 0x9B, 0xC7, 0x59, 0xC7, 0x3B,
    0x8D, 0xDD, 0x60, 0x5E, 0xB1, 0x62, 0x83, 0x5C, 0x88, 0x9B, 0x64, 0x94, 0x8B, 0x07, 0x10, 0xFD,
    0xF1, 0xDD, 0xBC, 0xC5, 0x57, 0x51, 0xE3, 0xD2, 0x0A, 0x1A, 0x2E, 0x30, 0xD7, 0x34, 0x8A, 0xE4,
    0xFF, 0xC2, 0xB8, 0x92, 0xFF, 0x8D, 0x23, 0xFF, 0x71, 0xC2, 0x4D, 0x8B, 0x49, 0x2F, 0xEE, 0x5A,
    0xC9, 0xC6, 0x9F, 0x1A, 0xD9, 0xF7, 0xF8, 0xCA, 0x5B, 0x5C, 0x42, 0x63, 0x11, 0xC3, 0x96, 0x13,
    0x86, 0x3D, 0xA0, 0xB3, 0xE9, 0x20, 0x56, 0x90, 0x3D, 0x64, 0xCC, 0x07, 0x2F, 0x45, 0x67, 0xAB,
    0xA2, 0x73, 0xC2, 0x75, 0x1F, 0xFE, 0x3B, 0xE1, 0xFE, 0x88, 0xF6, 0xF6, 0x0F, 0xFB, 0xF8, 0x34,
    0x14, 0xF1, 0x9F, 0xC1, 0x7C, 0xFE, 0x55, 0xB0, 0xEF, 0xC6, 0xC1, 0x89, 0xEF, 0x5D, 0x65, 0x60,
    0x0E, 0xD7, 0x9B, 0x18, 0x47, 0xC8, 0x3F, 0x65, 0xFE, 0xD1, 0x1C, 0xAB, 0xF4, 0xF6, 0x95, 0x17,
    0x87, 0xB7, 0x95, 0xBB, 0x10, 0xAB, 0x96, 0x43, 0x2F, 0x66, 0xC0, 0x33, 0xBB, 0x58, 0x1F, 0xA0,
    0xC9, 0x91, 0x6A, 0xB0, 0x2D, 0x55, 0xE5, 0x2A, 0xF1, 0x22, 0x71, 0xF3, 0xF1, 0xFA, 0xC1, 0x7D,
    0xB4, 0x42, 0x25, 0x45, 0x2F, 0x87, 0x51, 0xF6, 0xD0, 0x0F, 0x54, 0x68, 0x07, 0x88, 0x26, 0xD2,
    0xBC, 0x01, 0x45, 0xEA, 0x55, 0x49, 0x19, 0x53, 0x53, 0xC7, 0x41, 0xF3, 0x41, 0xF6, 0x81, 0x9F,
    0x5D, 0x90, 0x6C, 0xBA, 0xF2, 0xD9, 0xE9, 0x7D, 0x8C, 0x85, 0x11, 0xCB, 0x8E, 0xA3, 0xC7, 0x0A,
    0xC2, 0x40, 0xAE, 0xB2, 0x15, 0x0C, 0xB8, 0xEA, 0xFD, 0xCD, 0xF2, 0x69, 0x63, 0x1F, 0xFE, 0xBE,
    0xB5, 0x5F, 0xF8, 0x8E, 0xF6, 0xC1, 0xDA, 0x2A, 0x8E, 0x2E, 0xD0, 0xC5, 0x7E, 0x9A, 0x21, 0x7D,
    0xAC, 0xF6, 0xFD, 0x03, 0x91, 0x47, 0x6F, 0x5D, 0xB1, 0xD7, 0x16, 0x3E, 0xD9, 0x55, 0x71, 0x5B,
    0x9F, 0x7D, 0x5F, 0x84, 0x72, 0x2A, 0xA7, 0x62, 0x82, 0x58, 0xE1, 0xCE, 0x10, 0x3B, 0x5F, 0xFF,
    0x5A, 0x5C, 0xEC, 0x8F, 0x9F, 0xB2, 0x76, 0xBD, 0xC7, 0xDB, 0xE1, 0x57, 0xF2, 0x1C, 0xBA, 0x08,
    0xFD, 0xCB, 0x01, 0xBE, 0x52, 0x75, 0x65, 0xC0, 0x0E, 0x16, 0xC7, 0x20, 0x72, 0x00, 0x72, 0x78,
    0x43, 0xB1, 0x38, 0x1A, 0xAC, 0x7B, 0xEA, 0x5E, 0x9F, 0xBA, 0xCF, 0xD7, 0xBA, 0x0F, 0x9B, 0xEE,
    0x6D, 0xEA, 0x2E, 0xAE, 0x83, 0x66, 0xB1, 0xDA, 0x18, 0x6B, 0xD3, 0x39, 0x78, 0x76, 0xD9, 0xB9,
    0xAA, 0xE0, 0x7E, 0xA0, 0x6F, 0xF4, 0xB1, 0x78, 0x6F, 0x88, 0xE5, 0x5F, 0x12, 0xF0, 0x9B, 0xF7,
    0xD8, 0xC6, 0x3E, 0xEC, 0xCB, 0x67, 0xF8, 0x2C, 0xC7, 0xE0, 0x58, 0x74, 0x01, 0x9D, 0x04, 0x0A,
    0xC9, 0x01, 0xBB, 0xC0, 0x3C, 0xEC, 0xE5, 0x1B, 0x94, 0xF7, 0x25, 0x80, 0x5D, 0xD6, 0xAF, 0xC8,
    0x3C, 0xEC, 0x1D, 0x27, 0xE8, 0x2B, 0x56, 0xA6, 0x8E, 0xCD, 0xB7, 0xD2, 0xBE, 0x5B, 0xF4, 0xE3,
    0xB9, 0xDB, 0x2A, 0x39, 0x70, 0xE7, 0x61, 0x91, 0xBE, 0xC7, 0x65, 0xA3, 0x97, 0x05, 0x37, 0x30,
    0x86, 0xA3, 0x41, 0x6D, 0x8C, 0xC3, 0x8A, 0x5D, 0x84, 0x4B, 0x60, 0x3C, 0xFC, 0xAE, 0xBE, 0x57,
    0xC5, 0x75, 0x1F, 0x27, 0xE5, 0x71, 0x2C, 0xB4, 0x25, 0xC4, 0x1A, 0xDB, 0xBE, 0x4D, 0xDA, 0x2A,
    0x8F, 0x8A, 0x7E, 0x5B, 0x7C, 0x0B, 0x59, 0x6A, 0x8F, 0xF5, 0xDE, 0xC1, 0x58, 0xC9, 0x56, 0xE8,
    0x87, 0xED, 0x83, 0x89, 0xE1, 0xC7, 0x80, 0xF9, 0xA2, 0x15, 0x87, 0xFB, 0x93, 0x69, 0xF7, 0xC1,
    0xB4, 0x87, 0xDE, 0xB4, 0x45, 0x67, 0x10, 0xCE, 0x4C, 0x8B, 0x79, 0xE7, 0x15, 0x4B, 0x28, 0xB8,
    0x82, 0x83, 0x46, 0x89, 0x05, 0x98, 0x31, 0x5F, 0xD5, 0x82, 0xA9, 0x8A, 0xF8, 0x08, 0x08, 0xB4,
    0x55, 0x25, 0xDF, 0xA6, 0xEC, 0x6E, 0x95, 0x6F, 0x81, 0x6D, 0xDF, 0xCA, 0x7C, 0x43, 0x5D, 0x79,
    0xAC, 0xE1, 0x0E, 0xFA, 0x8B, 0x9C, 0x23, 0xC4, 0xA0, 0xAF, 0x8B, 0xCD, 0x2E, 0x5E, 0xCA, 0x61,
    0x4E, 0x7E, 0xA0, 0x3E, 0xF0, 0xEF, 0x4B, 0xEA, 0x81, 0xBA, 0x6D, 0x5C, 0x8B, 0x77, 0x5D, 0xF6,
    0xAE, 0x2E, 0x14, 0xB6, 0x59, 0xEC, 0xDB, 0xBB, 0xF6, 0x64, 0xDF, 0x4B, 0xF6, 0xED, 0x57, 0x24,
    0xED, 0xC2, 0x06, 0xB2, 0x71, 0xB6, 0x2B, 0x7E, 0xF9, 0xAC, 0x1B, 0xAF, 0xBE, 0x99, 0xCD, 0xE9,
    0x11, 0xF1, 0x03, 0xD4, 0x16, 0x45, 0x23, 0x6B, 0xE7, 0x5A, 0x5B, 0x97, 0x9D, 0xAD, 0x11, 0x9F,
    0x9A, 0xB2, 0xB5, 0x94, 0x02, 0x6B, 0xD9, 0x63, 0x2D, 0xD0, 0x87, 0x98, 0xBF, 0xA2, 0x4F, 0x6D,
    0xE0, 0x7F, 0x8B, 0x7F, 0xC2, 0x07, 0x5D, 0x6B, 0x7A, 0xAC, 0x81, 0x32, 0x56, 0x99, 0xBF, 0xC4,
    0x78, 0x47, 0x7F, 0xAE, 0x92, 0x3F, 0x9B, 0x56, 0xD7, 0x54, 0xA5, 0x75, 0x39, 0xAE, 0x6B, 0x38,
    0x57, 0xDF, 0xC2, 0xBC, 0x9D, 0x9C, 0xFB, 0x45, 0x48, 0xD8, 0x9B, 0x21, 0xE6, 0x9C, 0xFA, 0xED,
    0x81, 0x5A, 0x8A, 0x4B, 0xA6, 0x9E, 0xED, 0xDE, 0x4C, 0xAF, 0xED, 0xBD, 0x6C, 0xA4, 0xBB, 0xE5,
    0xFA, 0xC1, 0x0F, 0x5C, 0x6E, 0x5F, 0x6C, 0x9D, 0x37, 0xAD, 0x18, 0xFF, 0x81, 0x9C, 0x05, 0x46,
    0x34, 0xB8, 0xF0, 0x8F, 0xB4, 0xCB, 0x23, 0x35, 0xDD, 0x8E, 0x7B, 0x44, 0x45, 0xAA, 0x1C, 0xCC,
    0xE4, 0x27, 0x5D, 0x89, 0xFE, 0xE5, 0xF5, 0x19, 0x4D, 0x8E, 0x76, 0xED, 0xA7, 0xA6, 0xCE, 0x1E,
    0x5D, 0x09, 0x3E, 0x9B, 0xD7, 0xF6, 0xFE, 0xF7, 0x71, 0x6D, 0x6B, 0x66, 0x10, 0xDE, 0x6F, 0x45,
    0x13, 0x90, 0x8B, 0x69, 0x3E, 0xA6, 0x2F, 0xFE, 0xC5, 0x35, 0xEF, 0xB3, 0x9D, 0xFD, 0xD8, 0x9F,
    0xCF, 0x9D, 0xC1, 0x7D, 0x1C, 0x82, 0xA1, 0x43, 0xDB, 0xDB, 0x3B, 0xB5, 0x5D, 0xA5, 0xE0, 0xEF,
    0x1C, 0x1D, 0xCD, 0x98, 0x84, 0xE4, 0x4E, 0x99, 0x53, 0x74, 0x3A, 0xBE, 0x18, 0xA9, 0x22, 0x51,
    0xE9, 0x5F, 0x5E, 0x4B, 0x3E, 0xAB, 0x10, 0x3B, 0xAA, 0x7E, 0x3C, 0x8C, 0x45, 0xCB, 0x74, 0x2C,
    0x93, 0xAD, 0xFC, 0x64, 0x61, 0x63, 0x5B, 0xC4, 0xE9, 0x41, 0xD1, 0x4F, 0x0F, 0xCA, 0xE6, 0x1A,
    0x5A, 0xB4, 0xF5, 0x93, 0xCD, 0xE3, 0x64, 0xDE, 0x8D, 0x53, 0xD9, 0xB8, 0x91, 0x1E, 0xB6, 0x47,
    0xBC, 0xCE, 0xA2, 0x0A, 0x38, 0x42, 0xD8, 0x91, 0xF9, 0x06, 0xBA, 0x09, 0xDC, 0x93, 0x9C, 0xCE,
    0xD2, 0xBD, 0x1C, 0x72, 0x8C, 0x3C, 0x41, 0x96, 0xC1, 0x3C, 0x58, 0x57, 0x80, 0xA5, 0x49, 0x00,
    0x64, 0x3F, 0x22, 0x1B, 0xEC, 0x07, 0x6C, 0xAB, 0xC3, 0x50, 0x30, 0x54, 0x21, 0x83, 0x17, 0x1C,
    0x0C, 0x8E, 0x11, 0x84, 0xFB, 0x16, 0x4E, 0xB1, 0x47, 0x9C, 0x68, 0xE0, 0xA5, 0xAE, 0x81, 0xE5,
    0x7C, 0x8D, 0x2F, 0x13, 0xD3, 0x96, 0xB1, 0x74, 0x57, 0x6C, 0x1A, 0xBA, 0x97, 0xBA, 0x6A, 0x63,
    0x70, 0xED, 0x91, 0x75, 0x67, 0x49, 0x88, 0xBC, 0x47, 0x07, 0x1E, 0x6C, 0x93, 0x2F, 0xE0, 0xEF,
    0x73, 0x75, 0x57, 0x86, 0x9F, 0x1F, 0x62, 0x2C, 0xC8, 0xCD, 0x01, 0x27, 0xAC, 0x23, 0x60, 0x3D,
    0x1F, 0x72, 0x09, 0xDB, 0x10, 0x6D, 0x9B, 0x67, 0xC1, 0x5D, 0xA5, 0xF4, 0x02, 0x7D, 0xE1, 0x5D,
    0x1F, 0xEE, 0x28, 0xB1, 0xD7, 0x3D, 0x72, 0x69, 0x60, 0x33, 0x8B, 0x4B, 0x8E, 0x6F, 0x9F, 0x52,
    0x46, 0xCB, 0xAD, 0xB4, 0x6C, 0x67, 0x95, 0x63, 0xDC, 0x60, 0x95, 0xAB, 0x4F, 0x7D, 0xC0, 0xB9,
    0xF8, 0x8C, 0xAE, 0x6F, 0xC4, 0x5A, 0x6B, 0x44, 0x41, 0xA4, 0xF9, 0x15, 0x72, 0xDC, 0xC1, 0x27,
    0x60, 0xDA, 0x23, 0x6E, 0x6A, 0xD7, 0x3E, 0xB1, 0xD9, 0xA0, 0x3E, 0xE2, 0xC6, 0xBE, 0xF3, 0x09,
    0xB7, 0x8D, 0xB7, 0x01, 0xF4, 0x17, 0x60, 0xFF, 0x40, 0x3F, 0x38, 0xC4, 0xEA, 0x83, 0x2B, 0xFA,
    0x3B, 0xEA, 0x6C, 0x1F, 0xB6, 0xA0, 0x71, 0xCB, 0x7E, 0x1F, 0x8A, 0x61, 0x1F, 0xF2, 0x79, 0x1F,
    0x16, 0xFD, 0x05, 0xE8, 0x2F, 0x78, 0x84, 0x88, 0xE7, 0x62, 0xB3, 0xB7, 0x5E, 0xD8, 0x97, 0x61,
    0x14, 0xFD, 0x56, 0x24, 0x83, 0x7E, 0x7D, 0x6C, 0xC7, 0x40, 0x7C, 0x68, 0x57, 0xDC, 0x94, 0x3E,
    0x6E, 0x87, 0x6D, 0xDF, 0x84, 0x26, 0xEC, 0x3B, 0x91, 0xC4, 0x57, 0x7D, 0x84, 0xFB, 0xDB, 0x23,
    0xE4, 0xC3, 0x6B, 0x41, 0x49, 0x1C, 0xBC, 0x17, 0x69, 0xE3, 0xB7, 0x88, 0x03, 0xBF, 0x83, 0x3A,
    0x1E, 0x82, 0xC6, 0x61, 0x6F, 0x83, 0xF7, 0x02, 0x95, 0xC6, 0x06, 0x8F, 0x50, 0xED, 0x1F, 0xA2,
    0xED, 0x13, 0xF4, 0xF9, 0x0D, 0xFA, 0xD6, 0xBE, 0x49, 0xCF, 0x1A, 0xAE, 0x75, 0xF4, 0x75, 0x1E,
    0x18, 0xE5, 0x5F, 0x1B, 0xF0, 0x93, 0x15, 0x45, 0xBB, 0xC7, 0x5E, 0x3F, 0x8C, 0x65, 0x9F, 0x8F,
    0xE5, 0x00, 0x22, 0x35, 0x96, 0xC1, 0x3C, 0x36, 0xC1, 0xDC, 0xBF, 0x1B, 0xCC, 0x83, 0xFB, 0xC1,
    0x9C, 0x3F, 0x0E, 0xF6, 0xFD, 0x71, 0xB2, 0xF7, 0x86, 0xC9, 0xFE, 0x1C, 0x31, 0xE2, 0x3D, 0xA0,
    0x62, 0x4C, 0x91, 0xF9, 0x26, 0x90, 0xF2, 0xBA, 0x1A, 0x68, 0x81, 0x1E, 0x18, 0x80, 0x00, 0x4C,
    0x80, 0x07, 0x30, 0x88, 0x2B, 0x3F, 0xEF, 0x5D, 0xF1, 0xF7, 0xDE, 0x1D, 0xFE, 0xD7, 0xBB, 0x3D,
    0x52, 0x1D, 0x08, 0xBD, 0x13, 0xC2, 0x01, 0x16, 0x40, 0x9A, 0x44, 0x0A, 0xE2, 0x58, 0x52, 0x7E,
    0xA9, 0x54, 0x01, 0xC4, 0xBA, 0x2B, 0x28, 0x21, 0x64, 0xA5, 0x7F, 0x21, 0x6C, 0x4C, 0x0B, 0xE6,
    0x6B, 0x98, 0x18, 0x57, 0xD8, 0x87, 0x7D, 0xF9, 0x0C, 0x9F, 0xCD, 0x48, 0x37, 0x30, 0x96, 0x4D,
    0xF1, 0xA5, 0x4A, 0xF1, 0xC3, 0x6D, 0xE3, 0xC7, 0x78, 0x8A, 0x21, 0xEE, 0x18, 0x43, 0xB4, 0x7F,
    0x23, 0xB7, 0x62, 0x2B, 0x5F, 0xFE, 0x35, 0xE5, 0x2B, 0xFB, 0x43, 0xA0, 0x7C, 0x07, 0xD2, 0x30,
    0xD8, 0x42, 0xA3, 0x2A, 0x8B, 0x89, 0x3D, 0x1C, 0x27, 0x23, 0x47, 0x22, 0xE7, 0xCA, 0xFE, 0x64,
    0x95, 0x52, 0x69, 0xCC, 0xAB, 0x11, 0x03, 0xDB, 0x25, 0xE6, 0x2C, 0xE0, 0x6F, 0xDF, 0x68, 0x9B,
    0xF6, 0x41, 0x6C, 0xFA, 0x33, 0xFE, 0x36, 0xF0, 0x41, 0x7A, 0x0F, 0x23, 0x54, 0x83, 0x02, 0x43,
    0x63, 0x50, 0x81, 0x35, 0x82, 0xAC, 0xFA, 0x2F, 0x49, 0x09, 0x9A, 0x92, 0xCF, 0x74, 0x87, 0x8A,
    0xEC, 0xC1, 0xD5, 0x89, 0x45, 0x58, 0xEE, 0x6F, 0x4C, 0x7F, 0x88, 0x9A, 0xD0, 0x6A, 0xA5, 0x5C,
    0xB0, 0xCB, 0x96, 0x3F, 0xFE, 0x40, 0x92, 0x7E, 0x48, 0x83, 0xF2, 0xA4, 0xCF, 0x13, 0xE5, 0x4A,
    0x35, 0xD9, 0x6B, 0x81, 0xB4, 0xE3, 0x55, 0xA1, 0xD4, 0xAA, 0xB5, 0x9D, 0x49, 0x14, 0x0F, 0x0C,
    0x73, 0xE0, 0xBA, 0x62, 0x4A, 0x31, 0x9A, 0x6C, 0x6C, 0x8B, 0xB4, 0xA3, 0x09, 0xA8, 0xEC, 0xF0,
    0x45, 0x8B, 0xE1, 0x0B, 0x05, 0x8F, 0x26, 0x2A, 0x6E, 0x07, 0xF0, 0x2C, 0x24, 0x2F, 0x4D, 0x63,
    0xD9, 0x44, 0x2B, 0xCF, 0x4C, 0x6D, 0xDE, 0xAD, 0xE9, 0x4E, 0x13, 0x1F, 0x6D, 0x93, 0x92, 0x21,
    0x63, 0x22, 0x3A, 0xCC, 0xB7, 0xEC, 0x89, 0xB4, 0x67, 0xB8, 0x77, 0xB8, 0x87, 0xEE, 0x8D, 0x93,
    0x39, 0x0F, 0xC1, 0xB8, 0xFB, 0x69, 0x8F, 0x61, 0xAF, 0x95, 0x7C, 0x73, 0xEF, 0xF5, 0x79, 0xF2,
    0xD9, 0x6E, 0x3F, 0xDA, 0x16, 0x92, 0x32, 0x88, 0x42, 0x21, 0x14, 0x2D, 0x50, 0xAA, 0x89, 0x71,
    0x26, 0xAA, 0x2C, 0xF1, 0x8A, 0x18, 0xC5, 0x29, 0x27, 0x47, 0x25, 0x28, 0x4C, 0xDC, 0x10, 0x1C,
    0x4F, 0x74, 0xE9, 0x59, 0x8C, 0xC2, 0x62, 0x11, 0xC6, 0xC7, 0xF2, 0x97, 0x84, 0x9B, 0x54, 0xC2,
    0x89, 0xCC, 0x51, 0x11, 0xF9, 0x69, 0x36, 0xEA, 0x20, 0x9B, 0x95, 0xB9, 0x31, 0xBD, 0x3B, 0x9D,
    0x72, 0x3A, 0x2E, 0x7A, 0x78, 0xA9, 0x2F, 0xF8, 0x44, 0xB7, 0x42, 0x69, 0x3C, 0xC9, 0x0C, 0xF9,
    0x0D, 0x2A, 0x46, 0x15, 0xBB, 0xDC, 0xB2, 0xDC, 0x44, 0x7D, 0x58, 0x4E, 0xAD, 0x79, 0x46, 0xCB,
    0xA8, 0x0D, 0x25, 0x3E, 0x95, 0x75, 0xB5, 0xBC, 0xEE, 0x67, 0x1D, 0x6A, 0x2D, 0x78, 0x98, 0xD3,
    0x8A, 0xE5, 0x58, 0x81, 0x2C, 0x9B, 0x72, 0xC0, 0x55, 0x94, 0x46, 0x67, 0x6B, 0x42, 0xF4, 0xEB,
    0x46, 0x69, 0x4E, 0x95, 0x0B, 0x1F, 0x3A, 0x3E, 0x10, 0x5E, 0xF8, 0xC0, 0x71, 0x62, 0x3E, 0xF8,
    0x7A, 0x9F, 0xD3, 0x50, 0xF9, 0xB0, 0x5A, 0x46, 0x5D, 0x20, 0x62, 0x81, 0x3B, 0xFA, 0xCB, 0xC9,
    0xFA, 0x30, 0x32, 0xE9, 0x16, 0x04, 0x3B, 0xAB, 0xE5, 0x53, 0x66, 0x81, 0xB8, 0xF9, 0x42, 0xF2,
    0x02, 0xD7, 0x74, 0x01, 0x3E, 0xF0, 0xF1, 0x1B, 0xD8, 0xD4, 0x05, 0x4F, 0x32, 0x10, 0x20, 0xBE,
    0xA9, 0x96, 0x51, 0x4A, 0xD4, 0x65, 0x1E, 0x41, 0x78, 0x31, 0xA6, 0x6B, 0x4B, 0x24, 0x26, 0xD4,
    0xB2, 0x04, 0x7E, 0xF3, 0x5E, 0xA1, 0x81, 0x76, 0xAE, 0x9E, 0x4B, 0x2A, 0xCE, 0xBB, 0x85, 0xD0,
    0x44, 0xB8, 0x02, 0x49, 0x8A, 0x86, 0xAA, 0x16, 0xD4, 0xEF, 0x1A, 0x78, 0xDF, 0x01, 0x4A, 0x8E,
    0x84, 0xD4, 0xF1, 0x23, 0xD6, 0x5B, 0x28, 0xBA, 0xB2, 0xA5, 0xB6, 0x28, 0x27, 0xA9, 0xEC, 0x5A,
    0x9A, 0xD7, 0x49, 0xD5, 0xAA, 0xEE, 0x7A, 0x09, 0xD0, 0x54, 0xF7, 0x24, 0xBF, 0xC8, 0x53, 0x80,
    0xED, 0x53, 0x41, 0xF9, 0x9C, 0xC2, 0xD8, 0xFD, 0xA3, 0xDF, 0xEB, 0x49, 0x45, 0xEC, 0x8B, 0xC1,
    0xF4, 0xA6, 0x63, 0x30, 0x59, 0x6B, 0xB5, 0x0D, 0x70, 0xCF, 0xF4, 0x45, 0x5F, 0x30, 0x75, 0xA2,
    0xEF, 0x4E, 0x4F, 0x27, 0x20, 0xDC, 0xF9, 0xA5, 0x9E, 0x00, 0x15, 0x5A, 0x6B, 0xD9, 0x96, 0xB5,
    0x10, 0x49, 0x0A, 0xC2, 0x64, 0x8F, 0x35, 0x0C, 0x2B, 0x98, 0x84, 0x55, 0xC6, 0x21, 0x63, 0xFD,
    0xD5, 0xEC, 0x49, 0x36, 0xCE, 0x67, 0x7A, 0xFF, 0x25, 0xC6, 0x51, 0xC2, 0x05, 0xE5, 0x7C, 0x20,
    0x4B, 0x1D, 0x47, 0xE0, 0xB9, 0x7E, 0xC5, 0x7A, 0xEF, 0xEB, 0x80, 0xE3, 0x93, 0xD4, 0x94, 0x4C,
    0x6C, 0xA8, 0x97, 0x1D, 0x88, 0x35, 0x88, 0x45, 0x8B, 0x2A, 0x2E, 0xE9, 0xBB, 0x4A, 0xF0, 0x24,
    0xDC, 0xB0, 0xA8, 0x49, 0x35, 0x5F, 0x9B, 0x45, 0xBF, 0x12, 0x9C, 0xE6, 0x27, 0xC2, 0x24, 0xC3,
    0x7A, 0x36, 0xD5, 0xBE, 0xCF, 0xB5, 0x33, 0x1E, 0xA3, 0xCD, 0x94, 0x68, 0xBE, 0x03, 0xFB, 0xD1,
    0x8E, 0x08, 0xED, 0xE4, 0xF9, 0x2F, 0x03, 0xB9, 0x10, 0x0D, 0x06, 0xBB, 0x25, 0x28, 0xF0, 0x7A,
    0x7D, 0x45, 0x25, 0xCE, 0x09, 0x47, 0xA3, 0x5F, 0x87, 0xDB, 0xC0, 0xB6, 0x1F, 0x6B, 0x71, 0x97,
    0x8E, 0x11, 0x1F, 0x69, 0x15, 0xC9, 0x9D, 0xCD, 0x62, 0x9D, 0x7F, 0x37, 0x55, 0x65, 0x91, 0xEC,
    0xA7, 0x10, 0x79, 0x35, 0x7C, 0x97, 0x59, 0x46, 0xCF, 0x40, 0x06, 0x90, 0xC0, 0xFA, 0x05, 0xBD,
    0x7D, 0x13, 0x33, 0xE8, 0x06, 0x72, 0x44, 0xEC, 0xD2, 0x88, 0xDA, 0x33, 0x32, 0x63, 0xF1, 0x34,
    0x4E, 0x81, 0xDF, 0x70, 0xE4, 0x88, 0xA8, 0x14, 0x11, 0x34, 0xE3, 0x4E, 0x75, 0x09, 0x1D, 0x39,
    0xDA, 0xAD, 0x7B, 0x29, 0x5D, 0xBC, 0x08, 0xB7, 0xE8, 0xE9, 0xCE, 0x6C, 0xB8, 0xAF, 0x47, 0x20,
    0xD8, 0x7B, 0xFF, 0x59, 0x09, 0xE0, 0xFC, 0x0C, 0x6E, 0x21, 0x83, 0xBF, 0xA4, 0x8F, 0xAC, 0x3E,
    0x90, 0xBD, 0x82, 0x0F, 0x80, 0x5C, 0x65, 0x89, 0x5C, 0xF5, 0x24, 0x4A, 0xCC, 0x5F, 0x48, 0xDC,
    0xD7, 0x89, 0xD5, 0x15, 0x32, 0xB5, 0x25, 0x7B, 0x1F, 0x1D, 0xE7, 0x8F, 0xA2, 0x3A, 0xD6, 0x78,
    0x72, 0x53, 0xBC, 0x59, 0x62, 0x4D, 0xA5, 0x85, 0x53, 0x8A, 0x4F, 0x8C, 0x53, 0x37, 0x15, 0x44,
    0xEE, 0x05, 0xFB, 0x68, 0x81, 0xAF, 0xD2, 0xFD, 0x75, 0x2F, 0xE5, 0xBA, 0x97, 0xCE, 0x6F, 0x2C,
    0x1E, 0x78, 0xFA, 0xAD, 0x05, 0x2F, 0x09, 0x59, 0x9B, 0x3D, 0x97, 0x70, 0xDE, 0x48, 0x42, 0xBD,
    0xCA, 0x54, 0xA7, 0x33, 0xC6, 0xB3, 0x4A, 0xEB, 0x1A, 0x9E, 0x45, 0xF2, 0x8C, 0x05, 0xEB, 0xDF,
    0xF1, 0x70, 0xE3, 0xCE, 0xE9, 0x3C, 0xEB, 0xC7, 0x58, 0xFF, 0x32, 0x9F, 0xD6, 0xC7, 0xF2, 0x9D,
    0xE5, 0xCC, 0x68, 0x83, 0x6D, 0xBC, 0xBA, 0xDE, 0xB6, 0xC5, 0x49, 0x39, 0xF5, 0xAF, 0x90, 0x49,
    0x06, 0x75, 0xFA, 0x3C, 0x7E, 0x9A, 0x0A, 0xF7, 0x97, 0x44, 0x6B, 0x5A, 0xC3, 0x33, 0xBC, 0xB5,
    0xF0, 0xF2, 0x5F, 0x55, 0x4A, 0xDA, 0x56, 0xBE, 0x76, 0xA4, 0x6A, 0xD8, 0x20, 0xC5, 0xA0, 0x27,
    0xD9, 0xCA, 0x50, 0xA0, 0x3E, 0x7A, 0x03, 0x02, 0x1C, 0xBD, 0x97, 0xAB, 0x5C, 0x98, 0xD1, 0x74,
    0x24, 0x68, 0xDC, 0xD9, 0x8C, 0xEE, 0x3C, 0x0A, 0x4F, 0x5F, 0x4E, 0xBF, 0x0E, 0x2C, 0x35, 0x0E,
    0xFD, 0x13, 0xB1, 0xF9, 0x80, 0xAF, 0x62, 0xBC, 0x10, 0x7B, 0x2F, 0x5C, 0x88, 0x79, 0x3F, 0x04,
    0x31, 0xE7, 0x17, 0x98, 0xF2, 0xC9, 0x5D, 0x4C, 0x39, 0x81, 0x11, 0x17, 0xC1, 0x0C, 0x60, 0x24,
    0xD8, 0x81, 0xB9, 0x4E, 0x8E, 0xBA, 0x46, 0x59, 0x24, 0x7C, 0x6E, 0xCC, 0x21, 0x89, 0x12, 0xB3,
    0xE8, 0x6B, 0xE5, 0x48, 0x66, 0x25, 0x36, 0x53, 0x4A, 0xC5, 0xB0, 0x09, 0xBC, 0x54, 0x3D, 0x94,
    0x19, 0x83, 0x0B, 0xE1, 0xB2, 0x4C, 0xB7, 0x9B, 0xB4, 0x48, 0xD6, 0x42, 0x99, 0xC7, 0x35, 0xF9,
    0xA0, 0x57, 0x53, 0xD1, 0x65, 0x33, 0xA8, 0x57, 0xE4, 0xF1, 0xB7, 0xE3, 0xB9, 0x62, 0xA5, 0xE3,
    0x94, 0x3C, 0x58, 0xC4, 0x98, 0x79, 0x48, 0x45, 0x02, 0x04, 0x79, 0xCB, 0xB0, 0x78, 0x6D, 0xB4,
    0x99, 0x67, 0x45, 0x2E, 0x9D, 0x35, 0x2A, 0xD2, 0x41, 0x64, 0x48, 0xFF, 0x42, 0x71, 0xED, 0xF1,
    0xF8, 0x4D, 0x79, 0xD7, 0x98, 0xCE, 0x6E, 0x79, 0xDB, 0x6F, 0x0E, 0x20, 0x60, 0x37, 0xCE, 0x55,
    0xA9, 0x26, 0xA9, 0xC7, 0x9B, 0x72, 0xC9, 0x74, 0x02, 0xB9, 0x0E, 0x8F, 0xB9, 0xE8, 0x59, 0x71,
    0x48, 0xD7, 0xC7, 0xF6, 0xEB, 0xF9, 0x67, 0x3E, 0x9E, 0x40, 0x54, 0xBA, 0xA6, 0x7C, 0xFD, 0x1F,
    0xC7, 0x2B, 0xBC, 0x31, 0x57, 0x9C, 0x57, 0x83, 0xD7, 0xE9, 0x44, 0xED, 0x56, 0x2C, 0xF4, 0x25,
    0x57, 0x52, 0x9C, 0xD6, 0xB8, 0x9E, 0x9B, 0xDE, 0xF6, 0x8C, 0xAF, 0x93, 0x0A, 0x62, 0x5A, 0xD7,
    0x6E, 0x92, 0xB7, 0xF1, 0x5C, 0xE7, 0x79, 0x78, 0xA5, 0x75, 0x18, 0x68, 0xF4, 0xBB, 0x68, 0xB9,
    0xC3, 0x91, 0xFE, 0x0F, 0xBD, 0x59, 0xBD, 0x72, 0xDD, 0xC6, 0x15, 0x3E, 0x00, 0x6C, 0x22, 0x12,
    0xE2, 0x81, 0x9A, 0xCC, 0x38, 0xA3, 0xB1, 0xA1, 0x42, 0x85, 0x1A, 0x69, 0x53, 0xB8, 0x24, 0xB5,
    0x88, 0x5C, 0xA4, 0xC8, 0x23, 0xA4, 0x08, 0xBB, 0xA4, 0x53, 0xEB, 0xC2, 0xD6, 0x22, 0xC9, 0x0B,
    0xE8, 0x11, 0xFC, 0x16, 0x69, 0x68, 0x02, 0x62, 0x0A, 0x17, 0x2E, 0x82, 0x71, 0x9B, 0xC2, 0xC8,
    0x8C, 0x7A, 0x63, 0x32, 0x3B, 0x0E, 0x24, 0x01, 0xD8, 0x7C, 0xDF, 0x2E, 0x2E, 0x79, 0x2F, 0x49,
    0x5D, 0x4B, 0xB9, 0x57, 0x02, 0xEF, 0xB7, 0xC4, 0xCF, 0xE2, 0x9C, 0xB3, 0xBB, 0x67, 0xCF, 0x1F,
    0x8A, 0x4A, 0x77, 0xA6, 0xD7, 0x5D, 0x51, 0x09, 0x0E, 0xD5, 0xA8, 0x46, 0x37, 0xBA, 0xC5, 0x5F,
    0xB7, 0xF9, 0x27, 0xE9, 0x20, 0x17, 0x18, 0x45, 0x1E, 0xBB, 0x36, 0x76, 0xAE, 0xCB, 0x9D, 0x6B,
    0xD5, 0x10, 0xE1, 0x1D, 0x11, 0xD3, 0x00, 0xD5, 0x82, 0x26, 0x00, 0x6F, 0x8A, 0x7A, 0x21, 0x25,
    0xFA, 0x75, 0xE8, 0xDF, 0xE3, 0xBD, 0xCE, 0xBF, 0xBF, 0x4E, 0x2F, 0x73, 0x95, 0x18, 0xD7, 0x8A,
    0x73, 0x4D, 0xEC, 0xA2, 0x2A, 0xC1, 0x63, 0x8F, 0xE1, 0x02, 0xCE, 0xCD, 0xE7, 0x48, 0x86, 0x4B,
    0xAF, 0x5B, 0x92, 0x70, 0x7D, 0xBE, 0x20, 0x16, 0x39, 0xCE, 0x2B, 0x19, 0xF4, 0x8F, 0xAF, 0x66,
    0xE5, 0xDC, 0xC8, 0x67, 0xE9, 0x58, 0xF4, 0x59, 0x9F, 0xD9, 0xBC, 0x4F, 0x81, 0xCC, 0x66, 0x03,
    0xAE, 0x71, 0x9F, 0xCF, 0xD9, 0x8F, 0xFD, 0xF9, 0x9E, 0x69, 0x22, 0x27, 0xBA, 0x8D, 0x27, 0x29,
    0x3A, 0xC8, 0x80, 0xEE, 0x83, 0xA4, 0x36, 0xEB, 0x21, 0x50, 0xDE, 0x49, 0x34, 0x29, 0x8C, 0xC9,
    0x69, 0x0C, 0x50, 0x3B, 0x91, 0x02, 0x2F, 0xAF, 0x35, 0x92, 0x43, 0x10, 0xDF, 0xBC, 0xF6, 0x81,
    0x6F, 0x5C, 0x79, 0xFD, 0x9F, 0x2C, 0xC7, 0x6B, 0x9F, 0x3F, 0x9E, 0xCB, 0x04, 0xF3, 0x0D, 0xB9,
    0x9B, 0xDC, 0x1E, 0x54, 0x79, 0x0F, 0x7A, 0x13, 0xC7, 0xDE, 0x49, 0x82, 0x79, 0xC1, 0xD8, 0x1B,
    0xF5, 0xBD, 0x6B, 0x75, 0xA5, 0x3A, 0x5D, 0xE6, 0xBD, 0x6E, 0xF2, 0x4E, 0x43, 0x62, 0xDC, 0xE7,
    0x7B, 0x5C, 0xB3, 0x46, 0x22, 0xCC, 0x33, 0x06, 0xF8, 0x6B, 0xAC, 0x8E, 0x46, 0x7F, 0x40, 0x0E,
    0x9C, 0x95, 0xA2, 0x3C, 0xD1, 0x67, 0xB3, 0x3E, 0x73, 0x38, 0x91, 0xE2, 0x05, 0xBA, 0xB9, 0x8A,
    0xE3, 0xCE, 0xAB, 0x68, 0x50, 0xA9, 0xFD, 0xF2, 0xA8, 0xB0, 0x47, 0x87, 0x47, 0xF2, 0xE0, 0xF0,
    0x70, 0x01, 0xCE, 0x8F, 0x94, 0x3D, 0xE2, 0x33, 0xF6, 0x61, 0x5F, 0xBE, 0xC3, 0x77, 0xB3, 0xB9,
    0x2C, 0xA8, 0x19, 0xFD, 0x07, 0xB8, 0xEB, 0xAC, 0x76, 0xD6, 0x24, 0xB6, 0x4E, 0xAC, 0xF1, 0xE7,
    0x29, 0xA4, 0xBD, 0x13, 0x57, 0x32, 0xA6, 0x5D, 0x34, 0xE4, 0x6D, 0xD2, 0xAB, 0x2A, 0xEB, 0xB4,
    0x14, 0xCD, 0x2C, 0xFA, 0xB7, 0xA3, 0x47, 0xD1, 0x9C, 0x0A, 0xEF, 0x25, 0x7D, 0x51, 0xB1, 0x8F,
    0x8C, 0x49, 0x27, 0xBF, 0x89, 0xAB, 0x1A, 0x0B, 0xB6, 0x02, 0x86, 0xFD, 0x5A, 0x18, 0x77, 0xF1,
    0xBB, 0x32, 0x98, 0xA2, 0xFB, 0xF2, 0x48, 0x8D, 0x47, 0x87, 0xF7, 0xEF, 0x3F, 0xF0, 0x50, 0x03,
    0x60, 0x1F, 0x1C, 0xDD, 0x3F, 0x3C, 0x52, 0xF7, 0x3F, 0xB9, 0x32, 0x98, 0x73, 0x42, 0x54, 0x09,
    0xCE, 0x57, 0x6B, 0xB2, 0xFE, 0x49, 0xC2, 0x1F, 0x4E, 0x70, 0x89, 0x9B, 0xF1, 0xCC, 0xAD, 0x73,
    0x05, 0x1B, 0xE2, 0x5E, 0xF3, 0x9C, 0xC7, 0x7A, 0x9F, 0x03, 0xCC, 0x00, 0x56, 0xD0, 0x35, 0x1F,
    0x61, 0xC8, 0xF8, 0xE9, 0x46, 0x1C, 0x37, 0x02, 0x14, 0x0F, 0xF3, 0xA9, 0xFC, 0x2F, 0x9D, 0xD0,
    0xA7, 0x62, 0x9F, 0xA2, 0x91, 0xA2, 0x4A, 0xD0, 0xC1, 0x35, 0x09, 0xD6, 0x34, 0xEF, 0xEE, 0x62,
    0xCA, 0xB0, 0xF8, 0xAE, 0xBA, 0x0D, 0x9D, 0x38, 0x8E, 0xFB, 0x62, 0xAC, 0x07, 0x53, 0xDD, 0x03,
    0x19, 0xD5, 0xBE, 0x31, 0x5A, 0xA0, 0x07, 0x9C, 0x0B, 0xF8, 0x71, 0x2E, 0x35, 0xB7, 0xF1, 0x25,
    0x40, 0x95, 0x9E, 0x43, 0xA5, 0xC6, 0x9C, 0xDB, 0xC7, 0x3D, 0xF3, 0x30, 0x0B, 0x56, 0xD7, 0x0A,
    0xC8, 0x80, 0xA8, 0x7E, 0x86, 0x25, 0x7D, 0x7B, 0x14, 0x95, 0xE9, 0x6B, 0xFC, 0x19, 0x68, 0x41,
    0xDA, 0x66, 0xD0, 0x16, 0x33, 0xD4, 0x9D, 0x8C, 0x92, 0x8D, 0x52, 0x8F, 0x62, 0x46, 0xF9, 0x0C,
    0x5B, 0x6B, 0xED, 0x77, 0xBE, 0x54, 0x91, 0xAB, 0x72, 0x67, 0x15, 0x44, 0x7B, 0x36, 0x1B, 0xA9,
    0x6B, 0x31, 0xF8, 0xE1, 0x44, 0xFF, 0x05, 0xF6, 0x00, 0x32, 0x5B, 0x74, 0xF8, 0xA5, 0x1C, 0xCB,
    0xC3, 0xD8, 0x8A, 0x2A, 0x31, 0xC1, 0x41, 0xDF, 0xCA, 0xC4, 0x16, 0x4D, 0x8C, 0x7D, 0x4E, 0xF0,
    0x9C, 0xF7, 0xF8, 0x8C, 0x7D, 0x34, 0xFA, 0xF2, 0x9D, 0xA4, 0x83, 0xF9, 0x51, 0x5D, 0xDA, 0x0B,
    0x54, 0xBC, 0x95, 0x3F, 0x75, 0x58, 0x87, 0x04, 0xFD, 0xD0, 0x18, 0x98, 0xAA, 0x0E, 0x73, 0x9F,
    0xFC, 0x1B, 0xE2, 0x48, 0xC2, 0xED, 0x8E, 0x6E, 0xC2, 0xA5, 0x5C, 0xD6, 0x5B, 0xC7, 0x78, 0x72,
    0x4A, 0xF3, 0x37, 0xE6, 0x27, 0x12, 0x0F, 0x9F, 0x9E, 0x40, 0xC7, 0x0F, 0x4F, 0xC0, 0xBC, 0x76,
    0xE0, 0x84, 0x46, 0x55, 0x72, 0x12, 0x78, 0x14, 0xE7, 0x3C, 0xFE, 0xFE, 0xC6, 0x3C, 0xBE, 0x83,
    0x35, 0xD4, 0x0A, 0xDA, 0x78, 0xFA, 0x91, 0xE6, 0x8C, 0x68, 0xF0, 0x10, 0x18, 0x4C, 0x5A, 0xB1,
    0xAC, 0x2B, 0xA0, 0x25, 0x50, 0x2F, 0x51, 0x15, 0x1B, 0xCB, 0xE7, 0x23, 0x9E, 0xDF, 0x1A, 0x93,
    0x5E, 0x72, 0x9A, 0xB7, 0x7C, 0x04, 0xA3, 0x5B, 0x4F, 0xC0, 0xC8, 0x4C, 0x60, 0x64, 0x2C, 0x18,
    0x49, 0x74, 0x0D, 0xA3, 0xE2, 0x0C, 0x37, 0xF5, 0xEF, 0xD0, 0xD4, 0x18, 0x87, 0x4C, 0x18, 0x47,
    0x3C, 0x1E, 0x72, 0x30, 0x18, 0xC2, 0x32, 0x18, 0x8C, 0x03, 0x9C, 0x40, 0x05, 0x2F, 0x60, 0xD9,
    0xC4, 0x74, 0xE1, 0x7A, 0x75, 0xA8, 0x45, 0x95, 0x60, 0x93, 0x12, 0xD8, 0xB6, 0x0C, 0xF6, 0x49,
    0x91, 0x2A, 0x98, 0xD4, 0xB8, 0x5D, 0x57, 0x01, 0xA6, 0xFD, 0x44, 0x68, 0xA4, 0xA0, 0x69, 0xD8,
    0xC7, 0xCF, 0x45, 0x6E, 0xF0, 0x65, 0xEF, 0xAE, 0xD8, 0x55, 0x14, 0x65, 0xE4, 0xB4, 0x8A, 0xDC,
    0x93, 0xF5, 0x23, 0x1F, 0xD8, 0x6F, 0x5C, 0x75, 0xD1, 0x98, 0x15, 0xEA, 0x01, 0xE6, 0xC6, 0xC0,
    0xD2, 0x4E, 0xB4, 0xE1, 0x23, 0xF8, 0xC7, 0x23, 0x04, 0x49, 0x06, 0xCC, 0x4D, 0x62, 0x31, 0x05,
    0xF4, 0x0E, 0x74, 0x26, 0x96, 0x0C, 0x87, 0x60, 0xBE, 0x55, 0x8B, 0x4D, 0xA8, 0x9B, 0x04, 0x5B,
    0x8F, 0x5B, 0xDD, 0xBB, 0x88, 0xBA, 0x42, 0x23, 0x72, 0x67, 0x35, 0x41, 0x99, 0xE7, 0xE1, 0x1B,
    0x4E, 0xD0, 0x47, 0xF2, 0xDE, 0x65, 0x89, 0xAA, 0xD5, 0x12, 0x71, 0x1A, 0xA5, 0x26, 0xE5, 0xB1,
    0x40, 0x73, 0xE7, 0xE0, 0xBD, 0xCB, 0xA2, 0x1F, 0x95, 0x34, 0xBA, 0x78, 0x17, 0x2E, 0x46, 0xA4,
    0x3D, 0x95, 0x2B, 0xC7, 0x7B, 0x10, 0x23, 0xB2, 0x19, 0xDE, 0x1D, 0x55, 0xC7, 0xA6, 0x0F, 0x97,
    0xD7, 0x1E, 0xEF, 0x63, 0x4A, 0xB2, 0x6E, 0xB5, 0x32, 0x47, 0x0F, 0xD1, 0x1C, 0x7E, 0xCA, 0xB3,
    0x27, 0x2B, 0xBE, 0xF9, 0xB8, 0x7A, 0xAA, 0x37, 0x25, 0xF0, 0xCB, 0x38, 0x43, 0x82, 0x68, 0x5D,
    0x02, 0x8C, 0x68, 0x00, 0x73, 0x2F, 0x41, 0xFE, 0xC6, 0x12, 0x30, 0x04, 0xE0, 0x36, 0x62, 0xC7,
    0x10, 0xC0, 0x88, 0x26, 0x8F, 0x27, 0x6C, 0x26, 0x36, 0x63, 0x4D, 0x75, 0x86, 0x71, 0x4D, 0x06,
    0x36, 0x16, 0x4D, 0x6A, 0xEB, 0x2B, 0xAF, 0xAA, 0xB6, 0xE6, 0xDE, 0x0D, 0x8D, 0x03, 0x8F, 0x9A,
    0x3C, 0xD0, 0x20, 0x94, 0x78, 0x0E, 0xC2, 0x13, 0xD6, 0x7E, 0x4C, 0xE6, 0xF2, 0xCF, 0x9C, 0xD8,
    0x02, 0x2A, 0x89, 0x25, 0xF0, 0xFB, 0xE2, 0x3A, 0x57, 0xC2, 0xFB, 0xEC, 0xC3, 0xBE, 0xD9, 0x2C,
    0x5F, 0xD0, 0xAD, 0xC0, 0x2D, 0x4E, 0x72, 0x1B, 0xB4, 0x60, 0x74, 0x25, 0xE6, 0x8C, 0x98, 0x00,
    0xAE, 0x0F, 0x2C, 0x97, 0x3C, 0x85, 0x9C, 0x8C, 0x0C, 0xC1, 0x32, 0x66, 0x40, 0x43, 0x63, 0x12,
    0x5F, 0x18, 0x17, 0x87, 0x88, 0xE7, 0x1C, 0xBC, 0xBE, 0x0C, 0x90, 0x3F, 0xC7, 0x75, 0xCF, 0x03,
    0x8D, 0x66, 0x05, 0x89, 0xB9, 0x50, 0xB4, 0x4A, 0x54, 0x69, 0x80, 0x22, 0xB5, 0xF2, 0xEE, 0xF8,
    0x7D, 0x1C, 0x86, 0x1B, 0xE3, 0x34, 0xFB, 0x2F, 0x96, 0xF7, 0x99, 0x85, 0x08, 0xC7, 0xEF, 0x8C,
    0x1F, 0x83, 0x3E, 0x84, 0x7F, 0x80, 0x63, 0x24, 0x78, 0x65, 0x83, 0xEC, 0x7D, 0x7C, 0x77, 0xA9,
    0x76, 0xE2, 0x8D, 0xBF, 0xD4, 0x36, 0xC4, 0x6D, 0xF2, 0xF5, 0x39, 0x3F, 0x18, 0xFC, 0x7E, 0x85,
    0xA0, 0x38, 0x6F, 0x8F, 0x0D, 0x1A, 0x52, 0x05, 0xDB, 0x48, 0xDD, 0x71, 0x3E, 0x04, 0x17, 0xF9,
    0x4C, 0xDE, 0x1D, 0xBF, 0x83, 0x95, 0xBE, 0xF4, 0x50, 0xDF, 0x09, 0x7E, 0xF1, 0x2B, 0x88, 0xF0,
    0xF1, 0x3B, 0xE3, 0x97, 0xB6, 0x0A, 0xA9, 0x4A, 0x8D, 0x8C, 0xA0, 0x6E, 0x78, 0x7E, 0xF9, 0xD8,
    0x37, 0x3F, 0x6E, 0x73, 0xD8, 0x84, 0x32, 0x63, 0x36, 0x62, 0x95, 0xCF, 0xA7, 0x32, 0x9B, 0x8C,
    0x01, 0xF1, 0x64, 0xDC, 0xD9, 0xBC, 0x02, 0xAE, 0x89, 0x29, 0x3C, 0x4B, 0x81, 0xDC, 0x66, 0xD6,
    0x30, 0xFB, 0x6A, 0x32, 0x9F, 0x7D, 0xC0, 0xA9, 0x4F, 0x37, 0x24, 0x05, 0x3D, 0x9A, 0x98, 0xE4,
    0xD1, 0xB0, 0x21, 0xBB, 0x61, 0x40, 0x5F, 0x01, 0x2D, 0x80, 0x1C, 0xCE, 0x20, 0x38, 0x37, 0x23,
    0x30, 0x01, 0x35, 0xA0, 0x7F, 0xDF, 0x9B, 0xE2, 0xBB, 0xDE, 0xE4, 0xFF, 0xEA, 0x4D, 0xFA, 0xAA,
    0x37, 0x09, 0x62, 0xC0, 0x08, 0x10, 0xC2, 0x00, 0x1A, 0x28, 0x80, 0xBC, 0x27, 0x2D, 0x1F, 0x40,
    0x30, 0x7E, 0x60, 0xF8, 0x40, 0x7B, 0xE2, 0x83, 0x87, 0xB5, 0xD8, 0x01, 0x41, 0x3F, 0x94, 0x15,
    0xA1, 0x35, 0x82, 0xAF, 0xA1, 0x60, 0xC6, 0x38, 0xD0, 0xA8, 0xC2, 0x9C, 0x4E, 0x0B, 0xE6, 0x4B,
    0x98, 0x68, 0x6F, 0xD9, 0x87, 0x7D, 0xF9, 0x0E, 0xDF, 0x5D, 0x25, 0x10, 0x3E, 0x48, 0x60, 0x8C,
    0xC0, 0x10, 0x81, 0xD6, 0x9D, 0xF3, 0xB9, 0x1E, 0x1F, 0xEC, 0x9B, 0x5F, 0xB4, 0xD2, 0xF5, 0x31,
    0xB8, 0x0F, 0x06, 0x01, 0xEB, 0x31, 0xC0, 0xBE, 0xF9, 0xC1, 0xD9, 0xD3, 0xD7, 0x7B, 0x57, 0x7F,
    0xD9, 0xD3, 0xEF, 0x99, 0x17, 0x5D, 0x38, 0x1D, 0x3A, 0xFD, 0xF9, 0xB5, 0xEE, 0x7C, 0xCF, 0xFC,
    0x0E, 0x24, 0xC1, 0x36, 0x46, 0xD0, 0xDC, 0xEB, 0x2E, 0x9B, 0x5C, 0x15, 0x23, 0xCB, 0x96, 0x7A,
    0x08, 0xBA, 0x03, 0x37, 0xC5, 0xAC, 0x3A, 0xB7, 0x75, 0x83, 0xB4, 0xA9, 0xCB, 0xCB, 0xAC, 0x8A,
    0x24, 0xA2, 0x14, 0x58, 0x80, 0x08, 0x89, 0xE7, 0x4B, 0x0B, 0x59, 0x7A, 0xF4, 0xE9, 0xB3, 0x41,
    0x41, 0x16, 0x3D, 0xAA, 0xD6, 0x40, 0x16, 0x37, 0x21, 0x2F, 0x99, 0xF4, 0x3F, 0x7E, 0x9A, 0xF5,
    0xB7, 0xFF, 0x99, 0xF5, 0x3F, 0xBF, 0x9F, 0xF5, 0x0F, 0xC8, 0xBD, 0xDD, 0x5F, 0x27, 0xED, 0x20,
    0xCB, 0x9C, 0x8C, 0xC5, 0x08, 0x59, 0xC6, 0xA2, 0xC7, 0x9E, 0xE8, 0xB0, 0x47, 0xAA, 0xFC, 0x07,
    0xC8, 0x52, 0x2E, 0xF1, 0xE6, 0x37, 0xA0, 0x0E, 0xF1, 0x22, 0x9A, 0x35, 0x3A, 0xCE, 0xE8, 0xC2,
    0x11, 0xD5, 0xC8, 0xFA, 0xFF, 0x5F, 0x18, 0x58, 0x0F, 0xD6, 0x7D, 0xD4, 0xB2, 0x2F, 0x23, 0xDA,
    0x65, 0xFA, 0x1C, 0xFA, 0x60, 0xC6, 0x27, 0x66, 0x08, 0xA5, 0x9D, 0xB5, 0xAD, 0xB2, 0x77, 0x7E,
    0x3F, 0x63, 0x37, 0xF7, 0xCD, 0xEF, 0xE7, 0xEC, 0xE6, 0xFE, 0xE7, 0xD3, 0x8F, 0xE5, 0x1B, 0x09,
    0xA1, 0x8B, 0x14, 0x8C, 0xF3, 0x0A, 0x46, 0x86, 0x37, 0x37, 0x6D, 0xDE, 0x52, 0x85, 0x9A, 0x45,
    0x9D, 0x57, 0xA1, 0x60, 0x63, 0x21, 0x30, 0xD4, 0x14, 0xD1, 0x2C, 0x42, 0xD0, 0x68, 0xF6, 0xC9,
    0x13, 0xC3, 0x43, 0xE3, 0x56, 0x71, 0x63, 0x88, 0x25, 0xED, 0x1B, 0x35, 0x1B, 0x31, 0x98, 0x0F,
    0xDB, 0x5C, 0xE9, 0x53, 0xFE, 0xC6, 0xB0, 0x72, 0x64, 0x75, 0x93, 0x11, 0x43, 0x38, 0x27, 0x4C,
    0xBF, 0x94, 0x05, 0x4A, 0xDF, 0xFF, 0x52, 0x1C, 0x17, 0x21, 0xC9, 0xCB, 0xB1, 0x27, 0x98, 0xAC,
    0x99, 0xD6, 0x95, 0x75, 0x69, 0x10, 0x2B, 0x10, 0x35, 0x80, 0x3F, 0xC4, 0x71, 0x0E, 0x79, 0xAD,
    0xC3, 0x30, 0x02, 0x46, 0x71, 0x29, 0xE2, 0x89, 0xD8, 0x75, 0xE8, 0x67, 0xB1, 0x93, 0x46, 0x96,
    0x3B, 0x3C, 0x6E, 0xA4, 0xA3, 0xCB, 0xDD, 0x00, 0xF4, 0x8E, 0xD5, 0xC1, 0x2D, 0xF1, 0xC2, 0x4D,
    0xC8, 0x42, 0xBF, 0xC1, 0x7D, 0xF2, 0xA1, 0x4F, 0x1D, 0x15, 0x23, 0xCA, 0x2E, 0xAA, 0x7D, 0x75,
    0xB2, 0x83, 0x3C, 0x9D, 0x69, 0x8B, 0xAE, 0xAE, 0x8A, 0xCE, 0x10, 0x38, 0xD7, 0xA1, 0x72, 0x89,
    0x7D, 0x3E, 0x97, 0x41, 0xC7, 0xFB, 0x30, 0x79, 0xF5, 0xA6, 0x8E, 0xEF, 0x4C, 0x7B, 0x8B, 0x3E,
    0xEF, 0x4C, 0x7B, 0xBA, 0x49, 0xFB, 0xE3, 0x7D, 0x66, 0xBC, 0xE6, 0x33, 0x77, 0xA5, 0xBB, 0x6D,
    0x4F, 0xEC, 0x2C, 0x33, 0x0B, 0x00, 0x98, 0x0B, 0xB1, 0x90, 0xB7, 0xFF, 0x22, 0xFC, 0xE7, 0xF5,
    0x52, 0x18, 0xD8, 0x59, 0xF6, 0x29, 0xA3, 0x12, 0x62, 0x15, 0x33, 0x86, 0xA2, 0x1F, 0x66, 0xE3,
    0x29, 0x6B, 0x17, 0x3A, 0x34, 0x31, 0x82, 0x17, 0x92, 0x77, 0xD4, 0x51, 0x34, 0x7F, 0x03, 0x63,
    0xCD, 0xCA, 0x86, 0x66, 0x45, 0x59, 0x7F, 0x3E, 0x7D, 0x20, 0x2C, 0x07, 0xB3, 0xCB, 0x84, 0xE5,
    0xCA, 0xE0, 0x4B, 0x6E, 0xBB, 0xA7, 0x11, 0xE3, 0x2B, 0xD0, 0x2F, 0xA6, 0xE8, 0x29, 0xAB, 0xD9,
    0x7A, 0xAD, 0xCA, 0x5D, 0xAF, 0x55, 0xBB, 0x7D, 0xA5, 0x7B, 0x92, 0x63, 0x5F, 0x81, 0x0E, 0x95,
    0xEE, 0xAF, 0x85, 0x2E, 0x8A, 0xE5, 0x69, 0x26, 0x2B, 0x8C, 0x01, 0x8C, 0xF5, 0x39, 0xC4, 0xD6,
    0xF8, 0xF7, 0xF1, 0xF3, 0xE0, 0x57, 0x58, 0x9D, 0xED, 0x74, 0x6B, 0x9A, 0xB0, 0x1A, 0x88, 0xB6,
    0x7A, 0x88, 0x6D, 0x57, 0xA8, 0xCB, 0xC0, 0x5B, 0xDB, 0x88, 0x15, 0xDE, 0x86, 0x95, 0x61, 0x56,
    0x88, 0xAF, 0xD8, 0x6C, 0xBD, 0x66, 0xB3, 0x77, 0xA5, 0x9D, 0x2C, 0xFA, 0x8C, 0x71, 0x04, 0x7D,
    0x46, 0x2E, 0x5B, 0xFD, 0x62, 0x2F, 0xB4, 0xB7, 0xDA, 0xE2, 0x5D, 0xE5, 0x66, 0xEA, 0x34, 0x32,
    0x9F, 0x62, 0x5D, 0xA2, 0x0B, 0x36, 0x37, 0x6A, 0x96, 0xDC, 0xA6, 0x3A, 0xC7, 0x79, 0xD5, 0xE9,
    0x32, 0xCC, 0x1A, 0x74, 0x7B, 0x0C, 0x3D, 0x61, 0xE2, 0x8D, 0x49, 0x70, 0x4F, 0xB7, 0xE5, 0x16,
    0x3B, 0xD3, 0x66, 0xAC, 0xAA, 0x41, 0x8F, 0x1F, 0x4D, 0x7E, 0x1A, 0xE0, 0xAF, 0x4E, 0x24, 0x2E,
    0xEF, 0xEC, 0x85, 0x76, 0x5E, 0x7D, 0x05, 0xEF, 0xE2, 0x3C, 0x78, 0xBE, 0x99, 0xEF, 0xED, 0x28,
    0xF7, 0xC1, 0x2A, 0xC6, 0xEE, 0x8E, 0x45, 0xBF, 0x62, 0x7D, 0x62, 0xF0, 0x5F, 0x78, 0xE8, 0xAA,
    0x1E, 0x82, 0xE8, 0x2D, 0xEC, 0xA2, 0x5F, 0x3D, 0x5E, 0x7D, 0x41, 0xEA, 0xF5, 0xCB, 0x9A, 0x3E,
    0x27, 0xAC, 0xBE, 0x47, 0x01, 0xA8, 0xCE, 0xF0, 0x5B, 0x54, 0x57, 0x37, 0x05, 0xEC, 0x5C, 0x8A,
    0x4D, 0xC9, 0x42, 0x62, 0x62, 0xEF, 0x81, 0x1C, 0xCB, 0xE0, 0xA3, 0xDC, 0xF0, 0x55, 0x95, 0x70,
    0xFC, 0x01, 0x6C, 0x59, 0x05, 0xF1, 0x5F, 0x89, 0x22, 0xEF, 0x71, 0x16, 0xDF, 0x53, 0x57, 0x6F,
    0x82, 0xAD, 0x79, 0xC1, 0xF2, 0x11, 0x81, 0xB1, 0x1C, 0x63, 0x44, 0x44, 0x66, 0x88, 0xE5, 0x92,
    0xCB, 0x31, 0xA5, 0x8F, 0x23, 0xF9, 0xEC, 0x6A, 0x0E, 0x70, 0x37, 0x28, 0x60, 0x36, 0x07, 0x4F,
    0xAD, 0xD6, 0x72, 0x80, 0x5D, 0x69, 0x6F, 0x8B, 0xF7, 0x77, 0xA5, 0xAD, 0x1F, 0x51, 0x09, 0x42,
    0x6C, 0xFF, 0xF4, 0x74, 0x23, 0xCE, 0xDE, 0x85, 0xEE, 0xD6, 0x38, 0x7E, 0x57, 0x99, 0xF3, 0x6A,
    0xC9, 0x59, 0x97, 0xA2, 0x53, 0x7E, 0x51, 0x17, 0xDA, 0xFC, 0x80, 0xB4, 0xAA, 0xFE, 0x5D, 0xDB,
    0xFF, 0x16, 0x68, 0x9D, 0x80, 0xE6, 0x10, 0xE4, 0x50, 0x90, 0x83, 0xF1, 0xBB, 0x1B, 0xF5, 0x19,
    0xE2, 0xF7, 0x6F, 0x5F, 0x22, 0x6E, 0x47, 0xEC, 0xEE, 0xCE, 0x26, 0xE5, 0x3E, 0x1F, 0x8B, 0x19,
    0x72, 0x8C, 0x85, 0xCD, 0x82, 0x3E, 0x57, 0xC5, 0x1F, 0x5F, 0x84, 0x4C, 0x60, 0x8B, 0x9D, 0x7F,
    0xDB, 0xCF, 0x32, 0xAA, 0x57, 0x2D, 0xBF, 0xB6, 0xA6, 0xB4, 0x69, 0xF5, 0xCB, 0x72, 0x9B, 0xDD,
    0xD9, 0x99, 0xF6, 0x96, 0xB8, 0x65, 0x57, 0xDA, 0xDB, 0xEC, 0xFC, 0xEE, 0x73, 0xF2, 0xFA, 0x5C,
    0x5B, 0x75, 0xF1, 0x54, 0xF4, 0xCC, 0xF3, 0x00, 0x9B, 0x0E, 0xA9, 0xAF, 0x58, 0xE0, 0x6A, 0xCA,
    0xBB, 0x68, 0x46, 0x44, 0xED, 0xF8, 0xC9, 0x0E, 0x9E, 0xDC, 0x60, 0x22, 0xFD, 0xD7, 0xDD, 0x79,
    0xF9, 0xBC, 0xCA, 0xAF, 0xD5, 0xF4, 0xA7, 0xBD, 0xDC, 0x55, 0xAC, 0x83, 0x34, 0xFE, 0xB1, 0x1A,
    0xE4, 0xF5, 0xB5, 0x2E, 0x6F, 0x43, 0x57, 0xF6, 0xC8, 0xD1, 0x1E, 0x31, 0x16, 0x6E, 0x10, 0x74,
    0x10, 0x2D, 0xAC, 0xEE, 0x1A, 0x78, 0x0F, 0xCF, 0x4A, 0x57, 0xF9, 0xBE, 0xAC, 0xA1, 0x3D, 0xEE,
    0xAE, 0xA5, 0xB9, 0x6D, 0xDF, 0xBC, 0x8B, 0xF1, 0xFD, 0x0F, 0xBD, 0x5A, 0x3D, 0x8F, 0xDD, 0xC6,
    0x15, 0x1D, 0x92, 0xB0, 0x28, 0x89, 0x08, 0xD8, 0x24, 0xC0, 0xC2, 0x42, 0x40, 0x15, 0x2E, 0xEC,
    0x26, 0x6C, 0x5C, 0xA4, 0xDA, 0xA1, 0x95, 0x22, 0x85, 0x0B, 0xB9, 0x4F, 0x11, 0x15, 0x29, 0x0C,
    0x04, 0xB1, 0x5C, 0xA6, 0x51, 0x86, 0xB6, 0x02, 0xA4, 0x94, 0xFE, 0x41, 0x5C, 0xE4, 0x67, 0x78,
    0x45, 0x46, 0x2E, 0x5D, 0x98, 0x41, 0x4A, 0x17, 0x61, 0xB1, 0x80, 0xCB, 0xB0, 0x20, 0x10, 0x2A,
    0x21, 0x39, 0x39, 0xE7, 0x0E, 0xF9, 0x96, 0xBB, 0x7A, 0xEF, 0xED, 0x4A, 0x8F, 0xCF, 0x6F, 0x71,
    0x86, 0x4B, 0x72, 0x38, 0x73, 0xEF, 0x7C, 0xDC, 0xCF, 0xF1, 0xAC, 0x2D, 0x95, 0xB7, 0x29, 0xAE,
    0xFE, 0xE2, 0x0E, 0x45, 0xD2, 0xA3, 0x48, 0x07, 0x14, 0x7A, 0x44, 0x61, 0x0A, 0x14, 0x2F, 0x4C,
    0xA6, 0xD4, 0xA0, 0x73, 0xA5, 0x7A, 0x5D, 0x2A, 0xBF, 0x4F, 0x4B, 0x15, 0x74, 0x49, 0xA5, 0x82,
    0x36, 0xAE, 0x55, 0xD8, 0xC6, 0x8D, 0x8A, 0xAC, 0x6D, 0x55, 0x6C, 0x6D, 0xA7, 0x12, 0x6B, 0x7B,
    0x95, 0x56, 0x41, 0xAF, 0x74, 0x19, 0x0C, 0x28, 0xFC, 0x51, 0x99, 0xD2, 0xB3, 0xAA, 0xC8, 0x51,
    0x84, 0xF6, 0x02, 0xF3, 0xEF, 0xAE, 0x3D, 0xE7, 0xA7, 0x6C, 0x23, 0x7F, 0x47, 0x15, 0xA0, 0x2B,
    0xAD, 0x40, 0x47, 0xED, 0x15, 0xB6, 0xC6, 0xF3, 0x5A, 0x03, 0xA6, 0x4A, 0xEA, 0x22, 0x4F, 0x6A,
    0x43, 0xE0, 0x7F, 0x3E, 0xE3, 0x3B, 0xCF, 0x8E, 0x99, 0xDF, 0xC5, 0x60, 0x88, 0x44, 0x29, 0xB4,
    0x00, 0x92, 0xD9, 0x74, 0xD4, 0xFD, 0xD8, 0xAC, 0x45, 0xB5, 0x56, 0x61, 0x53, 0xA8, 0xC0, 0x8E,
    0x18, 0x5E, 0x74, 0x95, 0xD6, 0xAB, 0xB0, 0xB7, 0x9B, 0xF6, 0x62, 0x17, 0xED, 0xDD, 0x9B, 0xD2,
    0x8E, 0x1F, 0x5B, 0xF5, 0xD9, 0x49, 0xD0, 0xA0, 0x08, 0x59, 0x04, 0x1C, 0x4D, 0xCF, 0x66, 0x87,
    0x71, 0xC0, 0x85, 0x66, 0xD0, 0x1A, 0xDA, 0xF6, 0x08, 0x8B, 0x6F, 0x0B, 0xE0, 0x16, 0x19, 0x02,
    0x03, 0x78, 0x1F, 0xA2, 0xA3, 0x10, 0x5C, 0xFA, 0xF9, 0xC5, 0x8C, 0xDD, 0x42, 0xA7, 0xDA, 0x0E,
    0xF8, 0xBE, 0x0F, 0xC6, 0xEC, 0x53, 0x0E, 0x42, 0xD2, 0xB8, 0x41, 0xD5, 0xF8, 0x1A, 0x0C, 0xBF,
    0x06, 0xA1, 0xAA, 0x71, 0x93, 0x1D, 0x8E, 0xEA, 0x53, 0x9F, 0x3C, 0x17, 0x76, 0x00, 0xE1, 0xE7,
    0x4A, 0xBD, 0xE7, 0x68, 0xC0, 0x0B, 0x19, 0x47, 0x56, 0xFE, 0xC9, 0xD4, 0xD7, 0x3D, 0xFB, 0x1C,
    0xFD, 0x34, 0x58, 0x94, 0x75, 0x32, 0xA8, 0x4C, 0xD7, 0xAE, 0x3D, 0x03, 0x72, 0x8A, 0x09, 0xFC,
    0x5F, 0xFA, 0xC1, 0x3B, 0xD4, 0xF9, 0x04, 0x63, 0xD1, 0xF0, 0x1B, 0x7C, 0x8B, 0x27, 0x27, 0x5C,
    0x49, 0xA0, 0x1F, 0xBC, 0xC4, 0x3F, 0x34, 0x2A, 0xFE, 0xA2, 0x05, 0x7B, 0x9F, 0x1C, 0x8F, 0x97,
    0xE7, 0x98, 0x9C, 0x16, 0x2F, 0xC1, 0x8B, 0x79, 0x9C, 0xAB, 0x27, 0x51, 0xA9, 0xDE, 0xF3, 0x57,
    0xE2, 0xE5, 0x09, 0x1A, 0xB1, 0x32, 0xEF, 0x72, 0x95, 0xFB, 0x23, 0xF1, 0xE1, 0x81, 0x87, 0x80,
    0x73, 0x32, 0xB8, 0x2B, 0xEF, 0xD7, 0xE0, 0xE1, 0x16, 0x06, 0x28, 0xFE, 0xB2, 0x95, 0xB9, 0xE0,
    0x9C, 0x70, 0x6E, 0xD4, 0xFB, 0xC7, 0xE3, 0xE3, 0xC4, 0xCF, 0xD4, 0x69, 0x54, 0x29, 0xFD, 0xD7,
    0x12, 0xF7, 0x58, 0x07, 0xDC, 0xB1, 0x5F, 0xAD, 0xC2, 0x0B, 0x97, 0x11, 0x97, 0xD3, 0x25, 0x56,
    0x4E, 0x2E, 0x58, 0x49, 0xED, 0x73, 0xB0, 0x82, 0x5D, 0x6D, 0x6D, 0xA6, 0xFF, 0x6E, 0x4B, 0x5D,
    0xEA, 0x5A, 0x97, 0x49, 0xA3, 0xCB, 0x18, 0x88, 0x5A, 0xA0, 0x5B, 0xA0, 0x75, 0xE0, 0x3B, 0xD6,
    0xD1, 0x95, 0x7C, 0x83, 0xBD, 0xAD, 0x21, 0x23, 0x52, 0xEE, 0x77, 0x65, 0x45, 0x90, 0x2E, 0x8A,
    0x9C, 0x45, 0xB6, 0x29, 0x94, 0x37, 0x82, 0xC5, 0x88, 0x02, 0x3C, 0x61, 0xA1, 0xFF, 0xC1, 0xA2,
    0xB4, 0xE4, 0xC3, 0x92, 0xA1, 0x4B, 0x85, 0x3C, 0x33, 0xE5, 0x5C, 0x45, 0xD7, 0x28, 0x28, 0x4B,
    0x26, 0x0D, 0x50, 0xBC, 0x72, 0xB3, 0x81, 0xE6, 0x32, 0xA0, 0x8A, 0xDA, 0xB4, 0x89, 0xDA, 0xA8,
    0x8B, 0xDA, 0xA0, 0x77, 0xF0, 0x07, 0x63, 0x5F, 0x8E, 0x33, 0x70, 0x4F, 0x0C, 0xEE, 0x5D, 0x08,
    0xC4, 0x6D, 0xD4, 0x9A, 0x06, 0xDF, 0x96, 0x24, 0x89, 0x6D, 0xA1, 0x83, 0x66, 0x03, 0xF6, 0x35,
    0x83, 0xF7, 0xE6, 0x5F, 0x4D, 0x80, 0xA1, 0xE5, 0x10, 0x27, 0xE8, 0x2B, 0xAD, 0x31, 0x14, 0x55,
    0x3C, 0x0D, 0xD7, 0x02, 0x78, 0x96, 0x36, 0x71, 0x13, 0x77, 0xB1, 0xD4, 0xF5, 0x39, 0x1D, 0x18,
    0xEB, 0x04, 0x43, 0x3D, 0x63, 0xF9, 0xB3, 0xA0, 0x7F, 0x03, 0xB7, 0x81, 0x2E, 0x03, 0x2B, 0x65,
    0x83, 0x6D, 0xEF, 0x5D, 0x1B, 0xE5, 0x8C, 0x6D, 0x7A, 0x52, 0x3D, 0x3E, 0x87, 0x48, 0x16, 0x56,
    0x38, 0xC9, 0x95, 0x01, 0x9D, 0x45, 0x1E, 0x37, 0x18, 0xB9, 0x06, 0xDF, 0xB4, 0x33, 0x8A, 0x6C,
    0x5A, 0x52, 0xAD, 0x57, 0xB2, 0x2E, 0xBE, 0xA9, 0xD4, 0xE3, 0x31, 0x4B, 0x73, 0xD0, 0xFD, 0xB2,
    0xC7, 0xF7, 0x1D, 0xDA, 0x6D, 0xDC, 0xDA, 0x3B, 0x12, 0xFD, 0xBB, 0x94, 0xE1, 0xA1, 0x3C, 0xA8,
    0x53, 0x76, 0xC4, 0x75, 0x98, 0xBB, 0xEB, 0xE9, 0xF1, 0xE6, 0x40, 0xC5, 0xF9, 0x24, 0x0F, 0x26,
    0xB9, 0x10, 0xE7, 0xAB, 0xF0, 0xB0, 0x3A, 0x9D, 0x22, 0x3C, 0x68, 0x10, 0x0C, 0x4E, 0xC5, 0x2A,
    0x8A, 0x71, 0x53, 0x1D, 0x46, 0xA7, 0xA8, 0xE9, 0x4C, 0x79, 0x83, 0x33, 0x0B, 0x82, 0xCE, 0xA9,
    0x37, 0x2C, 0x1A, 0x5F, 0x3D, 0x12, 0x91, 0x14, 0xFD, 0xD0, 0xBA, 0x47, 0xE6, 0xB2, 0x48, 0x5A,
    0x9D, 0xBF, 0xFC, 0x44, 0x05, 0xF5, 0x13, 0xE5, 0xBF, 0x02, 0x2D, 0x05, 0xD6, 0x6D, 0x52, 0x3A,
    0xEB, 0x61, 0x8D, 0xF5, 0x24, 0x66, 0xC1, 0xE0, 0x6C, 0x9D, 0xE4, 0xFB, 0x5A, 0x25, 0x0F, 0x1A,
    0x75, 0x47, 0xE5, 0x0B, 0x55, 0xD1, 0xC3, 0xA0, 0xEC, 0x21, 0x8E, 0xBB, 0xD0, 0x66, 0xBF, 0xBB,
    0xA4, 0x2A, 0x36, 0xEA, 0x21, 0xE8, 0x97, 0xA0, 0x95, 0x95, 0x34, 0x41, 0x1F, 0x53, 0x46, 0x8D,
    0x41, 0x3F, 0xA9, 0x8A, 0x1E, 0x42, 0xAE, 0x17, 0xBA, 0x49, 0x3F, 0xF8, 0xF0, 0x87, 0x01, 0xC6,
    0x16, 0xD4, 0x6B, 0x3E, 0x0D, 0x1E, 0xE8, 0xC1, 0x7E, 0xAF, 0x20, 0x55, 0x2B, 0xDD, 0xA4, 0xE0,
    0x25, 0xAD, 0x8A, 0x3C, 0xAD, 0x6C, 0x06, 0xA8, 0xE9, 0x0A, 0x14, 0x78, 0xAE, 0x61, 0x64, 0xA5,
    0xA8, 0x07, 0x5E, 0x2A, 0xCF, 0xD2, 0x9C, 0x4A, 0x45, 0x71, 0xFD, 0x12, 0x1B, 0x83, 0xE2, 0xDC,
    0x60, 0x6C, 0xA1, 0x79, 0xF0, 0xC8, 0x6F, 0x95, 0x7E, 0xDA, 0x42, 0x76, 0x51, 0x16, 0x56, 0xCA,
    0x1F, 0xD5, 0xB1, 0x78, 0xDB, 0xBD, 0xE7, 0x8F, 0xC0, 0x97, 0xFA, 0x9A, 0x26, 0x0A, 0xD7, 0xA4,
    0xBB, 0xF2, 0xFE, 0x58, 0x73, 0xB6, 0x53, 0x0E, 0x1C, 0x81, 0xAF, 0xB5, 0x69, 0xDF, 0xFC, 0x7A,
    0xB7, 0x8F, 0xD3, 0x6E, 0x9A, 0x97, 0xCF, 0xDD, 0x9E, 0xA6, 0x9F, 0x44, 0x55, 0x99, 0x54, 0x0E,
    0x47, 0xE3, 0x6B, 0xCF, 0xBA, 0xA7, 0x1D, 0x90, 0xBB, 0x7D, 0xBB, 0x13, 0xD0, 0xBF, 0x1B, 0x5C,
    0x57, 0x17, 0xA0, 0xF5, 0x05, 0x37, 0x07, 0x7A, 0x3A, 0x57, 0xFA, 0x61, 0x09, 0x0B, 0x2D, 0x57,
    0xEF, 0x96, 0xDB, 0x4D, 0x3B, 0xFD, 0x6F, 0x6C, 0x11, 0xAC, 0x59, 0xD0, 0x9B, 0x53, 0x82, 0x88,
    0x59, 0x44, 0xDE, 0xCA, 0xB4, 0xBE, 0x09, 0x60, 0x21, 0xB4, 0x84, 0x81, 0xA0, 0x99, 0x31, 0x3F,
    0x13, 0x40, 0xFE, 0x6C, 0xB0, 0x7C, 0xBE, 0x03, 0xF4, 0x84, 0x66, 0x38, 0xD3, 0xAE, 0xDF, 0xDC,
    0x87, 0xE3, 0x48, 0x9B, 0x80, 0xF6, 0x41, 0x1D, 0x62, 0xD6, 0xC3, 0x2E, 0x46, 0x7D, 0x7E, 0x13,
    0x75, 0x37, 0x81, 0x1A, 0xEE, 0xF0, 0xFB, 0x8C, 0xE6, 0x50, 0xF0, 0xE0, 0xB2, 0x8F, 0x0C, 0xFE,
    0x9B, 0x19, 0x6E, 0xBD, 0xBF, 0x39, 0x96, 0x6D, 0xF8, 0xDD, 0x89, 0x98, 0x5D, 0xB4, 0x95, 0xEE,
    0x8A, 0x43, 0x39, 0xEB, 0x87, 0x7C, 0x83, 0x8D, 0x0D, 0x7C, 0x15, 0x66, 0x01, 0x5D, 0x3D, 0x9A,
    0xE4, 0x17, 0x15, 0xCE, 0xF3, 0xAD, 0xB6, 0xD1, 0x11, 0xE8, 0x8F, 0xB1, 0x76, 0x67, 0xAC, 0x45,
    0xFB, 0x4E, 0x19, 0x79, 0x0C, 0xFA, 0xCB, 0x33, 0x15, 0x57, 0x83, 0x88, 0x81, 0x00, 0xDD, 0xCF,
    0xF6, 0xDE, 0xA1, 0x3C, 0xAC, 0x4D, 0xA7, 0xC8, 0x05, 0x86, 0x32, 0x5E, 0x38, 0x55, 0xAC, 0x68,
    0x9B, 0x52, 0xD6, 0x9E, 0x39, 0xF1, 0xEE, 0xC3, 0xCE, 0xE3, 0x95, 0xF7, 0x2B, 0xCD, 0x03, 0x25,
    0xEA, 0xA2, 0x53, 0xEA, 0xC4, 0xC2, 0x49, 0xD9, 0x5D, 0xB2, 0xFE, 0x08, 0xF3, 0x73, 0xF0, 0x3C,
    0x94, 0x9E, 0x3D, 0x00, 0xA3, 0xFE, 0xE6, 0x57, 0x83, 0xFE, 0xD6, 0xF6, 0xFA, 0x3B, 0xDB, 0xEA,
    0x97, 0x36, 0x8F, 0xCB, 0x34, 0xD7, 0x8D, 0x81, 0xCC, 0x2F, 0x6A, 0x5E, 0x79, 0xBF, 0x71, 0x33,
    0x67, 0x89, 0xF8, 0x96, 0x98, 0x6C, 0xD4, 0x12, 0xF4, 0x67, 0x12, 0xC1, 0xD2, 0x74, 0xF5, 0x1F,
    0x39, 0x57, 0x99, 0x2E, 0x33, 0x5D, 0xE7, 0xD3, 0xB0, 0x52, 0x27, 0x5E, 0x36, 0xF7, 0x49, 0x1D,
    0x34, 0xC3, 0xE9, 0x95, 0x9B, 0x42, 0x57, 0x27, 0xE8, 0x4F, 0x7F, 0x64, 0x73, 0x23, 0xAE, 0x2D,
    0xCC, 0x2E, 0xEA, 0x20, 0x78, 0xE9, 0x2A, 0xE2, 0xBC, 0xA2, 0xCF, 0xA1, 0x50, 0x5E, 0x9B, 0x2A,
    0xF5, 0xC9, 0x1D, 0x17, 0x1F, 0x5C, 0xBA, 0x89, 0xEA, 0xED, 0xF0, 0x73, 0x9F, 0x3A, 0x64, 0x00,
    0x5A, 0xF4, 0x97, 0x63, 0xFA, 0x12, 0xE8, 0x22, 0x5D, 0x17, 0xB9, 0x29, 0xE1, 0x0B, 0x67, 0xC5,
    0x97, 0xA3, 0x2A, 0xFE, 0x02, 0xD5, 0xFC, 0xAC, 0x55, 0x45, 0x51, 0x43, 0x45, 0xA3, 0x0E, 0x86,
    0xA3, 0x00, 0x7B, 0x45, 0x81, 0x67, 0xCF, 0xF0, 0xEE, 0x29, 0xEA, 0x7C, 0x81, 0xBA, 0x79, 0x51,
    0xBA, 0x6F, 0x53, 0xEA, 0xB3, 0xAE, 0xC8, 0xA3, 0x0B, 0x5D, 0x1E, 0x4F, 0xBA, 0x9A, 0xB6, 0xF7,
    0x78, 0x1D, 0x55, 0x45, 0x69, 0x3D, 0xD8, 0xE1, 0x50, 0x86, 0x16, 0xE2, 0xDF, 0x26, 0xB5, 0xB2,
    0xA6, 0x54, 0x64, 0xD3, 0x01, 0xFF, 0x63, 0xAD, 0xDB, 0xB8, 0x55, 0x36, 0x44, 0x1D, 0x6C, 0x34,
    0xFC, 0xC1, 0x69, 0x37, 0xD4, 0xF5, 0x0B, 0xE1, 0x94, 0xC9, 0x76, 0x09, 0xAC, 0x33, 0x1B, 0xDE,
    0xAC, 0xDD, 0x7E, 0xD9, 0x6E, 0x89, 0x19, 0x69, 0xC4, 0x5F, 0x38, 0x53, 0xD2, 0x5E, 0x02, 0x1E,
    0x62, 0xF4, 0x74, 0x77, 0x21, 0xCB, 0x69, 0xAF, 0x1F, 0x0C, 0x10, 0x31, 0x43, 0xD6, 0x5A, 0x44,
    0x9F, 0xB7, 0x85, 0xDC, 0xC5, 0x5A, 0x38, 0x7F, 0x5D, 0x8E, 0xFC, 0xAC, 0xD8, 0xB3, 0x0F, 0xF7,
    0xED, 0x4D, 0x5D, 0x7D, 0x8E, 0x49, 0xDF, 0xEC, 0xCB, 0xF5, 0x69, 0x9F, 0xE7, 0xBD, 0x14, 0xB1,
    0xE5, 0x83, 0x56, 0x9A, 0xF1, 0x37, 0x92, 0x1F, 0x6F, 0xC2, 0xC3, 0x42, 0xB6, 0x5C, 0xCC, 0x04,
    0xE4, 0xA3, 0xC7, 0x09, 0xC2, 0xF2, 0x8B, 0xCF, 0xC5, 0x86, 0x2C, 0x1E, 0x10, 0xDD, 0x04, 0xAC,
    0x5B, 0xB8, 0x4C, 0x82, 0xB7, 0xE4, 0xCF, 0xDA, 0xA7, 0xDD, 0x04, 0x34, 0xF6, 0xB4, 0xB9, 0x8C,
    0xC3, 0xF8, 0xD8, 0x4D, 0xC3, 0x9F, 0x00, 0xF4, 0xFF, 0x11, 0xC0, 0xAB, 0xDC, 0xDF, 0x84, 0xD6,
    0x7C, 0xCA, 0x32, 0x48, 0xE1, 0x54, 0xEA, 0xF6, 0x22, 0xA5, 0x04, 0x80, 0x17, 0x8E, 0xAD, 0x5C,
    0xCF, 0xFF, 0xC9, 0xB3, 0xD7, 0x2B, 0x9B, 0x4D, 0x41, 0xF2, 0x85, 0x7E, 0x61, 0xC0, 0xCD, 0x84,
    0x58, 0x39, 0x5B, 0x0B, 0x1A, 0xD5, 0xD6, 0xA8, 0x05, 0x45, 0xBE, 0xA5, 0xC3, 0x20, 0x31, 0x01,
    0x2B, 0xD1, 0x41, 0x14, 0xB7, 0xB7, 0x7E, 0xEB, 0x76, 0xE9, 0x54, 0xEC, 0x5E, 0x4A, 0x7F, 0x06,
    0x30, 0xF5, 0x05, 0xD7, 0x1B, 0x4D, 0x89, 0x4A, 0x4C, 0xEA, 0x18, 0x78, 0xE7, 0xC6, 0x4B, 0x89,
    0x62, 0xBE, 0x71, 0x29, 0x8C, 0xA2, 0x73, 0x75, 0x16, 0xC1, 0x58, 0x83, 0x7D, 0x69, 0x72, 0xA0,
    0x02, 0x1A, 0xA0, 0x05, 0x7A, 0x60, 0x00, 0x0A, 0x40, 0x7F, 0xDC, 0x98, 0xE4, 0xDB, 0xC6, 0xC4,
    0xDF, 0x37, 0x26, 0xFC, 0x5F, 0x63, 0x02, 0xDB, 0x18, 0x0F, 0x50, 0x84, 0x01, 0xA0, 0xAC, 0xE0,
    0x24, 0x19, 0xF8, 0x31, 0x6C, 0x4B, 0xC4, 0x3C, 0xB7, 0x0A, 0x86, 0x3D, 0xA0, 0xC7, 0x4B, 0x93,
    0x62, 0xF2, 0x6C, 0x7E, 0x03, 0x72, 0x98, 0x0D, 0xB1, 0x30, 0xBF, 0x20, 0xBE, 0x28, 0x92, 0x32,
    0xCB, 0x85, 0x20, 0xC1, 0xCA, 0xEB, 0xB1, 0x3A, 0xAD, 0x3B, 0x44, 0xFA, 0xA1, 0x74, 0x5E, 0x88,
    0x6D, 0x25, 0x91, 0xA1, 0xD0, 0x3A, 0xF7, 0x61, 0x6F, 0x28, 0xE5, 0x08, 0x73, 0xB1, 0x2F, 0x54,
    0x74, 0x28, 0x8F, 0x34, 0x28, 0xD4, 0xA2, 0xC8, 0x27, 0x2D, 0x25, 0x91, 0x30, 0xF5, 0x87, 0x0B,
    0xA6, 0x7E, 0x8F, 0xC5, 0xEA, 0x31, 0x11, 0xC6, 0x78, 0x3F, 0x8A, 0x60, 0xA4, 0x44, 0xB3, 0x6F,
    0x5B, 0x1C, 0x36, 0x46, 0xC5, 0x34, 0x46, 0xE9, 0x66, 0x9C, 0x9C, 0x5E, 0x92, 0x70, 0x75, 0x8D,
    0x41, 0xAA, 0xB0, 0x68, 0x4B, 0x05, 0x1A, 0x0F, 0x5F, 0x03, 0x14, 0x5E, 0xB0, 0x2F, 0x28, 0x04,
    0x24, 0xE3, 0x75, 0x2E, 0x69, 0xDF, 0x19, 0x97, 0x7C, 0xA7, 0xE4, 0x95, 0xC8, 0x8F, 0x80, 0x59,
    0xBB, 0x2E, 0x81, 0x1B, 0x1A, 0x76, 0x0C, 0x2B, 0xE8, 0xD2, 0x1F, 0x26, 0x8C, 0x57, 0x30, 0x30,
    0x8F, 0xC8, 0x3A, 0xAC, 0xCB, 0x6F, 0x02, 0x97, 0xED, 0xCB, 0xD9, 0xD6, 0xD6, 0x7E, 0xDC, 0x73,
    0xF6, 0xD1, 0xB0, 0x3E, 0x9C, 0x57, 0x86, 0x2E, 0xAE, 0xB6, 0x3F, 0xB8, 0x70, 0x46, 0xD8, 0x5F,
    0x6D, 0x93, 0x69, 0x5E, 0xC9, 0xF2, 0xF2, 0x9E, 0x39, 0xDE, 0x65, 0x8A, 0x77, 0x65, 0xFA, 0x77,
    0xF6, 0x75, 0x20, 0x0F, 0xCA, 0x57, 0xF7, 0xE1, 0x52, 0xB4, 0x4A, 0xFF, 0x13, 0x76, 0xD3, 0x77,
    0x9D, 0x37, 0x60, 0xD3, 0x7F, 0x75, 0xF7, 0x68, 0x7C, 0xEC, 0xED, 0xEF, 0x50, 0x5E, 0x1E, 0x43,
    0x71, 0xF8, 0xD6, 0xE5, 0x85, 0xE1, 0xE5, 0xC3, 0xAB, 0x85, 0x75, 0x52, 0x70, 0x3B, 0xB2, 0xC8,
    0x0B, 0x4A, 0x7A, 0x16, 0x19, 0x14, 0xC8, 0xA5, 0x42, 0xB9, 0x42, 0xAA, 0x48, 0x65, 0xF9, 0x4C,
    0x1A, 0x90, 0xA6, 0x02, 0xD1, 0x4B, 0x6C, 0xDE, 0xEB, 0x61, 0xAF, 0x47, 0xD6, 0xCC, 0xF9, 0xEB,
    0x67, 0xFD, 0x0B, 0xA5, 0xC3, 0x56, 0x2B, 0x1D, 0x48, 0xD1, 0x68, 0x65, 0x18, 0xFE, 0x95, 0x42,
    0xBB, 0x82, 0xCE, 0x63, 0x08, 0xDD, 0x99, 0x3E, 0x1B, 0x6E, 0xF3, 0x33, 0x6A, 0x2D, 0x33, 0x40,
    0x0D, 0xC8, 0x1C, 0xE6, 0x2E, 0xB7, 0x9D, 0xA2, 0x02, 0x15, 0x2C, 0x53, 0x08, 0x1F, 0x2E, 0x43,
    0x08, 0xF5, 0x45, 0x28, 0xA8, 0x2C, 0xAA, 0x29, 0x9B, 0x36, 0x81, 0xFF, 0x17, 0xA5, 0xBC, 0x93,
    0x3A, 0xBD, 0xD2, 0xDF, 0x8C, 0x92, 0xD7, 0xD2, 0x34, 0xD6, 0x19, 0x38, 0x92, 0x90, 0x90, 0xA4,
    0x90, 0x3A, 0x5D, 0xC2, 0xEE, 0x95, 0x4C, 0x2D, 0xE5, 0x6C, 0x27, 0xA6, 0xA7, 0x6C, 0xC9, 0xA9,
    0x3F, 0xAF, 0x90, 0x10, 0x99, 0x6B, 0xAF, 0xF2, 0xB6, 0x87, 0xA6, 0xF6, 0x61, 0x75, 0x5A, 0xB7,
    0xEB, 0x22, 0x4C, 0x04, 0x33, 0xF9, 0x0D, 0xB3, 0xF9, 0xB0, 0xE6, 0xB3, 0x45, 0x72, 0xED, 0x46,
    0xD8, 0xB8, 0x73, 0xD3, 0xFD, 0x94, 0x58, 0x80, 0x9A, 0xBE, 0xAF, 0xC2, 0xAA, 0x57, 0xE1, 0x7F,
    0x3A, 0x97, 0xB1, 0xA0, 0xF0, 0xBE, 0x73, 0xC4, 0xB9, 0xC8, 0x6F, 0xC3, 0x0C, 0x39, 0x55, 0xDE,
    0x00, 0x59, 0x68, 0x5A, 0xA7, 0xFB, 0x82, 0x75, 0xE6, 0x62, 0xDF, 0x3C, 0x3B, 0x7F, 0xE6, 0x95,
    0x84, 0xED, 0x12, 0xB6, 0x5F, 0x87, 0x99, 0x99, 0x32, 0xC0, 0xBC, 0x6A, 0xB1, 0xD8, 0x9E, 0xE3,
    0x3D, 0x75, 0x32, 0x4F, 0x42, 0x70, 0x84, 0xCC, 0xA5, 0x51, 0xFC, 0x00, 0xF7, 0xA0, 0xAD, 0x32,
    0x92, 0x26, 0x3D, 0xDF, 0xDF, 0x5F, 0x21, 0xE1, 0xDB, 0x1C, 0xF3, 0x95, 0xA7, 0xF5, 0xAD, 0x4C,
    0x22, 0x0F, 0xAD, 0x9A, 0xEC, 0xB6, 0x8E, 0x5B, 0x36, 0x53, 0xF7, 0x44, 0x19, 0xD3, 0x5D, 0xAE,
    0x7F, 0x01, 0x83, 0x6D, 0xE2, 0xDD, 0xA5, 0x4F, 0xAF, 0x09, 0xD5, 0xAE, 0xCE, 0xCB, 0xBE, 0xFE,
    0x0E, 0xE5, 0x65, 0x1F, 0xAD, 0x94, 0x11, 0x68, 0x47, 0xA2, 0xE4, 0xF4, 0xC3, 0x43, 0x69, 0xA7,
    0xDE, 0x42, 0x6B, 0x4D, 0xD3, 0xFF, 0x9E, 0x24, 0xBB, 0xFF, 0xE6, 0x0E, 0xAD, 0x44, 0xA8, 0x1A,
    0xCD, 0xAA, 0x3A, 0x9B, 0xE9, 0x2C, 0x1D, 0x9D, 0xA1, 0xD0, 0x99, 0x72, 0x7A, 0xD0, 0x6C, 0x04,
    0x3A, 0xBD, 0x2B, 0x74, 0x7E, 0x70, 0x95, 0x4E, 0x3D, 0x85, 0x26, 0xB0, 0x49, 0x3C, 0x5B, 0x4B,
    0xC8, 0xEB, 0x3A, 0x5B, 0x6D, 0xF5, 0x79, 0xD8, 0xD7, 0xDF, 0x81, 0xF3, 0x80, 0xEB, 0x38, 0x43,
    0xC5, 0x3C, 0xB9, 0x72, 0x00, 0xA2, 0xD6, 0x8D, 0xFF, 0xAD, 0xD6, 0xA5, 0x35, 0x4C, 0xE7, 0xA6,
    0xED, 0x33, 0x97, 0x09, 0x9A, 0xB1, 0x4C, 0xFF, 0x2D, 0x9F, 0x5F, 0xC5, 0x45, 0xAC, 0x24, 0x7F,
    0x84, 0xB1, 0x6A, 0x25, 0x7E, 0x13, 0x61, 0x12, 0xBC, 0x4E, 0x39, 0x83, 0x55, 0xD3, 0x1B, 0x73,
    0x47, 0x3F, 0xEE, 0x63, 0x40, 0xBA, 0x24, 0x93, 0x63, 0x63, 0x69, 0xEF, 0x84, 0x9A, 0x77, 0x29,
    0x44, 0xB8, 0x1E, 0x9F, 0x84, 0x38, 0x32, 0xC0, 0xBB, 0xB0, 0x47, 0x6C, 0x9C, 0x4F, 0xC8, 0x56,
    0xE0, 0xEF, 0xAB, 0x9B, 0xD0, 0xBA, 0x4C, 0x5D, 0x5C, 0x4B, 0xEB, 0x67, 0xAF, 0xF7, 0xBD, 0x8B,
    0xC6, 0xAB, 0xCF, 0x1D, 0x7D, 0xD9, 0x23, 0xC5, 0x7E, 0x8C, 0xD0, 0xF7, 0x5C, 0x0D, 0x77, 0x69,
    0x09, 0x48, 0xAA, 0xC2, 0xBF, 0x92, 0xAA, 0x28, 0xA0, 0x85, 0xDE, 0x16, 0x26, 0xE7, 0xF1, 0x0E,
    0x5D, 0xA7, 0xD3, 0x91, 0x11, 0x8F, 0xF2, 0x73, 0x47, 0x5F, 0x6F, 0x14, 0xE4, 0xAC, 0xD2, 0x2A,
    0x6D, 0x52, 0x49, 0x85, 0x49, 0xC8, 0xB2, 0xF8, 0x6F, 0xB6, 0x2B, 0x55, 0xB1, 0x36, 0xFD, 0xDB,
    0xFA, 0x39, 0x94, 0xF6, 0x7D, 0xA9, 0x8A, 0xB5, 0xE9, 0xDF, 0xD5, 0xD7, 0xA1, 0x3C, 0x28, 0x46,
    0xB0, 0x29, 0xCB, 0x5A, 0xCC, 0x69, 0xF3, 0x47, 0x77, 0x95, 0x48, 0x7F, 0xFE, 0xF6, 0x3C, 0x80,
    0x7E, 0x53, 0x5E, 0xE5, 0xE1, 0x5C, 0xED, 0xEB, 0xEB, 0x60, 0x3E, 0x6E, 0xC3, 0x70, 0x3D, 0x0D,
    0x2A, 0x65, 0x1F, 0xC2, 0x06, 0x87, 0xB4, 0x6F, 0x4D, 0xE6, 0xE7, 0xEF, 0x1F, 0x6F, 0x3F, 0xFC,
    0xD4, 0xCB, 0xD4, 0x93, 0x10, 0xFE, 0x4F, 0xD2, 0x04, 0xA3, 0xA9, 0x23, 0xCC, 0x8D, 0x9F, 0x7D,
    0xB8, 0xCA, 0x9C, 0xAC, 0x40, 0x6B, 0xC3, 0x94, 0x33, 0x8F, 0x7C, 0xC1, 0x6E, 0x83, 0x0C, 0xEE,
    0xA7, 0x14, 0x76, 0xE9, 0xEC, 0xD6, 0x78, 0x90, 0x13, 0x85, 0x87, 0xD1, 0xC9, 0x40, 0xD8, 0x0B,
    0x77, 0x9C, 0x86, 0x69, 0x73, 0x77, 0xF4, 0xA5, 0x14, 0x59, 0x2F, 0xFE, 0x43, 0xEF, 0x8E, 0xDF,
    0xF6, 0xD0, 0x05, 0xF7, 0x2F, 0x94, 0xB2, 0xCE, 0xD5, 0x08, 0x55, 0xBE, 0x0D, 0x83, 0xFE, 0x75,
    0x33, 0xE8, 0x8F, 0x81, 0x87, 0x2D, 0xD0, 0x0D, 0xE9, 0xE3, 0xBE, 0x4F, 0xCD, 0x93, 0x3E, 0x7D,
    0x72, 0xDA, 0xA7, 0x5F, 0xA7, 0x7D, 0xC2, 0xBF, 0x36, 0x86, 0xAF, 0x15, 0x39, 0x5F, 0xAE, 0x0E,
    0x3A, 0xA7, 0x5B, 0x24, 0x77, 0xCA, 0x1E, 0xDD, 0x89, 0x5F, 0xF6, 0x79, 0xD1, 0x29, 0xBD, 0x29,
    0x57, 0x18, 0x29, 0x42, 0x06, 0x18, 0xC2, 0x06, 0x7E, 0x52, 0xD4, 0xA2, 0x88, 0xBB, 0x33, 0xA5,
    0x1F, 0xF6, 0x67, 0x2A, 0xFD, 0x6D, 0x0F, 0x07, 0xEA, 0xF1, 0x59, 0xAF, 0x92, 0x17, 0xA7, 0x3D,
    0x06, 0x09, 0x36, 0x42, 0xDC, 0xC3, 0x0F, 0x8A, 0x3B, 0x08, 0x6F, 0x66, 0x9E, 0xD1, 0x4F, 0x34,
    0xAB, 0xB3, 0xBD, 0x5D, 0xBA, 0x50, 0x11, 0x0F, 0x0F, 0xEB, 0xCA, 0x1F, 0xB1, 0x57, 0x03, 0xB4,
    0x07, 0x8A, 0xD1, 0x0A, 0x74, 0x33, 0x3C, 0xC5, 0x46, 0xC1, 0x65, 0xAC, 0x94, 0x37, 0xD2, 0x36,
    0xB6, 0x6C, 0x40, 0xCE, 0x64, 0xEB, 0x61, 0x3E, 0xC8, 0xEC, 0x54, 0xDB, 0xF5, 0xC5, 0x9E, 0xE1,
    0x4E, 0x6B, 0x7F, 0x90, 0x53, 0x0F, 0x72, 0xF2, 0x21, 0x64, 0x76, 0xBB, 0x95, 0xBB, 0x21, 0xAE,
    0xBD, 0x11, 0xBD, 0xF3, 0xF4, 0x62, 0x01, 0x63, 0xC8, 0x30, 0xE3, 0x34, 0xA7, 0x19, 0x40, 0x01,
    0x13, 0x29, 0xF4, 0x0F, 0x41, 0xE5, 0x7B, 0x29, 0x33, 0x72, 0xA5, 0xBC, 0xE6, 0xC1, 0x08, 0xAF,
    0x85, 0x5D, 0x11, 0xF4, 0x10, 0x3E, 0x28, 0x1A, 0x77, 0xBB, 0xED, 0xF7, 0xA3, 0xF0, 0x7E, 0x4D,
    0xD8, 0x54, 0x4F, 0x07, 0xAF, 0x09, 0x77, 0xA0, 0x5A, 0xC2, 0xBF, 0xEE, 0x30, 0x2D, 0xA3, 0xF5,
    0xC9, 0x94, 0x45, 0xE5, 0x79, 0xED, 0x29, 0x83, 0x2A, 0x3B, 0x65, 0x3A, 0x51, 0x42, 0x13, 0x0E,
    0xA6, 0x5F, 0x33, 0x43, 0xC6, 0x9A, 0xFC, 0x1A, 0x1E, 0x34, 0xAD, 0x25, 0xE8, 0x3F, 0x9F, 0x61,
    0x35, 0x72, 0x92, 0xC3, 0x41, 0x0E, 0x50, 0xB3, 0x7D, 0xDD, 0x38, 0x6B, 0x0F, 0xDD, 0x06, 0x73,
    0xB7, 0x9D, 0x33, 0x7B, 0xF9, 0xB8, 0x58, 0x9C, 0x02, 0xBB, 0x26, 0xAB, 0xBA, 0x2E, 0x1F, 0x3B,
    0x4E, 0x08, 0x1E, 0xCC, 0xC3, 0x35, 0xE6, 0xF8, 0xDA, 0x7C, 0xEC, 0x0B, 0x9D, 0x1E, 0xCC, 0x8B,
    0x73, 0x1D, 0xE4, 0xFC, 0xAE, 0xAE, 0xDF, 0xD9, 0x1C, 0x48, 0x5E, 0x03, 0xFF, 0x07, 0xBD, 0x5A,
    0x3D, 0x73, 0xDD, 0xD6, 0x11, 0x5D, 0x00, 0x31, 0x21, 0x09, 0x76, 0x90, 0x22, 0x85, 0x26, 0x4A,
    0x06, 0x2E, 0x5C, 0x48, 0x45, 0x0C, 0x17, 0x2E, 0x52, 0x24, 0xBA, 0x98, 0xB8, 0x74, 0xA1, 0x1F,
    0x90, 0xC2, 0x2C, 0xD2, 0x2B, 0x3F, 0xC0, 0x24, 0x20, 0x79, 0x26, 0x2E, 0x94, 0x19, 0xE9, 0x1F,
    0x58, 0x45, 0xFA, 0x34, 0x29, 0x52, 0x90, 0x02, 0x44, 0xCE, 0x84, 0x93, 0x51, 0x21, 0x48, 0x2E,
    0x53, 0x10, 0xC9, 0xA8, 0x48, 0x27, 0x4C, 0x06, 0x93, 0x80, 0x0A, 0x80, 0x9B, 0x73, 0xEE, 0xC5,
    0x7B, 0x04, 0x29, 0x3E, 0x92, 0xD2, 0x7B, 0xE4, 0xE3, 0x9C, 0x7D, 0x78, 0xF8, 0xD8, 0xBD, 0x7B,
    0x3F, 0xCE, 0xEE, 0x5D, 0x50, 0x44, 0x54, 0x22, 0x87, 0x22, 0x3A, 0x48, 0x45, 0xB4, 0x1E, 0xC4,
    0xD3, 0xBA, 0x93, 0xB0, 0x8D, 0x1A, 0x09, 0x6B, 0xBF, 0x93, 0xB8, 0xF4, 0x3A, 0x51, 0x85, 0xDB,
    0xCF, 0xC5, 0x70, 0x82, 0xE0, 0x05, 0xAF, 0xB7, 0x37, 0xE3, 0xB1, 0x96, 0x0A, 0x6A, 0xAA, 0xAA,
    0xC4, 0xD1, 0x3A, 0x13, 0xA8, 0x17, 0x7E, 0xD4, 0x5C, 0xA4, 0x3C, 0x97, 0xF3, 0x6A, 0x3F, 0x37,
    0xD9, 0x4A, 0x34, 0x9A, 0x3C, 0xC9, 0xDA, 0xA8, 0xDE, 0xDC, 0x62, 0xDA, 0xF7, 0xB6, 0xFA, 0x7C,
    0x84, 0xCE, 0x25, 0xED, 0x81, 0x06, 0x48, 0xDE, 0x15, 0x94, 0xEA, 0xA9, 0x96, 0x18, 0x2D, 0x0B,
    0x75, 0x0B, 0x0B, 0x8F, 0xA0, 0xD2, 0xE9, 0x44, 0xDC, 0x2E, 0x17, 0x4D, 0x40, 0xAF, 0x2E, 0x73,
    0x19, 0xE4, 0x34, 0xA4, 0x09, 0x9B, 0x3D, 0x40, 0xCF, 0x00, 0x3D, 0x83, 0xB8, 0xFA, 0x15, 0xF4,
    0x7C, 0xE8, 0xA2, 0xC3, 0xE3, 0x3B, 0x85, 0x48, 0xA0, 0x47, 0xB5, 0x22, 0xEB, 0x72, 0xF8, 0x49,
    0xAB, 0x50, 0xA3, 0xF5, 0x14, 0x1A, 0x62, 0x23, 0x4E, 0x94, 0x6C, 0x84, 0xC5, 0x6D, 0x8A, 0x0D,
    0xD9, 0x08, 0x8A, 0x2D, 0x8A, 0x0E, 0xA2, 0x6C, 0x21, 0x5E, 0x34, 0x10, 0x2F, 0x6B, 0x88, 0xEF,
    0x29, 0x76, 0x2B, 0xDC, 0xB7, 0x57, 0x42, 0x3C, 0x2B, 0x20, 0x1E, 0x42, 0xA8, 0x3B, 0x19, 0x54,
    0x45, 0x54, 0x1A, 0x43, 0x54, 0xB1, 0x9E, 0x37, 0xE3, 0x2B, 0xDB, 0x8C, 0xB4, 0x42, 0x33, 0xD2,
    0x1E, 0xCD, 0x48, 0x79, 0x0D, 0x26, 0x21, 0xC2, 0xE7, 0x7A, 0x14, 0x81, 0x11, 0x85, 0xA2, 0xC9,
    0x4D, 0x8A, 0x6E, 0x26, 0x5E, 0xB0, 0x05, 0x3B, 0xB0, 0x1B, 0xEE, 0x52, 0xEC, 0xD1, 0xF8, 0x03,
    0x63, 0xB2, 0xB0, 0xAD, 0xB7, 0x7E, 0xD0, 0x23, 0x09, 0xFF, 0x00, 0x93, 0xE1, 0x9F, 0x60, 0x32,
    0x7C, 0xC0, 0x9F, 0xF7, 0xE0, 0x79, 0x98, 0xAD, 0x53, 0x88, 0x15, 0xFE, 0xEB, 0x87, 0x5A, 0x22,
    0x0D, 0xA1, 0x8C, 0x88, 0x32, 0x25, 0x9B, 0x61, 0xB6, 0x29, 0xDB, 0x61, 0xD6, 0x59, 0xB1, 0x15,
    0xDE, 0x6B, 0x21, 0xEE, 0xD7, 0x10, 0xDF, 0xD4, 0x38, 0xF7, 0xED, 0x68, 0x52, 0xD1, 0xD5, 0x98,
    0x8F, 0x85, 0x14, 0xEE, 0xC0, 0xAE, 0xC3, 0x54, 0x5B, 0x12, 0x43, 0xAA, 0xEF, 0xF4, 0x40, 0x0B,
    0x60, 0x16, 0xB8, 0x35, 0x5A, 0xD9, 0x6D, 0x1B, 0xB8, 0xF5, 0x36, 0xDA, 0x6D, 0xE1, 0x36, 0xEF,
    0x8A, 0x5C, 0xEF, 0xCC, 0x61, 0xF5, 0x7A, 0x40, 0xC0, 0x35, 0x53, 0x01, 0x85, 0x78, 0x83, 0x7C,
    0x0A, 0xDD, 0xB7, 0xC5, 0xAF, 0x6E, 0x63, 0x49, 0x59, 0xF0, 0x98, 0xE7, 0x08, 0xAF, 0x3A, 0x0F,
    0xD4, 0x0C, 0xA5, 0x57, 0xC5, 0xBD, 0x57, 0x85, 0x80, 0xB3, 0xE5, 0x55, 0xF0, 0x63, 0x44, 0x54,
    0x62, 0x0A, 0x14, 0x40, 0x22, 0x41, 0x2B, 0x5F, 0x87, 0x85, 0xC2, 0x44, 0x53, 0x9B, 0x40, 0x3A,
    0xC3, 0x1D, 0xE0, 0x21, 0xF0, 0x1C, 0xE7, 0xF7, 0x71, 0xFD, 0x35, 0xA0, 0x81, 0x1C, 0x48, 0x01,
    0x35, 0x22, 0x06, 0xA2, 0x62, 0xC0, 0xAC, 0xE9, 0x81, 0x16, 0x13, 0x07, 0x7D, 0xE6, 0xB4, 0xF0,
    0xAD, 0xFB, 0x3A, 0xDC, 0xED, 0x36, 0xC2, 0xA7, 0x2D, 0xF4, 0x4A, 0x6A, 0xD1, 0x42, 0x6F, 0x0B,
    0xBD, 0x2D, 0xF4, 0xB6, 0xD0, 0xDB, 0x42, 0x6F, 0x0B, 0xBD, 0x2D, 0xF4, 0xB6, 0xD0, 0xDB, 0x42,
    0xA7, 0x45, 0x0C, 0x44, 0x40, 0x38, 0x22, 0x28, 0x5A, 0xAB, 0x97, 0xF0, 0x1B, 0xAC, 0xAC, 0x1A,
    0x28, 0x31, 0xEA, 0x5C, 0x40, 0x5B, 0x38, 0xAF, 0x2D, 0x78, 0x2C, 0x72, 0x63, 0x90, 0xED, 0x54,
    0x17, 0x40, 0xB5, 0xBD, 0xE9, 0xD7, 0xDB, 0x1B, 0xDE, 0x08, 0xF7, 0x7C, 0x18, 0xF5, 0x18, 0x02,
    0x00, 0xB7, 0xC0, 0x26, 0xEC, 0x09, 0x68, 0xE7, 0xE3, 0x35, 0x9C, 0x6E, 0x23, 0xAC, 0x96, 0x27,
    0x29, 0x97, 0x13, 0xD7, 0xB2, 0x5F, 0x73, 0x55, 0x67, 0x32, 0xFD, 0x84, 0x78, 0x44, 0x22, 0x5E,
    0x8D, 0x7B, 0xF2, 0x1F, 0x9B, 0x99, 0x92, 0xA7, 0xCC, 0x63, 0xBD, 0xC2, 0xDD, 0x9D, 0x2A, 0xA0,
    0x3D, 0xC6, 0xB8, 0xB7, 0x18, 0x10, 0xAF, 0x09, 0x2B, 0x38, 0x16, 0xD6, 0x18, 0x16, 0x0D, 0x22,
    0xD6, 0x30, 0x1A, 0x91, 0x24, 0x47, 0x36, 0xF6, 0x46, 0x6A, 0x4C, 0x0B, 0x78, 0x99, 0x67, 0x74,
    0x35, 0xBB, 0x8E, 0x51, 0xDE, 0x10, 0xF7, 0x00, 0x16, 0x72, 0xB4, 0x21, 0xC2, 0xD2, 0x5E, 0xB3,
    0xE6, 0xAF, 0x81, 0x78, 0xA0, 0x82, 0xBA, 0xB2, 0x0F, 0x24, 0xC7, 0x85, 0xB8, 0xC4, 0x0D, 0x95,
    0x93, 0x6B, 0xAC, 0x4C, 0x5D, 0x29, 0x20, 0x2D, 0xA3, 0x2A, 0xCF, 0xA2, 0x2A, 0x25, 0x70, 0xCC,
    0x73, 0xBC, 0xE6, 0xE8, 0x21, 0x39, 0x4D, 0xB7, 0xE1, 0x73, 0xAD, 0xEB, 0x19, 0x44, 0x41, 0xF5,
    0x7B, 0x60, 0xAA, 0xC3, 0x4D, 0x3E, 0x16, 0x1F, 0xFC, 0xE2, 0xFF, 0x97, 0x5D, 0x5D, 0xD9, 0x18,
    0x75, 0xD5, 0xDA, 0x22, 0xDB, 0xCF, 0x00, 0xCF, 0x4F, 0x46, 0x3A, 0x81, 0x2A, 0xD7, 0xC1, 0x0B,
    0x35, 0x3A, 0x80, 0xF3, 0xE4, 0x91, 0x19, 0x33, 0x0E, 0x19, 0xBB, 0x9E, 0x03, 0xC6, 0xF1, 0x9A,
    0x0E, 0x17, 0x23, 0x09, 0x94, 0x33, 0xB6, 0x30, 0xC8, 0x30, 0x98, 0xB1, 0xD3, 0x19, 0x7F, 0x46,
    0x0C, 0xC7, 0xD0, 0x73, 0x3C, 0x78, 0x0F, 0xEF, 0xE5, 0x33, 0x9E, 0xE9, 0x37, 0x34, 0x90, 0xBA,
    0x4E, 0xB3, 0x87, 0xEB, 0x8E, 0xB5, 0x55, 0xF3, 0x39, 0x46, 0x36, 0xC6, 0xBE, 0x63, 0x76, 0x8C,
    0x6E, 0x5E, 0x7B, 0x4B, 0xF7, 0x19, 0xE3, 0x92, 0x27, 0x61, 0xFD, 0xBE, 0x48, 0xB3, 0xB0, 0x56,
    0xA5, 0x42, 0xB0, 0xD0, 0x05, 0xE6, 0x8D, 0x38, 0x79, 0x73, 0xAA, 0x3D, 0x55, 0xC4, 0xE5, 0xB9,
    0x51, 0xC6, 0x65, 0x5C, 0xC7, 0x25, 0xE6, 0x57, 0xE9, 0x03, 0x92, 0xBF, 0x49, 0x5C, 0x4C, 0x6E,
    0x82, 0x1F, 0xB7, 0xFA, 0x15, 0x26, 0xBF, 0x36, 0xE0, 0xF1, 0x32, 0xBE, 0xBC, 0xED, 0xC7, 0x2B,
    0x99, 0xDA, 0xA2, 0x3F, 0xB4, 0xC3, 0xEF, 0xF9, 0x7C, 0x5E, 0xD2, 0x17, 0x71, 0x31, 0xBE, 0x01,
    0x68, 0xF5, 0xBB, 0xFD, 0x24, 0xFA, 0x5B, 0x5C, 0x44, 0x45, 0x5C, 0x04, 0x59, 0x98, 0x2C, 0x3B,
    0x2E, 0x27, 0x8E, 0x89, 0xC9, 0x1D, 0xE0, 0x8B, 0x87, 0xB5, 0x12, 0x90, 0xCE, 0x33, 0x09, 0x7F,
    0x1F, 0x25, 0x31, 0x6C, 0x86, 0x59, 0x94, 0xAC, 0xCC, 0xA7, 0x4F, 0xB0, 0x4E, 0xD3, 0xDA, 0xFA,
    0xF4, 0xD7, 0x0B, 0xF6, 0xA9, 0xB8, 0x09, 0x06, 0xC4, 0x1C, 0xC3, 0x92, 0x15, 0x50, 0xE2, 0x85,
    0xF8, 0xF3, 0xA1, 0x4D, 0x44, 0x83, 0xEF, 0x9E, 0x27, 0xD1, 0xEE, 0x05, 0xFB, 0xB3, 0x6E, 0x23,
    0x95, 0xF4, 0x63, 0xF2, 0x1B, 0x1D, 0xF1, 0x29, 0x5B, 0x95, 0x4F, 0x37, 0x40, 0x6F, 0x0A, 0x49,
    0x2B, 0x38, 0x34, 0xF9, 0xB1, 0xA3, 0xC9, 0xF3, 0x98, 0x10, 0x08, 0x22, 0x80, 0x46, 0x1C, 0x31,
    0xE0, 0x31, 0x90, 0x67, 0x31, 0x72, 0x82, 0xB4, 0x40, 0x3B, 0x93, 0x00, 0xCF, 0x38, 0x39, 0x6E,
    0xCD, 0x19, 0x32, 0x8D, 0x30, 0x9F, 0xBF, 0xA0, 0x3B, 0x1C, 0x30, 0x91, 0x15, 0xE6, 0xE7, 0x19,
    0xF1, 0x2C, 0x67, 0x3C, 0x1B, 0x10, 0xCF, 0x9C, 0x31, 0x9E, 0x95, 0x8C, 0x67, 0xB3, 0x50, 0x46,
    0x11, 0x8E, 0xF1, 0x0C, 0xA1, 0x8C, 0x42, 0xD9, 0x54, 0xDF, 0x63, 0x28, 0x73, 0xC7, 0x50, 0x76,
    0xD6, 0xF2, 0x5C, 0x3A, 0x9C, 0x1D, 0x73, 0xD3, 0xC3, 0xD3, 0xCC, 0xBC, 0x46, 0x61, 0x7E, 0x5E,
    0xB2, 0x9B, 0x26, 0xFD, 0xC5, 0x4C, 0xB7, 0xB9, 0xF0, 0x8A, 0xDC, 0x0C, 0x31, 0xAC, 0x13, 0x71,
    0xEC, 0xC3, 0xC9, 0x69, 0xF4, 0x33, 0xB1, 0x60, 0x0C, 0xA7, 0x87, 0x74, 0x6E, 0x93, 0xA2, 0xA7,
    0xC0, 0x4E, 0x07, 0x1E, 0xE6, 0x1D, 0x9C, 0xA3, 0x68, 0x20, 0x7C, 0xEC, 0x7C, 0x8E, 0x3F, 0x1A,
    0x63, 0x27, 0x04, 0xE7, 0xAC, 0x40, 0xB6, 0x4F, 0x91, 0x67, 0xEC, 0x5F, 0xCE, 0xCB, 0x89, 0x98,
    0x7F, 0xFC, 0x1E, 0x4C, 0x15, 0xEA, 0xBC, 0xA5, 0xAA, 0x5E, 0x3E, 0x08, 0xBA, 0x27, 0xE8, 0xF7,
    0x46, 0x59, 0x81, 0x6C, 0x4E, 0x51, 0x3D, 0xB7, 0x01, 0x14, 0xC8, 0xF3, 0x45, 0x79, 0x0D, 0x05,
    0x06, 0x44, 0x7D, 0xD1, 0xFF, 0xC0, 0x76, 0x6A, 0xC8, 0x67, 0xDD, 0x3E, 0x38, 0x60, 0x8B, 0x32,
    0x0C, 0x68, 0xE3, 0x22, 0x90, 0xFA, 0x83, 0xF3, 0x38, 0xC4, 0xCD, 0xD8, 0x7E, 0x9A, 0x0E, 0xE3,
    0xCC, 0xB5, 0x08, 0x1A, 0x0B, 0xAD, 0x0D, 0x4A, 0xAD, 0xE3, 0x8A, 0x83, 0x15, 0x34, 0x41, 0x1F,
    0x32, 0xB0, 0x36, 0x42, 0x70, 0x15, 0xA5, 0x43, 0x82, 0x45, 0x55, 0xC0, 0xBD, 0x42, 0x55, 0x69,
    0x81, 0x1C, 0xB7, 0xC8, 0xBF, 0xD4, 0xAD, 0x26, 0x02, 0x20, 0x81, 0x06, 0x20, 0xCF, 0x54, 0x91,
    0x96, 0xC8, 0x82, 0x71, 0x1F, 0x5A, 0x83, 0xA1, 0xE5, 0x30, 0x31, 0xEB, 0xC8, 0x93, 0xCF, 0x1D,
    0xB6, 0x1F, 0x03, 0x8E, 0xD4, 0xED, 0x06, 0x93, 0x95, 0x2B, 0x92, 0x49, 0x8C, 0xC4, 0x3B, 0xDA,
    0x2F, 0xC5, 0x47, 0xB2, 0x6D, 0x76, 0x7E, 0x9F, 0x1D, 0x76, 0xCA, 0x1A, 0x5C, 0x4A, 0x75, 0x87,
    0xE0, 0xDE, 0xE2, 0xF2, 0x6F, 0x39, 0xF9, 0x8C, 0x0F, 0xD5, 0xD4, 0x07, 0x26, 0x22, 0x87, 0xB0,
    0x89, 0x01, 0x12, 0x8F, 0xC6, 0xEB, 0x82, 0xC1, 0xEB, 0x5C, 0x76, 0x4B, 0x0E, 0x04, 0x40, 0x76,
    0x05, 0xDB, 0x0A, 0x85, 0xB5, 0x8B, 0x69, 0x9B, 0xA2, 0x43, 0x42, 0x74, 0x86, 0x37, 0xDA, 0xBA,
    0x6B, 0xFC, 0x2B, 0xE1, 0x5F, 0xA9, 0x40, 0x22, 0xA0, 0x81, 0x12, 0x84, 0x50, 0xEA, 0x04, 0x90,
    0xF1, 0x1B, 0xC8, 0x49, 0x34, 0x98, 0x58, 0xE8, 0x6E, 0x43, 0x34, 0x8E, 0xCE, 0xCB, 0x59, 0xAF,
    0xFE, 0x02, 0x09, 0x30, 0xFC, 0x46, 0x93, 0x7B, 0xD3, 0x65, 0x67, 0x26, 0x23, 0x59, 0x04, 0xD2,
    0x51, 0x98, 0xAE, 0x98, 0x20, 0x99, 0x4E, 0xF2, 0xFB, 0xD8, 0x25, 0x7F, 0x8B, 0xE6, 0x3E, 0x6C,
    0x24, 0x07, 0xF9, 0xE4, 0x66, 0x08, 0xB9, 0x38, 0xC1, 0x65, 0x20, 0xCD, 0xFC, 0x21, 0xAE, 0x7D,
    0x83, 0x7B, 0xEE, 0xE1, 0xDE, 0x2C, 0x2F, 0xEC, 0xB3, 0x31, 0x74, 0x84, 0x6D, 0x9E, 0x05, 0xDD,
    0x75, 0x04, 0x59, 0x6E, 0x33, 0x23, 0x3C, 0xE7, 0x71, 0x7A, 0x3F, 0x9E, 0x24, 0xA4, 0xC5, 0x71,
    0xC4, 0x35, 0xF6, 0x27, 0x20, 0x4E, 0xB4, 0x19, 0x3B, 0x7B, 0xB5, 0x8B, 0x25, 0xF9, 0x0C, 0xB9,
    0xEA, 0x6B, 0x26, 0x9E, 0xD0, 0x03, 0x9B, 0xEA, 0x75, 0x23, 0x6A, 0x0F, 0xE7, 0x77, 0x70, 0xBD,
    0xC0, 0xB8, 0x63, 0xE4, 0x55, 0x11, 0xE1, 0xB9, 0xB0, 0x9B, 0x26, 0x85, 0x41, 0x1B, 0xD5, 0x93,
    0xA4, 0xB0, 0x5B, 0x90, 0x14, 0x0E, 0x63, 0x52, 0xD8, 0x8F, 0x89, 0x5B, 0xCB, 0x24, 0xCF, 0xE1,
    0x32, 0x88, 0xE1, 0xA4, 0xDF, 0x5B, 0x5E, 0x66, 0x1F, 0x71, 0xD9, 0x47, 0xF8, 0x1D, 0x00, 0x51,
    0x7B, 0x24, 0xF9, 0x1C, 0x13, 0xC2, 0xB7, 0x6C, 0x4C, 0xF5, 0xFA, 0x53, 0xBD, 0xEC, 0x88, 0x60,
    0x1C, 0x6B, 0x03, 0x8C, 0x3D, 0x48, 0x07, 0xD7, 0x8B, 0x19, 0x8E, 0x90, 0xC0, 0x25, 0xF9, 0x75,
    0xA2, 0xFD, 0x0B, 0xF2, 0xF5, 0xAC, 0x04, 0x1F, 0x73, 0xBE, 0x1F, 0xD1, 0xD9, 0xC6, 0x72, 0x07,
    0x32, 0xEA, 0x33, 0xC4, 0x01, 0xEA, 0x8C, 0xB0, 0x61, 0x88, 0x78, 0xFD, 0x06, 0x4E, 0xBA, 0xFA,
    0x70, 0x43, 0xE9, 0x0E, 0x3F, 0x4C, 0xA2, 0x1E, 0xEB, 0xA1, 0x25, 0xD5, 0xAE, 0xE5, 0xA7, 0x27,
    0xE1, 0x8A, 0xEB, 0xCB, 0xA2, 0x30, 0x1B, 0x46, 0xAA, 0xF2, 0x3B, 0x6B, 0x47, 0x55, 0xE6, 0x94,
    0xD9, 0xE0, 0x80, 0x27, 0xA0, 0x3E, 0xB3, 0xB3, 0x95, 0xEB, 0x8B, 0xAB, 0xDE, 0xAC, 0xFC, 0x12,
    0x3C, 0x02, 0x42, 0xD5, 0x89, 0x3E, 0xC7, 0x3A, 0x23, 0x27, 0xCF, 0x00, 0xA5, 0xEF, 0x85, 0x9F,
    0xB1, 0xD8, 0x66, 0x92, 0x88, 0x06, 0x94, 0x94, 0x5D, 0x4A, 0x39, 0x2A, 0xAD, 0x18, 0x59, 0xB9,
    0x88, 0x2F, 0xB0, 0xFE, 0xE4, 0xCE, 0xCA, 0x4C, 0x0B, 0xC5, 0xAA, 0xEB, 0x4F, 0x22, 0xD7, 0x6D,
    0x85, 0xC8, 0x63, 0xA8, 0xC4, 0x10, 0x63, 0x53, 0x2F, 0xD7, 0xE4, 0xE2, 0x28, 0x9F, 0x89, 0x26,
    0x4B, 0x49, 0xCC, 0x59, 0x10, 0x5C, 0x4D, 0x24, 0xBA, 0x79, 0x71, 0x94, 0xAF, 0xBC, 0xFA, 0x38,
    0xD2, 0x23, 0xD0, 0x13, 0x1C, 0xBD, 0xB6, 0x69, 0xD1, 0xF6, 0x0A, 0x29, 0x90, 0x12, 0x2C, 0x27,
    0xD8, 0x58, 0xD3, 0xFF, 0x32, 0xB9, 0xAB, 0x59, 0x32, 0x45, 0x4A, 0xEA, 0x65, 0xC8, 0x6E, 0x2D,
    0xFC, 0xF1, 0x9B, 0x21, 0x1C, 0x39, 0xB6, 0xA1, 0x66, 0x52, 0x3A, 0x02, 0x03, 0x29, 0x7B, 0x1F,
    0xD4, 0x8D, 0xA5, 0xA4, 0xB0, 0x92, 0x55, 0x73, 0x52, 0x08, 0xB0, 0x90, 0x4F, 0x98, 0xE2, 0x70,
    0xA6, 0xE3, 0x07, 0x73, 0x73, 0x93, 0xF3, 0x1D, 0xC6, 0x8E, 0x14, 0x27, 0xD2, 0x0C, 0x28, 0x81,
    0x1A, 0x68, 0x80, 0x0E, 0xE8, 0x81, 0x1C, 0x50, 0x5F, 0xD6, 0x69, 0xF4, 0xAC, 0x4E, 0xC3, 0xBF,
    0xD7, 0xA9, 0xFF, 0xBF, 0x3A, 0xF5, 0xE0, 0x9C, 0x03, 0x08, 0x91, 0x02, 0x0A, 0x88, 0x00, 0xEC,
    0x05, 0xA0, 0x8B, 0xCC, 0x63, 0x2A, 0x7B, 0x98, 0xDD, 0xBE, 0x1E, 0x6B, 0x12, 0xBE, 0xB5, 0xF5,
    0x1B, 0xF4, 0x21, 0x2B, 0x3B, 0xAC, 0xBA, 0x6B, 0xB0, 0x0B, 0xFE, 0x12, 0xA4, 0x4E, 0x44, 0x76,
    0x1E, 0x58, 0x67, 0x58, 0x93, 0x92, 0x88, 0xA5, 0xE5, 0x8F, 0x4C, 0x6E, 0x55, 0xCD, 0x92, 0xD6,
    0x9F, 0xFF, 0x72, 0x26, 0x6C, 0x0E, 0x4B, 0xA1, 0x8E, 0x26, 0xB2, 0x7A, 0x9E, 0xC8, 0xF6, 0xF3,
    0xFA, 0x53, 0xC7, 0x44, 0xB6, 0x3D, 0x9E, 0xC8, 0x1E, 0xAB, 0x3F, 0x4D, 0x13, 0x59, 0x91, 0x47,
    0xB6, 0x1B, 0x53, 0x7C, 0x7F, 0x3E, 0xA3, 0xD9, 0xCC, 0x6C, 0x17, 0xE5, 0xCF, 0x23, 0x78, 0x8C,
    0x73, 0x4B, 0x27, 0xB5, 0xE0, 0x3F, 0xB1, 0x1B, 0x5D, 0x74, 0x34, 0x49, 0x93, 0x47, 0xC3, 0xF1,
    0x1A, 0xFA, 0xE5, 0xA4, 0xB7, 0x48, 0xE9, 0xEC, 0x8B, 0x0C, 0xF0, 0x7A, 0xC2, 0x47, 0x12, 0xCB,
    0xEC, 0xE2, 0x25, 0x17, 0x95, 0xE8, 0x1A, 0x46, 0xD9, 0xE2, 0x54, 0x42, 0xC3, 0x06, 0xF6, 0xDC,
    0x8C, 0x51, 0xD0, 0x2D, 0x0E, 0x82, 0xD6, 0x1B, 0x26, 0xB1, 0x35, 0x83, 0x72, 0xD0, 0xC6, 0x18,
    0x40, 0x05, 0xC6, 0x48, 0xC1, 0x1C, 0xBA, 0x57, 0x4F, 0x87, 0x5E, 0xED, 0xFE, 0x67, 0x50, 0x7B,
    0xFF, 0x1E, 0xD4, 0xF3, 0x97, 0x83, 0xDA, 0xDF, 0x19, 0x94, 0xBE, 0xDF, 0x2B, 0x8D, 0x80, 0x0E,
    0x26, 0x89, 0x3A, 0x8C, 0x3A, 0xEB, 0x4C, 0x4C, 0x06, 0x30, 0x3C, 0xE1, 0xFE, 0x81, 0xAC, 0x19,
    0x47, 0x16, 0xDA, 0xFC, 0x11, 0x12, 0x88, 0x2D, 0xB2, 0x97, 0xAD, 0x60, 0xC5, 0x08, 0xE2, 0xB4,
    0x87, 0x15, 0xBD, 0x03, 0x7B, 0x7B, 0x6F, 0x60, 0x07, 0xB6, 0xF4, 0x0E, 0x88, 0xFE, 0x8B, 0x2E,
    0x1A, 0x10, 0xC4, 0xBB, 0xA8, 0x09, 0xEC, 0x70, 0x66, 0xD1, 0x57, 0x07, 0xE2, 0x98, 0x5A, 0x29,
    0x66, 0xB1, 0x5F, 0x6E, 0x71, 0x0E, 0x91, 0xA6, 0x3B, 0x96, 0x43, 0x9F, 0x84, 0x98, 0x1A, 0x37,
    0xE7, 0xFD, 0x78, 0x59, 0x55, 0x54, 0x17, 0xB3, 0x28, 0xBC, 0xD7, 0x48, 0xF4, 0x4F, 0x3B, 0x17,
    0x9C, 0x2E, 0xCE, 0xE4, 0x77, 0xD7, 0x56, 0xB3, 0x1F, 0x63, 0xB2, 0x62, 0x03, 0x1C, 0xEB, 0x77,
    0x0E, 0x9B, 0xE9, 0xB6, 0x61, 0x71, 0xD9, 0x85, 0x62, 0xB4, 0xDA, 0xC1, 0x0D, 0x1E, 0x48, 0xC7,
    0xAF, 0x73, 0x2C, 0x25, 0xB5, 0x12, 0xF7, 0xD6, 0xC0, 0x02, 0xD1, 0xAF, 0x6B, 0x89, 0x91, 0x5B,
    0x07, 0xF5, 0x00, 0xD7, 0xA0, 0xF7, 0xF1, 0x47, 0xD3, 0x22, 0x71, 0x39, 0xC7, 0x49, 0xE4, 0x6C,
    0x89, 0xDF, 0x62, 0x01, 0x79, 0x1F, 0x29, 0x12, 0x9F, 0x32, 0x54, 0x72, 0xF7, 0x15, 0x5F, 0x0E,
    0xD2, 0x1F, 0x66, 0xF1, 0x08, 0x76, 0x2C, 0x78, 0x84, 0xB5, 0x4E, 0x82, 0xC3, 0x42, 0x08, 0x90,
    0x27, 0x63, 0x8D, 0xB8, 0x71, 0xCC, 0xFE, 0xCD, 0x63, 0x6E, 0x79, 0x97, 0x15, 0x02, 0xEC, 0x29,
    0x74, 0x6D, 0x62, 0x6A, 0xF8, 0x02, 0x28, 0xB6, 0xE7, 0x7E, 0x68, 0x93, 0x8B, 0x8D, 0x38, 0x29,
    0x83, 0xC2, 0x5A, 0x9D, 0x63, 0x51, 0x96, 0x05, 0x5B, 0x33, 0x2C, 0x1A, 0x8F, 0x65, 0x7D, 0x38,
    0xC7, 0x78, 0xAC, 0xB4, 0x68, 0x7F, 0x05, 0x91, 0xEE, 0xB6, 0x5F, 0x4A, 0xFA, 0x00, 0x2C, 0xF4,
    0x12, 0x63, 0x52, 0x3F, 0x31, 0x85, 0xBC, 0x95, 0x14, 0xED, 0x17, 0xF5, 0xD1, 0x05, 0xF8, 0xE1,
    0xA0, 0x43, 0x03, 0x5D, 0x19, 0xD3, 0xF1, 0x4E, 0x2B, 0x71, 0xD2, 0xAD, 0xC6, 0x07, 0xD0, 0x9C,
    0x07, 0x96, 0x0B, 0x58, 0xD4, 0x26, 0xC7, 0x3D, 0xC1, 0xA6, 0xE5, 0xBA, 0x9B, 0x5C, 0xD8, 0x8B,
    0x87, 0xD3, 0xEC, 0x2D, 0xFB, 0xE2, 0x81, 0x54, 0x96, 0x9A, 0x02, 0x4F, 0x46, 0x1E, 0x3B, 0x42,
    0x63, 0xAB, 0xF6, 0x63, 0x91, 0xAD, 0x25, 0x7D, 0x60, 0x39, 0x46, 0x79, 0x48, 0x18, 0x1F, 0x34,
    0x66, 0xBE, 0x22, 0x1F, 0xC5, 0x7C, 0xBD, 0x3E, 0x99, 0x57, 0x95, 0xA9, 0xDF, 0x60, 0x4E, 0x64,
    0x08, 0xFC, 0xE5, 0x58, 0x0F, 0x18, 0xC1, 0x63, 0x53, 0xF7, 0xC9, 0xEC, 0x3D, 0xE0, 0xDA, 0x5D,
    0xBE, 0xED, 0x67, 0xED, 0x80, 0x55, 0x21, 0xFE, 0xC5, 0x95, 0x4D, 0x54, 0x43, 0x26, 0xAF, 0xDD,
    0xD5, 0xB1, 0xFC, 0xA3, 0xF6, 0x40, 0xD3, 0xFF, 0xA0, 0x3D, 0x24, 0x0E, 0xE5, 0x4F, 0x8D, 0x2D,
    0x70, 0x2C, 0x13, 0x6B, 0xAB, 0xAF, 0x74, 0x16, 0x26, 0xAF, 0x0B, 0x93, 0x5A, 0xC3, 0x57, 0x8D,
    0xE5, 0xAB, 0xB2, 0x3F, 0xC2, 0x57, 0xAB, 0xF6, 0x43, 0xEE, 0x72, 0x2D, 0xB6, 0xB0, 0xD7, 0xDB,
    0xB5, 0x58, 0xAA, 0x95, 0xF8, 0xE0, 0x82, 0xAF, 0x42, 0xF2, 0xD5, 0xF7, 0x73, 0xBE, 0x4A, 0x64,
    0xFD, 0xEA, 0x85, 0xBD, 0xCC, 0x3A, 0xCD, 0xDE, 0xD2, 0x2F, 0x17, 0x4E, 0xE1, 0xAB, 0x95, 0xBF,
    0x94, 0x5B, 0x60, 0x6B, 0x69, 0x1F, 0xF2, 0x03, 0x19, 0x6B, 0xA0, 0x99, 0xAA, 0xFC, 0x24, 0x1D,
    0x2B, 0x9B, 0xFC, 0x56, 0xDC, 0xA8, 0x82, 0xD2, 0x7C, 0xD6, 0x95, 0x59, 0xB8, 0xF3, 0xB5, 0x7D,
    0x3B, 0x34, 0xBE, 0x6C, 0x20, 0x6E, 0xE1, 0x37, 0x63, 0x7D, 0x6A, 0x5E, 0x30, 0xBC, 0x9A, 0xD4,
    0x9C, 0xEC, 0x80, 0x7B, 0x2C, 0x87, 0x30, 0xC9, 0xC9, 0xCD, 0xC6, 0x34, 0x63, 0x4A, 0x18, 0x57,
    0x6B, 0x89, 0xA1, 0x64, 0x96, 0x61, 0x70, 0x9D, 0xFF, 0x7D, 0x83, 0x0D, 0x6E, 0x82, 0xDD, 0x26,
    0xAD, 0x9B, 0xBA, 0xC8, 0xA7, 0x20, 0xD6, 0x71, 0x9E, 0x61, 0xFF, 0xBC, 0x58, 0x2F, 0xAE, 0x0F,
    0x33, 0x98, 0xAC, 0x7C, 0x59, 0xCC, 0x5F, 0x17, 0xD4, 0xE3, 0x6E, 0xA7, 0xB6, 0x1D, 0xF2, 0x93,
    0xC3, 0xEA, 0xD0, 0x0C, 0xD3, 0xF8, 0x7C, 0xFC, 0xDA, 0x14, 0x87, 0x09, 0x41, 0xB6, 0xCE, 0xFA,
    0xB5, 0x29, 0xBA, 0x04, 0x7A, 0x52, 0xC9, 0x1C, 0xFF, 0xE7, 0x80, 0x29, 0x21, 0xD2, 0x6E, 0x6E,
    0xBA, 0xF3, 0xF1, 0x05, 0xCF, 0x2D, 0xF3, 0x82, 0x47, 0x8D, 0x9B, 0xF3, 0x68, 0xBE, 0x49, 0x67,
    0x8D, 0xC9, 0x33, 0xFF, 0x53, 0x65, 0xFE, 0xAF, 0x0A, 0x89, 0x26, 0xC7, 0x26, 0x1E, 0xC7, 0x25,
    0x18, 0x77, 0xBC, 0xA6, 0x48, 0x57, 0x9B, 0x3E, 0xC5, 0xAE, 0x34, 0x47, 0x17, 0xD1, 0x3C, 0xCB,
    0x59, 0x37, 0xB8, 0x81, 0x36, 0x4D, 0xE9, 0xE5, 0x96, 0x3F, 0x69, 0xA8, 0x29, 0x7F, 0xB1, 0xE6,
    0xD6, 0x9A, 0x5D, 0x17, 0xE7, 0x9C, 0xC3, 0xBA, 0x15, 0x6B, 0xD9, 0x32, 0x0D, 0x8A, 0xAC, 0xA5,
    0x61, 0x6E, 0xA6, 0x3D, 0x68, 0xBB, 0x01, 0x32, 0x49, 0xFF, 0x28, 0xE7, 0xA8, 0x0F, 0xDB, 0xFC,
    0x66, 0x21, 0xC0, 0xF3, 0x73, 0x9C, 0x75, 0x2F, 0xF0, 0x4E, 0xF5, 0x61, 0xD6, 0x7E, 0x67, 0x1C,
    0x59, 0xB2, 0xDA, 0xAF, 0x66, 0x6B, 0xA3, 0x3A, 0x0F, 0xFE, 0x0F, 0x63, 0xFA, 0xCB, 0x20, 0xFF,
    0xFF, 0x80, 0xFD, 0xFF, 0x07, 0xF5, 0xDC, 0x1F, 0xF6, 0x31, 0x7F, 0x00, 0x00, 0xC5, 0x5C, 0x31,
    0x8F, 0xDC, 0x48, 0x76, 0x2E, 0x92, 0xBE, 0xE1, 0x7A, 0x89, 0x3B, 0x66, 0xC6, 0xFA, 0x04, 0x83,
    0x0E, 0x36, 0xB8, 0x85, 0x81, 0x63, 0x72, 0xC9, 0x05, 0x16, 0xB9, 0x50, 0xA0, 0x40, 0x81, 0x9C,
    0x39, 0x5C, 0x85, 0x07, 0x1C, 0x8C, 0xD9, 0x70, 0x93, 0x11, 0xB9, 0x9A, 0x60, 0x03, 0x05, 0x33,
    0xBF, 0xC0, 0xAB, 0xC0, 0x0E, 0x1C, 0x18, 0x4E, 0x2E, 0xF0, 0x01, 0xD2, 0x90, 0xB7, 0x13, 0x28,
    0x70, 0x20, 0xDA, 0x0A, 0x36, 0xB8, 0xE0, 0xB8, 0xD8, 0x05, 0xCE, 0xD9, 0x51, 0x2B, 0x2E, 0x44,
    0x59, 0x24, 0xCB, 0xDF, 0xF7, 0x8A, 0x64, 0xB3, 0x5B, 0xDD, 0x3D, 0x33, 0xEA, 0x96, 0x6E, 0x1A,
    0x5F, 0xA9, 0x9B, 0x2C, 0x56, 0x15, 0x8B, 0xAF, 0xDE, 0xFB, 0xDE, 0x7B, 0x45, 0xA9, 0x3B, 0x4A,
    0xA9, 0x56, 0x29, 0x5B, 0xA7, 0xCA, 0xD2, 0x95, 0x52, 0x41, 0xA9, 0x94, 0x95, 0xAB, 0xF1, 0x4F,
    0x6B, 0x1D, 0x4F, 0xE0, 0xEF, 0x55, 0xE8, 0x6E, 0x81, 0x75, 0xE7, 0x4D, 0x1B, 0xF9, 0x88, 0x20,
    0x7E, 0xA8, 0xA2, 0xAF, 0x7A, 0x40, 0x2B, 0x7E, 0x5F, 0xFD, 0xDB, 0x77, 0x7F, 0x09, 0xA0, 0x16,
    0x85, 0xD3, 0xE1, 0xFC, 0xDA, 0x42, 0xF7, 0x31, 0x0A, 0xCC, 0x00, 0x8A, 0x16, 0xC7, 0xDC, 0x9E,
    0x27, 0xF4, 0xEB, 0x85, 0xCD, 0x13, 0x51, 0xC7, 0xA2, 0x61, 0x51, 0xE0, 0xEA, 0xBF, 0x04, 0x22,
    0xCC, 0x1B, 0x26, 0xD1, 0xD3, 0xB1, 0xF2, 0x6A, 0x34, 0x18, 0x4F, 0xF7, 0xC4, 0x16, 0x27, 0x60,
    0xAE, 0xDF, 0x04, 0x5A, 0xF7, 0x13, 0xD4, 0x81, 0x2E, 0x55, 0xA4, 0x3B, 0x8B, 0xED, 0xF5, 0xF1,
    0xAF, 0xFC, 0x06, 0x8F, 0x0D, 0x8F, 0x2E, 0xC4, 0x50, 0x22, 0x3C, 0xBA, 0x48, 0xEB, 0x05, 0x72,
    0x73, 0x8C, 0xE7, 0x58, 0x87, 0x75, 0x5D, 0x5C, 0x63, 0xF3, 0x2E, 0x33, 0x4C, 0xA2, 0xA7, 0x1F,
    0xA8, 0xEC, 0xA5, 0x72, 0xF9, 0x6C, 0xB4, 0x4E, 0xA3, 0xD2, 0x8D, 0x13, 0xD4, 0x4F, 0x52, 0x80,
    0xD7, 0xB2, 0x6D, 0x7D, 0x8A, 0xF3, 0x98, 0xA5, 0x0C, 0xF7, 0xE7, 0x6A, 0xB4, 0x94, 0xB0, 0xA5,
    0x09, 0x1F, 0xE1, 0x37, 0xFA, 0x2A, 0x30, 0xC3, 0xB1, 0xA7, 0xBF, 0x63, 0xBF, 0xD5, 0x08, 0xC5,
    0xF9, 0x79, 0x03, 0xCC, 0xDB, 0x70, 0x8B, 0x10, 0xBD, 0x64, 0x29, 0x90, 0xF3, 0xFB, 0xEA, 0xDF,
    0xDE, 0xFB, 0xC3, 0xBD, 0x8C, 0x30, 0x33, 0x77, 0x59, 0x44, 0xC5, 0x07, 0x98, 0xED, 0xE8, 0x63,
    0x9D, 0x26, 0x32, 0xFF, 0x2D, 0x1E, 0xD5, 0x29, 0xA6, 0xB8, 0x5A, 0xE0, 0xE9, 0x2A, 0xF4, 0x29,
    0x50, 0x03, 0xAD, 0xF7, 0xF4, 0x59, 0x87, 0x63, 0x67, 0x40, 0xE2, 0x9F, 0x4F, 0x38, 0x8B, 0x8E,
    0x9F, 0x75, 0xFA, 0x86, 0x6E, 0xCF, 0x1C, 0x5D, 0xDF, 0xC1, 0x42, 0x3D, 0xF2, 0x73, 0xB5, 0x19,
    0x7D, 0x9C, 0x98, 0x67, 0x51, 0x25, 0xFA, 0x71, 0x7D, 0xE4, 0x7F, 0xD5, 0x1C, 0xF9, 0xBF, 0x6B,
    0x17, 0xE0, 0x6F, 0x1E, 0xD7, 0x15, 0x50, 0x1C, 0x79, 0xBD, 0xAC, 0x8C, 0x11, 0x5C, 0x0C, 0x4B,
    0xC0, 0x33, 0x05, 0x4A, 0xA0, 0x76, 0x3A, 0xBF, 0xC1, 0xC2, 0x68, 0x9D, 0xCE, 0xD9, 0x0A, 0xA5,
    0xA0, 0x54, 0x6C, 0xEA, 0x12, 0x7C, 0xCD, 0x1A, 0x23, 0x4C, 0x3F, 0x5B, 0x3C, 0xAF, 0x2C, 0x0D,
    0xF0, 0x34, 0xA3, 0x32, 0x4B, 0x93, 0x3C, 0x4B, 0x75, 0x9C, 0xDD, 0xEB, 0x55, 0xF6, 0x05, 0xC4,
    0xF1, 0xA4, 0x56, 0x59, 0x56, 0x8A, 0x98, 0x65, 0x58, 0x46, 0x19, 0xA6, 0x3F, 0xCB, 0x70, 0xEC,
    0x04, 0xE7, 0x8E, 0x51, 0xE7, 0x73, 0xD4, 0x4D, 0xB3, 0xDC, 0x5C, 0x1B, 0x52, 0x22, 0x9A, 0x2C,
    0xF5, 0x5A, 0xF5, 0x81, 0x59, 0x7E, 0x0A, 0xD7, 0xAA, 0x04, 0x7D, 0xBA, 0xE8, 0x53, 0x7D, 0x3A,
    0xF5, 0x97, 0x28, 0xAF, 0x4A, 0x20, 0x41, 0x89, 0x8A, 0x80, 0x04, 0xC0, 0xDC, 0x40, 0xD9, 0x25,
    0x0E, 0xE0, 0xBE, 0xC2, 0x24, 0xFF, 0xBE, 0x4A, 0x82, 0xFF, 0xAA, 0x92, 0xE8, 0x56, 0x95, 0x9C,
    0xA1, 0x6E, 0x0B, 0x34, 0x40, 0x0D, 0x54, 0x40, 0x01, 0xE4, 0x40, 0xCC, 0x76, 0xBC, 0xCA, 0xFA,
    0xCD, 0x4F, 0x62, 0x65, 0xB7, 0x41, 0x8E, 0x05, 0x0F, 0x9D, 0x82, 0x71, 0xA2, 0x13, 0xAE, 0xF9,
    0x95, 0xBF, 0x2C, 0xB7, 0x21, 0x04, 0x85, 0xA3, 0x55, 0x58, 0x62, 0x2E, 0xFD, 0xCA, 0x6D, 0xB1,
    0xFE, 0x30, 0x5E, 0xB7, 0xF5, 0x6B, 0xCC, 0x2E, 0x57, 0x8F, 0x0E, 0x31, 0xE6, 0x2C, 0xA1, 0xEC,
    0xB0, 0xA9, 0x10, 0xB7, 0xAE, 0x7C, 0xB6, 0xE7, 0xEA, 0x49, 0x35, 0xB5, 0x43, 0xF3, 0x1F, 0xC8,
    0x22, 0xD7, 0x52, 0x17, 0xDA, 0xE5, 0x5A, 0x23, 0x73, 0x39, 0xAC, 0x8C, 0x5D, 0x00, 0x59, 0x19,
    0xA1, 0x42, 0x8E, 0x62, 0x0D, 0xA8, 0x38, 0xE4, 0x81, 0xAA, 0x90, 0x83, 0x8A, 0x7A, 0x4E, 0x6C,
    0x86, 0xE2, 0x2C, 0xC1, 0x58, 0xBA, 0x08, 0xE3, 0x6E, 0xA1, 0x68, 0xEC, 0x16, 0x95, 0x9D, 0x26,
    0x28, 0x94, 0x53, 0xFB, 0xA5, 0x72, 0x6B, 0x9F, 0x72, 0xAF, 0x6B, 0xDC, 0x94, 0x6E, 0xA0, 0x49,
    0xB0, 0x24, 0xC2, 0x02, 0x77, 0x14, 0x51, 0xD2, 0xA2, 0x1C, 0xCA, 0x34, 0xC9, 0x2D, 0x8D, 0xDB,
    0xB0, 0x44, 0x5F, 0xC5, 0x13, 0x06, 0xBD, 0x35, 0xC1, 0xE8, 0x15, 0x9E, 0x2B, 0xA2, 0x1C, 0xFA,
    0x26, 0xF7, 0x01, 0xAF, 0x5E, 0x80, 0xBF, 0x8D, 0x1E, 0x62, 0xBD, 0xBF, 0x43, 0xFD, 0xD0, 0x5C,
    0x43, 0xE4, 0x38, 0x87, 0xEB, 0x42, 0x20, 0xE0, 0xBF, 0xF8, 0x0D, 0x29, 0x82, 0x2E, 0x35, 0x60,
    0x9B, 0x21, 0xDB, 0x9C, 0xB7, 0x07, 0x1C, 0x2E, 0xB5, 0xB7, 0x77, 0x3D, 0xCE, 0xD9, 0x18, 0xD1,
    0xBB, 0xCB, 0xE8, 0x0C, 0x2C, 0xA2, 0x75, 0x5B, 0x1B, 0x70, 0x88, 0xC6, 0x6D, 0xDD, 0xDA, 0x85,
    0x84, 0x42, 0x88, 0x4A, 0xB7, 0xC5, 0x33, 0xD3, 0x13, 0x62, 0xB5, 0x16, 0x7B, 0xB7, 0xA9, 0x2E,
    0x97, 0x92, 0x5B, 0x9D, 0xA9, 0xF0, 0x66, 0x05, 0x91, 0x7E, 0xFC, 0xAC, 0x51, 0xDE, 0xE3, 0xEF,
    0x21, 0xD2, 0x7F, 0x7C, 0x5E, 0x29, 0xFB, 0xC5, 0xAB, 0x82, 0xF5, 0xD3, 0x61, 0x61, 0xB0, 0x90,
    0x75, 0xE2, 0xF0, 0x84, 0xCB, 0x2A, 0xFE, 0xD7, 0xCF, 0x6B, 0x73, 0x59, 0xF8, 0x05, 0x1A, 0x88,
    0x6E, 0x56, 0x9D, 0x69, 0x4F, 0x5A, 0xCE, 0x58, 0x58, 0xB0, 0x49, 0x90, 0x96, 0xDC, 0xA7, 0x3E,
    0x8E, 0x03, 0x5A, 0xAD, 0xD6, 0xC0, 0xC3, 0xF7, 0xB0, 0x46, 0x07, 0xA5, 0x74, 0x42, 0x99, 0x55,
    0x1E, 0x19, 0x0C, 0xC4, 0xD2, 0xEA, 0xD9, 0x17, 0xBE, 0xF7, 0x3F, 0x89, 0xAF, 0x75, 0x21, 0x44,
    0x0E, 0xCF, 0xAE, 0x3C, 0x40, 0x5B, 0xFB, 0xD6, 0x01, 0x07, 0xC5, 0x2F, 0xA5, 0x45, 0xD8, 0x08,
    0x70, 0xA7, 0xD6, 0xA8, 0xFF, 0xD9, 0xDF, 0xBE, 0xFB, 0xDB, 0xBB, 0xCE, 0x4C, 0xF0, 0xB0, 0x27,
    0xDC, 0xE8, 0x54, 0xE6, 0xBC, 0x0E, 0x3D, 0xA0, 0x77, 0x3A, 0xAB, 0x33, 0xDA, 0x9D, 0xDA, 0x3F,
    0x84, 0x15, 0xC8, 0x2A, 0xA0, 0x70, 0xBA, 0x24, 0x76, 0xBA, 0xCF, 0xA8, 0xCB, 0x0A, 0xA7, 0x81,
    0x82, 0x6B, 0x82, 0xCA, 0x6B, 0x82, 0xDA, 0x6F, 0x83, 0x26, 0x68, 0xC3, 0x87, 0x61, 0x1B, 0x1E,
    0x5D, 0x6F, 0xC3, 0xBB, 0x47, 0x6D, 0x78, 0xF8, 0xB0, 0x8D, 0x3E, 0x69, 0xBA, 0xE8, 0x76, 0xDD,
    0xE1, 0x96, 0x3B, 0x3E, 0xF3, 0x28, 0x56, 0x44, 0xBF, 0x0E, 0x57, 0xD1, 0x59, 0x97, 0xD1, 0x71,
    0x2A, 0x78, 0x29, 0x42, 0x49, 0x5B, 0xE6, 0x73, 0x84, 0x18, 0x2B, 0x15, 0x11, 0x54, 0x50, 0x37,
    0xA0, 0x5F, 0x41, 0x47, 0x1D, 0xC5, 0x3A, 0xAC, 0xCB, 0x6B, 0x78, 0xAD, 0x45, 0x99, 0x43, 0x5B,
    0x57, 0xED, 0xFF, 0x22, 0xAC, 0xD1, 0x6F, 0xA3, 0x2E, 0x6A, 0x16, 0xFA, 0x68, 0xA1, 0xDF, 0xA4,
    0xFE, 0xAA, 0x8E, 0x9C, 0x01, 0xC4, 0xE3, 0xBB, 0xB5, 0x1C, 0xB1, 0x1C, 0x28, 0xCF, 0x9A, 0x6B,
    0x96, 0x39, 0xA2, 0x9A, 0x73, 0xC4, 0xEF, 0xD0, 0x67, 0x3F, 0x42, 0xC1, 0x7A, 0xED, 0x8A, 0x77,
    0x61, 0x1B, 0x95, 0x5B, 0x19, 0x1C, 0xF6, 0x58, 0xA3, 0x3A, 0x87, 0x1D, 0xAA, 0xFC, 0x3F, 0xBE,
    0x68, 0xC2, 0xC7, 0xCF, 0x5A, 0x91, 0x3F, 0xB7, 0xEA, 0xA9, 0x76, 0x66, 0xE8, 0x79, 0x9C, 0xE7,
    0x59, 0x8F, 0xF5, 0x6D, 0x72, 0x40, 0x5C, 0x3F, 0xB6, 0x15, 0x15, 0x30, 0x59, 0x41, 0x85, 0x7E,
    0xFD, 0x1A, 0xFD, 0x62, 0xB4, 0xF0, 0x18, 0x3A, 0xCE, 0x9C, 0x8E, 0x46, 0x8D, 0x27, 0xB6, 0x31,
    0xE4, 0xC8, 0xFC, 0x85, 0xBD, 0x34, 0xAA, 0x30, 0x86, 0x7A, 0x8A, 0xE8, 0x86, 0xE0, 0xD6, 0xE4,
    0x5A, 0xB4, 0x02, 0xB3, 0xC8, 0xBB, 0xC7, 0x64, 0x4C, 0xC6, 0x30, 0x2C, 0x76, 0x06, 0x74, 0xDF,
    0x08, 0x4C, 0xD3, 0x5A, 0x6C, 0x93, 0xC7, 0x64, 0x80, 0xD8, 0xD5, 0xD2, 0xAF, 0xA0, 0x8B, 0x2B,
    0xCE, 0x87, 0x95, 0xE9, 0x25, 0xEE, 0x3F, 0x07, 0x28, 0xD8, 0xDD, 0xAD, 0x70, 0xAB, 0x8B, 0x31,
    0x93, 0xB3, 0x88, 0x9E, 0xE9, 0x65, 0x0A, 0xAF, 0xBC, 0x42, 0xA1, 0x0D, 0x23, 0x18, 0x8A, 0x81,
    0x39, 0x6E, 0x28, 0x12, 0x3C, 0xBA, 0x11, 0xAF, 0x33, 0xE3, 0x9E, 0x8C, 0xA0, 0x30, 0xCC, 0x38,
    0x18, 0xD9, 0xEF, 0xFC, 0xD3, 0xCA, 0x71, 0xCC, 0x1A, 0xEB, 0xD1, 0xA2, 0xC1, 0x6B, 0xAC, 0x37,
    0x41, 0x37, 0x80, 0xBE, 0x01, 0x9C, 0xD7, 0x5D, 0xF8, 0x6D, 0xDD, 0x79, 0xCF, 0xEB, 0xCE, 0x9D,
    0x81, 0xBF, 0x83, 0xA7, 0x72, 0x9E, 0xF5, 0x0E, 0x51, 0x7F, 0x9B, 0x06, 0x58, 0xD6, 0x28, 0x19,
    0x9E, 0x64, 0x30, 0xD3, 0x2A, 0xFC, 0x37, 0x18, 0x19, 0x53, 0x4E, 0x96, 0x44, 0x86, 0x43, 0x6F,
    0x05, 0x4A, 0x43, 0xAE, 0xFB, 0x6B, 0xAC, 0x51, 0x08, 0xEF, 0xF0, 0x74, 0x5D, 0x63, 0x81, 0xE7,
    0x8C, 0x85, 0x10, 0x49, 0xE2, 0x39, 0xD6, 0x09, 0xAB, 0x9F, 0x59, 0x19, 0xDB, 0x82, 0x07, 0xD2,
    0x42, 0x69, 0x9C, 0x72, 0x06, 0xD3, 0x08, 0x96, 0x2F, 0x72, 0x60, 0x89, 0x9D, 0xAA, 0x8D, 0xDC,
    0xB2, 0xC3, 0x53, 0x78, 0x04, 0x9C, 0x09, 0xF4, 0x0C, 0xDE, 0x12, 0x1E, 0x49, 0x5D, 0x5E, 0xC3,
    0x6B, 0x61, 0x39, 0xD1, 0x56, 0x81, 0x46, 0xFF, 0x17, 0xAB, 0xA8, 0xA5, 0x66, 0x72, 0x7B, 0xA7,
    0xF5, 0x1A, 0x6A, 0xE7, 0x01, 0xF8, 0xEE, 0xE1, 0x18, 0x2C, 0xB2, 0x9C, 0x57, 0x1C, 0x44, 0x72,
    0x8C, 0x71, 0x3A, 0xAD, 0xCD, 0x67, 0x81, 0x8F, 0x57, 0x9B, 0xBA, 0xD0, 0x39, 0xD0, 0xFC, 0x4E,
    0xFB, 0x3E, 0xEE, 0x19, 0x0C, 0x83, 0x0C, 0x35, 0xFD, 0x91, 0xB9, 0x5F, 0xEA, 0xC0, 0x12, 0x52,
    0x5E, 0xE2, 0x78, 0x49, 0xF6, 0x90, 0x14, 0x01, 0x2C, 0x67, 0x50, 0x26, 0x04, 0xBE, 0xF3, 0x98,
    0x2F, 0x96, 0xA0, 0x87, 0xA2, 0xF9, 0x2B, 0xAC, 0x63, 0x30, 0x91, 0x44, 0x34, 0x05, 0x3C, 0xC7,
    0x7F, 0x15, 0x05, 0x27, 0xBE, 0xE0, 0xEF, 0x1B, 0x61, 0x9F, 0xF4, 0xAA, 0x32, 0x5C, 0x89, 0x99,
    0xA9, 0x8C, 0x05, 0x86, 0x25, 0xCF, 0x7D, 0x41, 0x82, 0x67, 0x90, 0x90, 0x79, 0x96, 0x51, 0x19,
    0xD6, 0x19, 0xD9, 0x4E, 0x4A, 0xB9, 0x52, 0x49, 0xA9, 0x0E, 0x85, 0xE0, 0x90, 0x95, 0x69, 0x05,
    0xDE, 0x06, 0x9B, 0x9F, 0x00, 0xC2, 0xE2, 0x86, 0xE9, 0xE7, 0xF1, 0x2C, 0x27, 0x57, 0x36, 0xC8,
    0x72, 0xC3, 0xF2, 0x7A, 0xF5, 0x6B, 0x09, 0x10, 0xC8, 0x73, 0x35, 0xD8, 0x26, 0x27, 0x9B, 0x2C,
    0x48, 0x06, 0xD6, 0x3E, 0xE2, 0x0C, 0xBA, 0xAE, 0x07, 0xBA, 0x01, 0x98, 0x49, 0x0B, 0xB0, 0x39,
    0xA3, 0x8D, 0x57, 0xBB, 0x95, 0x07, 0xDE, 0x02, 0xB9, 0x9A, 0xAF, 0xDE, 0x54, 0x2D, 0x41, 0x1D,
    0x0A, 0x83, 0xE6, 0x7C, 0xE7, 0xB8, 0xDF, 0x22, 0xC9, 0x8D, 0xA6, 0xD1, 0x60, 0x38, 0x18, 0x77,
    0x3D, 0x02, 0x8C, 0x55, 0x1C, 0xC6, 0xA8, 0xB6, 0x38, 0x1F, 0xB9, 0x63, 0x34, 0x70, 0x0C, 0x6E,
    0x98, 0x19, 0xAA, 0x18, 0x40, 0x3F, 0x83, 0x3E, 0x82, 0x70, 0x0A, 0x9B, 0x74, 0xE6, 0x84, 0x33,
    0x36, 0xDF, 0xEC, 0x57, 0x38, 0xE6, 0xBC, 0x78, 0x51, 0x2A, 0xEF, 0x6B, 0x12, 0xCE, 0xC7, 0xDF,
    0xAF, 0x70, 0xCD, 0x4C, 0x5D, 0x13, 0x0F, 0xA1, 0x27, 0xCB, 0x8C, 0x7F, 0x2C, 0xCF, 0x3E, 0x92,
    0xB8, 0x87, 0x3D, 0x30, 0x3A, 0xFC, 0x1B, 0x9B, 0x18, 0x88, 0xF1, 0xEE, 0x3F, 0xC2, 0xF7, 0x71,
    0xAD, 0xFC, 0x14, 0xD7, 0xC2, 0x6F, 0x88, 0xC1, 0xE3, 0xE3, 0xDE, 0x06, 0x1C, 0xC0, 0x07, 0x02,
    0x00, 0x06, 0xA8, 0x4F, 0x92, 0x58, 0x83, 0xDB, 0xE8, 0x16, 0xA8, 0x80, 0x12, 0xC8, 0x81, 0x14,
    0x90, 0xEB, 0xA2, 0xF8, 0x5A, 0x8C, 0xFE, 0x7F, 0xD7, 0xA2, 0xFF, 0x56, 0x22, 0x03, 0x2A, 0x5B,
    0x44, 0x8C, 0x76, 0x6D, 0x1B, 0x92, 0x91, 0x6B, 0x0B, 0xB2, 0x40, 0x02, 0x07, 0x73, 0xAE, 0xB1,
    0x8C, 0x35, 0x6E, 0x91, 0x0A, 0x4F, 0xC0, 0xEF, 0x3C, 0xC6, 0x73, 0xAC, 0x03, 0x63, 0x8C, 0x4F,
    0x0A, 0x69, 0x2D, 0xD0, 0x46, 0xB5, 0xF4, 0xEC, 0x05, 0x78, 0xE6, 0x7A, 0x40, 0x6F, 0x60, 0x75,
    0x5C, 0x4D, 0x78, 0xEE, 0x40, 0x04, 0x19, 0x48, 0xF8, 0xFC, 0x0B, 0xAF, 0xBE, 0x0E, 0x7B, 0xEC,
    0x97, 0x13, 0x1B, 0x6C, 0xC9, 0x06, 0xC3, 0x16, 0x6C, 0x90, 0x9F, 0x47, 0x51, 0x1B, 0x26, 0x47,
    0x5D, 0x74, 0xF8, 0xB0, 0x8B, 0x3E, 0x69, 0xC1, 0x06, 0x9B, 0x1E, 0x6C, 0x90, 0x56, 0x77, 0xC1,
    0xFE, 0xC0, 0xE9, 0xE1, 0x8D, 0x95, 0x6B, 0x31, 0xAC, 0x49, 0xC1, 0xA6, 0x3A, 0x00, 0x19, 0x9A,
    0x65, 0xD8, 0x5E, 0x45, 0xE6, 0x46, 0x03, 0x0B, 0x26, 0xB7, 0xCA, 0xF4, 0x84, 0xDD, 0xF1, 0xDC,
    0x2A, 0xBB, 0x5B, 0xF6, 0x98, 0xB2, 0x2B, 0xE3, 0xD7, 0xD0, 0x7D, 0x34, 0xBC, 0xB2, 0x46, 0xF9,
    0x1C, 0x20, 0x3B, 0x8C, 0xC5, 0x91, 0xF2, 0x80, 0xF1, 0xCC, 0xC0, 0x63, 0x38, 0xC7, 0xF5, 0x2D,
    0xEB, 0x1A, 0xCF, 0xE2, 0xB0, 0x5C, 0xEB, 0x81, 0x41, 0x60, 0x4F, 0x2D, 0x13, 0x9D, 0x2A, 0x83,
    0x4E, 0xC5, 0x51, 0x39, 0x4A, 0x2C, 0xA3, 0x00, 0x06, 0xB2, 0x6E, 0x28, 0xC9, 0x38, 0x87, 0x3A,
    0xFF, 0x20, 0x16, 0x9B, 0x1E, 0xD2, 0x35, 0x5D, 0xCE, 0xD7, 0xD8, 0x9B, 0x44, 0xC8, 0xC2, 0xD2,
    0xEE, 0x82, 0x51, 0xD7, 0xD6, 0x6E, 0xE3, 0x36, 0x83, 0x36, 0xED, 0xFC, 0xD2, 0xEA, 0xE1, 0xF0,
    0x6B, 0x78, 0xFE, 0x59, 0xC2, 0x40, 0x6B, 0x2C, 0x74, 0x27, 0x80, 0x1E, 0xF3, 0x3B, 0xE3, 0x9C,
    0xB9, 0xB5, 0x98, 0x88, 0x0F, 0xC3, 0x42, 0xB8, 0x1C, 0x4F, 0x87, 0xA4, 0x68, 0xD6, 0x83, 0x05,
    0x4B, 0x5B, 0x07, 0xC3, 0xDC, 0x0A, 0xDE, 0x47, 0xF0, 0xF5, 0xF3, 0x96, 0x4B, 0x78, 0x60, 0x6E,
    0x67, 0x4B, 0x20, 0x6B, 0xC3, 0x39, 0xD6, 0xF1, 0x07, 0x7B, 0xAB, 0x92, 0x7E, 0x6D, 0x9B, 0xE0,
    0x59, 0xB8, 0x0F, 0x8C, 0xBE, 0xE1, 0xD8, 0x31, 0x20, 0x8D, 0x99, 0x4B, 0xB4, 0xE1, 0x69, 0x24,
    0x6C, 0x98, 0x38, 0x19, 0x20, 0x64, 0x01, 0x52, 0x22, 0x12, 0xE2, 0x53, 0x8A, 0xC4, 0x66, 0xD8,
    0xBD, 0xAC, 0x94, 0xAB, 0x7E, 0x66, 0xDE, 0xF3, 0xAA, 0xA6, 0xCD, 0x62, 0xB0, 0xB5, 0x35, 0x48,
    0xC0, 0xE2, 0x92, 0x32, 0x24, 0xDB, 0x2F, 0x7C, 0xF2, 0x87, 0x0D, 0xD1, 0xC8, 0xB5, 0x7C, 0x22,
    0x38, 0xDF, 0x8A, 0xB9, 0x2C, 0x74, 0x98, 0x94, 0x25, 0x60, 0x22, 0x2F, 0x02, 0xAE, 0x6B, 0x47,
    0xE0, 0x21, 0x2E, 0x61, 0x2D, 0x67, 0x32, 0x51, 0x44, 0x3E, 0x97, 0x31, 0x82, 0x88, 0x8F, 0x3D,
    0xF0, 0x24, 0x77, 0x8C, 0xAA, 0x54, 0xD4, 0xF3, 0x6B, 0xB9, 0x51, 0x47, 0x6E, 0x74, 0x6C, 0xB8,
    0x91, 0x4F, 0x6E, 0xF4, 0xED, 0xC0, 0x89, 0xBE, 0x95, 0xDF, 0x86, 0x13, 0x1D, 0xD7, 0x87, 0x2F,
    0xB7, 0x70, 0x22, 0xFD, 0x72, 0xB4, 0x89, 0x95, 0x89, 0xF6, 0x8C, 0x91, 0x9E, 0xA0, 0x1E, 0x22,
    0xBF, 0xF9, 0x4F, 0x51, 0xE7, 0x40, 0xEC, 0x82, 0x96, 0xE8, 0xC3, 0x8F, 0x4D, 0xA4, 0xBB, 0x16,
    0xEE, 0x93, 0xE8, 0x05, 0xC4, 0xF1, 0xA0, 0x60, 0x07, 0x35, 0x78, 0xD2, 0xC4, 0xA1, 0x68, 0x53,
    0xC0, 0x53, 0x4E, 0x23, 0x5B, 0xD7, 0xE0, 0x2D, 0x6D, 0xE4, 0x41, 0x56, 0xFD, 0xE2, 0x2C, 0xF2,
    0xF3, 0x04, 0x72, 0xBF, 0x80, 0x2F, 0xB8, 0x1B, 0x79, 0x05, 0xE5, 0xB7, 0x93, 0xBA, 0x86, 0xE3,
    0xA4, 0xE8, 0xFC, 0x5F, 0x84, 0xDF, 0x00, 0xFE, 0xC0, 0x6F, 0x82, 0x81, 0xDF, 0xF8, 0x43, 0xF4,
    0x89, 0x04, 0xC0, 0xEA, 0x07, 0x4E, 0xD3, 0x2C, 0x73, 0x1A, 0xF5, 0x21, 0xD6, 0xD5, 0x5D, 0x2A,
    0x0D, 0x86, 0x26, 0x31, 0x74, 0x0F, 0xB7, 0xA0, 0x1E, 0x18, 0xC3, 0xB2, 0xA3, 0x0D, 0xDE, 0x1A,
    0x89, 0xDF, 0xB1, 0x6D, 0xF5, 0xAB, 0x81, 0x65, 0x36, 0x4A, 0x22, 0xE7, 0x23, 0xE4, 0x58, 0xDF,
    0x4B, 0x86, 0x82, 0xBA, 0xCF, 0xA5, 0xC6, 0x6E, 0xA8, 0x81, 0x3C, 0xA2, 0xB9, 0x0C, 0x8C, 0x8F,
    0x18, 0x8C, 0x61, 0xF8, 0x5C, 0xF9, 0x74, 0xD1, 0x4E, 0xF1, 0x18, 0x67, 0x51, 0x6A, 0x2A, 0xD0,
    0x5F, 0x4C, 0x19, 0x85, 0xDD, 0xB8, 0xD3, 0xA0, 0xAB, 0x45, 0x6F, 0xBD, 0x54, 0xA7, 0x54, 0xA1,
    0xA2, 0xA7, 0xC5, 0xA1, 0x1E, 0x30, 0x66, 0x58, 0x8C, 0xAE, 0xFE, 0x94, 0x51, 0x52, 0x8B, 0xBA,
    0x19, 0xBA, 0x5A, 0x65, 0x98, 0x6B, 0xE8, 0x1F, 0xF2, 0xC1, 0xB0, 0x3C, 0x88, 0x45, 0x05, 0xF3,
    0x0E, 0x60, 0x9E, 0x7C, 0xD8, 0x15, 0xE1, 0x26, 0xD7, 0xF8, 0x80, 0xE9, 0x1D, 0x87, 0xE5, 0xCF,
    0xA1, 0xD5, 0x46, 0x19, 0xA4, 0xFC, 0xAA, 0x47, 0xCC, 0xE8, 0x11, 0xB1, 0xFC, 0xCB, 0xDF, 0x8B,
    0x0C, 0x5B, 0x3A, 0x61, 0x32, 0x1C, 0xAB, 0x48, 0x66, 0x88, 0x8A, 0x4F, 0x21, 0x93, 0x20, 0x51,
    0x18, 0x9B, 0xAD, 0x4F, 0xFD, 0xF4, 0x08, 0x3D, 0x6A, 0x01, 0xBF, 0x2F, 0x67, 0xEF, 0xAE, 0xDC,
    0xF6, 0x9D, 0x79, 0xDB, 0xCA, 0x6A, 0x8C, 0xC2, 0x70, 0x7B, 0xF3, 0xAF, 0xD5, 0x4C, 0x6D, 0xFB,
    0x46, 0xB6, 0x04, 0x4A, 0xBD, 0x19, 0xFE, 0xC6, 0xEE, 0x07, 0xFF, 0xA6, 0xC6, 0x3C, 0xA5, 0x1B,
    0x32, 0x33, 0xBA, 0x34, 0xD9, 0x18, 0xCD, 0x6C, 0x4C, 0xCF, 0x6C, 0x8C, 0x37, 0x64, 0x63, 0xC2,
    0xF3, 0xAA, 0xD7, 0x37, 0x74, 0x97, 0xC1, 0x27, 0xF9, 0xCC, 0xCA, 0x8A, 0xF5, 0x19, 0x18, 0xC9,
    0xFE, 0x54, 0x40, 0x9D, 0xE8, 0xF3, 0x95, 0xEC, 0x0B, 0x7F, 0x6B, 0x66, 0x5F, 0xCA, 0xA3, 0x03,
    0x1D, 0x8F, 0xF2, 0x3E, 0x97, 0xF9, 0xE9, 0xD8, 0xCE, 0x32, 0x8F, 0xF9, 0xF5, 0x48, 0x12, 0x2A,
    0x70, 0xA1, 0x92, 0xA4, 0x52, 0x12, 0x33, 0xF2, 0x9C, 0x76, 0xE5, 0x87, 0xA7, 0xE6, 0xD1, 0x38,
    0x22, 0x63, 0x85, 0xC9, 0x10, 0xD8, 0xE9, 0x5E, 0xB8, 0x2B, 0xB3, 0x2B, 0x4C, 0xAE, 0x48, 0xCC,
    0x98, 0xF1, 0x94, 0x59, 0x66, 0xE5, 0x6D, 0x70, 0x90, 0x37, 0xE1, 0x77, 0x73, 0x7E, 0xA8, 0x98,
    0x04, 0x99, 0x61, 0x8C, 0xF4, 0x27, 0xC6, 0xF7, 0x13, 0x2C, 0x65, 0x01, 0x4C, 0xDC, 0xC0, 0x64,
    0xD4, 0xC0, 0x8B, 0x17, 0x79, 0x33, 0x7B, 0xCC, 0xA1, 0xE1, 0xE3, 0xB7, 0x72, 0x1E, 0xBA, 0xD1,
    0xCE, 0xC0, 0x65, 0x1F, 0x6E, 0xCE, 0x28, 0x2C, 0xF5, 0xD3, 0xFF, 0xDB, 0xAC, 0x9F, 0xC9, 0xE6,
    0x32, 0x73, 0x30, 0xB4, 0x4F, 0xE0, 0xBB, 0xB1, 0x23, 0xB5, 0xF5, 0x1F, 0x86, 0xEF, 0xAE, 0x8D,
    0x8C, 0x16, 0x43, 0x64, 0xF4, 0x4F, 0xF7, 0x16, 0x3E, 0x5D, 0x91, 0x5D, 0x18, 0x19, 0xDD, 0xC8,
    0xBD, 0xF5, 0xBD, 0x4E, 0xDA, 0x38, 0x07, 0xF2, 0x6C, 0x33, 0xF7, 0x8E, 0xD5, 0x19, 0xF4, 0x84,
    0x03, 0x33, 0x99, 0x7A, 0x10, 0x8C, 0xDC, 0xFF, 0x1E, 0x3A, 0xD5, 0x07, 0x01, 0xCD, 0x83, 0x1C,
    0x7C, 0x07, 0x4F, 0x18, 0x4E, 0x38, 0xF4, 0x20, 0x64, 0xC7, 0x04, 0x9D, 0x18, 0x21, 0x07, 0x49,
    0x38, 0x63, 0x34, 0x02, 0xCF, 0xDA, 0x6E, 0xC8, 0x43, 0x3A, 0x86, 0xDE, 0x18, 0xFB, 0x52, 0x9A,
    0xF2, 0x93, 0xD1, 0x08, 0xD2, 0x98, 0x8B, 0xBE, 0x4D, 0x72, 0x9B, 0x2E, 0xB3, 0x69, 0x5E, 0x83,
    0x6C, 0x05, 0xFF, 0xC7, 0x46, 0x0B, 0xB6, 0x97, 0xB3, 0xBD, 0x14, 0xD2, 0x02, 0x43, 0xE5, 0xB4,
    0x9A, 0x7A, 0x48, 0xB2, 0x0A, 0xD2, 0x1E, 0x0B, 0xDA, 0xD4, 0x45, 0x53, 0xC2, 0xC2, 0x0E, 0xE0,
    0x1D, 0x8E, 0xD9, 0x00, 0xA9, 0xC9, 0xC8, 0xE5, 0x94, 0x09, 0x70, 0x87, 0x4C, 0x40, 0x38, 0x64,
    0x03, 0x2E, 0x99, 0x09, 0xA8, 0xA6, 0x4C, 0x40, 0x9D, 0xE4, 0x5E, 0x9B, 0xC4, 0x80, 0x08, 0xB2,
    0xC4, 0x5C, 0x8C, 0x30, 0x0B, 0x39, 0x0F, 0xB0, 0xF0, 0x0E, 0xD4, 0x9E, 0xFD, 0xC9, 0x12, 0x73,
    0xC3, 0xB5, 0x5E, 0xF4, 0x26, 0x36, 0x4C, 0x5B, 0x13, 0x1B, 0x3D, 0xCA, 0x78, 0xE6, 0x87, 0xB2,
    0x2C, 0x89, 0x44, 0xF6, 0x56, 0x18, 0x8C, 0xC7, 0x3C, 0xF0, 0x28, 0xCF, 0xF0, 0xF6, 0xDA, 0xAB,
    0x43, 0x78, 0x88, 0x2E, 0xBD, 0x45, 0xC0, 0x1E, 0xFE, 0xA5, 0xE7, 0x18, 0xB4, 0x9E, 0xB1, 0x91,
    0xF9, 0x01, 0xEB, 0x4F, 0xED, 0x2D, 0x68, 0x96, 0x69, 0xAB, 0x8F, 0x87, 0x7A, 0xE0, 0x3A, 0x6E,
    0x6B, 0xDA, 0x20, 0xD0, 0x26, 0x8F, 0x99, 0xA8, 0x64, 0x1C, 0x6E, 0x8C, 0xA0, 0xFF, 0x63, 0x13,
    0x3D, 0x7E, 0xD5, 0x40, 0xEE, 0xEA, 0xE8, 0x2B, 0xE1, 0x79, 0xF4, 0x1F, 0x53, 0x01, 0xE4, 0x0A,
    0x75, 0x50, 0xD7, 0x29, 0x56, 0x6D, 0xF8, 0x66, 0x1F, 0x6E, 0xE6, 0xBF, 0x79, 0x00, 0x94, 0x89,
    0x0E, 0x80, 0x93, 0x99, 0x0F, 0x97, 0x61, 0xB6, 0x31, 0x5F, 0xA8, 0x03, 0xBC, 0xB7, 0xF0, 0xE1,
    0x56, 0x22, 0xB0, 0xC2, 0x87, 0x47, 0xEC, 0x23, 0xA3, 0x38, 0xBB, 0x83, 0x5D, 0x39, 0xCC, 0x45,
    0xD9, 0xCE, 0x79, 0xBF, 0x97, 0x19, 0xDB, 0xB6, 0xF6, 0xE6, 0xCF, 0x7C, 0x53, 0x5B, 0x19, 0xE3,
    0x68, 0x23, 0x56, 0x69, 0x05, 0x29, 0x13, 0xFA, 0xC0, 0xB9, 0x34, 0x4B, 0x93, 0xC2, 0x44, 0xB1,
    0xBD, 0x3A, 0x4B, 0xB1, 0x8C, 0x53, 0x46, 0xBA, 0x05, 0xED, 0xE2, 0xBB, 0x3B, 0x10, 0x63, 0xA6,
    0x0D, 0x32, 0xF8, 0x8A, 0x4C, 0x9F, 0xF5, 0xB2, 0x83, 0x60, 0x63, 0x36, 0x54, 0xE4, 0xA1, 0x1D,
    0xE5, 0x21, 0x1D, 0x64, 0x01, 0x08, 0x8A, 0x05, 0xC2, 0x61, 0xF6, 0x30, 0x2A, 0x1A, 0x98, 0xA8,
    0x95, 0x25, 0xFA, 0x16, 0x32, 0xA6, 0xDA, 0x44, 0xB1, 0xC6, 0x8C, 0xA9, 0x04, 0xAC, 0xC3, 0xB5,
    0xC5, 0xC6, 0xC0, 0x19, 0xFA, 0xCD, 0xD7, 0x04, 0xCE, 0xF2, 0xE5, 0xC0, 0x59, 0xCD, 0x2E, 0xF5,
    0xAC, 0xCB, 0x75, 0x7D, 0xEC, 0x21, 0x5D, 0xDB, 0xC3, 0xE9, 0x6A, 0x21, 0xAC, 0xB5, 0xCD, 0x1C,
    0xA6, 0xFB, 0xD2, 0x90, 0x73, 0xEE, 0x4D, 0x23, 0x64, 0x22, 0xCB, 0x9D, 0x82, 0x76, 0xBC, 0x56,
    0xC6, 0x0B, 0x9E, 0x20, 0x6D, 0xBB, 0x24, 0x46, 0x05, 0x00, 0x1B, 0x3E, 0x4F, 0xAD, 0x7E, 0x0E,
    0x13, 0x7F, 0xDC, 0xA9, 0xEC, 0x7E, 0xA3, 0xB2, 0x2F, 0x2B, 0x95, 0x41, 0x3E, 0x16, 0xE9, 0x55,
    0xF0, 0x0B, 0xD8, 0x92, 0xEC, 0xA4, 0x31, 0xE9, 0xD7, 0x7B, 0x4C, 0xD7, 0x4C, 0x29, 0x56, 0x08,
    0x56, 0xC8, 0xB4, 0xCA, 0xDA, 0x74, 0x8B, 0x90, 0x28, 0x92, 0x29, 0x4C, 0x89, 0x86, 0xEE, 0x26,
    0x57, 0xD1, 0xD0, 0xA9, 0xDC, 0x59, 0x25, 0x20, 0xF1, 0xC2, 0xD0, 0x75, 0x50, 0x9A, 0xF3, 0x90,
    0x7A, 0x5C, 0x93, 0x0B, 0x59, 0x9B, 0xEE, 0x75, 0xB6, 0xC0, 0x53, 0xCC, 0x5F, 0x94, 0x72, 0x1F,
    0x45, 0xCA, 0x1D, 0x15, 0x29, 0xDA, 0x8D, 0x4E, 0x70, 0x61, 0x74, 0x02, 0xF3, 0x13, 0x9D, 0xA0,
    0x56, 0x74, 0x02, 0x23, 0x10, 0x9D, 0xF4, 0x86, 0x5D, 0xCA, 0x66, 0x07, 0xD1, 0x91, 0x38, 0x96,
    0xF0, 0x2C, 0xA9, 0x90, 0xB9, 0x02, 0xEB, 0x61, 0x68, 0xC5, 0x66, 0x7B, 0x90, 0x78, 0x53, 0x30,
    0x1F, 0x25, 0x5E, 0x65, 0x94, 0x83, 0x94, 0x46, 0x4F, 0x6E, 0xA3, 0xF2, 0x93, 0x43, 0x5C, 0xF6,
    0x84, 0x12, 0xFE, 0xA4, 0x5F, 0x6A, 0xF4, 0x09, 0x1B, 0x7D, 0xF2, 0x09, 0x3A, 0x7F, 0x72, 0x8B,
    0xF5, 0x6E, 0x36, 0xE3, 0xB5, 0x96, 0x58, 0x11, 0x43, 0x84, 0x4C, 0x01, 0x3A, 0xC0, 0x14, 0xCC,
    0x31, 0xC9, 0xF8, 0x7D, 0xAE, 0x7A, 0xA6, 0xFD, 0xE0, 0xC4, 0x2A, 0x7A, 0xB1, 0x34, 0xBC, 0xB0,
    0xBE, 0x3D, 0xBD, 0x00, 0xF1, 0xB6, 0x69, 0xC3, 0xCD, 0xB7, 0x9E, 0x16, 0x59, 0xCE, 0x9A, 0x7A,
    0x60, 0xA9, 0xC3, 0xB5, 0x1E, 0x5B, 0xC1, 0x6C, 0x80, 0xE4, 0xB0, 0x23, 0x0C, 0xDC, 0x17, 0xA3,
    0xAF, 0x6F, 0x32, 0xCB, 0x7D, 0xBB, 0xC1, 0x4F, 0x54, 0x66, 0xD0, 0x1D, 0x05, 0x5A, 0xF1, 0x5F,
    0xB4, 0xF4, 0x2A, 0xAA, 0xA9, 0xE0, 0xCF, 0xE7, 0x24, 0x8C, 0xF0, 0x59, 0x59, 0xAF, 0x18, 0xAF,
    0xF0, 0x79, 0xAD, 0xCB, 0x2C, 0x25, 0x08, 0x6F, 0xD2, 0x33, 0x4F, 0xC7, 0x2D, 0x1A, 0x49, 0x8F,
    0x19, 0xB7, 0x7A, 0xF4, 0x62, 0xF5, 0x18, 0xB8, 0x05, 0x5A, 0x83, 0x02, 0xF3, 0x62, 0xF5, 0x7A,
    0x60, 0x0C, 0x43, 0x41, 0x39, 0xEF, 0x99, 0xFC, 0xEB, 0x13, 0x56, 0x81, 0x46, 0x00, 0x5B, 0xE5,
    0x65, 0x18, 0xB8, 0xD5, 0x63, 0xE0, 0x70, 0xE6, 0x3B, 0x16, 0x3D, 0x0A, 0x8C, 0x3E, 0xE1, 0xCD,
    0x24, 0xA0, 0x46, 0x28, 0xE4, 0x06, 0xE5, 0x56, 0x49, 0x48, 0x3A, 0x99, 0x92, 0x66, 0x2A, 0xC4,
    0x4F, 0x92, 0xD9, 0x48, 0x58, 0x25, 0xE2, 0xFC, 0x31, 0x25, 0x39, 0x9B, 0x0D, 0xE7, 0x12, 0x19,
    0x45, 0xD8, 0xCC, 0x09, 0x9B, 0xEB, 0x35, 0x23, 0xD6, 0x89, 0x37, 0x04, 0x72, 0xFD, 0x67, 0xC9,
    0x0E, 0xBD, 0xF6, 0xA9, 0x47, 0x18, 0x4E, 0xB3, 0x00, 0x96, 0x55, 0x3B, 0x83, 0x7A, 0x0D, 0x7A,
    0x86, 0xF4, 0x62, 0x80, 0x73, 0xB6, 0x33, 0xC4, 0x4B, 0x58, 0xDA, 0x79, 0x94, 0xAD, 0xC5, 0xDC,
    0xB7, 0xED, 0x82, 0x55, 0xF4, 0x80, 0xCE, 0x81, 0xB2, 0x0B, 0xEE, 0x57, 0x5D, 0x70, 0x5C, 0x77,
    0xC1, 0xBD, 0xC6, 0xE0, 0x73, 0xA2, 0x1D, 0xD0, 0x8C, 0xC7, 0x49, 0x59, 0x8D, 0x0D, 0xE2, 0xB6,
    0x35, 0x2E, 0xEF, 0x33, 0xB5, 0xB9, 0x0F, 0x4D, 0x14, 0x00, 0xDA, 0xFE, 0x02, 0x6D, 0x1F, 0xAF,
    0xB6, 0x3D, 0x6B, 0x93, 0x81, 0x4E, 0xF2, 0x5D, 0xD3, 0xA6, 0xFC, 0x31, 0x19, 0xA7, 0x98, 0xBA,
    0xB5, 0xA9, 0x88, 0xBD, 0xCE, 0x3A, 0x35, 0x8B, 0x43, 0x76, 0xAD, 0x70, 0x5F, 0x14, 0x96, 0x3B,
    0x04, 0x2A, 0xB9, 0x27, 0xBB, 0x41, 0x6A, 0x48, 0xE0, 0x2D, 0x1A, 0x97, 0x5B, 0x34, 0x5B, 0x27,
    0xA5, 0x14, 0xB0, 0x21, 0x4F, 0xE0, 0xF2, 0x07, 0x7F, 0xF8, 0x06, 0x0B, 0xE1, 0x15, 0xD6, 0x0E,
    0x1D, 0x08, 0x6A, 0xAD, 0xC2, 0x84, 0x4C, 0x8D, 0x83, 0xA9, 0x92, 0x53, 0x35, 0xC4, 0x76, 0xC5,
    0x6F, 0xB3, 0x7E, 0xC3, 0xA8, 0x05, 0xD3, 0xDE, 0x28, 0x48, 0x8F, 0xCD, 0x46, 0xB2, 0xB1, 0xDF,
    0x12, 0xBA, 0x9B, 0x76, 0xFF, 0x06, 0x04, 0x39, 0xB9, 0x59, 0xA3, 0xCB, 0xFB, 0x53, 0x97, 0xD2,
    0xDB, 0x9F, 0xBE, 0xEF, 0xC9, 0x24, 0x5B, 0x25, 0xA1, 0x11, 0xB3, 0x07, 0x40, 0xB1, 0x4B, 0x09,
    0xEF, 0xE2, 0x4E, 0xD8, 0xE7, 0x3F, 0xBD, 0xD1, 0x76, 0x87, 0x68, 0xB6, 0xDD, 0xC1, 0xEB, 0xD5,
    0x67, 0xCE, 0xB8, 0xDD, 0x81, 0x86, 0xC2, 0xAE, 0x8D, 0x89, 0x02, 0x7D, 0x17, 0x30, 0x38, 0x0C,
    0x33, 0xB6, 0x1C, 0x84, 0xB7, 0x4E, 0xE7, 0x41, 0xF8, 0x64, 0x1E, 0xDF, 0x18, 0x02, 0x3B, 0xB8,
    0xEC, 0x8E, 0x6F, 0xB6, 0x11, 0x54, 0xEA, 0x50, 0x3F, 0x50, 0x5E, 0x6E, 0x26, 0x86, 0xDE, 0x33,
    0xE3, 0xA5, 0x49, 0x2D, 0xFC, 0x63, 0x3F, 0xDB, 0x2B, 0x24, 0x3A, 0x64, 0xB0, 0x14, 0x65, 0x31,
    0xB8, 0x7A, 0x02, 0x40, 0x2F, 0x63, 0xC5, 0xD3, 0x95, 0xBD, 0x0A, 0xB2, 0x1F, 0x82, 0xA1, 0x47,
    0x6A, 0x48, 0x90, 0x9A, 0xC5, 0xA6, 0x88, 0x36, 0x28, 0x8C, 0x4A, 0x14, 0x23, 0x27, 0x11, 0x76,
    0x15, 0x75, 0xE3, 0x26, 0x42, 0x8E, 0xF7, 0x12, 0x05, 0xCD, 0xA1, 0xD9, 0x26, 0xC8, 0x40, 0xBC,
    0x0A, 0xA6, 0x8E, 0xA0, 0x94, 0x2B, 0x05, 0xE7, 0x93, 0x1D, 0x41, 0x98, 0xEC, 0x56, 0x74, 0x2F,
    0x6F, 0x54, 0x67, 0x6A, 0xDE, 0x5B, 0xB8, 0xE8, 0xAD, 0xDA, 0x52, 0xEC, 0x72, 0x33, 0xFE, 0xB0,
    0xBF, 0x71, 0x28, 0x2E, 0x71, 0x33, 0xE1, 0x65, 0x6E, 0x26, 0x1A, 0x6F, 0x26, 0x1B, 0x7B, 0xF3,
    0x64, 0xF1, 0x4E, 0xC5, 0xC6, 0x9B, 0xE1, 0x5C, 0x85, 0xA5, 0x57, 0xB3, 0xDD, 0x71, 0x9B, 0x93,
    0xD5, 0xA1, 0x29, 0x49, 0x2D, 0xB7, 0x66, 0x57, 0x37, 0xA5, 0x99, 0xAC, 0x2A, 0x31, 0xD4, 0xC3,
    0xEE, 0x48, 0x90, 0xB9, 0xDD, 0x28, 0xE4, 0x76, 0x8F, 0x1F, 0x50, 0xC2, 0x4E, 0xB9, 0x30, 0x58,
    0x4E, 0x3F, 0xAC, 0xED, 0x25, 0x80, 0x0F, 0x48, 0x62, 0x04, 0xEE, 0x9D, 0x04, 0x9E, 0xC5, 0xE6,
    0x09, 0x15, 0x68, 0x87, 0xB6, 0x19, 0x52, 0x35, 0x6D, 0x93, 0x78, 0xBB, 0x0D, 0xB7, 0x92, 0x04,
    0xB8, 0x3F, 0xCF, 0x84, 0xA9, 0x27, 0x6A, 0x67, 0x90, 0xE8, 0xC7, 0x13, 0x9C, 0x71, 0xB3, 0xE3,
    0x55, 0x01, 0xD1, 0x1E, 0xB1, 0x2E, 0xFE, 0x97, 0xE8, 0xF3, 0x7A, 0x84, 0xF3, 0xD2, 0xA9, 0x2F,
    0xF5, 0xC1, 0x8A, 0x1C, 0xB1, 0x3A, 0x07, 0xDB, 0x4C, 0xAA, 0xA4, 0x6F, 0xB8, 0xE1, 0x74, 0x48,
    0xE1, 0x04, 0xC6, 0x1D, 0x2E, 0xAC, 0xEC, 0xB5, 0x34, 0x4E, 0xB3, 0xC0, 0x9A, 0x4D, 0x3A, 0xEB,
    0x8C, 0x51, 0xCA, 0xED, 0xAC, 0x89, 0x6C, 0xD8, 0x8E, 0xCC, 0xC6, 0xFD, 0xDC, 0x5E, 0x4E, 0x2D,
    0x55, 0x0B, 0xAC, 0x6C, 0xD2, 0xC9, 0x4D, 0x9A, 0xE0, 0x35, 0x9C, 0x9F, 0x1B, 0x3C, 0x3D, 0x6F,
    0xC3, 0xE7, 0x4F, 0x25, 0xD5, 0xE0, 0xEA, 0x21, 0x56, 0xED, 0x9C, 0x2F, 0xB0, 0xE2, 0x98, 0xAD,
    0xDD, 0x3C, 0x74, 0x72, 0x5B, 0x10, 0xFD, 0xE1, 0xB6, 0x6C, 0xA8, 0xF7, 0xC7, 0x34, 0xA4, 0x7F,
    0xDB, 0x60, 0x69, 0x3C, 0x9B, 0xD2, 0x35, 0xCD, 0xE8, 0xCE, 0x93, 0x26, 0x94, 0x66, 0x83, 0xEF,
    0x84, 0x7A, 0x13, 0xB6, 0x06, 0x80, 0xA1, 0x69, 0x8D, 0x4B, 0x0F, 0x97, 0xF4, 0x63, 0x09, 0x69,
    0x8E, 0x21, 0xBD, 0xF4, 0x32, 0x10, 0xFD, 0xEE, 0x48, 0xBC, 0x18, 0x8B, 0xF6, 0x7F, 0xDA, 0xFF,
    0x0C, 0xF3, 0xEE, 0x61, 0x94, 0x9E, 0x3D, 0x8A, 0xD2, 0x2C, 0x49, 0xE2, 0x84, 0x3B, 0x8A, 0x70,
    0xAF, 0xDA, 0x22, 0x27, 0x89, 0xA0, 0x27, 0x04, 0xA9, 0x89, 0x9E, 0x04, 0xDC, 0x44, 0x5D, 0xBF,
    0x27, 0x9C, 0xCD, 0xA2, 0x7C, 0x86, 0xDF, 0x89, 0xEB, 0xE1, 0xE9, 0xF2, 0xB7, 0x81, 0xAE, 0x1F,
    0x45, 0xE7, 0xCD, 0x59, 0xF4, 0x71, 0x9B, 0x64, 0x8A, 0x5E, 0x10, 0x2C, 0xBD, 0xEE, 0x6C, 0xFA,
    0xA0, 0x83, 0x01, 0x32, 0xED, 0x94, 0x77, 0x84, 0xAC, 0xBA, 0x54, 0x33, 0x42, 0x1B, 0x96, 0xC7,
    0x13, 0x60, 0x3C, 0xE1, 0x30, 0x9E, 0xC8, 0x8C, 0x07, 0xED, 0xC0, 0x89, 0xD8, 0x32, 0x1E, 0x4F,
    0x4B, 0x8E, 0xD5, 0xC4, 0xB5, 0xC2, 0x74, 0x09, 0x5B, 0xC6, 0x07, 0x6F, 0xAD, 0x3B, 0x58, 0x1D,
    0x5F, 0x84, 0xF1, 0x05, 0x32, 0x9E, 0xDA, 0xC4, 0x9C, 0x23, 0x35, 0xC7, 0xBE, 0x5F, 0xD4, 0xB8,
    0xEC, 0x46, 0xFC, 0x77, 0xB2, 0x61, 0xF9, 0xE2, 0xB1, 0xEC, 0x7B, 0x07, 0x0B, 0xF7, 0xF1, 0x66,
    0x69, 0x50, 0x1B, 0xE7, 0x55, 0xE7, 0xE2, 0x8C, 0xD2, 0x29, 0xFD, 0x72, 0xBE, 0x27, 0xB8, 0x1E,
    0x59, 0x32, 0xD4, 0x46, 0xC2, 0xE5, 0xC9, 0xA8, 0xC8, 0x86, 0x88, 0x88, 0x58, 0xC2, 0x0A, 0x2C,
    0x2B, 0x07, 0x44, 0x42, 0x4D, 0xC4, 0x9F, 0x99, 0x82, 0xDE, 0x38, 0xAE, 0x92, 0x30, 0x8F, 0x07,
    0x7F, 0xBE, 0x1B, 0xA3, 0x21, 0xB3, 0xC8, 0xD8, 0x52, 0x34, 0xC4, 0x50, 0x2F, 0xBE, 0x17, 0x45,
    0x93, 0x49, 0xD3, 0x43, 0x7E, 0xC8, 0xF4, 0xCB, 0x84, 0xFB, 0x06, 0xC9, 0xAD, 0x19, 0x3C, 0xB3,
    0xE3, 0x24, 0x5B, 0xEC, 0x38, 0x19, 0x77, 0x9B, 0x30, 0xE2, 0x1F, 0x56, 0x5E, 0x9F, 0x15, 0x5E,
    0x97, 0xC4, 0x5E, 0xF7, 0x99, 0x09, 0x26, 0x0C, 0x51, 0x51, 0xB2, 0x69, 0xBF, 0x34, 0xB2, 0xED,
    0xA8, 0xD7, 0x76, 0xB0, 0x64, 0xCB, 0x3B, 0x58, 0xC6, 0x76, 0xB9, 0x8B, 0x89, 0x71, 0xC5, 0xA0,
    0xF6, 0xFA, 0x04, 0x6D, 0xC3, 0x08, 0x76, 0x7F, 0xBF, 0x68, 0x77, 0x98, 0x17, 0x1F, 0xF7, 0x62,
    0xC7, 0x7B, 0xDF, 0x97, 0x3C, 0xA9, 0x42, 0xD0, 0x45, 0x1F, 0xA6, 0x21, 0x30, 0x51, 0xF0, 0x6D,
    0xBB, 0x5B, 0x2E, 0xB1, 0x0B, 0x66, 0x30, 0x2D, 0x49, 0x2E, 0xCF, 0x52, 0x52, 0x1D, 0xF5, 0x3E,
    0xBC, 0x40, 0x7A, 0x7F, 0xF5, 0x80, 0x6A, 0x31, 0xDF, 0xE1, 0x40, 0x81, 0xB9, 0xCC, 0xDF, 0x53,
    0xE6, 0x3D, 0x8B, 0x0D, 0x30, 0xFB, 0x97, 0x8B, 0xE1, 0x9D, 0x8B, 0x11, 0xCD, 0x80, 0x9A, 0x99,
    0xF9, 0x21, 0x32, 0x37, 0xD2, 0xF6, 0x98, 0xEF, 0xD7, 0xED, 0x65, 0xAF, 0x2A, 0x5F, 0x70, 0x9C,
    0xD0, 0xAB, 0x55, 0xBC, 0xD1, 0x4E, 0x0C, 0x4F, 0xCF, 0x30, 0x0C, 0x7D, 0x80, 0x5F, 0x78, 0x95,
    0xE1, 0x76, 0x81, 0x14, 0x35, 0xBC, 0x8D, 0xA0, 0x81, 0xA7, 0x1B, 0xB6, 0xD7, 0x51, 0x3C, 0x3C,
    0x42, 0x71, 0xF4, 0x08, 0xCB, 0xFA, 0xF0, 0x25, 0x6C, 0xDD, 0x27, 0x3F, 0xA0, 0xB8, 0xFD, 0x4C,
    0x0A, 0xAC, 0xF2, 0x5B, 0xDF, 0xB4, 0x4C, 0x86, 0xAD, 0x14, 0x7A, 0xB5, 0x18, 0xA8, 0x88, 0xD5,
    0x0E, 0xB1, 0x65, 0x93, 0xED, 0x67, 0xDA, 0x4F, 0x59, 0xA9, 0xE9, 0x7C, 0x18, 0x01, 0x3B, 0xAF,
    0x21, 0x05, 0x61, 0xC3, 0xA2, 0x05, 0x3D, 0x0B, 0x1F, 0x5E, 0x47, 0xF1, 0xE8, 0x08, 0x5D, 0xFE,
    0xFB, 0x6F, 0xD1, 0xFC, 0x3F, 0xFF, 0x80, 0xE2, 0x4B, 0x76, 0x7E, 0x22, 0xC5, 0x37, 0xE8, 0xE3,
    0xFE, 0x7F, 0x33, 0x12, 0x64, 0x49, 0x21, 0xFE, 0x1D, 0x49, 0xAF, 0x2D, 0xBD, 0xD5, 0x63, 0x6F,
    0x56, 0xFE, 0x67, 0xD3, 0xEC, 0xEF, 0xE2, 0xB5, 0xA4, 0x6D, 0xAF, 0x7A, 0xEC, 0xBA, 0x81, 0xD4,
    0xAA, 0xBD, 0x7C, 0x0C, 0x7B, 0x41, 0xF0, 0xE5, 0xE7, 0xDA, 0xBF, 0x77, 0x70, 0x9F, 0xDB, 0x36,
    0x77, 0xEC, 0xBC, 0x51, 0xD6, 0x13, 0xD7, 0x9F, 0x45, 0xA0, 0x47, 0x77, 0x32, 0xE2, 0xF8, 0xEF,
    0xB2, 0xA0, 0x6F, 0xA2, 0xDA, 0x8C, 0x72, 0x9C, 0xB5, 0x24, 0xBD, 0x28, 0x6A, 0x14, 0x6E, 0x9D,
    0xA9, 0xD5, 0x4B, 0xB1, 0x26, 0x65, 0xDB, 0x94, 0x14, 0x4C, 0xCA, 0x64, 0x1C, 0x3F, 0x0A, 0xB7,
    0xF3, 0xA8, 0x42, 0xB3, 0x86, 0x57, 0x74, 0xEA, 0x47, 0x5E, 0xCB, 0x8C, 0x60, 0x1D, 0x99, 0xC2,
    0xE6, 0xEE, 0x1A, 0x7F, 0xB1, 0xF9, 0xFB, 0x98, 0x2A, 0x97, 0x32, 0x1C, 0x71, 0xD9, 0x44, 0x37,
    0xBA, 0xBF, 0xE0, 0xAE, 0x9F, 0x96, 0x55, 0x3A, 0x38, 0x43, 0xDE, 0x4B, 0x75, 0x90, 0xFF, 0x92,
    0xF3, 0x81, 0xE7, 0xDE, 0x9B, 0xE7, 0x7E, 0x58, 0xBC, 0xD5, 0x57, 0x95, 0xAD, 0x07, 0x3F, 0xC7,
    0x0D, 0x27, 0x4C, 0x9C, 0x9A, 0x80, 0xF0, 0x2C, 0x89, 0xB8, 0xEB, 0xE6, 0x1A, 0xBE, 0x31, 0x1C,
    0x30, 0xB4, 0x80, 0x63, 0xEF, 0x73, 0x77, 0xB1, 0x38, 0xA4, 0xBC, 0x73, 0x5B, 0x92, 0xA5, 0x04,
    0x59, 0xDD, 0x84, 0x14, 0xBF, 0x53, 0x4A, 0x13, 0x5D, 0x5F, 0x6E, 0x3D, 0x08, 0xE4, 0xB5, 0x58,
    0x09, 0xE3, 0xC0, 0x51, 0xB9, 0x36, 0xDB, 0x28, 0xFE, 0x91, 0x25, 0x6F, 0x67, 0x94, 0xA3, 0x9A,
    0x9D, 0x8D, 0xA7, 0x62, 0x0C, 0x36, 0x8B, 0x03, 0x19, 0x71, 0x28, 0xAF, 0x07, 0x77, 0xCA, 0x02,
    0x35, 0x71, 0xCA, 0x20, 0x96, 0x17, 0x5B, 0x00, 0x7E, 0x5F, 0x15, 0xF7, 0x7D, 0x8F, 0xD7, 0x2B,
    0xAE, 0x43, 0x05, 0xEA, 0x98, 0xF0, 0x8A, 0xBB, 0x4B, 0x7D, 0xED, 0x7A, 0x2F, 0x97, 0x5D, 0xC3,
    0xEF, 0x84, 0x85, 0x5E, 0x3C, 0x96, 0x7D, 0xB3, 0x50, 0xF6, 0x61, 0x76, 0x9F, 0x85, 0xD5, 0xBA,
    0xFE, 0xF6, 0xFD, 0x26, 0xDF, 0xF6, 0x47, 0xB9, 0xDB, 0x9E, 0xEE, 0x60, 0x70, 0xBC, 0x44, 0x51,
    0x4E, 0xF9, 0x75, 0x86, 0xD7, 0x3B, 0x23, 0x81, 0x01, 0x54, 0x19, 0x1D, 0x1C, 0x26, 0xD9, 0xD5,
    0xB5, 0xCE, 0xEC, 0xB2, 0xB2, 0xF4, 0x62, 0xAC, 0xC1, 0xD2, 0x58, 0x67, 0x6C, 0x87, 0xA1, 0xA3,
    0x54, 0xAA, 0xF3, 0xD6, 0xD9, 0x16, 0xE3, 0x83, 0x9C, 0x6C, 0xFA, 0x49, 0x92, 0x21, 0xD0, 0xE9,
    0xE2, 0x3D, 0x2C, 0x8A, 0xA0, 0x09, 0x5E, 0xFE, 0xC2, 0x92, 0x9C, 0x67, 0xAC, 0x25, 0x32, 0x79,
    0x2A, 0x66, 0x68, 0xC4, 0xDB, 0x7C, 0xE3, 0x90, 0xB7, 0x38, 0x62, 0x5F, 0xFB, 0xD2, 0x2F, 0x7A,
    0x93, 0x7F, 0xEF, 0xF7, 0xB0, 0xE5, 0x7F, 0x9B, 0xD8, 0x79, 0x9F, 0xD2, 0x05, 0x72, 0xBF, 0xEF,
    0x37, 0x0E, 0xB7, 0xF6, 0xB7, 0xE3, 0x7E, 0xF7, 0xB5, 0x63, 0x65, 0x58, 0x6F, 0xDE, 0xC6, 0xFC,
    0xDD, 0x8E, 0xAB, 0xEE, 0x01, 0xE2, 0xA8, 0x65, 0x0F, 0x90, 0xEE, 0x16, 0x6D, 0x38, 0x1B, 0xC7,
    0xF3, 0x46, 0x73, 0xBB, 0xC3, 0x78, 0xAF, 0x34, 0xB7, 0x57, 0xBC, 0x97, 0x6D, 0xFA, 0xCA, 0x98,
    0xBA, 0xFD, 0xBE, 0x73, 0x65, 0xD7, 0x7E, 0xEA, 0x62, 0x26, 0x08, 0xBB, 0x0E, 0xD2, 0xE5, 0xBE,
    0x76, 0xDB, 0xDB, 0x2C, 0x06, 0x69, 0x51, 0xFC, 0x19, 0xFE, 0xBF, 0x03, 0xF6, 0x3B, 0xE2, 0x6D,
    0xEE, 0x0A, 0xBC, 0xAC, 0x51, 0x7F, 0x27, 0xEF, 0xB1, 0x36, 0x9E, 0xBC, 0xB3, 0x40, 0x58, 0xF8,
    0x3E, 0xEF, 0xFF, 0xAD, 0xBC, 0x95, 0x61, 0xAB, 0xBF, 0xC5, 0x89, 0x94, 0x36, 0xEA, 0x29, 0x23,
    0xF8, 0x4F, 0x1A, 0xD0, 0x2D, 0xFA, 0xE3, 0x0F, 0xDE, 0x7F, 0xE7, 0xF7, 0xCE, 0xB1, 0x70, 0x28,
    0x1C, 0x09, 0x06, 0x22, 0xE3, 0x18, 0x86, 0xF1, 0x36, 0xEE, 0xFD, 0x22, 0x0B, 0xB5, 0xEF, 0x77,
    0x66, 0xB7, 0xF5, 0xB7, 0xEB, 0x9B, 0x21, 0x7B, 0xFF, 0xFF, 0x2A, 0x56, 0xB2, 0x40, 0x6F, 0xB4,
    0xC3, 0x6C, 0x9E, 0x4F, 0x5C, 0xC1, 0x45, 0x73, 0xBF, 0xEF, 0xB7, 0x67, 0xB7, 0xF5, 0xB7, 0xEB,
    0x5B, 0x28, 0xFF, 0x0F, 0x8D, 0x8F, 0xBB, 0x0D, 0x03, 0x21, 0x10, 0x44, 0x87, 0x23, 0xC0, 0x12,
    0x01, 0xA9, 0x33, 0x12, 0xE7, 0x94, 0xC0, 0x95, 0xE4, 0x0E, 0x28, 0xED, 0x28, 0x81, 0x12, 0x28,
    0x81, 0x80, 0x80, 0x80, 0x8F, 0x87, 0x0B, 0x2C, 0x87, 0x5E, 0x69, 0x9F, 0x84, 0x76, 0x77, 0x66,
    0xC0, 0x13, 0x2C, 0xBF, 0x71, 0x25, 0x22, 0x34, 0x42, 0x6D, 0xE0, 0x8D, 0x9F, 0x0A, 0x51, 0x2C,
    0xF8, 0x74, 0x4C, 0xB8, 0x2C, 0x3B, 0x4C, 0xE1, 0x8E, 0xAE, 0xBA, 0x42, 0x75, 0x53, 0x20, 0xBB,
    0x4D, 0x10, 0xD3, 0x47, 0x60, 0x85, 0x93, 0xDB, 0x6B, 0x8B, 0x0E, 0xC2, 0x76, 0xC2, 0xD4, 0xFF,
    0xF0, 0xD8, 0x57, 0xFB, 0x3C, 0xB3, 0x79, 0xA8, 0xFA, 0x37, 0x86, 0xCB, 0xC7, 0xB0, 0x45, 0xD2,
    0x8C, 0x5D, 0x55, 0x53, 0x4D, 0xD7, 0xFB, 0x35, 0x4C, 0x16, 0x93, 0xEE, 0xCB, 0x45, 0x5C, 0x21,
    0xD2, 0xFA, 0x84, 0xA7, 0xBD, 0x9D, 0x14, 0x65, 0x02, 0xBD, 0x75, 0x28, 0xCE, 0x94, 0x2F, 0x97,
    0x38, 0x8A, 0xF7, 0xD8, 0xF1, 0x8B, 0x1F, 0x95, 0x52, 0x31, 0x4E, 0xC3, 0x30, 0x14, 0x7D, 0xB1,
    0x25, 0x22, 0x91, 0xC1, 0x07, 0xA8, 0x44, 0x6E, 0x40, 0x96, 0x2E, 0x1D, 0xA8, 0x23, 0x31, 0x72,
    0x08, 0x2E, 0xC1, 0x00, 0x52, 0xA1, 0xD9, 0x19, 0xB8, 0x0C, 0x43, 0x86, 0x56, 0xC9, 0xC6, 0xC0,
    0x40, 0x8E, 0x10, 0x24, 0x0E, 0xE0, 0x21, 0x43, 0x90, 0xEC, 0x98, 0xE7, 0xA4, 0x95, 0x8A, 0xD4,
    0x0A, 0x61, 0xFF, 0xF7, 0x63, 0xFF, 0xFF, 0xF4, 0x1D, 0xBF, 0x6F, 0xED, 0xBD, 0xD1, 0x3B, 0x78,
    0x8E, 0xE2, 0xA4, 0xC3, 0x05, 0x22, 0x8F, 0xD8, 0x43, 0x35, 0xC8, 0x72, 0xE8, 0x06, 0xBA, 0x83,
    0xEE, 0x47, 0x33, 0x48, 0x1A, 0x44, 0x3D, 0xE2, 0x01, 0xCA, 0x07, 0x23, 0x4D, 0x78, 0xE0, 0x11,
    0xC2, 0x8E, 0xB4, 0x1A, 0x0B, 0x40, 0x1A, 0x65, 0x53, 0x97, 0x3A, 0xE5, 0x18, 0xB5, 0xB3, 0xCE,
    0xB7, 0x55, 0x71, 0x0F, 0x94, 0x78, 0x8D, 0x6D, 0xD2, 0xA7, 0x5F, 0x59, 0xB3, 0xC4, 0x12, 0x4F,
    0xD8, 0xA2, 0xAA, 0x7D, 0x41, 0xD4, 0xEB, 0xBA, 0xAA, 0xB3, 0x3C, 0x63, 0x69, 0xD1, 0x49, 0x17,
    0x5B, 0x39, 0xC4, 0x4E, 0x0E, 0xD2, 0x91, 0xB2, 0xE1, 0x64, 0x8D, 0x99, 0xD1, 0x8D, 0xAE, 0x2F,
    0x71, 0x05, 0xD1, 0x8A, 0x36, 0xE9, 0x55, 0xAF, 0xAC, 0xB2, 0x09, 0x21, 0xAC, 0xE8, 0xD1, 0x45,
    0x26, 0x31, 0xB3, 0x96, 0x75, 0x8A, 0x05, 0x1E, 0x80, 0x0A, 0x47, 0xB1, 0xBB, 0xE4, 0x88, 0x53,
    0x9C, 0x5F, 0x58, 0x1F, 0x40, 0x13, 0xCB, 0x1D, 0xB2, 0xFA, 0x28, 0xA8, 0x6E, 0xB3, 0xC7, 0x7F,
    0x72, 0x48, 0x8B, 0x09, 0x2A, 0x20, 0x87, 0x70, 0x14, 0xB7, 0xD0, 0x81, 0xDC, 0xEE, 0xAD, 0x61,
    0x84, 0xF1, 0xEC, 0xBA, 0xDD, 0xE8, 0x67, 0x33, 0x84, 0x2F, 0x3B, 0x84, 0xD0, 0x14, 0x60, 0xD5,
    0xD1, 0x95, 0xE5, 0xE4, 0x52, 0xAC, 0xCA, 0xC8, 0xB1, 0x1F, 0x29, 0x0F, 0xFA, 0xFC, 0x06, 0xA2,
    0x50, 0x9A, 0x2A, 0x21, 0x34, 0x14, 0xB8, 0xDB, 0x72, 0x2D, 0x7D, 0xE2, 0x20, 0xDF, 0x5F, 0x6E,
    0x11, 0xBF, 0x7D, 0xA8, 0x03, 0x37, 0xC6, 0xA4, 0xBF, 0x71, 0x40, 0xE0, 0x61, 0x1E, 0x94, 0xE0,
    0x8B, 0x90, 0x03, 0x12, 0x0B, 0xD5, 0x23, 0xEB, 0xB0, 0x36, 0xC1, 0xB8, 0xE0, 0x96, 0x41, 0xA6,
    0x48, 0x08, 0x82, 0xCD, 0x71, 0x4E, 0xB1, 0x72, 0x36, 0x16, 0xBA, 0x45, 0x66, 0xA0, 0x2C, 0xC2,
    0x39, 0x3E, 0x18, 0x17, 0xDC, 0x32, 0xC8, 0x14, 0x09, 0xA4, 0x9D, 0x21, 0x0C, 0x9E, 0xC4, 0x87,
    0xC2, 0x67, 0x03, 0x24, 0x2D, 0xEF, 0x4F, 0x3D, 0x74, 0x3E, 0x69, 0xEE, 0xA6, 0xFF, 0xDE, 0xA7,
    0xD2, 0xBF, 0x53, 0x3F, 0xDD, 0x90, 0x21, 0x52, 0x04, 0x31, 0x10, 0x45, 0x3F, 0x93, 0x2A, 0x46,
    0xA4, 0xA8, 0x1C, 0x00, 0x11, 0xB3, 0x7E, 0x0C, 0xBE, 0xE3, 0xF7, 0x08, 0x08, 0x04, 0x07, 0x40,
    0xE0, 0x49, 0x6E, 0xC0, 0xDE, 0x05, 0xBD, 0x33, 0xED, 0xD7, 0xCC, 0x11, 0xE2, 0x31, 0x11, 0x88,
    0xA1, 0x2A, 0x33, 0x4D, 0x87, 0x29, 0xD0, 0x68, 0xAA, 0x9E, 0x48, 0x7E, 0xFF, 0xFA, 0xE9, 0xFC,
    0x6E, 0x85, 0x93, 0x44, 0x32, 0xD3, 0xB1, 0x44, 0x53, 0xC6, 0xE7, 0x32, 0xBE, 0x95, 0xF1, 0xB1,
    0x9D, 0x55, 0x51, 0x5D, 0xA7, 0xDD, 0x0A, 0x38, 0x06, 0x31, 0x84, 0x3B, 0xE1, 0xFE, 0x9D, 0xDD,
    0x85, 0xE9, 0xC8, 0x24, 0x8B, 0x02, 0xCB, 0x8A, 0x93, 0x1F, 0x12, 0xFC, 0x0A, 0x2F, 0xEC, 0x65,
    0x86, 0xCF, 0x07, 0x37, 0xB7, 0x70, 0x49, 0x2A, 0xE2, 0x29, 0x18, 0x09, 0x5E, 0x02, 0x9D, 0x10,
    0x37, 0x4C, 0x92, 0xCE, 0x8E, 0xCF, 0x96, 0x27, 0xC7, 0x51, 0x78, 0x90, 0xD0, 0x7F, 0x22, 0x4A,
    0xDE, 0xC1, 0xC0, 0x88, 0xC0, 0x86, 0xAB, 0x8A, 0x6E, 0x81, 0xF9, 0x40, 0x5F, 0x60, 0x0B, 0xFA,
    0x0D, 0x83, 0x30, 0x3D, 0x64, 0xEA, 0x33, 0xBD, 0xCE, 0xBE, 0x05, 0x32, 0xD9, 0xF2, 0x62, 0x4A,
    0xBC, 0x6F, 0x0B, 0xDB, 0x2D, 0xD8, 0x05, 0x24, 0x1A, 0xC5, 0x9A, 0x3F, 0x3A, 0x9E, 0xD4, 0x20,
    0x6C, 0x45, 0x03, 0x83, 0xEA, 0xA4, 0xD3, 0x13, 0xBA, 0x3F, 0x7E, 0xBC, 0xC2, 0x56, 0x4C, 0x15,
    0xB1, 0xE2, 0xAE, 0xB6, 0xEB, 0x2F, 0x51, 0xCA, 0xCE, 0xF5, 0xA6, 0xCF, 0xE9, 0xFE, 0x7C, 0xE3,
    0x66, 0x28, 0xAD, 0x28, 0x98, 0x0A, 0x97, 0xB5, 0x87, 0x3C, 0x7C, 0xD3, 0xAF, 0xEA, 0x49, 0xCD,
    0xE3, 0x19, 0x3E, 0x19, 0x35, 0x08, 0x1B, 0xAD, 0xC8, 0xE5, 0x83, 0xCD, 0x7B, 0x45, 0xB7, 0xFF,
    0xB1, 0xE7, 0x2F, 0x5D, 0x90, 0xC1, 0x11, 0x83, 0x20, 0x10, 0x45, 0x3F, 0x32, 0x23, 0x07, 0x0F,
    0x94, 0x40, 0x09, 0x96, 0x20, 0x25, 0xE5, 0x90, 0xBB, 0x74, 0x10, 0x3B, 0x32, 0x25, 0xA4, 0x84,
    0x74, 0x10, 0x0E, 0x1E, 0xCC, 0x44, 0xDC, 0xFC, 0x35, 0x9A, 0xCC, 0xE4, 0xF0, 0x60, 0xF8, 0xFB,
    0x97, 0xFD, 0x80, 0x5A, 0xEE, 0x68, 0x25, 0x43, 0x24, 0x57, 0x12, 0x07, 0xBB, 0x00, 0xCD, 0x0C,
    0x1E, 0x25, 0x12, 0xDD, 0xE1, 0x33, 0x36, 0x44, 0x56, 0x52, 0xC8, 0xB2, 0x79, 0x1C, 0xBD, 0x56,
    0xE2, 0x89, 0xC2, 0x84, 0x4E, 0x66, 0xD4, 0x32, 0x74, 0x34, 0x1D, 0xC0, 0x4F, 0xD8, 0x49, 0xF0,
    0x9C, 0xE3, 0x39, 0x27, 0x48, 0x32, 0xB4, 0x5A, 0xB6, 0xD8, 0xC7, 0xEB, 0xB6, 0x69, 0x5A, 0x1B,
    0xCB, 0x47, 0x23, 0xE6, 0xF2, 0xED, 0x83, 0x19, 0x9F, 0x0C, 0x24, 0x92, 0x58, 0xA1, 0xAB, 0x1A,
    0x02, 0x83, 0xA0, 0x61, 0x11, 0x6E, 0x42, 0xAF, 0xF1, 0x7E, 0x0B, 0xC2, 0x4A, 0x9D, 0xB6, 0xFF,
    0x82, 0xA6, 0xDF, 0x97, 0x82, 0x33, 0x9C, 0xBE, 0xC0, 0x68, 0x6A, 0xB4, 0x6B, 0x54, 0xCB, 0x72,
    0x00, 0x57, 0xC0, 0x92, 0x6A, 0xF9, 0x00, 0x96, 0xD7, 0x86, 0x85, 0x9A, 0x4E, 0x4C, 0xE8, 0xB5,
    0x8F, 0x34, 0x45, 0xDF, 0xAF, 0x13, 0xAF, 0x40, 0xA7, 0x9F, 0xA4, 0x9F, 0x52, 0xF0, 0x06, 0xAD,
    0x93, 0xBD, 0x8D, 0xDC, 0x30, 0x10, 0x85, 0x9F, 0x44, 0xC0, 0x0A, 0x04, 0x83, 0x89, 0xB3, 0x0D,
    0x98, 0x3A, 0x53, 0xEC, 0x88, 0x82, 0x1B, 0x71, 0x09, 0x2E, 0x81, 0x2A, 0xE1, 0x12, 0xF7, 0xE1,
    0x06, 0x6C, 0xAA, 0x04, 0x95, 0xA0, 0xE0, 0x0A, 0x60, 0x20, 0xC0, 0x0C, 0x28, 0x8D, 0xDF, 0x50,
    0xDA, 0xF5, 0x3A, 0xBA, 0xE4, 0x16, 0x98, 0x59, 0x81, 0x43, 0xBD, 0xF9, 0xE6, 0x47, 0x8D, 0xAC,
    0xE8, 0xE4, 0x80, 0x11, 0x99, 0xCC, 0x18, 0x17, 0xC0, 0x25, 0xA0, 0xA7, 0x75, 0x1B, 0x60, 0x32,
    0x86, 0x3F, 0xA5, 0x11, 0x29, 0x1D, 0xCD, 0xE6, 0xBE, 0xB8, 0xD5, 0x94, 0x61, 0x36, 0xC5, 0xCF,
    0x26, 0xFB, 0x49, 0xAD, 0xDB, 0xFC, 0x64, 0xD3, 0x30, 0xBB, 0xD5, 0xA5, 0x30, 0x5B, 0x91, 0xD1,
    0xC8, 0x0E, 0x84, 0x15, 0xB0, 0x19, 0xD4, 0x2B, 0x74, 0x03, 0x4F, 0xE0, 0x0F, 0xBA, 0x10, 0xE9,
    0x62, 0x18, 0x81, 0xC3, 0x4F, 0xC0, 0xEE, 0x67, 0xB4, 0x54, 0x84, 0x29, 0x6E, 0x61, 0x3E, 0x4B,
    0x9C, 0xCD, 0x26, 0x12, 0xD8, 0x0D, 0x36, 0xF5, 0x19, 0x6E, 0xED, 0x0A, 0x86, 0xC5, 0x14, 0x30,
    0xE7, 0x0E, 0x2F, 0xA4, 0x0D, 0x22, 0x82, 0x78, 0xB9, 0xF4, 0xB0, 0x1F, 0xDF, 0x52, 0x1C, 0xED,
    0xBB, 0x19, 0xF5, 0x37, 0x35, 0x6A, 0x6F, 0xC4, 0x3C, 0x3B, 0xA3, 0x5D, 0x61, 0x45, 0x8D, 0x68,
    0x19, 0xAC, 0xE2, 0x1E, 0x20, 0x73, 0x7D, 0x8E, 0x2C, 0x8A, 0x31, 0x92, 0xA2, 0xCB, 0xE7, 0xF1,
    0xC0, 0x56, 0x04, 0x86, 0xEE, 0x7A, 0x97, 0xE6, 0x83, 0x9B, 0x4A, 0xBC, 0xDD, 0x52, 0xD5, 0x68,
    0x06, 0x6D, 0x1C, 0x6F, 0x7B, 0x8A, 0x87, 0x2B, 0x94, 0xFF, 0x85, 0xDC, 0xDB, 0x21, 0x37, 0xF9,
    0x35, 0x24, 0xBF, 0x3A, 0xA2, 0x28, 0xCB, 0x09, 0xDB, 0x6A, 0xF7, 0x15, 0xAB, 0xF2, 0x57, 0xB8,
    0x5A, 0x4D, 0x45, 0xBC, 0x1C, 0x45, 0x7E, 0x72, 0x0C, 0x8E, 0xE3, 0x44, 0xCC, 0x2C, 0xC7, 0x17,
    0x0A, 0xFA, 0xC2, 0x64, 0xCD, 0xAE, 0x83, 0x13, 0x15, 0x89, 0x75, 0x98, 0xE5, 0xEE, 0x5C, 0xBE,
    0xBF, 0x7F, 0xAE, 0x0D, 0x51, 0xDC, 0x11, 0xCA, 0x35, 0x29, 0x9B, 0x03, 0x7E, 0x75, 0xC9, 0x9F,
    0x4F, 0xF5, 0xAC, 0x46, 0xBB, 0xAC, 0xC8, 0x08, 0x89, 0xAB, 0x97, 0x60, 0x69, 0x6E, 0x3B, 0x5B,
    0x35, 0x70, 0x09, 0xFD, 0x7B, 0x98, 0x4E, 0x63, 0xE6, 0xAE, 0x8C, 0x08, 0xC4, 0x0E, 0xAF, 0xEC,
    0xC1, 0x8E, 0x2F, 0xE8, 0x65, 0x8D, 0x70, 0x0A, 0x42, 0x1A, 0x62, 0x7E, 0x95, 0x0D, 0xB7, 0x9A,
    0xF5, 0xF1, 0x7B, 0xEB, 0xDE, 0x47, 0x2D, 0x9B, 0xDD, 0xF5, 0xFC, 0xFF, 0xFD, 0xDF, 0x0E, 0xA2,
    0x5F, 0x1E, 0x83, 0x78, 0x3E, 0x7F, 0x9E, 0x6C, 0x3B, 0x6A, 0x8E, 0xE6, 0xA5, 0x96, 0xFB, 0x81,
    0xEF, 0x04, 0x49, 0x37, 0x39, 0xC6, 0x20, 0x2F, 0x88, 0x6C, 0x82, 0x5A, 0x90, 0x85, 0x00, 0xC7,
    0x88, 0xEF, 0x8C, 0xB7, 0xBA, 0x23, 0x37, 0x6D, 0x57, 0x7D, 0x33, 0x5E, 0x3B, 0xA9, 0xF6, 0x19,
    0x57, 0xB1, 0x5A, 0x21, 0x01, 0xF9, 0x9D, 0x4E, 0x84, 0xBE, 0x54, 0x68, 0x83, 0x24, 0x9E, 0x51,
    0xFB, 0x15, 0x9E, 0x73, 0xD3, 0x6F, 0xEE, 0xD3, 0x55, 0xE5, 0xB3, 0xCE, 0x5F, 0x95, 0xCE, 0xB1,
    0x11, 0x80, 0x20, 0x10, 0x44, 0xD1, 0xD5, 0x0B, 0x08, 0x28, 0x86, 0x16, 0xEC, 0x8C, 0xC6, 0x8C,
    0xB4, 0x14, 0x1B, 0x38, 0x07, 0x02, 0x82, 0x93, 0x15, 0x02, 0x46, 0x43, 0x0D, 0xFE, 0x4B, 0x6E,
    0xE6, 0x66, 0x11, 0xB4, 0x80, 0xA9, 0x0A, 0x0F, 0x8A, 0x49, 0x75, 0x19, 0xC5, 0x2B, 0xD0, 0x8B,
    0xDC, 0x6C, 0xE4, 0x75, 0xFE, 0x1D, 0xC2, 0xB9, 0x62, 0x62, 0x32, 0xB4, 0xEF, 0x06, 0x67, 0x62,
    0xF0, 0xB9, 0xA3, 0x83, 0xC8, 0xFD, 0xCD, 0x73, 0xF8, 0xC6, 0xD5, 0x98, 0xB9, 0xB4, 0xB1, 0xEC,
    0x8B, 0x03, 0x6E, 0x63, 0x60, 0x6C, 0x60, 0x60, 0x60, 0x60, 0x7F, 0x00, 0x24, 0xE4, 0x7F, 0x00,
    0x89, 0xCA, 0x78, 0x06, 0x06, 0xC6, 0x0F, 0xCC, 0x07, 0x18, 0xD8, 0x7F, 0x5F, 0xFA, 0xC0, 0x20,
    0xFF, 0xFF, 0xF0, 0x1F, 0x86, 0xFA, 0xFF, 0xDE, 0xFF, 0x19, 0xEA, 0xFF, 0xCA, 0xFF, 0x67, 0x90,
    0xFF, 0x63, 0xFF, 0x87, 0x81, 0xFD, 0xFF, 0xFF, 0x0F, 0x0C, 0x8C, 0x7F, 0xEB, 0x0F, 0x30, 0x30,
    0xD4, 0xD8, 0x03, 0x75, 0xC8, 0xD8, 0xC0, 0x0C, 0x00, 0x19, 0x05, 0x00,
};

static const EpdGlyph ubuntumono_16_boldGlyphs[] = {
    { 0, 0, 267, 0, 0, 0, 0 }, // U+0000
    { 0, 0, 267, 0, 0, 0, 0 }, // U+0008
    { 0, 0, 267, 0, 0, 0, 0 }, // U+0009
    { 0, 0, 267, 0, 0, 0, 0 }, // U+000D
    { 0, 0, 267, 0, 0, 0, 0 }, // U+001D
    { 0, 0, 267, 0, 0, 0, 0 }, // U+0020
    { 6, 20, 267, 5, 20, 30, 0 }, // !
    { 12, 9, 267, 2, 23, 27, 30 }, // "
    { 16, 20, 267, 0, 20, 80, 57 }, // #
    { 15, 26, 267, 1, 23, 98, 137 }, // $
    { 17, 20, 267, 0, 20, 85, 235 }, // %
    { 16, 20, 267, 0, 20, 80, 320 }, // &
    { 5, 10, 267, 6, 23, 13, 400 }, // '
    { 11, 28, 267, 3, 23, 77, 413 }, // (
    { 12, 28, 267, 2, 23, 84, 490 }, // )
    { 15, 13, 267, 1, 20, 49, 574 }, // *
    { 15, 15, 267, 1, 16, 57, 623 }, // +
    { 8, 11, 267, 4, 6, 22, 680 }, // ,
    { 10, 4, 267, 3, 10, 10, 702 }, // -
    { 7, 6, 267, 5, 6, 11, 712 }, // .
    { 14, 28, 267, 1, 23, 98, 723 }, // /
    { 15, 20, 267, 1, 20, 75, 821 }, // 0
    { 15, 20, 267, 1, 20, 75, 896 }, // 1
    { 15, 20, 267, 1, 20, 75, 971 }, // 2
    { 14, 20, 267, 1, 20, 70, 1046 }, // 3
    { 16, 20, 267, 0, 20, 80, 1116 }, // 4
    { 14, 20, 267, 1, 20, 70, 1196 }, // 5
    { 15, 20, 267, 1, 20, 75, 1266 }, // 6
    { 14, 20, 267, 1, 20, 70, 1341 }, // 7
    { 15, 20, 267, 1, 20, 75, 1411 }, // 8
    { 15, 20, 267, 1, 20, 75, 1486 }, // 9
    { 7, 16, 267, 5, 16, 28, 1561 }, // :
    { 9, 21, 267, 3, 16, 48, 1589 }, // ;
    { 15, 15, 267, 1, 16, 57, 1637 }, // <
    { 15, 9, 267, 1, 13, 34, 1694 }, // =
    { 15, 15, 267, 1, 16, 57, 1728 }, // >
    { 13, 20, 267, 2, 20, 65, 1785 }, // ?
    { 16, 24, 267, 0, 20, 96, 1850 }, // @
    { 17, 20, 267, 0, 20, 85, 1946 }, // A
    { 15, 20, 267, 1, 20, 75, 2031 }, // B
    { 16, 20, 267, 0, 20, 80, 2106 }, // C
    { 15, 20, 267, 1, 20, 75, 2186 }, // D
    { 14, 20, 267, 2, 20, 70, 2261 }, // E
    { 13, 20, 267, 2, 20, 65, 2331 }, // F
    { 16, 20, 267, 0, 20, 80, 2396 }, // G
    { 15, 20, 267, 1, 20, 75, 2476 }, // H
    { 14, 20, 267, 1, 20, 70, 2551 }, // I
    { 14, 20, 267, 1, 20, 70, 2621 }, // J
    { 16, 20, 267, 1, 20, 80, 2691 }, // K
    { 14, 20, 267, 2, 20, 70, 2771 }, // L
    { 16, 20, 267, 0, 20, 80, 2841 }, // M
    { 14, 20, 267, 1, 20, 70, 2921 }, // N
    { 16, 20, 267, 0, 20, 80, 2991 }, // O
    { 15, 20, 267, 1, 20, 75, 3071 }, // P
    { 16, 25, 267, 0, 20, 100, 3146 }, // Q
    { 16, 20, 267, 1, 20, 80, 3246 }, // R
    { 15, 20, 267, 1, 20, 75, 3326 }, // S
    { 16, 20, 267, 0, 20, 80, 3401 }, // T
    { 15, 20, 267, 1, 20, 75, 3481 }, // U
    { 17, 20, 267, 0, 20, 85, 3556 }, // V
    { 16, 20, 267, 0, 20, 80, 3641 }, // W
    { 17, 20, 267, 0, 20, 85, 3721 }, // X
    { 17, 20, 267, 0, 20, 85, 3806 }, // Y
    { 14, 20, 267, 1, 20, 70, 3891 }, // Z
    { 10, 28, 267, 3, 23, 70, 3961 }, // [
    { 15, 28, 267, 1, 23, 105, 4031 }, // <backslash>
    { 10, 28, 267, 3, 23, 70, 4136 }, // ]
    { 17, 10, 267, 0, 20, 43, 4206 }, // ^
    { 17, 3, 267, 0, -2, 13, 4249 }, // _
    { 8, 6, 267, 5, 23, 12, 4262 }, // `
    { 14, 16, 267, 1, 16, 56, 4274 }, // a
    { 14, 23, 267, 2, 23, 81, 4330 }, // b
    { 15, 16, 267, 1, 16, 60, 4411 }, // c
    { 15, 23, 267, 0, 23, 87, 4471 }, // d
    { 15, 16, 267, 1, 16, 60, 4558 }, // e
    { 16, 23, 267, 1, 23, 92, 4618 }, // f
    { 14, 21, 267, 1, 16, 74, 4710 }, // g
    { 13, 23, 267, 2, 23, 75, 4784 }, // h
    { 15, 23, 267, 1, 23, 87, 4859 }, // i
    { 13, 28, 267, 1, 23, 91, 4946 }, // j
    { 15, 23, 267, 2, 23, 87, 5037 }, // k
    { 15, 23, 267, 1, 23, 87, 5124 }, // l
    { 16, 16, 267, 0, 16, 64, 5211 }, // m
    { 13, 16, 267, 2, 16, 52, 5275 }, // n
    { 16, 16, 267, 0, 16, 64, 5327 }, // o
    { 14, 21, 267, 2, 16, 74, 5391 }, // p
    { 14, 21, 267, 1, 16, 74, 5465 }, // q
    { 14, 16, 267, 2, 16, 56, 5539 }, // r
    { 14, 16, 267, 1, 16, 56, 5595 }, // s
    { 15, 21, 267, 1, 21, 79, 5651 }, // t
    { 14, 16, 267, 1, 16, 56, 5730 }, // u
    { 17, 16, 267, 0, 16, 68, 5786 }, // v
    { 17, 16, 267, 0, 16, 68, 5854 }, // w
    { 16, 16, 267, 0, 16, 64, 5922 }, // x
    { 16, 21, 267, 0, 16, 84, 5986 }, // y
    { 13, 16, 267, 2, 16, 52, 6070 }, // z
    { 13, 28, 267, 2, 23, 91, 6122 }, // {
    { 5, 28, 267, 6, 23, 35, 6213 }, // |
    { 13, 28, 267, 2, 23, 91, 6248 }, // }
    { 17, 6, 267, 0, 12, 26, 6339 }, // ~
    { 0, 0, 267, 0, 0, 0, 0 }, // U+00A0
    { 6, 20, 267, 5, 15, 30, 0 }, // U+00A1
    { 15, 23, 267, 1, 20, 87, 30 }, // U+00A2
    { 15, 20, 267, 1, 20, 75, 117 }, // U+00A3
    { 16, 15, 267, 0, 17, 60, 192 }, // U+00A4
    { 17, 20, 267, 0, 20, 85, 252 }, // U+00A5
    { 5, 28, 267, 6, 23, 35, 337 }, // U+00A6
    { 14, 23, 267, 1, 20, 81, 372 }, // U+00A7
    { 12, 4, 267, 2, 23, 12, 453 }, // U+00A8
    { 16, 16, 267, 0, 16, 64, 465 }, // U+00A9
    { 11, 11, 267, 3, 20, 31, 529 }, // U+00AA
    { 14, 14, 267, 1, 16, 49, 560 }, // U+00AB
    { 14, 10, 267, 1, 12, 35, 609 }, // U+00AC
    { 10, 4, 267, 3, 10, 10, 644 }, // U+00AD
    { 16, 16, 267, 0, 16, 64, 654 }, // U+00AE
    { 11, 3, 267, 3, 21, 9, 718 }, // U+00AF
    { 11, 10, 267, 3, 23, 28, 727 }, // U+00B0
    { 15, 17, 267, 1, 17, 64, 755 }, // U+00B1
    { 10, 12, 267, 3, 21, 30, 819 }, // U+00B2
    { 10, 13, 267, 3, 21, 33, 849 }, // U+00B3
    { 8, 6, 267, 5, 23, 12, 882 }, // U+00B4
    { 14, 21, 267, 1, 16, 74, 894 }, // U+00B5
    { 16, 25, 267, 0, 20, 100, 968 }, // U+00B6
    { 7, 6, 267, 5, 12, 11, 1068 }, // U+00B7
    { 7, 5, 267, 5, 0, 9, 1079 }, // U+00B8
    { 10, 12, 267, 4, 20, 30, 1088 }, // U+00B9
    { 12, 12, 267, 2, 21, 36, 1118 }, // U+00BA
    { 14, 14, 267, 1, 16, 49, 1154 }, // U+00BB
    { 17, 20, 267, 0, 20, 85, 1203 }, // U+00BC
    { 17, 20, 267, 0, 20, 85, 1288 }, // U+00BD
    { 17, 20, 267, 0, 20, 85, 1373 }, // U+00BE
    { 13, 21, 267, 2, 16, 69, 1458 }, // U+00BF
    { 17, 28, 267, 0, 28, 119, 1527 }, // U+00C0
    { 17, 28, 267, 0, 28, 119, 1646 }, // U+00C1
    { 17, 28, 267, 0, 28, 119, 1765 }, // U+00C2
    { 17, 27, 267, 0, 27, 115, 1884 }, // U+00C3
    { 17, 28, 267, 0, 28, 119, 1999 }, // U+00C4
    { 17, 26, 267, 0, 26, 111, 2118 }, // U+00C5
    { 17, 20, 267, 0, 20, 85, 2229 }, // U+00C6
    { 16, 26, 267, 0, 20, 104, 2314 }, // U+00C7
    { 14, 28, 267, 2, 28, 98, 2418 }, // U+00C8
    { 14, 28, 267, 2, 28, 98, 2516 }, // U+00C9
    { 14, 28, 267, 2, 28, 98, 2614 }, // U+00CA
    { 14, 28, 267, 2, 28, 98, 2712 }, // U+00CB
    { 14, 28, 267, 1, 28, 98, 2810 }, // U+00CC
    { 14, 28, 267, 1, 28, 98, 2908 }, // U+00CD
    { 14, 28, 267, 1, 28, 98, 3006 }, // U+00CE
    { 14, 28, 267, 1, 28, 98, 3104 }, // U+00CF
    { 16, 20, 267, 0, 20, 80, 3202 }, // U+00D0
    { 14, 27, 267, 1, 27, 95, 3282 }, // U+00D1
    { 16, 28, 267, 0, 28, 112, 3377 }, // U+00D2
    { 16, 28, 267, 0, 28, 112, 3489 }, // U+00D3
    { 16, 28, 267, 0, 28, 112, 3601 }, // U+00D4
    { 16, 27, 267, 0, 27, 108, 3713 }, // U+00D5
    { 16, 28, 267, 0, 28, 112, 3821 }, // U+00D6
    { 14, 13, 267, 1, 15, 46, 3933 }, // U+00D7
    { 16, 23, 267, 0, 22, 92, 3979 }, // U+00D8
    { 15, 28, 267, 1, 28, 105, 4071 }, // U+00D9
    { 15, 28, 267, 1, 28, 105, 4176 }, // U+00DA
    { 15, 28, 267, 1, 28, 105, 4281 }, // U+00DB
    { 15, 28, 267, 1, 28, 105, 4386 }, // U+00DC
    { 17, 28, 267, 0, 28, 119, 4491 }, // U+00DD
    { 15, 20, 267, 1, 20, 75, 4610 }, // U+00DE
    { 16, 23, 267, 1, 23, 92, 4685 }, // U+00DF
    { 14, 23, 267, 1, 23, 81, 4777 }, // U+00E0
    { 14, 23, 267, 1, 23, 81, 4858 }, // U+00E1
    { 14, 23, 267, 1, 23, 81, 4939 }, // U+00E2
    { 14, 22, 267, 1, 22, 77, 5020 }, // U+00E3
    { 14, 23, 267, 1, 23, 81, 5097 }, // U+00E4
    { 14, 24, 267, 1, 24, 84, 5178 }, // U+00E5
    { 17, 16, 267, 0, 16, 68, 5262 }, // U+00E6
    { 15, 22, 267, 1, 16, 83, 5330 }, // U+00E7
    { 15, 23, 267, 1, 23, 87, 5413 }, // U+00E8
    { 15, 23, 267, 1, 23, 87, 5500 }, // U+00E9
    { 15, 23, 267, 1, 23, 87, 5587 }, // U+00EA
    { 15, 23, 267, 1, 23, 87, 5674 }, // U+00EB
    { 15, 23, 267, 1, 23, 87, 5761 }, // U+00EC
    { 15, 23, 267, 1, 23, 87, 5848 }, // U+00ED
    { 15, 23, 267, 1, 23, 87, 5935 }, // U+00EE
    { 15, 23, 267, 1, 23, 87, 6022 }, // U+00EF
    { 15, 23, 267, 1, 23, 87, 6109 }, // U+00F0
    { 13, 22, 267, 2, 22, 72, 6196 }, // U+00F1
    { 16, 23, 267, 0, 23, 92, 6268 }, // U+00F2
    { 16, 23, 267, 0, 23, 92, 6360 }, // U+00F3
    { 16, 23, 267, 0, 23, 92, 6452 }, // U+00F4
    { 16, 22, 267, 0, 22, 88, 6544 }, // U+00F5
    { 16, 23, 267, 0, 23, 92, 6632 }, // U+00F6
    { 15, 17, 267, 1, 17, 64, 6724 }, // U+00F7
    { 16, 18, 267, 0, 17, 72, 6788 }, // U+00F8
    { 14, 23, 267, 1, 23, 81, 6860 }, // U+00F9
    { 14, 23, 267, 1, 23, 81, 6941 }, // U+00FA
    { 14, 23, 267, 1, 23, 81, 7022 }, // U+00FB
    { 14, 23, 267, 1, 23, 81, 7103 }, // U+00FC
    { 16, 28, 267, 0, 23, 112, 7184 }, // U+00FD
    { 14, 28, 267, 2, 23, 98, 7296 }, // U+00FE
    { 16, 28, 267, 0, 23, 112, 7394 }, // U+00FF
    { 17, 26, 267, 0, 26, 111, 0 }, // U+0100
    { 14, 21, 267, 1, 21, 74, 111 }, // U+0101
    { 17, 27, 267, 0, 27, 115, 185 }, // U+0102
    { 14, 22, 267, 1, 22, 77, 300 }, // U+0103
    { 17, 26, 267, 0, 20, 111, 377 }, // U+0104
    { 14, 21, 267, 1, 16, 74, 488 }, // U+0105
    { 16, 28, 267, 0, 28, 112, 562 }, // U+0106
    { 15, 23, 267, 1, 23, 87, 674 }, // U+0107
    { 16, 28, 267, 0, 28, 112, 761 }, // U+0108
    { 15, 23, 267, 1, 23, 87, 873 }, // U+0109
    { 16, 27, 267, 0, 27, 108, 960 }, // U+010A
    { 15, 22, 267, 1, 22, 83, 1068 }, // U+010B
    { 16, 28, 267, 0, 28, 112, 1151 }, // U+010C
    { 15, 23, 267, 1, 23, 87, 1263 }, // U+010D
    { 15, 28, 267, 1, 28, 105, 1350 }, // U+010E
    { 18, 23, 267, 0, 23, 104, 1455 }, // U+010F
    { 16, 20, 267, 0, 20, 80, 1559 }, // U+0110
    { 16, 23, 267, 0, 23, 92, 1639 }, // U+0111
    { 14, 26, 267, 2, 26, 91, 1731 }, // U+0112
    { 15, 21, 267, 1, 21, 79, 1822 }, // U+0113
    { 14, 27, 267, 2, 27, 95, 1901 }, // U+0114
    { 15, 22, 267, 1, 22, 83, 1996 }, // U+0115
    { 14, 27, 267, 2, 27, 95, 2079 }, // U+0116
    { 15, 22, 267, 1, 22, 83, 2174 }, // U+0117
    { 14, 26, 267, 2, 20, 91, 2257 }, // U+0118
    { 15, 22, 267, 1, 16, 83, 2348 }, // U+0119
    { 14, 28, 267, 2, 28, 98, 2431 }, // U+011A
    { 15, 23, 267, 1, 23, 87, 2529 }, // U+011B
    { 16, 28, 267, 0, 28, 112, 2616 }, // U+011C
    { 14, 28, 267, 1, 23, 98, 2728 }, // U+011D
    { 16, 27, 267, 0, 27, 108, 2826 }, // U+011E
    { 14, 27, 267, 1, 22, 95, 2934 }, // U+011F
    { 16, 27, 267, 0, 27, 108, 3029 }, // U+0120
    { 14, 27, 267, 1, 22, 95, 3137 }, // U+0121
    { 16, 26, 267, 0, 20, 104, 3232 }, // U+0122
    { 14, 28, 267, 1, 23, 98, 3336 }, // U+0123
    { 15, 28, 267, 1, 28, 105, 3434 }, // U+0124
    { 14, 27, 267, 1, 27, 95, 3539 }, // U+0125
    { 16, 20, 267, 0, 20, 80, 3634 }, // U+0126
    { 15, 23, 267, 0, 23, 87, 3714 }, // U+0127
    { 14, 27, 267, 1, 27, 95, 3801 }, // U+0128
    { 15, 22, 267, 1, 22, 83, 3896 }, // U+0129
    { 14, 26, 267, 1, 26, 91, 3979 }, // U+012A
    { 15, 21, 267, 1, 21, 79, 4070 }, // U+012B
    { 14, 27, 267, 1, 27, 95, 4149 }, // U+012C
    { 15, 22, 267, 1, 22, 83, 4244 }, // U+012D
    { 14, 26, 267, 1, 20, 91, 4327 }, // U+012E
    { 15, 29, 267, 1, 23, 109, 4418 }, // U+012F
    { 14, 27, 267, 1, 27, 95, 4527 }, // U+0130
    { 15, 16, 267, 1, 16, 60, 4622 }, // U+0131
    { 16, 20, 267, 0, 20, 80, 4682 }, // U+0132
    { 14, 28, 267, 1, 23, 98, 4762 }, // U+0133
    { 14, 28, 267, 1, 28, 98, 4860 }, // U+0134
    { 13, 28, 267, 1, 23, 91, 4958 }, // U+0135
    { 16, 26, 267, 1, 20, 104, 5049 }, // U+0136
    { 15, 29, 267, 2, 23, 109, 5153 }, // U+0137
    { 15, 16, 267, 2, 16, 60, 5262 }, // U+0138
    { 14, 28, 267, 2, 28, 98, 5322 }, // U+0139
    { 15, 27, 267, 1, 27, 102, 5420 }, // U+013A
    { 14, 26, 267, 2, 20, 91, 5522 }, // U+013B
    { 15, 29, 267, 1, 23, 109, 5613 }, // U+013C
    { 14, 21, 267, 2, 21, 74, 5722 }, // U+013D
    { 15, 23, 267, 1, 23, 87, 5796 }, // U+013E
    { 14, 20, 267, 2, 20, 70, 5883 }, // U+013F
    { 18, 23, 267, 1, 23, 104, 5953 }, // U+0140
    { 17, 20, 267, -1, 20, 85, 6057 }, // U+0141
    { 15, 23, 267, 1, 23, 87, 6142 }, // U+0142
    { 14, 28, 267, 1, 28, 98, 6229 }, // U+0143
    { 13, 23, 267, 2, 23, 75, 6327 }, // U+0144
    { 14, 26, 267, 1, 20, 91, 6402 }, // U+0145
    { 13, 22, 267, 2, 16, 72, 6493 }, // U+0146
    { 14, 28, 267, 1, 28, 98, 6565 }, // U+0147
    { 13, 23, 267, 2, 23, 75, 6663 }, // U+0148
    { 17, 24, 267, -1, 24, 102, 6738 }, // U+0149
    { 14, 26, 267, 1, 20, 91, 6840 }, // U+014A
    { 13, 21, 267, 2, 16, 69, 6931 }, // U+014B
    { 16, 26, 267, 0, 26, 104, 7000 }, // U+014C
    { 16, 21, 267, 0, 21, 84, 7104 }, // U+014D
    { 16, 27, 267, 0, 27, 108, 7188 }, // U+014E
    { 16, 22, 267, 0, 22, 88, 7296 }, // U+014F
    { 16, 28, 267, 0, 28, 112, 7384 }, // U+0150
    { 16, 23, 267, 0, 23, 92, 7496 }, // U+0151
    { 17, 20, 267, 0, 20, 85, 7588 }, // U+0152
    { 17, 16, 267, 0, 16, 68, 7673 }, // U+0153
    { 16, 28, 267, 1, 28, 112, 7741 }, // U+0154
    { 14, 23, 267, 2, 23, 81, 7853 }, // U+0155
    { 16, 26, 267, 1, 20, 104, 7934 }, // U+0156
    { 15, 22, 267, 1, 16, 83, 8038 }, // U+0157
    { 16, 28, 267, 1, 28, 112, 8121 }, // U+0158
    { 14, 23, 267, 2, 23, 81, 8233 }, // U+0159
    { 15, 28, 267, 1, 28, 105, 8314 }, // U+015A
    { 14, 23, 267, 1, 23, 81, 8419 }, // U+015B
    { 15, 28, 267, 1, 28, 105, 8500 }, // U+015C
    { 14, 23, 267, 1, 23, 81, 8605 }, // U+015D
    { 15, 26, 267, 1, 20, 98, 8686 }, // U+015E
    { 14, 21, 267, 1, 16, 74, 8784 }, // U+015F
    { 15, 28, 267, 1, 28, 105, 8858 }, // U+0160
    { 14, 23, 267, 1, 23, 81, 8963 }, // U+0161
    { 16, 25, 267, 0, 20, 100, 9044 }, // U+0162
    { 15, 25, 267, 1, 20, 94, 9144 }, // U+0163
    { 16, 28, 267, 0, 28, 112, 9238 }, // U+0164
    { 15, 23, 267, 1, 23, 87, 9350 }, // U+0165
    { 16, 20, 267, 0, 20, 80, 9437 }, // U+0166
    { 15, 20, 267, 1, 20, 75, 9517 }, // U+0167
    { 15, 27, 267, 1, 27, 102, 9592 }, // U+0168
    { 14, 22, 267, 1, 22, 77, 9694 }, // U+0169
    { 15, 26, 267, 1, 26, 98, 9771 }, // U+016A
    { 14, 21, 267, 1, 21, 74, 9869 }, // U+016B
    { 15, 27, 267, 1, 27, 102, 9943 }, // U+016C
    { 14, 22, 267, 1, 22, 77, 10045 }, // U+016D
    { 15, 27, 267, 1, 27, 102, 10122 }, // U+016E
    { 14, 23, 267, 1, 23, 81, 10224 }, // U+016F
    { 15, 28, 267, 1, 28, 105, 10305 }, // U+0170
    { 15, 23, 267, 1, 23, 87, 10410 }, // U+0171
    { 15, 26, 267, 1, 20, 98, 10497 }, // U+0172
    { 14, 21, 267, 1, 16, 74, 10595 }, // U+0173
    { 16, 28, 267, 0, 28, 112, 10669 }, // U+0174
    { 17, 23, 267, 0, 23, 98, 10781 }, // U+0175
    { 17, 28, 267, 0, 28, 119, 10879 }, // U+0176
    { 16, 28, 267, 0, 23, 112, 10998 }, // U+0177
    { 17, 28, 267, 0, 28, 119, 11110 }, // U+0178
    { 14, 28, 267, 1, 28, 98, 11229 }, // U+0179
    { 13, 23, 267, 2, 23, 75, 11327 }, // U+017A
    { 14, 27, 267, 1, 27, 95, 11402 }, // U+017B
    { 13, 22, 267, 2, 22, 72, 11497 }, // U+017C
    { 14, 28, 267, 1, 28, 98, 11569 }, // U+017D
    { 13, 23, 267, 2, 23, 75, 11667 }, // U+017E
    { 13, 23, 267, 4, 23, 75, 11742 }, // U+017F
    { 17, 23, 267, 0, 23, 98, 0 }, // U+01A0
    { 17, 19, 267, 0, 19, 81, 98 }, // U+01A1
    { 16, 23, 267, 1, 23, 92, 179 }, // U+01AF
    { 16, 18, 267, 1, 18, 72, 271 }, // U+01B0
    { 18, 27, 267, 0, 27, 122, 343 }, // U+01C4
    { 18, 23, 267, 0, 23, 104, 465 }, // U+01C5
    { 18, 23, 267, 0, 23, 104, 569 }, // U+01C6
    { 16, 20, 267, 0, 20, 80, 673 }, // U+01C7
    { 15, 28, 267, 1, 22, 105, 753 }, // U+01C8
    { 15, 29, 267, 1, 23, 109, 858 }, // U+01C9
    { 16, 20, 267, 0, 20, 80, 967 }, // U+01CA
    { 16, 28, 267, 0, 22, 112, 1047 }, // U+01CB
    { 16, 27, 267, 0, 21, 108, 1159 }, // U+01CC
    { 17, 28, 267, 0, 28, 119, 1267 }, // U+01CD
    { 14, 23, 267, 1, 23, 81, 1386 }, // U+01CE
    { 14, 28, 267, 1, 28, 98, 1467 }, // U+01CF
    { 15, 23, 267, 1, 23, 87, 1565 }, // U+01D0
    { 16, 28, 267, 0, 28, 112, 1652 }, // U+01D1
    { 16, 23, 267, 0, 23, 92, 1764 }, // U+01D2
    { 15, 28, 267, 1, 28, 105, 1856 }, // U+01D3
    { 14, 23, 267, 1, 23, 81, 1961 }, // U+01D4
    { 15, 27, 267, 1, 27, 102, 2042 }, // U+01D5
    { 14, 24, 267, 1, 24, 84, 2144 }, // U+01D6
    { 15, 27, 267, 1, 27, 102, 2228 }, // U+01D7
    { 14, 26, 267, 1, 26, 91, 2330 }, // U+01D8
    { 15, 27, 267, 1, 27, 102, 2421 }, // U+01D9
    { 14, 25, 267, 1, 25, 88, 2523 }, // U+01DA
    { 15, 27, 267, 1, 27, 102, 2611 }, // U+01DB
    { 14, 26, 267, 1, 26, 91, 2713 }, // U+01DC
    { 15, 16, 267, 1, 16, 60, 2804 }, // U+01DD
    { 17, 27, 267, 0, 27, 115, 2864 }, // U+01DE
    { 14, 24, 267, 1, 24, 84, 2979 }, // U+01DF
    { 17, 27, 267, 0, 27, 115, 3063 }, // U+01E0
    { 14, 24, 267, 1, 24, 84, 3178 }, // U+01E1
    { 17, 26, 267, 0, 26, 111, 3262 }, // U+01E2
    { 17, 21, 267, 0, 21, 90, 3373 }, // U+01E3
    { 16, 20, 267, 0, 20, 80, 3463 }, // U+01E4
    { 15, 21, 267, 1, 16, 79, 3543 }, // U+01E5
    { 16, 28, 267, 0, 28, 112, 3622 }, // U+01E6
    { 14, 28, 267, 1, 23, 98, 3734 }, // U+01E7
    { 16, 28, 267, 1, 28, 112, 3832 }, // U+01E8
    { 16, 27, 267, 1, 27, 108, 3944 }, // U+01E9
    { 16, 26, 267, 0, 20, 104, 4052 }, // U+01EA
    { 16, 22, 267, 0, 16, 88, 4156 }, // U+01EB
    { 16, 32, 267, 0, 26, 128, 4244 }, // U+01EC
    { 16, 27, 267, 0, 21, 108, 4372 }, // U+01ED
    { 16, 28, 267, 0, 28, 112, 4480 }, // U+01EE
    { 14, 28, 267, 1, 23, 98, 4592 }, // U+01EF
    { 13, 28, 267, 1, 23, 91, 4690 }, // U+01F0
    { 17, 20, 267, 0, 20, 85, 4781 }, // U+01F1
    { 17, 20, 267, 0, 20, 85, 4866 }, // U+01F2
    { 17, 23, 267, 0, 23, 98, 4951 }, // U+01F3
    { 16, 28, 267, 0, 28, 112, 5049 }, // U+01F4
    { 14, 28, 267, 1, 23, 98, 5161 }, // U+01F5
    { 16, 20, 267, 0, 20, 80, 5259 }, // U+01F6
    { 15, 25, 267, 1, 20, 94, 5339 }, // U+01F7
    { 14, 28, 267, 1, 28, 98, 5433 }, // U+01F8
    { 13, 23, 267, 2, 23, 75, 5531 }, // U+01F9
    { 17, 27, 267, 0, 27, 115, 5606 }, // U+01FA
    { 14, 27, 267, 1, 27, 95, 5721 }, // U+01FB
    { 17, 28, 267, 0, 28, 119, 5816 }, // U+01FC
    { 17, 23, 267, 0, 23, 98, 5935 }, // U+01FD
    { 16, 29, 267, 0, 28, 116, 6033 }, // U+01FE
    { 16, 24, 267, 0, 23, 96, 6149 }, // U+01FF
    { 17, 28, 267, 0, 28, 119, 6245 }, // U+0200
    { 14, 23, 267, 1, 23, 81, 6364 }, // U+0201
    { 17, 27, 267, 0, 27, 115, 6445 }, // U+0202
    { 14, 22, 267, 1, 22, 77, 6560 }, // U+0203
    { 15, 28, 267, 1, 28, 105, 6637 }, // U+0204
    { 15, 23, 267, 1, 23, 87, 6742 }, // U+0205
    { 14, 27, 267, 2, 27, 95, 6829 }, // U+0206
    { 15, 22, 267, 1, 22, 83, 6924 }, // U+0207
    { 14, 28, 267, 1, 28, 98, 7007 }, // U+0208
    { 15, 23, 267, 1, 23, 87, 7105 }, // U+0209
    { 14, 27, 267, 1, 27, 95, 7192 }, // U+020A
    { 15, 22, 267, 1, 22, 83, 7287 }, // U+020B
    { 16, 28, 267, 0, 28, 112, 7370 }, // U+020C
    { 16, 23, 267, 0, 23, 92, 7482 }, // U+020D
    { 16, 27, 267, 0, 27, 108, 7574 }, // U+020E
    { 16, 22, 267, 0, 22, 88, 7682 }, // U+020F
    { 16, 28, 267, 1, 28, 112, 7770 }, // U+0210
    { 14, 23, 267, 2, 23, 81, 7882 }, // U+0211
    { 16, 27, 267, 1, 27, 108, 7963 }, // U+0212
    { 14, 22, 267, 2, 22, 77, 8071 }, // U+0213
    { 15, 28, 267, 1, 28, 105, 8148 }, // U+0214
    { 14, 23, 267, 1, 23, 81, 8253 }, // U+0215
    { 15, 27, 267, 1, 27, 102, 8334 }, // U+0216
    { 14, 22, 267, 1, 22, 77, 8436 }, // U+0217
    { 15, 26, 267, 1, 20, 98, 8513 }, // U+0218
    { 14, 22, 267, 1, 16, 77, 8611 }, // U+0219
    { 16, 26, 267, 0, 20, 104, 8688 }, // U+021A
    { 15, 27, 267, 1, 21, 102, 8792 }, // U+021B
    { 15, 25, 267, 1, 20, 94, 8894 }, // U+021C
    { 13, 22, 267, 2, 16, 72, 8988 }, // U+021D
    { 15, 28, 267, 1, 28, 105, 9060 }, // U+021E
    { 14, 27, 267, 1, 27, 95, 9165 }, // U+021F
    { 11, 5, 267, 3, 22, 14, 0 }, // U+0311
    { 14, 28, 267, 2, 28, 98, 0 }, // U+0400
    { 14, 28, 267, 2, 28, 98, 98 }, // U+0401
    { 17, 20, 267, 0, 20, 85, 196 }, // U+0402
    { 15, 28, 267, 1, 28, 105, 281 }, // U+0403
    { 16, 20, 267, 0, 20, 80, 386 }, // U+0404
    { 15, 20, 267, 1, 20, 75, 466 }, // U+0405
    { 14, 20, 267, 1, 20, 70, 541 }, // U+0406
    { 14, 28, 267, 1, 28, 98, 611 }, // U+0407
    { 14, 20, 267, 1, 20, 70, 709 }, // U+0408
    { 16, 20, 267, 0, 20, 80, 779 }, // U+0409
    { 15, 20, 267, 1, 20, 75, 859 }, // U+040A
    { 16, 20, 267, 0, 20, 80, 934 }, // U+040B
    { 16, 28, 267, 1, 28, 112, 1014 }, // U+040C
    { 14, 28, 267, 1, 28, 98, 1126 }, // U+040D
    { 17, 28, 267, 0, 28, 119, 1224 }, // U+040E
    { 15, 26, 267, 1, 20, 98, 1343 }, // U+040F
    { 17, 20, 267, 0, 20, 85, 1441 }, // U+0410
    { 15, 20, 267, 1, 20, 75, 1526 }, // U+0411
    { 15, 20, 267, 1, 20, 75, 1601 }, // U+0412
    { 15, 20, 267, 1, 20, 75, 1676 }, // U+0413
    { 16, 26, 267, 0, 20, 104, 1751 }, // U+0414
    { 14, 20, 267, 2, 20, 70, 1855 }, // U+0415
    { 17, 20, 267, 0, 20, 85, 1925 }, // U+0416
    { 16, 20, 267, 0, 20, 80, 2010 }, // U+0417
    { 14, 20, 267, 1, 20, 70, 2090 }, // U+0418
    { 14, 28, 267, 1, 28, 98, 2160 }, // U+0419
    { 16, 20, 267, 1, 20, 80, 2258 }, // U+041A
    { 16, 20, 267, 0, 20, 80, 2338 }, // U+041B
    { 16, 20, 267, 0, 20, 80, 2418 }, // U+041C
    { 15, 20, 267, 1, 20, 75, 2498 }, // U+041D
    { 16, 20, 267, 0, 20, 80, 2573 }, // U+041E
    { 15, 20, 267, 1, 20, 75, 2653 }, // U+041F
    { 15, 20, 267, 1, 20, 75, 2728 }, // U+0420
    { 16, 20, 267, 0, 20, 80, 2803 }, // U+0421
    { 16, 20, 267, 0, 20, 80, 2883 }, // U+0422
    { 17, 20, 267, 0, 20, 85, 2963 }, // U+0423
    { 16, 21, 267, 0, 21, 84, 3048 }, // U+0424
    { 17, 20, 267, 0, 20, 85, 3132 }, // U+0425
    { 15, 26, 267, 1, 20, 98, 3217 }, // U+0426
    { 15, 20, 267, 1, 20, 75, 3315 }, // U+0427
    { 16, 20, 267, 0, 20, 80, 3390 }, // U+0428
    { 17, 26, 267, 0, 20, 111, 3470 }, // U+0429
    { 16, 20, 267, 0, 20, 80, 3581 }, // U+042A
    { 15, 20, 267, 1, 20, 75, 3661 }, // U+042B
    { 15, 20, 267, 1, 20, 75, 3736 }, // U+042C
    { 15, 20, 267, 1, 20, 75, 3811 }, // U+042D
    { 16, 20, 267, 0, 20, 80, 3886 }, // U+042E
    { 16, 20, 267, 0, 20, 80, 3966 }, // U+042F
    { 14, 16, 267, 1, 16, 56, 4046 }, // U+0430
    { 15, 23, 267, 1, 23, 87, 4102 }, // U+0431
    { 14, 16, 267, 2, 16, 56, 4189 }, // U+0432
    { 13, 16, 267, 2, 16, 52, 4245 }, // U+0433
    { 16, 20, 267, 0, 16, 80, 4297 }, // U+0434
    { 15, 16, 267, 1, 16, 60, 4377 }, // U+0435
    { 17, 16, 267, 0, 16, 68, 4437 }, // U+0436
    { 14, 16, 267, 1, 16, 56, 4505 }, // U+0437
    { 13, 16, 267, 2, 16, 52, 4561 }, // U+0438
    { 13, 23, 267, 2, 23, 75, 4613 }, // U+0439
    { 15, 16, 267, 2, 16, 60, 4688 }, // U+043A
    { 15, 16, 267, 0, 16, 60, 4748 }, // U+043B
    { 16, 16, 267, 0, 16, 64, 4808 }, // U+043C
    { 14, 16, 267, 1, 16, 56, 4872 }, // U+043D
    { 16, 16, 267, 0, 16, 64, 4928 }, // U+043E
    { 13, 16, 267, 2, 16, 52, 4992 }, // U+043F
    { 14, 21, 267, 2, 16, 74, 5044 }, // U+0440
    { 15, 16, 267, 1, 16, 60, 5118 }, // U+0441
    { 15, 16, 267, 1, 16, 60, 5178 }, // U+0442
    { 16, 21, 267, 0, 16, 84, 5238 }, // U+0443
    { 16, 29, 267, 0, 24, 116, 5322 }, // U+0444
    { 16, 16, 267, 0, 16, 64, 5438 }, // U+0445
    { 14, 20, 267, 2, 16, 70, 5502 }, // U+0446
    { 14, 16, 267, 1, 16, 56, 5572 }, // U+0447
    { 15, 16, 267, 1, 16, 60, 5628 }, // U+0448
    { 15, 20, 267, 1, 16, 75, 5688 }, // U+0449
    { 16, 16, 267, 0, 16, 64, 5763 }, // U+044A
    { 15, 16, 267, 1, 16, 60, 5827 }, // U+044B
    { 15, 16, 267, 1, 16, 60, 5887 }, // U+044C
    { 16, 16, 267, 0, 16, 64, 5947 }, // U+044D
    { 16, 16, 267, 0, 16, 64, 6011 }, // U+044E
    { 16, 16, 267, 0, 16, 64, 6075 }, // U+044F
    { 15, 23, 267, 1, 23, 87, 6139 }, // U+0450
    { 15, 23, 267, 1, 23, 87, 6226 }, // U+0451
    { 15, 28, 267, 0, 23, 105, 6313 }, // U+0452
    { 13, 23, 267, 2, 23, 75, 6418 }, // U+0453
    { 15, 16, 267, 1, 16, 60, 6493 }, // U+0454
    { 14, 16, 267, 1, 16, 56, 6553 }, // U+0455
    { 15, 23, 267, 1, 23, 87, 6609 }, // U+0456
    { 15, 23, 267, 1, 23, 87, 6696 }, // U+0457
    { 13, 28, 267, 1, 23, 91, 6783 }, // U+0458
    { 16, 16, 267, 0, 16, 64, 6874 }, // U+0459
    { 15, 16, 267, 1, 16, 60, 6938 }, // U+045A
    { 15, 23, 267, 0, 23, 87, 6998 }, // U+045B
    { 15, 23, 267, 2, 23, 87, 7085 }, // U+045C
    { 13, 23, 267, 2, 23, 75, 7172 }, // U+045D
    { 16, 28, 267, 0, 23, 112, 7247 }, // U+045E
    { 13, 20, 267, 2, 16, 65, 7359 }, // U+045F
    { 16, 21, 267, 0, 21, 84, 7424 }, // U+0462
    { 16, 23, 267, 0, 23, 92, 7508 }, // U+0463
    { 16, 20, 267, 0, 20, 80, 7600 }, // U+0472
    { 16, 16, 267, 0, 16, 64, 7680 }, // U+0473
    { 18, 20, 267, 0, 20, 90, 7744 }, // U+0474
    { 17, 16, 267, 0, 16, 68, 7834 }, // U+0475
    { 16, 33, 267, 1, 27, 132, 7902 }, // U+048A
    { 14, 28, 267, 2, 23, 98, 8034 }, // U+048B
    { 16, 20, 267, 0, 20, 80, 8132 }, // U+048C
    { 16, 16, 267, 0, 16, 64, 8212 }, // U+048D
    { 15, 20, 267, 1, 20, 75, 8276 }, // U+048E
    { 14, 21, 267, 2, 16, 74, 8351 }, // U+048F
    { 15, 24, 267, 1, 24, 90, 8425 }, // U+0490
    { 13, 19, 267, 2, 19, 62, 8515 }, // U+0491
    { 15, 20, 267, 1, 20, 75, 8577 }, // U+0492
    { 15, 16, 267, 0, 16, 60, 8652 }, // U+0493
    { 15, 26, 267, 1, 20, 98, 8712 }, // U+0494
    { 14, 21, 267, 2, 16, 74, 8810 }, // U+0495
    { 17, 25, 267, 0, 20, 107, 8884 }, // U+0496
    { 17, 20, 267, 0, 16, 85, 8991 }, // U+0497
    { 16, 26, 267, 0, 20, 104, 9076 }, // U+0498
    { 14, 22, 267, 1, 16, 77, 9180 }, // U+0499
    { 15, 25, 267, 1, 20, 94, 9257 }, // U+049A
    { 14, 20, 267, 2, 16, 70, 9351 }, // U+049B
    { 17, 20, 267, 0, 20, 85, 9421 }, // U+049C
    { 17, 16, 267, 0, 16, 68, 9506 }, // U+049D
    { 17, 22, 267, 0, 22, 94, 9574 }, // U+049E
    { 17, 17, 267, 0, 17, 73, 9668 }, // U+049F
    { 17, 20, 267, 0, 20, 85, 9741 }, // U+04A0
    { 17, 16, 267, 0, 16, 68, 9826 }, // U+04A1
    { 15, 25, 267, 1, 20, 94, 9894 }, // U+04A2
    { 15, 20, 267, 1, 16, 75, 9988 }, // U+04A3
    { 15, 20, 267, 1, 20, 75, 10063 }, // U+04A4
    { 15, 16, 267, 1, 16, 60, 10138 }, // U+04A5
    { 15, 25, 267, 1, 20, 94, 10198 }, // U+04A6
    { 15, 22, 267, 1, 16, 83, 10292 }, // U+04A7
    { 17, 25, 267, 0, 20, 107, 10375 }, // U+04A8
    { 17, 20, 267, 0, 16, 85, 10482 }, // U+04A9
    { 16, 26, 267, 0, 20, 104, 10567 }, // U+04AA
    { 15, 22, 267, 1, 16, 83, 10671 }, // U+04AB
    { 16, 25, 267, 0, 20, 100, 10754 }, // U+04AC
    { 15, 20, 267, 1, 16, 75, 10854 }, // U+04AD
    { 17, 20, 267, 0, 20, 85, 10929 }, // U+04AE
    { 17, 21, 267, 0, 16, 90, 11014 }, // U+04AF
    { 17, 20, 267, 0, 20, 85, 11104 }, // U+04B0
    { 17, 21, 267, 0, 16, 90, 11189 }, // U+04B1
    { 16, 25, 267, 0, 20, 100, 11279 }, // U+04B2
    { 16, 20, 267, 0, 16, 80, 11379 }, // U+04B3
    { 16, 25, 267, 0, 20, 100, 11459 }, // U+04B4
    { 16, 20, 267, 0, 16, 80, 11559 }, // U+04B5
    { 15, 25, 267, 1, 20, 94, 11639 }, // U+04B6
    { 15, 20, 267, 1, 16, 75, 11733 }, // U+04B7
    { 16, 20, 267, 0, 20, 80, 11808 }, // U+04B8
    { 15, 16, 267, 1, 16, 60, 11888 }, // U+04B9
    { 15, 20, 267, 1, 20, 75, 11948 }, // U+04BA
    { 13, 23, 267, 2, 23, 75, 12023 }, // U+04BB
    { 16, 20, 267, 0, 20, 80, 12098 }, // U+04BC
    { 16, 16, 267, 0, 16, 64, 12178 }, // U+04BD
    { 16, 24, 267, 0, 20, 96, 12242 }, // U+04BE
    { 16, 20, 267, 0, 16, 80, 12338 }, // U+04BF
    { 14, 20, 267, 1, 20, 70, 12418 }, // U+04C0
    { 17, 28, 267, 0, 28, 119, 12488 }, // U+04C1
    { 17, 23, 267, 0, 23, 98, 12607 }, // U+04C2
    { 16, 25, 267, 1, 20, 100, 12705 }, // U+04C3
    { 14, 21, 267, 2, 16, 74, 12805 }, // U+04C4
    { 16, 26, 267, 0, 20, 104, 12879 }, // U+04C5
    { 16, 21, 267, 0, 16, 84, 12983 }, // U+04C6
    { 15, 26, 267, 1, 20, 98, 13067 }, // U+04C7
    { 14, 21, 267, 1, 16, 74, 13165 }, // U+04C8
    { 15, 26, 267, 1, 20, 98, 13239 }, // U+04C9
    { 15, 21, 267, 1, 16, 79, 13337 }, // U+04CA
    { 15, 25, 267, 1, 20, 94, 13416 }, // U+04CB
    { 14, 20, 267, 1, 16, 70, 13510 }, // U+04CC
    { 17, 26, 267, 0, 20, 111, 13580 }, // U+04CD
    { 17, 21, 267, 0, 16, 90, 13691 }, // U+04CE
    { 14, 20, 267, 1, 20, 70, 13781 }, // U+04CF
    { 17, 28, 267, 0, 28, 119, 13851 }, // U+04D0
    { 14, 23, 267, 1, 23, 81, 13970 }, // U+04D1
    { 17, 28, 267, 0, 28, 119, 14051 }, // U+04D2
    { 14, 23, 267, 1, 23, 81, 14170 }, // U+04D3
    { 17, 20, 267, 0, 20, 85, 14251 }, // U+04D4
    { 17, 16, 267, 0, 16, 68, 14336 }, // U+04D5
    { 14, 28, 267, 2, 28, 98, 14404 }, // U+04D6
    { 15, 23, 267, 1, 23, 87, 14502 }, // U+04D7
    { 16, 20, 267, 0, 20, 80, 14589 }, // U+04D8
    { 15, 16, 267, 1, 16, 60, 14669 }, // U+04D9
    { 16, 28, 267, 0, 28, 112, 14729 }, // U+04DA
    { 15, 23, 267, 1, 23, 87, 14841 }, // U+04DB
    { 17, 28, 267, 0, 28, 119, 14928 }, // U+04DC
    { 17, 23, 267, 0, 23, 98, 15047 }, // U+04DD
    { 16, 28, 267, 0, 28, 112, 15145 }, // U+04DE
    { 14, 23, 267, 1, 23, 81, 15257 }, // U+04DF
    { 16, 20, 267, 0, 20, 80, 15338 }, // U+04E0
    { 14, 21, 267, 1, 16, 74, 15418 }, // U+04E1
    { 14, 26, 267, 1, 26, 91, 15492 }, // U+04E2
    { 13, 21, 267, 2, 21, 69, 15583 }, // U+04E3
    { 14, 28, 267, 1, 28, 98, 15652 }, // U+04E4
    { 13, 23, 267, 2, 23, 75, 15750 }, // U+04E5
    { 16, 28, 267, 0, 28, 112, 15825 }, // U+04E6
    { 16, 23, 267, 0, 23, 92, 15937 }, // U+04E7
    { 16, 20, 267, 0, 20, 80, 16029 }, // U+04E8
    { 16, 16, 267, 0, 16, 64, 16109 }, // U+04E9
    { 16, 28, 267, 0, 28, 112, 16173 }, // U+04EA
    { 16, 23, 267, 0, 23, 92, 16285 }, // U+04EB
    { 15, 28, 267, 1, 28, 105, 16377 }, // U+04EC
    { 16, 23, 267, 0, 23, 92, 16482 }, // U+04ED
    { 17, 26, 267, 0, 26, 111, 16574 }, // U+04EE
    { 16, 26, 267, 0, 21, 104, 16685 }, // U+04EF
    { 17, 28, 267, 0, 28, 119, 16789 }, // U+04F0
    { 16, 28, 267, 0, 23, 112, 16908 }, // U+04F1
    { 17, 28, 267, 0, 28, 119, 17020 }, // U+04F2
    { 16, 28, 267, 0, 23, 112, 17139 }, // U+04F3
    { 15, 28, 267, 1, 28, 105, 17251 }, // U+04F4
    { 14, 23, 267, 1, 23, 81, 17356 }, // U+04F5
    { 15, 24, 267, 1, 20, 90, 17437 }, // U+04F6
    { 13, 20, 267, 2, 16, 65, 17527 }, // U+04F7
    { 15, 28, 267, 1, 28, 105, 17592 }, // U+04F8
    { 15, 23, 267, 1, 23, 87, 17697 }, // U+04F9
    { 17, 28, 267, 0, 28, 119, 0 }, // U+1EF2
    { 16, 28, 267, 0, 23, 112, 119 }, // U+1EF3
    { 14, 3, 267, 1, 10, 11, 0 }, // U+2013
    { 17, 3, 267, 0, 10, 13, 11 }, // U+2014
    { 17, 3, 267, 0, 10, 13, 24 }, // U+2015
    { 9, 11, 267, 4, 23, 25, 37 }, // U+2018
    { 9, 11, 267, 4, 24, 25, 62 }, // U+2019
    { 8, 11, 267, 4, 6, 22, 87 }, // U+201A
    { 15, 9, 267, 1, 22, 34, 109 }, // U+201C
    { 16, 9, 267, 0, 23, 36, 143 }, // U+201D
    { 15, 9, 267, 0, 4, 34, 179 }, // U+201E
    { 13, 24, 267, 2, 20, 78, 213 }, // U+2020
    { 14, 24, 267, 1, 20, 84, 291 }, // U+2021
    { 10, 9, 267, 3, 16, 23, 375 }, // U+2022
    { 16, 3, 267, 0, 3, 12, 398 }, // U+2026
    { 17, 20, 267, 0, 20, 85, 410 }, // U+2030
    { 9, 16, 267, 4, 16, 36, 495 }, // U+2039
    { 9, 16, 267, 5, 17, 36, 531 }, // U+203A
    { 16, 20, 267, 0, 20, 80, 567 }, // U+2044
    { 11, 13, 267, 3, 23, 36, 0 }, // U+2070
    { 11, 11, 267, 2, 20, 31, 36 }, // U+2074
    { 10, 12, 267, 3, 20, 30, 67 }, // U+2075
    { 10, 12, 267, 3, 20, 30, 97 }, // U+2076
    { 10, 11, 267, 3, 20, 28, 127 }, // U+2077
    { 10, 12, 267, 3, 20, 30, 155 }, // U+2078
    { 10, 12, 267, 4, 20, 30, 185 }, // U+2079
    { 11, 13, 267, 3, 14, 36, 215 }, // U+2080
    { 10, 12, 267, 4, 11, 30, 251 }, // U+2081
    { 10, 12, 267, 3, 12, 30, 281 }, // U+2082
    { 10, 13, 267, 3, 12, 33, 311 }, // U+2083
    { 11, 11, 267, 2, 11, 31, 344 }, // U+2084
    { 10, 12, 267, 3, 11, 30, 375 }, // U+2085
    { 10, 12, 267, 3, 11, 30, 405 }, // U+2086
    { 10, 11, 267, 3, 11, 28, 435 }, // U+2087
    { 10, 12, 267, 3, 11, 30, 463 }, // U+2088
    { 10, 12, 267, 4, 11, 30, 493 }, // U+2089
    { 15, 20, 267, 1, 20, 75, 0 }, // U+20AC
    { 16, 20, 267, 0, 20, 80, 75 }, // U+20AE
    { 17, 20, 267, 0, 20, 85, 155 }, // U+20B4
    { 16, 20, 267, 1, 20, 80, 240 }, // U+20B9
    { 15, 23, 267, 0, 23, 87, 0 }, // U+2202
    { 17, 20, 267, 0, 20, 85, 87 }, // U+2206
    { 15, 23, 267, 1, 20, 87, 172 }, // U+220F
    { 15, 23, 267, 1, 20, 87, 259 }, // U+2211
    { 15, 3, 267, 1, 10, 12, 346 }, // U+2212
    { 16, 20, 267, 0, 20, 80, 358 }, // U+2215
    { 6, 5, 267, 5, 12, 8, 438 }, // U+2219
    { 17, 23, 267, 0, 23, 98, 446 }, // U+221A
    { 17, 9, 267, 0, 13, 39, 544 }, // U+221E
    { 14, 28, 267, 1, 23, 98, 583 }, // U+222B
    { 17, 14, 267, 0, 16, 60, 681 }, // U+2248
    { 15, 17, 267, 1, 17, 64, 741 }, // U+2260
    { 15, 18, 267, 1, 18, 68, 805 }, // U+2264
    { 15, 18, 267, 1, 18, 68, 873 }, // U+2265
    { 16, 23, 267, 0, 23, 92, 0 }, // U+FB01
    { 17, 23, 267, 0, 23, 98, 92 }, // U+FB02
    { 17, 16, 267, 0, 16, 68, 0 }, // U+FFFD
};

static const EpdUnicodeInterval ubuntumono_16_boldIntervals[] = {
    { 0x0, 0x0, 0x0 },
    { 0x8, 0x9, 0x1 },
    { 0xD, 0xD, 0x3 },
    { 0x1D, 0x1D, 0x4 },
    { 0x20, 0x7E, 0x5 },
    { 0xA0, 0xFF, 0x64 },
    { 0x100, 0x17F, 0xC4 },
    { 0x1A0, 0x1A1, 0x144 },
    { 0x1AF, 0x1B0, 0x146 },
    { 0x1C4, 0x21F, 0x148 },
    { 0x311, 0x311, 0x1A4 },
    { 0x400, 0x45F, 0x1A5 },
    { 0x462, 0x463, 0x205 },
    { 0x472, 0x475, 0x207 },
    { 0x48A, 0x4F9, 0x20B },
    { 0x1EF2, 0x1EF3, 0x27B },
    { 0x2013, 0x2015, 0x27D },
    { 0x2018, 0x201A, 0x280 },
    { 0x201C, 0x201E, 0x283 },
    { 0x2020, 0x2022, 0x286 },
    { 0x2026, 0x2026, 0x289 },
    { 0x2030, 0x2030, 0x28A },
    { 0x2039, 0x203A, 0x28B },
    { 0x2044, 0x2044, 0x28D },
    { 0x2070, 0x2070, 0x28E },
    { 0x2074, 0x2079, 0x28F },
    { 0x2080, 0x2089, 0x295 },
    { 0x20AC, 0x20AC, 0x29F },
    { 0x20AE, 0x20AE, 0x2A0 },
    { 0x20B4, 0x20B4, 0x2A1 },
    { 0x20B9, 0x20B9, 0x2A2 },
    { 0x2202, 0x2202, 0x2A3 },
    { 0x2206, 0x2206, 0x2A4 },
    { 0x220F, 0x220F, 0x2A5 },
    { 0x2211, 0x2212, 0x2A6 },
    { 0x2215, 0x2215, 0x2A8 },
    { 0x2219, 0x221A, 0x2A9 },
    { 0x221E, 0x221E, 0x2AB },
    { 0x222B, 0x222B, 0x2AC },
    { 0x2248, 0x2248, 0x2AD },
    { 0x2260, 0x2260, 0x2AE },
    { 0x2264, 0x2265, 0x2AF },
    { 0xFB01, 0xFB02, 0x2B1 },
    { 0xFFFD, 0xFFFD, 0x2B3 },
};

static const EpdFontGroup ubuntumono_16_boldGroups[] = {
    { 0, 2708, 7003, 100, 0 },
    { 2708, 2358, 8222, 96, 100 },
    { 5066, 2916, 12900, 128, 196 },
    { 7982, 2813, 10060, 96, 324 },
    { 10795, 18, 15, 1, 420 },
    { 10813, 5191, 19288, 214, 421 },
    { 16004, 147, 252, 2, 635 },
    { 16151, 365, 745, 17, 637 },
    { 16516, 255, 609, 17, 654 },
    { 16771, 188, 340, 4, 671 },
    { 16959, 446, 1032, 14, 675 },
    { 17405, 86, 207, 2, 689 },
    { 17491, 73, 80, 1, 691 },
};

static const EpdFontData ubuntumono_16_bold = {
    ubuntumono_16_boldBitmaps,
    ubuntumono_16_boldGlyphs,
    ubuntumono_16_boldIntervals,
    44,
    33,
    28,
    -6,
    true,
    ubuntumono_16_boldGroups,
    13,
    nullptr,
    nullptr,
    nullptr,
    nullptr,
    0,
    0,
    0,
    0,
    nullptr,
    0,
};
