/**
 * generated by fontconvert.py
 * name: ubuntumono_16_italic
 * size: 16
 * mode: 2-bit  compressed: true
 * Command used: fontconvert.py ubuntumono_16_italic 16 ../builtinFonts/source/UbuntuMono/UbuntuMono-Italic.ttf --2bit --compress
 */
#pragma once
#include "EpdFontData.h"

static const uint8_t ubuntumono_16_italicBitmaps[23217] = {
    0x95, 0x59, 0x3D, 0x93, 0xE4, 0xD4, 0x15, 0xBD, 0x92, 0x5C, 0x2D, 0x57, 0xA9, 0x40, 0x84, 0xA6,
    0x96, 0x42, 0x04, 0x0E, 0xA0, 0x0A, 0x46, 0x09, 0x01, 0xC1, 0xB4, 0x9E, 0x96, 0x84, 0xC0, 0x01,
    0x3F, 0xC0, 0x3F, 0xC1, 0xC1, 0x3A, 0x84, 0xAA, 0xEE, 0x96, 0xB0, 0x03, 0x07, 0x0E, 0x3C, 0xFF,
    0xC0, 0xFC, 0x03, 0x3B, 0x70, 0x30, 0x41, 0xCF, 0x4A, 0x14, 0x81, 0x03, 0x07, 0x16, 0x38, 0x74,
    0x22, 0x17, 0x94, 0x1D, 0x38, 0x40, 0xB0, 0xAA, 0x45, 0x5B, 0xAB, 0xEE, 0xE7, 0x73, 0xEE, 0x7B,
    0xDD, 0x33, 0xB3, 0xF4, 0xAE, 0x87, 0xED, 0x91, 0x76, 0xBA, 0x5B, 0xEF, 0xBD, 0xFB, 0x79, 0xEE,
    0xB9, 0x77, 0x24, 0xAB, 0x25, 0x2F, 0xC5, 0x08, 0x7F, 0x36, 0x22, 0x57, 0x22, 0x33, 0x7F, 0x82,
    0x51, 0x82, 0x41, 0xC2, 0x41, 0xA2, 0x4E, 0xA2, 0x56, 0x8E, 0xFF, 0x32, 0x3C, 0xDB, 0xF2, 0x27,
    0xC7, 0xEF, 0x51, 0x9F, 0x47, 0x5D, 0x11, 0xB7, 0xCB, 0xA4, 0x3E, 0x4F, 0xCB, 0x8F, 0x52, 0xF9,
    0xCB, 0xCB, 0xF2, 0xE7, 0x97, 0xF0, 0xD4, 0x32, 0xEA, 0x45, 0xB6, 0x31, 0xD6, 0x8D, 0x69, 0x8D,
    0x8D, 0x32, 0x91, 0xA8, 0x2F, 0x24, 0xB6, 0xD6, 0x76, 0x7A, 0x4B, 0x70, 0x6B, 0x25, 0xC3, 0x29,
    0x52, 0xE0, 0x10, 0x59, 0xE1, 0x18, 0x99, 0x12, 0x5D, 0x80, 0x13, 0xAC, 0xDD, 0xF3, 0xB6, 0x93,
    0x8A, 0xB7, 0xA4, 0xDD, 0x8A, 0xA4, 0x72, 0x7C, 0x36, 0x56, 0x79, 0xB0, 0xB1, 0xE0, 0x59, 0xC1,
    0xDE, 0x41, 0xD3, 0x4B, 0x86, 0x07, 0x8D, 0x9D, 0x65, 0x5F, 0xBE, 0x29, 0x13, 0xBE, 0xE6, 0x05,
    0x4D, 0xC4, 0xE2, 0x91, 0x0A, 0x4B, 0xB3, 0xBD, 0x48, 0x68, 0xB1, 0x26, 0xC7, 0xEA, 0x04, 0xA7,
    0xC5, 0xB8, 0x92, 0xF6, 0x2D, 0xA9, 0x5A, 0x9C, 0x54, 0x56, 0x58, 0x1E, 0x5B, 0x7C, 0x74, 0x8E,
    0x35, 0x2B, 0x5C, 0x97, 0x7E, 0x8F, 0xA4, 0x97, 0x42, 0xCC, 0x88, 0xF7, 0xCD, 0x14, 0xF6, 0x32,
    0x5E, 0xC6, 0x6D, 0xD0, 0x7F, 0x94, 0x49, 0xD8, 0x5D, 0x9E, 0x4B, 0xF8, 0xAF, 0x61, 0xC4, 0xAE,
    0x8F, 0x3A, 0x09, 0xEC, 0xDF, 0xB1, 0xF7, 0xE6, 0x8C, 0x92, 0x6D, 0x1F, 0x42, 0xA4, 0x47, 0x38,
    0x38, 0xFE, 0x1B, 0x0E, 0x4C, 0xD3, 0xDF, 0xB5, 0xB2, 0x7C, 0x3D, 0xAE, 0x65, 0x7C, 0x27, 0xA9,
    0xA3, 0xFE, 0x2C, 0x2B, 0x93, 0x3A, 0xB7, 0x30, 0x60, 0x36, 0xE3, 0xA4, 0x18, 0x96, 0x92, 0xA6,
    0x96, 0xC4, 0x0E, 0xD0, 0x61, 0x10, 0xF3, 0xFE, 0x28, 0x05, 0x4C, 0xBF, 0x86, 0x09, 0x97, 0x30,
    0x88, 0x69, 0x20, 0x3B, 0xE4, 0xAF, 0xDA, 0x55, 0xF8, 0xB4, 0xDF, 0x26, 0x5F, 0x8E, 0xB0, 0x90,
    0x1D, 0x72, 0x31, 0x5D, 0x21, 0x79, 0x6D, 0x78, 0xDD, 0xB7, 0x6D, 0x6E, 0x9F, 0x76, 0xA9, 0xFD,
    0x47, 0x1F, 0xEE, 0xA2, 0x21, 0x69, 0xD3, 0x36, 0xAD, 0xB3, 0x32, 0xC7, 0x19, 0x4B, 0x28, 0x44,
    0x95, 0x42, 0x98, 0x21, 0x85, 0xE6, 0x15, 0xDC, 0xB1, 0x83, 0xF2, 0xA3, 0x7B, 0x6B, 0x4A, 0x75,
    0x79, 0x00, 0x4D, 0xA3, 0xC1, 0xD9, 0x84, 0x1F, 0xD3, 0xB6, 0xB0, 0x2B, 0x9D, 0x0C, 0xED, 0xDD,
    0xB5, 0xF4, 0xD7, 0xE1, 0xBD, 0xF1, 0xDF, 0xAB, 0x1F, 0xB0, 0x86, 0x8A, 0x84, 0x07, 0xAB, 0xBF,
    0x41, 0x3B, 0xE0, 0x0B, 0xFA, 0x2B, 0xE0, 0x07, 0x57, 0x7E, 0x45, 0x56, 0x5E, 0xAF, 0xA0, 0xBB,
    0xE3, 0xEE, 0xC6, 0xE5, 0x3F, 0x3B, 0x4A, 0x50, 0xBA, 0x35, 0x1B, 0xB7, 0x69, 0x08, 0x99, 0xE3,
    0xE1, 0x5A, 0x6E, 0xAF, 0x46, 0xDE, 0xB9, 0xB7, 0x3F, 0xF3, 0xE1, 0xA9, 0x82, 0xE3, 0x7A, 0x33,
    0x0D, 0x6B, 0xF3, 0x87, 0xBC, 0x45, 0x08, 0xB5, 0x0B, 0xFB, 0x04, 0x0F, 0x61, 0xCB, 0xC7, 0x08,
    0xE8, 0x61, 0x86, 0xFF, 0xAF, 0x24, 0xA8, 0xDF, 0xF5, 0x2E, 0xC6, 0x26, 0x30, 0xB8, 0xCA, 0xCA,
    0xB8, 0x45, 0x28, 0xE6, 0xD6, 0x8E, 0x88, 0x8A, 0xE1, 0x66, 0x90, 0x1D, 0x8D, 0xB1, 0xA4, 0xBD,
    0xA2, 0x5D, 0xB4, 0x0F, 0x77, 0x88, 0xF1, 0xB1, 0x6A, 0x3F, 0xC6, 0xF3, 0xB5, 0xB1, 0xA5, 0xB1,
    0x92, 0xD5, 0xA6, 0x37, 0x5D, 0x5E, 0x8B, 0xB7, 0x03, 0x03, 0x5C, 0x2D, 0xAB, 0xCA, 0xE9, 0x76,
    0xBA, 0x8F, 0x6E, 0xF4, 0xCC, 0x13, 0xC9, 0x8F, 0x7D, 0x62, 0x73, 0xB7, 0x27, 0x90, 0x1E, 0x2E,
    0xBC, 0x8C, 0x9D, 0xC4, 0xDE, 0x9F, 0xE1, 0x8F, 0x2D, 0x1E, 0xBE, 0x42, 0x64, 0x5F, 0xA5, 0x9F,
    0x77, 0xDB, 0xEC, 0xF7, 0xC3, 0x36, 0x4F, 0x87, 0xD9, 0xC4, 0xDD, 0x54, 0x60, 0xAF, 0x02, 0x5B,
    0x21, 0x57, 0x91, 0xAF, 0x69, 0x6B, 0x60, 0x35, 0x84, 0x17, 0x14, 0x9C, 0x25, 0xC5, 0x16, 0xE1,
    0xBE, 0xF4, 0x40, 0xC0, 0xFD, 0x11, 0xE7, 0x09, 0xBC, 0xD0, 0xCC, 0x12, 0xED, 0x71, 0x8D, 0x93,
    0x84, 0x9F, 0x8C, 0xDE, 0x90, 0xDE, 0x98, 0x2E, 0xCB, 0x6E, 0xFB, 0x34, 0x77, 0xB1, 0xD0, 0x20,
    0xE5, 0x78, 0x59, 0x3B, 0xBB, 0xD4, 0xCC, 0x71, 0x00, 0xDF, 0x5C, 0x41, 0xC2, 0x37, 0x34, 0x62,
    0xB6, 0xDE, 0xF3, 0xF0, 0x52, 0x82, 0x0D, 0x4D, 0x87, 0xE7, 0x4A, 0x49, 0xF1, 0x51, 0xD5, 0x23,
    0xE5, 0x4A, 0x89, 0xF0, 0x4D, 0xDA, 0xF9, 0x2D, 0xAD, 0xAD, 0xE1, 0xEC, 0xB2, 0xC1, 0x05, 0x9D,
    0x3B, 0x08, 0x4C, 0xA1, 0xF7, 0xF2, 0xB2, 0x34, 0x3E, 0xFA, 0x8C, 0x8B, 0xC4, 0x78, 0x92, 0xC8,
    0xF6, 0xB8, 0x4A, 0x97, 0xF3, 0xF7, 0x06, 0x17, 0x5D, 0x8C, 0x06, 0xDA, 0x32, 0x1A, 0x5F, 0x92,
    0x7C, 0x40, 0x10, 0x10, 0x1A, 0x64, 0x61, 0xBF, 0xF6, 0xB6, 0x84, 0xC3, 0x55, 0x61, 0x03, 0x01,
    0xAE, 0x66, 0xE8, 0x39, 0x49, 0xF2, 0xD9, 0x28, 0x79, 0xC8, 0x74, 0x1D, 0x64, 0x8C, 0xFA, 0xA8,
    0x8F, 0xBB, 0xA4, 0x4D, 0xDA, 0xAC, 0x4C, 0xB9, 0x76, 0xE6, 0x05, 0x99, 0xA6, 0x5B, 0xD1, 0x43,
    0xB5, 0x42, 0xE2, 0x5F, 0xE4, 0x6F, 0xB5, 0x9A, 0xC9, 0x3B, 0xAF, 0x74, 0xE1, 0x8B, 0x15, 0x5F,
    0xAB, 0x52, 0xC4, 0x2F, 0x0A, 0x19, 0x3C, 0xA0, 0x83, 0xA3, 0xF1, 0xE0, 0x6F, 0xBD, 0xA9, 0xD4,
    0x48, 0x8A, 0x57, 0xE5, 0x81, 0x46, 0x6D, 0x8D, 0x05, 0x00, 0xBA, 0x85, 0xBD, 0xE0, 0x0E, 0x8B,
    0x59, 0x9D, 0x93, 0xC0, 0x0E, 0x06, 0x09, 0xB0, 0x77, 0xCB, 0xD5, 0x1D, 0x7F, 0x9C, 0xF8, 0x38,
    0x6D, 0xD6, 0x56, 0x65, 0x06, 0x80, 0x4D, 0xBA, 0x2D, 0xA4, 0xC0, 0xC3, 0x2D, 0x8C, 0x86, 0xF7,
    0x79, 0xDD, 0x04, 0x0D, 0xBE, 0xDF, 0x01, 0x95, 0x46, 0x6C, 0x48, 0x53, 0xD9, 0x1D, 0x70, 0x7B,
    0x4E, 0x9D, 0xC3, 0x46, 0x07, 0xA3, 0xF9, 0x6D, 0x04, 0xA1, 0x9F, 0xF9, 0x51, 0xE1, 0x3C, 0xA7,
    0xD6, 0x1C, 0xDC, 0x93, 0xFC, 0xEA, 0x90, 0xD2, 0x85, 0x8B, 0xCB, 0x0B, 0xF8, 0x67, 0xD2, 0x43,
    0x6C, 0xF9, 0x10, 0xCF, 0x17, 0xC1, 0xA8, 0xD7, 0x36, 0x98, 0xB1, 0xBF, 0xFD, 0x53, 0x07, 0xD5,
    0x19, 0x28, 0x75, 0x34, 0x56, 0x5D, 0x5A, 0x27, 0xBD, 0xC1, 0x6E, 0x4B, 0x5C, 0x6B, 0xE0, 0x72,
    0x55, 0x3A, 0xE8, 0x26, 0xF2, 0x87, 0x54, 0x98, 0x31, 0x44, 0x08, 0x6D, 0xEC, 0x1C, 0xEC, 0x83,
    0x1D, 0x74, 0xDD, 0x20, 0x04, 0x0B, 0xD8, 0x16, 0x35, 0x4A, 0x96, 0xF8, 0x7F, 0x1D, 0x8F, 0xC1,
    0x0C, 0x83, 0xCF, 0x01, 0x7D, 0x92, 0x3F, 0x1E, 0x1C, 0x6C, 0x65, 0x90, 0x0C, 0x21, 0xF2, 0x4B,
    0x98, 0x09, 0x61, 0xC1, 0x23, 0xAB, 0x0B, 0x8D, 0x94, 0xD0, 0xF2, 0x47, 0x73, 0xEC, 0xC4, 0x3F,
    0x94, 0x4E, 0xD3, 0x33, 0x28, 0x99, 0xEF, 0xD0, 0x30, 0x1F, 0xF8, 0x93, 0xB6, 0x27, 0x1F, 0x86,
    0x81, 0xA2, 0x1D, 0xF2, 0x44, 0x83, 0x68, 0x4B, 0xE4, 0xAA, 0x5A, 0xF9, 0x58, 0xBF, 0x7A, 0xCD,
    0x7B, 0x0A, 0x45, 0x6C, 0x07, 0x4B, 0xD7, 0x2C, 0x37, 0x0A, 0x69, 0x86, 0x09, 0x04, 0xAF, 0x31,
    0xDA, 0xF1, 0x4B, 0xA9, 0xF0, 0x2D, 0xB1, 0xD0, 0x03, 0x99, 0x7A, 0xE1, 0xF6, 0x3F, 0x44, 0x7E,
    0xCF, 0xEA, 0x2A, 0x9D, 0x8B, 0x55, 0x69, 0x3A, 0x17, 0xB0, 0xC7, 0x5F, 0x88, 0xFD, 0x28, 0x3B,
    0x34, 0x17, 0x8A, 0x62, 0x82, 0xBD, 0x0D, 0x34, 0x7D, 0x57, 0x17, 0x33, 0x21, 0x76, 0x0C, 0x47,
    0x14, 0x8B, 0xEA, 0x06, 0xDE, 0xAD, 0x9C, 0x1B, 0x19, 0x36, 0x85, 0xF7, 0x68, 0xEF, 0xF1, 0xEC,
    0xC6, 0x3F, 0x3E, 0x4D, 0xE9, 0x80, 0x35, 0xCE, 0xBB, 0x4E, 0x68, 0x0A, 0xC9, 0x40, 0x93, 0xE6,
    0xA2, 0x92, 0x60, 0x8F, 0x00, 0x80, 0x5B, 0xD2, 0x12, 0x56, 0x4F, 0x91, 0x22, 0xF7, 0x88, 0x98,
    0xF8, 0x36, 0x8F, 0x58, 0xF0, 0x93, 0x71, 0x29, 0xEB, 0xB4, 0x5D, 0xCA, 0x2A, 0xC3, 0xA1, 0xDB,
    0x1C, 0x76, 0xC7, 0x6D, 0xC2, 0x8D, 0x21, 0x91, 0xFF, 0x66, 0x90, 0x2D, 0x31, 0x68, 0x95, 0xC0,
    0x49, 0xCB, 0x80, 0x76, 0x3A, 0x40, 0xBE, 0xA4, 0xAC, 0xA2, 0x91, 0x65, 0x36, 0x68, 0x9A, 0x48,
    0x48, 0xE3, 0x44, 0xBC, 0xA9, 0xFE, 0x99, 0x56, 0x2F, 0xCA, 0xB5, 0xE5, 0x6D, 0x34, 0x44, 0xA9,
    0x9C, 0xF0, 0x94, 0x33, 0x30, 0x49, 0x66, 0xA8, 0x41, 0xC1, 0xDB, 0x8A, 0xE9, 0x67, 0x69, 0x06,
    0xDC, 0xCA, 0x88, 0x37, 0x38, 0x97, 0x19, 0x8D, 0x1B, 0x62, 0x3B, 0x2B, 0x0B, 0xC7, 0x83, 0x20,
    0x86, 0xC6, 0x2E, 0x59, 0x0A, 0xA3, 0xA5, 0x61, 0xA4, 0xE4, 0x44, 0x91, 0x9C, 0x66, 0x2A, 0x70,
    0x04, 0xFC, 0x1A, 0xB1, 0x8E, 0xB8, 0x24, 0xE7, 0x6F, 0x49, 0xBB, 0x98, 0x68, 0xCB, 0x99, 0x70,
    0xB8, 0x65, 0xBA, 0xCF, 0x38, 0x0F, 0x08, 0x77, 0x26, 0x19, 0x21, 0x1A, 0xDE, 0x23, 0xE8, 0x60,
    0xCF, 0x4F, 0xA9, 0xC7, 0x03, 0xE6, 0x95, 0xD5, 0xC0, 0x46, 0x0A, 0x56, 0x5D, 0xAC, 0x2E, 0x74,
    0x30, 0xA0, 0xD4, 0x41, 0xC3, 0x2D, 0x3B, 0x22, 0xBE, 0x39, 0xDE, 0x8A, 0xE3, 0xCD, 0x7D, 0xA6,
    0xB8, 0xD2, 0x2F, 0x4A, 0x46, 0x4F, 0xED, 0xF6, 0x94, 0x8A, 0xE5, 0x2F, 0xD7, 0xC0, 0x82, 0x68,
    0x4C, 0x1C, 0xA8, 0x10, 0xEE, 0xA9, 0x42, 0x45, 0x15, 0x0C, 0xB1, 0x3C, 0x67, 0x06, 0xE7, 0x74,
    0x7A, 0x4E, 0x9C, 0xCA, 0x29, 0xBD, 0xE1, 0xB9, 0x05, 0x55, 0xB8, 0x82, 0x29, 0x02, 0xAA, 0x1D,
    0x51, 0xE3, 0x0C, 0xF9, 0x16, 0x00, 0xD4, 0xD4, 0x22, 0x0D, 0xFD, 0x51, 0x69, 0xC5, 0x30, 0x0E,
    0x9A, 0xA8, 0x82, 0xB3, 0x95, 0xAF, 0x5C, 0x5A, 0x7F, 0x1D, 0x92, 0x29, 0xBA, 0x51, 0x7D, 0xBD,
    0xC5, 0x84, 0x46, 0x07, 0x88, 0xC7, 0x92, 0xA6, 0x9E, 0xBE, 0xA1, 0xA5, 0x75, 0x07, 0xB5, 0x8C,
    0xFB, 0xDA, 0xBF, 0xD7, 0x83, 0x58, 0x05, 0x5E, 0x74, 0x46, 0x7F, 0xE7, 0x33, 0xD4, 0x7E, 0x6B,
    0xF1, 0xA5, 0xC8, 0xFB, 0x23, 0xA6, 0x0A, 0x3E, 0xA8, 0x5F, 0x75, 0x89, 0xA6, 0xC5, 0x97, 0x85,
    0xE8, 0x46, 0xF1, 0xF5, 0x1B, 0xE0, 0xE4, 0x25, 0x4F, 0x5E, 0xF3, 0xA1, 0x35, 0xCD, 0xB8, 0xA1,
    0x19, 0xD5, 0x82, 0xA6, 0x03, 0xF4, 0xA4, 0x3E, 0x36, 0x70, 0x72, 0xF3, 0x44, 0x97, 0x1C, 0x1E,
    0x24, 0x22, 0x0B, 0x21, 0x19, 0x2A, 0xA4, 0x2D, 0x36, 0x4A, 0x6B, 0x6C, 0x84, 0x14, 0x52, 0x7F,
    0x30, 0x44, 0x23, 0x32, 0xE5, 0xD8, 0x91, 0x64, 0x04, 0x2E, 0xB6, 0xDC, 0x52, 0x82, 0x89, 0x7A,
    0x8C, 0x0C, 0xC3, 0xC1, 0xF9, 0xB0, 0xE0, 0x76, 0x2B, 0x52, 0x9B, 0xAD, 0x66, 0xAE, 0x51, 0xEC,
    0xDF, 0xBB, 0xF0, 0xF5, 0x55, 0xF6, 0x50, 0xFD, 0x9E, 0x5B, 0xBE, 0x3D, 0x0F, 0xF2, 0xF8, 0x6D,
    0x94, 0x9E, 0xCF, 0x2E, 0x68, 0xD4, 0x24, 0x09, 0x6F, 0x2C, 0xB8, 0xBE, 0xCC, 0x29, 0x8F, 0x76,
    0x86, 0x7B, 0xC6, 0x05, 0x9A, 0xAD, 0xD7, 0x25, 0xEF, 0x9A, 0xB4, 0x94, 0x28, 0xFC, 0xD8, 0xBF,
    0x00, 0x52, 0xB8, 0x8D, 0x0D, 0xE3, 0x92, 0xD5, 0x87, 0xE7, 0xC6, 0x54, 0x04, 0x16, 0x5B, 0x22,
    0x3A, 0x65, 0x45, 0x5E, 0xB9, 0x25, 0x21, 0x9C, 0x88, 0xBF, 0x23, 0x49, 0xF7, 0xE3, 0x89, 0x55,
    0xA0, 0xA3, 0x93, 0xF1, 0x51, 0xF4, 0x0D, 0x09, 0xE6, 0x5F, 0x59, 0x7E, 0x3E, 0x23, 0x4F, 0x68,
    0x77, 0x3C, 0xC6, 0x88, 0x4B, 0xE3, 0x5C, 0x1D, 0x40, 0xDC, 0xF6, 0x06, 0xA7, 0x68, 0x37, 0xE8,
    0x89, 0xFA, 0x7E, 0xED, 0x15, 0x38, 0x4D, 0x13, 0xAF, 0x19, 0xEB, 0x4D, 0x9A, 0xE8, 0x68, 0x43,
    0xAD, 0xD1, 0x1E, 0xF5, 0xD0, 0x3A, 0xE9, 0xB1, 0x7F, 0xDA, 0x83, 0xC1, 0x64, 0x43, 0x3A, 0xC8,
    0xD9, 0x50, 0x0C, 0x72, 0x3E, 0x7C, 0x0C, 0x87, 0x0C, 0xDF, 0x75, 0x72, 0xF9, 0xDD, 0x57, 0x9D,
    0x8C, 0xDF, 0x7F, 0xDE, 0x06, 0x43, 0xF3, 0x41, 0x1B, 0x0E, 0x0F, 0x93, 0x36, 0xEA, 0xB6, 0xE8,
    0x14, 0x10, 0x19, 0x65, 0xC2, 0x1B, 0x76, 0xCF, 0xB8, 0x7D, 0xCE, 0xFD, 0x15, 0xA2, 0x96, 0x14,
    0x6E, 0x4D, 0xE9, 0xB6, 0xE2, 0x1C, 0x6C, 0x4A, 0x34, 0x27, 0x55, 0x0D, 0xA1, 0x9A, 0x16, 0x2B,
    0x9F, 0x76, 0x10, 0xED, 0xFB, 0x3E, 0x69, 0x83, 0xEF, 0x06, 0x06, 0xCD, 0x90, 0x96, 0x51, 0x3F,
    0x66, 0x10, 0xFA, 0x12, 0x49, 0xDC, 0xAE, 0x0A, 0x88, 0x7D, 0xBE, 0x84, 0xDC, 0x4B, 0x04, 0x4D,
    0xF9, 0xCE, 0x16, 0x3B, 0x9F, 0x11, 0xB6, 0x32, 0x26, 0x31, 0x64, 0x5C, 0xF2, 0xB6, 0x22, 0xAC,
    0x6E, 0xB5, 0x76, 0x93, 0x42, 0xA6, 0x48, 0x67, 0x76, 0x58, 0xF6, 0xFE, 0x1E, 0x70, 0xB5, 0x81,
    0x4E, 0x86, 0x48, 0x00, 0xE9, 0x0C, 0xCC, 0x56, 0xE4, 0x0E, 0x60, 0xB1, 0xB5, 0xCC, 0x10, 0x6C,
    0xA2, 0x41, 0xD7, 0xC0, 0x28, 0x03, 0x8F, 0x99, 0xBA, 0x41, 0xCB, 0xB3, 0xD7, 0x6A, 0x4F, 0xE0,
    0x96, 0x7B, 0xC4, 0xCE, 0x9C, 0xC1, 0xA7, 0x60, 0x57, 0xB0, 0x74, 0xAC, 0x7D, 0xF8, 0x7A, 0x6C,
    0x64, 0x0C, 0x7B, 0x08, 0x5A, 0x68, 0x59, 0x9A, 0x0E, 0x59, 0xFB, 0x44, 0xEE, 0x92, 0xB5, 0xCF,
    0xC8, 0xBC, 0x7B, 0x81, 0xCC, 0xEB, 0x1B, 0x32, 0x8F, 0x90, 0x79, 0x80, 0xCC, 0xDD, 0x0F, 0x64,
    0x66, 0x1C, 0x80, 0xB1, 0x88, 0x61, 0x18, 0x91, 0xDB, 0x5C, 0x52, 0x0F, 0x76, 0x1F, 0x2E, 0x50,
    0x2D, 0x5D, 0xD2, 0xF0, 0xB9, 0x5C, 0x41, 0xBD, 0x3C, 0xA8, 0x90, 0xD3, 0x41, 0x1B, 0x04, 0x99,
    0xAB, 0x06, 0xA3, 0x07, 0x9E, 0xFF, 0x72, 0x9F, 0x76, 0x73, 0x8C, 0xC9, 0xEC, 0x3A, 0x26, 0x89,
    0xAD, 0xA4, 0x2B, 0x0E, 0x57, 0x1E, 0x3C, 0xD1, 0x04, 0xF3, 0x35, 0xC0, 0x5C, 0xC4, 0x9E, 0xD8,
    0xAF, 0x8F, 0xB7, 0x4A, 0xF3, 0x83, 0xF9, 0x95, 0x5A, 0xF1, 0x29, 0x40, 0x2E, 0xF2, 0x03, 0xBE,
    0x88, 0xFD, 0x5E, 0x62, 0x9D, 0xC9, 0x3D, 0x56, 0x8A, 0x63, 0xB7, 0x00, 0xD0, 0x11, 0xD7, 0x60,
    0x59, 0xA1, 0x4E, 0xC5, 0xFF, 0x5D, 0xE0, 0xE1, 0x06, 0xBB, 0x3F, 0x89, 0x57, 0x3D, 0x33, 0x98,
    0xD9, 0x86, 0x15, 0xEB, 0x63, 0xF5, 0xF3, 0xC5, 0xF2, 0x80, 0x52, 0x0C, 0x3D, 0x3C, 0xB9, 0x76,
    0xEA, 0xAB, 0x35, 0x48, 0xB3, 0xEA, 0x06, 0x75, 0x97, 0xC8, 0x92, 0x90, 0x4B, 0xAB, 0x3B, 0xAE,
    0x28, 0xE5, 0xDA, 0xA7, 0xC1, 0x8C, 0x1B, 0x76, 0xF1, 0x18, 0x7B, 0x58, 0xBB, 0xA4, 0x40, 0x85,
    0x02, 0x0A, 0xB1, 0xA8, 0xA0, 0x0A, 0x3A, 0x42, 0x28, 0x28, 0x3C, 0x23, 0x41, 0x72, 0xA6, 0x6D,
    0xAE, 0xBD, 0x2C, 0xD1, 0x2A, 0x63, 0xA2, 0x67, 0x47, 0x30, 0xA7, 0xEE, 0x13, 0x57, 0x8D, 0xC2,
    0x79, 0x08, 0x27, 0x22, 0xBD, 0xCE, 0x44, 0x70, 0x8B, 0x5B, 0x6C, 0xC2, 0x5C, 0x85, 0x2A, 0x71,
    0x3B, 0xA7, 0x12, 0x7F, 0x36, 0x67, 0x92, 0xFC, 0x76, 0x3E, 0x93, 0xF4, 0x17, 0x2B, 0x24, 0x50,
    0xF6, 0xF6, 0xB9, 0xA4, 0xCB, 0xB7, 0x2F, 0xE5, 0xF5, 0x8F, 0xDE, 0x19, 0xE5, 0xF5, 0xE1, 0x0C,
    0x56, 0xE8, 0x51, 0x20, 0x4D, 0x9B, 0x01, 0xFE, 0x41, 0xBA, 0x59, 0x03, 0x5C, 0x2B, 0xBC, 0x21,
    0x7F, 0x24, 0x9E, 0xC5, 0xBD, 0x9A, 0x76, 0xA0, 0x41, 0xC3, 0x91, 0x44, 0x3A, 0x98, 0xD5, 0xD7,
    0xBB, 0x49, 0x39, 0x9A, 0x72, 0x1B, 0xD3, 0x1E, 0x0B, 0xBA, 0x8E, 0x37, 0xE0, 0x6F, 0x7E, 0x12,
    0xFF, 0x87, 0x22, 0x67, 0x9F, 0x13, 0x5C, 0x8D, 0xE2, 0xEC, 0xEC, 0x9A, 0x19, 0x2A, 0x80, 0x66,
    0x6F, 0x56, 0x9E, 0x00, 0x8D, 0x2A, 0x8D, 0x9F, 0x82, 0xAE, 0xD2, 0xA1, 0x4F, 0xEE, 0x78, 0x0B,
    0x18, 0x77, 0xA6, 0xC4, 0xAC, 0xC6, 0xE9, 0xCA, 0x89, 0x92, 0x76, 0x4D, 0x9C, 0x23, 0x05, 0xF9,
    0x8A, 0xDD, 0xFD, 0x53, 0x1E, 0x63, 0x55, 0x9C, 0xE7, 0x15, 0xD7, 0x23, 0xBC, 0x6B, 0x47, 0xC3,
    0x38, 0x53, 0x52, 0xD3, 0x3B, 0x66, 0xE3, 0x99, 0xCA, 0xC6, 0xF1, 0x61, 0xCF, 0x60, 0x9E, 0xF7,
    0x91, 0x39, 0x9C, 0xE1, 0x8A, 0x6B, 0x7B, 0xD0, 0xB9, 0xB2, 0xCA, 0xF1, 0xB1, 0x67, 0x63, 0x1D,
    0xD6, 0xCF, 0xCA, 0x33, 0x19, 0x1A, 0xA9, 0x0F, 0x46, 0x6E, 0x90, 0xDF, 0xEE, 0xD9, 0xB5, 0x1A,
    0xFD, 0x48, 0x2C, 0x3F, 0xF3, 0x4B, 0x8D, 0x92, 0x8A, 0x12, 0x07, 0x72, 0x0B, 0xBE, 0xD6, 0xFE,
    0x55, 0xE8, 0xCB, 0xE8, 0x2B, 0xD7, 0x17, 0x13, 0x19, 0x64, 0xB1, 0xD6, 0x17, 0x27, 0x31, 0x6D,
    0xA2, 0x2F, 0x44, 0x2D, 0xFB, 0x94, 0x59, 0xE5, 0xFD, 0x51, 0x92, 0xDC, 0x3D, 0x21, 0x8D, 0xB2,
    0xC7, 0x56, 0x2F, 0xD7, 0x39, 0xB3, 0x63, 0x45, 0xDA, 0x64, 0x7F, 0x12, 0x45, 0xBC, 0x99, 0x19,
    0x09, 0x69, 0x50, 0x1E, 0xB2, 0x3A, 0xEA, 0x99, 0x75, 0xAF, 0x49, 0x70, 0xC1, 0x31, 0x1B, 0x72,
    0x7F, 0xFE, 0x29, 0xB5, 0xA8, 0x13, 0x86, 0xF7, 0x05, 0xE4, 0xED, 0xD9, 0xF7, 0xA3, 0x55, 0x1A,
    0xE3, 0x7D, 0x30, 0xA4, 0x88, 0xFC, 0x1C, 0x05, 0x06, 0x49, 0xDC, 0xAE, 0xB5, 0x45, 0x4C, 0x6B,
    0x66, 0xF0, 0x15, 0xE0, 0xAE, 0xBA, 0xCF, 0xE9, 0x07, 0x5B, 0xB1, 0x6F, 0xEA, 0xC5, 0xFE, 0xC3,
    0x5A, 0xEE, 0xBD, 0x40, 0x64, 0xD6, 0xE8, 0xC7, 0x7B, 0x12, 0xEB, 0x8E, 0xDC, 0x38, 0x9E, 0xE2,
    0x31, 0xEE, 0x02, 0x0E, 0xFF, 0xA6, 0x94, 0x17, 0x20, 0x13, 0x85, 0x0A, 0xEC, 0x3C, 0xE9, 0x51,
    0xEC, 0xDA, 0x65, 0xE8, 0xA6, 0x73, 0x0D, 0xA7, 0x03, 0xE4, 0x16, 0x0B, 0xED, 0xD1, 0xA6, 0x90,
    0x72, 0xED, 0xE4, 0xD7, 0xA4, 0xFE, 0xA6, 0xBC, 0x7D, 0xD4, 0xD6, 0x4F, 0x9C, 0xAA, 0x7A, 0xC1,
    0x10, 0x2C, 0x41, 0xB1, 0xCA, 0xA0, 0xD1, 0x14, 0x5A, 0xFC, 0xFF, 0xCA, 0xC1, 0x01, 0x4F, 0xA3,
    0x7D, 0xCB, 0xCC, 0x04, 0x9B, 0x98, 0x42, 0xC0, 0xB2, 0x0E, 0x7E, 0xCA, 0x08, 0x68, 0x86, 0xA6,
    0x2E, 0xE8, 0xAA, 0xA5, 0xC3, 0xB2, 0x03, 0xA0, 0x15, 0x1E, 0xAB, 0x58, 0x77, 0xE0, 0x81, 0x70,
    0xFF, 0x41, 0xED, 0xC8, 0x4B, 0x65, 0x7B, 0x8A, 0x9B, 0x3C, 0x09, 0x27, 0xE4, 0xFE, 0x84, 0x62,
    0x3D, 0x16, 0x68, 0x54, 0x60, 0xF6, 0xAE, 0x81, 0x4E, 0xCD, 0xFE, 0x42, 0x45, 0xAE, 0xCA, 0x85,
    0x92, 0x64, 0x27, 0xAE, 0x4E, 0x1D, 0x32, 0x32, 0x42, 0xD6, 0x49, 0x8D, 0x9A, 0x78, 0xFC, 0xC9,
    0x49, 0xE1, 0x53, 0xAB, 0xD3, 0x43, 0x75, 0x18, 0x2B, 0xEB, 0xF6, 0x6E, 0xE9, 0x79, 0xAA, 0x8A,
    0xAA, 0x19, 0x1E, 0x52, 0x18, 0xED, 0x1B, 0xB9, 0x5E, 0x9B, 0x61, 0xD6, 0xBA, 0x9A, 0x2D, 0x11,
    0xF0, 0x6E, 0x24, 0x2E, 0xD7, 0x4A, 0xFE, 0x15, 0xC1, 0x33, 0x71, 0x56, 0xF1, 0x3C, 0xD3, 0x73,
    0xD7, 0x88, 0x90, 0x13, 0x8D, 0x09, 0xCB, 0x27, 0x3B, 0x81, 0xFC, 0xDF, 0xC7, 0xD3, 0x01, 0xAE,
    0x1C, 0xBC, 0xBA, 0x0A, 0x64, 0x1C, 0x81, 0xE4, 0x21, 0x49, 0xFD, 0x7C, 0x0A, 0x46, 0x75, 0xF6,
    0xB0, 0x8B, 0x55, 0x5B, 0x0E, 0xD1, 0x84, 0xD7, 0x20, 0x13, 0xF0, 0x62, 0x02, 0x43, 0x41, 0xF8,
    0x04, 0x10, 0x2B, 0x04, 0xDB, 0x89, 0x06, 0x54, 0x9C, 0x9E, 0xBD, 0x0A, 0x2B, 0x29, 0xA7, 0x58,
    0x6B, 0x8A, 0x49, 0xD7, 0xE8, 0xE4, 0x3A, 0xF3, 0x23, 0x2C, 0x63, 0xD1, 0x9C, 0xA8, 0x9A, 0x2B,
    0x0F, 0xF4, 0x30, 0x14, 0xD1, 0x7D, 0xA0, 0x90, 0xBC, 0x73, 0xB6, 0x8B, 0xA0, 0x23, 0x6E, 0x7B,
    0x30, 0x90, 0xA6, 0x3C, 0x80, 0xEE, 0xE6, 0x66, 0xF7, 0x1B, 0x33, 0x32, 0x63, 0xFA, 0x29, 0x71,
    0x6D, 0xF9, 0x91, 0xF5, 0xCA, 0x09, 0xD6, 0xAB, 0xBD, 0x73, 0xF2, 0xBC, 0x18, 0xC4, 0xC6, 0x6F,
    0x05, 0xCA, 0x28, 0x26, 0x71, 0x4D, 0x66, 0xA2, 0x94, 0xFA, 0x54, 0x4E, 0xDD, 0x46, 0x91, 0x5D,
    0x38, 0xC4, 0x23, 0x54, 0x6F, 0xA3, 0x2F, 0xD0, 0x15, 0xFC, 0x13, 0xCC, 0xD3, 0xB6, 0xCA, 0x08,
    0x52, 0x96, 0xCF, 0x0F, 0xD1, 0xBB, 0x91, 0x00, 0x21, 0x01, 0x0B, 0x78, 0x6E, 0x8D, 0xCD, 0x48,
    0x55, 0x38, 0xEE, 0xC9, 0x75, 0x78, 0x69, 0x94, 0x89, 0x31, 0xFC, 0x0F, 0x06, 0x91, 0xE3, 0x5F,
    0x01, 0x7A, 0x4A, 0x1E, 0x6B, 0xBB, 0x04, 0x99, 0x69, 0x4E, 0xF7, 0x53, 0x5F, 0xA4, 0xB6, 0x4F,
    0xE9, 0x12, 0xA0, 0xE3, 0x97, 0xB3, 0xF6, 0xCC, 0x78, 0x7A, 0x97, 0xB3, 0x6E, 0x64, 0x58, 0x31,
    0xB1, 0x5F, 0x1C, 0x51, 0x13, 0x3F, 0x19, 0x50, 0x13, 0xDF, 0xEF, 0xCF, 0x25, 0x8B, 0xBA, 0x15,
    0xD5, 0xBD, 0xE4, 0x61, 0x6C, 0x8E, 0x84, 0x54, 0x13, 0xE7, 0x6C, 0x79, 0xD2, 0xA4, 0x76, 0xFA,
    0xD5, 0x5E, 0x27, 0x64, 0xC4, 0x87, 0x68, 0x88, 0x87, 0x18, 0xD8, 0x83, 0x02, 0xE9, 0x1C, 0x8C,
    0x0B, 0xD8, 0x35, 0x90, 0x51, 0x10, 0x8B, 0x0A, 0x2D, 0x53, 0xC4, 0xA2, 0xAC, 0xD4, 0xF6, 0x9B,
    0x13, 0x93, 0xCA, 0x76, 0x0C, 0x92, 0xF8, 0x49, 0x3C, 0x22, 0x6F, 0x27, 0xF8, 0x7E, 0x82, 0xE9,
    0x74, 0xBC, 0xE9, 0xC6, 0x47, 0xF1, 0xB0, 0x41, 0x14, 0x9A, 0xB2, 0x21, 0x4F, 0x57, 0x8E, 0xA7,
    0x7F, 0x1C, 0x58, 0xDC, 0xE6, 0xA5, 0x86, 0xCC, 0x6A, 0xED, 0xCA, 0x26, 0xD4, 0x56, 0x5E, 0xCA,
    0x2A, 0x19, 0xF8, 0x70, 0x07, 0xA9, 0xEB, 0x43, 0x54, 0x9F, 0x2E, 0xA3, 0xAD, 0x99, 0x1A, 0x64,
    0x68, 0x29, 0x29, 0xD5, 0x73, 0x1B, 0x49, 0x21, 0x10, 0x11, 0x5A, 0x6C, 0x39, 0xB3, 0x36, 0x43,
    0xBE, 0x91, 0xB0, 0x62, 0x74, 0xEC, 0x1A, 0xF5, 0x4B, 0x6C, 0xB7, 0x76, 0x3A, 0xB5, 0x04, 0x14,
    0x72, 0x9F, 0x94, 0xD3, 0x88, 0x7D, 0x75, 0x1A, 0xFF, 0x17, 0x10, 0x9E, 0xBD, 0x12, 0x19, 0xF2,
    0x4E, 0x5E, 0x09, 0xEE, 0x3E, 0x81, 0x75, 0x83, 0x42, 0x83, 0xE4, 0x84, 0xAD, 0x82, 0x9D, 0x7C,
    0xCA, 0xB5, 0x3A, 0x5F, 0xD0, 0xD1, 0x06, 0x07, 0xEC, 0xAC, 0xF6, 0x6C, 0xAF, 0xD2, 0xFA, 0x55,
    0xD8, 0xC2, 0xB5, 0x8D, 0xB3, 0x9B, 0x2F, 0x9E, 0x88, 0x47, 0xE3, 0x7B, 0x1F, 0x36, 0xE0, 0x87,
    0xD1, 0xDF, 0x41, 0x86, 0xC3, 0xF9, 0xC7, 0xAB, 0xFD, 0xB9, 0xDA, 0x3D, 0xC6, 0xF1, 0x9C, 0x04,
    0x12, 0x2E, 0xE2, 0x9B, 0x89, 0x5C, 0xD2, 0xC7, 0xD7, 0x49, 0xCC, 0x69, 0x03, 0xAE, 0x12, 0x35,
    0xA1, 0x34, 0xBE, 0xDE, 0xA4, 0xA8, 0x37, 0x21, 0xEA, 0x0D, 0x1B, 0xE5, 0xAD, 0x8F, 0x83, 0x35,
    0xB4, 0x73, 0x75, 0x79, 0xAB, 0x8C, 0x8F, 0x84, 0xCF, 0x70, 0x6E, 0x01, 0x01, 0x72, 0x0E, 0x7A,
    0x1E, 0x3A, 0xFA, 0x9E, 0x1E, 0xC6, 0x92, 0x25, 0x16, 0x66, 0x94, 0x29, 0xF3, 0x53, 0xA0, 0x5C,
    0xCE, 0x42, 0xB8, 0x01, 0x24, 0x71, 0x25, 0xCB, 0x74, 0xB8, 0x94, 0x65, 0x36, 0x20, 0x4E, 0x97,
    0xDF, 0xA2, 0x6D, 0xBB, 0x7C, 0x04, 0xD4, 0x1F, 0x9E, 0xB2, 0x75, 0x27, 0x27, 0xA8, 0x1B, 0xD2,
    0xA9, 0x0D, 0x0D, 0x40, 0x7A, 0x51, 0xE9, 0x18, 0x90, 0xDD, 0xA5, 0x12, 0xFB, 0xE4, 0x0B, 0x52,
    0xA7, 0x47, 0xFD, 0x81, 0xA1, 0x29, 0x75, 0xDA, 0xEB, 0x0C, 0x82, 0xB9, 0xFF, 0x0D, 0x47, 0x7C,
    0x1F, 0xE2, 0x8B, 0x1D, 0xC4, 0x8B, 0x46, 0x36, 0x89, 0x1D, 0x48, 0x98, 0x21, 0xA4, 0x32, 0xC8,
    0xD8, 0x3E, 0x1C, 0xF8, 0x33, 0x38, 0x26, 0xA2, 0xAB, 0x55, 0x66, 0x96, 0x51, 0x62, 0x23, 0x1A,
    0x27, 0x30, 0x1B, 0x74, 0x89, 0xBE, 0xA5, 0xD3, 0x79, 0x50, 0xE0, 0x0E, 0x2A, 0x0F, 0xA7, 0xCD,
    0x7E, 0x48, 0xFC, 0x4A, 0xD6, 0x3B, 0x1A, 0x43, 0xCC, 0x13, 0x07, 0x68, 0x3A, 0x01, 0xA8, 0xF4,
    0xDA, 0xB9, 0x4E, 0x81, 0x83, 0xD0, 0x8D, 0x9F, 0xB7, 0x5F, 0xCF, 0x76, 0x75, 0x80, 0xDB, 0x3E,
    0xD3, 0xD9, 0x22, 0x06, 0xF4, 0x23, 0xEE, 0x68, 0xDD, 0x5F, 0x63, 0x4E, 0x76, 0xF8, 0xCF, 0x62,
    0xDD, 0xA1, 0xBC, 0xE4, 0x84, 0x2D, 0xC3, 0x67, 0xCD, 0x74, 0xAC, 0x56, 0x2F, 0x44, 0x4D, 0x77,
    0x73, 0x83, 0x3E, 0xED, 0xF3, 0xF9, 0x4C, 0x35, 0xB8, 0x6F, 0x6E, 0x41, 0x93, 0xB8, 0x59, 0xDE,
    0x5D, 0x91, 0xEC, 0xD4, 0xE3, 0x08, 0x4B, 0x4E, 0xBC, 0x7B, 0xFD, 0xC3, 0x89, 0x5A, 0xE0, 0x85,
    0x2C, 0xAD, 0x76, 0x0D, 0x03, 0xD3, 0x85, 0xF0, 0x93, 0xEF, 0x1C, 0x27, 0x79, 0x86, 0xE4, 0x1D,
    0x96, 0x72, 0x59, 0xC6, 0xB1, 0x15, 0x30, 0x73, 0xEF, 0x92, 0x0D, 0x44, 0xED, 0xBD, 0xD4, 0x76,
    0x53, 0x81, 0x33, 0xDF, 0x43, 0x95, 0xF9, 0x1F, 0xC5, 0x5A, 0xBD, 0x72, 0xDC, 0xD6, 0x15, 0x3E,
    0x00, 0xC6, 0x84, 0x2D, 0x38, 0x41, 0x8A, 0x14, 0x9E, 0x91, 0x1D, 0xA8, 0x60, 0xA1, 0x22, 0x26,
    0x5C, 0xA4, 0x70, 0xC1, 0x05, 0x20, 0x6B, 0x26, 0x2A, 0xF5, 0x00, 0x69, 0x34, 0x93, 0x32, 0x85,
    0x5C, 0xA8, 0x60, 0xB1, 0x2B, 0xC0, 0xF6, 0x03, 0x84, 0x93, 0xC6, 0x65, 0xF4, 0x08, 0x2E, 0x58,
    0xB0, 0x58, 0x71, 0x21, 0xFB, 0x05, 0xE0, 0x49, 0xE1, 0xC2, 0x45, 0x90, 0x48, 0x5D, 0x66, 0xE2,
    0x6B, 0x07, 0x9E, 0x40, 0x31, 0xB8, 0x37, 0xDF, 0x77, 0x2E, 0x76, 0x97, 0x14, 0x15, 0xD9, 0x11,
    0x69, 0x7A, 0x87, 0xB8, 0x22, 0xB1, 0x17, 0xE7, 0xEF, 0x9E, 0x9F, 0xEF, 0x1C, 0x48, 0x52, 0x91,
    0xB2, 0x92, 0x45, 0x25, 0x99, 0x6C, 0x3E, 0x07, 0x22, 0x46, 0x3C, 0x23, 0xBE, 0x91, 0xA0, 0x95,
    0xB0, 0x95, 0xA8, 0x91, 0xB8, 0xE6, 0x4F, 0x52, 0x49, 0x5A, 0x48, 0x2E, 0xFC, 0x11, 0x99, 0xE0,
    0xDA, 0xC5, 0x35, 0xC5, 0x75, 0x28, 0xB2, 0x65, 0x2B, 0xC9, 0x6D, 0xEB, 0x59, 0xDB, 0x04, 0x4B,
    0xAF, 0x8E, 0x8D, 0x48, 0x5A, 0xBB, 0xAD, 0xF7, 0x71, 0xCD, 0xC7, 0x6B, 0x38, 0x71, 0x3D, 0x14,
    0xF2, 0x7F, 0x03, 0x8F, 0x0D, 0x12, 0xE3, 0xF2, 0xEC, 0x13, 0x25, 0x25, 0x9D, 0x50, 0x06, 0x0A,
    0x81, 0x4F, 0x7A, 0x8C, 0xDF, 0xAC, 0x2D, 0x24, 0xB4, 0x56, 0x24, 0xEE, 0xAE, 0x08, 0x05, 0xC1,
    0x7D, 0x7E, 0xA9, 0x82, 0xCF, 0x64, 0x24, 0x9E, 0x58, 0x08, 0x91, 0x72, 0x6F, 0xCE, 0xBD, 0x1E,
    0xE9, 0xF8, 0x24, 0x02, 0x45, 0x44, 0x42, 0x88, 0x23, 0x11, 0x97, 0xD8, 0xDA, 0x9A, 0x9B, 0x6B,
    0xEE, 0xAB, 0x64, 0x5B, 0xBC, 0xFA, 0x61, 0xF9, 0x85, 0xC1, 0x1F, 0x75, 0xDC, 0x94, 0x92, 0x48,
    0x5C, 0xEC, 0x48, 0x54, 0xAD, 0x2E, 0xFE, 0xCD, 0xFB, 0xFC, 0xFE, 0xA8, 0xFC, 0xD2, 0x70, 0x7F,
    0x00, 0xEB, 0x18, 0xD0, 0x8E, 0x6B, 0x70, 0x81, 0x55, 0x7A, 0x6A, 0x39, 0x50, 0xAD, 0x39, 0x39,
    0x66, 0x30, 0x9A, 0xE4, 0x49, 0x01, 0x99, 0xA8, 0x7D, 0xDC, 0x2B, 0xD3, 0x8E, 0x8B, 0x21, 0x67,
    0x6C, 0x89, 0x55, 0x12, 0x68, 0x42, 0xB2, 0x52, 0xAE, 0x97, 0x13, 0x3A, 0x05, 0x0D, 0x85, 0x86,
    0xC8, 0xD8, 0x16, 0x17, 0x90, 0x8B, 0x4A, 0x67, 0x6A, 0xFA, 0xA9, 0xD3, 0xF8, 0xD9, 0xCF, 0x8B,
    0xB7, 0xF7, 0x6A, 0x4F, 0xAC, 0x3E, 0xCD, 0x13, 0xA9, 0x3D, 0x9B, 0x57, 0x20, 0x63, 0x21, 0xA3,
    0x51, 0xE3, 0x4E, 0xCD, 0x53, 0xD1, 0x96, 0x90, 0xF1, 0x61, 0xDA, 0xE1, 0x14, 0xFC, 0x9E, 0x06,
    0xD4, 0xA5, 0x93, 0xA0, 0xA3, 0xEA, 0xF6, 0xCF, 0x10, 0xD4, 0x2E, 0x49, 0x8E, 0x8B, 0x67, 0x65,
    0x75, 0x22, 0x58, 0xAE, 0xCB, 0x82, 0x5A, 0xE1, 0xDC, 0x4A, 0xA8, 0x0C, 0x3E, 0x24, 0xE7, 0xB7,
    0xF9, 0x2D, 0xB3, 0x03, 0x8D, 0xEE, 0x3E, 0x01, 0xFB, 0xA5, 0x9E, 0x41, 0xDA, 0x24, 0x4D, 0x86,
    0x13, 0x9A, 0x26, 0x6D, 0x77, 0xB0, 0x30, 0x87, 0x07, 0xB6, 0xDD, 0xD3, 0x6B, 0x61, 0x0E, 0xA6,
    0x49, 0xD3, 0xF1, 0x3B, 0xEE, 0xC1, 0xDE, 0x8A, 0xCF, 0xF0, 0x59, 0xC8, 0xEF, 0xDB, 0x21, 0x6A,
    0x0F, 0x93, 0xC2, 0xBC, 0xED, 0x99, 0x5D, 0xBF, 0xDD, 0x0D, 0x1A, 0x98, 0x3B, 0xB5, 0x4D, 0xF4,
    0xB4, 0x95, 0x6D, 0xBF, 0x90, 0x69, 0x84, 0x43, 0x49, 0x8A, 0xA0, 0xCD, 0x60, 0xE4, 0x41, 0x52,
    0x08, 0x3C, 0x0B, 0x1B, 0xC9, 0x20, 0x7F, 0xC2, 0x23, 0x2B, 0x3A, 0x18, 0xE9, 0x50, 0x82, 0xE2,
    0x37, 0xB2, 0xC0, 0x51, 0x58, 0x6B, 0x5B, 0xB5, 0xB5, 0x5E, 0xF4, 0x12, 0x3A, 0x09, 0x4F, 0x26,
    0xE6, 0xF9, 0xA9, 0x4E, 0xA9, 0xAD, 0x72, 0x5B, 0xE4, 0x56, 0xD6, 0xE2, 0x37, 0x49, 0x9D, 0xE2,
    0x81, 0xDD, 0xBC, 0x31, 0x7B, 0xA5, 0x39, 0x38, 0xD8, 0xDB, 0xDB, 0x3B, 0xB8, 0x87, 0xAB, 0xEC,
    0x70, 0xB5, 0xF7, 0xF6, 0xEE, 0x99, 0x83, 0xDD, 0x7B, 0xEF, 0x1A, 0xEE, 0xC1, 0xDE, 0xB5, 0xF8,
    0xB9, 0x6D, 0x72, 0x5B, 0x87, 0x1D, 0xED, 0x36, 0x4B, 0x8A, 0x83, 0xB0, 0xC2, 0x0F, 0x7E, 0xC1,
    0x9F, 0xA1, 0xDA, 0x9E, 0x36, 0x4C, 0xE4, 0x94, 0x7F, 0x33, 0xD2, 0x78, 0x82, 0x01, 0x24, 0x65,
    0x14, 0xD8, 0x31, 0x44, 0x34, 0x3E, 0x36, 0xFE, 0x4D, 0xE9, 0x9D, 0x93, 0xAF, 0x3F, 0x25, 0x55,
    0xC3, 0x03, 0x8D, 0x78, 0xB4, 0x78, 0xFD, 0x5A, 0x50, 0x0B, 0x7E, 0xA2, 0x42, 0x76, 0xC4, 0xEF,
    0xA8, 0xDF, 0x2E, 0x37, 0x61, 0x8B, 0x78, 0x8B, 0x22, 0xB4, 0x8D, 0xEF, 0xD3, 0xE5, 0x70, 0x9C,
    0x3E, 0x1D, 0xA4, 0xC2, 0xEF, 0x77, 0x92, 0x0A, 0xDF, 0xDE, 0x05, 0xBF, 0x2A, 0x68, 0xE3, 0x36,
    0x2F, 0xE6, 0x72, 0x8D, 0x72, 0xC1, 0x7D, 0x67, 0x24, 0x30, 0xA7, 0xA0, 0x03, 0xE3, 0xBC, 0xC7,
    0x5D, 0x04, 0xC3, 0x8C, 0x22, 0xCD, 0x11, 0x1D, 0xB8, 0xAB, 0x6E, 0x13, 0xB6, 0xB8, 0x1B, 0x71,
    0x89, 0xBB, 0x48, 0x43, 0x60, 0x60, 0x08, 0x58, 0x49, 0xD3, 0x27, 0x3B, 0x2E, 0x97, 0xE8, 0xC2,
    0x40, 0xD1, 0x9C, 0xA0, 0xC9, 0x81, 0x19, 0xE5, 0x29, 0xCE, 0xE7, 0x38, 0xB4, 0x66, 0x1A, 0xE3,
    0x42, 0x72, 0x39, 0x2C, 0x6D, 0xD3, 0x2D, 0x6C, 0x8D, 0x23, 0x7B, 0x84, 0xEB, 0xC3, 0x76, 0x61,
    0x6F, 0x36, 0xA5, 0x0D, 0xEA, 0xD4, 0x86, 0xF5, 0xD6, 0x12, 0xF2, 0x4E, 0xA8, 0x12, 0x6C, 0x38,
    0x85, 0x09, 0x0F, 0x77, 0x60, 0x26, 0xD8, 0xCE, 0xEC, 0xC2, 0x52, 0x53, 0x48, 0x05, 0xA1, 0x5A,
    0x78, 0x71, 0xD3, 0x49, 0xF8, 0xC8, 0x48, 0xF8, 0xA9, 0x91, 0xE8, 0xA3, 0x16, 0xC1, 0xBB, 0xA8,
    0x17, 0x35, 0x24, 0xD8, 0x13, 0x06, 0x74, 0x2F, 0x7D, 0xDA, 0xA5, 0x0D, 0x0D, 0x74, 0x2C, 0xF1,
    0x20, 0x57, 0x76, 0xD5, 0xF6, 0x87, 0x6A, 0x72, 0xA3, 0xB9, 0xB1, 0x85, 0x58, 0x34, 0x19, 0x32,
    0x67, 0x64, 0x4D, 0xFA, 0x01, 0x98, 0x74, 0x73, 0xE9, 0x0E, 0xC4, 0x20, 0x36, 0xE6, 0x71, 0x5D,
    0xDA, 0x22, 0xE9, 0xC5, 0xAF, 0xB6, 0x61, 0xBE, 0x29, 0xF8, 0x4D, 0xE8, 0xC6, 0x78, 0x1E, 0x61,
    0x36, 0xC4, 0x95, 0xDF, 0xA5, 0x12, 0x36, 0xB0, 0x5D, 0xD5, 0xAB, 0x4B, 0xCE, 0xE1, 0x6D, 0xEF,
    0x04, 0xE2, 0x52, 0x1E, 0x2D, 0x06, 0x8B, 0x36, 0x38, 0xDA, 0xDF, 0xD7, 0x38, 0xD0, 0xA0, 0x86,
    0x1F, 0x86, 0x15, 0x9E, 0x0E, 0x61, 0x78, 0x89, 0x6E, 0x30, 0x71, 0xE8, 0x41, 0xC7, 0xEB, 0x1C,
    0x38, 0x5F, 0xB9, 0x42, 0xD0, 0x24, 0xBC, 0x8F, 0xE0, 0x4B, 0x83, 0x7F, 0xE2, 0xFE, 0xAF, 0xDE,
    0xC6, 0x7D, 0xF8, 0x6C, 0x00, 0x1B, 0x71, 0xFF, 0x1E, 0xF7, 0xDF, 0xDB, 0x30, 0xEA, 0xC1, 0xC8,
    0x27, 0xA3, 0x90, 0x5E, 0x01, 0xE9, 0xC2, 0x2A, 0x23, 0x23, 0x24, 0x88, 0xE8, 0x3D, 0x32, 0x52,
    0x67, 0x62, 0x10, 0x38, 0x3F, 0xEC, 0x57, 0xEE, 0x16, 0x3E, 0x42, 0x6C, 0xC7, 0xB7, 0x60, 0x81,
    0xCC, 0x8F, 0x78, 0xFF, 0x67, 0xBC, 0x7F, 0x00, 0x75, 0xC3, 0x02, 0xFB, 0x93, 0x25, 0xF6, 0xE7,
    0xD8, 0x92, 0x52, 0xD0, 0x92, 0xDE, 0x20, 0x06, 0x12, 0xE6, 0xD4, 0x28, 0xA7, 0x46, 0x7E, 0x03,
    0x49, 0xFC, 0x06, 0x07, 0x82, 0x83, 0x14, 0x7F, 0x79, 0x6E, 0x8D, 0x28, 0x9F, 0x1D, 0xAF, 0xD9,
    0xE9, 0x94, 0x48, 0x42, 0x70, 0x46, 0x0D, 0x6A, 0x24, 0x6A, 0x3A, 0x17, 0xC3, 0x85, 0xDC, 0xB2,
    0x31, 0xB8, 0xF8, 0x44, 0x29, 0x77, 0x10, 0x9C, 0x06, 0x91, 0x6E, 0x64, 0x6B, 0x49, 0x9D, 0x85,
    0xF2, 0xF0, 0x49, 0xF1, 0xFA, 0xB5, 0x7F, 0x6A, 0x68, 0x6E, 0x9D, 0x62, 0xE0, 0xD3, 0x5D, 0x03,
    0x2E, 0xD1, 0x31, 0x77, 0x90, 0xE2, 0x84, 0xA4, 0xE7, 0x5C, 0xBA, 0x5C, 0xDC, 0xF1, 0x87, 0xD4,
    0x39, 0x46, 0xD2, 0x00, 0x0D, 0xCD, 0xCB, 0x29, 0x1D, 0x0B, 0xF4, 0x18, 0x0A, 0x48, 0xC8, 0xB6,
    0x60, 0x7C, 0x17, 0x28, 0x1C, 0x49, 0xC1, 0x62, 0x5B, 0x40, 0xD8, 0xA4, 0xC8, 0xC6, 0xEC, 0xAC,
    0xC2, 0xA8, 0xF1, 0x23, 0x2E, 0x69, 0xB5, 0x8A, 0x95, 0x77, 0x2E, 0x5F, 0x96, 0xD7, 0x56, 0x21,
    0xEB, 0xB1, 0x5C, 0x45, 0x8F, 0x0D, 0x2D, 0xB2, 0x7F, 0xD9, 0x62, 0x84, 0xDD, 0x75, 0x56, 0x29,
    0x1C, 0xCD, 0x9B, 0x49, 0x7B, 0xA6, 0x10, 0x5E, 0x8A, 0x04, 0x28, 0x22, 0x12, 0x7F, 0x3E, 0x30,
    0x53, 0x76, 0x3F, 0x89, 0x04, 0x1E, 0x29, 0x07, 0xB7, 0xC8, 0x23, 0xA0, 0x40, 0xB7, 0xB0, 0x04,
    0x2C, 0xC8, 0x21, 0xF9, 0xC6, 0x74, 0x90, 0x74, 0xCD, 0xF7, 0x30, 0x63, 0x30, 0xEC, 0xD0, 0xFD,
    0xC9, 0x97, 0x2C, 0xE3, 0x62, 0xC5, 0x77, 0x42, 0x96, 0x0B, 0x26, 0xB5, 0x15, 0x5F, 0x46, 0x49,
    0x52, 0x44, 0x64, 0x89, 0x58, 0x49, 0x74, 0xE7, 0x8A, 0x6F, 0xC0, 0x6A, 0x16, 0x72, 0x89, 0x59,
    0xE6, 0x53, 0x06, 0xEC, 0x94, 0x41, 0xD2, 0xC1, 0x0E, 0xDE, 0x37, 0x8C, 0xB8, 0xCF, 0x70, 0x26,
    0xD1, 0x47, 0x70, 0x90, 0x38, 0x44, 0xFD, 0x9F, 0x10, 0x04, 0x4C, 0x09, 0x79, 0x08, 0xB8, 0x14,
    0xCE, 0x05, 0x64, 0x16, 0xD6, 0x3B, 0x0C, 0xC5, 0x09, 0xA5, 0x40, 0x48, 0x67, 0xB2, 0x58, 0x42,
    0x7B, 0xD2, 0x94, 0xBB, 0xBD, 0x56, 0xBC, 0xC2, 0xA1, 0xBA, 0xB2, 0xB9, 0x3A, 0x6A, 0x4B, 0x4B,
    0x87, 0x3C, 0x70, 0x05, 0x50, 0x1B, 0x28, 0xB8, 0x29, 0x24, 0xD9, 0x7A, 0x71, 0xF7, 0x14, 0xDD,
    0xB4, 0x4C, 0x4D, 0xA4, 0xA4, 0x34, 0xA5, 0x24, 0x99, 0xB7, 0xD6, 0x7B, 0xD4, 0xAF, 0x63, 0xD5,
    0x8C, 0x3C, 0x34, 0xDE, 0xE5, 0xD5, 0xCD, 0xD7, 0xE4, 0x42, 0x48, 0xE7, 0x42, 0x50, 0x1E, 0x9C,
    0x3C, 0x68, 0xC5, 0x90, 0x39, 0xA9, 0x96, 0x54, 0x69, 0x53, 0xC1, 0x48, 0xE5, 0x04, 0x06, 0x65,
    0x19, 0xD6, 0x25, 0x24, 0xCC, 0x73, 0x40, 0x74, 0x85, 0x01, 0x9D, 0x00, 0x27, 0xF4, 0x58, 0xC3,
    0xC1, 0x05, 0xA9, 0xE3, 0x73, 0x6D, 0x95, 0x18, 0xD5, 0xAF, 0x22, 0x1A, 0x80, 0xD9, 0x4C, 0x5E,
    0x97, 0xCB, 0x97, 0x85, 0x3B, 0x43, 0x33, 0x62, 0x49, 0x39, 0x66, 0xFA, 0x7C, 0xF0, 0xE6, 0x65,
    0x8B, 0xE1, 0x5C, 0xB9, 0x2B, 0x49, 0x6B, 0x72, 0x26, 0xFA, 0x2E, 0xC5, 0x10, 0xD7, 0x46, 0xA2,
    0xE5, 0xE8, 0x22, 0x00, 0x99, 0xE2, 0x55, 0x27, 0x65, 0xC0, 0xB5, 0x74, 0x50, 0x78, 0xD5, 0xFC,
    0xF4, 0x8E, 0xBD, 0x3F, 0x56, 0x25, 0x96, 0x22, 0x3E, 0xA6, 0x90, 0xB3, 0xDE, 0x40, 0xCE, 0xDC,
    0xB9, 0x30, 0x1F, 0x2D, 0x81, 0x97, 0x16, 0x76, 0x58, 0x39, 0x41, 0xE7, 0x62, 0x20, 0x19, 0x3B,
    0x85, 0xEB, 0xF2, 0xE3, 0xF1, 0x03, 0x96, 0xD6, 0x4D, 0x28, 0xE1, 0x5E, 0x8F, 0x1B, 0xF5, 0xF6,
    0x8F, 0xC6, 0x6B, 0x3C, 0xCD, 0x9C, 0xBF, 0x3D, 0xF7, 0x34, 0x45, 0xD9, 0x39, 0x7E, 0xAE, 0xF5,
    0x79, 0xDE, 0x71, 0x6E, 0x9A, 0xBD, 0x66, 0xDD, 0xEC, 0xAD, 0x41, 0x4C, 0x72, 0x2A, 0x43, 0x8C,
    0x0D, 0xCA, 0x20, 0xA3, 0xB2, 0xA9, 0x52, 0xE7, 0xD9, 0x02, 0xB9, 0x86, 0xBD, 0x0C, 0xDE, 0x80,
    0xBA, 0x3F, 0x10, 0xCC, 0x82, 0xEC, 0x1C, 0xA0, 0x6E, 0x0E, 0xD8, 0x37, 0x87, 0x24, 0x03, 0xE8,
    0xF6, 0x71, 0xED, 0x77, 0x71, 0x11, 0x18, 0x34, 0x87, 0xC8, 0xE0, 0x79, 0x9D, 0xF9, 0x56, 0x1B,
    0xD9, 0x12, 0x88, 0xBB, 0x5C, 0x2A, 0xF8, 0xFE, 0xB0, 0x62, 0xBA, 0xAB, 0xC5, 0xFB, 0xFC, 0xE8,
    0xAC, 0x46, 0x14, 0x38, 0x2F, 0x7C, 0x6C, 0xAE, 0x80, 0x7E, 0x16, 0x35, 0x60, 0xF9, 0x77, 0x0D,
    0x00, 0xD7, 0xBF, 0x5B, 0x74, 0x2F, 0xDF, 0x18, 0xE0, 0x44, 0x63, 0x40, 0xBF, 0xED, 0x12, 0xA0,
    0x9D, 0xC3, 0x94, 0x50, 0x32, 0x83, 0x42, 0xBB, 0x13, 0xA6, 0xCB, 0x29, 0x14, 0x7A, 0x7B, 0x0E,
    0x85, 0x76, 0x80, 0xE1, 0x24, 0xE9, 0x88, 0xC7, 0x0D, 0x72, 0x38, 0x16, 0x7C, 0x45, 0x08, 0xA9,
    0xC9, 0x6A, 0x7B, 0x34, 0xD5, 0xFF, 0xF0, 0x4F, 0x0F, 0x9D, 0x7F, 0x8C, 0x0E, 0x8D, 0x62, 0xDB,
    0x1B, 0x4B, 0xB4, 0x79, 0xF7, 0xA1, 0x69, 0x0E, 0xED, 0x72, 0xB8, 0x3F, 0xBB, 0xD7, 0x2C, 0x75,
    0xB5, 0x03, 0xAC, 0x65, 0x40, 0x98, 0xF7, 0x04, 0xF7, 0x33, 0xA4, 0xDF, 0x1C, 0xFE, 0x97, 0x57,
    0x8B, 0x2A, 0xD5, 0x4E, 0xAE, 0x47, 0x46, 0x5F, 0x27, 0x29, 0x30, 0xF4, 0xD9, 0xEE, 0xB6, 0x2E,
    0x41, 0x9D, 0xC8, 0x4F, 0x17, 0xCE, 0xCF, 0x67, 0x8F, 0xD6, 0x6C, 0xFC, 0xB3, 0xD9, 0xFE, 0xF1,
    0x78, 0x1D, 0x45, 0x32, 0x96, 0xAC, 0xDF, 0xF6, 0x67, 0x4E, 0x93, 0xDC, 0x94, 0x9D, 0xF2, 0x23,
    0x43, 0xDA, 0xE0, 0x3E, 0xFD, 0x31, 0xA7, 0x17, 0xE6, 0xCC, 0x27, 0x39, 0xF3, 0x49, 0xE6, 0x8A,
    0x2D, 0xF9, 0x72, 0x19, 0x88, 0x3D, 0x7B, 0xD7, 0x33, 0x91, 0x37, 0x37, 0x61, 0x3B, 0xB8, 0x4B,
    0xEA, 0xCA, 0x2B, 0x63, 0xCA, 0x19, 0x17, 0x9E, 0x00, 0xAA, 0xF9, 0x18, 0x2B, 0x3F, 0x81, 0x04,
    0xFB, 0x72, 0xC7, 0x37, 0x88, 0x89, 0x1E, 0x10, 0x74, 0x96, 0x57, 0x3A, 0x99, 0xD1, 0x39, 0x0F,
    0x8E, 0x7A, 0xC1, 0xC9, 0x00, 0xFA, 0xBA, 0x26, 0x57, 0x2E, 0xAF, 0x3A, 0x90, 0x48, 0x67, 0x2B,
    0x1F, 0xD7, 0x4C, 0xAE, 0x15, 0xEB, 0x38, 0xE7, 0x3D, 0x70, 0xC6, 0xA5, 0x94, 0x85, 0xDF, 0x7B,
    0x80, 0x36, 0x26, 0xFC, 0xAA, 0x0A, 0xDB, 0xE4, 0x8F, 0x80, 0x36, 0x39, 0x71, 0xC6, 0x00, 0x6F,
    0xBE, 0x69, 0x40, 0xE1, 0x76, 0x0D, 0x39, 0x73, 0xE4, 0xED, 0x94, 0x43, 0x95, 0xB4, 0x43, 0xCA,
    0x4B, 0x1A, 0xF0, 0x8D, 0x9B, 0xB2, 0x61, 0x1D, 0x2F, 0x5C, 0xFC, 0x4E, 0x17, 0x8D, 0x73, 0x73,
    0x15, 0x6F, 0xCC, 0x02, 0xDE, 0xB0, 0x81, 0xEB, 0xC5, 0x19, 0xB8, 0xDE, 0xBB, 0x99, 0x0D, 0x03,
    0x0C, 0x5F, 0xC3, 0x3E, 0x29, 0x33, 0x46, 0xCE, 0xE0, 0x60, 0x80, 0xB1, 0xAB, 0xAD, 0xE0, 0xC4,
    0x31, 0x67, 0x3A, 0x29, 0x73, 0x8B, 0x86, 0x6A, 0x46, 0x4B, 0x4E, 0xB8, 0x73, 0xC6, 0x9D, 0x33,
    0xA6, 0x95, 0x9C, 0x41, 0x05, 0x4B, 0x11, 0xA2, 0x2C, 0x39, 0xE7, 0xD8, 0x9C, 0x95, 0x93, 0xE9,
    0x7B, 0xCB, 0xF5, 0xA5, 0xC8, 0xE2, 0x17, 0xAB, 0x2C, 0x58, 0x72, 0xA8, 0xC6, 0x40, 0x39, 0x99,
    0xC9, 0x2F, 0x49, 0x8C, 0x17, 0x27, 0xF8, 0x4B, 0x31, 0x84, 0xA6, 0x3E, 0xED, 0x69, 0x93, 0x66,
    0xCC, 0x8A, 0x6E, 0x24, 0x76, 0xAA, 0x77, 0xC9, 0x58, 0xF2, 0x73, 0xFA, 0x8F, 0x0E, 0x36, 0x52,
    0x0E, 0x4A, 0x92, 0x02, 0x81, 0x11, 0x57, 0x3A, 0x06, 0x4D, 0x59, 0x57, 0x66, 0xEC, 0x4D, 0x09,
    0x50, 0x1F, 0xE3, 0x64, 0xFD, 0xEF, 0xEA, 0xB1, 0xF5, 0x94, 0xE3, 0x1F, 0x56, 0x98, 0x9E, 0x9D,
    0xF0, 0xE4, 0x76, 0x9F, 0xB5, 0xA8, 0x67, 0x2D, 0x02, 0x89, 0x81, 0xF3, 0xB4, 0x1E, 0x42, 0xAC,
    0x14, 0xCD, 0xF9, 0x6C, 0x09, 0x96, 0x80, 0xC0, 0x61, 0x7D, 0x75, 0xE0, 0xEC, 0xCE, 0x38, 0x38,
    0x1B, 0x73, 0x68, 0xFA, 0x0C, 0x50, 0x59, 0x8D, 0x73, 0xA3, 0xDE, 0x0D, 0x81, 0xF8, 0xAD, 0x8E,
    0x16, 0x83, 0x9E, 0x7E, 0x10, 0x18, 0x16, 0xC6, 0xA8, 0xD1, 0x11, 0x17, 0x27, 0x1F, 0x50, 0x4D,
    0x5B, 0x94, 0x9B, 0x8A, 0xE9, 0xD4, 0x55, 0x72, 0x27, 0x9C, 0xAE, 0x13, 0xED, 0x36, 0x67, 0x3A,
    0x1B, 0x9C, 0xFB, 0xC7, 0xAA, 0x61, 0xA9, 0x2A, 0x82, 0xAF, 0x47, 0xEB, 0x50, 0x46, 0xB8, 0x77,
    0xF0, 0x75, 0xB1, 0xA0, 0x4D, 0xA8, 0x43, 0xF8, 0x17, 0xAA, 0x13, 0x3D, 0xB2, 0xD5, 0xE8, 0x7C,
    0x38, 0x14, 0x52, 0x57, 0x33, 0xE5, 0x6A, 0xA7, 0x74, 0x6C, 0xDB, 0xEE, 0x8C, 0x96, 0x3A, 0x1E,
    0xE5, 0x57, 0x19, 0x4F, 0xA4, 0x36, 0x54, 0xD4, 0xD4, 0xC2, 0x26, 0xB6, 0x0B, 0x97, 0x9E, 0x89,
    0x5B, 0xF4, 0x4D, 0xA8, 0x99, 0x70, 0x8E, 0x9A, 0x27, 0x0E, 0xAF, 0xA8, 0xE8, 0x19, 0x48, 0x15,
    0x45, 0x79, 0x83, 0x43, 0x3A, 0x5B, 0x24, 0xF6, 0xAB, 0x6A, 0x6B, 0x79, 0xBB, 0xFA, 0x5E, 0xC8,
    0x74, 0x2E, 0xDA, 0x5B, 0x63, 0x23, 0xBE, 0x68, 0x25, 0xF8, 0xB6, 0x43, 0x9C, 0xDD, 0xB9, 0x10,
    0xBA, 0xDE, 0xF1, 0xCF, 0xE9, 0xB7, 0x74, 0xDE, 0xF0, 0x6C, 0x5B, 0x49, 0xCA, 0x24, 0xCD, 0x26,
    0xAA, 0x13, 0x12, 0x17, 0x52, 0x17, 0x92, 0x67, 0xC0, 0xD4, 0x2E, 0x0C, 0xE6, 0xEB, 0x80, 0x21,
    0x0F, 0x21, 0x13, 0x07, 0x87, 0xC9, 0x46, 0x9C, 0xFC, 0x0C, 0xC4, 0xC0, 0x94, 0xE2, 0xB7, 0x93,
    0x33, 0x2C, 0x5E, 0xDA, 0x28, 0x34, 0xC8, 0x27, 0xF0, 0xA3, 0xF6, 0x7D, 0xF7, 0x6F, 0x5A, 0x5D,
    0x08, 0xDD, 0x23, 0xC4, 0xA3, 0x6F, 0x3F, 0xB5, 0x55, 0x60, 0xFF, 0x61, 0x6B, 0xFF, 0xA6, 0xBD,
    0x0D, 0x5C, 0x45, 0x20, 0xE6, 0xF5, 0xD0, 0xF1, 0xAE, 0xB9, 0xCF, 0xE2, 0x8C, 0x2C, 0xF2, 0x27,
    0xF8, 0x5B, 0xC6, 0x68, 0x9B, 0x72, 0x4E, 0x32, 0x4B, 0xFB, 0x5F, 0x4A, 0x39, 0x10, 0x07, 0x74,
    0x48, 0x7E, 0x49, 0xC5, 0xC0, 0xDF, 0x22, 0x42, 0xB3, 0xBD, 0x4F, 0x31, 0x8E, 0xE5, 0x7D, 0x02,
    0x15, 0xB6, 0x88, 0xD9, 0x38, 0x08, 0x5A, 0xBD, 0xA9, 0x70, 0x6F, 0x27, 0xB6, 0xD4, 0x6A, 0x2C,
    0x38, 0xDE, 0xA2, 0x77, 0x2F, 0x3C, 0xE6, 0x63, 0x84, 0x65, 0xAE, 0xB3, 0x8F, 0xBA, 0x1F, 0xE0,
    0xC3, 0x5B, 0xDA, 0x88, 0xB4, 0xE4, 0x19, 0x3D, 0xF5, 0x7B, 0x88, 0xD1, 0x03, 0xFC, 0x75, 0x19,
    0x24, 0x47, 0x43, 0xD1, 0x2C, 0x70, 0xDA, 0x8B, 0xE5, 0xBE, 0x03, 0x6B, 0xC5, 0x49, 0x9E, 0x4F,
    0xC6, 0xD9, 0x8F, 0x8E, 0xAC, 0x46, 0x49, 0xE7, 0xAB, 0x76, 0xF0, 0x02, 0x68, 0x5F, 0x71, 0x85,
    0x89, 0x93, 0x9C, 0xF0, 0xEF, 0x46, 0x82, 0x62, 0xFF, 0x42, 0xE8, 0xD2, 0xA5, 0x42, 0x73, 0x84,
    0x8C, 0x35, 0x3D, 0xE5, 0x5A, 0xE7, 0xA1, 0x79, 0x4D, 0x93, 0xEA, 0x43, 0x95, 0x17, 0x07, 0xAF,
    0x65, 0x4D, 0x73, 0x27, 0xF1, 0x76, 0x79, 0xBC, 0x79, 0xC9, 0x81, 0x83, 0xE0, 0xCB, 0x2B, 0x7D,
    0x7F, 0xC5, 0x15, 0x7F, 0x22, 0x5B, 0x72, 0xB6, 0xD7, 0x8E, 0x54, 0xD0, 0xE0, 0xC7, 0x8C, 0x16,
    0x79, 0x43, 0x5E, 0x86, 0x48, 0xA0, 0xB9, 0x64, 0xD1, 0x06, 0xDF, 0xF6, 0x7E, 0xF5, 0xCE, 0x4B,
    0x50, 0x80, 0x79, 0x02, 0x73, 0xE4, 0xB7, 0xD3, 0x13, 0x1D, 0xCE, 0xFF, 0xA5, 0x85, 0xA6, 0x30,
    0xED, 0x2A, 0xD2, 0xDF, 0xC1, 0x0E, 0x77, 0x75, 0xAE, 0xC1, 0x34, 0xF7, 0x71, 0xBB, 0x46, 0x41,
    0x58, 0xAE, 0xFE, 0xA7, 0x63, 0xE6, 0xEF, 0x18, 0x1C, 0x1C, 0xBF, 0x23, 0x9F, 0x24, 0xFA, 0xC2,
    0x6A, 0x2C, 0x2A, 0x63, 0x09, 0xDD, 0x54, 0xCF, 0x8C, 0xF1, 0x9A, 0x7F, 0x60, 0x99, 0x62, 0xE8,
    0xDB, 0xA4, 0xE9, 0x69, 0xFD, 0x08, 0xBB, 0x77, 0x75, 0xDA, 0xF6, 0x6B, 0xAD, 0x9D, 0x9B, 0xCF,
    0x1F, 0x96, 0x9C, 0x16, 0xD5, 0x60, 0x60, 0x80, 0xE6, 0x4C, 0x88, 0xA0, 0x8E, 0x1A, 0xAF, 0x43,
    0x7B, 0x64, 0x78, 0x25, 0x55, 0xC0, 0x77, 0x20, 0x2D, 0x83, 0x3C, 0xD3, 0xC2, 0xC9, 0x20, 0x4F,
    0x8A, 0x41, 0xCB, 0xD5, 0xBE, 0x93, 0x55, 0x01, 0xDB, 0xFD, 0x11, 0xAE, 0x9D, 0x40, 0x6B, 0xE1,
    0x92, 0xD5, 0xAB, 0x01, 0x7D, 0x13, 0x3E, 0x0D, 0xBB, 0xB8, 0xF1, 0x7A, 0x14, 0x77, 0x42, 0xE0,
    0x9E, 0xAF, 0x1A, 0x98, 0xBD, 0x20, 0x3A, 0x62, 0x3F, 0x6E, 0xF2, 0x62, 0x51, 0xB1, 0x4B, 0x24,
    0x5C, 0xF5, 0x5D, 0xB9, 0x7F, 0x71, 0xD4, 0x9C, 0x8B, 0xF6, 0x6B, 0x6E, 0xAC, 0xA4, 0x51, 0xF3,
    0xF8, 0x74, 0xD4, 0x9C, 0x87, 0x6E, 0xD0, 0x5F, 0xD7, 0x17, 0xA1, 0x6F, 0x5D, 0x3D, 0x3D, 0xD0,
    0x3C, 0x0F, 0x4D, 0x0E, 0x29, 0xE3, 0x76, 0xC0, 0xBF, 0xFD, 0x85, 0xD1, 0x64, 0xA6, 0xE3, 0x8C,
    0x8C, 0x45, 0xD5, 0xDF, 0x88, 0x9A, 0x22, 0x03, 0xE7, 0xFA, 0x6E, 0x73, 0xFC, 0xB0, 0xEB, 0xCE,
    0x6B, 0x57, 0xF9, 0xC7, 0x96, 0xE5, 0x01, 0xB8, 0xFE, 0xCD, 0xB8, 0x69, 0x8B, 0xBE, 0xA9, 0x2D,
    0xF7, 0xCB, 0x02, 0x59, 0xD3, 0x56, 0x5E, 0x1F, 0xFC, 0x15, 0xCE, 0x12, 0xDF, 0xAE, 0x82, 0x76,
    0x0A, 0x0C, 0xF8, 0x39, 0x7D, 0xE6, 0x4B, 0xB4, 0x0B, 0xE1, 0x31, 0x50, 0x4F, 0xD0, 0x03, 0xCC,
    0x04, 0x6B, 0xD4, 0xB3, 0xC3, 0xC9, 0x93, 0x0B, 0x5E, 0xE6, 0x01, 0x76, 0xBB, 0x0A, 0xB1, 0x86,
    0x31, 0x37, 0x6F, 0x60, 0x36, 0x5C, 0x60, 0x80, 0x77, 0xF7, 0x7C, 0x27, 0xA8, 0x4E, 0x59, 0xD0,
    0x21, 0xC3, 0x86, 0x5D, 0x11, 0xDF, 0x62, 0xE1, 0xAA, 0x70, 0x15, 0xF0, 0xFC, 0x22, 0x1F, 0xAB,
    0x4E, 0x8C, 0xAA, 0xE3, 0xBB, 0x12, 0x59, 0x39, 0xC4, 0x48, 0xA7, 0x2F, 0x47, 0x54, 0xB7, 0x7F,
    0x41, 0xB4, 0x5F, 0x77, 0x18, 0x94, 0x16, 0x8D, 0xBF, 0x68, 0xE4, 0x8A, 0x57, 0x5F, 0x08, 0xDD,
    0xF8, 0x06, 0x52, 0xC4, 0x67, 0x08, 0xF4, 0xF7, 0x4E, 0x39, 0xD1, 0xF9, 0x64, 0x95, 0x57, 0xD6,
    0xA8, 0xB5, 0x5C, 0x75, 0x58, 0x3A, 0x84, 0x5D, 0x65, 0x61, 0xF7, 0x49, 0x0A, 0x8F, 0xA0, 0x70,
    0x05, 0xE2, 0xE3, 0x2A, 0xE4, 0xFF, 0x1D, 0x50, 0xD8, 0x9C, 0x30, 0x69, 0xE7, 0xA2, 0xAF, 0xBE,
    0x20, 0x0C, 0xDF, 0xC2, 0x7C, 0x4D, 0xF7, 0xF9, 0x57, 0x3B, 0xBE, 0x47, 0x10, 0x07, 0x53, 0x57,
    0x00, 0x1A, 0xA8, 0x5B, 0x7E, 0xC1, 0xC1, 0x7E, 0x4E, 0x8F, 0xD3, 0x89, 0x8A, 0xC3, 0x8B, 0xDE,
    0x27, 0x2F, 0x1C, 0xF4, 0x6C, 0xE6, 0x76, 0x7C, 0x59, 0xAC, 0x4D, 0x62, 0x3E, 0x36, 0x9E, 0xC4,
    0x42, 0xF0, 0xF1, 0x81, 0x9B, 0xB8, 0x28, 0x74, 0x5D, 0x25, 0x42, 0xD4, 0xAA, 0x16, 0xBD, 0x5A,
    0xD8, 0x24, 0x1D, 0xD1, 0xB5, 0x36, 0x99, 0xEC, 0x7E, 0xDB, 0xE7, 0xA3, 0xEB, 0xF1, 0x25, 0xD3,
    0x84, 0xCE, 0x71, 0xC4, 0x19, 0xC4, 0x34, 0xAA, 0x9E, 0x85, 0x6A, 0x97, 0x60, 0x8D, 0xFF, 0x02,
    0xC5, 0x5B, 0x3D, 0x93, 0xDB, 0xD6, 0x15, 0xBD, 0x00, 0x62, 0x42, 0x0A, 0xC6, 0x03, 0x17, 0x2A,
    0xE4, 0x51, 0x6C, 0xA8, 0x70, 0x61, 0xCF, 0xC8, 0x0B, 0x17, 0x9E, 0x49, 0x0A, 0x11, 0x80, 0xE4,
    0xC9, 0xA4, 0x48, 0xE1, 0x9F, 0x60, 0xF7, 0x2E, 0xE4, 0x22, 0x85, 0x8A, 0xE5, 0x02, 0x99, 0x94,
    0x69, 0xF6, 0x1F, 0x44, 0x3F, 0xC1, 0x85, 0x0B, 0x15, 0x94, 0x08, 0x27, 0x45, 0x8A, 0x34, 0x48,
    0x9D, 0x06, 0x99, 0x68, 0xD2, 0xA4, 0x30, 0x24, 0x23, 0x36, 0x14, 0x83, 0x44, 0xCE, 0xB9, 0x0F,
    0xE0, 0x92, 0x5C, 0xEE, 0x47, 0xB4, 0x0C, 0x45, 0x09, 0x6F, 0x77, 0x49, 0xE0, 0x7E, 0xBD, 0xF7,
    0xEE, 0x3D, 0xF7, 0xDE, 0x47, 0x11, 0xAF, 0x6B, 0x44, 0xFC, 0xAE, 0x96, 0xAD, 0x2F, 0xBB, 0xC5,
    0xE0, 0x70, 0xF0, 0xE6, 0x18, 0x82, 0x31, 0x86, 0x71, 0x84, 0x61, 0xCA, 0xA1, 0x8E, 0x71, 0x47,
    0x15, 0x8A, 0xB8, 0x05, 0x06, 0x3F, 0xC7, 0x10, 0x08, 0x86, 0x88, 0xC3, 0x21, 0x7E, 0x97, 0xAE,
    0xEB, 0xC4, 0xC6, 0x90, 0x38, 0x1C, 0xBC, 0x42, 0x82, 0xC4, 0xCF, 0x31, 0x84, 0x09, 0x06, 0x90,
    0x08, 0x12, 0x7C, 0xBC, 0x10, 0xA7, 0x9B, 0x9F, 0x62, 0x6D, 0x75, 0xA5, 0x84, 0x5D, 0x6B, 0x75,
    0x5D, 0xED, 0x2E, 0xAC, 0xCA, 0x2F, 0xC1, 0x29, 0x73, 0x8A, 0x58, 0xDC, 0x7C, 0x02, 0x5E, 0x53,
    0xF1, 0x33, 0x5C, 0xC9, 0x13, 0x09, 0x93, 0xF4, 0x5E, 0x97, 0xC4, 0xA0, 0x1F, 0x74, 0xDF, 0x66,
    0xA3, 0xC5, 0xA7, 0x19, 0x44, 0xCE, 0x1E, 0x62, 0xC8, 0xA1, 0x95, 0x0D, 0x32, 0x22, 0xB3, 0xE4,
    0x75, 0xA8, 0x26, 0xE5, 0xBB, 0x22, 0x15, 0x08, 0xCF, 0x60, 0xE3, 0xB0, 0xD8, 0x9D, 0x7A, 0xFB,
    0x90, 0x5D, 0x48, 0x4A, 0x1A, 0x5A, 0xAA, 0x22, 0x37, 0x9A, 0xD1, 0x59, 0x50, 0xF2, 0x39, 0xA5,
    0x7F, 0x06, 0xE9, 0x1B, 0x6B, 0x71, 0xAF, 0x76, 0x2B, 0x48, 0x9F, 0x83, 0x5F, 0xE2, 0x94, 0x11,
    0x58, 0x4E, 0xC4, 0xA3, 0xF4, 0x4B, 0x0D, 0x26, 0xD0, 0x20, 0xBE, 0x37, 0x48, 0xEF, 0x67, 0x86,
    0x70, 0x63, 0xC8, 0x3A, 0xBC, 0x3A, 0xFC, 0x4D, 0xC2, 0x72, 0x93, 0xC3, 0x61, 0xCF, 0x42, 0x5C,
    0xB2, 0xE5, 0xFD, 0x72, 0x7D, 0x7D, 0xE6, 0x1E, 0x34, 0x7C, 0xA8, 0xCB, 0x24, 0x80, 0xF0, 0x92,
    0x16, 0xAE, 0xB9, 0xDF, 0xE1, 0x1A, 0x76, 0x29, 0x26, 0x74, 0x81, 0x0E, 0x7C, 0x32, 0xE4, 0xFD,
    0xF1, 0x72, 0x88, 0x96, 0x83, 0x79, 0x8F, 0x6A, 0x06, 0xE5, 0x28, 0xC1, 0x06, 0x00, 0x39, 0xA5,
    0x29, 0x69, 0xA3, 0x4C, 0x6E, 0xD3, 0x90, 0x86, 0x68, 0x90, 0x9B, 0x87, 0xDE, 0x3F, 0x11, 0x61,
    0x84, 0xD9, 0x4B, 0xBB, 0xC6, 0xE6, 0xEC, 0xCD, 0xE5, 0x4B, 0xBF, 0x34, 0xC4, 0x78, 0xD7, 0x84,
    0xD3, 0xD0, 0x5F, 0x4F, 0x70, 0xA5, 0xD9, 0x08, 0xA6, 0xEA, 0x12, 0xB0, 0x48, 0xAC, 0x99, 0x12,
    0x7F, 0x44, 0xA3, 0x52, 0x5A, 0x9F, 0x53, 0x78, 0x44, 0x21, 0x3F, 0xBE, 0xBE, 0x77, 0x15, 0x47,
    0x7C, 0x18, 0x7F, 0xCD, 0x4A, 0x71, 0xFE, 0x5D, 0x8B, 0x9D, 0x7C, 0xBE, 0x1B, 0xF5, 0x9C, 0x62,
    0x98, 0x3C, 0x4F, 0x17, 0x4E, 0x7E, 0xDA, 0xAD, 0xEC, 0x43, 0x3D, 0x2F, 0x31, 0x33, 0xC7, 0xCB,
    0x5F, 0xDF, 0xFE, 0x57, 0x52, 0xEF, 0x86, 0x8D, 0xE1, 0x2E, 0x29, 0x06, 0x47, 0x64, 0xB3, 0x54,
    0xD9, 0x4A, 0xF6, 0xAE, 0x63, 0xF6, 0x13, 0xB1, 0x2A, 0x6C, 0x98, 0x97, 0x30, 0x74, 0x9C, 0x1B,
    0x42, 0xD7, 0x76, 0xA4, 0xE7, 0x31, 0x09, 0xD1, 0x79, 0xC9, 0x84, 0x22, 0xC7, 0x54, 0x51, 0xED,
    0xF8, 0xC6, 0x9A, 0x9A, 0xE1, 0x02, 0xEF, 0xA5, 0x1D, 0x04, 0x98, 0x75, 0x58, 0xCD, 0xAD, 0xBD,
    0xE0, 0xE6, 0x4E, 0xC5, 0xAA, 0x21, 0x3D, 0xB6, 0x78, 0xC8, 0x3D, 0x1E, 0xD2, 0x7D, 0x84, 0x70,
    0x0E, 0x18, 0xBC, 0x1C, 0x1F, 0x40, 0xF7, 0x88, 0x7B, 0xFB, 0x09, 0x5C, 0x8D, 0xD5, 0xF2, 0xF3,
    0x1A, 0x6F, 0x04, 0xA5, 0x44, 0x56, 0x97, 0x83, 0x5C, 0x47, 0x72, 0x60, 0x9B, 0x2E, 0x8C, 0x51,
    0x0F, 0x02, 0x8E, 0x13, 0x35, 0xD4, 0x21, 0x65, 0x92, 0xE9, 0x5D, 0x75, 0x4F, 0xF4, 0x16, 0x52,
    0x7F, 0x4D, 0xF3, 0x57, 0xD5, 0xE0, 0xAB, 0x46, 0xEA, 0xF3, 0xE3, 0x0E, 0x22, 0x5B, 0x0B, 0x37,
    0xA7, 0x9B, 0xF1, 0xB8, 0x0A, 0x72, 0x9A, 0x1C, 0xAE, 0x2E, 0xA3, 0x65, 0x83, 0xA4, 0xF7, 0x88,
    0xB0, 0x45, 0xAC, 0xA3, 0xB1, 0xCB, 0x58, 0x8D, 0x4F, 0x9B, 0xC4, 0xF7, 0xD5, 0xB9, 0x6A, 0x6C,
    0x72, 0xE7, 0x63, 0xA3, 0x2D, 0xE9, 0xE6, 0x10, 0xAE, 0x92, 0xD6, 0x6D, 0xA4, 0xB5, 0x5A, 0x0B,
    0x23, 0xB8, 0x4E, 0xA1, 0xE6, 0x34, 0xED, 0x92, 0xE9, 0xAC, 0x93, 0x29, 0xE4, 0x6F, 0xC1, 0xB1,
    0x81, 0x5F, 0xAC, 0xFD, 0xC4, 0xA9, 0x02, 0xF1, 0xE1, 0x8A, 0xE3, 0x3C, 0xB2, 0x3B, 0x3C, 0xDE,
    0x42, 0x41, 0x4C, 0x8C, 0xBA, 0x3C, 0x5D, 0xA6, 0xA2, 0xDA, 0x85, 0x74, 0xAB, 0xA0, 0x8B, 0xE9,
    0x2A, 0xFB, 0x19, 0xD2, 0xE9, 0x91, 0x96, 0x51, 0x8C, 0x11, 0x84, 0x16, 0x59, 0xDC, 0xAF, 0x60,
    0x2C, 0x30, 0xF3, 0x73, 0xD8, 0x34, 0x48, 0x60, 0xD3, 0x98, 0x36, 0x8D, 0x68, 0xD3, 0x31, 0x6D,
    0x3A, 0xA1, 0x6A, 0x13, 0xD2, 0x8C, 0xA8, 0x18, 0x7C, 0x2F, 0x95, 0xC0, 0x60, 0x2F, 0x74, 0xFE,
    0xF8, 0xAB, 0xC5, 0x61, 0xDB, 0x2B, 0xE6, 0xEA, 0x8A, 0x75, 0xC5, 0xF2, 0x96, 0x27, 0x3D, 0x7F,
    0x13, 0x08, 0xAC, 0x7A, 0x19, 0x0D, 0x3A, 0x18, 0x57, 0x07, 0xB7, 0x83, 0x39, 0x68, 0x5D, 0xB3,
    0x9E, 0xD5, 0x5F, 0x6B, 0xF8, 0x58, 0x59, 0xD4, 0x9D, 0x99, 0x53, 0x9A, 0x8D, 0x6B, 0xD7, 0x81,
    0x05, 0xDC, 0xAE, 0x3D, 0xC5, 0x7B, 0xA4, 0x5C, 0x4B, 0x2E, 0x57, 0xEF, 0xA5, 0xDD, 0x04, 0x85,
    0x34, 0x71, 0x62, 0xD7, 0x91, 0x3C, 0xA8, 0xF0, 0x74, 0x31, 0x03, 0x50, 0x98, 0x2D, 0x8E, 0xD5,
    0x26, 0x69, 0x32, 0x52, 0x29, 0xCD, 0x72, 0x7D, 0x86, 0x77, 0xBE, 0xA6, 0x21, 0x1F, 0xD2, 0x90,
    0x31, 0xE7, 0xCB, 0x7F, 0xF6, 0x5A, 0x54, 0xB3, 0xF3, 0xBB, 0x62, 0x97, 0x90, 0x90, 0x1B, 0x22,
    0xCD, 0x76, 0xA7, 0x9E, 0x7A, 0x51, 0x5F, 0xDD, 0x86, 0xBA, 0xD7, 0xEC, 0xB5, 0xA8, 0xA7, 0x0B,
    0x95, 0x2E, 0x84, 0xD7, 0xC1, 0xEE, 0x66, 0x6F, 0x2F, 0xB2, 0x9F, 0xE0, 0x99, 0xF2, 0x14, 0x9E,
    0xE9, 0xA5, 0xAF, 0xEC, 0xB9, 0x5D, 0x7B, 0xA5, 0x34, 0x41, 0x66, 0x01, 0x45, 0x39, 0x55, 0x64,
    0x3D, 0x28, 0x40, 0x23, 0x19, 0x24, 0x1F, 0x5C, 0xE5, 0x89, 0xF4, 0x0B, 0x23, 0x20, 0x23, 0x00,
    0xA5, 0xD0, 0x0B, 0x4C, 0x5C, 0x0A, 0x7D, 0x9B, 0xA1, 0xE2, 0x90, 0x36, 0x3B, 0xE0, 0x6E, 0xF6,
    0xD5, 0xF5, 0x53, 0x5E, 0x7B, 0xEF, 0x33, 0x67, 0x65, 0x6F, 0x41, 0xC6, 0xC7, 0x22, 0xDF, 0xF7,
    0x0B, 0x33, 0xDA, 0x0C, 0x15, 0x57, 0x58, 0x9C, 0x92, 0x0F, 0x11, 0x3F, 0xA4, 0xC8, 0x73, 0x2A,
    0xFB, 0xE8, 0x67, 0xA7, 0xA2, 0xA1, 0x4B, 0xED, 0x42, 0xF5, 0xED, 0xC7, 0x6F, 0x8B, 0xAD, 0xD1,
    0xB0, 0x1A, 0x56, 0xB4, 0xBF, 0x1E, 0x08, 0x23, 0x2A, 0x3E, 0xA6, 0xE2, 0x13, 0xDE, 0x34, 0xE1,
    0x7C, 0x1D, 0x89, 0x3A, 0x3B, 0xE8, 0x1C, 0x17, 0x88, 0xEA, 0x1A, 0x0D, 0x5D, 0x9A, 0x4D, 0x66,
    0x2F, 0x97, 0x98, 0xCD, 0xA2, 0xE5, 0x5C, 0x7A, 0xB7, 0xF0, 0x33, 0x90, 0xBC, 0xE9, 0xAC, 0x89,
    0x71, 0x0B, 0x8F, 0xD8, 0x34, 0xA1, 0x5F, 0x93, 0x4C, 0xA6, 0x21, 0x08, 0x5E, 0xB1, 0xC1, 0xCA,
    0x06, 0x2F, 0x4E, 0x39, 0x58, 0x83, 0x97, 0x32, 0x9C, 0x72, 0x68, 0xE1, 0x6E, 0x11, 0xE4, 0x09,
    0xD4, 0x41, 0xF3, 0x9F, 0x4B, 0x2C, 0x0C, 0xA9, 0x3F, 0x90, 0x34, 0xA7, 0x29, 0x44, 0x9D, 0x3A,
    0xB8, 0x1E, 0xCB, 0xA5, 0x3C, 0xD1, 0x5E, 0xAC, 0xF1, 0x8E, 0x05, 0x42, 0x01, 0x97, 0x9B, 0xCF,
    0x37, 0xED, 0xD3, 0x19, 0xD6, 0x5E, 0xAC, 0x71, 0xB1, 0xE3, 0xDA, 0xCF, 0xDA, 0xF8, 0x7A, 0x58,
    0x1B, 0x3A, 0x48, 0xFD, 0x7A, 0xAC, 0xB1, 0x17, 0x55, 0x07, 0xF0, 0x40, 0x45, 0xE9, 0x8B, 0x0C,
    0x65, 0x6E, 0xF2, 0xAC, 0x87, 0xFC, 0x72, 0xB4, 0xE6, 0x63, 0x5E, 0x83, 0x21, 0xE4, 0x78, 0x50,
    0x3B, 0xD0, 0x1C, 0x88, 0xDA, 0x7E, 0xB4, 0x96, 0x03, 0x45, 0x4B, 0x85, 0xA7, 0x54, 0xB8, 0xA5,
    0xC3, 0x6B, 0xA0, 0x35, 0x0C, 0xE2, 0x67, 0x10, 0x23, 0x48, 0x0C, 0xB0, 0x64, 0x2E, 0x8B, 0x61,
    0x41, 0x1B, 0xCC, 0x79, 0xD3, 0x21, 0x4D, 0xC3, 0xEC, 0x93, 0x02, 0x27, 0x98, 0xE9, 0x10, 0xD8,
    0xD0, 0x80, 0x51, 0x95, 0xFA, 0x90, 0xCE, 0x7A, 0x6A, 0x1C, 0xF1, 0x47, 0x66, 0x3D, 0x78, 0x7F,
    0x10, 0x79, 0xB3, 0xF7, 0x14, 0x9A, 0x37, 0x24, 0x66, 0x12, 0x62, 0x59, 0x47, 0xCB, 0x14, 0x75,
    0x01, 0xAF, 0xD7, 0xA9, 0xA7, 0xAC, 0x9C, 0x06, 0xFF, 0x2A, 0x69, 0x00, 0xE7, 0x1B, 0x24, 0xD1,
    0x0D, 0x85, 0x63, 0x2A, 0xEC, 0x67, 0x80, 0x7C, 0x48, 0x87, 0x89, 0x78, 0x09, 0xCE, 0x88, 0xCD,
    0x26, 0xB4, 0xA0, 0xE2, 0x4D, 0x85, 0x9B, 0x53, 0x02, 0x36, 0x88, 0x5E, 0xE8, 0x00, 0x78, 0xD6,
    0xE5, 0x10, 0xB2, 0x85, 0x90, 0xC0, 0x93, 0x0E, 0xCD, 0xE8, 0x10, 0x0B, 0xBA, 0xC4, 0x82, 0x5E,
    0x0E, 0xFD, 0xFD, 0x0C, 0xAA, 0xF9, 0x9A, 0xA6, 0x53, 0xB5, 0x90, 0x32, 0xAE, 0x93, 0xC3, 0xD3,
    0x94, 0xD3, 0xEB, 0xA3, 0x10, 0x3E, 0x07, 0x89, 0x5C, 0xD3, 0x85, 0x55, 0x1D, 0x16, 0x0B, 0x42,
    0xC0, 0x9C, 0x50, 0xD3, 0x6E, 0xDC, 0xCA, 0xA9, 0x6C, 0x5C, 0x56, 0xED, 0x96, 0x76, 0xE5, 0x15,
    0x90, 0x3D, 0x77, 0x78, 0x95, 0x41, 0xE6, 0x16, 0x61, 0xE2, 0xE5, 0x58, 0x68, 0x19, 0x90, 0x79,
    0x32, 0x56, 0x7C, 0x3A, 0xFF, 0x29, 0x67, 0x10, 0x14, 0xDC, 0x51, 0xB3, 0x0D, 0x81, 0x70, 0x50,
    0x88, 0x3C, 0x5F, 0x01, 0xAF, 0xA7, 0x02, 0xD9, 0x72, 0x79, 0xB8, 0x5C, 0x98, 0x2B, 0x81, 0x6C,
    0x89, 0x85, 0x97, 0x79, 0x90, 0x52, 0x4A, 0xB9, 0x70, 0x34, 0xBD, 0x90, 0xA7, 0x2E, 0xB5, 0x12,
    0xE7, 0x7E, 0xB3, 0xC1, 0x5A, 0x14, 0x50, 0xA7, 0xF3, 0xBE, 0x82, 0x30, 0x35, 0x5C, 0xC9, 0x74,
    0x59, 0x67, 0x28, 0xFB, 0x9F, 0x5A, 0x15, 0xAA, 0x0C, 0x46, 0x0B, 0x4B, 0x03, 0x86, 0x59, 0x85,
    0xDA, 0xA6, 0x0F, 0xD5, 0x51, 0x19, 0x86, 0xE9, 0xDF, 0x42, 0x94, 0x5A, 0x98, 0xFC, 0xC2, 0xA8,
    0x10, 0x9C, 0xAC, 0x1C, 0x3E, 0x4A, 0xE9, 0x29, 0x3C, 0xD8, 0x6C, 0x70, 0x81, 0xD4, 0x10, 0x9A,
    0x32, 0x1F, 0x2A, 0x83, 0x86, 0xA4, 0x41, 0x19, 0x84, 0x41, 0x97, 0x63, 0xAD, 0x92, 0xE2, 0x3F,
    0xE5, 0x3C, 0xA7, 0x9A, 0xB4, 0x63, 0x51, 0xA5, 0xF2, 0xE1, 0x22, 0x01, 0xF0, 0xD2, 0x96, 0xA9,
    0xE7, 0xEE, 0x4C, 0xBD, 0x6B, 0x93, 0xD6, 0x06, 0x50, 0x0D, 0xB7, 0x04, 0x55, 0x5F, 0x74, 0x40,
    0x5A, 0x8D, 0x7C, 0x38, 0xCE, 0x0D, 0x2C, 0xDA, 0x62, 0xEA, 0x76, 0xBB, 0xB5, 0x2D, 0x08, 0x9A,
    0x56, 0x64, 0x7D, 0xA0, 0x77, 0xE2, 0xB6, 0x8E, 0x2E, 0xF0, 0xDC, 0x72, 0xC2, 0x8E, 0x95, 0xFA,
    0xDF, 0x56, 0x45, 0xD8, 0xA7, 0x79, 0x9A, 0xBE, 0x4E, 0xB9, 0xCB, 0x5B, 0x3E, 0x54, 0xAB, 0x2F,
    0xC1, 0xB3, 0xDC, 0xDB, 0x78, 0x0E, 0xBF, 0xBB, 0x85, 0x43, 0xCD, 0x40, 0xC3, 0x37, 0x0E, 0xC5,
    0xA5, 0x79, 0x20, 0x50, 0x48, 0x7F, 0x81, 0x7D, 0xFE, 0x4B, 0x66, 0x8D, 0xFE, 0x7D, 0xA4, 0xE3,
    0x01, 0xD2, 0xCD, 0xC8, 0x87, 0xEB, 0x19, 0xDB, 0x0B, 0x45, 0xFA, 0xB5, 0xCC, 0x9C, 0x56, 0xAF,
    0xB1, 0x55, 0xAD, 0x95, 0x31, 0x6B, 0x2F, 0xEF, 0x9D, 0x46, 0x06, 0xA7, 0x91, 0x38, 0xC8, 0x73,
    0xDD, 0xBC, 0x77, 0x7A, 0x19, 0xF2, 0xD1, 0x84, 0x05, 0xC7, 0x29, 0x78, 0x34, 0x60, 0x81, 0x24,
    0x1F, 0x8F, 0x4F, 0x34, 0x5D, 0xEE, 0x0D, 0xA2, 0x11, 0x8C, 0x45, 0x12, 0xFC, 0x6A, 0x82, 0xF2,
    0x85, 0xD5, 0x31, 0x0D, 0xA0, 0x1E, 0x07, 0xDF, 0xEC, 0xA7, 0xF1, 0x50, 0x37, 0x34, 0x2E, 0x67,
    0xC3, 0xDB, 0x94, 0x43, 0x81, 0x66, 0x03, 0x31, 0x87, 0x09, 0x00, 0x23, 0x2C, 0x17, 0x59, 0x8B,
    0xDE, 0xBB, 0xC4, 0x5C, 0xA6, 0x44, 0xC2, 0x7C, 0xB1, 0x1A, 0x66, 0x6B, 0xF4, 0xE4, 0x42, 0x8F,
    0x29, 0xC6, 0x7B, 0xA3, 0x75, 0x31, 0xE8, 0x07, 0x39, 0xE7, 0x9E, 0x49, 0x66, 0x97, 0xCC, 0x65,
    0x0B, 0x73, 0x0D, 0x37, 0xDE, 0x59, 0x70, 0x1D, 0xF1, 0xF8, 0x03, 0x4B, 0x25, 0x68, 0x38, 0xE0,
    0x29, 0x6F, 0x61, 0x3E, 0x74, 0x19, 0xB5, 0x02, 0xA6, 0xF6, 0x29, 0x74, 0xE4, 0x3D, 0x53, 0x22,
    0xED, 0x86, 0x61, 0xBC, 0x7E, 0x0A, 0x45, 0xBF, 0x67, 0x29, 0x95, 0xA5, 0x0E, 0x47, 0x73, 0xEB,
    0x6F, 0xC1, 0xC2, 0xFD, 0x33, 0xF7, 0xC1, 0x37, 0x2C, 0xEC, 0xE7, 0x73, 0x32, 0x8C, 0xC5, 0x14,
    0x77, 0x43, 0x45, 0x0D, 0x82, 0x58, 0xD5, 0x47, 0x57, 0x7B, 0x98, 0xCC, 0x41, 0x0A, 0xF1, 0xB4,
    0xAA, 0xAC, 0x5B, 0xFE, 0xD6, 0x96, 0x08, 0xD8, 0x6F, 0x76, 0x6A, 0x88, 0x99, 0x9C, 0xDB, 0x95,
    0x5B, 0x23, 0xCE, 0xE5, 0xCE, 0x5F, 0x11, 0x7F, 0xFF, 0x56, 0xC3, 0x12, 0x9C, 0x4E, 0xB0, 0x9C,
    0x25, 0x12, 0x7C, 0x5A, 0x48, 0x08, 0x2E, 0x31, 0x22, 0x1A, 0x0B, 0x2A, 0x0C, 0x54, 0x58, 0x08,
    0x49, 0x6B, 0xE6, 0xC0, 0xD0, 0x6C, 0x0D, 0x44, 0x21, 0x42, 0xC1, 0x94, 0x6D, 0xA7, 0xB7, 0xD8,
    0xA4, 0xD7, 0x82, 0xDE, 0x7C, 0xA0, 0x97, 0x19, 0x7A, 0x76, 0x1F, 0x3F, 0x98, 0x99, 0xB6, 0x66,
    0xCF, 0x59, 0x2B, 0x58, 0xF3, 0xAC, 0x88, 0x7E, 0xA2, 0x8B, 0xD9, 0xAA, 0xA5, 0x99, 0x2E, 0xCE,
    0x96, 0x6E, 0xD5, 0xEC, 0x64, 0xAB, 0x02, 0xB2, 0xE5, 0x4C, 0xD5, 0x34, 0x53, 0xC3, 0xF2, 0x60,
    0x71, 0xEB, 0x58, 0x3E, 0xD6, 0xD2, 0x0D, 0x0B, 0xF4, 0xEA, 0x19, 0x23, 0x5D, 0x8D, 0xC3, 0xC6,
    0x05, 0x69, 0x50, 0xB6, 0xCD, 0xC6, 0x2D, 0x48, 0x95, 0x41, 0x3C, 0x23, 0xC9, 0xC0, 0xFC, 0xCF,
    0x8E, 0xB1, 0xCD, 0x7C, 0xC2, 0x89, 0x64, 0xF7, 0x32, 0xF6, 0x7A, 0xC7, 0x26, 0xD1, 0xA5, 0x33,
    0xDE, 0x8D, 0xA0, 0xD2, 0xBB, 0xA3, 0xB8, 0x30, 0x40, 0x12, 0x4F, 0x04, 0xBF, 0x82, 0x1F, 0x61,
    0x69, 0x0F, 0x7E, 0x32, 0x42, 0xF0, 0x98, 0xE0, 0x9A, 0xBE, 0xF3, 0xCA, 0xB2, 0x87, 0xDD, 0x27,
    0x45, 0xDC, 0xC1, 0x91, 0x74, 0x80, 0x33, 0x11, 0xEE, 0x18, 0x83, 0xDE, 0x21, 0xE2, 0xDF, 0xF4,
    0xC3, 0xCB, 0xD3, 0x1C, 0xAE, 0xEC, 0x58, 0xE8, 0xCB, 0x78, 0xA9, 0xF4, 0xE7, 0xDA, 0xD9, 0x2E,
    0xAC, 0xCA, 0x05, 0x26, 0x02, 0x32, 0x2A, 0x9D, 0xE2, 0x72, 0xB2, 0x26, 0x6A, 0x51, 0x5E, 0x4A,
    0x6F, 0xBC, 0x1E, 0x18, 0x4F, 0x64, 0xB5, 0x4B, 0xA7, 0x04, 0xDD, 0xC2, 0xAD, 0xDC, 0xDC, 0x29,
    0x2E, 0x25, 0x6B, 0x8F, 0xE4, 0x4E, 0xCB, 0xFB, 0x3E, 0x90, 0x5C, 0xAB, 0x7D, 0x98, 0x80, 0xC1,
    0x18, 0xF4, 0x7F, 0xBE, 0x2D, 0xCC, 0x64, 0x5A, 0xFB, 0xCB, 0x21, 0x6F, 0x16, 0x1A, 0x59, 0xB7,
    0xCC, 0x3F, 0xF6, 0xCB, 0x7F, 0x32, 0xBB, 0xCB, 0x83, 0x45, 0x32, 0xAB, 0xE4, 0x8B, 0xF2, 0xE2,
    0xF9, 0xBF, 0x2E, 0x83, 0xFB, 0x9A, 0x0D, 0x6E, 0xD2, 0xA3, 0x97, 0x5B, 0xCF, 0xB6, 0x15, 0x73,
    0xC7, 0x89, 0x5D, 0x4A, 0x9A, 0xC1, 0x92, 0xB3, 0x1C, 0xC9, 0xE0, 0x8F, 0x05, 0x88, 0xFF, 0x50,
    0x7A, 0xB9, 0xF5, 0xA2, 0x22, 0x8E, 0xAF, 0x7C, 0x00, 0xE5, 0x3A, 0x60, 0x71, 0x82, 0x91, 0xE3,
    0x30, 0x02, 0xE7, 0xBB, 0xAC, 0x63, 0x8E, 0x81, 0xE3, 0x93, 0x0F, 0xA7, 0x30, 0xF7, 0x41, 0x43,
    0xB8, 0xCB, 0x02, 0xB1, 0x5F, 0xB1, 0xC4, 0x59, 0x11, 0xE2, 0x33, 0x2D, 0x50, 0x96, 0x92, 0x19,
    0xB5, 0x87, 0xEA, 0xF6, 0xB4, 0x2F, 0x04, 0xF4, 0xAF, 0x2F, 0x16, 0xCC, 0x65, 0x08, 0x83, 0x01,
    0x73, 0x61, 0x78, 0x85, 0xB9, 0x3D, 0x4C, 0xC7, 0x15, 0x00, 0xAA, 0xB3, 0x3A, 0xCD, 0xBE, 0x1B,
    0x59, 0x4F, 0xB4, 0x6B, 0x15, 0x24, 0xAC, 0x49, 0xEF, 0x49, 0xFE, 0x33, 0xBC, 0xEF, 0x55, 0x04,
    0xEF, 0x81, 0xB7, 0x45, 0xA0, 0x58, 0xF5, 0x29, 0x9F, 0xDC, 0xA4, 0x8B, 0x1C, 0x33, 0x3D, 0x58,
    0x69, 0x5C, 0x90, 0x95, 0x95, 0xED, 0x7B, 0xD2, 0xEC, 0xE4, 0xB6, 0x76, 0x67, 0xAD, 0x1F, 0xF0,
    0x07, 0x17, 0x14, 0xB7, 0xCC, 0x8D, 0xDD, 0x4C, 0xDA, 0x00, 0x47, 0x87, 0xDD, 0xC0, 0x78, 0xB8,
    0x8A, 0xD7, 0x76, 0xB4, 0x20, 0xF2, 0xB3, 0x6C, 0xC3, 0x82, 0x7F, 0xD9, 0xD0, 0x36, 0xD3, 0xA5,
    0x6D, 0xC6, 0xB4, 0x4D, 0x44, 0xDB, 0x84, 0xB4, 0x4D, 0x40, 0xDB, 0xF8, 0x4B, 0xDB, 0x78, 0xB4,
    0x8D, 0xAB, 0x99, 0xF4, 0x12, 0x29, 0x68, 0x88, 0x44, 0xC4, 0x36, 0xA5, 0x2C, 0xED, 0xF2, 0x7A,
    0xCF, 0xD6, 0xA4, 0x2F, 0x9D, 0xCA, 0xA3, 0xF4, 0xB5, 0x91, 0xDE, 0x5A, 0x95, 0xBE, 0xD8, 0xBE,
    0x2A, 0xE2, 0x93, 0xA0, 0x1B, 0xB3, 0xB9, 0x72, 0x7C, 0x76, 0xEE, 0x63, 0xCD, 0x32, 0x3D, 0x15,
    0xC0, 0x9C, 0xBD, 0xBB, 0xB7, 0xC0, 0x0E, 0x3F, 0xA2, 0xC3, 0xA7, 0x87, 0x27, 0x58, 0x64, 0xF2,
    0x19, 0x9A, 0x9E, 0xF3, 0x21, 0x33, 0x4F, 0x50, 0x6D, 0x88, 0x26, 0x26, 0xD0, 0x23, 0x06, 0x5C,
    0x89, 0xB3, 0x19, 0xFC, 0xCD, 0x02, 0x24, 0x58, 0x14, 0xC8, 0x44, 0xEB, 0xFD, 0x7A, 0xD4, 0x60,
    0xE3, 0xE5, 0xD2, 0x79, 0x75, 0x05, 0xB3, 0x69, 0xF7, 0xA5, 0x5B, 0xFB, 0x85, 0xD5, 0x00, 0xBB,
    0x37, 0x90, 0xB4, 0x61, 0xED, 0x63, 0x8C, 0x30, 0x03, 0x9A, 0xD5, 0x11, 0x10, 0x42, 0x9C, 0xCC,
    0xE8, 0x6F, 0x95, 0xA6, 0xAD, 0x15, 0x5D, 0x66, 0x29, 0x9A, 0xA6, 0x68, 0x9E, 0xB2, 0x99, 0xA8,
    0x0C, 0x6A, 0x98, 0xD3, 0x0D, 0x5A, 0x7C, 0x80, 0x26, 0x74, 0x56, 0x47, 0x1A, 0xBC, 0xFA, 0x4E,
    0x54, 0x66, 0x7A, 0x41, 0x9A, 0x4B, 0x8F, 0xE9, 0x16, 0x0F, 0x97, 0xB9, 0x74, 0x63, 0x10, 0x12,
    0x95, 0xE2, 0x4D, 0x4C, 0x04, 0x40, 0x8F, 0x7A, 0xA9, 0x10, 0x46, 0xB3, 0x65, 0xCD, 0xDF, 0xDA,
    0x52, 0xF3, 0xBF, 0x92, 0x7A, 0xB6, 0x30, 0x00, 0x7C, 0x82, 0x35, 0x11, 0x73, 0x39, 0xB4, 0xDA,
    0xD6, 0xE7, 0xF2, 0xCE, 0x3E, 0xDF, 0xB7, 0x8E, 0x72, 0x9B, 0xB5, 0xE2, 0x29, 0x4B, 0x00, 0x0D,
    0x9C, 0x87, 0xFB, 0xF7, 0xA6, 0x97, 0xEC, 0xBA, 0x9D, 0x6C, 0xEA, 0x4B, 0x85, 0xB9, 0x48, 0x91,
    0x71, 0x40, 0x65, 0xA1, 0xCE, 0xCC, 0xC7, 0x88, 0xFF, 0xA5, 0x19, 0x2A, 0x5A, 0x8A, 0x3E, 0x01,
    0x64, 0xA9, 0xB9, 0x50, 0x75, 0x53, 0x3D, 0x50, 0x96, 0x46, 0xFB, 0x51, 0xA7, 0x27, 0x24, 0x30,
    0xB0, 0x42, 0x62, 0xCF, 0xA1, 0x89, 0x5B, 0x31, 0x24, 0xE5, 0x1A, 0x94, 0x02, 0x2E, 0xE7, 0x48,
    0x93, 0x1F, 0xEA, 0x91, 0x36, 0xD8, 0x3E, 0x48, 0x8C, 0x5B, 0x2E, 0xEE, 0x96, 0x0E, 0xA0, 0x65,
    0x0A, 0xC0, 0xCE, 0x9C, 0xB4, 0xF4, 0x03, 0x33, 0xEE, 0xAD, 0x94, 0x52, 0x29, 0x4D, 0x97, 0xF5,
    0x2D, 0x09, 0x73, 0x84, 0xAF, 0xEE, 0x07, 0xEC, 0xA7, 0xE7, 0xD8, 0x54, 0x5E, 0xDE, 0xFD, 0x3E,
    0xF7, 0xB3, 0x85, 0x9B, 0x07, 0xD2, 0x7A, 0x59, 0x28, 0x6D, 0x0A, 0xF2, 0x4C, 0x85, 0x68, 0x84,
    0x88, 0xF8, 0x29, 0x62, 0x5D, 0x3F, 0x0E, 0xDA, 0x1B, 0x10, 0x17, 0x2C, 0x83, 0x79, 0xDC, 0x50,
    0x2A, 0xF5, 0xE3, 0xD7, 0x06, 0x4C, 0x7B, 0xEE, 0xE9, 0x85, 0x5B, 0xE4, 0x1B, 0x9B, 0x6C, 0xA3,
    0xE3, 0xFD, 0x33, 0x51, 0x54, 0x0C, 0xA1, 0x03, 0x2D, 0xB1, 0x25, 0x16, 0x2B, 0x56, 0x76, 0xA5,
    0x33, 0x38, 0x6A, 0x4D, 0x31, 0xC8, 0x54, 0xFC, 0xFF, 0x45, 0x30, 0x9F, 0x1F, 0x2D, 0x11, 0x7D,
    0x70, 0x82, 0xE8, 0xD9, 0x00, 0x44, 0xE0, 0x9F, 0x98, 0xE2, 0xCA, 0x85, 0xA7, 0x17, 0x1A, 0x4D,
    0x78, 0x3A, 0xFC, 0x9C, 0xCB, 0x5B, 0xE7, 0xE6, 0xA9, 0x1B, 0xF8, 0x63, 0x4F, 0xF2, 0x9F, 0x11,
    0x13, 0xC1, 0xBD, 0x34, 0x4B, 0x8B, 0x0E, 0x90, 0xEA, 0x25, 0xA7, 0x6A, 0x48, 0x5B, 0xB2, 0xAB,
    0x48, 0x36, 0xFB, 0xA9, 0xFD, 0x11, 0xA0, 0x6A, 0xE8, 0xC5, 0xA7, 0xF9, 0x50, 0x14, 0xBD, 0x74,
    0xE3, 0x7B, 0x2F, 0x86, 0xA0, 0x2C, 0x14, 0x85, 0x92, 0x50, 0x10, 0xCA, 0x71, 0x7D, 0x37, 0x13,
    0x79, 0xD9, 0x05, 0x2B, 0x0F, 0x5E, 0x6A, 0xCA, 0xDD, 0x1F, 0x64, 0x88, 0x8F, 0xDD, 0xDE, 0x52,
    0x93, 0xE5, 0x90, 0xD2, 0x3A, 0xB1, 0xA6, 0xEC, 0x8C, 0x56, 0x9A, 0x8D, 0x2A, 0xF0, 0x30, 0xA7,
    0x1D, 0xAC, 0xE5, 0x00, 0xC1, 0xDE, 0x64, 0x91, 0x86, 0xF0, 0xD9, 0x98, 0x6D, 0xD4, 0x99, 0xF6,
    0xC8, 0xF9, 0x20, 0x6E, 0xD4, 0x1D, 0xE3, 0xF6, 0x1A, 0x7A, 0x56, 0x90, 0xF5, 0x11, 0x69, 0xA9,
    0xCC, 0x4C, 0x94, 0xD9, 0x64, 0x31, 0xFD, 0x1E, 0x2D, 0x7C, 0xBE, 0x0D, 0x69, 0x4C, 0x41, 0xA6,
    0xD5, 0xC7, 0x2E, 0x53, 0x6A, 0xDE, 0x8B, 0x8A, 0xC3, 0x71, 0x1B, 0x36, 0xF1, 0x5E, 0x54, 0x1B,
    0xC7, 0x6D, 0xAE, 0xA0, 0xDE, 0xFF, 0x51, 0xF6, 0xA4, 0x97, 0xFD, 0xCE, 0xB0, 0x15, 0xCD, 0x9E,
    0x0A, 0x06, 0x47, 0xEF, 0x36, 0x67, 0x49, 0xCF, 0x0F, 0xE8, 0xC5, 0xE3, 0xA6, 0x97, 0x3E, 0x4D,
    0x86, 0x64, 0xE7, 0x03, 0x49, 0xB5, 0xDC, 0x75, 0x8B, 0xD2, 0x3F, 0xEC, 0xB7, 0xE3, 0xC4, 0xA4,
    0x4D, 0xAC, 0xF8, 0x68, 0xAF, 0x48, 0xAE, 0xF1, 0x34, 0xCD, 0x81, 0x2E, 0xDE, 0x07, 0xE4, 0xD4,
    0x0E, 0xDB, 0x55, 0xB2, 0xBD, 0xCF, 0xDC, 0xB0, 0x09, 0x9F, 0xF4, 0x9B, 0x30, 0xD8, 0xDC, 0x84,
    0xAF, 0x3C, 0x7B, 0xB6, 0x86, 0xB6, 0xCE, 0x00, 0x3A, 0x70, 0x7D, 0x85, 0x92, 0xF9, 0xC5, 0xEE,
    0x6E, 0x79, 0x2C, 0xC6, 0xD4, 0xA6, 0x38, 0x84, 0x24, 0x6C, 0x4A, 0xC8, 0x07, 0xA7, 0x8B, 0x3B,
    0xDA, 0xF0, 0x86, 0x94, 0xDA, 0x59, 0xE9, 0x5D, 0xC9, 0x36, 0x37, 0xA2, 0x57, 0xF6, 0x25, 0x4C,
    0x5F, 0xC1, 0xB6, 0x95, 0x89, 0xDB, 0x65, 0xCF, 0xAC, 0x31, 0x57, 0x5C, 0xF5, 0x8C, 0x98, 0x7D,
    0x30, 0xF9, 0x60, 0xEE, 0xC1, 0xD4, 0x83, 0x44, 0x57, 0x12, 0x0F, 0xF0, 0xAB, 0x71, 0x55, 0x9D,
    0x46, 0xE8, 0x33, 0x5A, 0x2F, 0x17, 0xD5, 0x54, 0x57, 0x64, 0x5B, 0x2B, 0x0B, 0xDC, 0x02, 0xDF,
    0x18, 0x58, 0x51, 0x0B, 0x13, 0x86, 0x5E, 0xDC, 0x27, 0xF0, 0xD4, 0x55, 0xFB, 0xF7, 0x2B, 0xF4,
    0x06, 0x5A, 0xCB, 0x2B, 0x7F, 0x4F, 0x81, 0x89, 0x8B, 0x49, 0xB6, 0x66, 0xC7, 0x97, 0x92, 0x95,
    0xA5, 0x44, 0x9E, 0xF2, 0x99, 0x11, 0x0B, 0x5D, 0x24, 0xEB, 0xE8, 0xF4, 0x9B, 0x3E, 0x68, 0xE3,
    0x2A, 0x03, 0xE2, 0x94, 0x95, 0x02, 0xC5, 0xE6, 0xBC, 0x98, 0x4A, 0xFB, 0x75, 0x3D, 0x41, 0x6B,
    0x69, 0xAF, 0xE4, 0xD9, 0x45, 0x6D, 0x9A, 0x6D, 0x4D, 0x34, 0x62, 0x3F, 0x97, 0x55, 0x41, 0xC8,
    0xC7, 0x9C, 0x81, 0xFD, 0x33, 0x06, 0xB1, 0x70, 0x79, 0x8E, 0x4B, 0x0B, 0x86, 0x63, 0xD3, 0xF5,
    0xD3, 0xF8, 0xA4, 0xE1, 0x8A, 0x75, 0xF6, 0x8C, 0xB5, 0x39, 0x32, 0xF3, 0x4E, 0xF0, 0xA2, 0x5B,
    0xFF, 0x42, 0x58, 0x44, 0xBE, 0x13, 0xAC, 0xF5, 0x29, 0xD8, 0x29, 0xC4, 0xC3, 0x8D, 0x37, 0x34,
    0xCA, 0x12, 0xA6, 0x2B, 0x27, 0x4D, 0xB2, 0x48, 0x9B, 0x4D, 0x7E, 0x12, 0xF5, 0x67, 0x46, 0xCD,
    0x31, 0x83, 0x6F, 0x33, 0x9B, 0xA7, 0x5E, 0x35, 0x4D, 0xD9, 0x76, 0x52, 0x78, 0x6F, 0x5A, 0x11,
    0x64, 0x73, 0xA1, 0x6F, 0xBC, 0xAE, 0xA4, 0x95, 0x76, 0x75, 0x0C, 0xDC, 0xD0, 0x63, 0x77, 0x1B,
    0x8D, 0x9D, 0xBD, 0x4D, 0x58, 0xF6, 0x1B, 0x71, 0xBE, 0x21, 0xAE, 0x2A, 0x37, 0x4F, 0x4B, 0x5F,
    0x4D, 0x3D, 0xC2, 0x4F, 0xF9, 0xF2, 0x2B, 0x0C, 0x5F, 0x7D, 0x3C, 0xFC, 0x16, 0xE4, 0xFB, 0x56,
    0x4F, 0x9E, 0xC2, 0x6D, 0xFC, 0x31, 0x17, 0xE7, 0xB7, 0xB9, 0xFE, 0xE4, 0xDF, 0x3B, 0x51, 0xEF,
    0x1A, 0x8B, 0x2A, 0x21, 0x8B, 0x2A, 0x4F, 0xE1, 0xE2, 0xAD, 0x7A, 0x42, 0xA7, 0x43, 0x1F, 0x95,
    0x1C, 0xEF, 0x5D, 0xC7, 0xCF, 0x6F, 0x00, 0xF4, 0x33, 0xB5, 0x6A, 0xC5, 0xFF, 0x53, 0xA5, 0xE5,
    0xD8, 0x9B, 0xA3, 0xDD, 0xE8, 0xB9, 0x7B, 0xF9, 0x65, 0x2D, 0xC7, 0x2C, 0x86, 0x28, 0x36, 0x59,
    0x8B, 0x53, 0x8A, 0x21, 0x34, 0x82, 0xBF, 0xBA, 0xF4, 0xE7, 0x9E, 0x38, 0xBF, 0x10, 0x1A, 0x6A,
    0x75, 0x5C, 0xEB, 0xE3, 0xAC, 0x90, 0xB3, 0x46, 0xCE, 0x56, 0x9A, 0x53, 0xB0, 0x9F, 0xC6, 0x56,
    0x9A, 0xC7, 0x3A, 0x10, 0x5B, 0x69, 0xAD, 0x2F, 0xEE, 0x37, 0x6D, 0x20, 0xDE, 0xEF, 0xDA, 0x03,
    0xF1, 0x7F, 0x7D, 0x38, 0x16, 0x3F, 0xB8, 0x73, 0x57, 0xFC, 0xF1, 0x9D, 0xC7, 0xF2, 0xEE, 0xC3,
    0x0F, 0x6B, 0x79, 0xB7, 0x3A, 0x60, 0xC3, 0x2E, 0x80, 0xD9, 0xF2, 0x80, 0x39, 0x6F, 0xD0, 0xA7,
    0xE6, 0x06, 0x1A, 0x9A, 0x22, 0x9D, 0xF6, 0x71, 0x5E, 0xB0, 0x58, 0x9C, 0xAC, 0xE6, 0xF8, 0xB0,
    0xAB, 0x87, 0xA4, 0x14, 0x77, 0x07, 0xFD, 0x59, 0xFE, 0x50, 0x0E, 0xEC, 0x12, 0xA9, 0xBC, 0x53,
    0x1E, 0xCA, 0xD8, 0xAF, 0x1E, 0xCB, 0x38, 0xA8, 0x90, 0x57, 0x8F, 0x9F, 0x57, 0x72, 0xF7, 0xF1,
    0x77, 0x85, 0x8C, 0xAB, 0x1F, 0x79, 0x3E, 0x04, 0xF6, 0x4B, 0x69, 0xEB, 0x94, 0xA8, 0x68, 0x62,
    0x7A, 0x64, 0x37, 0xFB, 0xFD, 0x00, 0x33, 0x10, 0x94, 0xFD, 0x05, 0xBB, 0xE1, 0xCD, 0xB5, 0x12,
    0x60, 0x44, 0xF2, 0x31, 0x81, 0x54, 0xC8, 0x58, 0x16, 0xB2, 0x1B, 0x17, 0x24, 0xC8, 0x93, 0xFC,
    0x0C, 0x13, 0xA8, 0xDF, 0x27, 0x60, 0x65, 0x09, 0x56, 0x60, 0x1C, 0xFF, 0x07, 0x23, 0xFE, 0x8F,
    0xDC, 0xD1, 0x7A, 0xA4, 0x74, 0x7E, 0x39, 0x04, 0x43, 0x57, 0x20, 0x3D, 0x50, 0xD4, 0x56, 0x57,
    0xFC, 0x19, 0x84, 0x79, 0x7F, 0xAD, 0xC1, 0x86, 0x0C, 0x8A, 0x69, 0xD4, 0xB0, 0xE4, 0x60, 0xE5,
    0xC2, 0x9C, 0xE1, 0xF5, 0xF3, 0x80, 0x06, 0x89, 0x45, 0xBF, 0x6E, 0x00, 0xAA, 0x6C, 0xF8, 0x3C,
    0xE7, 0xAE, 0xFB, 0x4E, 0xDB, 0xF9, 0x2A, 0x4C, 0x32, 0x48, 0xD4, 0xF6, 0xFD, 0xC4, 0xB7, 0x02,
    0x6D, 0x40, 0x67, 0xA6, 0x7D, 0xAD, 0xED, 0x68, 0x8C, 0x84, 0x08, 0x31, 0x7B, 0xC6, 0x07, 0xCE,
    0x29, 0xCF, 0xBB, 0x27, 0x43, 0x5C, 0xAE, 0x98, 0x1E, 0x12, 0x6D, 0xC4, 0x4C, 0x7B, 0xE3, 0xCE,
    0xEC, 0x97, 0xE1, 0x20, 0x8F, 0x1A, 0x51, 0xD3, 0xD8, 0xB3, 0xDE, 0x8A, 0x07, 0x59, 0xCC, 0x41,
    0xA3, 0x7C, 0x38, 0x55, 0xAE, 0xF5, 0x90, 0x59, 0xA7, 0x38, 0x45, 0x69, 0x6A, 0xD2, 0x45, 0x65,
    0xFA, 0x9E, 0xDC, 0xC6, 0x81, 0x72, 0x76, 0xB9, 0x53, 0xBD, 0xE6, 0x27, 0xC5, 0x85, 0x23, 0x23,
    0x33, 0x45, 0x66, 0xC1, 0xF2, 0x89, 0xE1, 0x42, 0xA0, 0xB3, 0xDE, 0x8D, 0xB2, 0x97, 0xDF, 0x0B,
    0xD0, 0xE1, 0xB4, 0xB9, 0xF7, 0xA3, 0xA2, 0x9E, 0x17, 0x28, 0xCC, 0xE5, 0x65, 0x1B, 0x8D, 0xFC,
    0x2B, 0xA8, 0x77, 0xC9, 0xF2, 0xFA, 0x5E, 0x74, 0xDC, 0x56, 0x36, 0x78, 0x63, 0x47, 0x7A, 0x4A,
    0xF8, 0x52, 0x0C, 0xD4, 0xE4, 0x39, 0x6E, 0xF1, 0xEA, 0xE5, 0x57, 0x19, 0x2E, 0x2E, 0xBA, 0x34,
    0x17, 0x6E, 0x87, 0x95, 0x36, 0xF9, 0x6A, 0xA3, 0xDE, 0x6C, 0x0D, 0x3D, 0x4F, 0xA9, 0xDF, 0x7C,
    0x60, 0xE9, 0x5A, 0xFE, 0x0B, 0xC5, 0x5A, 0x3D, 0x93, 0xDB, 0xD6, 0x15, 0xBD, 0x00, 0xA2, 0x85,
    0x1C, 0x24, 0x79, 0x29, 0x5C, 0xC8, 0xD6, 0x58, 0x70, 0xB1, 0x45, 0x3C, 0xC9, 0x12, 0x29, 0x52,
    0x2E, 0x09, 0xC8, 0x2A, 0x54, 0xAE, 0xFF, 0x81, 0xD5, 0xA7, 0x50, 0x8A, 0x14, 0x2A, 0xC8, 0x25,
    0x6C, 0xCF, 0x24, 0x99, 0x71, 0x21, 0x4E, 0x7E, 0x81, 0x7E, 0x42, 0x0A, 0x15, 0x2E, 0xB8, 0x22,
    0x24, 0x17, 0x2E, 0x05, 0xA7, 0x49, 0xA1, 0x42, 0xC8, 0x58, 0x49, 0x0A, 0xCF, 0x44, 0x88, 0x07,
    0x89, 0xA1, 0x84, 0x24, 0x72, 0xCE, 0x7D, 0x00, 0x3F, 0xB4, 0x6B, 0xC9, 0x96, 0x56, 0xEB, 0x5D,
    0xF1, 0x69, 0x77, 0x09, 0xBC, 0xFB, 0xF1, 0xEE, 0xC7, 0xB9, 0x07, 0x14, 0x11, 0xA7, 0x12, 0x11,
    0xB7, 0xC4, 0xE2, 0x95, 0xE2, 0x34, 0x57, 0x73, 0x09, 0x9B, 0xC7, 0x99, 0x8C, 0x9B, 0x46, 0x64,
    0xE9, 0xCE, 0xC5, 0xAB, 0x65, 0x2E, 0x7E, 0x21, 0x53, 0x31, 0x19, 0x96, 0x30, 0xC5, 0x12, 0x09,
    0x96, 0x58, 0xF0, 0xC6, 0x40, 0xA4, 0x96, 0x11, 0x37, 0x19, 0xF1, 0x7E, 0x2C, 0x05, 0x16, 0x5C,
    0x79, 0x28, 0x51, 0x2A, 0xF1, 0x65, 0x6C, 0x12, 0x35, 0x73, 0x11, 0xD3, 0x40, 0x82, 0xBB, 0x4C,
    0x84, 0x5F, 0x7E, 0x86, 0x25, 0xE0, 0x62, 0x52, 0x09, 0x16, 0x61, 0x02, 0x69, 0x4B, 0x71, 0x9B,
    0xA6, 0x16, 0xBF, 0x0E, 0x4A, 0x31, 0x39, 0xB6, 0x0A, 0x53, 0x28, 0x15, 0x53, 0xB3, 0x01, 0x77,
    0xEE, 0x53, 0x87, 0x6E, 0xE7, 0xCC, 0xEE, 0x1C, 0x37, 0x0B, 0xEE, 0x0C, 0x03, 0xDC, 0xC6, 0xEE,
    0x4C, 0xA5, 0xF0, 0x35, 0xD0, 0x75, 0xC1, 0x9B, 0xE3, 0x9A, 0x77, 0x8F, 0x27, 0x54, 0x6C, 0xAA,
    0xA2, 0xE7, 0x94, 0xED, 0xD4, 0x14, 0xEE, 0xE2, 0xD6, 0x30, 0xC1, 0xFB, 0xB0, 0x08, 0xEF, 0xE3,
    0x6E, 0x3F, 0xE7, 0xDD, 0xD4, 0x4D, 0x65, 0xD1, 0xEA, 0x94, 0x76, 0x42, 0x47, 0x18, 0x0A, 0xBB,
    0xF1, 0x73, 0xAC, 0xEB, 0x11, 0xD6, 0x3B, 0xF0, 0x0F, 0xD5, 0xA0, 0x0B, 0xA3, 0x26, 0xA7, 0x69,
    0x4B, 0xAB, 0x07, 0x85, 0x8A, 0xEE, 0x89, 0xCD, 0xFC, 0xDC, 0x6B, 0xD2, 0x20, 0xF3, 0x16, 0xD8,
    0x12, 0x02, 0x4C, 0x82, 0xFD, 0x23, 0x6E, 0x1F, 0x73, 0xF7, 0x01, 0x37, 0x1F, 0x71, 0xEF, 0x11,
    0xB7, 0x9E, 0x52, 0xFB, 0x11, 0xBE, 0x65, 0xEC, 0x2E, 0xB8, 0xF9, 0x92, 0x7B, 0x63, 0xF1, 0x17,
    0x3D, 0xDD, 0xD9, 0x4D, 0xDE, 0xE6, 0x9A, 0x71, 0x6F, 0xF9, 0x3A, 0x5D, 0xDB, 0xBB, 0xDB, 0x8A,
    0x96, 0xB0, 0xF4, 0xE1, 0x8F, 0x78, 0x1E, 0xD0, 0x47, 0x0B, 0xAE, 0xA3, 0x43, 0x5E, 0x33, 0x8D,
    0x64, 0x08, 0x33, 0x42, 0x81, 0xBE, 0x55, 0x04, 0xE7, 0x38, 0x65, 0xCF, 0xCB, 0xE0, 0xA5, 0x41,
    0x90, 0x42, 0xD7, 0xBE, 0x81, 0xC6, 0xF9, 0xB0, 0x47, 0x2F, 0xCD, 0x87, 0x54, 0xBC, 0xC2, 0x85,
    0xE6, 0xDD, 0x7F, 0xC1, 0x14, 0xE3, 0x7D, 0x01, 0xF3, 0xC2, 0xE0, 0x33, 0xF8, 0xA4, 0x17, 0xDD,
    0x4C, 0xA8, 0x58, 0xC8, 0xED, 0xEB, 0x88, 0x6B, 0x1E, 0x5B, 0xBB, 0x5D, 0x37, 0x91, 0xB0, 0xF0,
    0xEF, 0xE3, 0x4F, 0x73, 0xBA, 0x38, 0x5E, 0xC8, 0x2D, 0x91, 0xA1, 0xEA, 0x37, 0xA5, 0xF7, 0xA4,
    0x8E, 0x0C, 0xAC, 0xAA, 0x7A, 0xE1, 0x9C, 0xD2, 0xA3, 0x39, 0xA4, 0xF7, 0xA1, 0x8F, 0x57, 0xEC,
    0x3B, 0xA5, 0x78, 0xD9, 0x10, 0xFA, 0xF8, 0x59, 0x6D, 0x12, 0x09, 0xD2, 0xAA, 0x47, 0xE9, 0xE5,
    0x3E, 0xA5, 0x17, 0x3C, 0x29, 0x73, 0xB7, 0xA4, 0xF4, 0x2B, 0xD0, 0x21, 0x5E, 0x06, 0x34, 0xB1,
    0x36, 0x5C, 0x73, 0xD3, 0xA8, 0xF0, 0x5C, 0x1D, 0x9F, 0x69, 0x88, 0xDD, 0xFD, 0x00, 0x9E, 0x09,
    0x3E, 0x7C, 0x80, 0xD5, 0x24, 0x0B, 0x86, 0x9A, 0xFC, 0x92, 0xAE, 0x51, 0x35, 0xD5, 0x91, 0xE1,
    0x22, 0xC4, 0xDF, 0x67, 0x73, 0x68, 0xE2, 0x56, 0x43, 0x68, 0xE2, 0xE7, 0x37, 0xA0, 0x89, 0xC9,
    0x6E, 0xC3, 0x33, 0x61, 0x52, 0x62, 0xA3, 0xC8, 0x29, 0xA1, 0xC9, 0xC0, 0x2D, 0x70, 0x43, 0x1F,
    0x2A, 0x72, 0xCD, 0xA1, 0xC9, 0xD0, 0xA7, 0x26, 0xFB, 0xC1, 0xA7, 0x90, 0x35, 0x30, 0x1F, 0x43,
    0x87, 0xA8, 0x39, 0xC0, 0x1A, 0x2C, 0x55, 0x93, 0x98, 0x27, 0xD2, 0x9D, 0xE2, 0x94, 0x61, 0x37,
    0x67, 0xD4, 0xD5, 0xF8, 0x76, 0x2A, 0xA4, 0x8A, 0x5B, 0x42, 0x82, 0x57, 0x22, 0x44, 0xBC, 0x02,
    0x21, 0xE2, 0x33, 0x28, 0x82, 0x0C, 0x41, 0x61, 0x52, 0x04, 0x45, 0x98, 0x20, 0x28, 0x10, 0x1E,
    0x30, 0x8C, 0xEA, 0x0E, 0xF0, 0xB3, 0xB3, 0x80, 0xBB, 0xA1, 0x61, 0xDC, 0xC4, 0x88, 0xE5, 0x65,
    0x6C, 0x83, 0xFD, 0x13, 0xDA, 0x3C, 0xC7, 0xDB, 0xAE, 0xC6, 0x64, 0x65, 0xC3, 0x60, 0xA4, 0xBE,
    0x16, 0x8D, 0x51, 0x6C, 0x8E, 0x94, 0xCA, 0x21, 0x32, 0xC8, 0x20, 0xD2, 0xE8, 0x92, 0xE2, 0xAF,
    0x08, 0xFA, 0x1C, 0x37, 0xFA, 0x0C, 0x41, 0xC8, 0x1D, 0x30, 0x0E, 0x47, 0x14, 0x39, 0xA5, 0x48,
    0xEC, 0xD9, 0x64, 0x35, 0xA4, 0xDD, 0xAD, 0xB0, 0xDC, 0x2B, 0xBB, 0x70, 0x0E, 0x73, 0xA6, 0x5B,
    0xC6, 0x85, 0x0E, 0xAD, 0x5B, 0x4F, 0x8E, 0x20, 0x7A, 0xEA, 0xC1, 0x44, 0xBC, 0x6A, 0xA7, 0x64,
    0x41, 0x61, 0x3D, 0xE1, 0x2D, 0x5E, 0xC1, 0xE8, 0x37, 0xB0, 0x8D, 0xA6, 0x19, 0x58, 0x16, 0x42,
    0x76, 0x04, 0xD1, 0x03, 0x48, 0xEE, 0x63, 0x1D, 0xE2, 0xC5, 0x90, 0x87, 0x38, 0x6C, 0x13, 0xC3,
    0xAF, 0xE1, 0x87, 0xA5, 0xF8, 0x57, 0x10, 0xDD, 0xCC, 0xC5, 0x10, 0x4E, 0x69, 0x52, 0x61, 0xA8,
    0x85, 0xCC, 0xB2, 0xBE, 0x97, 0xC1, 0xB5, 0x7E, 0xD6, 0x97, 0x43, 0x3F, 0x1D, 0xCA, 0x9D, 0x20,
    0x99, 0xCA, 0xD2, 0xE0, 0x6E, 0x2C, 0x95, 0xB3, 0xBC, 0xE4, 0x94, 0xEE, 0x3F, 0xF7, 0xDC, 0xD2,
    0x7B, 0xB8, 0x0F, 0xD7, 0x62, 0xC9, 0xFC, 0x9B, 0x37, 0xFC, 0x2C, 0xB8, 0x79, 0x3B, 0x48, 0x83,
    0x03, 0x1C, 0xA6, 0x31, 0xA5, 0x11, 0x63, 0x8A, 0x50, 0x2E, 0x99, 0x7C, 0x20, 0x7B, 0x26, 0x3B,
    0x92, 0x7D, 0x73, 0xBF, 0xC6, 0x72, 0xB3, 0x94, 0x1B, 0xE6, 0x7D, 0xEB, 0x5A, 0x75, 0x62, 0x23,
    0x91, 0x9B, 0x37, 0x12, 0x23, 0x2A, 0xB9, 0x20, 0x21, 0x7D, 0x44, 0xD3, 0x2C, 0xC0, 0x25, 0x33,
    0x83, 0x68, 0x6D, 0x0C, 0xCC, 0x7C, 0x7C, 0xC9, 0x2B, 0x9C, 0x87, 0x7B, 0x5E, 0xEE, 0xDE, 0xDF,
    0xF7, 0x33, 0xEF, 0xFE, 0x3E, 0xF2, 0xFC, 0xFE, 0x8D, 0x20, 0xF5, 0x6F, 0xDE, 0x46, 0x9E, 0x1F,
    0xA8, 0xB4, 0x32, 0xA4, 0xC8, 0x9E, 0x5C, 0x0A, 0xF2, 0xBE, 0xEC, 0x05, 0xD9, 0x3E, 0x42, 0x07,
    0x7B, 0xEE, 0x07, 0x29, 0x8F, 0x90, 0xD9, 0x28, 0x3E, 0x9D, 0xD5, 0x14, 0x5C, 0x20, 0xC3, 0x5B,
    0xC8, 0xA6, 0x1A, 0xDD, 0x32, 0x94, 0xA7, 0xBE, 0x2E, 0x56, 0x54, 0x63, 0x01, 0x35, 0x9A, 0x25,
    0xD4, 0xA8, 0x62, 0xA8, 0x51, 0x46, 0x50, 0xA3, 0xEC, 0x41, 0x8D, 0x02, 0x69, 0xED, 0xE7, 0x7D,
    0x96, 0x9B, 0x21, 0xD4, 0x48, 0x3F, 0x81, 0x1A, 0x09, 0x92, 0x2A, 0x74, 0x90, 0x72, 0x48, 0xFF,
    0x7D, 0x19, 0x78, 0xC5, 0x90, 0x21, 0xFD, 0x4C, 0x35, 0x5C, 0x79, 0x9B, 0xF9, 0xC4, 0x77, 0xFE,
    0x91, 0x6F, 0xA9, 0xF2, 0xF6, 0x96, 0x32, 0x5A, 0x0B, 0x3D, 0x2E, 0x01, 0xEF, 0x0B, 0xFB, 0x3C,
    0x2E, 0x86, 0xE4, 0x94, 0x4B, 0x15, 0x33, 0x2A, 0x22, 0x9E, 0x2A, 0x16, 0x93, 0x45, 0xCC, 0xC5,
    0xC8, 0x86, 0x37, 0x76, 0x43, 0xD4, 0x35, 0xE8, 0x38, 0xE8, 0x01, 0x4D, 0xE2, 0x71, 0x09, 0x72,
    0x26, 0x02, 0xB3, 0x21, 0x42, 0x49, 0x49, 0x06, 0xA2, 0x25, 0x38, 0xFD, 0x01, 0xAA, 0x06, 0x64,
    0x3F, 0x81, 0x36, 0x71, 0x26, 0x5A, 0x90, 0xCF, 0xAF, 0x55, 0x70, 0xA0, 0x3A, 0xDA, 0x8D, 0xD3,
    0x34, 0x95, 0xBF, 0x44, 0xEE, 0x16, 0x90, 0x98, 0x7A, 0x39, 0xCA, 0x7A, 0xC6, 0x72, 0xCE, 0x62,
    0x8E, 0x57, 0x72, 0x24, 0x51, 0x32, 0xBE, 0xDC, 0x24, 0x31, 0xE4, 0xA0, 0xD9, 0xA5, 0x3B, 0xCB,
    0x03, 0x58, 0x3B, 0xC1, 0x46, 0x70, 0x8C, 0x1C, 0x55, 0x2C, 0x68, 0x56, 0xDE, 0x6B, 0xEB, 0xBD,
    0x71, 0xB1, 0x16, 0x63, 0x6D, 0x3A, 0x53, 0x4D, 0x2F, 0xA6, 0xB4, 0x6C, 0x87, 0xBB, 0x8D, 0x5A,
    0xF6, 0x0F, 0x76, 0x0F, 0x24, 0x94, 0x56, 0x9C, 0xD8, 0xD6, 0x68, 0xDE, 0x3A, 0x46, 0x37, 0x9C,
    0xB1, 0x23, 0x42, 0x1C, 0x4E, 0x00, 0xC2, 0x62, 0x5A, 0xBA, 0x92, 0x14, 0x37, 0x48, 0x70, 0x19,
    0x2F, 0xD4, 0xC5, 0x53, 0xD1, 0x92, 0x21, 0x5A, 0x2E, 0xB8, 0x3B, 0x57, 0xFC, 0x8A, 0x66, 0x8A,
    0x7F, 0x11, 0xA4, 0x5D, 0x3B, 0xCF, 0x62, 0x8A, 0x48, 0x81, 0x26, 0xFC, 0x9D, 0xDD, 0x6A, 0x67,
    0xC3, 0x21, 0xB3, 0x54, 0x1B, 0x64, 0x0C, 0x89, 0xCD, 0xE5, 0xA5, 0x5B, 0xCB, 0x21, 0xB6, 0x88,
    0xA1, 0x5F, 0x8C, 0x2B, 0x63, 0xC8, 0x1D, 0x44, 0xF6, 0x94, 0x58, 0xA3, 0xE7, 0x88, 0xB7, 0x7A,
    0x04, 0x69, 0x23, 0x34, 0x5B, 0x14, 0x9F, 0x2C, 0x4E, 0x67, 0x29, 0x7B, 0x8F, 0x41, 0x67, 0x76,
    0x18, 0x11, 0xEC, 0x3D, 0x5E, 0x56, 0x89, 0xF3, 0x35, 0xAC, 0x64, 0xCF, 0xE5, 0x21, 0xBF, 0xBE,
    0x96, 0xC7, 0xF6, 0x37, 0x6E, 0x72, 0x1C, 0x63, 0xE9, 0x3F, 0xF1, 0x2B, 0x93, 0x3B, 0x35, 0x00,
    0x43, 0x0D, 0xFB, 0xEB, 0x01, 0x0C, 0xE9, 0xC3, 0x00, 0xEC, 0x5D, 0x1E, 0xA2, 0xC5, 0xC7, 0xC9,
    0x2C, 0xA5, 0x4F, 0xB9, 0xB7, 0xCB, 0xBD, 0xF5, 0x00, 0xF4, 0x04, 0xF4, 0x08, 0xF4, 0x0C, 0xF4,
    0x10, 0x36, 0x4F, 0x41, 0x7D, 0x6E, 0x32, 0xF8, 0xC4, 0xA4, 0x5A, 0xA6, 0x61, 0x8E, 0xF6, 0x6E,
    0x6D, 0xDD, 0xDA, 0xB9, 0x47, 0x74, 0x02, 0x8F, 0x59, 0x1B, 0x36, 0xAE, 0xDC, 0x04, 0x11, 0x0A,
    0x4F, 0x70, 0xE5, 0xC8, 0xB6, 0x5F, 0x28, 0x07, 0x1B, 0x11, 0x60, 0x6C, 0xB0, 0x41, 0xC3, 0xE3,
    0x54, 0x55, 0x18, 0xF3, 0x0C, 0x79, 0x97, 0x11, 0xDF, 0xB4, 0xF1, 0xBE, 0x0E, 0x77, 0xEC, 0x32,
    0xC7, 0x26, 0x35, 0x70, 0x44, 0xC5, 0xA2, 0x6A, 0xA0, 0x06, 0xAA, 0x69, 0xCE, 0x62, 0x8A, 0x5A,
    0xCA, 0x57, 0x8A, 0x17, 0xA2, 0x36, 0x4A, 0xE2, 0x36, 0xD0, 0x0C, 0x02, 0xCD, 0xD5, 0x40, 0xA3,
    0x2C, 0x61, 0x14, 0x79, 0xA8, 0x04, 0x12, 0xE4, 0x47, 0x6C, 0xB8, 0x5B, 0xB9, 0x4D, 0xEB, 0x1C,
    0x5A, 0xE7, 0x9E, 0x64, 0x5D, 0x66, 0x51, 0x89, 0x82, 0x92, 0x17, 0x37, 0xD1, 0x43, 0x58, 0xF8,
    0x44, 0x65, 0xF4, 0x32, 0x84, 0xC5, 0xB8, 0xB9, 0xE7, 0x16, 0xA7, 0x63, 0xA2, 0x93, 0xAE, 0xD1,
    0x0F, 0x82, 0xD2, 0xE0, 0x30, 0xA2, 0x3F, 0x00, 0x10, 0x86, 0x6D, 0x03, 0x3E, 0xC3, 0xA3, 0x44,
    0xCC, 0xDA, 0xA4, 0x64, 0x6A, 0xB0, 0x12, 0xFD, 0x8C, 0x39, 0x09, 0x7B, 0x01, 0xFE, 0x7A, 0x4E,
    0x79, 0x3A, 0xF6, 0xEE, 0x4E, 0x18, 0xB0, 0xCC, 0xBF, 0x1F, 0xD2, 0xD4, 0xF4, 0xFB, 0x31, 0xD5,
    0x49, 0x27, 0xE2, 0x12, 0xA7, 0xCD, 0x5E, 0x91, 0x99, 0x5A, 0x6A, 0x99, 0xA0, 0x5A, 0x78, 0x71,
    0xAC, 0xF8, 0xE1, 0x77, 0xDF, 0xD3, 0xB1, 0x4E, 0xDA, 0xA9, 0x85, 0xAF, 0x1B, 0x16, 0xFD, 0x9E,
    0xB6, 0xBD, 0xD7, 0x17, 0xC8, 0x92, 0x26, 0xC3, 0xAB, 0xF4, 0xDE, 0xF3, 0xEB, 0xB6, 0xE6, 0xCF,
    0xE5, 0xCD, 0x66, 0xCE, 0x61, 0x25, 0xFC, 0x37, 0x3A, 0x2E, 0xF6, 0x3B, 0x44, 0xB5, 0x1C, 0xB1,
    0x5A, 0x3A, 0x33, 0x74, 0x9F, 0x5A, 0x76, 0x56, 0xF9, 0x65, 0x13, 0x8C, 0xD9, 0x25, 0xF1, 0x15,
    0xFC, 0x7A, 0xC9, 0x29, 0x4E, 0xEE, 0x98, 0x86, 0x4B, 0xC8, 0x76, 0xDF, 0xEF, 0x77, 0x1D, 0xB3,
    0x1C, 0x50, 0x7D, 0x45, 0xE3, 0xEC, 0x98, 0x89, 0x76, 0xCC, 0x90, 0xFE, 0xC7, 0x32, 0xE3, 0x78,
    0xD6, 0x75, 0x4C, 0x51, 0x44, 0x17, 0xB4, 0xD0, 0x31, 0xD4, 0x2B, 0xBB, 0x8E, 0x89, 0x3A, 0xE3,
    0xB0, 0xDD, 0xB0, 0x38, 0xA7, 0x37, 0x60, 0xF1, 0x1C, 0xC8, 0xFA, 0xF6, 0xE9, 0x74, 0x4C, 0x8F,
    0xC7, 0xA1, 0x76, 0xDA, 0xA0, 0xB8, 0x73, 0x1C, 0xA4, 0x9C, 0xB1, 0x89, 0xB6, 0xDB, 0x26, 0x2D,
    0xC2, 0x3F, 0x05, 0x13, 0xA1, 0x40, 0xA2, 0xAB, 0x7C, 0xF3, 0x97, 0xA7, 0x05, 0xDD, 0xD7, 0xD5,
    0xB0, 0xAE, 0x4B, 0xA4, 0xF8, 0x7B, 0x58, 0x6B, 0x2D, 0xA7, 0x7B, 0x9C, 0xAF, 0x14, 0x44, 0x7F,
    0xAA, 0x15, 0xF1, 0x23, 0x85, 0xD0, 0x3E, 0xA3, 0xA4, 0x1F, 0x70, 0x1D, 0x12, 0x2B, 0x40, 0x06,
    0x0B, 0xA7, 0xCA, 0xF3, 0x54, 0x9E, 0x9F, 0xF5, 0x74, 0x44, 0xEE, 0xAB, 0x5D, 0xE3, 0x86, 0xE5,
    0x6B, 0xB6, 0xA4, 0x87, 0x55, 0x88, 0x4B, 0x81, 0x5E, 0xB3, 0x38, 0x59, 0xA9, 0x3B, 0x98, 0x93,
    0xDD, 0xE6, 0x5E, 0x93, 0x7A, 0xCD, 0x97, 0x4D, 0xE6, 0x5E, 0x69, 0x0E, 0x32, 0x71, 0xE6, 0x70,
    0xA0, 0xC3, 0xE1, 0xEA, 0x3A, 0x82, 0xD6, 0xE3, 0xBC, 0x6D, 0xFE, 0x08, 0xA9, 0x03, 0x62, 0x97,
    0x21, 0x06, 0x6F, 0x19, 0x45, 0xF5, 0xEB, 0x32, 0x9E, 0x13, 0x31, 0x54, 0x63, 0xCE, 0xE0, 0x84,
    0xFC, 0x32, 0x7B, 0x84, 0xCC, 0xB3, 0xC8, 0xA7, 0x49, 0x2F, 0xF0, 0x48, 0x89, 0x13, 0x15, 0xE0,
    0xA4, 0xB6, 0x14, 0xC4, 0xC8, 0xDD, 0x01, 0x47, 0x48, 0x0C, 0x90, 0x23, 0x69, 0x6A, 0xBE, 0x0E,
    0xA5, 0xA9, 0x38, 0xE0, 0xC6, 0x79, 0x04, 0x87, 0x36, 0x70, 0x50, 0xA3, 0x5B, 0x01, 0xB6, 0x2E,
    0x13, 0x1E, 0x2A, 0xA0, 0x49, 0x85, 0xF3, 0x8B, 0x79, 0x98, 0x47, 0xC4, 0x48, 0x35, 0x0C, 0x74,
    0xCB, 0xB0, 0xC1, 0xF8, 0x8F, 0x01, 0x84, 0xA9, 0x6B, 0x27, 0x18, 0x42, 0x5B, 0xE0, 0x9E, 0x80,
    0xFC, 0x04, 0x13, 0x2A, 0x52, 0x1C, 0xAA, 0x2C, 0x02, 0x94, 0x78, 0x43, 0x50, 0x1E, 0x74, 0x4C,
    0x8E, 0x19, 0x8F, 0x81, 0x2D, 0x0F, 0xAF, 0xBB, 0x58, 0xF6, 0x15, 0x80, 0x1D, 0xD2, 0xE9, 0x3C,
    0x0B, 0x8F, 0xB7, 0x39, 0xC9, 0x96, 0x9F, 0xAE, 0xD7, 0x62, 0x35, 0x8B, 0x54, 0xBD, 0xC9, 0x1B,
    0xC2, 0xA9, 0xDB, 0xCE, 0x3B, 0x26, 0xB7, 0x14, 0x85, 0xB5, 0xD1, 0x72, 0x0B, 0x84, 0x31, 0x88,
    0x4F, 0xB7, 0xDC, 0x20, 0x3C, 0x0E, 0x59, 0xAF, 0x62, 0xAD, 0x57, 0xB9, 0x0E, 0x2C, 0x50, 0xC1,
    0xD7, 0x83, 0x9C, 0x3D, 0xB1, 0x08, 0xFA, 0x3D, 0x68, 0xF0, 0x01, 0x01, 0xE2, 0x83, 0x8C, 0x67,
    0xBC, 0x1A, 0xD1, 0xB6, 0x11, 0xF4, 0x45, 0xDC, 0x07, 0xBF, 0xE4, 0xF0, 0x0B, 0xF7, 0x4A, 0x21,
    0xFA, 0xC8, 0x56, 0xC9, 0x50, 0xA9, 0x0C, 0x0A, 0x1C, 0xD8, 0x02, 0xA9, 0x6C, 0x86, 0xF5, 0x50,
    0x15, 0x10, 0x9C, 0x31, 0x0B, 0xA3, 0xBF, 0xAF, 0x48, 0x07, 0xA8, 0xFE, 0x8E, 0x8C, 0x33, 0x45,
    0xAD, 0x8A, 0xFE, 0xA0, 0xD0, 0x44, 0x25, 0x9E, 0x63, 0x64, 0x32, 0x4D, 0x06, 0xCC, 0x54, 0x53,
    0x76, 0x54, 0x8C, 0xBB, 0xA5, 0x4A, 0xCC, 0x23, 0x1E, 0x70, 0xFC, 0xEA, 0xCB, 0x18, 0x37, 0x38,
    0xD8, 0x61, 0xCA, 0x53, 0xAF, 0x51, 0xEE, 0xA5, 0x42, 0xA6, 0x3B, 0xFF, 0xA9, 0x19, 0x83, 0x79,
    0x37, 0x2B, 0x3C, 0xC6, 0x26, 0xFE, 0x67, 0xB8, 0x22, 0xB8, 0x4B, 0x6E, 0x25, 0x23, 0x35, 0x93,
    0xC6, 0x62, 0x01, 0x7C, 0xCB, 0x76, 0x04, 0xB9, 0xAD, 0xF2, 0x23, 0x2D, 0xDD, 0xAF, 0x41, 0xA4,
    0x79, 0x5F, 0xC8, 0x30, 0x89, 0xE4, 0x56, 0xEE, 0xCF, 0x5B, 0x36, 0x63, 0xD4, 0x56, 0x92, 0xA9,
    0x05, 0xD9, 0x1C, 0x4E, 0x50, 0x45, 0x31, 0xE9, 0xF8, 0x95, 0x57, 0x44, 0x99, 0xF7, 0xF9, 0x52,
    0xFC, 0x07, 0x18, 0x6B, 0x9B, 0x4C, 0x87, 0x51, 0xC3, 0x0E, 0x71, 0x80, 0x91, 0x96, 0xE8, 0xD6,
    0x61, 0x1C, 0x1D, 0x29, 0x9B, 0x32, 0x45, 0x52, 0xCF, 0x29, 0x9B, 0x4D, 0x83, 0x40, 0x78, 0xAC,
    0x40, 0x78, 0x01, 0x91, 0x87, 0x7E, 0x81, 0xD9, 0x1D, 0xB3, 0x2F, 0x29, 0x18, 0x82, 0x60, 0xE8,
    0x3A, 0x22, 0x49, 0x32, 0x52, 0x20, 0xEC, 0x54, 0x23, 0x05, 0xAB, 0x41, 0x71, 0x68, 0x81, 0x70,
    0x12, 0x21, 0xFC, 0xB9, 0x85, 0x82, 0xD5, 0x91, 0xEA, 0xA3, 0xBE, 0xD6, 0x17, 0xA2, 0xCF, 0x59,
    0xAC, 0x01, 0xB0, 0xF3, 0xAD, 0x01, 0xF0, 0xB2, 0x05, 0xC0, 0x99, 0xB5, 0xBB, 0x6E, 0xF7, 0x25,
    0x5B, 0xC6, 0x30, 0x59, 0xB6, 0x89, 0x7E, 0x52, 0x9E, 0x9F, 0x99, 0x4D, 0xD8, 0x5F, 0x3B, 0xEF,
    0x53, 0x5F, 0xAF, 0xC2, 0x56, 0xD9, 0x5D, 0xE5, 0x6D, 0xC4, 0x18, 0x30, 0x3A, 0x95, 0xE6, 0x2D,
    0x8C, 0x5B, 0x7F, 0x45, 0x2C, 0x04, 0x58, 0x0A, 0x46, 0x78, 0xDE, 0x65, 0x68, 0xDD, 0x5D, 0xCC,
    0xDF, 0x1C, 0x4D, 0x79, 0x52, 0x8E, 0x3E, 0x27, 0x5A, 0x5F, 0xFB, 0x94, 0x3F, 0x97, 0xB6, 0x8D,
    0xDB, 0x85, 0xD7, 0x00, 0x31, 0xBC, 0x23, 0x61, 0x49, 0xCA, 0x33, 0x53, 0x26, 0x12, 0xD6, 0x6A,
    0xAE, 0x74, 0x13, 0xE1, 0xA8, 0x9D, 0x08, 0xA9, 0xD5, 0xB9, 0xB5, 0x0E, 0xBC, 0x74, 0x06, 0x07,
    0xEA, 0x38, 0xC7, 0x80, 0x0E, 0xAC, 0x61, 0x9C, 0x08, 0xF9, 0x63, 0xF4, 0x88, 0x3C, 0x15, 0xD3,
    0x0F, 0xCE, 0x1D, 0xB7, 0x23, 0x61, 0x37, 0x1A, 0x86, 0xE9, 0x2E, 0xE0, 0xC2, 0x0C, 0x5B, 0x30,
    0x75, 0x2F, 0x2A, 0x33, 0xBA, 0x23, 0x64, 0xAB, 0xDE, 0xA5, 0xB2, 0x0F, 0x39, 0x6C, 0x2D, 0x3B,
    0x0D, 0xE5, 0xDA, 0x96, 0xDF, 0x95, 0x0D, 0x64, 0x40, 0x04, 0xB6, 0xED, 0x4D, 0x57, 0xD7, 0xAD,
    0xB9, 0xDC, 0xA2, 0xAB, 0x77, 0x5B, 0x64, 0x6B, 0x3B, 0x50, 0xAD, 0xCB, 0x19, 0x6A, 0xE3, 0x3B,
    0xCC, 0x6D, 0x2D, 0x9D, 0x31, 0xFD, 0x14, 0x2C, 0x4F, 0xA6, 0x10, 0x87, 0x83, 0x17, 0xA1, 0x10,
    0xD3, 0xEF, 0x48, 0x21, 0x86, 0xD4, 0x3B, 0x56, 0x56, 0x95, 0xA1, 0xA7, 0xCC, 0xA1, 0x12, 0x87,
    0xCA, 0x1B, 0x92, 0x36, 0x54, 0xD6, 0x50, 0x49, 0x43, 0xE5, 0x0C, 0x95, 0x32, 0x54, 0xC6, 0x50,
    0x09, 0x43, 0xE5, 0x0B, 0x95, 0x2E, 0x54, 0xB6, 0x50, 0xC9, 0x42, 0xE5, 0x0A, 0x95, 0x2A, 0x6C,
    0x99, 0x42, 0x25, 0x0A, 0x95, 0x27, 0xB4, 0xCE, 0xA1, 0x5F, 0x78, 0xB6, 0x62, 0x3A, 0x08, 0xA1,
    0xF8, 0x41, 0x09, 0x42, 0xF2, 0x83, 0x4A, 0x0F, 0x2A, 0x3B, 0xA8, 0xE4, 0xA0, 0x72, 0x83, 0x4A,
    0x0D, 0x2A, 0x33, 0xA8, 0xC4, 0xA0, 0xF2, 0x82, 0x4A, 0x0B, 0x2A, 0x2B, 0xA8, 0xA4, 0xA0, 0x72,
    0x82, 0x2D, 0x25, 0xA8, 0x95, 0x5E, 0xA9, 0x76, 0x9F, 0x4B, 0x98, 0x75, 0xAC, 0xED, 0xAE, 0x9C,
    0x79, 0x3B, 0xB2, 0xA5, 0x5E, 0x03, 0x61, 0x8C, 0xC5, 0x99, 0x77, 0xF1, 0xB2, 0x9D, 0x62, 0x67,
    0xD1, 0x8E, 0x18, 0x41, 0x64, 0xA1, 0x94, 0x58, 0x25, 0xAF, 0x4A, 0xCA, 0x9D, 0xE9, 0x51, 0x9B,
    0x0F, 0x2A, 0xA9, 0xC2, 0x77, 0x4B, 0xA7, 0x44, 0x4D, 0x87, 0x16, 0x5E, 0x01, 0x98, 0x45, 0x22,
    0x7D, 0x41, 0x46, 0x71, 0x48, 0x4A, 0x71, 0x4A, 0x4E, 0xB1, 0x26, 0x20, 0xAC, 0x22, 0x09, 0x2F,
    0x97, 0x31, 0xF9, 0xDA, 0x3E, 0xEA, 0x7F, 0xC5, 0xE7, 0x12, 0x0D, 0x1F, 0x49, 0x8C, 0xE9, 0xAD,
    0xEB, 0x4F, 0xD4, 0xA7, 0x2C, 0x96, 0x34, 0x26, 0x0F, 0x09, 0x6C, 0x38, 0x95, 0x70, 0x34, 0x51,
    0x2B, 0x74, 0x39, 0xA4, 0xAA, 0x47, 0xEC, 0x51, 0xDA, 0x31, 0x30, 0x9A, 0x24, 0xF0, 0xED, 0x8C,
    0x6C, 0x2D, 0xCC, 0x2A, 0x03, 0x12, 0x30, 0x30, 0xC1, 0xFF, 0x8B, 0x16, 0x08, 0x86, 0x35, 0x5D,
    0x6A, 0x1E, 0x1D, 0x4F, 0xAA, 0x35, 0x0F, 0x2B, 0x72, 0x61, 0xF5, 0xB3, 0xBE, 0xA5, 0x48, 0x4F,
    0x5D, 0x22, 0xD9, 0x76, 0xBF, 0xA5, 0x47, 0x13, 0xCC, 0xDF, 0x63, 0x60, 0x53, 0x99, 0x65, 0x08,
    0xCF, 0xFF, 0xE5, 0x70, 0xC7, 0xD7, 0x05, 0x46, 0x97, 0xAF, 0x4A, 0xCE, 0x52, 0x1C, 0x5E, 0x8A,
    0x2A, 0x44, 0x82, 0x7D, 0x42, 0xEA, 0x76, 0xC8, 0x59, 0x6A, 0xBF, 0x4F, 0x80, 0x38, 0xC4, 0xB1,
    0xEC, 0x91, 0xBA, 0xED, 0x71, 0xA0, 0x0A, 0xC9, 0x04, 0x1B, 0xCE, 0x52, 0x58, 0xF0, 0x16, 0xCF,
    0x26, 0x60, 0xEC, 0xA4, 0x6D, 0xB1, 0x65, 0xA9, 0x38, 0x6A, 0x35, 0xDE, 0xE0, 0x56, 0x7E, 0xAD,
    0xCF, 0x60, 0xEC, 0xB8, 0x53, 0xFA, 0xA5, 0x0F, 0xA0, 0x1C, 0xE4, 0xED, 0xD8, 0x84, 0x17, 0x7D,
    0xC6, 0x41, 0x8E, 0xC0, 0x99, 0xA2, 0x47, 0x0A, 0x9C, 0xC3, 0x64, 0x6E, 0x2D, 0xD7, 0x91, 0x5F,
    0xEB, 0x0C, 0xF1, 0x96, 0xAC, 0x07, 0x1D, 0x0D, 0xAF, 0xDF, 0x73, 0xF1, 0xB8, 0x7C, 0x2C, 0x2D,
    0xB1, 0xA8, 0xA5, 0xD8, 0xD0, 0x35, 0x3D, 0x22, 0xDC, 0x7D, 0x65, 0x09, 0x7B, 0xEC, 0x09, 0x3D,
    0x66, 0x67, 0xC4, 0xC4, 0x0C, 0x99, 0x93, 0x58, 0xF6, 0xB8, 0x8C, 0xBB, 0x81, 0xC0, 0x51, 0x96,
    0xB0, 0x80, 0xD1, 0x70, 0x10, 0x49, 0x65, 0x2C, 0xBC, 0x12, 0x93, 0x9C, 0xCD, 0x8F, 0x5D, 0x5B,
    0xFD, 0x03, 0x28, 0xF1, 0x56, 0xD7, 0x30, 0xF0, 0xF7, 0xDF, 0xE0, 0xF7, 0x5B, 0x7F, 0xB2, 0xFF,
    0x47, 0xE9, 0x29, 0x0D, 0x08, 0x16, 0xC3, 0x4D, 0xBB, 0x59, 0x87, 0x32, 0x71, 0x21, 0x96, 0x1F,
    0x1D, 0x1F, 0x12, 0xB4, 0x72, 0xEB, 0x88, 0xA0, 0x13, 0x82, 0x0E, 0x08, 0x2C, 0x90, 0x3A, 0x1E,
    0xE8, 0x74, 0xA0, 0xC3, 0x81, 0xCE, 0x06, 0x3A, 0x1A, 0xE8, 0x64, 0xC0, 0xD0, 0xD5, 0xB9, 0x40,
    0xC7, 0x02, 0x9D, 0x0A, 0x74, 0x28, 0xD0, 0x99, 0x40, 0x47, 0x82, 0x76, 0x22, 0xB0, 0xAA, 0x68,
    0xDB, 0xAB, 0xBB, 0x7A, 0xA1, 0x67, 0x73, 0xFE, 0x95, 0x8D, 0x06, 0x92, 0x76, 0x1D, 0x87, 0xD7,
    0x58, 0xAF, 0x32, 0xB4, 0xF4, 0x61, 0x4B, 0xE7, 0x5F, 0xB6, 0xBF, 0x2F, 0x32, 0x9B, 0x83, 0x9C,
    0x04, 0x10, 0xE3, 0x63, 0xB6, 0xFB, 0x71, 0xE2, 0xD6, 0x0E, 0x4E, 0xB2, 0xF4, 0x1F, 0xA7, 0x7E,
    0x11, 0xDE, 0x4C, 0x4C, 0x16, 0x33, 0x9D, 0xE7, 0x88, 0xE1, 0x2B, 0x48, 0xE7, 0xF0, 0x00, 0x81,
    0x16, 0xC5, 0xD8, 0x30, 0xE2, 0x03, 0x94, 0xA8, 0xF2, 0x50, 0xD6, 0x73, 0x7D, 0x40, 0x38, 0xCE,
    0x99, 0xCD, 0x89, 0x65, 0x63, 0x87, 0xB3, 0x7C, 0x5D, 0x48, 0xBF, 0xCD, 0x71, 0xDC, 0x82, 0x0A,
    0x7F, 0x2D, 0xA9, 0x50, 0xC6, 0x42, 0x9B, 0xC8, 0x78, 0x82, 0x4A, 0xC8, 0xE9, 0xC6, 0xA9, 0xBD,
    0x87, 0x88, 0x73, 0x73, 0x90, 0x7A, 0xC5, 0x30, 0x4C, 0xBC, 0xCF, 0x19, 0xEE, 0x0F, 0xA0, 0xAE,
    0xBF, 0x00, 0x16, 0xF2, 0x6A, 0x14, 0x37, 0xE6, 0x87, 0x2D, 0xAA, 0xBD, 0xA8, 0x6E, 0x13, 0x1C,
    0xFF, 0x9D, 0xEB, 0x3A, 0x15, 0xC1, 0x97, 0x98, 0xAB, 0x84, 0xC3, 0xF7, 0x20, 0xDD, 0x4D, 0x27,
    0x67, 0xCC, 0x92, 0x9F, 0x77, 0xA9, 0x04, 0x40, 0x37, 0x9F, 0x28, 0x7D, 0x54, 0xA0, 0x5E, 0xA0,
    0x4D, 0xA7, 0xD7, 0x4E, 0x29, 0xDE, 0x67, 0x3A, 0x9F, 0x92, 0xE4, 0xFE, 0x90, 0x7C, 0x97, 0x14,
    0xC7, 0x70, 0xE1, 0x59, 0x3C, 0x08, 0x18, 0x33, 0x25, 0x4A, 0x35, 0xCD, 0x4F, 0x7E, 0xFB, 0x14,
    0x2C, 0x7E, 0x71, 0xF3, 0x5C, 0x45, 0x60, 0x1F, 0x11, 0x81, 0xFD, 0x99, 0x95, 0xB2, 0xE4, 0x93,
    0x91, 0x6A, 0x9F, 0xF1, 0xBC, 0x95, 0xCE, 0x31, 0x8F, 0x3F, 0xD6, 0xC8, 0x61, 0x3C, 0x1F, 0x6D,
    0xE1, 0xC9, 0x8D, 0x27, 0xEA, 0x6C, 0x38, 0xBA, 0x68, 0xA8, 0x05, 0x59, 0xD7, 0x01, 0x4E, 0x82,
    0x62, 0xB1, 0x85, 0x9F, 0x58, 0x66, 0x4A, 0x05, 0x3C, 0xEF, 0x18, 0x77, 0x54, 0x7A, 0x01, 0x4F,
    0x55, 0xC1, 0x13, 0xB7, 0x46, 0x3A, 0xD6, 0x68, 0x20, 0xD5, 0x00, 0x19, 0x8C, 0x5D, 0x72, 0x42,
    0xCB, 0xD9, 0x72, 0xA2, 0xA9, 0x30, 0x4E, 0x76, 0xC4, 0x32, 0x5B, 0x4D, 0xE2, 0xD8, 0x11, 0x9C,
    0xEA, 0x8D, 0xA9, 0x72, 0xB5, 0xC7, 0x6A, 0xFD, 0xD6, 0xB1, 0x53, 0x3C, 0x0B, 0x13, 0x65, 0x46,
    0x84, 0x51, 0x28, 0xD5, 0x1E, 0x48, 0xB9, 0x25, 0xFF, 0x65, 0xCC, 0xDB, 0x71, 0x36, 0xDC, 0xF6,
    0x39, 0x41, 0x2A, 0xCE, 0xF1, 0xD6, 0xEE, 0xAB, 0x7A, 0x96, 0xB3, 0xE3, 0xA4, 0xE1, 0xD5, 0x2C,
    0xF8, 0xB4, 0x24, 0xEE, 0x2C, 0x87, 0x72, 0xED, 0xC2, 0x0B, 0x3D, 0xCB, 0x89, 0xF8, 0xAC, 0x81,
    0x17, 0x0C, 0xED, 0x93, 0x01, 0x79, 0x75, 0x0F, 0x9F, 0x20, 0xAA, 0xA9, 0xDC, 0x62, 0xB8, 0x29,
    0xE7, 0xBB, 0x69, 0x0B, 0x9B, 0x25, 0xBC, 0x9A, 0x0B, 0xAC, 0x16, 0x7D, 0x3A, 0xCF, 0xE7, 0xF4,
    0x9D, 0xE1, 0xAF, 0xE0, 0xC9, 0xD3, 0x85, 0x1D, 0xB4, 0x20, 0x98, 0xC3, 0xBB, 0x0D, 0x40, 0xBD,
    0x3E, 0x9D, 0x49, 0x6F, 0x9D, 0xCE, 0x93, 0x27, 0x4E, 0x1D, 0xB3, 0x5A, 0x33, 0xDD, 0xCD, 0x7F,
    0xB1, 0x5D, 0x4D, 0x4E, 0xD9, 0x8E, 0x67, 0x85, 0xFC, 0xCB, 0xD8, 0xD0, 0x56, 0x2E, 0x9E, 0xFF,
    0x3D, 0x0D, 0x86, 0xBA, 0xAB, 0x5C, 0x1B, 0x87, 0xA2, 0xA0, 0x3E, 0x6F, 0x11, 0xB8, 0x62, 0xF1,
    0x11, 0x9F, 0x15, 0x90, 0x25, 0xE9, 0x1E, 0x27, 0x85, 0x04, 0xBD, 0x11, 0xCF, 0x1D, 0x30, 0xA0,
    0xDC, 0x99, 0x33, 0xB7, 0xAB, 0x36, 0xB7, 0xBF, 0x24, 0xA7, 0x93, 0x1D, 0xAE, 0x88, 0x9D, 0x70,
    0x4D, 0xEC, 0xF0, 0x33, 0x04, 0x4A, 0xDA, 0x33, 0x12, 0x9F, 0x5F, 0xB9, 0x6A, 0x0D, 0x43, 0xA2,
    0x8C, 0x85, 0xFC, 0xF4, 0x99, 0x41, 0x9C, 0xDA, 0x22, 0x12, 0xAD, 0x3E, 0xDB, 0x13, 0x54, 0xDD,
    0x70, 0x38, 0x65, 0x74, 0x97, 0xE6, 0x58, 0xE5, 0x3A, 0x0B, 0x13, 0x9F, 0xD5, 0x80, 0x5E, 0xC6,
    0x3C, 0x56, 0x2E, 0xF5, 0x9B, 0xED, 0x42, 0x2C, 0x5E, 0xB6, 0x7A, 0x6D, 0x96, 0xAF, 0x33, 0x7A,
    0xC4, 0xF2, 0x9C, 0x94, 0x7B, 0xB9, 0x47, 0x49, 0x91, 0x7E, 0x94, 0x40, 0x5D, 0x33, 0x94, 0x63,
    0xF5, 0xEE, 0xCC, 0x9E, 0x22, 0x7D, 0x73, 0x36, 0xBE, 0x9C, 0x79, 0xAB, 0x99, 0x33, 0x54, 0x94,
    0x3A, 0xF1, 0xDB, 0xB1, 0x68, 0xB4, 0x5A, 0x38, 0x7A, 0x03, 0x4A, 0x4B, 0xFB, 0x69, 0x1A, 0xD7,
    0xB2, 0x58, 0xDA, 0x52, 0xAB, 0xAE, 0xC3, 0xEA, 0x02, 0x7B, 0x7E, 0x4C, 0x7A, 0x2A, 0x62, 0x80,
    0x6A, 0x44, 0xEF, 0x34, 0x8F, 0x3A, 0x2D, 0x47, 0x5D, 0x5B, 0x56, 0xA2, 0x2C, 0x9C, 0xD8, 0xF8,
    0x9B, 0xE8, 0x67, 0xD2, 0x50, 0x46, 0x80, 0x59, 0x6F, 0x71, 0x13, 0xE5, 0xF1, 0xC8, 0xEE, 0x30,
    0x71, 0xFC, 0xA6, 0x45, 0xEA, 0x26, 0x7D, 0x03, 0x6A, 0xD8, 0xDE, 0x32, 0xD7, 0xDB, 0xBA, 0x81,
    0x8D, 0xD3, 0x13, 0x75, 0xE1, 0x55, 0x84, 0x62, 0xAC, 0x49, 0x3A, 0x19, 0x36, 0xD9, 0xEA, 0xC3,
    0x45, 0xC7, 0xA1, 0xC0, 0x6A, 0xDC, 0x57, 0x0E, 0xEE, 0xD9, 0x50, 0xE0, 0xA9, 0xCF, 0x2A, 0xC9,
    0x86, 0xB5, 0xF6, 0x49, 0xAA, 0xD8, 0x4F, 0x39, 0x5D, 0x5C, 0x77, 0x30, 0xBD, 0x7C, 0x6A, 0x51,
    0x04, 0xD1, 0xC9, 0x98, 0xED, 0xBE, 0xDA, 0x4E, 0xAC, 0x2E, 0xA9, 0x56, 0xAF, 0x6C, 0x57, 0x6B,
    0x24, 0xD9, 0x3F, 0x67, 0x36, 0xE9, 0x22, 0x8B, 0x9C, 0x9F, 0x4A, 0x51, 0x21, 0x0E, 0x79, 0x11,
    0xD3, 0x28, 0x97, 0x8C, 0x9C, 0xFE, 0x49, 0xA2, 0xE8, 0xC8, 0xAD, 0xB6, 0xAD, 0x2B, 0x5A, 0xDE,
    0x86, 0xC0, 0x84, 0x94, 0x28, 0xE2, 0x88, 0x00, 0x58, 0x29, 0xB8, 0x9D, 0xE5, 0xCA, 0x30, 0xB5,
    0xF3, 0x29, 0x63, 0x97, 0xED, 0xB8, 0x7B, 0x6E, 0x56, 0x76, 0xF0, 0x87, 0x1F, 0x3D, 0xFB, 0x6F,
    0xB2, 0x3A, 0xAD, 0xB9, 0xB6, 0xF7, 0x5F, 0xE9, 0x93, 0xDB, 0xCE, 0xDC, 0x23, 0x7E, 0xC0, 0x07,
    0x02, 0x72, 0x65, 0x1A, 0x42, 0x4A, 0xA3, 0x62, 0x7A, 0x9E, 0x5D, 0x4D, 0x21, 0x6C, 0xC8, 0xE4,
    0xCD, 0xA5, 0x72, 0x77, 0xF1, 0xDF, 0xBE, 0x03, 0x83, 0x3A, 0x58, 0xF1, 0x45, 0x53, 0xBE, 0x3D,
    0xE7, 0x79, 0x9D, 0x94, 0x72, 0xFA, 0xF0, 0xAD, 0x81, 0x72, 0x08, 0xE7, 0x05, 0x2F, 0x1A, 0xAE,
    0x3E, 0x81, 0xC0, 0x52, 0x2A, 0x2C, 0xA5, 0xCE, 0xFA, 0x93, 0x9A, 0x05, 0xDE, 0xF7, 0x72, 0xEE,
    0x49, 0x57, 0x41, 0x64, 0x70, 0x33, 0xB5, 0x1C, 0x56, 0x5B, 0x38, 0x2E, 0x6E, 0x94, 0xBB, 0x8D,
    0x43, 0xD5, 0x80, 0x5A, 0xE2, 0x40, 0x1B, 0xC5, 0x7C, 0xA5, 0x57, 0xE3, 0xBB, 0x94, 0xDA, 0x2F,
    0x90, 0x82, 0x9B, 0x69, 0x88, 0xE9, 0x0C, 0xAA, 0x15, 0x9B, 0xA9, 0xC8, 0x4F, 0xAE, 0xFD, 0x1F,
    0x63, 0xFA, 0xCB, 0xC0, 0xFF, 0xDF, 0x41, 0x8F, 0xBB, 0xC1, 0x86, 0xB9, 0x01, 0x00, 0xCD, 0x5C,
    0xBF, 0x8F, 0xE5, 0xD6, 0x75, 0xBE, 0x24, 0x81, 0xA1, 0x23, 0xDA, 0xBE, 0x29, 0x0C, 0xC4, 0xF1,
    0xC2, 0xA2, 0x0A, 0x17, 0x31, 0x02, 0x0F, 0x9B, 0x14, 0x0E, 0x32, 0x8F, 0xA4, 0xB4, 0x85, 0x0A,
    0x15, 0xF2, 0x7F, 0xE0, 0x94, 0x41, 0x12, 0x60, 0x5C, 0x18, 0x88, 0x02, 0xBC, 0xF7, 0x48, 0x49,
    0x85, 0x8A, 0x14, 0x5A, 0xE4, 0x1F, 0x90, 0x0A, 0xF5, 0x4E, 0xA1, 0x62, 0x80, 0x70, 0x96, 0xDC,
    0xDD, 0x42, 0x85, 0x0A, 0x51, 0x52, 0xE1, 0x42, 0x85, 0x29, 0x4B, 0x80, 0x02, 0x18, 0xC8, 0x72,
    0x65, 0xC2, 0xE2, 0x7A, 0xF9, 0xC8, 0x7C, 0xDF, 0xB9, 0x24, 0xDF, 0x9B, 0x99, 0x37, 0xD2, 0x5A,
    0xB3, 0x1E, 0x65, 0x16, 0x8F, 0x98, 0x9D, 0x21, 0xEF, 0x8F, 0x73, 0xCF, 0xF9, 0xCE, 0x77, 0x7E,
    0x70, 0x94, 0x7A, 0x46, 0xE1, 0xAB, 0xE3, 0x65, 0xCD, 0x8B, 0x9F, 0xE2, 0xE2, 0x96, 0xB8, 0x58,
    0xFC, 0x6E, 0xFE, 0x8A, 0x86, 0x21, 0xE5, 0x25, 0x56, 0xC9, 0x30, 0x28, 0x75, 0x3A, 0x3F, 0xD5,
    0xF2, 0xD6, 0x06, 0x17, 0xBB, 0xC6, 0xC5, 0x19, 0x86, 0xD2, 0x5C, 0xDC, 0x61, 0x28, 0x94, 0x57,
    0xE0, 0x67, 0x5A, 0x2E, 0x1C, 0xCD, 0x8F, 0x71, 0x09, 0x64, 0xB8, 0x71, 0xCC, 0x82, 0xC3, 0x15,
    0x2A, 0xE7, 0xE8, 0xCA, 0xAA, 0x0F, 0x31, 0x42, 0x93, 0x70, 0xAC, 0x85, 0x3A, 0xFF, 0x75, 0x0D,
    0x2B, 0xC0, 0x13, 0xAD, 0x67, 0x3E, 0x8D, 0xDC, 0x10, 0xE2, 0xB3, 0xC4, 0x27, 0xC3, 0x67, 0xE8,
    0xF1, 0x19, 0x0A, 0x6B, 0x18, 0x2A, 0xBB, 0xF1, 0x6A, 0xA7, 0xB6, 0x1B, 0xA7, 0xB2, 0x1A, 0xB7,
    0xB4, 0x1A, 0xAF, 0xB0, 0x6B, 0x5D, 0xB8, 0x95, 0x4E, 0x83, 0xD2, 0x7F, 0x71, 0x48, 0x03, 0xDD,
    0xAB, 0xC8, 0xAF, 0x64, 0xD9, 0x3F, 0xE3, 0xEA, 0xB8, 0x30, 0x97, 0x97, 0x20, 0x9D, 0x04, 0xFD,
    0xA3, 0x33, 0x9B, 0x4B, 0x06, 0x6C, 0x25, 0xE7, 0x05, 0xD3, 0x9B, 0x7D, 0xED, 0x6C, 0x49, 0x2E,
    0xD5, 0x74, 0x30, 0x97, 0x6E, 0x89, 0xAB, 0x55, 0x2B, 0x35, 0xAE, 0x37, 0x18, 0x36, 0xDC, 0x60,
    0x37, 0x5E, 0x94, 0x3A, 0xC6, 0xC0, 0x2E, 0xB7, 0x19, 0x50, 0x88, 0xF9, 0x2D, 0x4F, 0x59, 0xDD,
    0x34, 0xBA, 0xB7, 0x1D, 0x8E, 0xC2, 0x0D, 0xB8, 0xD9, 0x88, 0x97, 0x70, 0x1E, 0x38, 0x9C, 0xA5,
    0x16, 0x70, 0x46, 0xBF, 0x3A, 0x88, 0x95, 0xE6, 0x70, 0x8E, 0x1C, 0x5E, 0xF2, 0x50, 0xE6, 0x78,
    0x38, 0xCE, 0xE1, 0x73, 0x8E, 0xE8, 0x96, 0x3B, 0xEE, 0x76, 0x35, 0x5F, 0x12, 0x3E, 0x1C, 0x71,
    0x6F, 0x7A, 0xE0, 0x06, 0x07, 0x6E, 0x29, 0x90, 0x1D, 0x36, 0xD3, 0xAE, 0xE5, 0x82, 0x75, 0x7D,
    0x47, 0xF9, 0x35, 0x57, 0x5B, 0xF0, 0xA0, 0x94, 0x3A, 0x18, 0x3E, 0x35, 0x67, 0x26, 0x4B, 0x8B,
    0xB8, 0xBF, 0x6C, 0x54, 0x82, 0xD6, 0x3C, 0x44, 0x71, 0x71, 0x3F, 0x14, 0x16, 0x65, 0xC5, 0x6D,
    0x51, 0x52, 0x1A, 0x93, 0xFA, 0xE3, 0xF2, 0x43, 0x25, 0x8F, 0x52, 0xE2, 0x22, 0xF0, 0x51, 0xEB,
    0x22, 0x7E, 0xB7, 0x57, 0xEB, 0x46, 0x49, 0xC8, 0x7C, 0x32, 0xE1, 0x5E, 0xB5, 0xBB, 0xF4, 0x8C,
    0x44, 0x58, 0xB3, 0xEC, 0x42, 0x35, 0x8E, 0xB4, 0x3D, 0x71, 0x0A, 0x0C, 0x4F, 0xF0, 0xA2, 0x39,
    0x91, 0x52, 0xB2, 0x8C, 0xE5, 0x74, 0x90, 0xE7, 0x67, 0xE2, 0x24, 0xCE, 0x1E, 0x45, 0xC0, 0xB1,
    0x3C, 0xC3, 0x49, 0x42, 0xAB, 0x1F, 0x47, 0x8E, 0x86, 0x9A, 0x52, 0xE3, 0x0A, 0xAC, 0x81, 0xE2,
    0xE1, 0xFF, 0x1D, 0xB9, 0xFC, 0x96, 0x12, 0xFA, 0x90, 0x22, 0xBA, 0x47, 0xF9, 0xBC, 0xC6, 0xCB,
    0x0B, 0x78, 0xCE, 0xD7, 0xB8, 0x3D, 0xD0, 0x10, 0x79, 0xE8, 0x63, 0xFC, 0x55, 0xE0, 0x16, 0xAA,
    0x0B, 0x71, 0x69, 0x8F, 0x5C, 0x68, 0xF9, 0x92, 0x6A, 0x7E, 0xA2, 0xE3, 0xA0, 0x84, 0x99, 0xE6,
    0x29, 0x36, 0xB2, 0xB6, 0xA0, 0xB0, 0xBF, 0xB4, 0x86, 0x5B, 0xDC, 0x25, 0xE6, 0x38, 0x54, 0x18,
    0x7E, 0xC1, 0x95, 0x1E, 0x71, 0xA5, 0x4B, 0xAE, 0xF4, 0x04, 0xCF, 0xAB, 0x86, 0xCB, 0x1D, 0xF0,
    0x04, 0x2C, 0x68, 0x88, 0x6D, 0x5C, 0x0A, 0xA7, 0xC2, 0x1C, 0x4E, 0x89, 0x39, 0xDC, 0x62, 0xE1,
    0x16, 0x5E, 0x81, 0x39, 0x74, 0xBA, 0xD4, 0xA9, 0x8E, 0x31, 0x07, 0x86, 0x4B, 0xA0, 0xD8, 0x78,
    0x22, 0xE4, 0x1C, 0x0B, 0xCE, 0x01, 0x5D, 0xAB, 0xF9, 0x81, 0xC8, 0xAA, 0xD9, 0x42, 0x57, 0xA3,
    0xA0, 0xFA, 0xD9, 0x42, 0x61, 0x9B, 0x2E, 0x2C, 0x14, 0xFF, 0x2A, 0xBB, 0x76, 0x4B, 0xA7, 0xC6,
    0x34, 0x15, 0x96, 0x5E, 0xEA, 0xD4, 0x2B, 0xFC, 0x58, 0x17, 0x01, 0x44, 0x16, 0x19, 0xD3, 0xF9,
    0x96, 0x9A, 0xEC, 0xE7, 0x36, 0x45, 0x4C, 0x61, 0x7B, 0x94, 0xAE, 0x73, 0x56, 0x0F, 0x68, 0xBF,
    0xA1, 0xF2, 0x0B, 0x1C, 0x0E, 0x00, 0x6A, 0x49, 0xD3, 0xC9, 0x68, 0xD2, 0x2D, 0x4D, 0xBA, 0xC1,
    0xA3, 0xD6, 0x1F, 0xDA, 0x51, 0x9D, 0x1D, 0xDA, 0x83, 0x73, 0x1F, 0xDB, 0x75, 0xDF, 0xC1, 0x1D,
    0xDE, 0x9D, 0x96, 0xC7, 0xB4, 0x51, 0x32, 0x27, 0x26, 0xC5, 0x41, 0x05, 0x3C, 0xB7, 0x88, 0x13,
    0x85, 0x54, 0x9D, 0x95, 0x39, 0xDA, 0x6F, 0x6D, 0x4D, 0x2C, 0x9D, 0x96, 0x21, 0xBF, 0x50, 0xB7,
    0x76, 0xD7, 0x22, 0x8F, 0x2C, 0x94, 0xAE, 0xA0, 0x23, 0x41, 0x89, 0xAD, 0x27, 0x38, 0x1E, 0xEB,
    0x51, 0xA1, 0x1A, 0xE7, 0xA3, 0xC2, 0xAA, 0xF5, 0xEB, 0xA9, 0x5D, 0x07, 0x3A, 0x76, 0xAA, 0xA5,
    0x0F, 0x45, 0x69, 0x02, 0xE5, 0xDE, 0xAD, 0x42, 0xE5, 0xBD, 0x53, 0xE0, 0x99, 0xD7, 0xE3, 0xA5,
    0xD2, 0x6B, 0x3C, 0xE3, 0x67, 0xD0, 0x2B, 0xD8, 0x1D, 0x80, 0xAE, 0x04, 0x3E, 0x45, 0x38, 0x5C,
    0x6C, 0x0C, 0x47, 0x76, 0x6A, 0x94, 0xEB, 0x97, 0x0E, 0x96, 0x90, 0x51, 0xB1, 0x22, 0xDA, 0xA9,
    0xD7, 0x5C, 0x30, 0x8D, 0x8C, 0xB6, 0x9D, 0xD1, 0x1A, 0x56, 0x54, 0x4F, 0x59, 0x55, 0x48, 0xA5,
    0xA4, 0x70, 0xA1, 0x0C, 0x01, 0x95, 0x7F, 0xC5, 0x5D, 0x43, 0x56, 0xDE, 0xDD, 0x9A, 0x0A, 0x57,
    0x8D, 0x82, 0xB1, 0xA9, 0x94, 0x56, 0x3F, 0x19, 0x93, 0x58, 0x8F, 0x8F, 0x69, 0x5F, 0xA0, 0xE8,
    0x7E, 0x45, 0x43, 0xCB, 0xAB, 0x79, 0xAB, 0x2B, 0x2E, 0x2B, 0xA3, 0x61, 0x75, 0x1C, 0xBE, 0x85,
    0xEC, 0x30, 0x9F, 0xC6, 0x2E, 0x21, 0x4C, 0xFC, 0x3E, 0xE0, 0xEF, 0x23, 0xFE, 0x5E, 0xA6, 0x5F,
    0x51, 0xB6, 0x19, 0xD7, 0xD0, 0xD1, 0xFA, 0x5A, 0x2C, 0x05, 0xB7, 0x07, 0xCA, 0x1E, 0xD7, 0x08,
    0x93, 0xAE, 0x09, 0xFA, 0x15, 0x41, 0xBF, 0xDC, 0xB1, 0xCB, 0x73, 0x26, 0x87, 0x55, 0xCA, 0xDA,
    0x78, 0xF1, 0xB8, 0x24, 0x9F, 0x76, 0xB9, 0xE0, 0x9D, 0x19, 0x2F, 0x84, 0x0C, 0x08, 0x9A, 0x16,
    0xCF, 0xAD, 0x42, 0xA7, 0xCC, 0xA6, 0x43, 0x5E, 0x96, 0xB4, 0x79, 0xE8, 0xB8, 0xA2, 0xA2, 0xC7,
    0x0E, 0x2F, 0x38, 0x4E, 0xAA, 0x9E, 0x51, 0x00, 0x3F, 0x0E, 0x05, 0xBA, 0xC5, 0xA1, 0x09, 0xC8,
    0x5C, 0xEA, 0xD5, 0x88, 0x09, 0x0E, 0x97, 0xEB, 0xD0, 0x37, 0xB8, 0xE5, 0x81, 0x48, 0xA1, 0x9B,
    0x77, 0x99, 0x71, 0x9C, 0x8E, 0x52, 0x68, 0x31, 0xF7, 0x71, 0x3D, 0x79, 0x35, 0x3C, 0x76, 0x4C,
    0xB3, 0xC4, 0xFF, 0xAB, 0x19, 0x74, 0x64, 0x8E, 0x5C, 0xC9, 0xFD, 0x54, 0x00, 0x73, 0x72, 0x76,
    0x8D, 0x41, 0x69, 0x57, 0x06, 0xCC, 0x5D, 0x7E, 0xE7, 0x15, 0x07, 0xED, 0x38, 0x11, 0xE7, 0xD0,
    0x9C, 0xC3, 0xA7, 0x7D, 0x1C, 0x12, 0x95, 0x23, 0x8A, 0x6E, 0x5C, 0xF7, 0x9B, 0xD7, 0xE5, 0xC1,
    0x3C, 0xFE, 0x40, 0xF3, 0x7B, 0x9F, 0x97, 0x20, 0x6E, 0x79, 0x7A, 0x98, 0x25, 0xA2, 0x87, 0x5D,
    0x73, 0xAA, 0x8E, 0xB3, 0x74, 0xD0, 0x60, 0x78, 0xE6, 0x42, 0xD1, 0xF0, 0x15, 0xFD, 0x32, 0x66,
    0xC3, 0x2C, 0x7E, 0x1A, 0xF0, 0x81, 0x88, 0x32, 0x08, 0xE9, 0xFD, 0x56, 0xDC, 0xEF, 0x86, 0xFB,
    0x1D, 0x08, 0xC0, 0x43, 0xAC, 0xF1, 0xFB, 0xF8, 0x69, 0xDE, 0xB4, 0xA0, 0x76, 0x1F, 0x71, 0x21,
    0xA2, 0xE2, 0xD7, 0x42, 0x80, 0x74, 0x9A, 0x79, 0x7C, 0xA6, 0xC5, 0xCD, 0x6E, 0x41, 0xFD, 0x72,
    0xEE, 0xD4, 0x50, 0x4A, 0xE7, 0x83, 0x9A, 0xE8, 0xFD, 0x09, 0x41, 0xDB, 0xFA, 0xE4, 0xD7, 0x1C,
    0xEE, 0x8B, 0xDF, 0x70, 0xA8, 0x47, 0x54, 0x4B, 0x95, 0xB7, 0xA2, 0x26, 0xBC, 0xBA, 0xBF, 0xA1,
    0x0E, 0xFB, 0xC7, 0x46, 0x53, 0x39, 0x53, 0xB7, 0xF0, 0xE9, 0xD9, 0x96, 0x9A, 0x4E, 0x23, 0xC3,
    0x29, 0x6A, 0x19, 0x1E, 0xE0, 0x8A, 0x6B, 0x08, 0xB4, 0x48, 0xC7, 0x11, 0x34, 0xF7, 0xA6, 0xB9,
    0x98, 0xEF, 0x00, 0xDE, 0x27, 0xF8, 0x91, 0x0D, 0x90, 0x14, 0x5A, 0xE2, 0xA3, 0xE4, 0xBE, 0x92,
    0x17, 0xCE, 0x76, 0xB0, 0x39, 0x4B, 0x0C, 0xE4, 0xBB, 0x8D, 0xFA, 0x6E, 0xEC, 0x75, 0x74, 0xDB,
    0x8D, 0xF1, 0xDD, 0xF6, 0xF0, 0xF0, 0xBA, 0x40, 0xEB, 0x9F, 0x08, 0x5A, 0x4B, 0xAE, 0xD9, 0x80,
    0x56, 0x7B, 0x01, 0xB4, 0xAE, 0x63, 0x19, 0xD7, 0xE2, 0x2B, 0x46, 0xBB, 0x68, 0x69, 0x79, 0x50,
    0x8E, 0x53, 0x5A, 0x40, 0x37, 0x59, 0x80, 0xD5, 0x60, 0x1D, 0xF0, 0x7C, 0x67, 0x2D, 0x40, 0x0E,
    0xDF, 0xA7, 0xDD, 0x40, 0x31, 0x12, 0x9E, 0xD6, 0x06, 0x2B, 0x74, 0x68, 0x06, 0xB0, 0xE8, 0x4C,
    0xE5, 0x04, 0xD8, 0x84, 0x88, 0xF9, 0x92, 0x68, 0x34, 0xE9, 0xAD, 0xF2, 0x2A, 0xCC, 0xA9, 0x2B,
    0x0F, 0x58, 0x5B, 0xEB, 0x5A, 0x1D, 0xD6, 0x61, 0xAD, 0x8E, 0xEA, 0x7F, 0x87, 0xFC, 0xEA, 0xCF,
    0x4B, 0x75, 0xF2, 0xF9, 0x27, 0xA5, 0x6A, 0xBE, 0xB8, 0x07, 0xD1, 0xE5, 0xCF, 0x43, 0x0C, 0xB7,
    0xE9, 0xCF, 0x33, 0x2F, 0x75, 0x0A, 0x00, 0x86, 0xC7, 0x8B, 0xE8, 0x9A, 0xE6, 0x2E, 0xFC, 0x11,
    0x1A, 0x17, 0x9C, 0x79, 0x45, 0x33, 0xCF, 0x1E, 0x1F, 0xE0, 0x69, 0xA1, 0xB8, 0xF4, 0x34, 0xAB,
    0x0D, 0x6F, 0x5A, 0xCE, 0xF8, 0xD7, 0xD2, 0xAC, 0x08, 0xF0, 0x3C, 0x0A, 0x0A, 0x27, 0xE4, 0x70,
    0x4B, 0x1E, 0x05, 0xC6, 0x84, 0x64, 0xAD, 0x1C, 0xBB, 0x27, 0xA3, 0x87, 0xC8, 0x86, 0x67, 0x7B,
    0x40, 0xD8, 0x9A, 0x6E, 0x00, 0x83, 0x44, 0x78, 0x3C, 0xC2, 0xD3, 0xB4, 0x14, 0x02, 0xFB, 0x12,
    0x9F, 0x0E, 0x0B, 0x6B, 0x29, 0xE4, 0x15, 0xE4, 0x06, 0x8E, 0x50, 0x44, 0x69, 0x9E, 0x92, 0x10,
    0x53, 0xE7, 0xAD, 0x41, 0x1C, 0xE2, 0x19, 0x07, 0xD2, 0x71, 0x12, 0x2E, 0xDC, 0x6A, 0xB9, 0x66,
    0x2C, 0x9C, 0x6B, 0xF6, 0xD5, 0xE4, 0x99, 0x42, 0x6E, 0x6C, 0xF1, 0x15, 0x6B, 0x5E, 0x9C, 0x5B,
    0xF3, 0x0D, 0x62, 0xF6, 0x08, 0x80, 0x03, 0xC5, 0x94, 0xA4, 0xB3, 0x63, 0x1B, 0x31, 0x99, 0x63,
    0x58, 0x8D, 0x3C, 0x0E, 0x43, 0x14, 0xE7, 0x30, 0x02, 0xCF, 0x43, 0xF5, 0x15, 0xC0, 0x13, 0x1A,
    0x63, 0x60, 0x44, 0xE0, 0xCC, 0x6C, 0x3D, 0x29, 0x5D, 0x65, 0x6D, 0x26, 0x22, 0xEE, 0x56, 0xD3,
    0x00, 0x12, 0x12, 0xEE, 0x80, 0xD6, 0x9E, 0x88, 0x20, 0xDA, 0x1B, 0x11, 0xB4, 0x74, 0x08, 0x43,
    0x83, 0x4F, 0x3D, 0x50, 0x64, 0xC1, 0x96, 0x81, 0xCF, 0x9C, 0xED, 0x71, 0xC8, 0x7B, 0x6A, 0xD6,
    0x1F, 0x5C, 0x17, 0xE9, 0x10, 0xBA, 0x7E, 0x48, 0xE6, 0x7C, 0x0B, 0xD2, 0x6F, 0xC0, 0x27, 0x3B,
    0x67, 0x73, 0xBA, 0xD1, 0x55, 0xB3, 0xF6, 0x5F, 0xAE, 0xC3, 0xC0, 0xAE, 0xC3, 0xC8, 0xA9, 0x16,
    0xA1, 0x53, 0x2C, 0x43, 0xAF, 0xE8, 0x22, 0xFD, 0x6A, 0x13, 0xBD, 0xF1, 0xF3, 0x0A, 0x42, 0x2C,
    0x3C, 0xE8, 0x89, 0xC5, 0xA3, 0x23, 0x00, 0x1F, 0x8D, 0x94, 0x02, 0x9B, 0x58, 0x13, 0x4E, 0x89,
    0x03, 0x6E, 0x25, 0x5B, 0xAC, 0xB9, 0x31, 0xBB, 0x61, 0x24, 0x65, 0x75, 0x12, 0x21, 0x6D, 0x04,
    0xAB, 0x72, 0x61, 0x7B, 0x51, 0x31, 0x0B, 0x55, 0x09, 0x7B, 0xB7, 0x07, 0xFE, 0xC4, 0xFD, 0x8C,
    0x18, 0xE7, 0xDF, 0xE3, 0x22, 0x23, 0x01, 0x81, 0x4E, 0xCC, 0xB4, 0xA1, 0x04, 0xBD, 0x8A, 0x9B,
    0xF2, 0xE9, 0xAA, 0x09, 0x3A, 0x6B, 0x91, 0x33, 0xC4, 0xB8, 0xA2, 0x70, 0x2E, 0x28, 0x4D, 0x40,
    0x69, 0x47, 0x46, 0x78, 0x90, 0xF7, 0x8A, 0x77, 0x66, 0x33, 0xAD, 0xA0, 0x1E, 0xD3, 0x00, 0x63,
    0xFB, 0x82, 0x1E, 0x47, 0x84, 0xF5, 0x84, 0xA7, 0xC9, 0x63, 0x3D, 0x13, 0x8E, 0x50, 0x6D, 0x67,
    0xBD, 0x23, 0xFB, 0xC2, 0xA1, 0xB5, 0x24, 0x18, 0xD4, 0x50, 0x1E, 0x14, 0xCD, 0x9C, 0x56, 0xCE,
    0x89, 0x4E, 0x71, 0x53, 0x1E, 0xFB, 0x29, 0x86, 0x8A, 0xE1, 0x25, 0x4C, 0x0C, 0x24, 0x9A, 0xB1,
    0xD8, 0x89, 0xB9, 0x29, 0x93, 0xC6, 0xC4, 0xCF, 0x0B, 0xAE, 0x78, 0x69, 0x80, 0x02, 0xD3, 0xB5,
    0x9C, 0xAE, 0xA1, 0xD1, 0xD5, 0x06, 0x28, 0x88, 0xD9, 0x5C, 0x6C, 0x99, 0x05, 0xF4, 0x9D, 0xD0,
    0x89, 0x3B, 0x08, 0xE7, 0xF4, 0x2B, 0xF0, 0x9F, 0xFA, 0x26, 0xA6, 0xD5, 0x4E, 0x89, 0xBD, 0xE3,
    0x37, 0xEA, 0x10, 0xBF, 0x51, 0x0B, 0xFC, 0x86, 0x9B, 0xA9, 0xB8, 0x99, 0x92, 0x9B, 0x29, 0x38,
    0x07, 0x46, 0x5E, 0x72, 0xE4, 0x6C, 0xC4, 0xA1, 0x54, 0x51, 0x0C, 0x16, 0xC5, 0x60, 0xCF, 0x62,
    0xC0, 0x48, 0x0B, 0xCE, 0xB1, 0xE4, 0x1C, 0x18, 0xF9, 0x95, 0x0A, 0x77, 0xDE, 0x2C, 0x71, 0xA7,
    0x8B, 0x91, 0x7D, 0x6A, 0xDD, 0xA1, 0x7E, 0xB5, 0xC2, 0x1C, 0x37, 0xFF, 0x04, 0x81, 0x31, 0xF8,
    0x82, 0x0E, 0xFA, 0xDD, 0xC5, 0xBD, 0xDB, 0xC6, 0xB4, 0xF9, 0x41, 0x0C, 0x13, 0x20, 0x50, 0xF2,
    0x18, 0xC9, 0x94, 0x84, 0x58, 0x5F, 0x98, 0x67, 0x90, 0x86, 0x56, 0x2E, 0x1C, 0x2F, 0xC7, 0x74,
    0xC7, 0x7D, 0x2C, 0x96, 0x26, 0x48, 0xBB, 0xA4, 0x44, 0x33, 0x8A, 0xB4, 0xE5, 0xB8, 0x54, 0x16,
    0x8B, 0xAE, 0xCB, 0xAE, 0xA1, 0xA8, 0x88, 0x8F, 0xA0, 0xDC, 0xA5, 0x33, 0x6C, 0x5C, 0x44, 0x48,
    0x40, 0x6F, 0xB7, 0x88, 0x18, 0x23, 0x45, 0x04, 0xEE, 0x90, 0xC0, 0x1D, 0x12, 0xB8, 0x3B, 0x00,
    0xB7, 0x8B, 0x4D, 0x23, 0xA0, 0x5C, 0xE2, 0x52, 0x64, 0x2A, 0x78, 0xA8, 0xDA, 0x2F, 0xB7, 0xE6,
    0xA1, 0x8F, 0xC7, 0x68, 0xAD, 0x73, 0xAB, 0x83, 0x0D, 0xF6, 0xB9, 0xC6, 0x36, 0x43, 0xB2, 0x0E,
    0x28, 0xC6, 0x29, 0x14, 0xA3, 0x03, 0xBA, 0x36, 0x3C, 0x03, 0x2A, 0xC1, 0xF1, 0xF0, 0x16, 0x2D,
    0x4E, 0xE0, 0xB5, 0x19, 0xE9, 0xEA, 0x8F, 0xC9, 0x54, 0xC7, 0x7C, 0x83, 0xC4, 0xD1, 0x82, 0x65,
    0xF4, 0x65, 0x04, 0x98, 0x89, 0xB0, 0x9C, 0x65, 0x8F, 0x24, 0x66, 0x92, 0xD7, 0x80, 0xC7, 0xFA,
    0x6B, 0x60, 0xDA, 0xC4, 0xB0, 0x3B, 0x63, 0xCF, 0xC2, 0xD1, 0x53, 0x15, 0x58, 0x38, 0x8B, 0xD0,
    0x1D, 0xA8, 0x08, 0x1F, 0x37, 0x6A, 0x19, 0xA4, 0x8D, 0xCA, 0x48, 0x25, 0x81, 0xFC, 0x8D, 0x6A,
    0x60, 0x57, 0xD6, 0xD0, 0x59, 0xB5, 0x3D, 0x34, 0x36, 0x76, 0x80, 0x30, 0xD2, 0xF9, 0x18, 0x17,
    0xF7, 0x03, 0x78, 0x53, 0xEF, 0x1E, 0x8C, 0x57, 0xDF, 0xAB, 0xFC, 0x14, 0x67, 0x8C, 0x1D, 0xDC,
    0xAC, 0x7B, 0x15, 0x40, 0x8A, 0x10, 0x06, 0xC7, 0x34, 0x09, 0x8E, 0x03, 0xE3, 0x98, 0x3B, 0xD2,
    0x7F, 0xB0, 0xE8, 0x87, 0xB4, 0xA6, 0xC2, 0x68, 0x90, 0xD8, 0xDD, 0x18, 0xAF, 0x44, 0x3C, 0xFE,
    0xA8, 0x64, 0x50, 0xC0, 0x1D, 0x79, 0x5C, 0xAA, 0x23, 0xD9, 0x00, 0x86, 0x14, 0x01, 0x63, 0x84,
    0x35, 0x81, 0x8E, 0x27, 0x87, 0x07, 0x47, 0xE3, 0x0C, 0x68, 0xC1, 0x02, 0x33, 0x01, 0x16, 0x09,
    0xFD, 0x72, 0x7B, 0x30, 0x17, 0x44, 0xBA, 0x41, 0xEA, 0x94, 0x18, 0xB7, 0xA0, 0xA3, 0xA0, 0x9B,
    0x21, 0x6B, 0x3F, 0xC5, 0xED, 0xC9, 0xB3, 0x43, 0x4C, 0x31, 0xF8, 0xC3, 0xFD, 0xF4, 0xA0, 0x7F,
    0x91, 0x6C, 0xEE, 0x9F, 0x81, 0x35, 0xBD, 0x22, 0x5C, 0x45, 0x7F, 0xFC, 0x19, 0x41, 0x86, 0x81,
    0x2F, 0x55, 0xD3, 0xFB, 0xA8, 0xA5, 0x50, 0xB9, 0xA0, 0x22, 0xA8, 0xE0, 0xFD, 0xB0, 0x96, 0x95,
    0x18, 0xAD, 0xF9, 0xD0, 0xD1, 0x71, 0x1D, 0x60, 0x78, 0x80, 0xD8, 0x44, 0xDD, 0xB6, 0x7B, 0xD9,
    0x68, 0x80, 0xE5, 0xB8, 0xBD, 0x32, 0x67, 0x18, 0x40, 0x12, 0xBD, 0xD5, 0x62, 0xDD, 0x1D, 0x96,
    0xDD, 0x42, 0x72, 0x8C, 0xD8, 0x81, 0x8E, 0x43, 0x81, 0x28, 0xBC, 0xA6, 0xC1, 0xFA, 0x31, 0x63,
    0x27, 0xA7, 0x86, 0x04, 0x4B, 0x72, 0xEB, 0x1B, 0xC3, 0xFF, 0xC0, 0x21, 0x49, 0x76, 0xA0, 0xB0,
    0x6E, 0x79, 0xD5, 0xD6, 0x17, 0x80, 0x47, 0x1D, 0x0C, 0x31, 0x13, 0x18, 0x1A, 0x8E, 0x2D, 0x4A,
    0xB7, 0x2A, 0x17, 0xC5, 0x3F, 0x90, 0x54, 0xD5, 0x01, 0x9F, 0xCD, 0x3F, 0x9D, 0x72, 0x74, 0xB8,
    0x83, 0x04, 0x96, 0xCF, 0x13, 0x25, 0x49, 0x62, 0x7A, 0xDA, 0x60, 0xCB, 0xC3, 0x70, 0x5B, 0xBB,
    0xD5, 0xE0, 0x2C, 0x3E, 0x10, 0x8E, 0xEE, 0x77, 0x02, 0x27, 0xA0, 0x1B, 0x88, 0x9E, 0xC6, 0x7E,
    0x83, 0x34, 0x4A, 0xB9, 0x7F, 0xD0, 0x0C, 0xCC, 0x29, 0x1E, 0xFF, 0x40, 0x68, 0x3F, 0x6C, 0x65,
    0x68, 0xBC, 0x87, 0x76, 0x0B, 0xA7, 0xD1, 0x46, 0xB1, 0xDD, 0x30, 0xDA, 0x22, 0x7C, 0xE4, 0x98,
    0x37, 0xEF, 0x6F, 0x89, 0x09, 0x24, 0xF1, 0x81, 0xA8, 0x1C, 0x15, 0xD3, 0xE2, 0x9A, 0x5A, 0x07,
    0xE7, 0xB1, 0x71, 0xEE, 0x6E, 0x60, 0x42, 0xAF, 0x95, 0x4A, 0x7B, 0x90, 0xBF, 0xD6, 0xA0, 0xE3,
    0x5A, 0x3F, 0x4D, 0x22, 0xBD, 0x19, 0xA3, 0x99, 0x1F, 0x1E, 0xC1, 0x5F, 0x1C, 0xC9, 0xE5, 0x25,
    0x5C, 0xDE, 0x7E, 0xFB, 0x08, 0x2B, 0x6B, 0x60, 0x73, 0x65, 0x1D, 0x14, 0x08, 0x70, 0xBC, 0x54,
    0xDD, 0x80, 0x5D, 0x13, 0xB2, 0x08, 0x29, 0xA5, 0x33, 0x82, 0x83, 0x4B, 0x08, 0x8B, 0x61, 0xF7,
    0x4A, 0x44, 0x25, 0xA8, 0xE2, 0x95, 0x7F, 0xAF, 0x8E, 0x0B, 0x9A, 0x15, 0xD9, 0xD2, 0x0D, 0x26,
    0x4E, 0xE0, 0x1E, 0xA0, 0x70, 0x2D, 0x00, 0xB3, 0xA1, 0x26, 0x92, 0xA3, 0x00, 0x28, 0x4B, 0x6A,
    0x20, 0xB7, 0x8D, 0x4F, 0x1A, 0xD2, 0xDC, 0xA1, 0x2E, 0xD1, 0xA8, 0x2E, 0x1A, 0xEA, 0x62, 0x53,
    0x5D, 0x9E, 0x52, 0x6F, 0x2A, 0xFD, 0x5C, 0x2D, 0xD4, 0xDF, 0xEE, 0xCF, 0xF0, 0xE9, 0xAB, 0x8C,
    0x8B, 0x83, 0xD9, 0xC0, 0xBC, 0x1A, 0xA7, 0xF6, 0x4B, 0xA7, 0xCA, 0x95, 0xFB, 0x6B, 0x98, 0xCA,
    0xFD, 0x52, 0x12, 0x83, 0xFC, 0xF8, 0x3F, 0x87, 0x5B, 0x07, 0x6F, 0x8E, 0x6C, 0x06, 0xB6, 0x1B,
    0x1C, 0x79, 0x04, 0x11, 0x53, 0xED, 0x7C, 0x49, 0x25, 0x8D, 0x17, 0x4B, 0x28, 0x07, 0x66, 0x56,
    0x8E, 0x44, 0xE3, 0x30, 0x4A, 0x99, 0x18, 0x77, 0xAD, 0xA8, 0x23, 0x38, 0x95, 0x1C, 0xA6, 0x03,
    0x50, 0x80, 0x03, 0x68, 0x30, 0x69, 0x0E, 0x53, 0x51, 0x39, 0x49, 0xDA, 0x5B, 0xA2, 0x60, 0x91,
    0x31, 0x4A, 0xC4, 0x04, 0xF0, 0x48, 0x90, 0x6E, 0x1C, 0x95, 0x6A, 0x48, 0xF3, 0xC2, 0x7E, 0xF4,
    0xF2, 0x17, 0x85, 0xF3, 0xD9, 0xBD, 0x8F, 0x0A, 0xE7, 0xC3, 0x77, 0xFF, 0x23, 0xF5, 0xEE, 0xBD,
    0xA7, 0x61, 0xF3, 0x3D, 0xA0, 0xF1, 0x66, 0xE7, 0x2B, 0xDF, 0x81, 0xFE, 0x48, 0x3C, 0x19, 0x52,
    0x23, 0x57, 0xCA, 0x30, 0xDA, 0x80, 0x28, 0x18, 0x11, 0x06, 0x43, 0x6A, 0x9E, 0xB0, 0xF5, 0xD1,
    0x78, 0x4D, 0xFC, 0xCE, 0xC3, 0xF3, 0xE8, 0x0A, 0x04, 0x10, 0x74, 0x4A, 0xB7, 0x15, 0x43, 0x84,
    0x81, 0x60, 0x01, 0x2D, 0x3C, 0x14, 0x9C, 0xA3, 0x31, 0x25, 0x43, 0x69, 0x33, 0xDB, 0xF5, 0xD0,
    0x6D, 0x74, 0x69, 0xB5, 0xF0, 0xEE, 0x2D, 0x87, 0xE6, 0xC8, 0x0B, 0x71, 0xA8, 0x6E, 0xBD, 0x56,
    0xBA, 0x8C, 0xE2, 0x3C, 0x25, 0x4D, 0x24, 0x43, 0xB5, 0xA9, 0xAF, 0xFF, 0xD2, 0x13, 0x78, 0x0A,
    0xC1, 0xDF, 0x1A, 0xB6, 0x87, 0x0D, 0x83, 0x7E, 0x98, 0x03, 0xC2, 0xC7, 0x4F, 0x29, 0x29, 0xA7,
    0x22, 0x56, 0x90, 0x3C, 0xAD, 0x04, 0x2B, 0xFC, 0x58, 0x92, 0x02, 0x07, 0x67, 0x99, 0x67, 0x44,
    0x40, 0x5B, 0x19, 0x62, 0x61, 0x52, 0x2A, 0xF4, 0x89, 0x7E, 0x6C, 0x8D, 0xFC, 0x61, 0x8D, 0x71,
    0x6C, 0x50, 0xE0, 0xD2, 0x97, 0x6D, 0x95, 0x13, 0x2C, 0x7F, 0xBA, 0x9F, 0x74, 0x4A, 0x70, 0x2F,
    0x73, 0x18, 0x7B, 0x6C, 0xDC, 0x8D, 0xFA, 0x85, 0xAE, 0x0C, 0xDB, 0xD9, 0x75, 0x25, 0xD9, 0x88,
    0xE5, 0x49, 0x7A, 0x20, 0x09, 0x6B, 0x63, 0x4F, 0xA4, 0x94, 0x1F, 0x08, 0xAA, 0xC2, 0x1B, 0x56,
    0x9B, 0x80, 0xBE, 0xD8, 0xC7, 0x2E, 0x5A, 0x4A, 0xAF, 0x39, 0x54, 0xFA, 0x65, 0x3A, 0xFD, 0xE7,
    0xAA, 0x23, 0x1C, 0x4F, 0xB9, 0xE4, 0xE4, 0x27, 0x1C, 0xB5, 0xA1, 0x0F, 0x24, 0x7D, 0xB0, 0x78,
    0x18, 0x10, 0x7B, 0x6B, 0x90, 0x25, 0xB6, 0xC8, 0x87, 0xA6, 0x30, 0x43, 0xA7, 0x38, 0x06, 0x60,
    0x7B, 0x61, 0xB2, 0x05, 0xF0, 0x82, 0x24, 0xA2, 0x2B, 0x2A, 0x39, 0xEC, 0xD3, 0x79, 0x40, 0xAF,
    0xF6, 0x7B, 0x86, 0xE0, 0xC2, 0xC6, 0xC4, 0xEF, 0x0C, 0x13, 0x99, 0x04, 0xED, 0x57, 0x7F, 0xE9,
    0x4B, 0x9E, 0x85, 0xD4, 0x97, 0x46, 0x12, 0x18, 0x32, 0xE9, 0xC5, 0xDB, 0xFC, 0x73, 0x70, 0x8E,
    0xE3, 0x2C, 0x69, 0xFB, 0xB1, 0x65, 0x12, 0x9A, 0xAD, 0xFF, 0xF1, 0xE7, 0x5D, 0xF4, 0x5C, 0x7D,
    0xBA, 0x76, 0xAA, 0x55, 0xE6, 0x14, 0x8B, 0x0E, 0x48, 0xDE, 0x7A, 0x69, 0xD6, 0xE9, 0xB8, 0xEB,
    0xA0, 0x6E, 0xF9, 0xB1, 0x5F, 0x33, 0x65, 0xE0, 0x0F, 0x3C, 0xDE, 0xCA, 0x0C, 0x71, 0x62, 0x68,
    0x02, 0xB3, 0xAE, 0x52, 0x66, 0x48, 0x18, 0x28, 0x06, 0x8C, 0x1B, 0x75, 0x41, 0xD6, 0xF9, 0x3E,
    0x71, 0x9D, 0xAB, 0x36, 0x1C, 0x52, 0x16, 0xDC, 0x4B, 0xA2, 0x82, 0xAE, 0xF4, 0x3E, 0x89, 0xC2,
    0x8B, 0xF8, 0xC5, 0x06, 0x5B, 0xA7, 0x25, 0x42, 0x9B, 0xB0, 0x95, 0x88, 0x41, 0xA0, 0x53, 0xDA,
    0x97, 0xE6, 0x4D, 0x19, 0xC8, 0xD1, 0x1C, 0x57, 0xA2, 0xF9, 0x6B, 0x15, 0x3D, 0x37, 0x50, 0x03,
    0x4B, 0x78, 0x98, 0xE2, 0xA0, 0x9F, 0x58, 0xFB, 0x76, 0xDB, 0x13, 0xDA, 0x8F, 0x5A, 0x57, 0x8E,
    0x5A, 0x27, 0x9A, 0x97, 0xE0, 0xB7, 0x91, 0x24, 0x60, 0xF2, 0xBD, 0x74, 0x02, 0x5C, 0x49, 0xC7,
    0x40, 0x35, 0x7F, 0xA6, 0xF9, 0x30, 0x90, 0x67, 0x6B, 0x1E, 0x71, 0x85, 0x23, 0x26, 0xAF, 0x5B,
    0x90, 0xD7, 0x1D, 0x79, 0x2F, 0xE3, 0x88, 0xB5, 0x5C, 0x00, 0x56, 0xAB, 0xE0, 0xB5, 0xDA, 0x10,
    0x2F, 0x89, 0xD7, 0xFC, 0xDF, 0xB6, 0x6F, 0x7E, 0xDD, 0xA1, 0x96, 0xC1, 0x6B, 0x2D, 0x87, 0x62,
    0xD1, 0x61, 0x38, 0xE5, 0x50, 0x73, 0x8E, 0x6A, 0x9B, 0x03, 0x62, 0x36, 0xA0, 0x35, 0xA5, 0x8D,
    0x64, 0xF4, 0x3C, 0xD4, 0x31, 0xC7, 0xD8, 0x3C, 0x98, 0x5A, 0x50, 0x50, 0x8A, 0xE4, 0x6C, 0x81,
    0xE8, 0x16, 0x81, 0x31, 0x1F, 0x7D, 0xE7, 0x2D, 0xB5, 0xA3, 0x97, 0x0D, 0xD6, 0x89, 0xB3, 0x74,
    0x21, 0x7F, 0xDC, 0xE8, 0x0C, 0x38, 0x01, 0x8C, 0x02, 0xED, 0x2C, 0x4E, 0x7D, 0x3C, 0x1D, 0x72,
    0xE1, 0x21, 0x9E, 0x8F, 0x11, 0xB2, 0xFA, 0x2A, 0x5B, 0x81, 0x7E, 0xB4, 0x19, 0xB3, 0x7C, 0x1D,
    0x3D, 0x44, 0x7B, 0x36, 0xA0, 0xAA, 0x0C, 0xD9, 0x74, 0xC5, 0x9D, 0xC1, 0xFD, 0xA6, 0xBA, 0x22,
    0x46, 0xFB, 0xF3, 0x61, 0x78, 0x25, 0x83, 0x4B, 0xA6, 0x0B, 0xFF, 0x96, 0x3A, 0x75, 0x4C, 0x08,
    0x19, 0x52, 0x7C, 0x4A, 0xEB, 0xD6, 0x8D, 0xDA, 0x68, 0x36, 0x41, 0x13, 0xB0, 0x25, 0x04, 0xD6,
    0x31, 0x3E, 0x07, 0xE8, 0xFA, 0x77, 0xF0, 0x8D, 0x7C, 0x8E, 0xBF, 0x0A, 0xE0, 0x9A, 0xAC, 0xC6,
    0x6D, 0x99, 0x11, 0xED, 0x71, 0x4F, 0x02, 0xFB, 0x2C, 0x37, 0x41, 0xEC, 0xDE, 0x69, 0xB1, 0xE3,
    0xBB, 0x40, 0x67, 0x3D, 0x54, 0x3E, 0x3D, 0x48, 0xC0, 0x4B, 0x44, 0x2A, 0x4E, 0x52, 0x09, 0x9E,
    0x12, 0xBA, 0x1F, 0x43, 0xEC, 0x2C, 0x4B, 0x2C, 0x9D, 0x81, 0x61, 0x48, 0xCE, 0xA8, 0x28, 0x7F,
    0x48, 0x14, 0x82, 0x92, 0xE6, 0x64, 0x41, 0xAD, 0x09, 0xF7, 0x32, 0xAE, 0x66, 0x84, 0x72, 0x99,
    0x56, 0x98, 0x86, 0x0A, 0x9D, 0x31, 0xEF, 0x01, 0xB0, 0x2B, 0xB1, 0x21, 0x1C, 0x2E, 0xD8, 0x99,
    0xA0, 0x29, 0x09, 0xE3, 0x3F, 0x8E, 0x09, 0xBA, 0xCD, 0x88, 0x44, 0x54, 0xCF, 0x9D, 0xEC, 0xFE,
    0x55, 0x9C, 0xBB, 0x5D, 0x21, 0x12, 0xA8, 0x6F, 0x2B, 0x82, 0xCD, 0xEE, 0xD7, 0x55, 0xC6, 0xF4,
    0xD2, 0x39, 0xE6, 0x75, 0x0C, 0x88, 0xA7, 0x97, 0x96, 0x39, 0x5A, 0x96, 0x39, 0xE0, 0x43, 0x6B,
    0xC8, 0x5E, 0x40, 0x9E, 0x00, 0xCF, 0xE8, 0xD2, 0x01, 0x3F, 0x45, 0xA8, 0x10, 0x4F, 0x8A, 0xE6,
    0xC7, 0x8B, 0x39, 0xFE, 0x5E, 0x18, 0xB5, 0x15, 0x4D, 0xA5, 0x7C, 0xAC, 0xD8, 0xB0, 0x06, 0x7A,
    0x55, 0x84, 0x8E, 0x56, 0x7B, 0xB6, 0xE0, 0x70, 0x15, 0x52, 0x66, 0xC3, 0x0F, 0x04, 0x43, 0x4B,
    0x92, 0xEA, 0x10, 0xE8, 0x4B, 0xE3, 0x15, 0xC8, 0xEE, 0x49, 0xC9, 0x57, 0xE3, 0x33, 0x8C, 0x56,
    0xA3, 0x5B, 0x07, 0x92, 0x87, 0x10, 0x12, 0x4C, 0xA0, 0x1F, 0xC3, 0x6F, 0x6A, 0x9D, 0xB5, 0x51,
    0x6F, 0x0A, 0xE7, 0xE5, 0x11, 0x4A, 0x36, 0x7B, 0x43, 0x95, 0x1E, 0x0B, 0x25, 0x3A, 0x05, 0xD1,
    0x8F, 0x4D, 0x5D, 0xB0, 0x33, 0x2C, 0x1F, 0xEE, 0x0A, 0x41, 0x74, 0x54, 0x18, 0x1F, 0x24, 0xE9,
    0x32, 0x82, 0x72, 0xB2, 0x11, 0xD0, 0xCC, 0xA8, 0x50, 0x16, 0x43, 0x20, 0xEE, 0x47, 0xF4, 0x86,
    0x51, 0x34, 0xCB, 0x63, 0x4C, 0x53, 0x54, 0x38, 0x55, 0xA7, 0xBE, 0x6D, 0x57, 0xCB, 0x9D, 0x32,
    0xE0, 0x9F, 0xF0, 0xB8, 0xC9, 0x1E, 0x28, 0xD1, 0x63, 0xE3, 0x26, 0xD6, 0xBB, 0xBA, 0xE1, 0x92,
    0xA5, 0xD2, 0x1E, 0x61, 0x90, 0xDD, 0xD9, 0x8A, 0xC3, 0x9E, 0x22, 0xDF, 0x4E, 0x90, 0xB8, 0x27,
    0x91, 0x83, 0x81, 0x7F, 0x6C, 0x4D, 0x89, 0x40, 0xC9, 0xF3, 0x7B, 0xBD, 0xC9, 0x94, 0x4B, 0x92,
    0xB6, 0x18, 0x2F, 0x3E, 0x75, 0x2A, 0x20, 0x1C, 0x87, 0x1A, 0xF3, 0x2E, 0x7C, 0x88, 0x6E, 0x79,
    0xC8, 0xF8, 0x7C, 0xC1, 0xE8, 0xF6, 0x88, 0x88, 0x90, 0x01, 0x19, 0xCB, 0x96, 0xA1, 0x64, 0xB3,
    0x02, 0x79, 0xC7, 0x80, 0x6F, 0x31, 0x23, 0xA8, 0x6A, 0xDE, 0x81, 0xF0, 0xB7, 0xA2, 0xB3, 0x05,
    0x53, 0x2E, 0x18, 0xFB, 0x26, 0x0D, 0x8E, 0xA9, 0x03, 0xDF, 0x58, 0x69, 0xD5, 0x2C, 0x7C, 0xAB,
    0x5E, 0x1C, 0xDA, 0xF5, 0x62, 0x81, 0xF8, 0x7E, 0xE1, 0xBC, 0xDF, 0x2C, 0xDD, 0xA1, 0xCA, 0x98,
    0x6D, 0xF9, 0x6A, 0x55, 0x26, 0xA1, 0x2D, 0x77, 0x54, 0x19, 0x2E, 0xC8, 0xAA, 0x77, 0x54, 0x59,
    0xBC, 0x8F, 0x0F, 0xDC, 0x0C, 0x62, 0x7D, 0x4E, 0x95, 0x55, 0x6A, 0xE4, 0x34, 0xB1, 0x07, 0x0E,
    0xF8, 0xCC, 0x2C, 0xE5, 0x2B, 0x91, 0x4B, 0x3B, 0x36, 0xE9, 0x6F, 0x49, 0x11, 0x75, 0xA3, 0x57,
    0xFA, 0xF6, 0x13, 0x21, 0xBD, 0x4A, 0xFD, 0x8D, 0x8D, 0xCB, 0xC2, 0x24, 0xA9, 0xE3, 0xBD, 0x49,
    0xEA, 0x6B, 0xE0, 0x25, 0x57, 0xDB, 0xC2, 0xC5, 0x14, 0xC5, 0x6E, 0x72, 0x8F, 0xD1, 0xB9, 0x96,
    0x70, 0x73, 0x88, 0x2F, 0x24, 0xF8, 0xC6, 0x54, 0x86, 0x49, 0x63, 0x70, 0x53, 0x26, 0x95, 0xE1,
    0x8B, 0x5B, 0xE4, 0x11, 0xFB, 0x98, 0x37, 0x52, 0x6B, 0x8B, 0xA9, 0x8C, 0xDA, 0xA4, 0x32, 0x8E,
    0x49, 0x6E, 0x68, 0x2B, 0x4C, 0xCA, 0x62, 0xE9, 0xA1, 0x12, 0x55, 0x14, 0xF6, 0x8A, 0xF5, 0xC2,
    0x2C, 0x75, 0x9A, 0x63, 0x7D, 0x71, 0xE7, 0x17, 0x3E, 0xF7, 0x14, 0xB0, 0x27, 0x23, 0xC4, 0xAE,
    0x52, 0x18, 0x72, 0x14, 0xC3, 0xAF, 0x6C, 0x54, 0x26, 0x79, 0x39, 0x6B, 0x30, 0xB9, 0xE0, 0x44,
    0x72, 0xC1, 0x1B, 0xA7, 0x55, 0x6B, 0x38, 0xB3, 0x90, 0xAC, 0x5B, 0xF2, 0xC0, 0xB7, 0x55, 0x08,
    0x33, 0x3A, 0x8D, 0xDC, 0xA1, 0x5B, 0xA9, 0xA4, 0xA3, 0xD7, 0x59, 0x09, 0xD3, 0xF6, 0xAA, 0xB5,
    0xC9, 0x05, 0xC7, 0x26, 0x17, 0xDC, 0x18, 0xA6, 0x3D, 0xB2, 0x74, 0xA1, 0x70, 0x2D, 0x58, 0x7A,
    0x01, 0x96, 0x7E, 0x0A, 0xB0, 0x1F, 0x5E, 0x69, 0xA3, 0x9B, 0x03, 0x58, 0x7A, 0x7E, 0x29, 0x4B,
    0xEF, 0x58, 0x71, 0x66, 0x54, 0x00, 0x9D, 0x03, 0x96, 0x81, 0x59, 0xDF, 0x35, 0xB5, 0xBC, 0x8C,
    0x82, 0xCC, 0x4C, 0x38, 0xC1, 0xD2, 0x01, 0x65, 0x97, 0x51, 0x15, 0x33, 0xA6, 0x45, 0xA5, 0x26,
    0xBB, 0xA4, 0xB8, 0x97, 0xD2, 0x9E, 0xC2, 0x83, 0x58, 0xF1, 0x24, 0x12, 0x29, 0x0B, 0x54, 0x53,
    0xFE, 0x50, 0xD2, 0x87, 0xA1, 0xB2, 0x37, 0x38, 0x46, 0xE6, 0x6F, 0x20, 0xD6, 0x50, 0x74, 0x3C,
    0xC2, 0x79, 0x30, 0x7D, 0x18, 0x30, 0xE8, 0xC0, 0xC6, 0x03, 0x56, 0xC6, 0x18, 0x2E, 0x61, 0x24,
    0xCD, 0xF2, 0x43, 0x3D, 0xD6, 0x7E, 0xD4, 0x9B, 0x4F, 0xF1, 0xE0, 0x38, 0x95, 0xF4, 0x3E, 0x8C,
    0x84, 0x76, 0xAE, 0xA4, 0x68, 0x16, 0x38, 0x02, 0xA6, 0xB5, 0x13, 0x46, 0x07, 0x38, 0xEC, 0xD6,
    0xB9, 0xCF, 0x42, 0xFF, 0xAF, 0xA0, 0x12, 0x3E, 0xAB, 0x8A, 0x0B, 0xA6, 0xB5, 0x4F, 0x96, 0xCA,
    0x79, 0xBF, 0xCE, 0x94, 0x7B, 0xAF, 0x80, 0x09, 0xBE, 0x9B, 0xC2, 0x65, 0xBC, 0xC1, 0xAC, 0xDD,
    0x92, 0xFA, 0x7D, 0x02, 0x45, 0x0C, 0x6A, 0x20, 0x5D, 0x54, 0x02, 0xE9, 0x22, 0x68, 0x02, 0x19,
    0x6C, 0x03, 0xEA, 0xAF, 0x67, 0x1C, 0x9C, 0x6B, 0x50, 0xF4, 0x4E, 0x23, 0xE3, 0x82, 0x4F, 0x97,
    0xB0, 0xD4, 0xBF, 0x18, 0x96, 0x9A, 0xAE, 0x9C, 0x1D, 0xEE, 0x3A, 0xAB, 0x96, 0x41, 0x0F, 0x72,
    0xD7, 0x50, 0xC2, 0xB6, 0x90, 0xBC, 0x75, 0x72, 0xBE, 0x88, 0xB4, 0x48, 0x84, 0x09, 0x59, 0xBE,
    0xD1, 0x63, 0x71, 0x84, 0x6F, 0xCE, 0xAA, 0x6D, 0x28, 0x54, 0x67, 0x0A, 0x90, 0x93, 0xFA, 0x4B,
    0x4D, 0x40, 0xDA, 0x19, 0xE0, 0x76, 0xFD, 0xCA, 0x2D, 0xDD, 0xCA, 0xCC, 0x8B, 0x0F, 0xD5, 0x5A,
    0xB2, 0x73, 0x3C, 0xF7, 0x5E, 0x30, 0x9A, 0x34, 0x69, 0x32, 0x87, 0x48, 0x4A, 0x12, 0xF5, 0x36,
    0xDF, 0x3D, 0x3C, 0x34, 0xA6, 0x93, 0xFA, 0x30, 0x07, 0xB7, 0xDA, 0x72, 0x65, 0x32, 0xF9, 0x24,
    0xCE, 0x31, 0xBF, 0x30, 0xC5, 0xAF, 0xA8, 0x0D, 0x7C, 0x9F, 0x69, 0xDE, 0x23, 0xA6, 0x79, 0x7F,
    0x92, 0xE0, 0x0C, 0xFC, 0xB3, 0xB5, 0x01, 0xA2, 0x72, 0xC1, 0xF2, 0x8C, 0x5C, 0x52, 0x2B, 0xDD,
    0x5F, 0x1B, 0x18, 0xA3, 0xC0, 0x6E, 0x8E, 0x02, 0x73, 0xA2, 0x76, 0x10, 0x4F, 0xD5, 0xE6, 0xB9,
    0x7C, 0xF1, 0x23, 0x26, 0x50, 0x4E, 0x36, 0x5C, 0x2B, 0xA3, 0x40, 0x28, 0xE1, 0x14, 0x05, 0x12,
    0x08, 0xDE, 0x20, 0x98, 0x49, 0xF5, 0xC7, 0x4D, 0x59, 0xA9, 0x38, 0x13, 0x05, 0x9E, 0xA9, 0x23,
    0x4C, 0x8C, 0x7A, 0x5B, 0x42, 0x66, 0xA0, 0xBC, 0xAF, 0x84, 0x2C, 0xBA, 0xA9, 0x8B, 0xB3, 0xE5,
    0x89, 0xF8, 0x62, 0x94, 0x39, 0xD3, 0xF3, 0x6D, 0x09, 0x39, 0x91, 0xB2, 0xE5, 0xF9, 0x4A, 0x83,
    0x21, 0x53, 0x05, 0x69, 0xEF, 0x57, 0xD5, 0x1F, 0xCE, 0x27, 0x3C, 0x2F, 0xD4, 0xBD, 0xF7, 0x74,
    0x05, 0x71, 0x2C, 0x8B, 0x32, 0xB1, 0x4C, 0x35, 0x74, 0x28, 0xF6, 0xFB, 0xF2, 0xB9, 0xEB, 0xE7,
    0x7C, 0xDD, 0xFB, 0x58, 0x08, 0x5F, 0xA9, 0x4A, 0x57, 0xE2, 0x0A, 0x1B, 0x8E, 0xC1, 0x65, 0x3C,
    0xDF, 0x93, 0x28, 0x41, 0xE8, 0x7D, 0x1E, 0xFB, 0xC5, 0x41, 0x3A, 0xAD, 0x2D, 0x8A, 0xFF, 0x4A,
    0xBA, 0xB8, 0xA4, 0xEE, 0x3A, 0x75, 0x4A, 0xF1, 0xB3, 0x3A, 0x07, 0xDB, 0x8F, 0xE6, 0x2C, 0x41,
    0xE5, 0x54, 0x1E, 0xFB, 0x64, 0x1A, 0x16, 0xB1, 0x88, 0x61, 0x54, 0x21, 0x7A, 0x21, 0x76, 0x4D,
    0x44, 0x26, 0x3B, 0x06, 0x1C, 0x23, 0x7D, 0x8B, 0xB8, 0x05, 0x41, 0x63, 0xF2, 0x1D, 0x87, 0xB4,
    0x7F, 0x92, 0xDD, 0x28, 0x3F, 0x06, 0x07, 0x22, 0xBB, 0xFB, 0x8D, 0xC9, 0x24, 0xA6, 0x51, 0x3C,
    0xDA, 0x9F, 0xB8, 0x96, 0x29, 0x3B, 0xD9, 0x19, 0x2A, 0x68, 0xE2, 0x7C, 0x17, 0x0B, 0xA2, 0x88,
    0x7A, 0xF5, 0x64, 0xCA, 0xE0, 0xD9, 0x4E, 0x19, 0x3C, 0x94, 0x32, 0x78, 0x20, 0x65, 0xF0, 0x40,
    0xCA, 0xE0, 0x3E, 0x4F, 0x96, 0xAC, 0xDC, 0x57, 0x0D, 0xDC, 0x7D, 0x08, 0xB8, 0x92, 0x92, 0x8B,
    0x20, 0x8D, 0x39, 0x1C, 0x93, 0x70, 0x36, 0x9D, 0x5B, 0x72, 0x48, 0x57, 0xCB, 0xE3, 0x85, 0x92,
    0xC7, 0xAB, 0x99, 0xC7, 0xBB, 0x84, 0xDA, 0x5D, 0x43, 0x0D, 0xDE, 0x9B, 0x77, 0x27, 0x43, 0x4A,
    0x6D, 0x94, 0xDA, 0x68, 0x6A, 0x62, 0x57, 0xC8, 0x2E, 0x4A, 0xA9, 0x2B, 0x53, 0x53, 0xD9, 0x49,
    0x91, 0x64, 0x4A, 0xC7, 0xD0, 0x55, 0x4A, 0xE1, 0x77, 0xA5, 0x14, 0xDE, 0x71, 0xC5, 0x6B, 0x1A,
    0x4B, 0x24, 0x45, 0x64, 0xC2, 0x88, 0x66, 0xE1, 0xCF, 0x63, 0xDD, 0xD8, 0xFD, 0x92, 0x8A, 0x8A,
    0xD5, 0x58, 0x1D, 0xBC, 0x40, 0xE5, 0x30, 0x2F, 0x5E, 0x6D, 0xC0, 0x00, 0x89, 0x4D, 0xA9, 0x2C,
    0x4E, 0x03, 0xCE, 0xFC, 0x17, 0x27, 0x06, 0xC8, 0xE1, 0x18, 0x8C, 0xE4, 0xD0, 0xCB, 0x08, 0x33,
    0x46, 0x53, 0xEE, 0x62, 0x6B, 0xF5, 0x63, 0x5A, 0x4F, 0x6E, 0x75, 0xAB, 0x09, 0x6E, 0x01, 0x3B,
    0xDD, 0x4B, 0x58, 0x5C, 0xFB, 0x36, 0x82, 0xD2, 0xE6, 0xF7, 0xB5, 0xB2, 0x1F, 0x40, 0x9E, 0x92,
    0xC1, 0x97, 0x8B, 0x81, 0xDB, 0x0F, 0xB1, 0x27, 0xFD, 0xCE, 0xEB, 0xD0, 0x99, 0x77, 0x9F, 0x87,
    0xCB, 0x7B, 0x9D, 0x05, 0xB5, 0x98, 0x59, 0x16, 0x7A, 0x98, 0xD0, 0xD4, 0x32, 0xC5, 0xD1, 0x73,
    0xE4, 0x8E, 0x5B, 0x04, 0x2B, 0xC1, 0x78, 0x0F, 0xC0, 0x13, 0x1E, 0x7C, 0x86, 0xF0, 0xE2, 0x73,
    0xA9, 0xA9, 0x4A, 0x1B, 0x10, 0x43, 0x87, 0x77, 0x7E, 0x85, 0x41, 0xDF, 0xC5, 0xEA, 0xF5, 0xEB,
    0x5E, 0x39, 0x56, 0x9B, 0x4D, 0x99, 0x1C, 0xE3, 0x45, 0x32, 0x14, 0xFC, 0x47, 0x2D, 0x8D, 0x03,
    0xCE, 0x50, 0x45, 0xB1, 0x3B, 0x94, 0x74, 0x5D, 0x1F, 0xE2, 0x44, 0x56, 0xB4, 0xE1, 0x8C, 0x35,
    0x8A, 0x87, 0x84, 0x96, 0xA1, 0x1E, 0x55, 0x40, 0xF2, 0x49, 0xCE, 0x27, 0x2C, 0x27, 0x96, 0x2C,
    0x53, 0x92, 0x63, 0x92, 0x74, 0x43, 0xF8, 0xE4, 0x9D, 0x70, 0x47, 0x53, 0x25, 0x50, 0x44, 0x60,
    0x6D, 0xA1, 0xEE, 0x36, 0xB0, 0x05, 0x1C, 0x3A, 0xE9, 0xA1, 0xD8, 0x4E, 0x85, 0x27, 0xDC, 0x92,
    0xA7, 0xCF, 0x23, 0xD4, 0xF7, 0x29, 0xC8, 0x5E, 0x4C, 0x91, 0x01, 0x08, 0x55, 0x9F, 0xD2, 0x16,
    0x71, 0x63, 0xD3, 0x89, 0x1A, 0x65, 0x48, 0x05, 0x61, 0xCF, 0x6C, 0x0C, 0x67, 0xB5, 0x51, 0x7E,
    0xC7, 0x62, 0x44, 0xC6, 0xBB, 0xDB, 0x80, 0x9D, 0x83, 0x0C, 0x4A, 0x1F, 0x90, 0xFE, 0x7D, 0x21,
    0x0C, 0xB2, 0x18, 0xB3, 0x57, 0xAE, 0xD0, 0xE7, 0xF7, 0xA4, 0x7F, 0x91, 0x71, 0x00, 0xA8, 0x00,
    0x16, 0xD9, 0xF2, 0xB0, 0x88, 0x9D, 0x94, 0x2A, 0xFD, 0x3C, 0xFD, 0x96, 0x32, 0x7E, 0x2B, 0x6A,
    0xED, 0x26, 0x69, 0x34, 0xC8, 0x41, 0x14, 0x3B, 0x0F, 0xE0, 0xB4, 0x3E, 0xAB, 0x31, 0x4A, 0x2A,
    0x41, 0x13, 0x1B, 0x1F, 0xF5, 0x1B, 0x88, 0x18, 0x5F, 0x00, 0x23, 0x61, 0x42, 0x58, 0x0E, 0x87,
    0x67, 0x73, 0xDB, 0x30, 0xB2, 0xB1, 0x52, 0x3A, 0x95, 0xE8, 0xA7, 0x56, 0x85, 0x0B, 0x95, 0xD2,
    0x6D, 0x97, 0xC2, 0x30, 0x74, 0xB3, 0x5B, 0x6E, 0x77, 0x12, 0xA7, 0xC1, 0xDC, 0xA5, 0xB0, 0x60,
    0xD3, 0xD6, 0x92, 0xE8, 0x97, 0x19, 0x83, 0x11, 0x2E, 0xBD, 0x27, 0x04, 0x1C, 0x13, 0xCB, 0x92,
    0x0A, 0x59, 0x50, 0xEC, 0xCB, 0x39, 0xB1, 0x2C, 0xAE, 0xBD, 0x19, 0x9B, 0xB6, 0x4C, 0x62, 0x19,
    0xCF, 0xEA, 0xD4, 0x61, 0xBF, 0x99, 0xCB, 0x3C, 0x97, 0x27, 0xE9, 0x6D, 0x4E, 0xA9, 0xB7, 0x83,
    0x9E, 0x69, 0xC4, 0x0A, 0x29, 0xFE, 0x15, 0x0B, 0x90, 0x98, 0xA8, 0x9B, 0x32, 0xD8, 0x11, 0x27,
    0x5A, 0x73, 0xA2, 0xD3, 0x39, 0x83, 0x7D, 0x26, 0x8D, 0x2D, 0x19, 0xEC, 0xC2, 0xF9, 0x92, 0x34,
    0xF6, 0xD2, 0x10, 0x5A, 0x01, 0x50, 0x46, 0xEE, 0x08, 0xE7, 0x4B, 0xAB, 0x96, 0xE0, 0x99, 0xE1,
    0x33, 0xAB, 0xE1, 0x0E, 0xE2, 0x33, 0x8E, 0x57, 0x4A, 0x82, 0xCA, 0xC0, 0x1F, 0xB4, 0x2E, 0x9D,
    0x98, 0x83, 0xCF, 0xB3, 0x94, 0xBE, 0xBA, 0xA9, 0x6F, 0x04, 0x40, 0xCB, 0x44, 0x02, 0x15, 0x21,
    0x20, 0x68, 0x84, 0xCC, 0xB1, 0x2E, 0x34, 0xDD, 0x27, 0x2F, 0xD9, 0xD3, 0x9C, 0x2D, 0x68, 0xD9,
    0xA2, 0xD7, 0xB3, 0xC4, 0x03, 0x5F, 0x08, 0xE4, 0x8F, 0x1D, 0x76, 0xAE, 0x3A, 0x65, 0xC3, 0x14,
    0x20, 0x02, 0x1E, 0xEF, 0x4E, 0x8D, 0x19, 0x5E, 0x61, 0x56, 0xEA, 0x66, 0x19, 0x8C, 0x09, 0x29,
    0xA6, 0x25, 0x43, 0x69, 0x1E, 0x30, 0xAD, 0xA0, 0x3E, 0x8F, 0x22, 0x9F, 0x33, 0xA7, 0x73, 0xAC,
    0x76, 0xDC, 0x8C, 0xAC, 0xD8, 0x9A, 0xDB, 0x00, 0xA5, 0xFA, 0x20, 0xC1, 0x09, 0xC2, 0x28, 0x6A,
    0x47, 0x32, 0xD0, 0xD3, 0x21, 0x70, 0x4D, 0x3B, 0x70, 0xBA, 0x18, 0xEE, 0x0C, 0x71, 0x89, 0x8E,
    0x23, 0x46, 0x5B, 0x21, 0x53, 0x70, 0x2B, 0x12, 0xBC, 0xC9, 0xF3, 0xCF, 0x2D, 0x09, 0x0C, 0xBA,
    0x25, 0x45, 0x6B, 0xE5, 0x8D, 0xF8, 0x95, 0x84, 0x55, 0xBE, 0xF8, 0x7B, 0x2E, 0xF1, 0x90, 0xFB,
    0x4E, 0x83, 0x32, 0xB2, 0x86, 0x3A, 0x74, 0x19, 0x7E, 0x57, 0xDD, 0xD2, 0x4F, 0xB3, 0x0C, 0x2A,
    0x9F, 0x81, 0xD8, 0x67, 0xA1, 0xD5, 0x64, 0x18, 0x7B, 0xB5, 0xF0, 0xCA, 0x68, 0x9D, 0x14, 0x67,
    0xAA, 0x02, 0x74, 0x21, 0xFA, 0x53, 0x25, 0x1A, 0x6F, 0x0D, 0x06, 0xDB, 0x18, 0xBF, 0xE4, 0x1B,
    0x44, 0x09, 0xC6, 0xD7, 0xF8, 0x69, 0x92, 0x46, 0xC0, 0x82, 0x95, 0x0B, 0xC6, 0xAE, 0xD3, 0x06,
    0x9E, 0xB2, 0xEE, 0x02, 0xAB, 0xC6, 0x98, 0x55, 0x16, 0x22, 0xF2, 0x5C, 0x27, 0x31, 0x2B, 0x63,
    0xB6, 0xE9, 0xF7, 0x35, 0xCA, 0x43, 0xDF, 0x2D, 0xFC, 0xFB, 0x5F, 0xB7, 0x3D, 0x25, 0xB1, 0xA9,
    0x68, 0x26, 0xE5, 0x8D, 0x2B, 0xF6, 0x94, 0xB8, 0xDB, 0x9E, 0x12, 0xFC, 0x20, 0xE1, 0x30, 0x3F,
    0x9C, 0xEF, 0xF1, 0xA7, 0xCA, 0xB0, 0xE0, 0x81, 0xD3, 0x7E, 0x8D, 0xDA, 0x42, 0xB4, 0x5B, 0x5B,
    0x98, 0xDC, 0x58, 0x68, 0x3E, 0xDE, 0xE8, 0xC6, 0x1E, 0xBB, 0x8B, 0xA5, 0x3E, 0x97, 0x74, 0x2D,
    0x46, 0x26, 0x94, 0x9A, 0x2C, 0x05, 0x9B, 0x4D, 0x82, 0xDD, 0x9F, 0xED, 0xF8, 0x98, 0x2B, 0xD6,
    0x35, 0x3A, 0xE6, 0x46, 0x99, 0x16, 0x75, 0xE6, 0x44, 0xD2, 0x0E, 0x94, 0xD0, 0xF4, 0xF1, 0x50,
    0x44, 0x07, 0x1D, 0x98, 0xE6, 0x4F, 0x9B, 0x58, 0xE4, 0x56, 0x23, 0xBE, 0xB3, 0x79, 0x95, 0xAA,
    0xCF, 0x79, 0xE9, 0x07, 0x58, 0x2F, 0x78, 0x34, 0x6B, 0xFD, 0xE6, 0xF1, 0x9A, 0xDE, 0x33, 0xC9,
    0x4A, 0x98, 0x72, 0xD2, 0x4A, 0x0A, 0x04, 0x34, 0xD9, 0x0C, 0x1F, 0xF8, 0x3A, 0x22, 0xAA, 0x04,
    0x9C, 0xB0, 0xEB, 0xC8, 0xB4, 0x3A, 0xC0, 0x8D, 0x8B, 0x58, 0x2E, 0x23, 0xD9, 0xF8, 0x19, 0x53,
    0x04, 0x8A, 0xE9, 0x1F, 0x32, 0x89, 0x42, 0x5A, 0x3F, 0x30, 0x3D, 0x60, 0xA3, 0x52, 0x4C, 0x0F,
    0x61, 0x8F, 0x82, 0x2C, 0x72, 0x0E, 0xED, 0x6E, 0xF8, 0x1B, 0x98, 0xBE, 0xFD, 0xE9, 0xB2, 0xD3,
    0xDF, 0x7B, 0x76, 0x1F, 0xEC, 0x17, 0x66, 0x83, 0x0C, 0x73, 0x21, 0x0C, 0x1A, 0x41, 0x82, 0x49,
    0x86, 0x25, 0x7C, 0x83, 0x37, 0x93, 0x8C, 0x83, 0x5D, 0x23, 0xC8, 0xFB, 0x1C, 0x7B, 0x7D, 0x84,
    0x5D, 0x52, 0xA9, 0xA5, 0xCD, 0xA2, 0xDB, 0xDB, 0xBC, 0x64, 0x1A, 0x6D, 0xF0, 0x3C, 0x00, 0xB9,
    0x82, 0x45, 0xC1, 0xCC, 0x53, 0xA9, 0x72, 0x43, 0xE0, 0xBC, 0xFD, 0x91, 0xE0, 0x06, 0xA5, 0x95,
    0xCF, 0x01, 0xAD, 0xE8, 0x2E, 0x0D, 0xD4, 0x93, 0x5C, 0xDD, 0xEB, 0x4C, 0xC3, 0xD2, 0x18, 0x3B,
    0xB7, 0x36, 0x35, 0x19, 0xAF, 0x82, 0x7D, 0xFA, 0xA9, 0xC5, 0x7A, 0xBB, 0xD5, 0x9D, 0xC9, 0x16,
    0x9E, 0x39, 0x64, 0x9C, 0x2E, 0x1B, 0xDA, 0x28, 0x40, 0x9F, 0x10, 0xA6, 0xEF, 0x91, 0xC1, 0x7D,
    0x24, 0xDC, 0x0A, 0xB2, 0xA5, 0x91, 0x9B, 0x9E, 0x66, 0x29, 0xD4, 0xFB, 0x2C, 0xB7, 0x24, 0xB4,
    0xC4, 0x4E, 0x4B, 0xA3, 0x20, 0x9D, 0x95, 0x43, 0xE8, 0xDF, 0xD1, 0xA1, 0xDD, 0xB3, 0x76, 0x86,
    0x0E, 0x2A, 0x33, 0x74, 0x01, 0x49, 0x68, 0xB4, 0x0B, 0xC8, 0x63, 0x93, 0x6C, 0xC7, 0x85, 0x31,
    0x35, 0x3A, 0xE3, 0x7B, 0x2D, 0x09, 0x52, 0xE2, 0x7B, 0xC1, 0xCC, 0x7C, 0xE1, 0x15, 0x13, 0xA1,
    0x90, 0x6E, 0x2D, 0x9C, 0x78, 0x30, 0x36, 0x12, 0x17, 0xE6, 0x32, 0xF5, 0x78, 0xCC, 0x6F, 0x4D,
    0x4C, 0x20, 0x11, 0x0D, 0x65, 0x17, 0x0D, 0x45, 0x9B, 0x0C, 0x77, 0x1A, 0x49, 0x79, 0xC3, 0x75,
    0x70, 0x50, 0xCD, 0x34, 0x52, 0xCA, 0xC4, 0x18, 0x31, 0x56, 0xC7, 0x2C, 0x7D, 0xF9, 0x69, 0x9E,
    0x02, 0x7E, 0x2A, 0x3D, 0xDC, 0x2F, 0xED, 0xFE, 0xF9, 0xE2, 0x6C, 0x2C, 0xC7, 0xB9, 0xAD, 0x66,
    0xDB, 0x7F, 0x40, 0xC8, 0x36, 0x8A, 0x9B, 0x8D, 0x91, 0xC9, 0x29, 0x16, 0x96, 0xC7, 0x89, 0x74,
    0xFA, 0x06, 0xE2, 0xCD, 0x37, 0x7B, 0x9A, 0x92, 0x36, 0x46, 0x98, 0x4E, 0x77, 0xAE, 0x59, 0xC7,
    0x68, 0xC2, 0x38, 0xFE, 0x98, 0x35, 0xDD, 0xD6, 0x59, 0xF1, 0x89, 0xF9, 0x5A, 0x83, 0xA9, 0x78,
    0xDD, 0xDE, 0x29, 0x06, 0xE6, 0xA3, 0x2A, 0xF4, 0xE3, 0xCF, 0xB6, 0xE0, 0x72, 0x69, 0x33, 0x95,
    0xEF, 0x96, 0xD9, 0xA1, 0x57, 0x9C, 0x2E, 0x74, 0x91, 0xAF, 0xCE, 0x35, 0x53, 0xBD, 0x8D, 0xC3,
    0xE1, 0x0B, 0x2D, 0x35, 0xAB, 0x9E, 0x67, 0xB3, 0x75, 0xBB, 0xD5, 0xB8, 0x70, 0xAA, 0xC6, 0x3D,
    0xAD, 0x8B, 0xD3, 0x9F, 0xE8, 0x34, 0x59, 0x98, 0x54, 0xBA, 0xD7, 0x27, 0x66, 0x8C, 0xB7, 0xB1,
    0x8E, 0x7A, 0x07, 0xE4, 0xA2, 0x9D, 0x1A, 0xE6, 0x79, 0xFC, 0xFB, 0xA3, 0x64, 0x42, 0xD8, 0xF3,
    0xD3, 0x3A, 0x8D, 0xCD, 0x04, 0x63, 0x47, 0xE3, 0x22, 0x07, 0x62, 0x13, 0x39, 0x33, 0x07, 0x81,
    0x34, 0xCE, 0x6F, 0xF7, 0x60, 0x12, 0x2E, 0x97, 0x84, 0xD7, 0x1C, 0xB7, 0x97, 0x02, 0x69, 0x25,
    0xE3, 0xB6, 0xF8, 0x07, 0xC2, 0x03, 0xD8, 0x6A, 0xBD, 0xDD, 0xE4, 0x25, 0xE2, 0x4E, 0x30, 0xE0,
    0x6A, 0x37, 0x81, 0xB9, 0x12, 0x1D, 0x92, 0xE4, 0xAA, 0x64, 0x3D, 0x85, 0x93, 0xB7, 0x41, 0xFC,
    0x13, 0x0F, 0x96, 0x0D, 0x79, 0xE9, 0xF4, 0x88, 0x2A, 0x13, 0x46, 0xA6, 0xFA, 0x28, 0x0D, 0x2F,
    0xD2, 0xAD, 0xDF, 0x5F, 0x28, 0xEC, 0xB5, 0xF3, 0x7F, 0x7B, 0xBE, 0x14, 0x97, 0x0F, 0x92, 0xBA,
    0x2D, 0xC6, 0xB7, 0x02, 0xD4, 0x31, 0x3B, 0xF3, 0x99, 0x16, 0xDA, 0xBC, 0x14, 0x95, 0xEB, 0xB7,
    0x13, 0xB5, 0x68, 0x81, 0xC6, 0xB7, 0xDB, 0x83, 0x96, 0x15, 0x51, 0x66, 0x75, 0xEC, 0xA9, 0x13,
    0x65, 0x83, 0xE7, 0x4D, 0xCF, 0x77, 0x61, 0x1E, 0xFE, 0x73, 0xAC, 0x2F, 0x99, 0xD7, 0x27, 0x66,
    0x7E, 0x69, 0x29, 0xE1, 0xEB, 0x2E, 0xFC, 0x46, 0x7F, 0xD1, 0xBB, 0x3D, 0xE9, 0x97, 0xB2, 0x94,
    0x9B, 0xFE, 0x54, 0x56, 0x2C, 0xAC, 0x48, 0xFA, 0xE6, 0x0C, 0x60, 0x5E, 0xF8, 0xFA, 0xC6, 0x7A,
    0xE6, 0x9F, 0x56, 0xF4, 0xE8, 0xDC, 0x98, 0x94, 0x58, 0xCE, 0xF5, 0xC5, 0x28, 0xF5, 0x44, 0x3B,
    0x7F, 0x22, 0x12, 0xA8, 0x90, 0xF4, 0x6F, 0x41, 0x36, 0xB3, 0xA4, 0x4B, 0xCE, 0xC8, 0xA9, 0xD8,
    0xCB, 0x04, 0x83, 0x8A, 0xB1, 0xDC, 0x6D, 0x80, 0xB4, 0x11, 0x0A, 0x56, 0x28, 0xF7, 0x13, 0x70,
    0x21, 0xAF, 0xF0, 0xA5, 0xD7, 0x84, 0x0D, 0xD5, 0x52, 0x56, 0x90, 0xD7, 0x3E, 0x54, 0x63, 0xD8,
    0xFD, 0xD8, 0x7F, 0x2D, 0xCC, 0xCC, 0x97, 0x7C, 0x40, 0x3C, 0x66, 0x7B, 0x59, 0x5D, 0xB5, 0x98,
    0xAE, 0x34, 0x95, 0x14, 0x56, 0x67, 0x02, 0xB8, 0x45, 0xA0, 0xE1, 0xBB, 0x8D, 0x78, 0x2A, 0x8D,
    0xC1, 0xB9, 0x09, 0x60, 0xA5, 0x62, 0xD9, 0xC8, 0xE4, 0x57, 0xF5, 0xD8, 0x4D, 0x72, 0x2E, 0xBF,
    0x43, 0x32, 0xCD, 0x10, 0x53, 0xA4, 0x24, 0x45, 0xDB, 0xC8, 0x5C, 0xF0, 0xB3, 0x95, 0x23, 0xCE,
    0x0E, 0xB3, 0x77, 0xD8, 0xAA, 0xD5, 0x42, 0xE0, 0x76, 0xE3, 0xAB, 0xA9, 0x9D, 0x87, 0xF9, 0x84,
    0x62, 0xC1, 0xCB, 0x92, 0x89, 0x3E, 0xE9, 0x6F, 0x6D, 0x49, 0x4A, 0x40, 0x04, 0x3A, 0xA2, 0x19,
    0x3D, 0x4D, 0x5E, 0x02, 0x87, 0xF3, 0xD8, 0x21, 0x05, 0x72, 0xBB, 0x9D, 0x77, 0x08, 0x47, 0x6E,
    0x22, 0x84, 0x53, 0x48, 0xC0, 0xF7, 0xC5, 0xE5, 0xCA, 0x36, 0x07, 0x49, 0xCC, 0x29, 0xC9, 0x6F,
    0xE1, 0xB2, 0xE0, 0x6C, 0x4B, 0x25, 0x4E, 0x00, 0xC2, 0x20, 0xD6, 0xC5, 0x64, 0x7F, 0x98, 0x83,
    0x99, 0x04, 0xE5, 0x37, 0x50, 0xE1, 0xBC, 0x82, 0x77, 0xCC, 0x63, 0x70, 0xDE, 0xB7, 0x18, 0x57,
    0x8D, 0xDE, 0x51, 0xE6, 0x10, 0xB5, 0x88, 0xA6, 0x39, 0xAE, 0xA3, 0xB3, 0x7D, 0xA7, 0xCD, 0x9B,
    0x19, 0x50, 0x4F, 0x7A, 0x3A, 0x78, 0x78, 0xA4, 0x56, 0x5F, 0xBB, 0x19, 0xC9, 0xB9, 0xD8, 0x8C,
    0xB4, 0x93, 0xAB, 0x64, 0x8A, 0x47, 0x9A, 0x54, 0xA5, 0x1C, 0xF0, 0xB8, 0x3D, 0xC6, 0xDC, 0x9B,
    0x44, 0x8F, 0x2E, 0x2F, 0x93, 0x28, 0xEA, 0x59, 0x14, 0x15, 0x45, 0x51, 0x1A, 0x96, 0x17, 0x92,
    0x74, 0x2F, 0xB9, 0x87, 0xEC, 0x7C, 0x15, 0x60, 0x2B, 0x62, 0xC1, 0xBB, 0x5F, 0xC8, 0x2E, 0x17,
    0xF8, 0xCF, 0x92, 0xDD, 0xAD, 0x98, 0xB4, 0xC5, 0x70, 0x86, 0x1F, 0x8C, 0x6F, 0x09, 0x32, 0x1B,
    0xAD, 0x0B, 0xB7, 0x18, 0x3B, 0x58, 0xD2, 0x00, 0x94, 0x93, 0x3D, 0x87, 0xE1, 0xCC, 0xC4, 0xFD,
    0x31, 0x3A, 0xE8, 0xA4, 0xAC, 0xF0, 0xF5, 0x1B, 0x97, 0x77, 0x9C, 0x16, 0x43, 0x35, 0x06, 0x0E,
    0x5C, 0xFD, 0x1E, 0x66, 0xBB, 0xD7, 0xFF, 0x5E, 0xDA, 0x0D, 0x73, 0x6A, 0x38, 0x06, 0xB5, 0xDA,
    0x6B, 0x77, 0x69, 0xCC, 0x14, 0x81, 0x4D, 0xD5, 0xC1, 0xA0, 0x08, 0x58, 0xF3, 0x06, 0xFD, 0xFD,
    0x87, 0xE2, 0xBF, 0x0B, 0xF5, 0x6F, 0xE5, 0x17, 0xA9, 0xFA, 0xC3, 0x07, 0x1F, 0xC5, 0xEA, 0xF3,
    0x4F, 0xDE, 0x8B, 0xAD, 0x07, 0xBF, 0xD3, 0xCA, 0xFE, 0xB8, 0x67, 0x8B, 0x74, 0x77, 0xA8, 0x9C,
    0xA2, 0x25, 0x2B, 0xE1, 0x7B, 0x09, 0x29, 0xC2, 0x1E, 0x1D, 0x9B, 0x37, 0xD6, 0x4E, 0xCC, 0x6B,
    0x61, 0x11, 0x99, 0x48, 0xC8, 0xBC, 0xE0, 0xCA, 0xB0, 0xC6, 0x6D, 0x8D, 0x7A, 0xFB, 0xBA, 0xB0,
    0xE4, 0xDC, 0xFF, 0x42, 0x36, 0xCE, 0x86, 0x5E, 0xE2, 0x52, 0x0F, 0x12, 0x83, 0x87, 0xE8, 0xA7,
    0x6C, 0x68, 0xF5, 0x6F, 0xDC, 0xFF, 0x55, 0xCE, 0x7B, 0x7A, 0xAD, 0xDC, 0xF7, 0x7C, 0xBE, 0x3F,
    0xB3, 0xC4, 0xA1, 0xBE, 0xD0, 0x62, 0x22, 0xAF, 0xC6, 0x44, 0x6E, 0x75, 0xE9, 0x44, 0xCD, 0x74,
    0xE8, 0xA2, 0xDA, 0xAE, 0xFA, 0x73, 0x38, 0x98, 0xF8, 0xA7, 0xE3, 0xEB, 0x36, 0x8E, 0x49, 0x82,
    0xC5, 0x17, 0xF0, 0xFB, 0x1A, 0x5E, 0xFF, 0xB3, 0xCA, 0xEF, 0x72, 0x14, 0xDA, 0x94, 0xAC, 0x2A,
    0x29, 0x2F, 0xAC, 0xC2, 0x9A, 0x2A, 0x31, 0x96, 0x64, 0x79, 0x7A, 0x1A, 0x0D, 0x1B, 0x18, 0xD9,
    0xEC, 0x6B, 0xEC, 0x65, 0xB5, 0xF3, 0x2A, 0xA0, 0xE6, 0x49, 0x60, 0x02, 0xB6, 0xFC, 0x9A, 0xD6,
    0x67, 0x36, 0xFD, 0x2A, 0xD3, 0xF5, 0x8B, 0xB3, 0x86, 0xB8, 0x7C, 0x49, 0xAC, 0x3E, 0x5B, 0x7F,
    0x13, 0xFB, 0xE5, 0x8B, 0xFD, 0x4E, 0x9D, 0x4B, 0xDF, 0xCC, 0xF9, 0x4D, 0x7E, 0xED, 0x66, 0x66,
    0x93, 0x15, 0x1D, 0xFA, 0xD1, 0xA7, 0x06, 0x54, 0x8F, 0xA5, 0xB0, 0x5D, 0xBA, 0x30, 0x06, 0x6E,
    0x0E, 0xDF, 0x99, 0xF0, 0x5E, 0xA5, 0xD3, 0x62, 0xF2, 0x63, 0xC1, 0x34, 0xF0, 0x52, 0x17, 0xA6,
    0x59, 0xD8, 0x9A, 0xBB, 0xAE, 0xDD, 0xE2, 0x90, 0xB6, 0xB5, 0xE0, 0xCE, 0x12, 0xEA, 0x65, 0xDE,
    0x63, 0x67, 0x1C, 0xF3, 0x36, 0xD3, 0x60, 0xC3, 0x5D, 0x16, 0x39, 0x7E, 0x37, 0x14, 0xF6, 0x4D,
    0x96, 0x0A, 0x2D, 0x72, 0x5B, 0xF1, 0x56, 0xC7, 0x38, 0x40, 0xC1, 0x53, 0xFD, 0x9F, 0x6C, 0x70,
    0xA0, 0x2E, 0x2E, 0xE9, 0x1B, 0x56, 0x41, 0xFB, 0x3D, 0x95, 0x74, 0xAC, 0xF3, 0x35, 0x09, 0x60,
    0x2E, 0x65, 0x02, 0x40, 0xFD, 0xD7, 0x53, 0x5C, 0x1A, 0xE1, 0x20, 0xBF, 0x58, 0x55, 0xBD, 0xB6,
    0x3F, 0xB6, 0x70, 0x00, 0x82, 0x45, 0x44, 0x13, 0xED, 0x3F, 0x47, 0xAD, 0xAE, 0xD2, 0xBD, 0xB4,
    0x5B, 0x45, 0x78, 0x4B, 0x3C, 0xF1, 0x66, 0x5B, 0x17, 0x30, 0x1F, 0xDC, 0xDF, 0xE3, 0xB3, 0xC1,
    0x58, 0x7C, 0xD9, 0xAA, 0xCB, 0xB0, 0xA7, 0x4C, 0x60, 0x96, 0x45, 0xF2, 0x64, 0x7E, 0xD9, 0x4A,
    0x92, 0x56, 0xC7, 0xBD, 0x6C, 0x91, 0x29, 0x4E, 0xFB, 0x96, 0x8C, 0xD7, 0x49, 0xBC, 0xF4, 0x83,
    0xA1, 0xB3, 0xD9, 0x82, 0xF2, 0x90, 0xA5, 0x04, 0x6B, 0x2C, 0x52, 0xE9, 0x22, 0x42, 0xE0, 0xE6,
    0x4B, 0x71, 0xEA, 0x16, 0xBB, 0xB3, 0x96, 0xCA, 0xAD, 0x37, 0x17, 0xBA, 0xB3, 0x9E, 0xF4, 0x1A,
    0xDD, 0xE2, 0x44, 0xE9, 0xF7, 0x3B, 0x63, 0x5E, 0x3B, 0x5F, 0x57, 0x59, 0xBB, 0x0C, 0xCA, 0x84,
    0x9F, 0x80, 0x55, 0xD1, 0xFC, 0xBF, 0xE2, 0xBE, 0x87, 0x64, 0x6C, 0x09, 0x13, 0xF4, 0x0B, 0xA1,
    0x21, 0x7F, 0x2E, 0xDA, 0x6B, 0xDA, 0x64, 0x6E, 0x53, 0xA9, 0x97, 0xDE, 0x45, 0xFA, 0x7F, 0x0D,
    0x25, 0x33, 0x4A, 0x5E, 0xDF, 0xB9, 0x78, 0xB4, 0x57, 0x29, 0x96, 0x05, 0x92, 0x46, 0x94, 0xBF,
    0x60, 0x30, 0x98, 0x3F, 0x7F, 0x31, 0xD9, 0xB6, 0x3B, 0xFD, 0x4F, 0x5A, 0x0F, 0x58, 0x5C, 0x85,
    0x69, 0xD3, 0xAB, 0x0D, 0x92, 0x3E, 0xED, 0x66, 0x20, 0x98, 0xD1, 0x00, 0xB4, 0xFE, 0xC7, 0x4C,
    0x52, 0x27, 0xF3, 0x3B, 0xDF, 0x9E, 0x68, 0x8F, 0xE9, 0xCB, 0x1C, 0xF3, 0x54, 0x44, 0x0B, 0xAF,
    0x30, 0x3D, 0x0D, 0x8D, 0xF9, 0x36, 0x80, 0xA9, 0x46, 0xFD, 0xD4, 0x16, 0x34, 0x3A, 0xCC, 0xC9,
    0x71, 0xFA, 0xE9, 0x8F, 0xAC, 0x5C, 0xD1, 0xCC, 0xB9, 0x3D, 0x6E, 0x75, 0x8C, 0x2A, 0xF3, 0x61,
    0x6F, 0x0C, 0x76, 0x2D, 0x6F, 0xD5, 0x6A, 0x36, 0xF1, 0x0E, 0x17, 0xBC, 0xD6, 0xD5, 0x1A, 0x99,
    0x4E, 0xC8, 0x11, 0x3A, 0xD6, 0x22, 0x5B, 0xFF, 0x9B, 0xD9, 0x15, 0xFC, 0x70, 0xF0, 0x6A, 0xA3,
    0x7C, 0xBB, 0x7A, 0x62, 0xBB, 0xBA, 0xD4, 0xC9, 0x3E, 0xE1, 0xF7, 0x60, 0x1D, 0x12, 0xE2, 0xAA,
    0x1B, 0x91, 0x6A, 0xA7, 0xC1, 0xF1, 0x0A, 0x6F, 0x2E, 0xEC, 0xF6, 0x67, 0xF5, 0xD6, 0x06, 0x96,
    0xB5, 0xE6, 0xDF, 0x75, 0x90, 0xB7, 0xC6, 0x70, 0x22, 0xC1, 0x08, 0xCB, 0xD1, 0x08, 0xCB, 0x8F,
    0xDB, 0x9F, 0x25, 0x6B, 0x69, 0x1D, 0xAC, 0x85, 0x7D, 0x0D, 0xEC, 0xCF, 0x1A, 0xF8, 0xD9, 0x59,
    0x8B, 0xBF, 0x67, 0x2D, 0xDB, 0xBF, 0x47, 0x54, 0x2D, 0xF6, 0xF0, 0x32, 0x92, 0x70, 0x1A, 0xA6,
    0xB4, 0x80, 0x60, 0xB1, 0x8C, 0xD1, 0xD7, 0xE6, 0xCF, 0x50, 0x48, 0x67, 0xB9, 0x79, 0xE1, 0x79,
    0x6C, 0x1B, 0x67, 0x0B, 0xC6, 0x30, 0x56, 0x7A, 0x57, 0x26, 0x18, 0x93, 0xF8, 0x10, 0x20, 0xCA,
    0x85, 0x2B, 0xAE, 0xDC, 0xFC, 0xDD, 0x1D, 0x6D, 0xFE, 0x54, 0x4B, 0xAA, 0x1E, 0x4F, 0xC2, 0x7F,
    0xEA, 0xAE, 0xD4, 0x09, 0x01, 0xBE, 0x63, 0x4D, 0xA4, 0xB9, 0xA8, 0xF3, 0xD7, 0xF1, 0x06, 0x1E,
    0xB1, 0x94, 0x24, 0xF4, 0x3C, 0x07, 0xBD, 0x42, 0xEB, 0xF9, 0x08, 0x4D, 0xC3, 0x1E, 0x16, 0x7F,
    0x6D, 0x6F, 0x0D, 0x4B, 0xCA, 0x4D, 0x60, 0x72, 0xCF, 0xD7, 0xB5, 0xBC, 0x6A, 0x22, 0x3E, 0x72,
    0x23, 0xDE, 0x52, 0xC7, 0xDF, 0x88, 0x0C, 0xCC, 0x0A, 0xE8, 0xFB, 0x4E, 0x2E, 0xAE, 0xE0, 0x5A,
    0x64, 0xA0, 0xD2, 0x67, 0x38, 0x02, 0x03, 0xF0, 0x0F, 0xF8, 0x7E, 0xC0, 0x0B, 0x58, 0xE6, 0x92,
    0x7A, 0xFE, 0xCC, 0xB7, 0xAF, 0x5D, 0x1A, 0xEA, 0x67, 0xDF, 0x13, 0x2E, 0xC5, 0x7B, 0xA6, 0x72,
    0x0C, 0xA1, 0x4C, 0x7D, 0xFF, 0xE0, 0xBA, 0xE5, 0x42, 0x22, 0x45, 0x1E, 0x75, 0x8E, 0x46, 0x3D,
    0xF1, 0xD7, 0xB4, 0xC9, 0x0C, 0x49, 0x0C, 0xCF, 0xF1, 0xC2, 0xAB, 0xBC, 0xFF, 0x73, 0x3D, 0x7F,
    0x5B, 0x66, 0x5F, 0x45, 0xAD, 0xBA, 0xF4, 0xED, 0x87, 0x52, 0xDE, 0x7E, 0x00, 0xFF, 0x64, 0xE7,
    0x48, 0xB0, 0xF3, 0xF6, 0x43, 0x12, 0xDF, 0x90, 0xDA, 0xE3, 0xC1, 0xD0, 0xEF, 0x11, 0xD2, 0x97,
    0xD2, 0xD9, 0xEB, 0x78, 0x61, 0x5B, 0xCC, 0xD2, 0x12, 0xC2, 0xB3, 0x07, 0xFC, 0x9F, 0xDC, 0x2B,
    0x48, 0xFF, 0x07, 0x4D, 0x4F, 0xC9, 0x0D, 0xC2, 0x30, 0x10, 0x1C, 0x3B, 0x12, 0x11, 0xCA, 0x63,
    0xE9, 0xC0, 0x25, 0x84, 0x0A, 0x88, 0x4B, 0xA1, 0x11, 0xC0, 0xA5, 0x6D, 0x09, 0x2E, 0xC1, 0x12,
    0x0D, 0x04, 0x91, 0x47, 0x24, 0x8E, 0x30, 0x6B, 0x29, 0x28, 0x7E, 0x8C, 0x65, 0xCF, 0xCE, 0xB1,
    0xD8, 0x81, 0x27, 0x44, 0x82, 0x64, 0x42, 0x33, 0xDA, 0xFB, 0x6D, 0x70, 0xC4, 0xE6, 0x9C, 0x80,
    0x1E, 0x03, 0x70, 0xE5, 0x45, 0xBA, 0x87, 0x9F, 0xA8, 0x6A, 0x0B, 0x24, 0x89, 0x42, 0x94, 0xBF,
    0x9D, 0x5E, 0xA8, 0xCF, 0x33, 0xE1, 0x5E, 0x00, 0xFF, 0x52, 0xEA, 0x16, 0x13, 0x7F, 0xFE, 0x9E,
    0x24, 0xE1, 0x26, 0x82, 0x1F, 0xD7, 0xB0, 0x86, 0xB3, 0x68, 0x73, 0x4D, 0xD9, 0x1B, 0xF4, 0x06,
    0xA2, 0x2B, 0x55, 0xC7, 0x71, 0xDE, 0x96, 0x09, 0xD1, 0xCD, 0x04, 0x7A, 0x84, 0x48, 0x0F, 0x49,
    0x94, 0x8B, 0xD6, 0x1E, 0xDC, 0xA4, 0xD3, 0xC1, 0x0C, 0xAD, 0x4C, 0x61, 0x68, 0xF3, 0xA0, 0x81,
    0x7F, 0xD2, 0xCA, 0x2D, 0xB5, 0x51, 0x5C, 0x6B, 0x59, 0x23, 0xAE, 0x81, 0x43, 0x20, 0x39, 0x2C,
    0x09, 0xB8, 0x7D, 0x2D, 0xDF, 0x52, 0x7F, 0x6D, 0x51, 0x31, 0x6E, 0x1B, 0x31, 0x10, 0x1C, 0x92,
    0x05, 0x0B, 0x22, 0xBE, 0x07, 0x38, 0xF0, 0x35, 0x2E, 0xD2, 0xD8, 0x6A, 0x63, 0xC0, 0x0E, 0xF9,
    0x03, 0x7D, 0xC7, 0x06, 0xE4, 0x88, 0x5D, 0xCA, 0xFC, 0xC0, 0x6F, 0x70, 0x21, 0xB8, 0x52, 0x70,
    0x44, 0xDC, 0xC7, 0x44, 0x52, 0xBA, 0x61, 0x97, 0xF6, 0x10, 0xD0, 0xC0, 0x15, 0x92, 0xD6, 0xBB,
    0x77, 0x82, 0x05, 0x03, 0x39, 0x60, 0x0E, 0x04, 0x97, 0xB3, 0x3B, 0x33, 0xBB, 0x24, 0x8A, 0x1D,
    0x51, 0x58, 0x12, 0x51, 0xEA, 0xE4, 0x77, 0x38, 0xE1, 0x44, 0x91, 0xAB, 0x6D, 0xF2, 0xF0, 0xC9,
    0x17, 0x9F, 0xDB, 0x88, 0x35, 0x34, 0xC1, 0x10, 0x14, 0x01, 0x5F, 0x81, 0x0D, 0x5C, 0x85, 0xCF,
    0xB8, 0x00, 0xD4, 0x60, 0xB6, 0x66, 0xA7, 0xB7, 0x58, 0xDB, 0xBA, 0x4C, 0x37, 0x50, 0xF7, 0x2A,
    0xBB, 0xBE, 0x29, 0x3E, 0xF8, 0xB0, 0x60, 0x1E, 0x61, 0x07, 0x8A, 0x84, 0x8E, 0xE1, 0x99, 0x6B,
    0x8A, 0xCD, 0x6E, 0x68, 0x7A, 0x46, 0x35, 0x83, 0xAD, 0xA8, 0xBA, 0xB7, 0xE5, 0x38, 0xFB, 0xD8,
    0x85, 0xCF, 0xB8, 0x86, 0x4B, 0x4D, 0x6C, 0xFB, 0x59, 0x11, 0x48, 0x1F, 0x53, 0x4C, 0x6E, 0xD3,
    0x2C, 0x4A, 0x9F, 0x15, 0x0A, 0x60, 0x32, 0x23, 0x01, 0x96, 0xE1, 0x22, 0xD0, 0x04, 0x06, 0xE0,
    0xD9, 0x90, 0x80, 0x6D, 0x04, 0x5C, 0x01, 0xB8, 0x64, 0x2C, 0x18, 0x03, 0xA3, 0xB2, 0xCE, 0x1E,
    0xD0, 0x0C, 0x53, 0x0E, 0x74, 0xCB, 0x74, 0x37, 0xD1, 0x71, 0xC4, 0xF8, 0x00, 0xF9, 0xBE, 0x30,
    0xAE, 0xF6, 0xE4, 0xF5, 0x44, 0x46, 0xCF, 0xE6, 0x69, 0x10, 0x58, 0xA2, 0xFA, 0x3F, 0x0D, 0x3C,
    0x3B, 0xED, 0x35, 0xBC, 0x9F, 0xBF, 0x1A, 0xE9, 0x10, 0xE9, 0x60, 0x9A, 0x1D, 0xD0, 0x52, 0xF0,
    0x92, 0x77, 0xEE, 0x28, 0xF3, 0x9F, 0xCF, 0x7C, 0xC3, 0xF7, 0x27, 0x26, 0x5D, 0x7B, 0x57, 0x36,
    0x82, 0x33, 0x9B, 0x56, 0x98, 0x89, 0x1C, 0x6E, 0x07, 0xF5, 0x97, 0x87, 0xE8, 0xC7, 0x88, 0x53,
    0xF3, 0x2D, 0xE8, 0x62, 0xBE, 0xE3, 0x1C, 0xE6, 0x4E, 0x17, 0x98, 0x4D, 0x1B, 0xA0, 0x5F, 0x44,
    0x62, 0x2B, 0xEF, 0xC6, 0xC3, 0x3C, 0xAE, 0x71, 0xEA, 0x7F, 0xEE, 0x80, 0x87, 0x3F, 0x4F, 0xC0,
    0xBF, 0xE7, 0x39, 0xD4, 0xEF, 0xA7, 0x23, 0xA8, 0xC7, 0x5F, 0x67, 0x50, 0xCF, 0xF3, 0x4B, 0x5E,
    0x63, 0xC3, 0x2F, 0x07, 0xCB, 0x7A, 0x3E, 0xE2, 0x56, 0x0D, 0xB6, 0xC8, 0xB6, 0x7F, 0xB0, 0xF5,
    0x19, 0x7B, 0x71, 0xC9, 0x24, 0x1D, 0x55, 0x14, 0x9B, 0x12, 0x59, 0x95, 0x85, 0xE3, 0x96, 0x33,
    0x06, 0xB6, 0xD0, 0x15, 0x2E, 0xCB, 0x34, 0xCE, 0xE9, 0xD3, 0x18, 0xD8, 0x98, 0x92, 0xE4, 0x3B,
    0xE6, 0xC2, 0x1B, 0x14, 0x11, 0xD8, 0xA7, 0x38, 0xE6, 0xAF, 0xDF, 0x8A, 0x0D, 0x1B, 0x99, 0x7C,
    0x2D, 0xDE, 0x15, 0x25, 0xC9, 0x71, 0x95, 0x63, 0xFC, 0x53, 0x51, 0xCC, 0xC8, 0xBA, 0xA6, 0x8E,
    0x87, 0xE2, 0x2B, 0x8D, 0x91, 0xB1, 0x8E, 0xD4, 0x30, 0x10, 0x86, 0xFF, 0xC4, 0x85, 0xA5, 0x73,
    0xE1, 0x07, 0x38, 0x69, 0x4D, 0x71, 0xED, 0x91, 0x86, 0x32, 0x87, 0x7D, 0xC7, 0x03, 0x51, 0x21,
    0xA5, 0x58, 0x29, 0x16, 0x4F, 0xC0, 0xA3, 0x20, 0xB4, 0x48, 0x5B, 0x20, 0x65, 0x10, 0x2F, 0x60,
    0xDD, 0x13, 0xB8, 0xE0, 0x01, 0x46, 0xBA, 0x05, 0x2D, 0xE2, 0x76, 0x87, 0x71, 0xE0, 0x28, 0xA8,
    0x88, 0xA6, 0x48, 0x46, 0xF6, 0x7C, 0xF3, 0x7F, 0xC1, 0x92, 0xAC, 0x14, 0xFF, 0xB6, 0x0E, 0x1D,
    0x8F, 0x6F, 0x78, 0xFB, 0xAD, 0x4E, 0x0F, 0x65, 0xB2, 0xB4, 0x0D, 0x29, 0x9E, 0xE1, 0x0E, 0x40,
    0xCF, 0x70, 0x15, 0xB1, 0xE0, 0x3B, 0x99, 0x2F, 0xE4, 0x0D, 0x5D, 0xDB, 0x1C, 0x85, 0x67, 0xA9,
    0xF0, 0xC0, 0x06, 0xB8, 0x06, 0x96, 0x47, 0xC8, 0x11, 0x8C, 0xBE, 0xC0, 0x9C, 0x80, 0x40, 0x30,
    0x05, 0x7D, 0xD5, 0xEF, 0x2B, 0x47, 0x51, 0x52, 0x38, 0x02, 0x8E, 0xB1, 0x54, 0x73, 0x80, 0x4F,
    0x18, 0xCE, 0xD0, 0xE6, 0xD6, 0xD1, 0x64, 0x68, 0xB2, 0xF9, 0x2F, 0x6B, 0x90, 0x1A, 0xA5, 0xC0,
    0x65, 0x3C, 0x07, 0x3E, 0xA1, 0xE3, 0x36, 0xC6, 0x51, 0xE3, 0x68, 0x63, 0x6C, 0x3D, 0x60, 0xCE,
    0x46, 0xD8, 0x12, 0xBB, 0xC4, 0xF6, 0xBE, 0x58, 0x49, 0x9B, 0xCB, 0x3C, 0x1A, 0x1A, 0x6D, 0x03,
    0x39, 0x05, 0x2D, 0xED, 0x80, 0x23, 0xF6, 0xD8, 0xF9, 0x5B, 0x76, 0xC2, 0xBD, 0xAE, 0x6A, 0x09,
    0xAF, 0x53, 0x3C, 0x21, 0xBE, 0x43, 0x7B, 0x96, 0x64, 0xA4, 0xFA, 0xCF, 0x1C, 0xC0, 0x37, 0x13,
    0x8F, 0x7B, 0x1E, 0x3F, 0x54, 0x1D, 0x72, 0x13, 0xF2, 0x20, 0x6B, 0xEA, 0x80, 0xFE, 0x0C, 0x7F,
    0xC2, 0xC5, 0xB8, 0x82, 0x27, 0x60, 0x07, 0x0D, 0xA8, 0xA5, 0x5B, 0x2D, 0xD2, 0x4A, 0x41, 0xAA,
    0xCE, 0xDC, 0x55, 0x74, 0x15, 0x86, 0xF4, 0x0A, 0x8E, 0x8D, 0xA3, 0x4A, 0xA2, 0xE4, 0x59, 0x52,
    0xD7, 0x36, 0x29, 0xFD, 0xDD, 0x4A, 0x17, 0x74, 0x92, 0x5A, 0x18, 0x43, 0xCF, 0x42, 0xD6, 0xEB,
    0x83, 0x52, 0x74, 0x96, 0x6A, 0x19, 0x2A, 0x3E, 0x96, 0xFE, 0x9E, 0xDC, 0x2B, 0xDA, 0x18, 0x4D,
    0xC1, 0x5A, 0x2D, 0xF3, 0x6F, 0xBD, 0x2A, 0x56, 0x0E, 0xFD, 0x4A, 0xB0, 0x3F, 0x74, 0xB1, 0xD4,
    0xDE, 0xD6, 0x7A, 0xE1, 0x69, 0xD6, 0x39, 0x1A, 0xF9, 0xB2, 0x40, 0x8A, 0xFD, 0xDA, 0x56, 0x78,
    0x79, 0x82, 0x36, 0xF7, 0x3E, 0xBF, 0xB7, 0x79, 0xE7, 0xD2, 0x3E, 0x40, 0x53, 0x07, 0xFD, 0x81,
    0xFF, 0xE3, 0xF6, 0x49, 0xDD, 0xBF, 0x6E, 0xDD, 0x93, 0xDB, 0x3F, 0x67, 0xAA, 0xCF, 0xAA, 0x97,
    0x55, 0xAF, 0x57, 0xBD, 0x3F, 0xD7, 0x80, 0x33, 0xE2, 0x23, 0x62, 0xC6, 0x2F, 0x3D, 0x50, 0xBB,
    0x6D, 0xC3, 0x40, 0x14, 0xA3, 0x25, 0xC0, 0x45, 0x52, 0x68, 0x00, 0x23, 0xB8, 0x26, 0xBD, 0x36,
    0x88, 0x6E, 0x94, 0x4C, 0x62, 0xDF, 0x08, 0x19, 0x22, 0x7B, 0xC8, 0x23, 0x24, 0x1B, 0xB8, 0xC8,
    0x00, 0x57, 0xA8, 0x50, 0x80, 0xF8, 0x18, 0xF2, 0xC9, 0x76, 0xF1, 0x08, 0xDD, 0xFB, 0x90, 0x14,
    0x81, 0x8E, 0x5F, 0xC0, 0xC8, 0x0B, 0xD0, 0x50, 0xD0, 0x2F, 0x00, 0x9E, 0xD5, 0xC1, 0x50, 0x04,
    0xA3, 0x5F, 0xE4, 0x8A, 0x81, 0xAC, 0xC0, 0x9F, 0x9E, 0x58, 0xEF, 0x30, 0x91, 0xC5, 0x00, 0xEC,
    0x7C, 0x15, 0xB0, 0x4D, 0x63, 0xEF, 0x94, 0xDF, 0x4D, 0xAC, 0xB3, 0x3D, 0x3F, 0x4C, 0xC0, 0x62,
    0xC8, 0x06, 0xA0, 0x53, 0x1F, 0xFD, 0xC5, 0xF0, 0x7D, 0xB6, 0x88, 0x34, 0x53, 0xCB, 0xDA, 0x0D,
    0x3B, 0x19, 0x78, 0xB1, 0x38, 0xA6, 0xA7, 0x50, 0x12, 0xCC, 0xA2, 0x1E, 0x9B, 0x3E, 0x68, 0xFA,
    0xCF, 0x87, 0x97, 0xD0, 0x0D, 0x3A, 0x1D, 0xDB, 0x50, 0x55, 0xAD, 0x78, 0xED, 0xD6, 0x6D, 0x61,
    0x57, 0x13, 0xD9, 0x46, 0xF2, 0xEA, 0xC2, 0xFE, 0x2A, 0xAA, 0x82, 0x99, 0x5C, 0x64, 0xA4, 0xBA,
    0x92, 0x16, 0xDF, 0x2C, 0x93, 0x0F, 0xF1, 0x3F, 0x72, 0xA8, 0x58, 0x7E, 0xD0, 0x6B, 0x78, 0x36,
    0x14, 0x83, 0x2C, 0x1D, 0xB1, 0x05, 0x33, 0xDC, 0x22, 0x59, 0x90, 0x22, 0x17, 0x4C, 0x16, 0x6F,
    0x36, 0x2A, 0x5B, 0x27, 0x87, 0x39, 0xFF, 0xDE, 0xDA, 0x48, 0xE5, 0x1E, 0x69, 0x5F, 0x1F, 0xE1,
    0x04, 0x93, 0xC7, 0xFF, 0x55, 0x54, 0x31, 0x8E, 0xDB, 0x30, 0x10, 0x5C, 0x52, 0x85, 0x80, 0xB0,
    0x60, 0x91, 0x32, 0x85, 0x9A, 0x94, 0x41, 0xD4, 0xA4, 0x48, 0x61, 0x4B, 0xCC, 0x8B, 0xAE, 0x49,
    0x71, 0x85, 0x75, 0xD2, 0x13, 0xF2, 0x1C, 0x17, 0x87, 0x58, 0x4F, 0x60, 0x7E, 0xA0, 0x27, 0x28,
    0x88, 0x82, 0x28, 0x80, 0x6C, 0x66, 0x66, 0x65, 0xE9, 0x72, 0x06, 0x38, 0x96, 0xCD, 0xE1, 0xEC,
    0xEC, 0x70, 0x6D, 0x29, 0x6E, 0x22, 0x75, 0x8A, 0xF2, 0x3E, 0x1F, 0x45, 0x64, 0xC1, 0x7A, 0xC6,
    0x6A, 0xB0, 0x8E, 0xF2, 0xEE, 0xD6, 0x48, 0x4A, 0xD7, 0x6C, 0xB6, 0x57, 0x1F, 0xE5, 0xB9, 0x08,
    0xB2, 0xD4, 0xE0, 0x54, 0x62, 0xA6, 0x46, 0xB2, 0xB1, 0x91, 0x7C, 0x68, 0xC4, 0xF7, 0x4F, 0x52,
    0x86, 0xFA, 0xCB, 0x4D, 0x7C, 0x9A, 0xC4, 0xA6, 0x0E, 0x47, 0x2D, 0x75, 0x32, 0x82, 0xBB, 0x02,
    0x8A, 0x23, 0xA0, 0xAA, 0xA8, 0x4D, 0x98, 0x20, 0x62, 0xC7, 0x52, 0x24, 0x8F, 0x00, 0xDF, 0x01,
    0x0A, 0x01, 0x54, 0x78, 0x93, 0x13, 0x61, 0x06, 0xD8, 0x51, 0x8A, 0x90, 0x0D, 0x00, 0xD7, 0x03,
    0x7C, 0x07, 0x28, 0x53, 0x4A, 0xA1, 0x26, 0xA0, 0x58, 0x9A, 0x57, 0x00, 0x75, 0xC2, 0xF1, 0x6C,
    0x84, 0x00, 0xE0, 0x08, 0x57, 0x50, 0x71, 0x30, 0x0C, 0x6F, 0x90, 0x02, 0x4C, 0xA8, 0x62, 0x26,
    0x08, 0x40, 0x54, 0x99, 0xB5, 0x40, 0xB9, 0x82, 0x01, 0x74, 0x0A, 0x79, 0x65, 0x2E, 0x20, 0xB1,
    0x72, 0x30, 0x94, 0xB3, 0x4A, 0x52, 0xCD, 0x01, 0x24, 0x30, 0x59, 0x0D, 0x9E, 0x52, 0x1A, 0xC8,
    0x96, 0x15, 0xF8, 0x3D, 0x69, 0xEC, 0x08, 0x80, 0xF3, 0xF7, 0x04, 0x35, 0x42, 0x48, 0x6C, 0xC0,
    0x1C, 0xB2, 0x89, 0x89, 0xF0, 0x44, 0xC9, 0x94, 0x9E, 0xB0, 0xCC, 0xBC, 0x9D, 0x57, 0xB9, 0x92,
    0xD4, 0x36, 0xA5, 0x5E, 0x2E, 0x6C, 0x12, 0xFD, 0x4E, 0x35, 0xAB, 0xDE, 0x45, 0x0D, 0x9F, 0x32,
    0x0A, 0x38, 0xB2, 0x0B, 0xD1, 0x6B, 0xBA, 0x97, 0xB5, 0xFB, 0xA6, 0xEF, 0x36, 0xA9, 0xD3, 0xAB,
    0xCD, 0x5C, 0x6D, 0x07, 0x5E, 0xC6, 0xBE, 0x49, 0x4B, 0xE8, 0xF0, 0xAE, 0xF8, 0xB2, 0x59, 0x76,
    0x6D, 0x7F, 0xE9, 0xEB, 0xB0, 0x71, 0xEC, 0xEB, 0xD2, 0x4A, 0xD4, 0x12, 0x07, 0xC2, 0x99, 0xA0,
    0x29, 0x50, 0x2A, 0xEB, 0xC5, 0xF4, 0xAE, 0x93, 0x32, 0x7A, 0x74, 0x13, 0x3F, 0x8A, 0xBC, 0x1D,
    0x4E, 0xDC, 0x83, 0x13, 0xFB, 0x13, 0x34, 0xF3, 0x0B, 0x34, 0xF3, 0x87, 0x42, 0x89, 0x42, 0x69,
    0x4B, 0x48, 0x07, 0xD0, 0xCE, 0x2E, 0xFA, 0x5B, 0x3D, 0x55, 0x7E, 0x3A, 0x1F, 0x5C, 0x3C, 0x3C,
    0xE6, 0xDD, 0xE9, 0xD1, 0xF7, 0xE7, 0x53, 0xFD, 0x63, 0xAC, 0x7F, 0xA7, 0xE8, 0x63, 0xCB, 0x43,
    0x05, 0xEB, 0x31, 0x9B, 0x6C, 0xDE, 0x2E, 0x62, 0xBD, 0x17, 0x76, 0x5F, 0xEC, 0xFE, 0x34, 0xFD,
    0x6A, 0x4F, 0xAA, 0xD9, 0x2F, 0x68, 0xD9, 0xB2, 0x31, 0x2F, 0xFD, 0x8D, 0x5B, 0x1A, 0xDA, 0xA9,
    0xE6, 0xE5, 0xF6, 0xBB, 0x56, 0x4D, 0x95, 0xFB, 0xCE, 0x07, 0x1E, 0x6D, 0xBF, 0xE9, 0x85, 0x75,
    0x2E, 0xD8, 0x34, 0x17, 0x30, 0x71, 0xB9, 0x8A, 0x0B, 0x05, 0x15, 0xB6, 0x97, 0xBD, 0xCA, 0x67,
    0x8C, 0x4E, 0x9C, 0xA5, 0xCA, 0xE1, 0xF6, 0x83, 0x5C, 0xE8, 0xCF, 0xC4, 0xB5, 0x10, 0xD5, 0x31,
    0xDC, 0x29, 0x2D, 0x18, 0xAC, 0x45, 0x5D, 0xB0, 0x34, 0xEB, 0xC1, 0x3D, 0x86, 0x60, 0xC0, 0xB4,
    0x47, 0xFA, 0xA2, 0x19, 0xB6, 0x96, 0xAF, 0xB2, 0x86, 0x8E, 0x1E, 0x00, 0xEE, 0x16, 0xC4, 0x60,
    0x26, 0xE5, 0xE1, 0xAF, 0xAC, 0x3F, 0x3F, 0xCD, 0x23, 0xD3, 0x60, 0x5B, 0xB6, 0x96, 0xFF, 0xF7,
    0xA8, 0x4D, 0x7F, 0x5D, 0x25, 0x5A, 0x4E, 0x16, 0x4A, 0xA0, 0xDE, 0x27, 0x7E, 0xBE, 0x68, 0x66,
    0x3A, 0x2D, 0xFA, 0x2B, 0xBE, 0x3F, 0xEA, 0xE1, 0x40, 0x19, 0x72, 0xA0, 0xC2, 0xBF, 0x0C, 0x9B,
    0xD0, 0xB9, 0xA7, 0xE4, 0x9B, 0xBD, 0xD3, 0x4D, 0x6F, 0x90, 0x7F, 0x45, 0xD0, 0xB1, 0x0D, 0xC2,
    0x30, 0x14, 0x04, 0xD0, 0x33, 0x29, 0x52, 0xA4, 0x60, 0x84, 0x8C, 0x90, 0x0D, 0x70, 0x3A, 0x4A,
    0x16, 0x61, 0x85, 0x88, 0x48, 0x0C, 0xC0, 0x3A, 0x14, 0x11, 0x64, 0x84, 0x8C, 0xE0, 0x22, 0x03,
    0x04, 0xC9, 0x45, 0x0A, 0x23, 0x73, 0xF7, 0x03, 0xC2, 0xC5, 0x29, 0xF2, 0xD9, 0xDF, 0x4F, 0x01,
    0x50, 0xCF, 0xE0, 0x7A, 0xC6, 0x3B, 0xE0, 0xF2, 0x2B, 0x01, 0x45, 0x74, 0xCC, 0x32, 0x20, 0x02,
    0xD5, 0xA8, 0x72, 0xBF, 0x65, 0xAF, 0xCC, 0xF9, 0x1A, 0x78, 0x30, 0x1F, 0x27, 0xA5, 0x7A, 0x6F,
    0xFD, 0xC1, 0xFA, 0x0E, 0x75, 0x0B, 0x0C, 0x68, 0x78, 0x32, 0xB1, 0x01, 0x56, 0x36, 0x70, 0x91,
    0x0D, 0x76, 0x0B, 0x1B, 0x14, 0x0B, 0xF4, 0x48, 0x60, 0x83, 0x72, 0x72, 0xF6, 0x08, 0x9B, 0xEF,
    0x23, 0x9E, 0xD7, 0xD1, 0x64, 0xFB, 0x4C, 0xCA, 0x26, 0x60, 0x5B, 0xF5, 0x7C, 0x36, 0xE7, 0x6A,
    0xCE, 0x28, 0xA7, 0xAE, 0x95, 0x81, 0x03, 0x39, 0x82, 0x03, 0x39, 0xA2, 0x9C, 0xE4, 0x94, 0x2A,
    0xE7, 0xDB, 0x28, 0xE1, 0xA9, 0x57, 0x4A, 0xE5, 0x4D, 0x75, 0x30, 0x55, 0x27, 0x15, 0x35, 0x9D,
    0x39, 0x07, 0x73, 0x6E, 0x99, 0x4C, 0x9B, 0x4C, 0xFB, 0x30, 0xED, 0xA5, 0x95, 0xD6, 0x4B, 0x8B,
    0xEA, 0xE7, 0x6C, 0xFA, 0xBF, 0xF3, 0x6D, 0x1B, 0xF6, 0x1B, 0x3F, 0x63, 0x60, 0x68, 0x60, 0x60,
    0x60, 0x60, 0xFE, 0x00, 0x24, 0xF8, 0xFF, 0x00, 0x09, 0x0B, 0x6E, 0x20, 0xF1, 0x81, 0xF9, 0x00,
    0x03, 0xF3, 0xEF, 0x4B, 0x1F, 0x18, 0xF8, 0xFF, 0x5F, 0xFA, 0xC3, 0x60, 0xFF, 0xFF, 0xF0, 0x7F,
    0x20, 0xC1, 0xFF, 0x9F, 0x81, 0xFF, 0xAF, 0xFC, 0x1F, 0x06, 0xE6, 0xBF, 0xF6, 0x40, 0xD5, 0xFF,
    0xFF, 0x1F, 0x60, 0x60, 0xB0, 0xB5, 0x07, 0x2A, 0xE6, 0xD5, 0x81, 0x19, 0xC0, 0x00, 0x14, 0x02,
    0x00,
};

static const EpdGlyph ubuntumono_16_italicGlyphs[] = {
    { 0, 0, 267, 0, 0, 0, 0 }, // U+0000
    { 0, 0, 267, 0, 0, 0, 0 }, // U+0008
    { 0, 0, 267, 0, 0, 0, 0 }, // U+0009
    { 0, 0, 267, 0, 0, 0, 0 }, // U+000D
    { 0, 0, 267, 0, 0, 0, 0 }, // U+001D
    { 0, 0, 267, 0, 0, 0, 0 }, // U+0020
    { 9, 20, 267, 5, 20, 45, 0 }, // !
    { 10, 8, 267, 7, 21, 20, 45 }, // "
    { 18, 20, 267, 1, 20, 90, 65 }, // #
    { 16, 26, 267, 2, 23, 104, 155 }, // $
    { 20, 20, 267, 0, 20, 100, 259 }, // %
    { 16, 20, 267, 1, 20, 80, 359 }, // &
    { 6, 9, 267, 9, 22, 14, 439 }, // '
    { 14, 29, 267, 4, 23, 102, 453 }, // (
    { 14, 29, 267, 1, 23, 102, 555 }, // )
    { 14, 12, 267, 4, 20, 42, 657 }, // *
    { 15, 14, 267, 2, 16, 53, 699 }, // +
    { 8, 8, 267, 3, 4, 16, 752 }, // ,
    { 9, 3, 267, 5, 10, 7, 768 }, // -
    { 6, 4, 267, 5, 4, 6, 775 }, // .
    { 20, 28, 267, -1, 23, 140, 781 }, // /
    { 16, 20, 267, 2, 20, 80, 921 }, // 0
    { 13, 21, 267, 3, 21, 69, 1001 }, // 1
    { 16, 20, 267, 2, 20, 80, 1070 }, // 2
    { 16, 20, 267, 1, 20, 80, 1150 }, // 3
    { 16, 20, 267, 1, 20, 80, 1230 }, // 4
    { 18, 20, 267, 1, 20, 90, 1310 }, // 5
    { 16, 20, 267, 3, 20, 80, 1400 }, // 6
    { 16, 20, 267, 4, 20, 80, 1480 }, // 7
    { 16, 20, 267, 2, 20, 80, 1560 }, // 8
    { 16, 20, 267, 2, 20, 80, 1640 }, // 9
    { 9, 15, 267, 5, 15, 34, 1720 }, // :
    { 11, 19, 267, 3, 15, 53, 1754 }, // ;
    { 16, 13, 267, 2, 15, 52, 1807 }, // <
    { 16, 8, 267, 2, 13, 32, 1859 }, // =
    { 16, 13, 267, 1, 15, 52, 1891 }, // >
    { 13, 20, 267, 5, 20, 65, 1943 }, // ?
    { 17, 25, 267, 2, 21, 107, 2008 }, // @
    { 17, 20, 267, -1, 20, 85, 2115 }, // A
    { 17, 20, 267, 1, 20, 85, 2200 }, // B
    { 17, 20, 267, 2, 20, 85, 2285 }, // C
    { 17, 20, 267, 1, 20, 85, 2370 }, // D
    { 17, 20, 267, 2, 20, 85, 2455 }, // E
    { 17, 20, 267, 2, 20, 85, 2540 }, // F
    { 17, 20, 267, 2, 20, 85, 2625 }, // G
    { 19, 20, 267, 1, 20, 95, 2710 }, // H
    { 16, 20, 267, 2, 20, 80, 2805 }, // I
    { 17, 20, 267, 2, 20, 85, 2885 }, // J
    { 19, 20, 267, 1, 20, 95, 2970 }, // K
    { 13, 20, 267, 1, 20, 65, 3065 }, // L
    { 19, 20, 267, 0, 20, 95, 3130 }, // M
    { 19, 20, 267, 1, 20, 95, 3225 }, // N
    { 16, 20, 267, 2, 20, 80, 3320 }, // O
    { 17, 20, 267, 1, 20, 85, 3400 }, // P
    { 16, 25, 267, 2, 20, 100, 3485 }, // Q
    { 17, 20, 267, 1, 20, 85, 3585 }, // R
    { 17, 20, 267, 1, 20, 85, 3670 }, // S
    { 15, 20, 267, 5, 20, 75, 3755 }, // T
    { 18, 20, 267, 2, 20, 90, 3830 }, // U
    { 17, 20, 267, 4, 20, 85, 3920 }, // V
    { 19, 20, 267, 1, 20, 95, 4005 }, // W
    { 21, 20, 267, 0, 20, 105, 4100 }, // X
    { 17, 20, 267, 4, 20, 85, 4205 }, // Y
    { 18, 20, 267, 1, 20, 90, 4290 }, // Z
    { 16, 28, 267, 3, 23, 112, 4380 }, // [
    { 6, 28, 267, 7, 23, 42, 4492 }, // <backslash>
    { 16, 28, 267, 0, 23, 112, 4534 }, // ]
    { 15, 11, 267, 3, 20, 42, 4646 }, // ^
    { 16, 2, 267, -1, -3, 8, 4688 }, // _
    { 7, 6, 267, 8, 23, 11, 4696 }, // `
    { 15, 15, 267, 2, 15, 57, 4707 }, // a
    { 15, 23, 267, 2, 23, 87, 4764 }, // b
    { 15, 15, 267, 2, 15, 57, 4851 }, // c
    { 18, 23, 267, 2, 23, 104, 4908 }, // d
    { 15, 15, 267, 2, 15, 57, 5012 }, // e
    { 20, 28, 267, 0, 23, 140, 5069 }, // f
    { 18, 20, 267, 0, 15, 90, 5209 }, // g
    { 15, 23, 267, 1, 23, 87, 5299 }, // h
    { 11, 21, 267, 4, 21, 58, 5386 }, // i
    { 17, 26, 267, 0, 21, 111, 5444 }, // j
    { 16, 23, 267, 2, 23, 92, 5555 }, // k
    { 10, 23, 267, 5, 23, 58, 5647 }, // l
    { 17, 15, 267, 1, 15, 64, 5705 }, // m
    { 15, 15, 267, 2, 15, 57, 5769 }, // n
    { 15, 15, 267, 2, 15, 57, 5826 }, // o
    { 17, 20, 267, 0, 15, 85, 5883 }, // p
    { 16, 20, 267, 2, 15, 80, 5968 }, // q
    { 16, 15, 267, 2, 15, 60, 6048 }, // r
    { 15, 15, 267, 2, 15, 57, 6108 }, // s
    { 13, 20, 267, 4, 20, 65, 6165 }, // t
    { 15, 15, 267, 2, 15, 57, 6230 }, // u
    { 14, 15, 267, 4, 15, 53, 6287 }, // v
    { 18, 15, 267, 2, 15, 68, 6340 }, // w
    { 18, 15, 267, 0, 15, 68, 6408 }, // x
    { 19, 20, 267, -1, 15, 95, 6476 }, // y
    { 16, 15, 267, 1, 15, 60, 6571 }, // z
    { 17, 28, 267, 2, 23, 119, 6631 }, // {
    { 10, 28, 267, 5, 23, 70, 6750 }, // |
    { 16, 28, 267, 0, 23, 112, 6820 }, // }
    { 16, 4, 267, 2, 12, 16, 6932 }, // ~
    { 0, 0, 267, 0, 0, 0, 0 }, // U+00A0
    { 9, 20, 267, 4, 15, 45, 0 }, // U+00A1
    { 14, 26, 267, 3, 23, 91, 45 }, // U+00A2
    { 17, 20, 267, 2, 20, 85, 136 }, // U+00A3
    { 15, 13, 267, 3, 17, 49, 221 }, // U+00A4
    { 19, 20, 267, 2, 20, 95, 270 }, // U+00A5
    { 10, 28, 267, 5, 23, 70, 365 }, // U+00A6
    { 17, 24, 267, 1, 21, 102, 435 }, // U+00A7
    { 10, 3, 267, 7, 21, 8, 537 }, // U+00A8
    { 15, 16, 267, 2, 16, 60, 545 }, // U+00A9
    { 12, 10, 267, 5, 20, 30, 605 }, // U+00AA
    { 14, 12, 267, 3, 15, 42, 635 }, // U+00AB
    { 15, 10, 267, 3, 11, 38, 677 }, // U+00AC
    { 9, 3, 267, 5, 10, 7, 715 }, // U+00AD
    { 15, 16, 267, 2, 16, 60, 722 }, // U+00AE
    { 10, 2, 267, 7, 21, 5, 782 }, // U+00AF
    { 9, 8, 267, 7, 23, 18, 787 }, // U+00B0
    { 17, 18, 267, 1, 18, 77, 805 }, // U+00B1
    { 10, 11, 267, 6, 20, 28, 882 }, // U+00B2
    { 10, 11, 267, 6, 20, 28, 910 }, // U+00B3
    { 7, 6, 267, 10, 23, 11, 938 }, // U+00B4
    { 17, 20, 267, 0, 15, 85, 949 }, // U+00B5
    { 16, 26, 267, 3, 21, 104, 1034 }, // U+00B6
    { 6, 4, 267, 7, 10, 6, 1138 }, // U+00B7
    { 7, 7, 267, 3, 1, 13, 1144 }, // U+00B8
    { 9, 12, 267, 6, 21, 27, 1157 }, // U+00B9
    { 11, 10, 267, 6, 20, 28, 1184 }, // U+00BA
    { 13, 12, 267, 3, 14, 39, 1212 }, // U+00BB
    { 20, 21, 267, 0, 21, 105, 1251 }, // U+00BC
    { 20, 21, 267, 0, 21, 105, 1356 }, // U+00BD
    { 20, 21, 267, 0, 21, 105, 1461 }, // U+00BE
    { 13, 21, 267, 2, 15, 69, 1566 }, // U+00BF
    { 17, 28, 267, -1, 28, 119, 1635 }, // U+00C0
    { 19, 28, 267, -1, 28, 133, 1754 }, // U+00C1
    { 19, 27, 267, -1, 27, 129, 1887 }, // U+00C2
    { 20, 26, 267, -1, 26, 130, 2016 }, // U+00C3
    { 20, 26, 267, -1, 26, 130, 2146 }, // U+00C4
    { 17, 24, 267, -1, 24, 102, 2276 }, // U+00C5
    { 20, 20, 267, 0, 20, 100, 2378 }, // U+00C6
    { 17, 26, 267, 2, 20, 111, 2478 }, // U+00C7
    { 17, 28, 267, 2, 28, 119, 2589 }, // U+00C8
    { 17, 28, 267, 2, 28, 119, 2708 }, // U+00C9
    { 17, 27, 267, 2, 27, 115, 2827 }, // U+00CA
    { 17, 26, 267, 2, 26, 111, 2942 }, // U+00CB
    { 16, 28, 267, 2, 28, 112, 3053 }, // U+00CC
    { 16, 28, 267, 2, 28, 112, 3165 }, // U+00CD
    { 16, 27, 267, 2, 27, 108, 3277 }, // U+00CE
    { 17, 26, 267, 2, 26, 111, 3385 }, // U+00CF
    { 16, 20, 267, 2, 20, 80, 3496 }, // U+00D0
    { 19, 26, 267, 1, 26, 124, 3576 }, // U+00D1
    { 16, 28, 267, 2, 28, 112, 3700 }, // U+00D2
    { 16, 28, 267, 2, 28, 112, 3812 }, // U+00D3
    { 16, 27, 267, 2, 27, 108, 3924 }, // U+00D4
    { 17, 26, 267, 2, 26, 111, 4032 }, // U+00D5
    { 17, 26, 267, 2, 26, 111, 4143 }, // U+00D6
    { 15, 12, 267, 2, 15, 45, 4254 }, // U+00D7
    { 18, 22, 267, 1, 21, 99, 4299 }, // U+00D8
    { 18, 28, 267, 2, 28, 126, 4398 }, // U+00D9
    { 18, 28, 267, 2, 28, 126, 4524 }, // U+00DA
    { 18, 27, 267, 2, 27, 122, 4650 }, // U+00DB
    { 18, 26, 267, 2, 26, 117, 4772 }, // U+00DC
    { 17, 28, 267, 4, 28, 119, 4889 }, // U+00DD
    { 17, 20, 267, 1, 20, 85, 5008 }, // U+00DE
    { 21, 28, 267, -4, 23, 147, 5093 }, // U+00DF
    { 15, 23, 267, 2, 23, 87, 5240 }, // U+00E0
    { 15, 23, 267, 2, 23, 87, 5327 }, // U+00E1
    { 15, 22, 267, 2, 22, 83, 5414 }, // U+00E2
    { 17, 21, 267, 2, 21, 90, 5497 }, // U+00E3
    { 16, 21, 267, 2, 21, 84, 5587 }, // U+00E4
    { 15, 22, 267, 2, 22, 83, 5671 }, // U+00E5
    { 17, 15, 267, 1, 15, 64, 5754 }, // U+00E6
    { 15, 21, 267, 2, 15, 79, 5818 }, // U+00E7
    { 15, 23, 267, 2, 23, 87, 5897 }, // U+00E8
    { 15, 23, 267, 2, 23, 87, 5984 }, // U+00E9
    { 15, 22, 267, 2, 22, 83, 6071 }, // U+00EA
    { 16, 21, 267, 2, 21, 84, 6154 }, // U+00EB
    { 11, 23, 267, 4, 23, 64, 6238 }, // U+00EC
    { 12, 23, 267, 4, 23, 69, 6302 }, // U+00ED
    { 11, 22, 267, 4, 22, 61, 6371 }, // U+00EE
    { 12, 21, 267, 4, 21, 63, 6432 }, // U+00EF
    { 17, 23, 267, 2, 23, 98, 6495 }, // U+00F0
    { 16, 21, 267, 2, 21, 84, 6593 }, // U+00F1
    { 15, 23, 267, 2, 23, 87, 6677 }, // U+00F2
    { 15, 23, 267, 2, 23, 87, 6764 }, // U+00F3
    { 15, 22, 267, 2, 22, 83, 6851 }, // U+00F4
    { 16, 21, 267, 2, 21, 84, 6934 }, // U+00F5
    { 16, 21, 267, 2, 21, 84, 7018 }, // U+00F6
    { 15, 14, 267, 2, 16, 53, 7102 }, // U+00F7
    { 19, 17, 267, 0, 16, 81, 7155 }, // U+00F8
    { 15, 23, 267, 2, 23, 87, 7236 }, // U+00F9
    { 15, 23, 267, 2, 23, 87, 7323 }, // U+00FA
    { 15, 22, 267, 2, 22, 83, 7410 }, // U+00FB
    { 15, 21, 267, 2, 21, 79, 7493 }, // U+00FC
    { 19, 28, 267, -1, 23, 133, 7572 }, // U+00FD
    { 17, 28, 267, 0, 23, 119, 7705 }, // U+00FE
    { 19, 26, 267, -1, 21, 124, 7824 }, // U+00FF
    { 19, 26, 267, -1, 26, 124, 0 }, // U+0100
    { 16, 21, 267, 2, 21, 84, 124 }, // U+0101
    { 19, 27, 267, -1, 27, 129, 208 }, // U+0102
    { 16, 22, 267, 2, 22, 88, 337 }, // U+0103
    { 17, 26, 267, -1, 20, 111, 425 }, // U+0104
    { 15, 21, 267, 2, 15, 79, 536 }, // U+0105
    { 17, 28, 267, 2, 28, 119, 615 }, // U+0106
    { 15, 23, 267, 2, 23, 87, 734 }, // U+0107
    { 17, 27, 267, 2, 27, 115, 821 }, // U+0108
    { 15, 22, 267, 2, 22, 83, 936 }, // U+0109
    { 17, 27, 267, 2, 27, 115, 1019 }, // U+010A
    { 15, 22, 267, 2, 22, 83, 1134 }, // U+010B
    { 17, 28, 267, 2, 28, 119, 1217 }, // U+010C
    { 16, 23, 267, 2, 23, 92, 1336 }, // U+010D
    { 17, 28, 267, 1, 28, 119, 1428 }, // U+010E
    { 21, 23, 267, 1, 23, 121, 1547 }, // U+010F
    { 16, 20, 267, 2, 20, 80, 1668 }, // U+0110
    { 19, 23, 267, 2, 23, 110, 1748 }, // U+0111
    { 17, 26, 267, 2, 26, 111, 1858 }, // U+0112
    { 16, 21, 267, 2, 21, 84, 1969 }, // U+0113
    { 17, 27, 267, 2, 27, 115, 2053 }, // U+0114
    { 16, 22, 267, 2, 22, 88, 2168 }, // U+0115
    { 17, 27, 267, 2, 27, 115, 2256 }, // U+0116
    { 15, 22, 267, 2, 22, 83, 2371 }, // U+0117
    { 17, 26, 267, 2, 20, 111, 2454 }, // U+0118
    { 15, 21, 267, 2, 15, 79, 2565 }, // U+0119
    { 17, 28, 267, 2, 28, 119, 2644 }, // U+011A
    { 15, 23, 267, 2, 23, 87, 2763 }, // U+011B
    { 17, 27, 267, 2, 27, 115, 2850 }, // U+011C
    { 18, 27, 267, 0, 22, 122, 2965 }, // U+011D
    { 17, 27, 267, 2, 27, 115, 3087 }, // U+011E
    { 18, 27, 267, 0, 22, 122, 3202 }, // U+011F
    { 17, 27, 267, 2, 27, 115, 3324 }, // U+0120
    { 18, 27, 267, 0, 22, 122, 3439 }, // U+0121
    { 17, 25, 267, 2, 20, 107, 3561 }, // U+0122
    { 18, 28, 267, 0, 23, 126, 3668 }, // U+0123
    { 19, 27, 267, 1, 27, 129, 3794 }, // U+0124
    { 15, 28, 267, 1, 28, 105, 3923 }, // U+0125
    { 18, 20, 267, 2, 20, 90, 4028 }, // U+0126
    { 15, 23, 267, 2, 23, 87, 4118 }, // U+0127
    { 17, 26, 267, 2, 26, 111, 4205 }, // U+0128
    { 13, 21, 267, 4, 21, 69, 4316 }, // U+0129
    { 16, 26, 267, 2, 26, 104, 4385 }, // U+012A
    { 12, 21, 267, 4, 21, 63, 4489 }, // U+012B
    { 16, 27, 267, 2, 27, 108, 4552 }, // U+012C
    { 13, 22, 267, 4, 22, 72, 4660 }, // U+012D
    { 16, 26, 267, 2, 20, 104, 4732 }, // U+012E
    { 11, 27, 267, 4, 21, 75, 4836 }, // U+012F
    { 16, 27, 267, 2, 27, 108, 4911 }, // U+0130
    { 11, 15, 267, 4, 15, 42, 5019 }, // U+0131
    { 20, 20, 267, 0, 20, 100, 5061 }, // U+0132
    { 15, 27, 267, 3, 22, 102, 5161 }, // U+0133
    { 17, 27, 267, 2, 27, 115, 5263 }, // U+0134
    { 17, 27, 267, 0, 22, 115, 5378 }, // U+0135
    { 19, 25, 267, 1, 20, 119, 5493 }, // U+0136
    { 16, 28, 267, 2, 23, 112, 5612 }, // U+0137
    { 16, 15, 267, 2, 15, 60, 5724 }, // U+0138
    { 13, 28, 267, 1, 28, 91, 5784 }, // U+0139
    { 11, 28, 267, 5, 28, 77, 5875 }, // U+013A
    { 13, 25, 267, 1, 20, 82, 5952 }, // U+013B
    { 10, 28, 267, 5, 23, 70, 6034 }, // U+013C
    { 14, 21, 267, 1, 21, 74, 6104 }, // U+013D
    { 14, 23, 267, 5, 23, 81, 6178 }, // U+013E
    { 15, 20, 267, 1, 20, 75, 6259 }, // U+013F
    { 15, 23, 267, 5, 23, 87, 6334 }, // U+0140
    { 13, 20, 267, 1, 20, 65, 6421 }, // U+0141
    { 10, 23, 267, 5, 23, 58, 6486 }, // U+0142
    { 19, 28, 267, 1, 28, 133, 6544 }, // U+0143
    { 15, 23, 267, 2, 23, 87, 6677 }, // U+0144
    { 19, 25, 267, 1, 20, 119, 6764 }, // U+0145
    { 15, 20, 267, 2, 15, 75, 6883 }, // U+0146
    { 19, 28, 267, 1, 28, 133, 6958 }, // U+0147
    { 15, 23, 267, 2, 23, 87, 7091 }, // U+0148
    { 15, 23, 267, 2, 23, 87, 7178 }, // U+0149
    { 19, 26, 267, 1, 20, 124, 7265 }, // U+014A
    { 15, 20, 267, 2, 15, 75, 7389 }, // U+014B
    { 16, 26, 267, 2, 26, 104, 7464 }, // U+014C
    { 16, 21, 267, 2, 21, 84, 7568 }, // U+014D
    { 17, 27, 267, 2, 27, 115, 7652 }, // U+014E
    { 16, 22, 267, 2, 22, 88, 7767 }, // U+014F
    { 18, 28, 267, 2, 28, 126, 7855 }, // U+0150
    { 17, 23, 267, 2, 23, 98, 7981 }, // U+0151
    { 18, 20, 267, 2, 20, 90, 8079 }, // U+0152
    { 18, 15, 267, 1, 15, 68, 8169 }, // U+0153
    { 17, 28, 267, 1, 28, 119, 8237 }, // U+0154
    { 16, 23, 267, 2, 23, 92, 8356 }, // U+0155
    { 17, 25, 267, 1, 20, 107, 8448 }, // U+0156
    { 19, 20, 267, -1, 15, 95, 8555 }, // U+0157
    { 17, 28, 267, 1, 28, 119, 8650 }, // U+0158
    { 16, 23, 267, 2, 23, 92, 8769 }, // U+0159
    { 17, 28, 267, 1, 28, 119, 8861 }, // U+015A
    { 15, 23, 267, 2, 23, 87, 8980 }, // U+015B
    { 17, 27, 267, 1, 27, 115, 9067 }, // U+015C
    { 15, 22, 267, 2, 22, 83, 9182 }, // U+015D
    { 17, 26, 267, 1, 20, 111, 9265 }, // U+015E
    { 15, 21, 267, 2, 15, 79, 9376 }, // U+015F
    { 18, 28, 267, 1, 28, 126, 9455 }, // U+0160
    { 16, 23, 267, 2, 23, 92, 9581 }, // U+0161
    { 18, 26, 267, 2, 20, 117, 9673 }, // U+0162
    { 13, 26, 267, 4, 20, 85, 9790 }, // U+0163
    { 15, 28, 267, 5, 28, 105, 9875 }, // U+0164
    { 14, 23, 267, 4, 23, 81, 9980 }, // U+0165
    { 15, 20, 267, 5, 20, 75, 10061 }, // U+0166
    { 14, 20, 267, 3, 20, 70, 10136 }, // U+0167
    { 18, 26, 267, 2, 26, 117, 10206 }, // U+0168
    { 16, 21, 267, 2, 21, 84, 10323 }, // U+0169
    { 18, 26, 267, 2, 26, 117, 10407 }, // U+016A
    { 15, 21, 267, 2, 21, 79, 10524 }, // U+016B
    { 18, 27, 267, 2, 27, 122, 10603 }, // U+016C
    { 15, 22, 267, 2, 22, 83, 10725 }, // U+016D
    { 18, 27, 267, 2, 27, 122, 10808 }, // U+016E
    { 15, 22, 267, 2, 22, 83, 10930 }, // U+016F
    { 18, 28, 267, 2, 28, 126, 11013 }, // U+0170
    { 16, 23, 267, 2, 23, 92, 11139 }, // U+0171
    { 18, 26, 267, 2, 20, 117, 11231 }, // U+0172
    { 15, 21, 267, 2, 15, 79, 11348 }, // U+0173
    { 19, 27, 267, 1, 27, 129, 11427 }, // U+0174
    { 18, 22, 267, 2, 22, 99, 11556 }, // U+0175
    { 17, 27, 267, 4, 27, 115, 11655 }, // U+0176
    { 19, 27, 267, -1, 22, 129, 11770 }, // U+0177
    { 17, 26, 267, 4, 26, 111, 11899 }, // U+0178
    { 18, 28, 267, 1, 28, 126, 12010 }, // U+0179
    { 16, 23, 267, 1, 23, 92, 12136 }, // U+017A
    { 18, 27, 267, 1, 27, 122, 12228 }, // U+017B
    { 16, 22, 267, 1, 22, 88, 12350 }, // U+017C
    { 18, 28, 267, 1, 28, 126, 12438 }, // U+017D
    { 16, 23, 267, 1, 23, 92, 12564 }, // U+017E
    { 20, 28, 267, 0, 23, 140, 12656 }, // U+017F
    { 19, 23, 267, 2, 23, 110, 0 }, // U+01A0
    { 18, 18, 267, 2, 18, 81, 110 }, // U+01A1
    { 21, 23, 267, 2, 23, 121, 191 }, // U+01AF
    { 18, 18, 267, 2, 18, 81, 312 }, // U+01B0
    { 23, 26, 267, 0, 26, 150, 393 }, // U+01C4
    { 21, 21, 267, 0, 21, 111, 543 }, // U+01C5
    { 22, 23, 267, 0, 23, 127, 654 }, // U+01C6
    { 20, 20, 267, 0, 20, 100, 781 }, // U+01C7
    { 20, 27, 267, 0, 22, 135, 881 }, // U+01C8
    { 15, 28, 267, 2, 23, 105, 1016 }, // U+01C9
    { 20, 20, 267, 0, 20, 100, 1121 }, // U+01CA
    { 20, 27, 267, 0, 22, 135, 1221 }, // U+01CB
    { 20, 27, 267, 0, 22, 135, 1356 }, // U+01CC
    { 19, 28, 267, -1, 28, 133, 1491 }, // U+01CD
    { 16, 23, 267, 2, 23, 92, 1624 }, // U+01CE
    { 16, 28, 267, 2, 28, 112, 1716 }, // U+01CF
    { 12, 23, 267, 4, 23, 69, 1828 }, // U+01D0
    { 16, 28, 267, 2, 28, 112, 1897 }, // U+01D1
    { 15, 23, 267, 2, 23, 87, 2009 }, // U+01D2
    { 18, 28, 267, 2, 28, 126, 2096 }, // U+01D3
    { 15, 23, 267, 2, 23, 87, 2222 }, // U+01D4
    { 17, 27, 267, 2, 27, 115, 2309 }, // U+01D5
    { 15, 23, 267, 2, 23, 87, 2424 }, // U+01D6
    { 18, 28, 267, 2, 28, 126, 2511 }, // U+01D7
    { 15, 25, 267, 2, 25, 94, 2637 }, // U+01D8
    { 18, 27, 267, 2, 27, 122, 2731 }, // U+01D9
    { 15, 24, 267, 2, 24, 90, 2853 }, // U+01DA
    { 18, 28, 267, 2, 28, 126, 2943 }, // U+01DB
    { 15, 25, 267, 2, 25, 94, 3069 }, // U+01DC
    { 15, 15, 267, 2, 15, 57, 3163 }, // U+01DD
    { 19, 27, 267, -1, 27, 129, 3220 }, // U+01DE
    { 16, 23, 267, 2, 23, 92, 3349 }, // U+01DF
    { 19, 27, 267, -1, 27, 129, 3441 }, // U+01E0
    { 16, 23, 267, 2, 23, 92, 3570 }, // U+01E1
    { 21, 26, 267, 0, 26, 137, 3662 }, // U+01E2
    { 17, 21, 267, 1, 21, 90, 3799 }, // U+01E3
    { 16, 20, 267, 2, 20, 80, 3889 }, // U+01E4
    { 18, 20, 267, 0, 15, 90, 3969 }, // U+01E5
    { 17, 28, 267, 2, 28, 119, 4059 }, // U+01E6
    { 19, 28, 267, 0, 23, 133, 4178 }, // U+01E7
    { 19, 28, 267, 1, 28, 133, 4311 }, // U+01E8
    { 16, 27, 267, 2, 27, 108, 4444 }, // U+01E9
    { 16, 26, 267, 2, 20, 104, 4552 }, // U+01EA
    { 15, 21, 267, 2, 15, 79, 4656 }, // U+01EB
    { 16, 32, 267, 2, 26, 128, 4735 }, // U+01EC
    { 16, 27, 267, 2, 21, 108, 4863 }, // U+01ED
    { 18, 28, 267, 1, 28, 126, 4971 }, // U+01EE
    { 16, 28, 267, 1, 23, 112, 5097 }, // U+01EF
    { 18, 28, 267, 0, 23, 126, 5209 }, // U+01F0
    { 21, 20, 267, 0, 20, 105, 5335 }, // U+01F1
    { 20, 20, 267, 0, 20, 100, 5440 }, // U+01F2
    { 20, 23, 267, 0, 23, 115, 5540 }, // U+01F3
    { 17, 28, 267, 2, 28, 119, 5655 }, // U+01F4
    { 18, 28, 267, 0, 23, 126, 5774 }, // U+01F5
    { 19, 20, 267, 0, 20, 95, 5900 }, // U+01F6
    { 19, 25, 267, 0, 20, 119, 5995 }, // U+01F7
    { 19, 28, 267, 1, 28, 133, 6114 }, // U+01F8
    { 15, 23, 267, 2, 23, 87, 6247 }, // U+01F9
    { 18, 28, 267, -1, 28, 126, 6334 }, // U+01FA
    { 15, 27, 267, 2, 27, 102, 6460 }, // U+01FB
    { 20, 28, 267, 0, 28, 140, 6562 }, // U+01FC
    { 17, 23, 267, 1, 23, 98, 6702 }, // U+01FD
    { 18, 29, 267, 1, 28, 131, 6800 }, // U+01FE
    { 19, 24, 267, 0, 23, 114, 6931 }, // U+01FF
    { 18, 28, 267, -1, 28, 126, 7045 }, // U+0200
    { 15, 23, 267, 2, 23, 87, 7171 }, // U+0201
    { 18, 27, 267, -1, 27, 122, 7258 }, // U+0202
    { 15, 22, 267, 2, 22, 83, 7380 }, // U+0203
    { 17, 28, 267, 2, 28, 119, 7463 }, // U+0204
    { 15, 23, 267, 2, 23, 87, 7582 }, // U+0205
    { 17, 27, 267, 2, 27, 115, 7669 }, // U+0206
    { 15, 22, 267, 2, 22, 83, 7784 }, // U+0207
    { 16, 28, 267, 2, 28, 112, 7867 }, // U+0208
    { 12, 23, 267, 4, 23, 69, 7979 }, // U+0209
    { 16, 27, 267, 2, 27, 108, 8048 }, // U+020A
    { 11, 22, 267, 4, 22, 61, 8156 }, // U+020B
    { 16, 28, 267, 2, 28, 112, 8217 }, // U+020C
    { 15, 23, 267, 2, 23, 87, 8329 }, // U+020D
    { 16, 27, 267, 2, 27, 108, 8416 }, // U+020E
    { 15, 22, 267, 2, 22, 83, 8524 }, // U+020F
    { 17, 28, 267, 1, 28, 119, 8607 }, // U+0210
    { 16, 23, 267, 2, 23, 92, 8726 }, // U+0211
    { 17, 27, 267, 1, 27, 115, 8818 }, // U+0212
    { 16, 22, 267, 2, 22, 88, 8933 }, // U+0213
    { 18, 28, 267, 2, 28, 126, 9021 }, // U+0214
    { 15, 23, 267, 2, 23, 87, 9147 }, // U+0215
    { 18, 27, 267, 2, 27, 122, 9234 }, // U+0216
    { 15, 22, 267, 2, 22, 83, 9356 }, // U+0217
    { 17, 25, 267, 1, 20, 107, 9439 }, // U+0218
    { 15, 20, 267, 2, 15, 75, 9546 }, // U+0219
    { 18, 25, 267, 2, 20, 113, 9621 }, // U+021A
    { 13, 25, 267, 4, 20, 82, 9734 }, // U+021B
    { 19, 25, 267, -1, 20, 119, 9816 }, // U+021C
    { 16, 20, 267, 0, 15, 80, 9935 }, // U+021D
    { 19, 28, 267, 1, 28, 133, 10015 }, // U+021E
    { 15, 27, 267, 1, 27, 102, 10148 }, // U+021F
    { 9, 4, 267, 7, 22, 9, 0 }, // U+0311
    { 17, 28, 267, 2, 28, 119, 0 }, // U+0400
    { 17, 26, 267, 2, 26, 111, 119 }, // U+0401
    { 15, 20, 267, 2, 20, 75, 230 }, // U+0402
    { 20, 28, 267, 0, 28, 140, 305 }, // U+0403
    { 17, 20, 267, 2, 20, 85, 445 }, // U+0404
    { 17, 20, 267, 1, 20, 85, 530 }, // U+0405
    { 16, 20, 267, 2, 20, 80, 615 }, // U+0406
    { 17, 26, 267, 2, 26, 111, 695 }, // U+0407
    { 17, 20, 267, 2, 20, 85, 806 }, // U+0408
    { 18, 20, 267, 0, 20, 90, 891 }, // U+0409
    { 18, 20, 267, 0, 20, 90, 981 }, // U+040A
    { 15, 20, 267, 2, 20, 75, 1071 }, // U+040B
    { 19, 28, 267, 1, 28, 133, 1146 }, // U+040C
    { 19, 28, 267, 1, 28, 133, 1279 }, // U+040D
    { 20, 27, 267, 1, 27, 135, 1412 }, // U+040E
    { 19, 25, 267, 1, 20, 119, 1547 }, // U+040F
    { 17, 20, 267, -1, 20, 85, 1666 }, // U+0410
    { 17, 20, 267, 1, 20, 85, 1751 }, // U+0411
    { 17, 20, 267, 1, 20, 85, 1836 }, // U+0412
    { 20, 20, 267, 0, 20, 100, 1921 }, // U+0413
    { 20, 25, 267, -1, 20, 125, 2021 }, // U+0414
    { 17, 20, 267, 2, 20, 85, 2146 }, // U+0415
    { 22, 20, 267, -1, 20, 110, 2231 }, // U+0416
    { 18, 20, 267, 0, 20, 90, 2341 }, // U+0417
    { 19, 20, 267, 1, 20, 95, 2431 }, // U+0418
    { 19, 27, 267, 1, 27, 129, 2526 }, // U+0419
    { 19, 20, 267, 1, 20, 95, 2655 }, // U+041A
    { 20, 20, 267, 0, 20, 100, 2750 }, // U+041B
    { 19, 20, 267, 0, 20, 95, 2850 }, // U+041C
    { 19, 20, 267, 1, 20, 95, 2945 }, // U+041D
    { 16, 20, 267, 2, 20, 80, 3040 }, // U+041E
    { 19, 20, 267, 1, 20, 95, 3120 }, // U+041F
    { 17, 20, 267, 1, 20, 85, 3215 }, // U+0420
    { 17, 20, 267, 2, 20, 85, 3300 }, // U+0421
    { 15, 20, 267, 5, 20, 75, 3385 }, // U+0422
    { 20, 20, 267, 1, 20, 100, 3460 }, // U+0423
    { 16, 20, 267, 2, 20, 80, 3560 }, // U+0424
    { 21, 20, 267, 0, 20, 105, 3640 }, // U+0425
    { 18, 25, 267, 1, 20, 113, 3745 }, // U+0426
    { 16, 20, 267, 4, 20, 80, 3858 }, // U+0427
    { 19, 20, 267, 1, 20, 95, 3938 }, // U+0428
    { 18, 25, 267, 1, 20, 113, 4033 }, // U+0429
    { 14, 20, 267, 3, 20, 70, 4146 }, // U+042A
    { 20, 20, 267, 0, 20, 100, 4216 }, // U+042B
    { 16, 20, 267, 1, 20, 80, 4316 }, // U+042C
    { 17, 20, 267, 1, 20, 85, 4396 }, // U+042D
    { 19, 20, 267, 0, 20, 95, 4481 }, // U+042E
    { 20, 20, 267, 0, 20, 100, 4576 }, // U+042F
    { 15, 15, 267, 2, 15, 57, 4676 }, // U+0430
    { 16, 23, 267, 3, 23, 92, 4733 }, // U+0431
    { 15, 15, 267, 1, 15, 57, 4825 }, // U+0432
    { 14, 15, 267, 2, 15, 53, 4882 }, // U+0433
    { 15, 23, 267, 2, 23, 87, 4935 }, // U+0434
    { 15, 15, 267, 2, 15, 57, 5022 }, // U+0435
    { 20, 15, 267, -1, 15, 75, 5079 }, // U+0436
    { 15, 15, 267, 2, 15, 57, 5154 }, // U+0437
    { 15, 15, 267, 2, 15, 57, 5211 }, // U+0438
    { 15, 22, 267, 2, 22, 83, 5268 }, // U+0439
    { 16, 15, 267, 2, 15, 60, 5351 }, // U+043A
    { 18, 15, 267, 0, 15, 68, 5411 }, // U+043B
    { 18, 15, 267, 0, 15, 68, 5479 }, // U+043C
    { 17, 15, 267, 1, 15, 64, 5547 }, // U+043D
    { 15, 15, 267, 2, 15, 57, 5611 }, // U+043E
    { 15, 15, 267, 2, 15, 57, 5668 }, // U+043F
    { 17, 20, 267, 0, 15, 85, 5725 }, // U+0440
    { 15, 15, 267, 2, 15, 57, 5810 }, // U+0441
    { 17, 15, 267, 1, 15, 64, 5867 }, // U+0442
    { 19, 20, 267, -1, 15, 95, 5931 }, // U+0443
    { 16, 28, 267, 2, 23, 112, 6026 }, // U+0444
    { 18, 15, 267, 0, 15, 68, 6138 }, // U+0445
    { 15, 19, 267, 2, 15, 72, 6206 }, // U+0446
    { 15, 15, 267, 3, 15, 57, 6278 }, // U+0447
    { 17, 15, 267, 1, 15, 64, 6335 }, // U+0448
    { 17, 19, 267, 1, 15, 81, 6399 }, // U+0449
    { 14, 15, 267, 3, 15, 53, 6480 }, // U+044A
    { 19, 15, 267, 0, 15, 72, 6533 }, // U+044B
    { 14, 15, 267, 2, 15, 53, 6605 }, // U+044C
    { 15, 15, 267, 2, 15, 57, 6658 }, // U+044D
    { 17, 15, 267, 1, 15, 64, 6715 }, // U+044E
    { 17, 15, 267, 1, 15, 64, 6779 }, // U+044F
    { 15, 23, 267, 2, 23, 87, 6843 }, // U+0450
    { 16, 21, 267, 2, 21, 84, 6930 }, // U+0451
    { 15, 28, 267, 2, 23, 105, 7014 }, // U+0452
    { 14, 23, 267, 2, 23, 81, 7119 }, // U+0453
    { 15, 15, 267, 2, 15, 57, 7200 }, // U+0454
    { 15, 15, 267, 2, 15, 57, 7257 }, // U+0455
    { 11, 21, 267, 4, 21, 58, 7314 }, // U+0456
    { 12, 21, 267, 4, 21, 63, 7372 }, // U+0457
    { 17, 26, 267, 0, 21, 111, 7435 }, // U+0458
    { 17, 15, 267, 0, 15, 64, 7546 }, // U+0459
    { 16, 15, 267, 1, 15, 60, 7610 }, // U+045A
    { 15, 23, 267, 2, 23, 87, 7670 }, // U+045B
    { 16, 23, 267, 2, 23, 92, 7757 }, // U+045C
    { 15, 23, 267, 2, 23, 87, 7849 }, // U+045D
    { 19, 27, 267, -1, 22, 129, 7936 }, // U+045E
    { 15, 20, 267, 2, 15, 75, 8065 }, // U+045F
    { 14, 23, 267, 3, 23, 81, 8140 }, // U+0462
    { 17, 15, 267, 0, 15, 64, 8221 }, // U+0463
    { 16, 20, 267, 2, 20, 80, 8285 }, // U+0472
    { 15, 15, 267, 2, 15, 57, 8365 }, // U+0473
    { 17, 20, 267, 4, 20, 85, 8422 }, // U+0474
    { 16, 15, 267, 3, 15, 60, 8507 }, // U+0475
    { 18, 32, 267, 1, 26, 144, 8567 }, // U+048A
    { 15, 26, 267, 2, 21, 98, 8711 }, // U+048B
    { 14, 20, 267, 2, 20, 70, 8809 }, // U+048C
    { 14, 16, 267, 2, 16, 56, 8879 }, // U+048D
    { 17, 20, 267, 1, 20, 85, 8935 }, // U+048E
    { 17, 20, 267, 0, 15, 85, 9020 }, // U+048F
    { 20, 24, 267, 0, 24, 120, 9105 }, // U+0490
    { 15, 19, 267, 3, 19, 72, 9225 }, // U+0491
    { 20, 20, 267, 0, 20, 100, 9297 }, // U+0492
    { 15, 15, 267, 2, 15, 57, 9397 }, // U+0493
    { 16, 25, 267, 1, 20, 100, 9454 }, // U+0494
    { 14, 20, 267, 2, 15, 70, 9554 }, // U+0495
    { 22, 25, 267, -1, 20, 138, 9624 }, // U+0496
    { 20, 19, 267, -1, 15, 95, 9762 }, // U+0497
    { 18, 26, 267, 0, 20, 117, 9857 }, // U+0498
    { 15, 21, 267, 2, 15, 79, 9974 }, // U+0499
    { 19, 25, 267, 1, 20, 119, 10053 }, // U+049A
    { 16, 19, 267, 2, 15, 76, 10172 }, // U+049B
    { 20, 20, 267, 0, 20, 100, 10248 }, // U+049C
    { 19, 15, 267, 0, 15, 72, 10348 }, // U+049D
    { 19, 20, 267, 1, 20, 95, 10420 }, // U+049E
    { 17, 16, 267, 2, 16, 68, 10515 }, // U+049F
    { 17, 20, 267, 3, 20, 85, 10583 }, // U+04A0
    { 15, 15, 267, 3, 15, 57, 10668 }, // U+04A1
    { 18, 25, 267, 1, 20, 113, 10725 }, // U+04A2
    { 17, 19, 267, 1, 15, 81, 10838 }, // U+04A3
    { 20, 20, 267, 1, 20, 100, 10919 }, // U+04A4
    { 18, 15, 267, 1, 15, 68, 11019 }, // U+04A5
    { 17, 26, 267, 0, 20, 111, 11087 }, // U+04A6
    { 17, 20, 267, 0, 15, 85, 11198 }, // U+04A7
    { 16, 25, 267, 2, 20, 100, 11283 }, // U+04A8
    { 15, 20, 267, 2, 15, 75, 11383 }, // U+04A9
    { 17, 26, 267, 2, 20, 111, 11458 }, // U+04AA
    { 15, 21, 267, 2, 15, 79, 11569 }, // U+04AB
    { 15, 25, 267, 5, 20, 94, 11648 }, // U+04AC
    { 17, 19, 267, 1, 15, 81, 11742 }, // U+04AD
    { 17, 20, 267, 4, 20, 85, 11823 }, // U+04AE
    { 14, 20, 267, 4, 15, 70, 11908 }, // U+04AF
    { 18, 20, 267, 3, 20, 90, 11978 }, // U+04B0
    { 16, 20, 267, 2, 15, 80, 12068 }, // U+04B1
    { 20, 25, 267, 0, 20, 125, 12148 }, // U+04B2
    { 18, 19, 267, 0, 15, 86, 12273 }, // U+04B3
    { 17, 25, 267, 2, 20, 107, 12359 }, // U+04B4
    { 15, 19, 267, 2, 15, 72, 12466 }, // U+04B5
    { 15, 25, 267, 4, 20, 94, 12538 }, // U+04B6
    { 15, 19, 267, 3, 15, 72, 12632 }, // U+04B7
    { 16, 20, 267, 4, 20, 80, 12704 }, // U+04B8
    { 15, 15, 267, 3, 15, 57, 12784 }, // U+04B9
    { 16, 20, 267, 1, 20, 80, 12841 }, // U+04BA
    { 15, 23, 267, 1, 23, 87, 12921 }, // U+04BB
    { 17, 20, 267, 2, 20, 85, 13008 }, // U+04BC
    { 16, 15, 267, 2, 15, 60, 13093 }, // U+04BD
    { 17, 25, 267, 2, 20, 107, 13153 }, // U+04BE
    { 16, 19, 267, 2, 15, 76, 13260 }, // U+04BF
    { 16, 20, 267, 2, 20, 80, 13336 }, // U+04C0
    { 22, 27, 267, -1, 27, 149, 13416 }, // U+04C1
    { 20, 22, 267, -1, 22, 110, 13565 }, // U+04C2
    { 19, 25, 267, 1, 20, 119, 13675 }, // U+04C3
    { 16, 20, 267, 2, 15, 80, 13794 }, // U+04C4
    { 19, 26, 267, 0, 20, 124, 13874 }, // U+04C5
    { 17, 20, 267, 0, 15, 85, 13998 }, // U+04C6
    { 19, 26, 267, 1, 20, 124, 14083 }, // U+04C7
    { 17, 20, 267, 1, 15, 85, 14207 }, // U+04C8
    { 18, 26, 267, 1, 20, 117, 14292 }, // U+04C9
    { 16, 20, 267, 1, 15, 80, 14409 }, // U+04CA
    { 16, 25, 267, 4, 20, 100, 14489 }, // U+04CB
    { 15, 19, 267, 3, 15, 72, 14589 }, // U+04CC
    { 18, 26, 267, 0, 20, 117, 14661 }, // U+04CD
    { 17, 20, 267, 0, 15, 85, 14778 }, // U+04CE
    { 16, 20, 267, 2, 20, 80, 14863 }, // U+04CF
    { 20, 27, 267, -1, 27, 135, 14943 }, // U+04D0
    { 17, 22, 267, 2, 22, 94, 15078 }, // U+04D1
    { 19, 26, 267, -1, 26, 124, 15172 }, // U+04D2
    { 16, 21, 267, 2, 21, 84, 15296 }, // U+04D3
    { 20, 20, 267, 0, 20, 100, 15380 }, // U+04D4
    { 17, 15, 267, 1, 15, 64, 15480 }, // U+04D5
    { 17, 27, 267, 2, 27, 115, 15544 }, // U+04D6
    { 16, 22, 267, 2, 22, 88, 15659 }, // U+04D7
    { 16, 20, 267, 2, 20, 80, 15747 }, // U+04D8
    { 16, 15, 267, 2, 15, 60, 15827 }, // U+04D9
    { 16, 26, 267, 2, 26, 104, 15887 }, // U+04DA
    { 16, 21, 267, 2, 21, 84, 15991 }, // U+04DB
    { 22, 26, 267, -1, 26, 143, 16075 }, // U+04DC
    { 20, 21, 267, -1, 21, 105, 16218 }, // U+04DD
    { 18, 26, 267, 0, 26, 117, 16323 }, // U+04DE
    { 15, 21, 267, 2, 21, 79, 16440 }, // U+04DF
    { 18, 20, 267, 1, 20, 90, 16519 }, // U+04E0
    { 16, 20, 267, 1, 15, 80, 16609 }, // U+04E1
    { 19, 26, 267, 1, 26, 124, 16689 }, // U+04E2
    { 15, 21, 267, 2, 21, 79, 16813 }, // U+04E3
    { 19, 26, 267, 1, 26, 124, 16892 }, // U+04E4
    { 15, 21, 267, 2, 21, 79, 17016 }, // U+04E5
    { 16, 26, 267, 2, 26, 104, 17095 }, // U+04E6
    { 16, 21, 267, 2, 21, 84, 17199 }, // U+04E7
    { 16, 20, 267, 2, 20, 80, 17283 }, // U+04E8
    { 15, 15, 267, 2, 15, 57, 17363 }, // U+04E9
    { 17, 26, 267, 2, 26, 111, 17420 }, // U+04EA
    { 16, 21, 267, 2, 21, 84, 17531 }, // U+04EB
    { 17, 26, 267, 1, 26, 111, 17615 }, // U+04EC
    { 15, 21, 267, 2, 21, 79, 17726 }, // U+04ED
    { 20, 26, 267, 1, 26, 130, 17805 }, // U+04EE
    { 19, 26, 267, -1, 21, 124, 17935 }, // U+04EF
    { 20, 26, 267, 1, 26, 130, 18059 }, // U+04F0
    { 19, 26, 267, -1, 21, 124, 18189 }, // U+04F1
    { 20, 28, 267, 1, 28, 140, 18313 }, // U+04F2
    { 20, 28, 267, -1, 23, 140, 18453 }, // U+04F3
    { 16, 26, 267, 4, 26, 104, 18593 }, // U+04F4
    { 15, 21, 267, 3, 21, 79, 18697 }, // U+04F5
    { 20, 25, 267, 0, 20, 125, 18776 }, // U+04F6
    { 14, 19, 267, 2, 15, 67, 18901 }, // U+04F7
    { 20, 26, 267, 0, 26, 130, 18968 }, // U+04F8
    { 19, 21, 267, 0, 21, 100, 19098 }, // U+04F9
    { 17, 28, 267, 4, 28, 119, 0 }, // U+1EF2
    { 19, 28, 267, -1, 23, 133, 119 }, // U+1EF3
    { 13, 2, 267, 3, 10, 7, 0 }, // U+2013
    { 18, 2, 267, 1, 10, 9, 7 }, // U+2014
    { 18, 2, 267, 1, 10, 9, 16 }, // U+2015
    { 8, 9, 267, 8, 23, 18, 25 }, // U+2018
    { 9, 9, 267, 7, 21, 21, 43 }, // U+2019
    { 8, 8, 267, 3, 4, 16, 64 }, // U+201A
    { 14, 8, 267, 5, 22, 28, 80 }, // U+201C
    { 15, 8, 267, 4, 22, 30, 108 }, // U+201D
    { 14, 8, 267, 1, 4, 28, 138 }, // U+201E
    { 13, 24, 267, 4, 20, 78, 166 }, // U+2020
    { 15, 24, 267, 2, 20, 90, 244 }, // U+2021
    { 10, 9, 267, 5, 14, 23, 334 }, // U+2022
    { 16, 4, 267, 0, 4, 16, 357 }, // U+2026
    { 19, 20, 267, 1, 20, 95, 373 }, // U+2030
    { 8, 13, 267, 6, 15, 26, 468 }, // U+2039
    { 9, 13, 267, 5, 15, 30, 494 }, // U+203A
    { 20, 23, 267, 0, 23, 115, 524 }, // U+2044
    { 10, 11, 267, 6, 20, 28, 0 }, // U+2070
    { 11, 12, 267, 5, 21, 33, 28 }, // U+2074
    { 12, 12, 267, 5, 21, 36, 61 }, // U+2075
    { 10, 12, 267, 6, 21, 30, 97 }, // U+2076
    { 10, 12, 267, 7, 21, 30, 127 }, // U+2077
    { 11, 11, 267, 6, 20, 31, 157 }, // U+2078
    { 11, 12, 267, 5, 20, 33, 188 }, // U+2079
    { 11, 11, 267, 4, 11, 31, 221 }, // U+2080
    { 9, 12, 267, 4, 12, 27, 252 }, // U+2081
    { 10, 11, 267, 4, 11, 28, 279 }, // U+2082
    { 10, 11, 267, 4, 11, 28, 307 }, // U+2083
    { 11, 12, 267, 3, 12, 33, 335 }, // U+2084
    { 11, 12, 267, 3, 12, 33, 368 }, // U+2085
    { 10, 12, 267, 4, 12, 30, 401 }, // U+2086
    { 10, 12, 267, 5, 12, 30, 431 }, // U+2087
    { 11, 11, 267, 4, 11, 31, 461 }, // U+2088
    { 11, 12, 267, 4, 12, 33, 492 }, // U+2089
    { 19, 21, 267, 1, 21, 100, 0 }, // U+20AC
    { 17, 20, 267, 3, 20, 85, 100 }, // U+20AE
    { 16, 20, 267, 2, 20, 80, 185 }, // U+20B4
    { 17, 20, 267, 3, 20, 85, 265 }, // U+20B9
    { 16, 21, 267, 2, 21, 84, 0 }, // U+2202
    { 17, 20, 267, -1, 20, 85, 84 }, // U+2206
    { 19, 23, 267, 0, 20, 110, 169 }, // U+220F
    { 19, 23, 267, 1, 20, 110, 279 }, // U+2211
    { 15, 2, 267, 2, 10, 8, 389 }, // U+2212
    { 20, 23, 267, 0, 23, 115, 397 }, // U+2215
    { 6, 4, 267, 7, 11, 6, 512 }, // U+2219
    { 19, 23, 267, 2, 23, 110, 518 }, // U+221A
    { 15, 9, 267, 2, 13, 34, 628 }, // U+221E
    { 19, 28, 267, 0, 23, 133, 662 }, // U+222B
    { 17, 10, 267, 1, 15, 43, 795 }, // U+2248
    { 16, 16, 267, 2, 18, 64, 838 }, // U+2260
    { 18, 16, 267, 1, 17, 72, 902 }, // U+2264
    { 17, 16, 267, 1, 17, 68, 974 }, // U+2265
    { 24, 28, 267, -4, 23, 168, 0 }, // U+FB01
    { 24, 28, 267, -4, 23, 168, 168 }, // U+FB02
    { 17, 16, 267, 1, 16, 68, 0 }, // U+FFFD
};

static const EpdUnicodeInterval ubuntumono_16_italicIntervals[] = {
    { 0x0, 0x0, 0x0 },
    { 0x8, 0x9, 0x1 },
    { 0xD, 0xD, 0x3 },
    { 0x1D, 0x1D, 0x4 },
    { 0x20, 0x7E, 0x5 },
    { 0xA0, 0xFF, 0x64 },
    { 0x100, 0x17F, 0xC4 },
    { 0x1A0, 0x1A1, 0x144 },
    { 0x1AF, 0x1B0, 0x146 },
    { 0x1C4, 0x21F, 0x148 },
    { 0x311, 0x311, 0x1A4 },
    { 0x400, 0x45F, 0x1A5 },
    { 0x462, 0x463, 0x205 },
    { 0x472, 0x475, 0x207 },
    { 0x48A, 0x4F9, 0x20B },
    { 0x1EF2, 0x1EF3, 0x27B },
    { 0x2013, 0x2015, 0x27D },
    { 0x2018, 0x201A, 0x280 },
    { 0x201C, 0x201E, 0x283 },
    { 0x2020, 0x2022, 0x286 },
    { 0x2026, 0x2026, 0x289 },
    { 0x2030, 0x2030, 0x28A },
    { 0x2039, 0x203A, 0x28B },
    { 0x2044, 0x2044, 0x28D },
    { 0x2070, 0x2070, 0x28E },
    { 0x2074, 0x2079, 0x28F },
    { 0x2080, 0x2089, 0x295 },
    { 0x20AC, 0x20AC, 0x29F },
    { 0x20AE, 0x20AE, 0x2A0 },
    { 0x20B4, 0x20B4, 0x2A1 },
    { 0x20B9, 0x20B9, 0x2A2 },
    { 0x2202, 0x2202, 0x2A3 },
    { 0x2206, 0x2206, 0x2A4 },
    { 0x220F, 0x220F, 0x2A5 },
    { 0x2211, 0x2212, 0x2A6 },
    { 0x2215, 0x2215, 0x2A8 },
    { 0x2219, 0x221A, 0x2A9 },
    { 0x221E, 0x221E, 0x2AB },
    { 0x222B, 0x222B, 0x2AC },
    { 0x2248, 0x2248, 0x2AD },
    { 0x2260, 0x2260, 0x2AE },
    { 0x2264, 0x2265, 0x2AF },
    { 0xFB01, 0xFB02, 0x2B1 },
    { 0xFFFD, 0xFFFD, 0x2B3 },
};

static const EpdFontGroup ubuntumono_16_italicGroups[] = {
    { 0, 3416, 7576, 100, 0 },
    { 3416, 2984, 8643, 96, 100 },
    { 6400, 3765, 14013, 128, 196 },
    { 10165, 3851, 10954, 96, 324 },
    { 14016, 14, 12, 1, 420 },
    { 14030, 7205, 20568, 214, 421 },
    { 21235, 164, 280, 2, 635 },
    { 21399, 412, 700, 17, 637 },
    { 21811, 378, 594, 17, 654 },
    { 22189, 215, 385, 4, 671 },
    { 22404, 551, 1110, 14, 675 },
    { 22955, 192, 336, 2, 689 },
    { 23147, 70, 80, 1, 691 },
};

static const EpdFontData ubuntumono_16_italic = {
    ubuntumono_16_italicBitmaps,
    ubuntumono_16_italicGlyphs,
    ubuntumono_16_italicIntervals,
    44,
    33,
    28,
    -6,
    true,
    ubuntumono_16_italicGroups,
    13,
    nullptr,
    nullptr,
    nullptr,
    nullptr,
    0,
    0,
    0,
    0,
    nullptr,
    0,
};
