/**
 * generated by fontconvert.py
 * name: ubuntumono_18_bold
 * size: 18
 * mode: 2-bit  compressed: true
 * Command used: fontconvert.py ubuntumono_18_bold 18 ../builtinFonts/source/UbuntuMono/UbuntuMono-Bold.ttf --2bit --compress
 */
#pragma once
#include "EpdFontData.h"

static const uint8_t ubuntumono_18_boldBitmaps[21345] = {
    0xBD, 0x5A, 0xB1, 0x92, 0xE4, 0xB6, 0x11, 0xC5, 0x0C, 0xCB, 0xCB, 0x92, 0x59, 0x16, 0x13, 0x07,
    0xB6, 0x56, 0x65, 0x26, 0x4E, 0x1C, 0xD8, 0x88, 0x15, 0x91, 0xA5, 0x0B, 0x36, 0x70, 0x70, 0x0A,
    0xFC, 0x17, 0x56, 0xD5, 0xFA, 0x07, 0x5C, 0xA0, 0xA4, 0xE0, 0x02, 0x05, 0xBA, 0x4F, 0x70, 0xA0,
    0xC0, 0x99, 0xBE, 0xC0, 0x02, 0x4F, 0x0A, 0x14, 0x6C, 0xB0, 0x54, 0x29, 0x50, 0xA0, 0x60, 0x59,
    0x75, 0x57, 0x25, 0x67, 0x4B, 0xDB, 0x0C, 0x78, 0x16, 0x49, 0xF8, 0xBD, 0x06, 0xC8, 0xE1, 0xCC,
    0xCD, 0xAC, 0xF6, 0x74, 0x57, 0xBE, 0xDB, 0xEE, 0x9A, 0x1D, 0x02, 0x0D, 0xA0, 0xD1, 0xFD, 0xF0,
    0x1A, 0xDC, 0xBC, 0xCD, 0x4F, 0xFC, 0xD7, 0xAD, 0x6E, 0xB2, 0x46, 0xC9, 0xBF, 0xAC, 0x36, 0x9D,
    0xED, 0x4D, 0x97, 0xD5, 0xB6, 0x76, 0x55, 0x90, 0xD2, 0x56, 0x5E, 0x8C, 0x97, 0x22, 0x2F, 0xAD,
    0x12, 0x29, 0x8C, 0xD2, 0x2A, 0x57, 0x2A, 0x6D, 0xF3, 0x2A, 0xA8, 0x26, 0x2F, 0x55, 0xD6, 0x98,
    0x02, 0xA6, 0x6C, 0xA1, 0x74, 0xE5, 0x94, 0x71, 0xCE, 0x75, 0x07, 0x4A, 0xD9, 0x77, 0x07, 0xA5,
    0x5C, 0x24, 0xAA, 0x57, 0x6A, 0x8A, 0xFB, 0xA3, 0xED, 0xA2, 0x1E, 0x33, 0x8B, 0xFB, 0xAC, 0x56,
    0x71, 0xA7, 0x6B, 0x95, 0xEC, 0xC6, 0x69, 0x31, 0x8E, 0x4A, 0xD0, 0x75, 0xAD, 0x60, 0x4E, 0x5D,
    0xBA, 0x67, 0x6A, 0x8B, 0xBE, 0x2A, 0x71, 0x6E, 0x52, 0x99, 0x73, 0xA3, 0xD2, 0x83, 0x7A, 0x5F,
    0xE5, 0x2D, 0x1E, 0x7A, 0xC5, 0xB6, 0xDA, 0x15, 0x58, 0xAE, 0xC3, 0x47, 0xB4, 0x2B, 0xD5, 0x86,
    0x93, 0xC2, 0x97, 0xA3, 0x52, 0x1B, 0xEB, 0x68, 0x8B, 0xCF, 0xB7, 0x78, 0x82, 0x19, 0x42, 0x6D,
    0x5C, 0xA9, 0x1F, 0xC7, 0x58, 0x3A, 0x2D, 0x1B, 0x1A, 0x35, 0xEC, 0xB1, 0xB5, 0x53, 0xF1, 0xE2,
    0x34, 0xA0, 0xB0, 0x9E, 0xA8, 0xD7, 0x4E, 0xC5, 0x6D, 0xEE, 0x8A, 0xB4, 0x36, 0xBA, 0xD4, 0xE5,
    0x3F, 0xD2, 0xCA, 0x28, 0xA8, 0x11, 0xEA, 0x0B, 0xAC, 0x57, 0x3F, 0x6A, 0x55, 0xEE, 0x1E, 0xD6,
    0x18, 0x56, 0x57, 0xE8, 0x91, 0x73, 0x07, 0x26, 0xC8, 0x76, 0x80, 0xEB, 0xA2, 0x7F, 0xBB, 0x5A,
    0xA5, 0xDF, 0xBB, 0x56, 0x65, 0x57, 0x4F, 0x3B, 0x95, 0x3F, 0x44, 0x97, 0xCF, 0xD3, 0x27, 0xFD,
    0x66, 0x80, 0x8A, 0x3A, 0x58, 0x48, 0x9A, 0xE4, 0x69, 0x97, 0x55, 0xB1, 0x6B, 0xF3, 0x62, 0xEB,
    0x6A, 0xAB, 0x14, 0xBA, 0x25, 0xCF, 0x61, 0xC0, 0x62, 0xCA, 0xF0, 0x41, 0xAD, 0x22, 0x87, 0xFE,
    0xF1, 0x98, 0xB5, 0x98, 0x54, 0x1A, 0x54, 0x3C, 0xE0, 0xD7, 0x68, 0x34, 0x15, 0x9B, 0x60, 0xF6,
    0x5C, 0xB3, 0x72, 0x6D, 0x56, 0x47, 0x0E, 0x3E, 0x4E, 0xDD, 0xA8, 0xAB, 0xEC, 0x3F, 0x2E, 0xAF,
    0xF2, 0xCA, 0x39, 0x28, 0xCC, 0x3F, 0xAF, 0x52, 0xA7, 0xF2, 0x2A, 0x9A, 0xE0, 0xBF, 0xCC, 0x61,
    0xBA, 0xF0, 0x58, 0x0A, 0x85, 0x1E, 0xCE, 0xB4, 0xEA, 0xB2, 0xCB, 0x5A, 0x57, 0xCD, 0xFF, 0x6D,
    0x65, 0x4B, 0x53, 0xE6, 0x45, 0xCE, 0xC0, 0x50, 0x6F, 0x43, 0x3E, 0x57, 0x98, 0x47, 0xA1, 0x60,
    0x43, 0x5C, 0xEF, 0x1A, 0xF1, 0x6B, 0xE4, 0xFC, 0x86, 0xA5, 0xF8, 0x0A, 0x13, 0x52, 0x1A, 0x21,
    0x98, 0xD7, 0x90, 0x4A, 0x29, 0x73, 0x44, 0xF8, 0xBD, 0x3C, 0x47, 0x3B, 0x8D, 0xF6, 0x29, 0xF6,
    0x2B, 0x45, 0xFF, 0x78, 0xE2, 0x3E, 0x71, 0x1D, 0x6C, 0x80, 0x2F, 0xB3, 0xC9, 0x8F, 0xC7, 0x71,
    0x31, 0xFE, 0x2F, 0xB8, 0xD9, 0xD8, 0x41, 0x4C, 0x54, 0xE5, 0x03, 0x37, 0x96, 0xBB, 0x89, 0xB6,
    0xB6, 0xF1, 0xF1, 0xC0, 0x09, 0x70, 0x22, 0xD1, 0x48, 0x43, 0x7C, 0x48, 0x7F, 0x50, 0x8A, 0xA3,
    0xC2, 0xE7, 0x6C, 0x07, 0x77, 0xC0, 0xB5, 0x7E, 0x12, 0x59, 0xE7, 0x27, 0x06, 0xBB, 0x08, 0x12,
    0xA5, 0xF1, 0xB5, 0x61, 0x3C, 0x61, 0x98, 0x37, 0xD4, 0x1C, 0x99, 0x12, 0x1C, 0x08, 0x0C, 0xF5,
    0x66, 0xDC, 0xBD, 0xAD, 0xB2, 0x6F, 0xFE, 0x85, 0xC8, 0xFC, 0xE1, 0x07, 0x78, 0x96, 0x31, 0x25,
    0x4A, 0x6C, 0xE1, 0x23, 0x07, 0x32, 0xDC, 0x3D, 0x2D, 0xBB, 0x07, 0x4B, 0x43, 0x8A, 0xA5, 0xFF,
    0x76, 0xAB, 0x8E, 0x06, 0xDB, 0x81, 0x62, 0xE6, 0x14, 0x07, 0xEA, 0x1E, 0xDD, 0xE0, 0x2F, 0xB8,
    0x2D, 0x76, 0x55, 0xE2, 0x10, 0x53, 0x55, 0x84, 0xB5, 0xD8, 0x0A, 0x79, 0xAE, 0x2C, 0x7D, 0x8C,
    0x9D, 0x83, 0xF7, 0x7F, 0xCF, 0xD8, 0xEA, 0xD7, 0x3F, 0x82, 0x18, 0x83, 0x1B, 0xEC, 0x90, 0x03,
    0x35, 0xBC, 0x67, 0xC4, 0x35, 0xE2, 0x1B, 0xBF, 0x70, 0x59, 0x15, 0x57, 0x21, 0x1B, 0xE7, 0x93,
    0x10, 0xCB, 0x53, 0xB4, 0xEF, 0xF7, 0x6D, 0xC3, 0x1C, 0xF3, 0x5D, 0xA9, 0xB8, 0xA7, 0x2A, 0x19,
    0xE7, 0xAE, 0xA9, 0x24, 0x6C, 0xB7, 0xE4, 0x2F, 0xC1, 0xCA, 0xD6, 0xA1, 0x6B, 0x48, 0xCF, 0x22,
    0x74, 0xDD, 0x0D, 0x9D, 0x9E, 0x1A, 0x5A, 0x9D, 0x4B, 0xC4, 0xA3, 0xB3, 0xA4, 0x07, 0x22, 0x79,
    0x50, 0xD9, 0x90, 0x8E, 0x78, 0x0A, 0x13, 0x79, 0x8D, 0x0D, 0x46, 0xC0, 0xC1, 0x71, 0x54, 0xF6,
    0xC3, 0xC6, 0x96, 0xF6, 0x51, 0x07, 0xF5, 0x71, 0x3F, 0x7F, 0x92, 0xEF, 0xE0, 0x98, 0x72, 0xD7,
    0x4E, 0xBA, 0x89, 0x01, 0x31, 0x25, 0x46, 0xC5, 0xBC, 0x0C, 0xA4, 0x32, 0x0E, 0xA9, 0x96, 0x05,
    0x66, 0x12, 0x67, 0x8E, 0x1F, 0x98, 0x15, 0x54, 0x5A, 0xF6, 0xFF, 0x29, 0xD4, 0x1B, 0xD1, 0xD2,
    0xEE, 0xA5, 0x15, 0xD3, 0xB2, 0x38, 0x50, 0xEA, 0x12, 0x98, 0x10, 0x73, 0x1A, 0x9A, 0x13, 0xC2,
    0x68, 0x3D, 0xD0, 0x19, 0xA0, 0x98, 0x78, 0x1F, 0xC7, 0xE3, 0xDE, 0x6E, 0x65, 0xC3, 0xEC, 0x28,
    0x64, 0x2A, 0xFA, 0x95, 0x3E, 0xA5, 0x3C, 0x6C, 0xF2, 0xAB, 0x88, 0x5F, 0x31, 0x8D, 0x82, 0x77,
    0x3D, 0x9C, 0x02, 0x13, 0xF2, 0x7D, 0xA5, 0xEC, 0x73, 0x41, 0xD7, 0x8A, 0x43, 0xB6, 0x5C, 0x6A,
    0xAF, 0xD2, 0xC7, 0x7A, 0xD9, 0x96, 0x5D, 0x6C, 0x30, 0x57, 0x0C, 0x4D, 0x1B, 0x9A, 0x36, 0xF4,
    0x9A, 0x71, 0x02, 0xE6, 0xD3, 0xBC, 0xB8, 0xED, 0xA2, 0x7C, 0x84, 0x38, 0xF5, 0x87, 0x02, 0xD3,
    0xCA, 0xE9, 0xE7, 0x9C, 0x50, 0x6C, 0x38, 0xD0, 0x19, 0x87, 0x0C, 0x01, 0xE3, 0xE7, 0xDB, 0xB3,
    0x83, 0xA0, 0x7C, 0x1F, 0xF0, 0x3E, 0xBF, 0x25, 0x08, 0x7D, 0xD2, 0x63, 0x03, 0xD0, 0x2E, 0x1A,
    0xA0, 0x80, 0x8B, 0x70, 0x49, 0x9B, 0x32, 0xC6, 0xA1, 0x4C, 0x05, 0x85, 0x15, 0x00, 0xCE, 0xF6,
    0x55, 0xB0, 0x7C, 0x42, 0x61, 0xBB, 0x87, 0x3D, 0x21, 0xA8, 0x10, 0xA1, 0x06, 0x9F, 0xF6, 0x09,
    0x4E, 0x26, 0xB8, 0xA3, 0x80, 0x34, 0x29, 0x9D, 0x71, 0xC6, 0x35, 0xD2, 0xB7, 0xB1, 0xF3, 0xCB,
    0x9A, 0x25, 0x9E, 0xDE, 0x01, 0x86, 0x70, 0xA3, 0xB0, 0xAA, 0xD6, 0xC2, 0x97, 0x67, 0xE8, 0xAB,
    0xD4, 0xD9, 0xC0, 0xB0, 0x21, 0x68, 0x52, 0x89, 0x8B, 0xDC, 0x88, 0xA3, 0x82, 0x33, 0x4B, 0xA6,
    0x5D, 0xB8, 0xFF, 0x49, 0x36, 0xA4, 0xF4, 0x8E, 0xF1, 0x2E, 0x9A, 0x3E, 0x83, 0xB3, 0x6A, 0x89,
    0xEF, 0xAD, 0x0F, 0xF2, 0x22, 0x6F, 0xA8, 0x5A, 0xC4, 0xAD, 0x96, 0xB8, 0x1D, 0x61, 0x62, 0x8E,
    0xDB, 0x8E, 0x71, 0x8B, 0x14, 0x3B, 0x9F, 0xD4, 0x0A, 0x9F, 0x56, 0x48, 0xB5, 0x0A, 0x80, 0x5D,
    0x66, 0x2E, 0x49, 0x79, 0x90, 0x8F, 0x27, 0x51, 0x40, 0x52, 0x79, 0x07, 0x05, 0x0B, 0x1E, 0x78,
    0xA5, 0x27, 0xC9, 0x92, 0x86, 0x5E, 0x1B, 0x38, 0x35, 0x00, 0x66, 0x8F, 0x71, 0xF3, 0x26, 0x2C,
    0x81, 0x9F, 0x26, 0x8C, 0x0F, 0xE8, 0x4E, 0x27, 0xD8, 0x8F, 0x19, 0x67, 0x1B, 0x27, 0x28, 0xCC,
    0xCC, 0xEE, 0x2D, 0x56, 0xDE, 0xB0, 0x47, 0x35, 0x27, 0x35, 0x86, 0x70, 0x21, 0x6D, 0xBB, 0x38,
    0x2C, 0x66, 0x95, 0xAC, 0x97, 0x3C, 0xCF, 0xB3, 0xE7, 0x6A, 0x6D, 0x85, 0x4F, 0x75, 0x9F, 0x09,
    0x3E, 0x4C, 0xDE, 0x7F, 0x46, 0x40, 0xC2, 0x3B, 0x51, 0x79, 0x27, 0x16, 0xDA, 0x7D, 0x26, 0xA6,
    0x1C, 0x4D, 0x39, 0x02, 0x25, 0x93, 0xFC, 0x62, 0xD9, 0x16, 0xC6, 0xE3, 0x86, 0x63, 0x64, 0x3C,
    0xD8, 0x9D, 0x9C, 0x88, 0xB2, 0x95, 0x58, 0x7E, 0xF2, 0x6C, 0x26, 0x5F, 0x2B, 0x28, 0x9D, 0xFF,
    0xED, 0x7F, 0xBF, 0x19, 0x79, 0xC4, 0x00, 0xA3, 0x53, 0x41, 0x6A, 0x40, 0xF6, 0x66, 0x54, 0x07,
    0xFF, 0xA4, 0x0D, 0xBC, 0x56, 0xA6, 0x33, 0x9A, 0x13, 0x60, 0xF3, 0x02, 0x50, 0x8E, 0xAD, 0x40,
    0xB6, 0x01, 0xCA, 0xDF, 0x91, 0x96, 0xBF, 0x56, 0xE1, 0xC0, 0xD3, 0x4E, 0x30, 0x02, 0x4D, 0xE0,
    0xE5, 0x8C, 0xC1, 0x63, 0x18, 0x72, 0x86, 0xB6, 0xBD, 0xE2, 0xAF, 0xF2, 0x40, 0x9A, 0xF8, 0xC6,
    0xD2, 0xCD, 0x1B, 0x80, 0xA9, 0xA3, 0x07, 0xCF, 0x91, 0x7F, 0xC7, 0xDA, 0x71, 0x22, 0x4A, 0x73,
    0xD5, 0xF9, 0x34, 0x8F, 0xA6, 0x9D, 0x1C, 0xB7, 0x81, 0xA4, 0x15, 0xFC, 0xB6, 0x50, 0x72, 0xC0,
    0xCA, 0x27, 0x7E, 0x27, 0x4F, 0xA5, 0x9D, 0xE0, 0x87, 0xF4, 0x15, 0x2B, 0x62, 0x6F, 0x63, 0x3B,
    0x79, 0x88, 0x5D, 0xAE, 0x89, 0x41, 0xBF, 0x29, 0x6C, 0xEB, 0xE3, 0x95, 0x42, 0xB2, 0x60, 0x18,
    0x2F, 0xB5, 0xD8, 0x64, 0x22, 0x72, 0x8F, 0x4C, 0xE3, 0x03, 0xD1, 0x96, 0x07, 0xB3, 0x2E, 0x05,
    0xFE, 0x64, 0x0B, 0x05, 0xAB, 0xE4, 0xC8, 0x7A, 0xCC, 0x69, 0x0E, 0x7E, 0xB7, 0x41, 0x43, 0x6C,
    0x89, 0x4C, 0xCF, 0xAB, 0x04, 0x70, 0x57, 0xE3, 0xC8, 0x4E, 0x9B, 0xAC, 0xCA, 0x5C, 0xA3, 0x2B,
    0x0B, 0x92, 0xF6, 0x21, 0x66, 0x90, 0x3F, 0xA0, 0xBA, 0x00, 0x23, 0x33, 0x24, 0x63, 0x26, 0xE9,
    0x5E, 0x50, 0xF9, 0x05, 0x1E, 0xE4, 0x0F, 0x46, 0xA8, 0x8F, 0xD0, 0x18, 0x14, 0x1A, 0xE4, 0xAC,
    0x02, 0x28, 0xA6, 0x4D, 0x32, 0x95, 0x09, 0x13, 0x88, 0x54, 0x85, 0xF3, 0xDE, 0x94, 0x1E, 0xF6,
    0x04, 0x64, 0xC1, 0x7C, 0x4B, 0x4F, 0x7C, 0x62, 0x0F, 0xD0, 0x84, 0x2B, 0x39, 0x7B, 0x38, 0x5B,
    0x7D, 0x43, 0xFE, 0x73, 0x4D, 0xF5, 0x31, 0x4C, 0xD8, 0x8B, 0x7E, 0xE1, 0xDF, 0x83, 0xDA, 0x4C,
    0x48, 0xA3, 0xED, 0x88, 0xC0, 0x8E, 0x86, 0x8D, 0x8F, 0x5F, 0xA2, 0x94, 0x67, 0x79, 0x95, 0x28,
    0x50, 0x34, 0x53, 0x23, 0x71, 0xF3, 0x06, 0x89, 0x8B, 0xB2, 0xA1, 0x81, 0x42, 0xE2, 0xEA, 0x0E,
    0x39, 0x9F, 0xF5, 0x24, 0xDD, 0xEC, 0x44, 0x52, 0x08, 0x01, 0x1D, 0x34, 0x1D, 0x7A, 0xF7, 0x3B,
    0xC9, 0xF0, 0xBB, 0x69, 0x03, 0x92, 0xB2, 0x6D, 0x03, 0xE1, 0xF7, 0xA3, 0x2B, 0xA3, 0x09, 0xE2,
    0x82, 0x4C, 0x18, 0x6B, 0xC4, 0xB3, 0x41, 0xEC, 0xA0, 0xFD, 0x9F, 0xDD, 0x73, 0x3A, 0xDA, 0xC7,
    0x03, 0xC3, 0x41, 0x1A, 0xF2, 0x6C, 0x2B, 0x2E, 0x49, 0xED, 0xB7, 0x81, 0x50, 0x34, 0x2F, 0x02,
    0xC8, 0x31, 0x25, 0x4D, 0x04, 0x72, 0xE6, 0x62, 0x60, 0x0B, 0x0F, 0x15, 0x9A, 0x4E, 0x74, 0xC5,
    0xD6, 0xF9, 0xD0, 0x47, 0x44, 0x9F, 0xC1, 0x6D, 0x97, 0xD8, 0x5F, 0x96, 0x11, 0xFC, 0x56, 0xE6,
    0x5C, 0x5A, 0xAC, 0x23, 0x1B, 0xB0, 0x26, 0x48, 0x7C, 0x38, 0xF7, 0x43, 0x99, 0x7C, 0x1B, 0xB6,
    0xD5, 0xBD, 0xFB, 0x40, 0xD6, 0x53, 0x7B, 0x5B, 0xA3, 0xD8, 0x46, 0xD4, 0xF4, 0x7B, 0x52, 0x85,
    0xD8, 0x5B, 0x0B, 0xFA, 0xEC, 0xC9, 0xB1, 0x36, 0xBB, 0xB6, 0xE3, 0x81, 0x0C, 0x7B, 0x72, 0xBA,
    0x5F, 0xB3, 0x27, 0x77, 0x8D, 0xB1, 0x12, 0x38, 0xC9, 0xBB, 0x8B, 0x89, 0xE8, 0x88, 0x09, 0x84,
    0x40, 0x24, 0xB3, 0x5E, 0x48, 0xC4, 0x89, 0x7D, 0x81, 0x0F, 0xF6, 0x95, 0x07, 0xE6, 0x1A, 0x0A,
    0xDD, 0xA0, 0x3A, 0x28, 0xA4, 0xA4, 0x2B, 0x93, 0x79, 0xC7, 0x4B, 0x4E, 0xB3, 0x94, 0x7A, 0x4D,
    0xA0, 0xF7, 0xDE, 0xEA, 0x08, 0xDC, 0xBC, 0x9C, 0x81, 0x45, 0x85, 0xB8, 0x5C, 0x44, 0x96, 0xF8,
    0x0A, 0x72, 0x68, 0x0F, 0xCB, 0x9C, 0xD6, 0xE2, 0xCF, 0xCF, 0x97, 0x95, 0x78, 0x7C, 0x43, 0xA5,
    0x63, 0x56, 0x9A, 0x81, 0x04, 0x00, 0xD2, 0x10, 0xB7, 0x37, 0x16, 0xCC, 0x06, 0x87, 0x17, 0x9C,
    0x17, 0xF1, 0xF0, 0x02, 0xF7, 0x33, 0x35, 0xC8, 0x9E, 0xA9, 0x73, 0xE6, 0x36, 0xCA, 0x21, 0x83,
    0x7A, 0x5F, 0x99, 0x6F, 0x10, 0xFB, 0xE6, 0x3B, 0x98, 0x31, 0xB7, 0xFD, 0x42, 0xC6, 0x66, 0x46,
    0x66, 0x6E, 0xF9, 0xE0, 0x5B, 0xE2, 0xED, 0xD7, 0x6C, 0x5C, 0x5B, 0xF6, 0xCD, 0xFB, 0xD9, 0x54,
    0x3A, 0xA9, 0x60, 0x7E, 0xEB, 0x77, 0xA9, 0xE2, 0x96, 0xD6, 0xCC, 0xB7, 0xD7, 0x2A, 0x88, 0xED,
    0xB5, 0xA0, 0x18, 0x14, 0xD2, 0x66, 0x2B, 0x1C, 0xB5, 0x40, 0x2C, 0xA0, 0x58, 0x95, 0x4E, 0x5B,
    0x62, 0x17, 0xC8, 0x51, 0xE6, 0x62, 0x57, 0x67, 0x37, 0x7F, 0xBC, 0xAD, 0xB3, 0xEB, 0xEB, 0x6B,
    0xA8, 0x9B, 0xEB, 0x5A, 0x5F, 0xB9, 0x4F, 0x1A, 0xFD, 0x95, 0x7B, 0xD8, 0xE8, 0x2F, 0x5D, 0x1A,
    0xD4, 0x17, 0x13, 0x40, 0xF7, 0xC9, 0x98, 0xAE, 0xAF, 0x19, 0xEE, 0x54, 0x9E, 0x48, 0xD4, 0x54,
    0x2D, 0x55, 0x4F, 0x35, 0x50, 0x4D, 0x54, 0x4E, 0x54, 0x49, 0x55, 0x41, 0xDD, 0x34, 0x50, 0xD7,
    0x2D, 0xD4, 0x97, 0x3D, 0xD4, 0x17, 0x03, 0x6B, 0x87, 0x91, 0x8A, 0x11, 0x09, 0x88, 0x87, 0xCA,
    0xA9, 0x32, 0xAA, 0x94, 0x2A, 0xA6, 0x8A, 0xA8, 0xB6, 0xA1, 0xD0, 0x80, 0x42, 0x99, 0xCF, 0x7A,
    0x62, 0xE3, 0xE4, 0xE4, 0x02, 0x57, 0x0B, 0x14, 0x25, 0x99, 0x7C, 0x05, 0x22, 0xA1, 0x6A, 0x97,
    0xA4, 0x62, 0x7A, 0x55, 0x27, 0x95, 0x5D, 0x25, 0x9F, 0xF0, 0x41, 0x18, 0x10, 0x53, 0x62, 0x54,
    0xCC, 0xCB, 0x40, 0x32, 0xA4, 0x73, 0xFF, 0x9C, 0xB1, 0xB0, 0x95, 0x98, 0x2D, 0x35, 0xF0, 0x2D,
    0x3E, 0x82, 0x81, 0xC9, 0x24, 0xCF, 0x76, 0x38, 0x8E, 0x3E, 0xCF, 0xA4, 0x56, 0xBB, 0x4B, 0x76,
    0xEB, 0x8A, 0xFE, 0x3F, 0xEB, 0x6A, 0x3C, 0xCB, 0x14, 0x7E, 0x8E, 0x31, 0x9F, 0xF1, 0xA4, 0xF1,
    0x14, 0xA7, 0x08, 0x14, 0x57, 0x5D, 0x2A, 0xCE, 0x5C, 0x09, 0xA7, 0x23, 0x7E, 0x53, 0x11, 0xA1,
    0xAC, 0x20, 0x14, 0x36, 0xBB, 0x64, 0xCC, 0x95, 0xC9, 0xF2, 0x49, 0xBE, 0x03, 0xC9, 0xF2, 0xED,
    0x42, 0x8F, 0xD9, 0xC0, 0x87, 0x30, 0x1C, 0x10, 0x0F, 0xC8, 0x18, 0xC0, 0x0E, 0x25, 0x54, 0xE8,
    0x1B, 0x13, 0xF1, 0x30, 0x53, 0x57, 0xF2, 0x4E, 0xE3, 0xDC, 0xDF, 0x4C, 0x0D, 0x9E, 0x00, 0x4B,
    0x01, 0xA5, 0x7B, 0xF5, 0x97, 0x15, 0x77, 0xF6, 0x9F, 0x84, 0x85, 0x93, 0x8A, 0xA4, 0x02, 0x19,
    0xCE, 0x97, 0x52, 0xBC, 0x86, 0x92, 0xCB, 0x1D, 0xED, 0xCB, 0xA6, 0x22, 0xF0, 0x72, 0x04, 0xD1,
    0xAF, 0xC8, 0x55, 0xF4, 0xE3, 0x44, 0x08, 0xF0, 0xC4, 0x74, 0x1A, 0x7C, 0x71, 0xB8, 0xB1, 0x81,
    0xF0, 0xB7, 0x07, 0x4A, 0xBD, 0x42, 0x51, 0x7A, 0x5F, 0xB5, 0xDB, 0xB2, 0x57, 0x56, 0xAB, 0xC4,
    0xF4, 0x2C, 0x9D, 0x15, 0x03, 0x6B, 0x07, 0xB9, 0x10, 0x9C, 0x09, 0x7F, 0xE3, 0x09, 0x3F, 0x36,
    0x22, 0xEB, 0xE0, 0x4E, 0xDD, 0x7A, 0x6E, 0x43, 0x25, 0x54, 0x07, 0xD5, 0x8A, 0xA9, 0x3D, 0xAC,
    0x50, 0xC9, 0x16, 0xC7, 0x4C, 0xEF, 0x68, 0x04, 0x4D, 0xDA, 0x02, 0x60, 0xE0, 0x51, 0x22, 0xAE,
    0x67, 0x52, 0x0F, 0xC8, 0x03, 0x1F, 0x11, 0x34, 0xAF, 0xBA, 0x40, 0xB6, 0xF4, 0x6D, 0xE3, 0x09,
    0xBF, 0xA7, 0x62, 0x29, 0x63, 0x2B, 0x9E, 0x8B, 0xA3, 0xFB, 0xA2, 0x4C, 0x5E, 0xFD, 0xDD, 0xE3,
    0x12, 0x10, 0x6A, 0xC1, 0x2A, 0x81, 0x2E, 0x01, 0x31, 0xC2, 0x99, 0x07, 0xB6, 0x9B, 0x47, 0x37,
    0x75, 0x76, 0x1B, 0xDD, 0xD6, 0x84, 0xBD, 0xDA, 0x03, 0xE0, 0x28, 0x78, 0x48, 0x25, 0xEB, 0x00,
    0xF7, 0xAF, 0x64, 0x81, 0x19, 0x31, 0x5B, 0x1E, 0xC4, 0x13, 0x3C, 0x14, 0x39, 0xCE, 0xC8, 0x3D,
    0x42, 0xBC, 0xD8, 0x6B, 0x56, 0xC9, 0x84, 0x7C, 0x4D, 0x0F, 0xC9, 0xC4, 0x85, 0x52, 0x46, 0x3E,
    0x29, 0x64, 0x1D, 0x4D, 0x68, 0x62, 0x6E, 0x48, 0x24, 0xAF, 0xC0, 0x21, 0xDD, 0x83, 0x09, 0x2D,
    0xE0, 0x92, 0x18, 0xCE, 0x91, 0x68, 0xAE, 0x38, 0x86, 0xE7, 0x8B, 0x70, 0xB1, 0xEE, 0xBC, 0x9F,
    0xC5, 0xBB, 0x98, 0x46, 0xE3, 0x2B, 0x6D, 0x99, 0xC1, 0x48, 0x9F, 0xBA, 0x9D, 0x3B, 0x1F, 0xD1,
    0x93, 0x57, 0x52, 0xAC, 0xEF, 0x4D, 0x23, 0xF1, 0xD3, 0x78, 0xC9, 0xB8, 0x7A, 0xB1, 0x80, 0x9D,
    0xF6, 0x6B, 0xD7, 0x99, 0xA2, 0x6C, 0x16, 0xF3, 0xBB, 0x1B, 0x24, 0xDD, 0xAE, 0x5B, 0xA8, 0x23,
    0x2D, 0xA4, 0xA6, 0xA5, 0x65, 0xB9, 0x1D, 0x5E, 0x91, 0x0C, 0x4B, 0xD2, 0x35, 0xFF, 0xF0, 0xBA,
    0xE8, 0x35, 0xFD, 0xAC, 0xCC, 0x4A, 0xFE, 0xCB, 0x14, 0x65, 0x16, 0xBB, 0x7B, 0x15, 0x99, 0xDE,
    0xEE, 0xE6, 0x24, 0x24, 0x7E, 0x39, 0x33, 0x30, 0x4F, 0x80, 0x17, 0x04, 0xF1, 0x9D, 0xFB, 0xC5,
    0xC2, 0x38, 0x57, 0xEE, 0xC1, 0xC2, 0x7E, 0x67, 0x4F, 0xA1, 0x97, 0xCE, 0x7E, 0xF8, 0xFE, 0xF4,
    0xF0, 0x24, 0xFA, 0xF3, 0x0F, 0x47, 0x79, 0x4D, 0x3F, 0x7B, 0x66, 0xB7, 0xFE, 0x56, 0xA8, 0x0C,
    0x05, 0xF5, 0x2A, 0x36, 0xBF, 0x1A, 0x95, 0x04, 0x77, 0x32, 0x6D, 0x24, 0x13, 0x6C, 0x0D, 0x6E,
    0x29, 0x09, 0x9E, 0x35, 0x9B, 0x4A, 0xBD, 0x49, 0x56, 0x29, 0xEC, 0x7B, 0xAD, 0xB6, 0xB0, 0xC3,
    0xC2, 0x06, 0x86, 0x24, 0xE2, 0x71, 0xE4, 0xFE, 0x5C, 0xC0, 0x91, 0x97, 0x37, 0x38, 0x3C, 0x7A,
    0x5E, 0xF0, 0x6C, 0x0B, 0x1E, 0x57, 0x81, 0x75, 0x7D, 0xE6, 0x1C, 0x99, 0x2A, 0xF0, 0xC5, 0x31,
    0x0C, 0xF2, 0x2E, 0x72, 0x24, 0x41, 0x79, 0xB7, 0x95, 0xDF, 0xF9, 0x3D, 0x9F, 0x63, 0xB4, 0x4F,
    0x7F, 0x94, 0x59, 0x7F, 0x37, 0x72, 0x52, 0x28, 0x1A, 0xE5, 0xF2, 0xA7, 0xB7, 0x8D, 0x06, 0x73,
    0x4F, 0x46, 0x5B, 0x45, 0x13, 0xC4, 0xAD, 0x64, 0xF2, 0xC2, 0x67, 0x9A, 0x0C, 0xBF, 0x0B, 0x0C,
    0xBE, 0x78, 0x8B, 0x57, 0x38, 0x67, 0x2C, 0x9D, 0x4C, 0x28, 0x6B, 0xFC, 0x0B, 0x11, 0xB0, 0x8A,
    0x9F, 0xF1, 0x10, 0x79, 0xE1, 0x02, 0xE6, 0x20, 0x22, 0xA4, 0x09, 0x78, 0xC8, 0x99, 0xD4, 0x45,
    0xF2, 0x46, 0x85, 0x35, 0x36, 0x1C, 0x7C, 0xE6, 0xFE, 0x1B, 0x36, 0xF8, 0x0E, 0xB1, 0xDF, 0x8F,
    0x31, 0x79, 0x19, 0x24, 0xA7, 0x74, 0xD9, 0x68, 0xEB, 0x18, 0xB3, 0x44, 0x3D, 0x74, 0x20, 0xFC,
    0xDE, 0x34, 0xF1, 0x98, 0xF7, 0xF1, 0xA8, 0x43, 0x9F, 0xAD, 0xDC, 0xF5, 0xB8, 0x4F, 0xE5, 0xFE,
    0x49, 0x8E, 0xE9, 0x58, 0x62, 0xC7, 0x5F, 0x01, 0xF1, 0xDE, 0xA6, 0x59, 0x2E, 0x74, 0x02, 0x1F,
    0x09, 0x4A, 0x7E, 0x5D, 0x05, 0xE8, 0xA8, 0xDE, 0x27, 0xE6, 0xCB, 0x89, 0x2F, 0x04, 0x06, 0x06,
    0xCF, 0xE5, 0x32, 0x8D, 0xC8, 0x1F, 0xD3, 0x74, 0xC6, 0x23, 0x3A, 0x67, 0x09, 0x6D, 0xBA, 0xB3,
    0xCA, 0x5F, 0x62, 0x2D, 0xD7, 0x51, 0xD6, 0x27, 0xF2, 0x9E, 0x5A, 0x5D, 0x56, 0xBD, 0x8A, 0x3A,
    0x77, 0x9F, 0x62, 0x69, 0x13, 0xB7, 0x05, 0x53, 0x98, 0xF2, 0x31, 0x9A, 0x4C, 0x8B, 0xDD, 0xAC,
    0xE7, 0x5D, 0xDD, 0x89, 0x69, 0xA2, 0x29, 0xEF, 0x92, 0x89, 0xD0, 0x05, 0x27, 0x4C, 0x31, 0xD7,
    0x61, 0xBF, 0x5F, 0xF8, 0xFE, 0xEF, 0x50, 0x70, 0xF1, 0xBA, 0x90, 0x97, 0x1C, 0x46, 0xAE, 0x0B,
    0xFB, 0x1F, 0xAF, 0xDF, 0x40, 0xEF, 0xAD, 0xF7, 0x58, 0x2D, 0x91, 0x86, 0xBC, 0xB0, 0x80, 0x6C,
    0x1E, 0x76, 0x41, 0x86, 0xFB, 0x88, 0xD2, 0xC5, 0x72, 0xF5, 0xD7, 0xCC, 0x4A, 0x7E, 0xD5, 0x7B,
    0xB7, 0x3F, 0x96, 0x29, 0x79, 0xA0, 0x3C, 0x76, 0xDC, 0x57, 0x65, 0xC3, 0x99, 0xF2, 0x37, 0x67,
    0xF2, 0xCE, 0x2E, 0x12, 0xA6, 0xC6, 0xCB, 0x6D, 0x19, 0x89, 0xD0, 0xC4, 0xB1, 0x9D, 0x7F, 0x0F,
    0xB3, 0x1A, 0x1D, 0xAD, 0xDB, 0xB5, 0xF8, 0x17, 0x4E, 0x2F, 0x2B, 0x5A, 0xE4, 0x4D, 0x30, 0x7D,
    0x06, 0x8C, 0xE6, 0xCB, 0x31, 0xDE, 0x47, 0xD8, 0x67, 0x2F, 0xB1, 0xEB, 0x38, 0x8D, 0x91, 0xA8,
    0xDC, 0x1B, 0x44, 0xA7, 0x25, 0x51, 0xB5, 0x5F, 0x92, 0xF8, 0x5C, 0xF1, 0xBC, 0xBB, 0xE1, 0xBD,
    0x0C, 0xC1, 0x2B, 0x28, 0xFE, 0x7A, 0xCD, 0xF3, 0x58, 0x9A, 0x3C, 0x91, 0xF7, 0x31, 0x96, 0xDD,
    0x80, 0x5F, 0xD8, 0xA8, 0x81, 0x8C, 0x04, 0x51, 0x00, 0x20, 0x78, 0x0D, 0xBE, 0x7D, 0xA5, 0x3D,
    0x30, 0xCF, 0x91, 0xA8, 0xE7, 0xC2, 0x78, 0xE5, 0xAE, 0x44, 0x0A, 0x65, 0x24, 0x64, 0xDA, 0xD9,
    0xD2, 0x25, 0x5D, 0x5E, 0xB9, 0xF8, 0x94, 0x22, 0x0B, 0xBA, 0x5B, 0xBD, 0xE5, 0x0E, 0xE2, 0xB4,
    0x32, 0x3F, 0x2D, 0x4E, 0xCF, 0xE7, 0xDA, 0x22, 0x91, 0x37, 0x20, 0xC4, 0x03, 0xA1, 0x84, 0xA6,
    0xE5, 0xC5, 0x1D, 0x68, 0xE2, 0xD1, 0x8A, 0x42, 0x1E, 0x20, 0xFF, 0x70, 0xBA, 0x2F, 0xFC, 0x51,
    0x0C, 0xEC, 0xAA, 0xA2, 0xD5, 0x0C, 0x1B, 0xC1, 0xE0, 0x2A, 0xE7, 0x88, 0x44, 0xBB, 0xE9, 0x00,
    0xB3, 0x77, 0x78, 0x5D, 0x0B, 0x5E, 0xF7, 0x01, 0xE3, 0x2B, 0xC1, 0xFC, 0x53, 0xB7, 0x2C, 0x87,
    0x48, 0x31, 0xEC, 0x23, 0x85, 0x0B, 0xB2, 0x87, 0x16, 0x28, 0x75, 0x74, 0x40, 0x0B, 0xB9, 0x49,
    0x30, 0x4F, 0x4F, 0xDE, 0x18, 0x6C, 0xAC, 0xFB, 0x9B, 0xF1, 0x67, 0x47, 0xEB, 0x91, 0x40, 0xBD,
    0x77, 0xDF, 0x1B, 0xA0, 0xBD, 0x79, 0x02, 0x52, 0x99, 0x5F, 0x18, 0xB7, 0xE1, 0xAD, 0x83, 0x69,
    0xCE, 0x6A, 0x79, 0x7D, 0x4B, 0x36, 0x8C, 0xF2, 0x84, 0xD5, 0x89, 0xBC, 0x96, 0x3E, 0x97, 0xD3,
    0xB9, 0x27, 0xE5, 0xF8, 0x2B, 0x0E, 0x59, 0xFA, 0xCC, 0x05, 0x3F, 0xC8, 0x91, 0x75, 0x76, 0x22,
    0x83, 0xEC, 0x0E, 0xE1, 0x17, 0x75, 0xEF, 0xEC, 0xF3, 0xA7, 0x5C, 0x7B, 0x56, 0x10, 0xEB, 0x4B,
    0xFF, 0x82, 0x24, 0x25, 0xEA, 0x6F, 0x30, 0x24, 0xE9, 0xF1, 0x7D, 0x64, 0x09, 0x3A, 0x94, 0x05,
    0xA6, 0x4B, 0x09, 0xB8, 0x3D, 0xEB, 0x32, 0x89, 0x08, 0x3B, 0xBD, 0x37, 0x53, 0x5C, 0x7D, 0x58,
    0x40, 0xF8, 0xDA, 0x61, 0x24, 0xD3, 0x66, 0xD9, 0xB0, 0x25, 0xCF, 0xDD, 0xB8, 0x8B, 0xC1, 0xBF,
    0x8A, 0xF2, 0xC9, 0x1F, 0x38, 0x37, 0xA3, 0xCA, 0x93, 0xEC, 0xC2, 0xBF, 0x1A, 0x92, 0x6D, 0x02,
    0x03, 0x89, 0x7B, 0x03, 0xD5, 0x99, 0x52, 0x21, 0xA7, 0x4A, 0xFE, 0x35, 0x44, 0x39, 0x42, 0x7D,
    0x30, 0x25, 0xBC, 0x5C, 0x86, 0x0A, 0x37, 0x19, 0x0F, 0x59, 0x1D, 0x7C, 0x82, 0x9A, 0xE0, 0xF6,
    0xBA, 0x4E, 0x6F, 0xAE, 0x6F, 0xAA, 0xF4, 0xF6, 0xE3, 0xDB, 0x2A, 0x75, 0x17, 0x7C, 0x1B, 0x10,
    0xB1, 0xC8, 0x44, 0xC0, 0xC7, 0x72, 0xD3, 0x8B, 0x59, 0xF1, 0xBC, 0x07, 0x19, 0x27, 0x9C, 0xC8,
    0xFC, 0xB6, 0x9E, 0x82, 0x5F, 0xC9, 0x1B, 0xA6, 0x6E, 0xCD, 0xBE, 0x77, 0xFC, 0x3F, 0xF3, 0xFC,
    0x5F, 0x10, 0x8A, 0xD4, 0xFF, 0x02, 0xD4, 0x9F, 0x46, 0x3D, 0xEB, 0xEF, 0xFC, 0x9D, 0x12, 0x6A,
    0x0C, 0x12, 0x2D, 0xBE, 0x55, 0xA3, 0x79, 0x43, 0x1F, 0x58, 0xE1, 0xFA, 0x52, 0xE1, 0x62, 0x20,
    0xBE, 0x38, 0x70, 0xEF, 0x52, 0x7D, 0x24, 0x38, 0x87, 0x21, 0xF3, 0x6F, 0xA1, 0xF4, 0x0F, 0x7C,
    0x8F, 0x4F, 0x6F, 0xA4, 0x54, 0x31, 0x5D, 0x12, 0x2D, 0xEF, 0x89, 0x37, 0xB3, 0x4B, 0x7E, 0xC9,
    0x57, 0x95, 0xDA, 0xCD, 0xD5, 0x4A, 0x2E, 0xA8, 0x3F, 0x7A, 0x32, 0xDE, 0xAE, 0x45, 0x0E, 0x04,
    0xF9, 0x83, 0x83, 0xD1, 0x33, 0x55, 0x52, 0x1C, 0x5B, 0x09, 0x2B, 0x8E, 0xDC, 0xEA, 0x15, 0xBE,
    0x7F, 0xE3, 0xB6, 0x08, 0xB6, 0x89, 0xA4, 0x83, 0x2C, 0xD0, 0x0B, 0x39, 0x85, 0xA9, 0x4E, 0x4B,
    0xB0, 0xC9, 0xBF, 0x20, 0xB1, 0x7D, 0x10, 0x17, 0xD8, 0x37, 0xDF, 0x27, 0xDC, 0xD5, 0x57, 0x44,
    0xDC, 0xDA, 0xCB, 0xA2, 0x52, 0xC1, 0x98, 0x7E, 0xF7, 0x97, 0x15, 0x3F, 0xF5, 0xBF, 0xA5, 0x6F,
    0x79, 0x7A, 0xC0, 0x11, 0x72, 0x32, 0xB0, 0xE8, 0x49, 0xEF, 0x92, 0xDE, 0x7B, 0x4A, 0x5E, 0x9C,
    0x72, 0x0D, 0xA6, 0x97, 0xCF, 0xF2, 0xD7, 0x0E, 0xFD, 0x8F, 0xF4, 0xED, 0xE4, 0xA0, 0xF0, 0x63,
    0x35, 0x7E, 0x5C, 0x6E, 0xC9, 0xE7, 0x45, 0xF4, 0x38, 0x06, 0x75, 0xEE, 0x52, 0x30, 0x3C, 0x22,
    0x04, 0x20, 0xE2, 0x09, 0xB2, 0xEF, 0xBC, 0x90, 0xBF, 0xC4, 0xD9, 0x8E, 0xEA, 0x7F, 0xC5, 0x5A,
    0xBF, 0x8F, 0xDC, 0xC6, 0x15, 0x7E, 0x24, 0x91, 0xA3, 0x64, 0x42, 0x66, 0x0A, 0x17, 0x56, 0xCE,
    0x01, 0x5D, 0xA4, 0x48, 0xC7, 0x14, 0xA9, 0x35, 0x94, 0xAF, 0x50, 0xA1, 0x22, 0xFE, 0x0F, 0xEC,
    0x2A, 0x48, 0x11, 0xE0, 0x52, 0x18, 0xA9, 0x62, 0x91, 0x81, 0x0A, 0x17, 0x29, 0x2C, 0x20, 0x7F,
    0x80, 0x9B, 0xF4, 0xF9, 0x0B, 0x0C, 0x52, 0xA7, 0x42, 0x85, 0x0A, 0x11, 0x48, 0xE1, 0xC2, 0x85,
    0x58, 0x08, 0x48, 0x3A, 0xB3, 0x20, 0x10, 0x4A, 0x22, 0x39, 0xF9, 0xBE, 0x37, 0xE4, 0xEE, 0xDE,
    0x69, 0xEF, 0x6E, 0x1D, 0xDF, 0xEA, 0xF6, 0x6E, 0xBE, 0x5D, 0x72, 0x86, 0x33, 0x6F, 0xDE, 0xCC,
    0xFB, 0x39, 0x4C, 0xEA, 0xBC, 0x2B, 0xFB, 0xBC, 0x4B, 0x6A, 0xD1, 0x4F, 0x5A, 0xA7, 0x8D, 0x69,
    0x4C, 0x7B, 0xDE, 0x9F, 0x88, 0xCD, 0xE4, 0x6D, 0x28, 0x44, 0x22, 0x3B, 0x8A, 0x94, 0xD6, 0x4A,
    0x60, 0xED, 0x84, 0x2B, 0x5C, 0x26, 0x53, 0xF6, 0x91, 0xA4, 0x3D, 0x1A, 0xF0, 0x41, 0x31, 0xCD,
    0x16, 0x60, 0x85, 0x36, 0x49, 0x6C, 0xF6, 0x33, 0x3E, 0xA6, 0x1D, 0x58, 0xD7, 0x15, 0xAE, 0xA7,
    0xB9, 0xFB, 0x6D, 0xE3, 0x7A, 0xE5, 0x4B, 0x91, 0x98, 0xED, 0x8C, 0x1B, 0x7C, 0xC0, 0xFD, 0xFA,
    0x43, 0xF1, 0xB4, 0x12, 0xB7, 0xC5, 0xDF, 0x02, 0xE8, 0xB8, 0x39, 0x0B, 0xEB, 0xDA, 0x40, 0x61,
    0x5A, 0x01, 0x68, 0xC9, 0x14, 0x42, 0x02, 0xE9, 0xCB, 0xFC, 0x4C, 0x0E, 0x24, 0xAA, 0x25, 0x29,
    0xD2, 0xD7, 0x53, 0xD9, 0x18, 0xDC, 0x6B, 0x41, 0x85, 0xAD, 0x02, 0x47, 0xBD, 0x8F, 0xC6, 0x03,
    0x08, 0x8C, 0x06, 0x29, 0x0B, 0xFD, 0xA5, 0xF7, 0xB4, 0x96, 0x1D, 0x54, 0xFA, 0x44, 0xFA, 0xDA,
    0x96, 0x8D, 0xF6, 0xA2, 0xFD, 0xE5, 0x8D, 0x24, 0x1D, 0xB8, 0x61, 0xDA, 0xB4, 0x03, 0x6B, 0xE2,
    0x41, 0xF2, 0x0A, 0x1D, 0xD8, 0x22, 0x98, 0x30, 0x13, 0xDF, 0xFA, 0xA0, 0xC6, 0x1E, 0x71, 0x96,
    0xCF, 0x30, 0x4B, 0xF3, 0xA2, 0x25, 0xC7, 0x1A, 0xD1, 0x71, 0xD7, 0x30, 0x93, 0x6F, 0xE5, 0xFC,
    0x8A, 0x33, 0x60, 0xAB, 0xF3, 0xFE, 0xE4, 0xD4, 0xE7, 0x82, 0x76, 0x87, 0xF6, 0x11, 0xEA, 0xB1,
    0x02, 0x98, 0xE1, 0x20, 0x21, 0x21, 0x9A, 0xE4, 0x0F, 0x82, 0x39, 0x60, 0x05, 0x41, 0x32, 0xEE,
    0x15, 0x64, 0xEF, 0xA8, 0xFC, 0xAC, 0x49, 0x5B, 0x8F, 0xD9, 0x96, 0xA3, 0xA4, 0x4D, 0x68, 0xC5,
    0xD4, 0x1E, 0x41, 0xAC, 0xA4, 0x1D, 0x7E, 0xC5, 0xF6, 0xEF, 0x23, 0x7B, 0xE9, 0xD9, 0x69, 0xCB,
    0x3D, 0xD0, 0xA1, 0x8B, 0x7C, 0xDD, 0xD9, 0x24, 0xEF, 0x67, 0x09, 0x76, 0x17, 0x07, 0x32, 0x6C,
    0x67, 0xB8, 0x84, 0x5E, 0x39, 0x65, 0x92, 0x66, 0x0F, 0xA4, 0xAC, 0x6C, 0x61, 0x6B, 0x5B, 0xF1,
    0x9B, 0xD7, 0xE8, 0x0B, 0xDB, 0x21, 0x47, 0x3B, 0x7F, 0xF4, 0x26, 0x09, 0x1B, 0x49, 0x8B, 0xF8,
    0xB1, 0x8D, 0xAB, 0xE4, 0x9E, 0x0D, 0x1B, 0x13, 0x17, 0x41, 0x7B, 0x27, 0x11, 0xBF, 0xBD, 0x93,
    0xAE, 0x80, 0x97, 0x5A, 0xA1, 0x4D, 0xE2, 0xC7, 0x53, 0x5C, 0xE9, 0x63, 0xDA, 0x01, 0xBA, 0xEA,
    0x5C, 0xA7, 0x07, 0x18, 0x36, 0x72, 0x53, 0x16, 0x4F, 0xF7, 0x5B, 0xCE, 0x91, 0x32, 0x0F, 0x9B,
    0x04, 0x73, 0xCC, 0x4C, 0x9D, 0x67, 0xA6, 0x32, 0xEE, 0x7B, 0xBE, 0xE7, 0xDB, 0x57, 0x22, 0x1F,
    0xCA, 0xAF, 0xB0, 0x86, 0x59, 0x8E, 0xD5, 0x14, 0x74, 0x38, 0xFA, 0x83, 0x04, 0x43, 0xD8, 0x4B,
    0xD8, 0xC5, 0xAD, 0xC4, 0x6D, 0x5A, 0x0B, 0x1E, 0xAB, 0x24, 0x25, 0xC4, 0x2D, 0x64, 0x53, 0x2B,
    0x82, 0x21, 0xE8, 0x5D, 0x63, 0xC9, 0xF9, 0x98, 0x76, 0x70, 0x03, 0x5D, 0xE5, 0xDC, 0x59, 0x67,
    0x80, 0x4B, 0xB6, 0x0B, 0x94, 0xB6, 0xDF, 0xFC, 0xDF, 0xCA, 0xAC, 0x67, 0x23, 0x98, 0x75, 0xDF,
    0x7E, 0xD5, 0x98, 0xE8, 0xDE, 0x93, 0xF6, 0x4E, 0x74, 0x74, 0x02, 0xB8, 0x47, 0xB0, 0xBE, 0x03,
    0x13, 0xFD, 0xEE, 0x61, 0x9B, 0xDC, 0x3F, 0xFA, 0xAE, 0x89, 0x41, 0xF1, 0x56, 0x66, 0x61, 0xB5,
    0xDC, 0xBF, 0x3F, 0x65, 0xD8, 0xB9, 0xB8, 0x5F, 0x1E, 0x0D, 0x93, 0xC7, 0x7F, 0xFC, 0xC0, 0x65,
    0x6A, 0x9B, 0x03, 0x2C, 0x61, 0x44, 0x65, 0x70, 0x1E, 0x70, 0x6A, 0xD9, 0x19, 0xB8, 0xF8, 0x89,
    0xF5, 0x67, 0xDB, 0xB3, 0x18, 0x30, 0xB7, 0xB5, 0xB1, 0xED, 0xED, 0xB8, 0x93, 0xA8, 0x03, 0xB3,
    0xA9, 0x96, 0x28, 0x74, 0x12, 0x63, 0x8B, 0x36, 0xD8, 0x5A, 0xBD, 0xFB, 0xC7, 0x8E, 0xCE, 0x29,
    0xB9, 0xCD, 0x6D, 0x5D, 0xA2, 0xC0, 0xD6, 0x01, 0x05, 0xBE, 0xE5, 0x53, 0x41, 0xFF, 0xDB, 0xA8,
    0xCF, 0x6D, 0x5B, 0xDA, 0x26, 0x9D, 0xB8, 0x24, 0xF2, 0x00, 0xBB, 0x1D, 0xCB, 0x5D, 0x99, 0x49,
    0xB0, 0x7A, 0xB7, 0x28, 0x3E, 0x71, 0xFF, 0xA3, 0x4A, 0x8D, 0xD2, 0xA1, 0x60, 0x7F, 0xAF, 0xCA,
    0x0F, 0xD3, 0xA7, 0x14, 0xCB, 0x6D, 0x45, 0xDE, 0xB3, 0xAF, 0xC9, 0x63, 0x5B, 0x53, 0x4F, 0xD5,
    0x94, 0xF9, 0x3A, 0x05, 0x4F, 0x31, 0xB7, 0x05, 0xF2, 0xD3, 0x97, 0x0A, 0xDA, 0x24, 0x26, 0x04,
    0x04, 0x39, 0x26, 0x84, 0x57, 0x06, 0x09, 0xAD, 0xCB, 0x60, 0x87, 0x72, 0x30, 0xB0, 0x30, 0x41,
    0x1B, 0xB5, 0xDE, 0x28, 0x53, 0x39, 0x42, 0x6F, 0xA7, 0x15, 0x34, 0x74, 0x05, 0x21, 0xAE, 0xC0,
    0x63, 0x6C, 0x75, 0x94, 0x5B, 0xD8, 0xED, 0xB2, 0xA5, 0x40, 0x74, 0x56, 0x45, 0x8E, 0x5F, 0x82,
    0xB5, 0x6A, 0x5F, 0x0A, 0x28, 0x80, 0x2A, 0x6D, 0xF3, 0xC6, 0x54, 0x71, 0xAB, 0xA5, 0x98, 0xBF,
    0x51, 0xD2, 0xD6, 0x34, 0xAC, 0x67, 0x3B, 0xB6, 0xE7, 0x73, 0x07, 0x5C, 0x19, 0x48, 0xA3, 0x50,
    0xB0, 0x0A, 0x89, 0x9B, 0xA4, 0x92, 0xB0, 0x55, 0xC1, 0x0A, 0x3B, 0xF1, 0xA6, 0x80, 0xE6, 0x83,
    0x72, 0x41, 0xD0, 0xCB, 0x0D, 0xA1, 0x64, 0x63, 0x7D, 0x4C, 0xA5, 0xEE, 0x40, 0x6E, 0xC2, 0xC2,
    0x40, 0xF3, 0x54, 0x68, 0x50, 0x66, 0xA6, 0xE7, 0x33, 0xBD, 0x3F, 0xCA, 0x9F, 0x7B, 0x3C, 0xE6,
    0xF7, 0xD8, 0x14, 0x7E, 0x8F, 0xC7, 0xFC, 0x1E, 0x9C, 0xF0, 0x7B, 0x4C, 0xC2, 0xEF, 0xCB, 0x6C,
    0x96, 0x3A, 0x9F, 0x5A, 0x2C, 0x50, 0x7D, 0x46, 0xCD, 0x06, 0x82, 0x6B, 0xD8, 0xDD, 0x1C, 0x42,
    0x0F, 0xBD, 0x25, 0xA5, 0x0F, 0x98, 0x82, 0x37, 0xB5, 0x3F, 0x44, 0xDF, 0xD7, 0x41, 0x1F, 0x3F,
    0xAB, 0xA3, 0x36, 0xB1, 0x03, 0x28, 0xB0, 0x03, 0xB8, 0x16, 0xD5, 0x3A, 0x6E, 0xC4, 0x71, 0x4B,
    0x8E, 0x5B, 0x72, 0xDC, 0xDF, 0xFF, 0x3F, 0xE3, 0x96, 0x85, 0xA4, 0xFF, 0xC2, 0x16, 0x36, 0x0F,
    0x21, 0xA4, 0xA5, 0xF7, 0xB0, 0x83, 0x56, 0x09, 0x3A, 0xE8, 0x97, 0xA4, 0x81, 0xA6, 0x29, 0x8B,
    0xA8, 0x0D, 0x46, 0xCC, 0x3C, 0xB0, 0x7D, 0x5A, 0x85, 0x00, 0x48, 0x04, 0xB6, 0x0D, 0x06, 0xFF,
    0x00, 0x4C, 0xC8, 0xC4, 0xA0, 0xD7, 0x70, 0xF2, 0xA8, 0xAC, 0x8F, 0x68, 0x93, 0x9E, 0x76, 0xF2,
    0xF3, 0xF4, 0x6B, 0x74, 0x67, 0x3F, 0xAB, 0x25, 0x7F, 0xC5, 0xD5, 0x53, 0x85, 0xA8, 0x83, 0x7B,
    0xAB, 0xC1, 0xC3, 0x0E, 0xF3, 0x8D, 0x5B, 0xCC, 0x37, 0xA9, 0x31, 0x55, 0x73, 0x02, 0xC8, 0x8F,
    0xDE, 0x40, 0xFF, 0x63, 0xBE, 0xDE, 0x18, 0x3F, 0xC3, 0x54, 0x30, 0xD5, 0xB0, 0xE3, 0xA4, 0x5B,
    0x1A, 0x5A, 0xAC, 0x8E, 0x40, 0xE1, 0x0B, 0x85, 0x8B, 0xDF, 0xBC, 0xDE, 0xFC, 0xC0, 0x4E, 0x52,
    0x5C, 0xD5, 0x8F, 0xC8, 0x31, 0x79, 0xA8, 0x65, 0x5A, 0x9C, 0x98, 0x3A, 0xB2, 0x77, 0x3E, 0x06,
    0xCC, 0x2B, 0xAB, 0x70, 0xED, 0x61, 0x0A, 0x6A, 0xAF, 0xDB, 0x90, 0xE6, 0xE5, 0xF8, 0x35, 0x18,
    0x43, 0x22, 0x43, 0xBA, 0x23, 0x6A, 0xB2, 0x52, 0xAA, 0xC0, 0xD0, 0xD2, 0x23, 0xCA, 0xE9, 0x79,
    0x84, 0xCB, 0x38, 0x81, 0xAB, 0x50, 0x67, 0xA7, 0xA2, 0x89, 0xAD, 0x9C, 0x11, 0x96, 0x94, 0xE6,
    0xD8, 0x3C, 0x27, 0xFC, 0x0D, 0xB4, 0x95, 0xF7, 0x68, 0xBB, 0x74, 0x3B, 0x01, 0xBC, 0x09, 0xB6,
    0xDB, 0x1F, 0xE1, 0x5D, 0x04, 0x83, 0xE7, 0xBC, 0x1B, 0xF5, 0x23, 0x8A, 0xB5, 0x75, 0x4E, 0x5A,
    0xC9, 0xEB, 0x94, 0xBA, 0x47, 0x3D, 0x00, 0xA8, 0x20, 0x43, 0xFE, 0xA4, 0x5D, 0x09, 0x26, 0xF5,
    0xDC, 0x6E, 0x24, 0x4B, 0x59, 0x59, 0xCD, 0xA4, 0x25, 0xA4, 0x25, 0x26, 0x23, 0xC2, 0xEC, 0xDA,
    0xE9, 0xFB, 0x0D, 0x47, 0x77, 0x86, 0x3E, 0xE3, 0x90, 0xA0, 0x2F, 0x7F, 0x8E, 0x81, 0x8C, 0xDF,
    0xD2, 0xD8, 0x3D, 0xBA, 0x6E, 0xFA, 0xE4, 0x63, 0x0C, 0xD4, 0x7C, 0x49, 0x1B, 0x30, 0xD2, 0xAB,
    0x40, 0xA7, 0x96, 0x76, 0xE9, 0x8B, 0xC5, 0xED, 0xBD, 0x36, 0xD2, 0xBE, 0x85, 0x30, 0xFB, 0x16,
    0xE6, 0x26, 0xB0, 0x47, 0xD6, 0xFD, 0xD2, 0x7B, 0x1B, 0x9F, 0xEB, 0x22, 0x4D, 0x25, 0x36, 0xE2,
    0xB8, 0xF1, 0x37, 0x1C, 0x32, 0xA8, 0x67, 0x88, 0x5F, 0x54, 0x73, 0x85, 0x2E, 0xB7, 0x6B, 0xE2,
    0x48, 0xAB, 0x29, 0x3D, 0x20, 0xCD, 0xFC, 0xA0, 0xA4, 0x81, 0xAA, 0xFC, 0x6B, 0x50, 0x55, 0xDE,
    0x27, 0x55, 0x21, 0xD9, 0x0E, 0x8D, 0xE2, 0x4F, 0x9C, 0xEF, 0x42, 0x9A, 0x3A, 0xD6, 0x45, 0xB4,
    0xA6, 0x4A, 0x4D, 0x17, 0x48, 0xDB, 0xA4, 0xAA, 0x59, 0x51, 0xE5, 0x53, 0x68, 0x03, 0x82, 0x8A,
    0x6F, 0x44, 0x88, 0x39, 0x5A, 0x42, 0x6E, 0x38, 0x96, 0x7C, 0x43, 0x81, 0xFF, 0x0C, 0x50, 0x72,
    0x2B, 0x5A, 0x80, 0x37, 0x01, 0xFC, 0x11, 0x00, 0xDD, 0xB2, 0xF9, 0x7C, 0xBC, 0x82, 0xA4, 0x45,
    0x45, 0x4A, 0x30, 0x50, 0xB7, 0x3D, 0xCD, 0x47, 0x9F, 0xD7, 0x80, 0x92, 0x80, 0x71, 0x5F, 0x72,
    0x6E, 0x96, 0x3B, 0x07, 0xFE, 0x81, 0x55, 0x77, 0x2E, 0x3B, 0x96, 0x04, 0x6A, 0xD7, 0x45, 0x31,
    0x54, 0x31, 0x70, 0x3E, 0x67, 0x21, 0x3D, 0x1F, 0xB4, 0x49, 0x59, 0xAF, 0xA2, 0x22, 0xF4, 0x4D,
    0x69, 0x4E, 0xD5, 0x65, 0xD7, 0x28, 0xA1, 0x70, 0xC1, 0xCF, 0x21, 0x39, 0xE9, 0xF7, 0x4B, 0x64,
    0x02, 0xF3, 0x30, 0x43, 0x6A, 0x97, 0xA0, 0x09, 0x6E, 0x24, 0x7C, 0x0D, 0xED, 0xD8, 0xE7, 0x86,
    0xCE, 0xA9, 0x1D, 0x59, 0xF1, 0x27, 0xDD, 0x3A, 0xE8, 0xA6, 0x3F, 0x55, 0x2A, 0x37, 0xFC, 0xA9,
    0x02, 0x76, 0x9F, 0x2A, 0xDB, 0xDA, 0xAC, 0xDB, 0x8E, 0x9B, 0x45, 0xE4, 0x73, 0x10, 0xD7, 0x39,
    0xBD, 0x89, 0xB1, 0x3D, 0xD2, 0xC0, 0x3D, 0xF1, 0x85, 0xBC, 0x9B, 0xF1, 0x03, 0xEA, 0x6C, 0x6A,
    0x1B, 0xD8, 0x6F, 0x5C, 0x86, 0x03, 0x18, 0xD8, 0xA6, 0xE2, 0x15, 0x37, 0xDF, 0xC9, 0xF8, 0x51,
    0x8D, 0x18, 0x10, 0x5B, 0xD4, 0x20, 0x72, 0xE3, 0x37, 0xAF, 0x17, 0xB1, 0xDD, 0xFB, 0xDC, 0x2F,
    0x59, 0x7B, 0xAB, 0xDE, 0xF6, 0xBA, 0xE8, 0x6E, 0xFB, 0x09, 0xE5, 0xAD, 0xFE, 0x2E, 0x59, 0xFB,
    0xBD, 0x8F, 0x7F, 0xC9, 0xDA, 0xEF, 0x7B, 0xFC, 0x8B, 0xD6, 0x7E, 0xDF, 0x63, 0xFB, 0x25, 0xD7,
    0xDA, 0xAA, 0x9F, 0xE3, 0xE2, 0x4F, 0x84, 0x6A, 0x23, 0xB4, 0x71, 0x38, 0xC2, 0xA9, 0x0E, 0x47,
    0x6C, 0x18, 0x40, 0x5E, 0x03, 0x4C, 0x43, 0x68, 0xE1, 0xFC, 0x6F, 0x82, 0xDE, 0x5B, 0x41, 0xB3,
    0x34, 0xE6, 0xB3, 0x9E, 0x2D, 0xC2, 0x31, 0x52, 0xB5, 0x3C, 0xB9, 0x30, 0x3C, 0x64, 0xCC, 0xEE,
    0x97, 0xAF, 0x74, 0x6A, 0x98, 0x63, 0xFE, 0xD7, 0xCE, 0xD9, 0xCF, 0x45, 0x8D, 0xD6, 0xE2, 0xD5,
    0xF9, 0xEC, 0x85, 0xE4, 0x15, 0x36, 0x01, 0xAC, 0x08, 0xA0, 0x25, 0xF4, 0x04, 0xE6, 0x40, 0xF2,
    0x89, 0x60, 0x15, 0x0A, 0x42, 0x05, 0x78, 0xD1, 0x00, 0x9E, 0xB7, 0x80, 0x27, 0x3D, 0xE0, 0x04,
    0x6B, 0x98, 0x57, 0x23, 0x81, 0x11, 0x5A, 0x95, 0x13, 0x0C, 0x21, 0x21, 0xC4, 0x84, 0x90, 0x10,
    0x10, 0x7C, 0x82, 0x28, 0xC0, 0xC7, 0xD5, 0x55, 0xD7, 0x25, 0x50, 0xB5, 0x4A, 0x0E, 0x39, 0x27,
    0x89, 0x51, 0xA8, 0xC8, 0x47, 0xCB, 0xDA, 0xD0, 0x81, 0xF4, 0x48, 0x73, 0xC8, 0x29, 0xC4, 0xE4,
    0x5F, 0xCA, 0xE8, 0xCE, 0x20, 0xA6, 0x03, 0x17, 0x60, 0x90, 0x20, 0x6D, 0xB6, 0x50, 0x80, 0x68,
    0x69, 0x86, 0x63, 0x3B, 0xAC, 0xDB, 0xE9, 0x63, 0xDA, 0x81, 0x76, 0x15, 0xCF, 0x8B, 0xD2, 0xB9,
    0x81, 0x74, 0x48, 0xFA, 0x41, 0xF8, 0x7C, 0xBB, 0xE4, 0x5E, 0x94, 0x34, 0x8A, 0x2C, 0x33, 0x1F,
    0x22, 0xBF, 0x94, 0x6B, 0xA7, 0x8F, 0x66, 0x29, 0xE8, 0x66, 0x0A, 0xE0, 0x29, 0x65, 0xA8, 0x25,
    0x6D, 0x43, 0x84, 0x9A, 0xCF, 0xFD, 0xEC, 0xBA, 0xE9, 0xBB, 0x74, 0xEB, 0x5D, 0x17, 0x69, 0x7E,
    0x87, 0xD8, 0x21, 0x1A, 0x10, 0x81, 0xC4, 0x23, 0x94, 0xA1, 0xFE, 0xD2, 0x7B, 0x1B, 0x9F, 0x6B,
    0x22, 0x0D, 0x42, 0x51, 0xA4, 0x50, 0x8B, 0x79, 0x93, 0x0C, 0x69, 0x9F, 0xB7, 0x70, 0x97, 0x20,
    0x36, 0xCC, 0xAE, 0x52, 0x69, 0xF7, 0x6C, 0xC9, 0x47, 0xAA, 0x04, 0x75, 0x6C, 0x63, 0x8A, 0xB0,
    0x7B, 0x1F, 0x2C, 0x9D, 0xA9, 0x86, 0x2A, 0x3F, 0x1C, 0x27, 0xE7, 0x31, 0x6B, 0x72, 0x6F, 0x26,
    0x3C, 0x9E, 0xD4, 0x49, 0x02, 0xE1, 0x86, 0x84, 0xE7, 0x24, 0x08, 0xBD, 0xD8, 0xC7, 0x23, 0xE0,
    0xC9, 0x00, 0x78, 0xDA, 0x01, 0x20, 0xD8, 0x95, 0x7D, 0x51, 0x5B, 0xAD, 0xA3, 0x44, 0xA3, 0x9D,
    0x25, 0xE1, 0x23, 0x09, 0x1F, 0x40, 0xB8, 0x19, 0x40, 0x78, 0x32, 0xF7, 0xDC, 0xF1, 0x17, 0x02,
    0xC2, 0x6F, 0x40, 0x78, 0xC2, 0x35, 0xF5, 0x95, 0x88, 0x1B, 0xEA, 0xFB, 0x64, 0x8B, 0x87, 0x65,
    0x5D, 0x88, 0xB6, 0xC4, 0xB3, 0xF2, 0xEB, 0xC5, 0xDE, 0xAE, 0xF8, 0xF2, 0x93, 0x61, 0x43, 0x87,
    0x29, 0x8B, 0x1B, 0xF8, 0x5F, 0xA6, 0x8F, 0x2C, 0xE9, 0x1B, 0x1D, 0x0F, 0x02, 0x2A, 0x5F, 0x39,
    0x9E, 0x48, 0x96, 0x6A, 0x1E, 0xA3, 0x6E, 0x5A, 0x36, 0x7B, 0xC2, 0x86, 0x3A, 0x27, 0x21, 0xB9,
    0xEF, 0xC9, 0xB5, 0xD3, 0xB7, 0x9B, 0x60, 0x5F, 0x17, 0x7D, 0x3B, 0x48, 0xCF, 0xF5, 0xB1, 0x4E,
    0x99, 0x13, 0x2F, 0x0E, 0x3B, 0xD3, 0x7D, 0x68, 0x53, 0xCC, 0x7E, 0x96, 0xBF, 0xD8, 0xFB, 0xB3,
    0xB9, 0xFB, 0x1E, 0x56, 0x10, 0x53, 0x51, 0x4B, 0xEC, 0x92, 0xFF, 0x0C, 0x7C, 0x28, 0x47, 0x5F,
    0x0D, 0x4C, 0xE0, 0xF7, 0x73, 0x80, 0xA4, 0xA1, 0x92, 0xEE, 0x17, 0x8D, 0xA1, 0xCE, 0x4B, 0xD1,
    0x9F, 0x9F, 0xBB, 0x2F, 0x36, 0x8A, 0xFD, 0x0F, 0xDD, 0x84, 0x82, 0x47, 0x0B, 0xEA, 0x26, 0x14,
    0xE9, 0x88, 0xB0, 0x6A, 0xD2, 0x58, 0xE5, 0x54, 0xE1, 0xBD, 0xE3, 0x71, 0x4E, 0x2A, 0xB6, 0xEE,
    0x99, 0x97, 0xA7, 0xFB, 0x9A, 0x8B, 0xE4, 0xAF, 0xD4, 0xCD, 0x28, 0xC8, 0x18, 0xE6, 0x42, 0x31,
    0xFF, 0xBC, 0xC3, 0x1C, 0xCB, 0x3A, 0x06, 0x54, 0x00, 0x04, 0x6D, 0x30, 0xF3, 0x55, 0x4A, 0xC8,
    0x55, 0x47, 0x15, 0x62, 0x1F, 0x93, 0xB6, 0x13, 0x07, 0x19, 0x2F, 0xB5, 0x02, 0x9E, 0x00, 0x6C,
    0xB9, 0x30, 0x27, 0xA7, 0x9A, 0xAC, 0x66, 0xEA, 0xAF, 0x71, 0x70, 0x52, 0x94, 0x8D, 0x7D, 0x02,
    0xE9, 0x27, 0x54, 0x04, 0x3C, 0x56, 0xF6, 0x4E, 0xF8, 0x69, 0xD4, 0x69, 0xD3, 0x69, 0xD2, 0xA1,
    0x74, 0x9C, 0x41, 0x77, 0xF6, 0xDC, 0x2B, 0x35, 0x15, 0xD8, 0xD0, 0x4F, 0xA1, 0x82, 0xF2, 0x79,
    0x30, 0xA0, 0x27, 0x37, 0x28, 0xFF, 0xB4, 0x96, 0x61, 0x25, 0x03, 0x4A, 0x9E, 0xB8, 0x98, 0x2E,
    0xB0, 0x79, 0xED, 0xE3, 0xDB, 0xD7, 0x6B, 0xDE, 0xD7, 0xF3, 0xA6, 0xD2, 0xFE, 0xC3, 0x0D, 0xF4,
    0xC0, 0x89, 0x30, 0x57, 0x84, 0x02, 0xCC, 0xE4, 0xC0, 0x2D, 0xB9, 0xE2, 0x71, 0x2A, 0x27, 0x8B,
    0x7C, 0x1C, 0x92, 0xA8, 0x82, 0x48, 0x39, 0x9C, 0xC5, 0xF0, 0xEA, 0xC6, 0x81, 0xB5, 0x84, 0xB1,
    0xA4, 0xAD, 0x0C, 0x5C, 0xAA, 0xAB, 0x96, 0xB5, 0xA1, 0xBC, 0xB2, 0x71, 0x28, 0xA8, 0x94, 0x58,
    0x8A, 0x2E, 0xBF, 0xCF, 0x9A, 0xBD, 0x2B, 0x9B, 0x0F, 0x53, 0xF9, 0xD8, 0x3C, 0xF2, 0x25, 0x0C,
    0xC3, 0x5F, 0xE2, 0x4C, 0xBF, 0x79, 0xBD, 0x91, 0xE2, 0xBF, 0xB2, 0x39, 0xD9, 0xBB, 0xEC, 0xE8,
    0xDF, 0x9A, 0x3C, 0x76, 0xF9, 0xF4, 0xD6, 0xF7, 0xED, 0x7D, 0x9E, 0x7D, 0x72, 0xE9, 0xA6, 0x80,
    0x6C, 0xB5, 0x3D, 0x6B, 0x7B, 0x3E, 0xD8, 0x9B, 0x9A, 0x99, 0xC6, 0x82, 0xE7, 0x90, 0x05, 0x3C,
    0x51, 0x53, 0x97, 0x75, 0x96, 0xA2, 0x82, 0x19, 0x68, 0xD2, 0xF3, 0x5F, 0xDB, 0x7A, 0x65, 0x56,
    0x3E, 0x92, 0x03, 0x1E, 0xFE, 0xE4, 0x7A, 0x0A, 0x34, 0x9F, 0x05, 0x62, 0xB3, 0x65, 0xB7, 0xCF,
    0x9E, 0x91, 0xE6, 0xF5, 0x02, 0xEB, 0x33, 0x52, 0x33, 0x9F, 0x91, 0x86, 0xEB, 0x34, 0x81, 0xE6,
    0xFB, 0x0B, 0x39, 0x64, 0xA7, 0xDE, 0x85, 0x69, 0x82, 0x1B, 0x5B, 0x7D, 0x63, 0x79, 0xCB, 0x37,
    0x3E, 0x9C, 0xD4, 0x4B, 0x69, 0x9C, 0xDF, 0x1F, 0x53, 0x25, 0xA6, 0x3D, 0x4F, 0xE8, 0x1A, 0xCF,
    0x3A, 0xCF, 0xBE, 0x9C, 0x75, 0xCC, 0x0C, 0x7A, 0xA9, 0x09, 0x0D, 0xB5, 0xCD, 0x66, 0x94, 0x3F,
    0x3A, 0x73, 0x1E, 0x5A, 0x97, 0x69, 0x9B, 0x98, 0xC6, 0x78, 0xB9, 0x69, 0x24, 0xBD, 0x55, 0x26,
    0x8B, 0xE9, 0x5C, 0x89, 0xF9, 0xDC, 0x81, 0xBC, 0x03, 0x0A, 0x1E, 0x2D, 0x66, 0x90, 0x79, 0x61,
    0xAC, 0x42, 0x81, 0x81, 0x8E, 0x1B, 0x9A, 0x41, 0x70, 0xFA, 0x63, 0xAF, 0xD8, 0x37, 0x05, 0xBB,
    0xB8, 0x89, 0x7B, 0xE6, 0x01, 0x53, 0x06, 0x72, 0x47, 0x23, 0xD4, 0x9A, 0x63, 0x70, 0x6F, 0xE8,
    0x2A, 0xF0, 0x4C, 0x71, 0xAE, 0xD6, 0xD4, 0x45, 0xFB, 0x16, 0x48, 0xFA, 0x63, 0x20, 0x19, 0x0E,
    0xF4, 0x08, 0x3A, 0xD3, 0x83, 0x1A, 0x9A, 0x54, 0xB0, 0xF7, 0xF8, 0xD5, 0xCE, 0x51, 0xD0, 0x1E,
    0x29, 0x50, 0x45, 0x1B, 0x35, 0x8B, 0x48, 0xD1, 0x19, 0x0E, 0x46, 0x30, 0xCF, 0xEF, 0x28, 0x20,
    0xC5, 0xC1, 0xDE, 0x29, 0x08, 0x79, 0xEA, 0x1F, 0x77, 0x68, 0x93, 0xF4, 0x06, 0x3E, 0x6F, 0x8F,
    0x5F, 0x7A, 0xEF, 0xCC, 0x67, 0x8F, 0x3C, 0xD0, 0xCD, 0x1E, 0x3A, 0x97, 0xF0, 0x80, 0x06, 0xAF,
    0xD4, 0xDA, 0x8A, 0xEF, 0x5B, 0x64, 0xD0, 0x1B, 0xFA, 0x72, 0x01, 0xAA, 0x6F, 0xEA, 0x79, 0x48,
    0x38, 0xCC, 0x6F, 0x43, 0x1C, 0x2F, 0x2F, 0x67, 0x50, 0x05, 0x71, 0x87, 0xD1, 0x77, 0xF2, 0x19,
    0x83, 0x30, 0x14, 0x87, 0x3A, 0x95, 0x19, 0x18, 0xD3, 0x34, 0x74, 0xEF, 0xDB, 0x10, 0x91, 0xC2,
    0x90, 0x0C, 0x6C, 0xDC, 0xBB, 0x64, 0xAD, 0x6F, 0x55, 0xF6, 0x35, 0x9B, 0xE0, 0x43, 0x01, 0x85,
    0xD4, 0xB0, 0x3C, 0xB0, 0x64, 0xE6, 0x37, 0x0B, 0xEE, 0x8E, 0x2B, 0x06, 0xFC, 0x02, 0x8F, 0x94,
    0x6E, 0x7B, 0x33, 0x3B, 0xD6, 0x22, 0xD0, 0xE8, 0x4A, 0x84, 0x2A, 0x70, 0x3C, 0x96, 0x32, 0xEC,
    0x52, 0x76, 0x57, 0x7F, 0x4B, 0x90, 0x16, 0xE9, 0x0B, 0x0A, 0x14, 0x1E, 0xF5, 0x0D, 0x73, 0xCE,
    0xAF, 0x84, 0xBF, 0xB8, 0x35, 0x34, 0xD3, 0x0A, 0x4E, 0x37, 0x5B, 0x3B, 0x92, 0xDA, 0xC1, 0x45,
    0xC1, 0x7F, 0xB1, 0xB9, 0xED, 0x6F, 0xC9, 0x3B, 0xA0, 0x60, 0xC7, 0xF0, 0x7E, 0x8F, 0x14, 0x9C,
    0x13, 0xC0, 0x6F, 0xFA, 0x25, 0x7B, 0xA5, 0x60, 0x77, 0x05, 0xBC, 0x37, 0x1E, 0x04, 0xED, 0x72,
    0xC8, 0xB8, 0x86, 0xA0, 0xBB, 0xEC, 0x2D, 0x85, 0xB3, 0xF4, 0x6D, 0xED, 0xA5, 0x5D, 0x82, 0xE5,
    0xC3, 0xC9, 0xE8, 0x21, 0xC5, 0xFC, 0x0E, 0x96, 0xA3, 0x3E, 0x26, 0xF5, 0x29, 0xA9, 0x67, 0xF6,
    0xAD, 0x62, 0x88, 0x7E, 0xC2, 0x10, 0xFD, 0x69, 0xC3, 0x38, 0x1D, 0x13, 0x28, 0xED, 0x5D, 0x50,
    0x3F, 0x91, 0xFA, 0x61, 0xA1, 0x3E, 0x99, 0x5F, 0xAE, 0x41, 0x4C, 0x4E, 0xEA, 0x55, 0x8C, 0x78,
    0x94, 0x76, 0x3A, 0xED, 0x3C, 0x9C, 0x4E, 0x3B, 0xEF, 0xF8, 0x82, 0xC3, 0x4A, 0x88, 0xEB, 0xB8,
    0xCF, 0xBB, 0xB8, 0x37, 0xCE, 0x99, 0xEA, 0x95, 0x63, 0xE5, 0xF4, 0xE9, 0xA5, 0xE9, 0xE5, 0xAB,
    0x1A, 0xE7, 0xB2, 0x34, 0xF2, 0x15, 0x8D, 0x73, 0x51, 0xBA, 0xF8, 0x6A, 0xF9, 0xB6, 0xDB, 0x61,
    0x71, 0x82, 0x48, 0xB5, 0x85, 0x00, 0xAC, 0x5F, 0x35, 0xD3, 0x9C, 0x31, 0x43, 0x44, 0xA1, 0x7F,
    0xCA, 0xD7, 0x99, 0xEC, 0x27, 0x84, 0x87, 0x7C, 0xE9, 0xEC, 0x09, 0x0F, 0xF8, 0xBF, 0x03, 0xA4,
    0x6F, 0x18, 0xBD, 0xB8, 0x40, 0xB8, 0x9D, 0xBB, 0x0F, 0x38, 0x90, 0xFA, 0x75, 0xDE, 0xF2, 0xF6,
    0xDC, 0x07, 0x09, 0xDB, 0x5A, 0xF5, 0xDA, 0x99, 0xC3, 0x56, 0x9D, 0x3F, 0xCA, 0x05, 0xC7, 0x1B,
    0xAB, 0x63, 0x8E, 0x95, 0xD2, 0x6F, 0x50, 0xA0, 0xF0, 0x0D, 0x95, 0x38, 0x2C, 0x74, 0x38, 0x95,
    0x55, 0xC0, 0x62, 0xE7, 0x32, 0x5F, 0x47, 0x63, 0x59, 0xA7, 0xC3, 0x7C, 0xCC, 0xD2, 0xA2, 0x54,
    0xE5, 0xF7, 0xE3, 0xB9, 0xFD, 0xEF, 0x72, 0xE2, 0x7A, 0x9D, 0xFC, 0xF9, 0x1F, 0xCD, 0x5B, 0x3D,
    0x93, 0xE4, 0xC4, 0x19, 0x6E, 0x49, 0xC5, 0xCA, 0xC7, 0x80, 0x95, 0x38, 0x38, 0xDF, 0xBA, 0x4A,
    0x04, 0x04, 0x76, 0x62, 0x39, 0x70, 0x6A, 0xB7, 0x30, 0x01, 0x01, 0x01, 0xFC, 0x04, 0x62, 0x97,
    0xAB, 0x96, 0xC0, 0x89, 0xAB, 0x0C, 0xD2, 0xE1, 0x80, 0x80, 0x80, 0xCD, 0x1D, 0x98, 0x80, 0xC0,
    0x45, 0xE2, 0x3F, 0x60, 0x90, 0xB8, 0x0B, 0x08, 0x08, 0x56, 0xAE, 0x0B, 0x28, 0x17, 0xC1, 0xCA,
    0xF6, 0x55, 0x11, 0xAE, 0x5C, 0x56, 0x20, 0x40, 0x52, 0xFB, 0x79, 0xDE, 0x96, 0x34, 0x1F, 0x3B,
    0x3B, 0x3B, 0xBB, 0xCC, 0xEC, 0x30, 0x55, 0xFD, 0xEC, 0xCE, 0x48, 0xEA, 0xEE, 0xF7, 0xED, 0xEE,
    0xF7, 0x5B, 0xCA, 0x98, 0x56, 0xA9, 0x39, 0xAC, 0x7C, 0x3C, 0x13, 0x2B, 0xE5, 0x9B, 0x54, 0xA9,
    0x99, 0xC9, 0x95, 0x0A, 0x08, 0xA1, 0x29, 0x95, 0x8A, 0xCE, 0x2B, 0xA5, 0xF4, 0x19, 0xE1, 0xBD,
    0x5A, 0xA9, 0xEC, 0x95, 0x06, 0x1D, 0x78, 0xAD, 0x05, 0xA7, 0x77, 0x7B, 0xE5, 0x76, 0xAE, 0x51,
    0x5E, 0xEB, 0x00, 0x8C, 0x31, 0xF1, 0x0C, 0x90, 0x06, 0x80, 0x5C, 0x20, 0xAC, 0x54, 0x52, 0x44,
    0x95, 0xD2, 0xA5, 0x06, 0x54, 0xBA, 0x04, 0x24, 0x85, 0x8A, 0xEA, 0xAC, 0x50, 0x61, 0x83, 0x27,
    0xAA, 0xB1, 0xAD, 0x4E, 0xC9, 0xC9, 0x7A, 0x4C, 0xC6, 0x94, 0xBE, 0x31, 0xBC, 0xAF, 0x75, 0xE3,
    0xB0, 0xC3, 0x44, 0x7B, 0x69, 0x7F, 0x33, 0x86, 0x03, 0x85, 0x68, 0x9A, 0xAD, 0xF6, 0x4C, 0x52,
    0xB8, 0xF8, 0xEB, 0xCA, 0x77, 0xFE, 0xCE, 0xEB, 0x2A, 0x33, 0x1F, 0xAA, 0xDE, 0x1D, 0xA6, 0xAB,
    0x12, 0x03, 0x12, 0x22, 0x92, 0x75, 0xD4, 0xC7, 0xDF, 0x07, 0xF2, 0x9B, 0x59, 0xE5, 0xB5, 0x41,
    0xE5, 0x18, 0x53, 0x60, 0xAA, 0xA9, 0x3A, 0xFE, 0x7A, 0x3F, 0x2C, 0xB8, 0x9A, 0xBE, 0x8B, 0x89,
    0xBE, 0xF7, 0x49, 0xDF, 0xAB, 0xA4, 0xCF, 0x9F, 0xE8, 0xC3, 0x30, 0x6E, 0x4F, 0xFA, 0x3A, 0xD2,
    0xD7, 0x7F, 0x74, 0x99, 0xBE, 0x6F, 0x3E, 0xCA, 0x48, 0x5F, 0xB2, 0x96, 0x3E, 0x90, 0x10, 0x70,
    0x5D, 0x35, 0x86, 0x53, 0x09, 0x39, 0x9E, 0x09, 0x70, 0xFF, 0x45, 0xCD, 0x65, 0xEA, 0x66, 0x96,
    0xBA, 0x13, 0xD3, 0xFB, 0x6B, 0x28, 0x5B, 0xA5, 0x8E, 0xF7, 0x60, 0x49, 0x3B, 0x3B, 0x48, 0x54,
    0xD8, 0x71, 0xF4, 0x3F, 0xD1, 0xC0, 0xA1, 0x00, 0xBF, 0xBB, 0x1C, 0x2D, 0x90, 0xC1, 0x41, 0xAB,
    0xCB, 0x3D, 0x36, 0x23, 0x13, 0x3C, 0xCE, 0xCC, 0x49, 0x47, 0x36, 0xBB, 0xE6, 0x29, 0xB7, 0x85,
    0x51, 0x0E, 0x89, 0x93, 0x65, 0x0C, 0x4C, 0x7C, 0xA2, 0xA2, 0x56, 0xB9, 0xA0, 0x67, 0x78, 0x5C,
    0x65, 0xEC, 0xC8, 0x6C, 0x04, 0xB9, 0x05, 0xF4, 0x2B, 0xFB, 0x98, 0x6E, 0xD0, 0x41, 0x68, 0xE2,
    0x88, 0x74, 0x9A, 0xD8, 0x65, 0xF7, 0x98, 0xB1, 0xC1, 0xFE, 0x23, 0xF3, 0x71, 0x11, 0x9F, 0x90,
    0xF3, 0x00, 0xBB, 0xB0, 0x48, 0x15, 0x97, 0x06, 0x5F, 0x7D, 0xCE, 0xCF, 0x9D, 0xE6, 0x77, 0x64,
    0xBE, 0xE6, 0xDE, 0xB5, 0x1D, 0xB0, 0xAB, 0x1E, 0xB7, 0xC5, 0xCF, 0x80, 0x85, 0xD3, 0x40, 0xE5,
    0x38, 0xAE, 0x1D, 0xBC, 0x1C, 0x2F, 0xC8, 0x2D, 0x98, 0xC1, 0x91, 0xCC, 0x40, 0xB1, 0x83, 0x98,
    0x5D, 0xA5, 0xE8, 0xF4, 0x1B, 0x5C, 0x7A, 0x8E, 0xFD, 0x6B, 0xB0, 0xC9, 0xC1, 0x0E, 0xC4, 0x0E,
    0xC1, 0xED, 0xE1, 0xFF, 0xC8, 0xBD, 0xFC, 0xEF, 0x9C, 0xDE, 0x8B, 0x87, 0xE6, 0xD0, 0x7D, 0x8E,
    0x9E, 0xC8, 0x0C, 0x72, 0x2E, 0x1E, 0x17, 0xFA, 0xAB, 0x96, 0x4C, 0x03, 0xDC, 0x53, 0x2F, 0xEC,
    0x9F, 0x43, 0x5A, 0x5D, 0x26, 0x42, 0x2F, 0x09, 0x8F, 0x83, 0x31, 0xE7, 0xFA, 0xA9, 0xED, 0x99,
    0x39, 0x3E, 0x37, 0x48, 0xF0, 0x6F, 0xAE, 0x07, 0x3A, 0xC5, 0xF6, 0xA9, 0x87, 0x8D, 0x64, 0xA7,
    0xF1, 0xDC, 0xA1, 0x39, 0xB4, 0xED, 0xFC, 0xF6, 0xC6, 0xA1, 0x67, 0xD5, 0x9B, 0x2A, 0x7C, 0xD2,
    0x2A, 0x0D, 0x95, 0xCB, 0xCD, 0x2B, 0xBB, 0x38, 0x1B, 0xF7, 0xB5, 0x82, 0xA4, 0x3B, 0x55, 0x1C,
    0x8D, 0xF3, 0x46, 0x2B, 0x4D, 0x9A, 0xD5, 0x26, 0x0D, 0x5B, 0x88, 0x58, 0x34, 0xBF, 0x03, 0xB3,
    0x7A, 0x61, 0xD8, 0xFA, 0xD6, 0xDB, 0x7B, 0x78, 0x6F, 0xD4, 0x98, 0x87, 0xA6, 0x42, 0x1F, 0x85,
    0xED, 0xAB, 0x93, 0xBE, 0x31, 0xBF, 0xFF, 0xF6, 0x84, 0x6E, 0x82, 0x76, 0x0D, 0x34, 0x2A, 0xCB,
    0x2A, 0x25, 0x4A, 0x38, 0x20, 0x44, 0x04, 0x5D, 0x27, 0xD4, 0x5B, 0xD1, 0xA0, 0xC1, 0xD6, 0x02,
    0xAF, 0xEA, 0x8A, 0xD0, 0x00, 0x42, 0x3E, 0x36, 0x33, 0x42, 0x27, 0x4F, 0xEA, 0x09, 0x94, 0xAC,
    0x9B, 0x75, 0x64, 0x3C, 0x56, 0xC3, 0xA7, 0xDD, 0xE1, 0x93, 0x5A, 0xBF, 0xF3, 0x4D, 0xEC, 0x43,
    0xA5, 0xE4, 0x7E, 0x87, 0x15, 0x05, 0x24, 0x05, 0x40, 0x97, 0x84, 0x0A, 0x4A, 0x7A, 0x11, 0xE4,
    0xB7, 0x09, 0xCA, 0xF1, 0x66, 0x3E, 0xEB, 0x90, 0xFC, 0x19, 0xBA, 0x92, 0x4E, 0xA1, 0x45, 0x08,
    0x05, 0x86, 0x14, 0x2D, 0x4A, 0x2D, 0x26, 0x10, 0xF2, 0xC7, 0x39, 0xCC, 0x2F, 0x08, 0x64, 0x5F,
    0xB6, 0x76, 0x6A, 0x01, 0x41, 0x0B, 0xD4, 0x61, 0x0B, 0x89, 0x8C, 0xAB, 0x98, 0x5C, 0xCB, 0xA1,
    0x2E, 0x81, 0x5C, 0x48, 0x4A, 0x80, 0x6E, 0x66, 0x2D, 0x19, 0x36, 0x74, 0xE0, 0x8A, 0x75, 0x45,
    0xDE, 0x07, 0x56, 0x47, 0x4A, 0x5B, 0x3C, 0x8E, 0x19, 0x26, 0xBA, 0xD4, 0x72, 0xBB, 0xAD, 0x97,
    0x1A, 0x26, 0xBA, 0xD4, 0xD6, 0xDD, 0x33, 0xBF, 0xB7, 0x5B, 0x6C, 0xB2, 0x8C, 0x73, 0x58, 0xFB,
    0x39, 0xEE, 0x79, 0x10, 0xEC, 0xA2, 0x34, 0x9C, 0x69, 0x87, 0x8D, 0xEC, 0x1B, 0xF0, 0x17, 0x7A,
    0x3E, 0xC9, 0x95, 0x89, 0xB3, 0x61, 0x4B, 0x0E, 0x20, 0x5F, 0xB3, 0x51, 0x93, 0x2A, 0xDD, 0xA9,
    0xDF, 0x91, 0x9B, 0xC2, 0xBA, 0x4E, 0xC9, 0x1E, 0x56, 0xC7, 0x38, 0xE5, 0x41, 0x19, 0xE5, 0x41,
    0xA5, 0x73, 0x5F, 0x0E, 0x13, 0x7E, 0x3C, 0x79, 0x7A, 0x77, 0x84, 0xC3, 0x9A, 0x52, 0x34, 0xA7,
    0x94, 0xD8, 0x53, 0x62, 0x50, 0xAD, 0x5A, 0x54, 0xFB, 0xA5, 0x5E, 0x6C, 0x0D, 0x8A, 0x85, 0xB1,
    0x05, 0xF9, 0x9D, 0x51, 0xAF, 0x3C, 0xAE, 0x75, 0xD0, 0x2E, 0x81, 0x57, 0xDD, 0x21, 0xF5, 0xA4,
    0xEA, 0x12, 0x4C, 0x42, 0x7B, 0x15, 0xAC, 0xC9, 0xBB, 0x0C, 0x57, 0xDE, 0xBC, 0xF8, 0x58, 0xB7,
    0x0A, 0x20, 0xB3, 0x1D, 0x2D, 0xCD, 0x28, 0x1F, 0xCD, 0xCD, 0x08, 0x4A, 0x40, 0xCD, 0xFA, 0xBD,
    0xD1, 0xCB, 0x21, 0xC3, 0x35, 0xC6, 0x6D, 0x62, 0x8D, 0x5B, 0xE5, 0xE4, 0xCF, 0xC3, 0xCE, 0xCC,
    0xF8, 0x50, 0xEC, 0xF0, 0xB9, 0x04, 0xCA, 0x27, 0xA0, 0x99, 0x77, 0x47, 0xFB, 0xE1, 0x4D, 0x0F,
    0xD3, 0xE9, 0xC1, 0x10, 0x7B, 0x1A, 0x12, 0xBA, 0x00, 0xA1, 0x70, 0xAB, 0xE6, 0xF8, 0xF9, 0xFE,
    0x4F, 0xC3, 0xF6, 0xD6, 0x9B, 0xD5, 0xDA, 0x31, 0xCD, 0x03, 0x25, 0x66, 0x3D, 0xD4, 0xEF, 0x8F,
    0x69, 0x1E, 0xA8, 0x8D, 0xE6, 0x01, 0x26, 0xB4, 0x0C, 0x19, 0x01, 0x1A, 0xDA, 0xA4, 0x78, 0x0C,
    0x50, 0x03, 0x42, 0xA8, 0xD7, 0x74, 0x36, 0x1A, 0x1E, 0x29, 0x19, 0x95, 0x52, 0x4B, 0xA5, 0xC2,
    0x03, 0x32, 0x83, 0x5C, 0x49, 0x38, 0xBA, 0x2E, 0x54, 0x3B, 0xCB, 0xD5, 0x1B, 0xAE, 0x35, 0xA2,
    0x8E, 0xCD, 0x87, 0x98, 0x51, 0x4F, 0x7B, 0x00, 0xF4, 0xF5, 0xBA, 0xF3, 0xFA, 0xA4, 0xF2, 0xFA,
    0xAC, 0x40, 0xCB, 0x97, 0x5B, 0x52, 0x7A, 0xBD, 0xAE, 0x67, 0x3D, 0xF4, 0x47, 0x0F, 0x16, 0xF6,
    0xA2, 0x92, 0xB2, 0xAF, 0xAC, 0xA7, 0x06, 0x85, 0xF7, 0x33, 0x10, 0x83, 0x6B, 0x0D, 0x5A, 0x45,
    0xEB, 0xE0, 0x88, 0x96, 0x76, 0x12, 0xE3, 0x9A, 0x7E, 0x48, 0x05, 0xCD, 0xED, 0x14, 0x58, 0xF3,
    0x24, 0x5D, 0xB6, 0xDD, 0x0E, 0xC2, 0x9A, 0xEB, 0x1C, 0xD3, 0xBD, 0xB3, 0x46, 0xBD, 0x2D, 0xB6,
    0x6D, 0x4A, 0x86, 0xE4, 0x23, 0x57, 0xDE, 0x56, 0xDF, 0x03, 0xD6, 0x88, 0x4C, 0xA5, 0x70, 0x1D,
    0xDB, 0xAA, 0x8C, 0xDD, 0x37, 0x6B, 0x0E, 0x76, 0x5A, 0xE4, 0xD3, 0xD3, 0x73, 0xEE, 0x07, 0xB1,
    0xA1, 0xB4, 0x08, 0x3B, 0x0E, 0x07, 0x53, 0x57, 0xA4, 0x20, 0x97, 0xCB, 0x83, 0xE8, 0xF5, 0x3A,
    0x2B, 0x96, 0xBD, 0xF6, 0x0E, 0x37, 0x4D, 0x3E, 0x4A, 0x37, 0x91, 0x73, 0x94, 0x78, 0x72, 0xA6,
    0xE5, 0x50, 0x4F, 0xA7, 0x1A, 0xF6, 0xA3, 0x63, 0xE2, 0xAD, 0x81, 0x06, 0xFD, 0x2A, 0xDC, 0xA8,
    0x83, 0x09, 0xD4, 0x07, 0x96, 0x1D, 0xF0, 0x16, 0xC0, 0xD6, 0x52, 0x25, 0xAF, 0x95, 0xEA, 0x45,
    0xC7, 0xCA, 0xE1, 0x07, 0x9B, 0x24, 0xFB, 0x85, 0x28, 0xD3, 0x74, 0xD0, 0x02, 0x55, 0x56, 0xE8,
    0x3A, 0xCB, 0x43, 0x68, 0x8C, 0x60, 0x6C, 0xED, 0x36, 0x0D, 0x76, 0x2A, 0x96, 0x76, 0x02, 0x92,
    0x52, 0xAF, 0xC0, 0xCA, 0x2D, 0x16, 0xB8, 0x0F, 0x56, 0x61, 0xDD, 0x7D, 0x57, 0x01, 0xB7, 0x83,
    0x9A, 0x83, 0xE6, 0x66, 0x9A, 0xC3, 0xE2, 0xD5, 0xEC, 0x94, 0x36, 0x6B, 0x43, 0xE8, 0x25, 0x9C,
    0x06, 0xF0, 0x4C, 0xEC, 0x19, 0x47, 0x7A, 0x59, 0x80, 0xFC, 0x46, 0xC0, 0x50, 0x86, 0xD3, 0xFB,
    0x05, 0xDD, 0x03, 0x9A, 0xE3, 0xD8, 0x7D, 0xB1, 0xFF, 0x52, 0x27, 0x9C, 0xC7, 0x28, 0xED, 0x62,
    0x5B, 0xB2, 0xDF, 0x6E, 0xD1, 0x2E, 0xF5, 0xA7, 0x1C, 0xEC, 0xBB, 0x4F, 0x5E, 0x2E, 0x49, 0x50,
    0x29, 0x5E, 0x01, 0x21, 0x55, 0xEE, 0xC3, 0x8F, 0x97, 0xDD, 0x82, 0xEA, 0x12, 0xA8, 0xE8, 0x26,
    0x10, 0xB6, 0x47, 0x54, 0x22, 0xD8, 0x5D, 0x56, 0x4E, 0xC9, 0xA1, 0x3D, 0xF9, 0xFA, 0x4A, 0x47,
    0x64, 0xDF, 0x94, 0xCF, 0xA8, 0x3C, 0xE6, 0xB0, 0xEE, 0xB3, 0x47, 0xA2, 0x37, 0x38, 0x22, 0x7B,
    0x27, 0xBC, 0x82, 0x9D, 0xE7, 0xD7, 0x11, 0x25, 0xA1, 0x11, 0xFB, 0x8B, 0xB3, 0xAD, 0xEF, 0x90,
    0xFA, 0xBD, 0x6F, 0xEA, 0xB0, 0xB0, 0x36, 0x2F, 0x29, 0xA3, 0xD9, 0x22, 0xE6, 0x0C, 0x83, 0x3C,
    0xF1, 0x10, 0xCC, 0x54, 0x12, 0xA1, 0x12, 0x90, 0xAF, 0x51, 0xBC, 0x47, 0xCA, 0xE3, 0x91, 0x72,
    0xDA, 0xB8, 0x73, 0x67, 0x20, 0x2C, 0x46, 0x3F, 0x20, 0x94, 0xF8, 0x77, 0xBF, 0xD1, 0x41, 0xBB,
    0x8B, 0x9D, 0xB1, 0xBF, 0x15, 0xD7, 0x25, 0xBC, 0x91, 0x3D, 0x40, 0x64, 0x63, 0xFA, 0xBA, 0x2C,
    0x92, 0x4A, 0xFF, 0x0B, 0xE7, 0x58, 0xFF, 0x07, 0x7B, 0x9A, 0x80, 0x21, 0x93, 0x46, 0x45, 0xE9,
    0xAC, 0xC8, 0x4A, 0x5D, 0x9B, 0x4A, 0x37, 0x6C, 0xFC, 0x9F, 0xBF, 0x8D, 0x1C, 0xD5, 0x05, 0x7A,
    0xD8, 0x41, 0xB3, 0xE4, 0x33, 0x22, 0x85, 0x3D, 0xA5, 0x71, 0xAA, 0x34, 0x58, 0xA0, 0x9B, 0x21,
    0x8A, 0xA7, 0x63, 0x89, 0xEB, 0x31, 0x7E, 0xCD, 0xF0, 0x35, 0xA3, 0xD7, 0x43, 0xF0, 0x9A, 0xAA,
    0x64, 0xB1, 0x4D, 0xE9, 0x93, 0x1B, 0x35, 0xBF, 0xBB, 0xA7, 0x82, 0x2E, 0x4C, 0x13, 0x1A, 0x1D,
    0x35, 0x5A, 0x09, 0x15, 0x92, 0x3A, 0x19, 0xC7, 0x7F, 0x03, 0x12, 0xBE, 0xA5, 0x77, 0xC3, 0xBD,
    0x96, 0xAB, 0xEC, 0x2F, 0x95, 0x7A, 0x1B, 0x36, 0xE1, 0x8B, 0x4A, 0x4C, 0x26, 0x86, 0xC3, 0x16,
    0x9B, 0x75, 0x1A, 0x6F, 0xDA, 0x2C, 0xFD, 0x3F, 0x8C, 0x93, 0x8A, 0x21, 0xAC, 0x88, 0x2B, 0xC0,
    0x68, 0x6A, 0xF6, 0x54, 0x31, 0x29, 0x02, 0x1B, 0x0E, 0x6A, 0x2E, 0x29, 0x66, 0x8C, 0x8D, 0x85,
    0x2D, 0x40, 0x33, 0x40, 0x97, 0xC1, 0xC4, 0x28, 0x30, 0xA3, 0xE4, 0x09, 0xA6, 0x96, 0x7C, 0x09,
    0x32, 0x92, 0x0B, 0x1E, 0x53, 0x4E, 0x62, 0x00, 0xE6, 0xC4, 0x2E, 0x78, 0xE1, 0x0B, 0x46, 0x2D,
    0xFF, 0xC1, 0x9B, 0x8B, 0x8C, 0xCF, 0x82, 0xB3, 0x43, 0x57, 0x41, 0xAF, 0x86, 0xEE, 0x65, 0x20,
    0xD8, 0x77, 0xB4, 0x18, 0x87, 0xF5, 0x75, 0xDB, 0xD1, 0xFB, 0x3E, 0x21, 0xD0, 0xC5, 0x55, 0xC9,
    0xA9, 0xDA, 0xCA, 0x93, 0xB7, 0x10, 0x30, 0x02, 0x18, 0x31, 0x50, 0x00, 0xAB, 0x35, 0xCB, 0xC9,
    0xC0, 0xC7, 0x98, 0x6E, 0xF6, 0x39, 0x43, 0x73, 0xE7, 0x4C, 0x49, 0xD9, 0x50, 0x8E, 0x00, 0xBF,
    0x9E, 0x41, 0x6D, 0xDB, 0x5B, 0x3E, 0xE5, 0xCD, 0x79, 0xC6, 0xC7, 0x60, 0xBA, 0xC2, 0x22, 0x62,
    0x58, 0x0E, 0x1E, 0x7F, 0x96, 0x8B, 0x39, 0x21, 0xDC, 0xAF, 0x06, 0x59, 0xE0, 0x64, 0xD5, 0x10,
    0xFA, 0x75, 0x98, 0xF9, 0xDB, 0xE3, 0xB8, 0xEE, 0x90, 0xD2, 0x81, 0xD4, 0xF3, 0x24, 0x9E, 0x8A,
    0x93, 0x8A, 0xE7, 0xBD, 0xC9, 0xF8, 0xDC, 0x71, 0x83, 0xCF, 0xBD, 0xD8, 0xE8, 0x57, 0xE3, 0xF3,
    0x89, 0xB2, 0x3B, 0x12, 0x93, 0x27, 0x50, 0x0C, 0xFF, 0x72, 0x93, 0xEE, 0xF9, 0x6D, 0x76, 0x63,
    0x49, 0x74, 0x0B, 0x39, 0x95, 0x7C, 0x7D, 0x07, 0xF4, 0x2B, 0x9B, 0xDF, 0x63, 0x0E, 0xED, 0x84,
    0xD9, 0x4C, 0x92, 0x98, 0xEE, 0x40, 0xE3, 0x7C, 0x57, 0xCA, 0x87, 0x8F, 0x55, 0x4A, 0x05, 0x63,
    0x22, 0x92, 0xF3, 0xCB, 0xAD, 0xAF, 0x64, 0xE9, 0xD1, 0xF9, 0xD0, 0x70, 0xD2, 0x74, 0x3C, 0x34,
    0x35, 0x6F, 0xB7, 0xE7, 0x0B, 0x08, 0xD6, 0xF9, 0x32, 0xA4, 0x14, 0xEE, 0xF1, 0x04, 0x6A, 0x84,
    0x83, 0xAC, 0xBC, 0x5F, 0x52, 0xDE, 0x80, 0xCA, 0xCE, 0x36, 0xFE, 0xCF, 0xDF, 0x6E, 0x44, 0xE1,
    0xB8, 0xAF, 0x97, 0xD0, 0xCE, 0x6A, 0x03, 0x3A, 0xCC, 0x8B, 0x54, 0x3E, 0xE5, 0x37, 0x44, 0x74,
    0x3C, 0xA1, 0xFD, 0xC5, 0x5E, 0xBD, 0xBE, 0x1F, 0x21, 0xDB, 0xD2, 0x3D, 0xF8, 0xCB, 0x96, 0x72,
    0xBB, 0xF4, 0xD7, 0x89, 0x41, 0xCA, 0xCC, 0xCF, 0xAA, 0x51, 0xD6, 0xD0, 0x9A, 0xA2, 0x87, 0x28,
    0x86, 0x6B, 0x48, 0x2A, 0xA8, 0xF1, 0x44, 0xBD, 0xD8, 0xDC, 0xFD, 0x55, 0xB1, 0xD1, 0x7A, 0x05,
    0xB6, 0xDF, 0xF5, 0xDF, 0x4A, 0xFF, 0xC5, 0x50, 0x1E, 0x41, 0xD7, 0x59, 0xB2, 0x65, 0x81, 0xCD,
    0x99, 0x03, 0xBC, 0x93, 0x1B, 0x2F, 0xBD, 0x3B, 0x1A, 0x27, 0x4A, 0xFD, 0x40, 0x0D, 0xF1, 0x1B,
    0x97, 0xFC, 0x11, 0x1A, 0x98, 0xA4, 0xB7, 0xA7, 0xE1, 0xF9, 0xF1, 0x6C, 0x48, 0xB4, 0x91, 0xEA,
    0x05, 0x8A, 0x8E, 0xD0, 0x10, 0x5A, 0x42, 0x4F, 0x30, 0x02, 0x29, 0x21, 0x07, 0x9C, 0x97, 0x80,
    0xB3, 0x0A, 0xF0, 0xB8, 0x01, 0x3C, 0x6A, 0x01, 0x79, 0x47, 0xA0, 0x8F, 0x9E, 0x27, 0x04, 0x4D,
    0x08, 0x09, 0x01, 0xC1, 0x27, 0x78, 0x04, 0x97, 0xA0, 0x04, 0x18, 0xB6, 0x85, 0x12, 0x77, 0x6B,
    0x1B, 0xCF, 0xC1, 0x58, 0x8E, 0x98, 0xB4, 0xF1, 0x24, 0x33, 0x1F, 0x98, 0x15, 0x0F, 0x3C, 0x4F,
    0x6E, 0xE5, 0x81, 0x1F, 0x8E, 0xBE, 0x4D, 0xCA, 0x7A, 0x57, 0xD4, 0xC9, 0x20, 0x41, 0x29, 0x16,
    0x8B, 0x93, 0x95, 0x22, 0xDB, 0x5C, 0x2E, 0xF2, 0x96, 0x91, 0xE8, 0x43, 0x71, 0xE7, 0xBA, 0x48,
    0xFD, 0xAE, 0xF8, 0x23, 0x49, 0x63, 0x09, 0x96, 0x45, 0x92, 0x43, 0x2E, 0xA6, 0xE4, 0x81, 0x54,
    0x80, 0x70, 0xA8, 0x9F, 0xCF, 0x15, 0xF4, 0x03, 0xD9, 0x83, 0x3C, 0x4B, 0xAC, 0xB3, 0x21, 0x94,
    0x0A, 0xB6, 0x17, 0x38, 0x93, 0x47, 0x84, 0xB0, 0x1E, 0x21, 0xB8, 0x19, 0xEC, 0x8A, 0xCD, 0xD9,
    0xC4, 0xE1, 0xE8, 0x2A, 0x36, 0x3B, 0x73, 0x36, 0x8B, 0x45, 0x66, 0x44, 0x00, 0x48, 0x68, 0x8E,
    0xC0, 0x2D, 0x20, 0x26, 0x34, 0x6C, 0xA5, 0xCB, 0x4C, 0xD6, 0xB7, 0xDC, 0x84, 0x41, 0x23, 0xF9,
    0x17, 0x8A, 0xAF, 0x99, 0xE4, 0xA3, 0x0B, 0xA6, 0x81, 0xAE, 0xC9, 0x8A, 0x72, 0x3B, 0xCA, 0xEE,
    0xF4, 0x29, 0x3A, 0x25, 0x93, 0x1B, 0x35, 0x78, 0x4C, 0x57, 0x62, 0xFA, 0x82, 0x90, 0x6C, 0x8A,
    0x98, 0x72, 0x35, 0xF2, 0x2B, 0x21, 0x5B, 0x88, 0xAC, 0xE2, 0x31, 0xE9, 0x40, 0xBA, 0x0A, 0x86,
    0x14, 0x49, 0x3D, 0x1C, 0x03, 0x29, 0xE5, 0xDA, 0x26, 0x57, 0x3B, 0x4E, 0x6D, 0xC6, 0xD0, 0x58,
    0x48, 0x1B, 0x47, 0x37, 0xB0, 0xED, 0x92, 0x0A, 0xBB, 0x38, 0xC3, 0x18, 0x6B, 0x27, 0x24, 0x17,
    0x92, 0x12, 0xCB, 0x20, 0x37, 0xCB, 0x63, 0xD2, 0xC1, 0xC2, 0xE0, 0x5B, 0xE4, 0x4B, 0x0F, 0xC5,
    0x97, 0xAD, 0x53, 0xB9, 0xFB, 0x62, 0x0E, 0x0C, 0xF6, 0xE7, 0x28, 0xCD, 0x68, 0x1B, 0x95, 0x0C,
    0xD8, 0xBE, 0xD3, 0x29, 0xB7, 0x83, 0x25, 0xEF, 0xD6, 0x8C, 0x19, 0x9C, 0xBA, 0x07, 0xE6, 0xD0,
    0xD6, 0xF3, 0xDB, 0x1F, 0x87, 0x8E, 0xB9, 0x65, 0x8D, 0xAD, 0xDE, 0x14, 0xE7, 0xD6, 0x54, 0x41,
    0x0B, 0xD9, 0x1F, 0x56, 0x21, 0x0B, 0x47, 0x08, 0x05, 0x21, 0xB7, 0x60, 0x8A, 0xE4, 0x12, 0xCC,
    0xAF, 0x8E, 0x37, 0xF3, 0xB1, 0x88, 0x1D, 0x48, 0x57, 0xEC, 0x94, 0xB5, 0x81, 0x18, 0x58, 0xE0,
    0x98, 0xF0, 0x89, 0xC3, 0xE3, 0xFC, 0x85, 0xAD, 0x40, 0x2C, 0x58, 0x09, 0x58, 0x45, 0x4F, 0xCC,
    0xAB, 0x95, 0xFE, 0xD4, 0x78, 0xB5, 0x4E, 0x7B, 0x40, 0xCC, 0xD4, 0xC0, 0x02, 0x30, 0xCF, 0x96,
    0x42, 0xE6, 0xE0, 0x16, 0xF0, 0xEB, 0x89, 0x29, 0x4E, 0xF9, 0x58, 0xC9, 0x0E, 0x4A, 0x76, 0x55,
    0x41, 0x0D, 0x64, 0xA7, 0x62, 0x06, 0x88, 0x1D, 0x60, 0xB3, 0xE7, 0x89, 0xB0, 0x8E, 0x5F, 0xA9,
    0xB1, 0xD4, 0xEF, 0xE7, 0x51, 0xA2, 0xA7, 0x22, 0x9A, 0x05, 0x0A, 0x61, 0x01, 0x57, 0x4E, 0xD2,
    0x27, 0x0C, 0x78, 0x07, 0x53, 0xE8, 0x5B, 0xFE, 0x93, 0xDF, 0xA0, 0x53, 0xCC, 0xC0, 0xAF, 0x62,
    0x7A, 0x16, 0xF0, 0x0E, 0x05, 0xBC, 0x4D, 0xC7, 0xC0, 0x11, 0x1D, 0x32, 0x31, 0x61, 0x33, 0x3E,
    0xEB, 0xF7, 0x63, 0xD4, 0x5B, 0x0C, 0xA7, 0x17, 0x30, 0x21, 0x88, 0x37, 0xD6, 0x49, 0x6A, 0x33,
    0x44, 0xDD, 0x70, 0x32, 0x7E, 0x3A, 0x96, 0x8B, 0x9A, 0x0F, 0x12, 0xB1, 0xFA, 0x20, 0x3F, 0x25,
    0x51, 0xA0, 0x5E, 0xDF, 0x98, 0x32, 0xBE, 0xA2, 0x1D, 0x8E, 0xBE, 0x4D, 0x3E, 0x3B, 0x16, 0xFF,
    0x1B, 0x49, 0x77, 0x49, 0x0D, 0xAA, 0x2D, 0xB7, 0x02, 0x23, 0x9E, 0x51, 0x33, 0xAE, 0xD5, 0x77,
    0x01, 0xEB, 0x33, 0xCE, 0xAD, 0x23, 0x51, 0x49, 0xE2, 0x40, 0xA4, 0x72, 0xD0, 0xC0, 0xDE, 0x19,
    0xCB, 0xA8, 0x02, 0x52, 0xE4, 0x49, 0xA6, 0xC9, 0xD6, 0xDF, 0xF1, 0xF2, 0xBD, 0x83, 0xEF, 0x8A,
    0xE2, 0x59, 0x98, 0x76, 0x49, 0xEA, 0x59, 0x33, 0x41, 0x8A, 0xE2, 0xD4, 0xAC, 0x1C, 0xAA, 0x5F,
    0x77, 0xB7, 0x2B, 0x96, 0x8C, 0x78, 0x89, 0xA9, 0xA6, 0x92, 0xFC, 0x1F, 0xCC, 0x99, 0xE7, 0x17,
    0xD2, 0x7C, 0x29, 0xC5, 0x04, 0x2B, 0xDE, 0x18, 0x29, 0xE6, 0x91, 0x85, 0x3E, 0x7E, 0x73, 0xA1,
    0x90, 0xCE, 0xFE, 0x27, 0xB9, 0x43, 0x16, 0xA9, 0x05, 0x12, 0x96, 0x33, 0xD6, 0xF1, 0xA0, 0xEB,
    0x2E, 0x6E, 0x7C, 0x64, 0xC6, 0xC2, 0x6C, 0x47, 0xB6, 0x86, 0x89, 0xEF, 0xD3, 0x7B, 0x88, 0x4E,
    0x21, 0x8F, 0x98, 0x16, 0xA4, 0x03, 0xD8, 0xDA, 0x52, 0x35, 0x56, 0x12, 0xAB, 0xF9, 0xE9, 0xB0,
    0x46, 0xBC, 0xC4, 0xA5, 0xB3, 0xB9, 0x11, 0xCF, 0x72, 0x34, 0x46, 0xE0, 0xF0, 0x44, 0xC9, 0x08,
    0x5E, 0x52, 0x1E, 0x41, 0x04, 0x59, 0x6B, 0x4F, 0x4B, 0xBD, 0x56, 0x4F, 0x8F, 0xA5, 0xC0, 0xFC,
    0x19, 0x1B, 0x6B, 0x68, 0x49, 0xBC, 0xA5, 0x42, 0x16, 0x67, 0xD4, 0xC6, 0xF2, 0x2E, 0x97, 0x42,
    0xC1, 0x2D, 0xD3, 0x8C, 0x07, 0xE3, 0x03, 0xCD, 0x56, 0x9A, 0xAF, 0x09, 0xF5, 0x45, 0xA7, 0x7C,
    0x98, 0x6C, 0x5E, 0x15, 0x29, 0x27, 0xBD, 0xB7, 0x5B, 0x3E, 0x1C, 0x5B, 0x17, 0x6F, 0x91, 0x3E,
    0xBD, 0x8E, 0x3E, 0x4B, 0x44, 0xB1, 0x42, 0x5F, 0xCB, 0x4C, 0x76, 0x7F, 0x99, 0x3E, 0x67, 0x03,
    0x7D, 0xF0, 0x87, 0x63, 0x4B, 0x9B, 0xC4, 0xD4, 0x24, 0xEE, 0x6A, 0xDD, 0x1A, 0xB2, 0xCB, 0x56,
    0x76, 0x5E, 0xA2, 0xEE, 0x99, 0x22, 0x29, 0x36, 0x53, 0xF7, 0x07, 0x4B, 0x1D, 0x1B, 0x2B, 0x28,
    0x2D, 0x75, 0x3C, 0xDC, 0x61, 0x29, 0x0B, 0xED, 0xFC, 0xB9, 0x96, 0x58, 0x9E, 0xCB, 0x1D, 0xBF,
    0x75, 0x59, 0xCD, 0x61, 0x56, 0xFF, 0x3A, 0x67, 0x66, 0x57, 0xAB, 0xCF, 0x22, 0xFC, 0x6A, 0x05,
    0xD4, 0x4A, 0xA6, 0x77, 0x2F, 0xE0, 0x4A, 0x6D, 0x7C, 0x3F, 0xD6, 0xAD, 0xCB, 0x3A, 0x09, 0x93,
    0xA4, 0x12, 0xF7, 0xC1, 0x15, 0xC1, 0x91, 0x6C, 0x5E, 0xB8, 0x34, 0xC1, 0xF6, 0x51, 0x6A, 0xA9,
    0xFB, 0xAD, 0x8E, 0xE2, 0x85, 0xB4, 0xB5, 0x24, 0x53, 0x5D, 0x11, 0x07, 0x32, 0x0D, 0xF1, 0xEB,
    0xFC, 0x6A, 0x00, 0x29, 0xE5, 0x97, 0x55, 0xFB, 0x89, 0xE2, 0x7B, 0x09, 0xEF, 0x55, 0xC3, 0xCB,
    0x27, 0xA1, 0x2D, 0xB3, 0xE7, 0x13, 0x12, 0xAA, 0xFC, 0xC5, 0x98, 0x26, 0x39, 0x14, 0x3B, 0x61,
    0x34, 0x8E, 0x67, 0x88, 0x70, 0xF4, 0x88, 0xF1, 0xEF, 0x47, 0xCD, 0x04, 0xF5, 0x0E, 0xF8, 0x97,
    0x2C, 0xF3, 0x2F, 0x9A, 0xF8, 0xE7, 0xDC, 0x7E, 0x23, 0xAD, 0xAB, 0x4A, 0xB8, 0x19, 0xE5, 0xC7,
    0xB7, 0xDF, 0x2A, 0xD7, 0xDC, 0xB2, 0x91, 0x5E, 0x7C, 0x18, 0x0F, 0x7D, 0x28, 0xC6, 0x7C, 0x6D,
    0xFD, 0x3E, 0x29, 0x5B, 0x56, 0x45, 0x32, 0x68, 0x8E, 0xB9, 0x23, 0xF0, 0x9D, 0x61, 0xC1, 0xD9,
    0x17, 0x9F, 0xA2, 0x84, 0xEA, 0x9E, 0x5B, 0xF4, 0xE2, 0x58, 0x58, 0x91, 0x73, 0x22, 0x26, 0xD6,
    0xE5, 0x32, 0x09, 0x6F, 0x28, 0x93, 0xB0, 0xAF, 0x1A, 0x04, 0xCD, 0x36, 0x6D, 0xF2, 0xD9, 0x8B,
    0xA0, 0x49, 0xEA, 0x80, 0x45, 0x3A, 0x0D, 0x05, 0xA0, 0x38, 0x10, 0x59, 0xFF, 0xFA, 0x66, 0xAF,
    0xF7, 0x50, 0xD4, 0x5F, 0x55, 0x26, 0xB1, 0x53, 0xCA, 0xAF, 0xF7, 0x6B, 0x0F, 0x46, 0xFE, 0x86,
    0x82, 0x89, 0x5D, 0xB2, 0xC0, 0x6A, 0xEE, 0x88, 0x02, 0xFC, 0xD7, 0x11, 0xE0, 0x8F, 0x41, 0x3C,
    0x80, 0x7C, 0x95, 0x0B, 0x7E, 0xBD, 0x0F, 0x3E, 0x38, 0x57, 0xF2, 0xA1, 0xA1, 0xCA, 0x13, 0x3E,
    0x0C, 0x92, 0x1C, 0x9C, 0x71, 0xEA, 0xB7, 0x94, 0x53, 0xFD, 0x4A, 0xFE, 0xF2, 0xFB, 0x50, 0xE6,
    0xB6, 0x5B, 0x5E, 0x6C, 0xE9, 0xC4, 0x1F, 0x4C, 0x20, 0xDC, 0x87, 0x47, 0xAC, 0x5F, 0x82, 0xCB,
    0xF1, 0x72, 0xCB, 0x5D, 0xCB, 0xFD, 0x11, 0xE4, 0x1A, 0x62, 0xE2, 0xFE, 0x4E, 0xF9, 0x70, 0xB7,
    0xF4, 0x0D, 0x2F, 0xA7, 0xD8, 0xB2, 0xC8, 0xD1, 0xE9, 0x93, 0x57, 0xEE, 0xFC, 0x4E, 0xD2, 0x36,
    0x85, 0x2D, 0x38, 0xDD, 0x0D, 0x75, 0x92, 0xBD, 0xC9, 0x65, 0x24, 0x47, 0x2A, 0xAD, 0xDF, 0xB0,
    0x9E, 0x09, 0x8B, 0x34, 0x45, 0xFB, 0x53, 0xBE, 0x8A, 0x45, 0x20, 0xB6, 0x41, 0x72, 0x46, 0x43,
    0xCC, 0xAD, 0xC8, 0xFB, 0xD3, 0xC1, 0x36, 0xC8, 0x15, 0x19, 0xBF, 0x05, 0xFC, 0x15, 0xF0, 0x69,
    0x87, 0x93, 0xFC, 0xC8, 0x00, 0x1E, 0x13, 0x3E, 0x33, 0xAF, 0x95, 0xD1, 0xE7, 0xE6, 0xFD, 0x32,
    0x3A, 0x3B, 0x3F, 0x2B, 0xC2, 0xB3, 0x33, 0xC0, 0xF9, 0xBB, 0xE7, 0x45, 0x78, 0xE1, 0x5D, 0x40,
    0xC8, 0x83, 0xD8, 0xA0, 0x77, 0x0D, 0xD3, 0xE1, 0x86, 0xD1, 0x53, 0xD2, 0xC3, 0xEC, 0x78, 0x2D,
    0x73, 0xDE, 0x6E, 0x7E, 0xF0, 0xB1, 0xFC, 0x06, 0xBA, 0xCB, 0xAF, 0x93, 0x14, 0xA7, 0x1B, 0x06,
    0xD9, 0xAC, 0xD2, 0x69, 0x07, 0x78, 0xD8, 0x03, 0xDE, 0x31, 0x80, 0xC7, 0x76, 0x42, 0xAF, 0x71,
    0x42, 0xEF, 0x63, 0x1A, 0x17, 0x67, 0x45, 0x70, 0x7E, 0x76, 0x9E, 0x07, 0x17, 0xEF, 0x5D, 0x40,
    0xE2, 0xBE, 0x62, 0xF2, 0x19, 0xE6, 0x02, 0xC7, 0x16, 0xB6, 0xAD, 0x2F, 0x2F, 0xD3, 0xB6, 0xB2,
    0x36, 0xDB, 0xCD, 0x00, 0xBC, 0x0C, 0x6B, 0x79, 0x01, 0x35, 0xC2, 0xC4, 0x4B, 0x90, 0x90, 0x58,
    0x62, 0xF8, 0xA2, 0x50, 0xEC, 0x19, 0x97, 0x6F, 0x9E, 0xB1, 0x8E, 0xC3, 0xBC, 0x4B, 0xF3, 0xE6,
    0x73, 0xAC, 0xB5, 0xE6, 0x8B, 0xAF, 0x92, 0xEB, 0x0A, 0x6C, 0x6D, 0x7A, 0x7A, 0x2B, 0xEB, 0x69,
    0xBB, 0xF9, 0x85, 0x98, 0x55, 0x85, 0x59, 0x61, 0x6A, 0x2D, 0xA6, 0x36, 0x6B, 0xED, 0x5B, 0x4F,
    0xD6, 0x87, 0x87, 0xB4, 0x75, 0xE8, 0xF3, 0xFF, 0x86, 0xF0, 0x27, 0xA9, 0x32, 0xC0, 0x24, 0xF5,
    0x17, 0x14, 0x39, 0xDF, 0xD6, 0x43, 0xFE, 0x4F, 0xF2, 0x70, 0xFE, 0x94, 0x31, 0x76, 0x6C, 0x65,
    0xB4, 0xB2, 0xD5, 0x29, 0x3F, 0x0A, 0x79, 0x2F, 0x7D, 0x06, 0x3D, 0xCF, 0x15, 0x8A, 0xDA, 0xFE,
    0xD8, 0xA1, 0x68, 0xF3, 0x18, 0x2F, 0x7B, 0xD9, 0xD8, 0xFF, 0xE4, 0xB7, 0xF9, 0xE7, 0x70, 0xAC,
    0xDB, 0x2E, 0x25, 0x48, 0x7B, 0x70, 0x19, 0xFA, 0x31, 0x3C, 0x27, 0x15, 0x75, 0x7A, 0xAC, 0x75,
    0x76, 0xA6, 0x69, 0xF8, 0xDD, 0x74, 0x47, 0xB5, 0x78, 0x87, 0x5A, 0x73, 0x47, 0x58, 0x0F, 0x63,
    0xC4, 0x7A, 0xB9, 0xC6, 0x77, 0x7D, 0xAC, 0x6D, 0x1E, 0x4D, 0xD0, 0xD6, 0x56, 0x9D, 0x9A, 0x54,
    0x58, 0x8B, 0x61, 0x8A, 0xFB, 0xF9, 0xE6, 0x33, 0xBD, 0xBB, 0x2C, 0x17, 0xAF, 0x8D, 0x3F, 0x73,
    0xB4, 0x50, 0x7C, 0x2C, 0xD3, 0x24, 0x0B, 0x6D, 0x8B, 0xD7, 0x76, 0x0E, 0xC6, 0x82, 0x6B, 0x8A,
    0xE5, 0x76, 0xC6, 0x82, 0x2D, 0x5D, 0xEA, 0x43, 0xF1, 0xE1, 0x3A, 0x97, 0x7A, 0x67, 0x7C, 0x80,
    0xCA, 0xF5, 0x6D, 0x69, 0x59, 0x81, 0x6B, 0x79, 0x52, 0x1F, 0xE5, 0x74, 0x3D, 0x6F, 0x13, 0xAC,
    0xDB, 0xD4, 0xFE, 0x0F, 0xCD, 0x5A, 0xBF, 0x8F, 0xDC, 0xC6, 0x15, 0x1E, 0x92, 0xF0, 0x52, 0xD6,
    0x42, 0x66, 0xEB, 0xE4, 0x14, 0xD0, 0x85, 0x0B, 0xBB, 0x09, 0x53, 0xA4, 0x09, 0x10, 0x78, 0x68,
    0xB8, 0x70, 0xE1, 0x22, 0xEE, 0x53, 0x24, 0x65, 0x8A, 0x04, 0x72, 0x11, 0xC0, 0x85, 0x11, 0x0D,
    0x6D, 0x17, 0x29, 0x54, 0xE4, 0xF2, 0x17, 0x58, 0x85, 0x7B, 0x07, 0x70, 0x93, 0x22, 0x16, 0x69,
    0x5D, 0xA1, 0x22, 0x85, 0x69, 0xAB, 0x48, 0x91, 0xC2, 0x4C, 0x2C, 0xC0, 0x49, 0x25, 0x4A, 0xA6,
    0x11, 0x5E, 0x42, 0x72, 0xF2, 0x7D, 0x6F, 0x48, 0xEE, 0xEE, 0xDD, 0x4A, 0x77, 0xB2, 0x6E, 0x75,
    0x5A, 0x60, 0xBE, 0xBB, 0xE5, 0x92, 0x33, 0x6F, 0xDE, 0xAF, 0x79, 0x3F, 0xA8, 0x94, 0x8A, 0x6A,
    0x35, 0x42, 0x5C, 0xAB, 0xB8, 0x8F, 0x2B, 0xCF, 0x5A, 0x5B, 0x86, 0x80, 0x22, 0x02, 0xA8, 0xA4,
    0x5D, 0x0E, 0x4A, 0xD7, 0x81, 0x55, 0xA6, 0xF4, 0x6C, 0x9A, 0x17, 0xCA, 0x66, 0x02, 0x16, 0x50,
    0x3C, 0x10, 0x56, 0xF7, 0xC9, 0x63, 0x32, 0x81, 0x4C, 0x85, 0x49, 0x3B, 0x85, 0xE9, 0x1B, 0x85,
    0x85, 0x4A, 0xAC, 0xDA, 0x2B, 0x7E, 0xE2, 0x6A, 0x0D, 0xF6, 0x86, 0x44, 0xC8, 0x28, 0x48, 0x46,
    0x26, 0x64, 0xE8, 0x76, 0x69, 0x1D, 0x19, 0x39, 0xE6, 0xDB, 0x4A, 0x01, 0xAF, 0x15, 0x5C, 0x2D,
    0xE3, 0x7D, 0xA9, 0x3C, 0x71, 0x74, 0xB5, 0x3D, 0xB7, 0x5A, 0xD8, 0x00, 0x96, 0x84, 0xA8, 0xC9,
    0xB1, 0xCF, 0x9A, 0x50, 0x11, 0xB0, 0xC1, 0xA8, 0x51, 0xDF, 0x11, 0xCC, 0x26, 0xE8, 0x12, 0x2C,
    0xD5, 0xB5, 0xAE, 0x55, 0x62, 0x6D, 0x45, 0x5A, 0x0A, 0xD2, 0x82, 0x55, 0xF3, 0xC6, 0x6D, 0xBA,
    0x9C, 0x36, 0xAD, 0x4B, 0x53, 0x24, 0xA0, 0x1E, 0x90, 0x01, 0x7A, 0x4C, 0x90, 0x54, 0xA7, 0x06,
    0x2D, 0x50, 0xEB, 0x6A, 0x5E, 0xA8, 0xE2, 0x42, 0x98, 0x38, 0xFF, 0x6F, 0x8A, 0xD9, 0xFD, 0xEC,
    0xB2, 0x52, 0x41, 0x33, 0xE0, 0x5F, 0xCB, 0x95, 0x13, 0xAE, 0xBB, 0x50, 0xAB, 0x4F, 0xD2, 0x7A,
    0xB6, 0x35, 0x56, 0xE0, 0x53, 0x42, 0x19, 0xB4, 0x26, 0xAA, 0x83, 0xC6, 0x84, 0x75, 0x58, 0x9B,
    0xA0, 0x59, 0x12, 0xA2, 0xD2, 0xF8, 0xAD, 0x40, 0x5C, 0x00, 0x12, 0x82, 0xCE, 0x08, 0x29, 0xC0,
    0x28, 0x40, 0xAE, 0x4C, 0xD0, 0x0E, 0x80, 0xA6, 0x27, 0x74, 0xCA, 0x84, 0xF7, 0x00, 0xF1, 0xFD,
    0x56, 0x19, 0x7B, 0x1B, 0x7C, 0xB1, 0x07, 0x9C, 0x3E, 0xB0, 0xAD, 0x6E, 0x01, 0x33, 0x69, 0x7D,
    0xD2, 0x82, 0x34, 0x03, 0x1D, 0x29, 0x8C, 0x2D, 0x16, 0xB8, 0x0F, 0x24, 0x1A, 0xAA, 0x25, 0x28,
    0x00, 0x04, 0xDF, 0xE2, 0x31, 0x01, 0xFF, 0x90, 0xD0, 0x06, 0x04, 0x90, 0x06, 0x82, 0xEA, 0xA3,
    0x54, 0x05, 0x24, 0x08, 0xB4, 0x93, 0x82, 0x9C, 0x13, 0x80, 0x96, 0xB8, 0x06, 0x19, 0xF6, 0x0B,
    0xC2, 0x4D, 0x52, 0xE0, 0x93, 0x02, 0x80, 0x0A, 0xEF, 0x83, 0x82, 0xF0, 0x1B, 0xD0, 0x1B, 0xD6,
    0x60, 0x4E, 0x58, 0x27, 0x10, 0x52, 0x0D, 0xE6, 0x70, 0xDD, 0x15, 0xF8, 0xFF, 0xBB, 0x67, 0xDB,
    0xC8, 0x02, 0x12, 0x82, 0xB6, 0x35, 0x56, 0xB9, 0x46, 0xE6, 0x84, 0x75, 0x54, 0xE7, 0x80, 0x12,
    0x10, 0x17, 0x37, 0x38, 0x01, 0x40, 0xA7, 0x00, 0xC3, 0xC5, 0x47, 0x0A, 0xF4, 0xEF, 0x41, 0x81,
    0xB6, 0xF7, 0x3B, 0x15, 0xDB, 0xFB, 0x16, 0xBA, 0x09, 0xF0, 0xEC, 0x7B, 0xA0, 0x85, 0xFB, 0xDF,
    0x15, 0x90, 0x06, 0x18, 0xB6, 0xB1, 0x5F, 0x59, 0x81, 0x92, 0x90, 0x19, 0xFB, 0xCF, 0x43, 0x11,
    0x3B, 0x95, 0x23, 0x2F, 0x70, 0x4B, 0x5E, 0x9A, 0xF1, 0xBF, 0x24, 0x35, 0xFC, 0x69, 0x03, 0x20,
    0xE4, 0xC7, 0x06, 0xDB, 0x1E, 0x03, 0xEA, 0xBD, 0x50, 0x00, 0xC8, 0x69, 0x16, 0x56, 0x34, 0xB4,
    0xE3, 0xA5, 0x52, 0xFD, 0x46, 0x79, 0x6D, 0xAF, 0x82, 0x1E, 0x82, 0x19, 0xDC, 0x5F, 0x7E, 0x57,
    0x6A, 0x35, 0xBC, 0xEE, 0xB4, 0x63, 0xC0, 0xB0, 0x1C, 0xA5, 0xD7, 0xE5, 0x83, 0xD7, 0x69, 0x8C,
    0xA8, 0xF7, 0x3A, 0xEF, 0x13, 0x1F, 0xAB, 0x05, 0x18, 0x21, 0x34, 0x01, 0xE2, 0x5F, 0xDA, 0x1A,
    0x03, 0x1A, 0x30, 0xA8, 0xAB, 0x41, 0x03, 0x16, 0xAE, 0xE0, 0x35, 0xC2, 0xFB, 0x84, 0x83, 0x19,
    0x6E, 0x13, 0xBE, 0x22, 0x7C, 0x43, 0xF8, 0x98, 0xF0, 0x36, 0xE1, 0x1D, 0x82, 0x9E, 0x21, 0x21,
    0xC4, 0x84, 0xC8, 0x01, 0xE4, 0xB2, 0x6C, 0x20, 0x97, 0xF0, 0x5B, 0xC8, 0x05, 0x7A, 0x5D, 0x12,
    0x60, 0x4A, 0xDF, 0x8A, 0x5C, 0x62, 0x61, 0x4D, 0x09, 0x0A, 0x4C, 0x85, 0xC5, 0xE1, 0x1C, 0x82,
    0x26, 0xCE, 0x40, 0x01, 0xA4, 0xF1, 0x3E, 0xE1, 0xC0, 0x01, 0x14, 0xFE, 0x36, 0xE1, 0x2B, 0xC2,
    0x37, 0x84, 0x8F, 0x09, 0x6F, 0x13, 0xDE, 0x21, 0xE8, 0x19, 0x12, 0x42, 0x4C, 0x88, 0x66, 0x58,
    0x12, 0x42, 0x42, 0x30, 0x83, 0xDF, 0x40, 0xFF, 0xB1, 0x38, 0xC1, 0x80, 0x0C, 0x63, 0x27, 0xE1,
    0xE4, 0x94, 0x8B, 0xA1, 0xB3, 0x52, 0x4B, 0xFA, 0x8F, 0x84, 0xA6, 0x91, 0x34, 0xD3, 0x7F, 0x72,
    0x6D, 0xFC, 0xEC, 0xD9, 0xFD, 0xA8, 0x32, 0xB6, 0x21, 0x74, 0x84, 0x1E, 0xE0, 0x0F, 0x00, 0x25,
    0x70, 0xE3, 0x3B, 0x03, 0x3D, 0x76, 0x39, 0x7A, 0x30, 0xF8, 0x4B, 0x10, 0x6A, 0x33, 0xC2, 0x48,
    0xCA, 0x65, 0x85, 0xEB, 0x30, 0x4B, 0xD2, 0x8D, 0xAF, 0x31, 0xBD, 0x48, 0xC8, 0x1D, 0x88, 0xC6,
    0xA8, 0x1F, 0x4D, 0x04, 0x06, 0xBC, 0x16, 0xF2, 0x51, 0x0A, 0x1B, 0x0E, 0xB3, 0xE0, 0xCD, 0x98,
    0x3D, 0xF9, 0x12, 0xCF, 0xEA, 0xCF, 0x08, 0xD7, 0x30, 0x41, 0xFE, 0x3A, 0x5C, 0x94, 0xA5, 0x7E,
    0x10, 0xBC, 0xC1, 0x1F, 0x94, 0xDF, 0xFB, 0x16, 0x1A, 0xE3, 0x01, 0x70, 0x2E, 0xA5, 0xCB, 0xE9,
    0x84, 0x92, 0xD3, 0xB2, 0x80, 0xC3, 0x37, 0x25, 0xF8, 0xA1, 0x2B, 0x5D, 0x3B, 0x8F, 0xAC, 0x6B,
    0x53, 0x82, 0x36, 0x28, 0x74, 0xDC, 0xAA, 0xB7, 0x82, 0x54, 0x0D, 0x49, 0x21, 0x67, 0x11, 0x39,
    0xCB, 0xC3, 0x2F, 0x20, 0x0B, 0x0B, 0x21, 0xCB, 0xCB, 0x07, 0x10, 0x64, 0x2B, 0xF8, 0x6E, 0x78,
    0x47, 0xDB, 0xF9, 0xA9, 0xDC, 0x30, 0xC8, 0xF8, 0xC8, 0x5A, 0x2E, 0x16, 0x63, 0x68, 0x8E, 0x26,
    0xB0, 0xA6, 0xF4, 0xF1, 0xD7, 0x97, 0xEF, 0xBC, 0xCE, 0xDF, 0x21, 0xAC, 0x0F, 0xBD, 0xE2, 0x92,
    0x0A, 0xE0, 0x8B, 0x31, 0x4F, 0xEA, 0x59, 0x4C, 0x61, 0x1A, 0xC7, 0xB7, 0xC0, 0x6D, 0x1F, 0xB7,
    0x75, 0xEB, 0x03, 0x44, 0xAA, 0xC7, 0x19, 0xC7, 0xE6, 0x2B, 0x2F, 0xC2, 0x63, 0x76, 0xD0, 0x9F,
    0x80, 0x67, 0x9E, 0xB3, 0x6B, 0xDD, 0x52, 0x78, 0x94, 0xA0, 0x9F, 0x8E, 0x62, 0xC8, 0x61, 0x6D,
    0x47, 0x61, 0xD4, 0xAB, 0x53, 0x42, 0xDC, 0x2D, 0x28, 0x3E, 0xB0, 0x12, 0x7B, 0x97, 0xE5, 0x20,
    0xD3, 0x2B, 0x30, 0x22, 0x72, 0x9A, 0xAC, 0x1E, 0xCF, 0x7D, 0x51, 0x63, 0x09, 0x35, 0x84, 0xDD,
    0x23, 0xBF, 0x95, 0xBB, 0x26, 0xB7, 0x48, 0x90, 0x20, 0xE1, 0xC2, 0x13, 0x89, 0x78, 0x4E, 0x4B,
    0xDF, 0xDE, 0x44, 0x1F, 0xF6, 0xD7, 0x42, 0x47, 0x21, 0x4D, 0x09, 0x6C, 0x4C, 0xED, 0x83, 0x34,
    0x06, 0x3B, 0x5B, 0x69, 0xE1, 0x0F, 0xA6, 0x9A, 0xA2, 0x20, 0x79, 0x4C, 0x26, 0x78, 0x74, 0x0A,
    0x56, 0xDB, 0x7A, 0x6C, 0x30, 0x80, 0x14, 0xD6, 0x40, 0x20, 0x87, 0x2A, 0x7F, 0x8C, 0xEB, 0x84,
    0x3E, 0x61, 0x53, 0x20, 0x51, 0xCB, 0x95, 0x21, 0x55, 0x27, 0xEA, 0x70, 0x11, 0xB5, 0xA7, 0x19,
    0xF9, 0x34, 0xCA, 0xA8, 0x35, 0x4D, 0x84, 0x93, 0xDB, 0xB6, 0x58, 0xAF, 0x15, 0x76, 0xE4, 0xC3,
    0x9B, 0xCA, 0x69, 0xE8, 0x0C, 0xF2, 0x69, 0x97, 0x05, 0x4E, 0x1C, 0x18, 0x33, 0xA0, 0x72, 0x5F,
    0x57, 0x9F, 0xDD, 0xF0, 0xA1, 0x01, 0x1F, 0x92, 0x2D, 0x7C, 0xC0, 0x7F, 0xF3, 0x10, 0xD7, 0x55,
    0x25, 0x08, 0x5A, 0x19, 0x5F, 0x9A, 0x8C, 0xFF, 0x4F, 0x9F, 0x33, 0xE3, 0x87, 0x7A, 0x41, 0x38,
    0xC0, 0xB8, 0xA7, 0x1B, 0x83, 0x9F, 0xF0, 0xF3, 0x77, 0x61, 0x1B, 0x35, 0x5C, 0xA0, 0x40, 0x58,
    0x7A, 0xCD, 0x59, 0xF2, 0x63, 0x9D, 0x29, 0x2B, 0x7E, 0x84, 0xC2, 0x8F, 0x61, 0xE6, 0x47, 0xED,
    0xF8, 0xE1, 0xE8, 0xFB, 0x04, 0x56, 0x31, 0xB8, 0x93, 0x9B, 0x41, 0x62, 0x5C, 0xA8, 0xF8, 0xB5,
    0xB0, 0xD4, 0x45, 0x54, 0x73, 0xC4, 0x69, 0x58, 0x9E, 0x39, 0x5F, 0x2E, 0xBE, 0x34, 0xBA, 0x0B,
    0x97, 0x3D, 0xD0, 0x40, 0x84, 0x11, 0x4F, 0x09, 0x5F, 0xBC, 0xE2, 0xB2, 0xD8, 0x8B, 0x4F, 0x67,
    0xCB, 0xFC, 0x02, 0xC9, 0xC5, 0xCE, 0x79, 0xE2, 0x4B, 0x34, 0x50, 0x48, 0x1E, 0x35, 0x7A, 0x8E,
    0xB0, 0xFC, 0xE3, 0xD3, 0xA3, 0x2B, 0x50, 0x15, 0x8F, 0x49, 0x06, 0xA5, 0x66, 0xC7, 0xB0, 0x26,
    0xDA, 0x3D, 0x5F, 0x16, 0xCC, 0x6C, 0x12, 0xBA, 0x93, 0x84, 0x6E, 0x3F, 0x26, 0x55, 0xCF, 0xAA,
    0x98, 0xA7, 0xA0, 0x2F, 0x56, 0x6C, 0x53, 0xCB, 0xB8, 0x61, 0x05, 0xB9, 0x00, 0x02, 0x83, 0xD4,
    0x14, 0x81, 0x78, 0x83, 0x81, 0xCF, 0x76, 0xDC, 0x51, 0x8D, 0x87, 0xE8, 0x99, 0x78, 0xAC, 0x21,
    0xD4, 0xA9, 0xD7, 0x41, 0x3E, 0xAF, 0xF8, 0xF8, 0xCF, 0xBE, 0xCE, 0x28, 0x85, 0xF1, 0x8A, 0x7C,
    0x5D, 0x7D, 0x56, 0xB1, 0x4E, 0xE4, 0x62, 0x9D, 0x72, 0x8C, 0x75, 0xF4, 0xDD, 0x29, 0xD6, 0x31,
    0xD7, 0xDA, 0x69, 0x02, 0x09, 0x73, 0x82, 0x29, 0xCC, 0xE9, 0x11, 0xE6, 0x84, 0xC7, 0xC3, 0x1C,
    0xE6, 0xB5, 0x66, 0x3D, 0xC2, 0xA9, 0xE6, 0x08, 0x87, 0x94, 0x4E, 0x63, 0xF4, 0xA4, 0x74, 0xA4,
    0xE2, 0x47, 0xD7, 0xDC, 0xE8, 0x59, 0x45, 0x3A, 0x5B, 0xF9, 0xA1, 0xFE, 0x4C, 0x46, 0x0F, 0x13,
    0xC8, 0xD7, 0xA7, 0x85, 0x1F, 0x3E, 0x16, 0x5A, 0xB6, 0x6E, 0xF8, 0x95, 0x3A, 0x73, 0x7E, 0x88,
    0xF2, 0xAF, 0xE0, 0xC8, 0xC7, 0x9F, 0x7F, 0x08, 0xAD, 0x64, 0x3A, 0x80, 0x88, 0xDB, 0x8E, 0x19,
    0xF7, 0xBA, 0xE0, 0xF7, 0x03, 0x32, 0xE0, 0x17, 0x0C, 0xC7, 0x18, 0x3E, 0x63, 0xF6, 0xD2, 0x1B,
    0x00, 0x7E, 0x0F, 0x08, 0xBA, 0x78, 0xFD, 0xF9, 0x68, 0x86, 0xB8, 0xC6, 0x0F, 0x49, 0x2D, 0xF5,
    0x8E, 0x18, 0xB9, 0x5D, 0x05, 0x30, 0x25, 0x20, 0x27, 0x80, 0xB2, 0x5E, 0xAD, 0xC1, 0x96, 0x8F,
    0x6F, 0x5F, 0x25, 0x07, 0xBE, 0xB6, 0xC5, 0x72, 0xAA, 0x3F, 0xD5, 0xBE, 0x6F, 0xDF, 0xA0, 0x66,
    0xD3, 0xAD, 0x0C, 0x41, 0xC3, 0x8A, 0x10, 0x4D, 0x4C, 0x6C, 0x0D, 0x6B, 0x94, 0x03, 0x13, 0x4B,
    0x4B, 0x40, 0x06, 0xA9, 0xCB, 0xBC, 0x4C, 0x61, 0x32, 0xB6, 0xE2, 0xAF, 0x60, 0xE4, 0x7F, 0x6C,
    0xED, 0xE5, 0x69, 0xBE, 0xAF, 0x16, 0x76, 0x9F, 0xE1, 0x4D, 0xCF, 0xDD, 0x4B, 0x18, 0x44, 0xAB,
    0x4A, 0x7F, 0x85, 0xE0, 0x4C, 0xB9, 0x08, 0x16, 0x71, 0x9E, 0x73, 0x4D, 0xF4, 0x00, 0x2B, 0x08,
    0xFA, 0x09, 0x2C, 0xC3, 0x2A, 0xCB, 0x10, 0x8F, 0x50, 0xE2, 0x1A, 0x62, 0x2B, 0x04, 0x62, 0x0D,
    0x20, 0xEE, 0x43, 0x39, 0xB3, 0x7B, 0xF2, 0x65, 0xDA, 0xE0, 0x1E, 0x97, 0x24, 0xF8, 0x5C, 0x4D,
    0x96, 0x14, 0x27, 0xA0, 0xDB, 0xA8, 0xC3, 0xB3, 0x00, 0xB8, 0x0E, 0xC0, 0xA7, 0x9C, 0x6F, 0x05,
    0xC5, 0xF4, 0x2B, 0x52, 0x36, 0x16, 0x0B, 0x9C, 0xFD, 0x4B, 0xF0, 0x08, 0x5D, 0xCC, 0xEF, 0xF2,
    0x3C, 0x8E, 0x04, 0x5A, 0xF5, 0x32, 0x03, 0x22, 0x4D, 0xDE, 0x6B, 0x97, 0x4D, 0x40, 0xAD, 0x17,
    0xF6, 0x0E, 0x7E, 0xBC, 0xA4, 0xAE, 0x43, 0x96, 0xB7, 0x5A, 0x9A, 0x04, 0xCF, 0x47, 0xAA, 0x41,
    0x40, 0x7D, 0x57, 0x37, 0xC8, 0xE9, 0x17, 0x27, 0x96, 0x2F, 0x18, 0x2C, 0x1B, 0x09, 0xAF, 0xAC,
    0x53, 0x6B, 0xF2, 0xE5, 0x7B, 0x2A, 0xE9, 0x66, 0xBE, 0x54, 0xDB, 0xF8, 0x32, 0x46, 0xC2, 0x6B,
    0x30, 0x46, 0xBD, 0x8A, 0x95, 0x37, 0x42, 0x03, 0x80, 0xB7, 0xB3, 0x99, 0x98, 0x09, 0xF3, 0xA4,
    0x0C, 0x7C, 0x01, 0x48, 0x90, 0xFE, 0x63, 0x1F, 0xDF, 0x70, 0x3A, 0x39, 0xDA, 0x33, 0x15, 0x51,
    0xCB, 0x29, 0x8B, 0xFD, 0x29, 0x7B, 0xFC, 0x10, 0x14, 0x0D, 0xB8, 0x17, 0x7A, 0x67, 0x07, 0xDD,
    0x07, 0x83, 0xA9, 0x83, 0x01, 0x7C, 0x1F, 0xF2, 0x62, 0x73, 0x40, 0x0C, 0x03, 0x7D, 0x25, 0x58,
    0x30, 0x80, 0x53, 0x43, 0xC8, 0x43, 0x20, 0xFF, 0xDA, 0x99, 0x8D, 0x0A, 0xFB, 0x97, 0xB1, 0x19,
    0x3A, 0x67, 0xF2, 0x09, 0x3B, 0xCD, 0xC4, 0x31, 0x9F, 0x32, 0xF0, 0xA5, 0x89, 0x61, 0x53, 0x92,
    0x06, 0x2C, 0x21, 0xF1, 0x12, 0x22, 0x31, 0xA5, 0x66, 0x82, 0x97, 0x57, 0x00, 0xEC, 0xDC, 0xDC,
    0x86, 0xF6, 0x99, 0xBF, 0x63, 0x29, 0x73, 0xB7, 0xE5, 0x4C, 0xF5, 0x0C, 0x1D, 0xAF, 0xF1, 0x87,
    0xBF, 0x61, 0x7A, 0xF3, 0x39, 0x6F, 0x2E, 0x73, 0x3E, 0x8B, 0x34, 0x68, 0x9C, 0x0A, 0xFB, 0x1E,
    0xA7, 0xF7, 0x5D, 0xCE, 0x50, 0x90, 0x85, 0xE5, 0x8B, 0x1E, 0x28, 0x30, 0x3F, 0xAB, 0x38, 0x4B,
    0x45, 0xD7, 0x94, 0xBA, 0x38, 0x47, 0x51, 0xAC, 0x9B, 0x47, 0xE9, 0x43, 0x21, 0xEA, 0x01, 0xD0,
    0xF1, 0xBC, 0x30, 0x35, 0x00, 0x14, 0xE4, 0x07, 0x20, 0x37, 0xFF, 0xAB, 0xA8, 0x12, 0x93, 0x5B,
    0xEE, 0x7E, 0x84, 0x66, 0x54, 0xAF, 0xFC, 0x16, 0x6F, 0xB9, 0xC9, 0x9B, 0x0B, 0xAC, 0x9E, 0x17,
    0x9A, 0xA5, 0x4D, 0x90, 0x9B, 0x17, 0x38, 0x91, 0x72, 0x9E, 0x4D, 0x67, 0x9C, 0x32, 0x15, 0x0F,
    0x4B, 0x99, 0x24, 0x61, 0x61, 0x5A, 0x2E, 0x3E, 0xBB, 0x9B, 0x2A, 0xD5, 0x52, 0xBF, 0xD4, 0x52,
    0x07, 0xE0, 0x71, 0xBA, 0x3C, 0x5C, 0x4F, 0x94, 0xC2, 0xC7, 0x4B, 0x94, 0x06, 0x67, 0xAE, 0x9E,
    0x78, 0xCF, 0x84, 0x66, 0x43, 0x55, 0x12, 0x7F, 0xBD, 0x56, 0x2B, 0x8F, 0xF8, 0x03, 0x2B, 0x0B,
    0x0F, 0xF7, 0xB7, 0x4F, 0x27, 0xAF, 0x4E, 0xA0, 0x79, 0x33, 0xEF, 0x7C, 0xB2, 0xEC, 0x3C, 0x6D,
    0x05, 0x87, 0xA7, 0x6E, 0xBD, 0x09, 0xA5, 0xC4, 0x55, 0xE3, 0xFC, 0xD1, 0xEC, 0xDB, 0xE9, 0xB4,
    0x02, 0xD9, 0x39, 0x99, 0xB3, 0x64, 0x74, 0xBC, 0x94, 0xC3, 0xD8, 0xB7, 0xD5, 0x74, 0xCF, 0x91,
    0x52, 0x96, 0xAE, 0x2F, 0xA6, 0x8B, 0x71, 0x52, 0x9E, 0x28, 0x99, 0xE4, 0x65, 0xDE, 0x47, 0xC3,
    0xBE, 0x3A, 0xA9, 0x82, 0x03, 0x47, 0xD3, 0xAF, 0x8D, 0xCE, 0xCD, 0x08, 0xBB, 0xF6, 0xA4, 0x3A,
    0xE1, 0xDC, 0x37, 0xD7, 0x34, 0x87, 0x4A, 0x8A, 0xDC, 0xB2, 0xCB, 0x2B, 0xB8, 0xB8, 0x9C, 0xCE,
    0x7B, 0x3B, 0x3A, 0xAF, 0xE1, 0x27, 0x2A, 0x91, 0x39, 0xE0, 0xB8, 0xEA, 0x5C, 0x9C, 0xD7, 0xBF,
    0x4E, 0x5C, 0x9F, 0x27, 0xFA, 0xFA, 0x90, 0xAE, 0xCE, 0x23, 0x8F, 0x44, 0xC6, 0x73, 0xA9, 0xC1,
    0x59, 0x2E, 0x2C, 0x28, 0x40, 0x07, 0x62, 0x94, 0x3B, 0xC7, 0x1B, 0x05, 0x9F, 0x5B, 0x69, 0x14,
    0xB0, 0x0C, 0x1E, 0xB0, 0x47, 0x10, 0xB2, 0x60, 0xB9, 0x94, 0x46, 0x41, 0x31, 0x41, 0xCC, 0x1E,
    0x41, 0xC2, 0x1E, 0x81, 0x56, 0x13, 0x5C, 0x65, 0xA3, 0xE0, 0x93, 0xB1, 0x47, 0x30, 0x36, 0x0A,
    0x5A, 0x36, 0x0A, 0xD8, 0x23, 0xB8, 0xCD, 0x99, 0x37, 0x1A, 0x05, 0x72, 0x56, 0x1B, 0x2B, 0x50,
    0xA8, 0x13, 0xDB, 0x03, 0x87, 0xB6, 0x61, 0x8F, 0x80, 0x9D, 0x01, 0x10, 0x34, 0xB6, 0x07, 0x26,
    0x5A, 0x02, 0x52, 0x10, 0x34, 0x02, 0x57, 0x39, 0x41, 0x37, 0xB5, 0x07, 0xB8, 0x99, 0x23, 0xED,
    0x01, 0xF5, 0x27, 0x75, 0xB4, 0x15, 0xF0, 0x40, 0x38, 0xD6, 0x23, 0xB8, 0x67, 0x1B, 0xA8, 0xB2,
    0x30, 0x27, 0xAC, 0xA6, 0x1E, 0x41, 0xC4, 0xF6, 0x40, 0x9C, 0xB1, 0x47, 0xA0, 0x04, 0xF0, 0xEB,
    0x48, 0xC6, 0xD8, 0x23, 0xB8, 0xC7, 0x08, 0x67, 0xA3, 0x47, 0xA0, 0x90, 0x3E, 0x50, 0xBB, 0x18,
    0x29, 0xCE, 0x55, 0xCB, 0x64, 0x98, 0x0A, 0x6A, 0xAB, 0x56, 0xCE, 0x79, 0x9D, 0xE9, 0xEA, 0x02,
    0xA6, 0xB9, 0x4A, 0xA3, 0x4A, 0x25, 0xAC, 0xD6, 0x83, 0xEB, 0x6E, 0x5D, 0x52, 0x4F, 0xE4, 0x4C,
    0xB7, 0x81, 0xD4, 0x69, 0x1F, 0x0C, 0x71, 0xB1, 0x06, 0x76, 0x0B, 0x04, 0x5B, 0x21, 0x01, 0x74,
    0x02, 0xBA, 0x80, 0x4E, 0x80, 0x35, 0xD8, 0x45, 0x8A, 0x48, 0x1B, 0x8C, 0x50, 0x71, 0x03, 0x76,
    0x1F, 0x4A, 0x35, 0x95, 0xF1, 0xBD, 0x75, 0x75, 0x50, 0x30, 0x33, 0xE9, 0xC9, 0x26, 0xF2, 0x0A,
    0xC6, 0x3C, 0x82, 0x6F, 0x37, 0xBE, 0x3A, 0x10, 0x76, 0xF2, 0x66, 0x78, 0x05, 0x78, 0x19, 0xB2,
    0x18, 0x67, 0xB5, 0x7D, 0x97, 0xF3, 0xFD, 0xC1, 0x72, 0x66, 0xA6, 0x20, 0xB4, 0x62, 0x46, 0x77,
    0x8A, 0x7A, 0x30, 0x0A, 0x2C, 0x7B, 0x18, 0x88, 0x30, 0xC6, 0x26, 0x02, 0x45, 0x9E, 0xD3, 0x75,
    0xC6, 0x34, 0x1E, 0x4F, 0xF2, 0xA1, 0xCB, 0x53, 0x84, 0xB3, 0xAA, 0x43, 0xD5, 0x84, 0x96, 0xD0,
    0x11, 0x06, 0x82, 0x15, 0xC8, 0x08, 0x05, 0xE0, 0xCB, 0x0A, 0xF0, 0x59, 0x0D, 0x38, 0x68, 0x01,
    0x37, 0x3B, 0xE6, 0xAA, 0x3D, 0xC1, 0x12, 0x0C, 0x41, 0x13, 0x62, 0x42, 0x44, 0x08, 0x5D, 0x3A,
    0x0B, 0xF0, 0x09, 0x4A, 0x00, 0xB1, 0xFA, 0xBE, 0x2B, 0x30, 0x31, 0x13, 0x0B, 0xA5, 0x4B, 0xC9,
    0x84, 0xA8, 0x9E, 0x23, 0xC0, 0xEF, 0x4B, 0xC6, 0x20, 0x49, 0x71, 0x99, 0xD3, 0xF9, 0x15, 0xA6,
    0x41, 0x10, 0xB2, 0x4A, 0xBB, 0x11, 0x27, 0x9F, 0x66, 0x40, 0x5B, 0xD4, 0xD8, 0x63, 0xF2, 0xC5,
    0x6A, 0xC8, 0x3F, 0x06, 0x7F, 0xCA, 0x93, 0x32, 0x0E, 0x79, 0x1A, 0x5D, 0x63, 0x0E, 0x18, 0x10,
    0xAE, 0x65, 0x5B, 0x7A, 0x02, 0xEC, 0x33, 0xDC, 0xAD, 0xA6, 0x9E, 0xC0, 0x67, 0x8C, 0x93, 0xDE,
    0xA0, 0x4A, 0x85, 0xAB, 0xE4, 0xB0, 0x67, 0x72, 0x38, 0x3C, 0x30, 0x39, 0x5C, 0xEF, 0x09, 0x4C,
    0x5D, 0xDA, 0xDA, 0x25, 0x87, 0x22, 0x09, 0x90, 0x02, 0x5D, 0x51, 0x49, 0xB5, 0xB2, 0x16, 0x16,
    0x98, 0xE8, 0xD8, 0x7F, 0x98, 0x28, 0xF5, 0xD3, 0xC8, 0xFD, 0xE5, 0x77, 0x57, 0x78, 0x3A, 0xBB,
    0x64, 0x51, 0xA9, 0xE7, 0x95, 0x2B, 0xA6, 0xB9, 0x23, 0x32, 0xE6, 0xEE, 0x4D, 0x3F, 0x05, 0x0C,
    0x97, 0xCE, 0x3B, 0x6D, 0x54, 0x5E, 0x36, 0x75, 0x96, 0xA8, 0xC8, 0x9E, 0x15, 0xA5, 0x29, 0xC7,
    0x82, 0x8E, 0x2A, 0x77, 0x9F, 0x3B, 0x3A, 0x53, 0xBA, 0xAA, 0x9C, 0x67, 0x73, 0x4A, 0x41, 0xDF,
    0xE6, 0x5A, 0xF7, 0x97, 0xD4, 0x6F, 0x19, 0x29, 0x0D, 0xCE, 0x52, 0x83, 0x39, 0x5F, 0x4B, 0xDA,
    0x68, 0x90, 0x1D, 0x31, 0xDE, 0x67, 0x88, 0x67, 0xE8, 0x4F, 0x99, 0x45, 0x7E, 0xDA, 0x03, 0x0E,
    0x3A, 0xC0, 0xAD, 0x06, 0x00, 0x73, 0x2A, 0xEC, 0x97, 0xE5, 0x9C, 0x61, 0xA6, 0x54, 0x7A, 0x7A,
    0x81, 0x9E, 0x21, 0x5E, 0xC7, 0x4A, 0x50, 0x07, 0xE5, 0x88, 0xC7, 0x99, 0xA5, 0x94, 0x54, 0x82,
    0xD7, 0xD8, 0x7E, 0x2C, 0x8D, 0x7D, 0xC7, 0x80, 0x13, 0x88, 0x9C, 0xEE, 0xD9, 0x1B, 0xB4, 0x92,
    0x73, 0x61, 0xC9, 0x78, 0x66, 0x8C, 0xE9, 0x22, 0xC6, 0x74, 0x09, 0x63, 0x3A, 0xDA, 0x7A, 0x41,
    0xD2, 0x6E, 0x92, 0xB4, 0x5B, 0x15, 0xE9, 0x03, 0x55, 0xB9, 0x7D, 0x15, 0x04, 0x0D, 0x8C, 0xE9,
    0xBA, 0xA9, 0x56, 0xCF, 0x62, 0x97, 0xCB, 0x3B, 0x35, 0x55, 0x4F, 0xD6, 0x57, 0xFB, 0xA0, 0xC6,
    0xAF, 0xA3, 0x0C, 0xC1, 0x27, 0xD4, 0xC7, 0x1F, 0x18, 0x49, 0xE4, 0x2C, 0xA2, 0x24, 0x19, 0xE0,
    0xE2, 0x1C, 0xBB, 0x9D, 0x53, 0xF3, 0xCD, 0xCB, 0x2E, 0xA8, 0xB0, 0x4C, 0x10, 0x70, 0xE6, 0x19,
    0x29, 0xF4, 0x06, 0xC4, 0x0F, 0x88, 0x08, 0x60, 0x84, 0xFB, 0x67, 0x6A, 0x55, 0x0B, 0x56, 0x1E,
    0x13, 0x5B, 0x8D, 0x21, 0xAC, 0xEC, 0x60, 0xF0, 0xBB, 0xED, 0x35, 0xA8, 0x27, 0xDB, 0x7F, 0xDC,
    0x3B, 0x64, 0xB2, 0x97, 0x31, 0x7A, 0x0C, 0x3A, 0x84, 0x6D, 0xED, 0x72, 0x23, 0xFC, 0x3F, 0x2B,
    0x16, 0x3C, 0xAB, 0x5E, 0x50, 0x09, 0x3C, 0xBC, 0x39, 0xE8, 0x55, 0xF2, 0x0F, 0xE8, 0x5B, 0x83,
    0x13, 0x00, 0xF1, 0x97, 0xBA, 0x1E, 0x8C, 0x7D, 0x3F, 0x58, 0xF8, 0xFA, 0x28, 0x5C, 0x48, 0xB2,
    0x31, 0x9C, 0xF3, 0x5F, 0x8D, 0x6D, 0xF7, 0xAC, 0xEE, 0xED, 0xD7, 0x07, 0x45, 0x2D, 0xB2, 0x16,
    0x61, 0x3B, 0x7D, 0x14, 0x71, 0x8B, 0xBC, 0x27, 0x81, 0x33, 0x2C, 0x19, 0x94, 0xCB, 0x9A, 0x24,
    0xCB, 0x91, 0x2A, 0x4E, 0xD2, 0x86, 0xB0, 0xBA, 0x0A, 0xFC, 0x95, 0x03, 0x2B, 0xDF, 0x5A, 0xA7,
    0x9D, 0xE2, 0x28, 0xDD, 0xAB, 0x5F, 0x3B, 0xEB, 0x0C, 0xA5, 0xF8, 0xC3, 0x50, 0x05, 0xB1, 0xCE,
    0x1D, 0xC9, 0x26, 0x3C, 0xD7, 0xB5, 0x29, 0xC2, 0x26, 0x29, 0x96, 0x75, 0x34, 0x57, 0x99, 0x77,
    0xBD, 0x7B, 0x91, 0x32, 0xC5, 0xEC, 0x12, 0x38, 0x0A, 0x5A, 0x1D, 0x95, 0xF4, 0x6E, 0x77, 0x7F,
    0x92, 0xFC, 0x77, 0xDD, 0x7F, 0x7E, 0x86, 0x85, 0xFF, 0x38, 0x65, 0x05, 0xEC, 0x26, 0x8F, 0xD6,
    0x9A, 0x81, 0x46, 0xAB, 0x0B, 0xE5, 0x75, 0x14, 0xC3, 0x2F, 0xA7, 0x06, 0xF4, 0x0E, 0xFB, 0xCF,
    0x57, 0xEE, 0x48, 0x27, 0x86, 0xDD, 0x4B, 0xE9, 0x33, 0x54, 0xC9, 0x5C, 0xFB, 0xDE, 0x79, 0xF7,
    0x9D, 0xC2, 0x09, 0x28, 0x90, 0x25, 0x7B, 0x86, 0x51, 0x65, 0x90, 0x26, 0x16, 0xF2, 0xBA, 0xCD,
    0x66, 0x01, 0x69, 0x67, 0xBB, 0xF7, 0xD3, 0x0B, 0x6C, 0x0B, 0xBD, 0xC2, 0x6C, 0x92, 0x3F, 0xB6,
    0x50, 0x26, 0xBF, 0xA7, 0xFD, 0xDD, 0xE0, 0x79, 0xFC, 0xD2, 0x5C, 0x63, 0x3B, 0xA7, 0xEE, 0xFB,
    0xA9, 0xE9, 0xDB, 0x5D, 0xF7, 0xFD, 0x14, 0x36, 0x7A, 0x5E, 0xAF, 0x26, 0x9C, 0xDA, 0x7D, 0xEC,
    0x8A, 0x39, 0x0B, 0x67, 0xBE, 0x7F, 0x19, 0xCD, 0x37, 0x5E, 0x33, 0xDF, 0x25, 0x54, 0xFB, 0xAD,
    0xC9, 0x7C, 0x35, 0xB3, 0x2F, 0xCD, 0xEC, 0x4B, 0x73, 0x0B, 0x52, 0x6F, 0xD1, 0x15, 0xB2, 0x2F,
    0x5D, 0x89, 0x17, 0x63, 0xF8, 0x24, 0xFD, 0x41, 0xF7, 0x9F, 0x5C, 0xC3, 0xFC, 0xEE, 0xBE, 0xF1,
    0x89, 0x62, 0x84, 0x0A, 0x07, 0xA4, 0x3B, 0x34, 0x2B, 0x9C, 0x93, 0x5A, 0x8A, 0xF0, 0x55, 0x38,
    0x4C, 0xCF, 0xF2, 0xA5, 0xD2, 0x0A, 0xD4, 0x03, 0xF2, 0xF2, 0x82, 0x7A, 0x53, 0xBD, 0xE2, 0x35,
    0x2A, 0x7F, 0x1F, 0x37, 0x7D, 0x61, 0xE5, 0x90, 0xE1, 0xCB, 0x53, 0xAA, 0x5C, 0x8C, 0xC7, 0xA8,
    0xBD, 0x8E, 0xCC, 0xB4, 0xC9, 0x5D, 0xE1, 0x86, 0xC1, 0xFE, 0x9B, 0x0F, 0x75, 0xE0, 0x0F, 0x18,
    0x7C, 0x0B, 0x0E, 0xD2, 0x91, 0x1A, 0x3E, 0xEB, 0xAE, 0x65, 0x0E, 0xBB, 0x2B, 0x74, 0xBA, 0x26,
    0x03, 0xCB, 0xB3, 0x86, 0xA7, 0xAE, 0x92, 0x0A, 0x98, 0xCB, 0x42, 0xB3, 0x5C, 0x92, 0xF5, 0x6E,
    0x4A, 0x2C, 0x97, 0xF3, 0x7F, 0x72, 0xCD, 0x34, 0x73, 0xB6, 0x5A, 0xCE, 0xCF, 0x02, 0xDE, 0x03,
    0x9B, 0xC7, 0xE4, 0x1F, 0x1E, 0x64, 0xCC, 0xFB, 0xD9, 0xC2, 0x72, 0xCF, 0x86, 0xC3, 0x2A, 0x97,
    0x4D, 0x8F, 0xFB, 0xB7, 0xB8, 0xD8, 0x8C, 0x24, 0xCE, 0x86, 0x05, 0xA7, 0xB5, 0xD4, 0xF3, 0x7A,
    0x4B, 0xE5, 0xF8, 0x49, 0xA7, 0x79, 0xD2, 0x95, 0xF3, 0x49, 0x77, 0x56, 0x9D, 0xF6, 0x93, 0x8D,
    0xF2, 0xBC, 0x58, 0xF0, 0xB0, 0xA3, 0xEE, 0x6C, 0x59, 0xE0, 0x76, 0xBF, 0xEA, 0xA7, 0xB5, 0x6C,
    0xE1, 0xBD, 0xE5, 0x6A, 0x1C, 0x7A, 0x2E, 0xE6, 0xEA, 0x4E, 0x6A, 0xDD, 0xFB, 0xB4, 0x1A, 0xA9,
    0xA7, 0xBA, 0x48, 0xBC, 0xA5, 0x29, 0xF5, 0x53, 0x19, 0x5C, 0x02, 0x70, 0x4F, 0xEA, 0xCA, 0x36,
    0x7D, 0x9E, 0x79, 0x53, 0xB2, 0xCF, 0x17, 0xCC, 0x19, 0xC2, 0x18, 0xF1, 0xB4, 0xB4, 0x10, 0xC6,
    0xC3, 0x6B, 0x29, 0xB9, 0x7B, 0x63, 0x5C, 0xDE, 0xDD, 0x96, 0xB3, 0x52, 0x1E, 0x07, 0x0B, 0x98,
    0x0F, 0xF3, 0xC5, 0x6B, 0x3C, 0x5D, 0x99, 0x6A, 0x51, 0x9A, 0xC2, 0xBD, 0xAD, 0xA4, 0x41, 0x04,
    0x69, 0xF0, 0x29, 0xB2, 0x3D, 0xE9, 0x0B, 0xB5, 0x2C, 0x4D, 0xFF, 0x0E, 0xA1, 0x38, 0x8C, 0xA2,
    0xB1, 0xCE, 0x38, 0x0A, 0xA9, 0x22, 0x4D, 0xEF, 0x83, 0x27, 0x48, 0x9D, 0x28, 0x61, 0xCB, 0x37,
    0x90, 0xC4, 0xBD, 0xD9, 0xFA, 0x08, 0xB8, 0x64, 0x7D, 0xC7, 0xE0, 0x3E, 0x83, 0x54, 0x1C, 0xC7,
    0x58, 0x71, 0x64, 0xAD, 0x54, 0x1C, 0x1F, 0xD0, 0x77, 0xCA, 0x57, 0x61, 0xE2, 0x0C, 0x27, 0x76,
    0xAA, 0x26, 0x90, 0x36, 0xAC, 0xA9, 0x17, 0x29, 0x77, 0x9D, 0x51, 0x04, 0x99, 0x7B, 0x69, 0xDE,
    0x9B, 0x18, 0x44, 0xFF, 0x37, 0xBE, 0xC6, 0xB1, 0x60, 0xCE, 0x24, 0x25, 0x9C, 0xF0, 0x50, 0xB9,
    0xCE, 0x27, 0xAB, 0x81, 0x73, 0x4B, 0xB4, 0x55, 0x3F, 0x50, 0x86, 0xF4, 0x2E, 0xA5, 0xB5, 0x37,
    0x6C, 0x42, 0x3F, 0x75, 0x52, 0xCD, 0x78, 0xF4, 0x79, 0xD6, 0x69, 0x57, 0xE5, 0x54, 0x8C, 0x72,
    0x9D, 0x38, 0x31, 0xAA, 0xC9, 0x46, 0x8D, 0x4D, 0xAE, 0xC9, 0xAF, 0xEC, 0x5E, 0x3E, 0xC3, 0xA0,
    0x8B, 0x07, 0x8A, 0x21, 0xB5, 0xAE, 0xCF, 0x4D, 0xCB, 0x20, 0x55, 0xAC, 0x9C, 0xB3, 0x82, 0x0E,
    0x7D, 0xAD, 0x9E, 0x53, 0xF9, 0x18, 0xB6, 0x25, 0xEE, 0xAF, 0x87, 0x95, 0x73, 0x4C, 0x95, 0xF7,
    0xCE, 0xB8, 0x73, 0xAE, 0x2F, 0x2F, 0xEF, 0xB4, 0x8E, 0x3E, 0x0E, 0xD6, 0xBE, 0x71, 0xED, 0xE7,
    0x22, 0x7D, 0xA9, 0xC4, 0x6B, 0xCE, 0xFB, 0x6F, 0xF5, 0x08, 0xAD, 0x4C, 0x6F, 0x34, 0xE5, 0xD3,
    0x00, 0xD3, 0xCA, 0xA3, 0xF0, 0x48, 0x13, 0xCC, 0xC0, 0x56, 0x26, 0x3B, 0x99, 0x6C, 0x64, 0xB2,
    0x8F, 0x29, 0x6D, 0xCC, 0xEB, 0x9B, 0x2D, 0xCC, 0xAD, 0xE3, 0xEE, 0x91, 0x02, 0x60, 0xA9, 0xBF,
    0x53, 0x01, 0xF0, 0xFF, 0x63, 0xDC, 0x3F, 0x81, 0x81, 0xFB, 0xFF, 0x0F, 0x06, 0xF9, 0xFF, 0x7F,
    0x19, 0xEC, 0x0F, 0xFC, 0x67, 0xB0, 0x6F, 0xD8, 0xCF, 0x00, 0x00, 0xCD, 0x5C, 0x3D, 0x8F, 0xEC,
    0x46, 0x76, 0x2D, 0xB2, 0xE1, 0xA1, 0x25, 0x62, 0x97, 0xC9, 0x02, 0x5E, 0x69, 0x0C, 0x51, 0x81,
    0x83, 0x05, 0x16, 0x06, 0x13, 0x27, 0x9B, 0x2C, 0x29, 0x29, 0x50, 0xA0, 0xE0, 0xF9, 0x1F, 0x28,
    0x71, 0x64, 0xD9, 0x9E, 0x0D, 0x6D, 0x03, 0x16, 0x29, 0xBD, 0x40, 0x81, 0x82, 0x19, 0xC0, 0x3F,
    0x40, 0x1B, 0x38, 0x72, 0xF2, 0x02, 0x3B, 0x70, 0x22, 0x15, 0xF5, 0x5E, 0xA0, 0xE0, 0x05, 0x43,
    0x49, 0xC1, 0x06, 0x0A, 0x1E, 0xE5, 0x15, 0xB0, 0x9B, 0x0D, 0x05, 0x71, 0x2D, 0xCE, 0x8A, 0x64,
    0xF9, 0x9C, 0x5B, 0x24, 0xBB, 0x9B, 0xDD, 0x3D, 0xD3, 0x33, 0x9A, 0x51, 0xEF, 0x00, 0x75, 0xA6,
    0xBB, 0x59, 0xAC, 0x2F, 0x56, 0xDD, 0x3A, 0xF7, 0xA3, 0xA8, 0xFE, 0x5C, 0x29, 0x15, 0x27, 0x4A,
    0xA5, 0xA5, 0x52, 0xA6, 0x55, 0x2A, 0x32, 0x4A, 0xB9, 0x1D, 0x7E, 0xFC, 0x99, 0xE2, 0x9F, 0x36,
    0xA6, 0x59, 0x4B, 0x39, 0x7E, 0x9B, 0x27, 0x63, 0x8A, 0xB5, 0xB4, 0x2D, 0xCF, 0x32, 0x6F, 0xB7,
    0x9A, 0xFC, 0x22, 0xCC, 0xA2, 0x2A, 0x2E, 0xE3, 0x3A, 0xAE, 0xF8, 0x9F, 0xDF, 0xD5, 0xF0, 0x77,
    0xDF, 0x75, 0xA7, 0x06, 0x1D, 0x9E, 0x81, 0x63, 0x30, 0x16, 0xDB, 0xC1, 0x94, 0x84, 0x9E, 0x60,
    0x72, 0x42, 0xE9, 0x98, 0x4C, 0x57, 0xB8, 0x1A, 0xD6, 0x80, 0x60, 0x0B, 0xC4, 0xB8, 0xFA, 0x86,
    0x11, 0x28, 0x08, 0x19, 0xA0, 0x61, 0xD7, 0xCE, 0x90, 0x16, 0x15, 0x20, 0xE4, 0x57, 0x8D, 0x71,
    0x5F, 0xA0, 0x78, 0xE5, 0xF4, 0xBC, 0xF8, 0xEB, 0xA1, 0xFF, 0xAC, 0xA3, 0xD8, 0x80, 0x9D, 0xED,
    0xBB, 0x15, 0x68, 0x76, 0x6B, 0x06, 0xCA, 0x35, 0x5F, 0x71, 0x22, 0x98, 0x84, 0x55, 0x26, 0x0B,
    0x80, 0x0A, 0x4C, 0xF2, 0xA2, 0x8A, 0x5A, 0x4E, 0x16, 0x36, 0x3B, 0x2D, 0x94, 0x1D, 0x53, 0x65,
    0x04, 0x8C, 0xC9, 0x36, 0x20, 0x1F, 0xB3, 0x48, 0x66, 0xB9, 0x2D, 0x66, 0x6F, 0x43, 0x16, 0xE5,
    0xB3, 0x50, 0x97, 0xC5, 0x73, 0xDC, 0x33, 0x75, 0xC4, 0x2A, 0x8F, 0xF1, 0xC1, 0xE1, 0x53, 0xF0,
    0x09, 0x21, 0x1E, 0xB9, 0x8A, 0x1A, 0xF5, 0xAB, 0xE1, 0xDE, 0x72, 0x2A, 0x85, 0xCD, 0x88, 0x0C,
    0xC6, 0x30, 0xC0, 0xE3, 0xC0, 0xC8, 0xB1, 0xCD, 0x29, 0x32, 0x2B, 0xCF, 0x74, 0xCA, 0x4E, 0x61,
    0xFC, 0x3A, 0x76, 0x51, 0x99, 0xE4, 0xA7, 0xA8, 0x2A, 0x89, 0xCE, 0x7C, 0xA3, 0x62, 0x3E, 0x41,
    0x79, 0xD2, 0xE8, 0x5F, 0xA5, 0x1C, 0xDD, 0x4B, 0xEB, 0xDB, 0xD5, 0x24, 0xB5, 0x7C, 0x8F, 0x34,
    0x2F, 0xEF, 0xAA, 0x39, 0x7E, 0xDF, 0x75, 0x63, 0x70, 0xFA, 0xD5, 0x84, 0x81, 0xB9, 0x45, 0xF2,
    0xBA, 0xE7, 0x54, 0xD0, 0x85, 0x59, 0xDA, 0x62, 0xFC, 0x6A, 0xA4, 0x12, 0x0F, 0x27, 0x73, 0x74,
    0x83, 0x61, 0xEE, 0xD4, 0x2A, 0x54, 0x57, 0x03, 0x1E, 0x12, 0x00, 0x73, 0x0A, 0x90, 0xE3, 0xB7,
    0xA8, 0xF4, 0xAA, 0x2E, 0xA8, 0x00, 0xBE, 0x05, 0xBF, 0xEA, 0x3C, 0x82, 0x5F, 0x05, 0x25, 0x20,
    0x2C, 0x70, 0x55, 0xE7, 0x7D, 0x54, 0xEA, 0x0C, 0x77, 0x7C, 0x84, 0xFE, 0x25, 0x7F, 0xA7, 0xD2,
    0x46, 0xA5, 0x8B, 0x5A, 0xED, 0x0F, 0x9C, 0x21, 0x80, 0x8E, 0x60, 0xF8, 0x9B, 0xCE, 0x00, 0x71,
    0x0E, 0x88, 0x26, 0x08, 0xD7, 0xBF, 0xF2, 0x6A, 0xC3, 0x7C, 0x72, 0x07, 0xEF, 0x75, 0x6C, 0x29,
    0x37, 0x92, 0x19, 0x5F, 0x2D, 0x65, 0x86, 0xAC, 0x26, 0x48, 0x80, 0x77, 0x28, 0x3D, 0x12, 0x4D,
    0x48, 0x05, 0x8A, 0x3D, 0x40, 0x29, 0x0A, 0x6A, 0xF5, 0xB6, 0xE2, 0xEA, 0x4C, 0x38, 0xF3, 0xB1,
    0xB2, 0x62, 0x8A, 0x8B, 0x90, 0xAB, 0xEB, 0x47, 0xE3, 0x7C, 0x4A, 0x0B, 0xD7, 0x64, 0x69, 0xB1,
    0x40, 0x9B, 0x0B, 0x1F, 0x6D, 0x2E, 0x42, 0x34, 0xB2, 0xC0, 0xC4, 0x48, 0x0B, 0x8D, 0xD6, 0x17,
    0xB8, 0x2D, 0xFD, 0x1C, 0xEB, 0x23, 0xFD, 0x02, 0xF7, 0xA6, 0x17, 0x0D, 0x07, 0xA7, 0x9A, 0xA0,
    0xE5, 0x6F, 0xBC, 0xF0, 0x1B, 0xAE, 0xCB, 0x4F, 0x99, 0xB9, 0xD0, 0xBC, 0x17, 0x0B, 0x77, 0x28,
    0x2A, 0xC0, 0xF2, 0xB1, 0xC5, 0x4B, 0x45, 0x8E, 0xC9, 0xD1, 0x38, 0x53, 0x28, 0x97, 0xB5, 0x07,
    0xC5, 0x28, 0xD2, 0x62, 0xAE, 0x41, 0xDF, 0xCA, 0x00, 0xAE, 0xC1, 0xE7, 0xC7, 0xF6, 0xE5, 0x6A,
    0xEC, 0x76, 0xBE, 0x20, 0xF8, 0x84, 0x80, 0x10, 0x11, 0x62, 0x82, 0x26, 0x60, 0xC0, 0xD2, 0xC7,
    0x1D, 0xE0, 0x49, 0x03, 0x78, 0x5A, 0x01, 0xCE, 0x4B, 0xC0, 0xB3, 0x1C, 0x60, 0x32, 0x82, 0x1A,
    0xA1, 0x23, 0xB4, 0x84, 0x9A, 0x50, 0x11, 0x4A, 0xA9, 0x88, 0x00, 0x59, 0x94, 0xA8, 0x7F, 0x74,
    0x20, 0x60, 0xCC, 0xA2, 0xE5, 0x92, 0x6B, 0xD9, 0x3E, 0x74, 0xF8, 0xA8, 0x4F, 0xD4, 0xF2, 0x0F,
    0xE3, 0x13, 0x37, 0x18, 0xA9, 0xB8, 0x8E, 0x6A, 0x95, 0x56, 0xE8, 0xAD, 0x2E, 0x03, 0x94, 0x5C,
    0x78, 0x3D, 0x84, 0xD9, 0xC2, 0x38, 0x7C, 0x78, 0xEF, 0xA2, 0x28, 0xF3, 0x84, 0x03, 0xF8, 0x3B,
    0x8C, 0x53, 0xFC, 0x5D, 0xCB, 0x47, 0xD1, 0xB2, 0xAB, 0x0D, 0x97, 0x40, 0xC5, 0xC7, 0x43, 0x19,
    0x65, 0x96, 0x02, 0x32, 0xE3, 0x6F, 0x4A, 0x3D, 0xE7, 0xF7, 0x94, 0x7D, 0xB2, 0xC5, 0xD6, 0x6C,
    0x00, 0x72, 0x1C, 0xF7, 0xF2, 0xC8, 0xF6, 0x9D, 0x04, 0xDF, 0x03, 0x38, 0xFF, 0x66, 0xA0, 0x7C,
    0x3E, 0xA8, 0x9D, 0x20, 0x02, 0xD4, 0x63, 0xEB, 0xE5, 0x31, 0xCA, 0x84, 0x0B, 0x29, 0x69, 0xA3,
    0x67, 0x14, 0x35, 0xE7, 0x84, 0xF7, 0xD1, 0x11, 0xFD, 0x7A, 0x33, 0x0E, 0x2C, 0xC0, 0xE9, 0xDD,
    0x1E, 0xFC, 0x01, 0x1D, 0x5E, 0xB4, 0x8E, 0xA1, 0x6C, 0x36, 0x09, 0x65, 0x7D, 0x16, 0x70, 0xD7,
    0x14, 0x08, 0x39, 0xA1, 0x22, 0x8C, 0x73, 0xC9, 0xC1, 0x86, 0x3C, 0x04, 0x60, 0x0E, 0x45, 0xB5,
    0x2E, 0x30, 0x77, 0xB8, 0xC9, 0xAD, 0xA5, 0xCC, 0x0E, 0xE1, 0x5A, 0x32, 0xBF, 0xA7, 0xA0, 0xC3,
    0x14, 0x31, 0x95, 0x08, 0xBA, 0x2C, 0xEA, 0x4C, 0xE6, 0xF5, 0x26, 0x5B, 0x30, 0x19, 0xFB, 0x1F,
    0xDF, 0x73, 0xFC, 0x6E, 0x05, 0x21, 0xF3, 0x65, 0x6F, 0xE1, 0xBE, 0x13, 0x2C, 0x49, 0x36, 0x6A,
    0x28, 0xBF, 0xC2, 0xFC, 0xAD, 0xD1, 0xBA, 0x66, 0x99, 0x42, 0x7C, 0x4F, 0xAB, 0xA1, 0x7C, 0xE6,
    0x2D, 0x91, 0xF8, 0x7B, 0xB7, 0x52, 0xBE, 0xAD, 0x23, 0x0F, 0x57, 0xCB, 0xCF, 0xDF, 0x32, 0x97,
    0x87, 0xDB, 0xB4, 0xF1, 0x4C, 0xF3, 0x0D, 0xC8, 0xF5, 0x2A, 0xE8, 0x6C, 0x1D, 0x20, 0x84, 0x94,
    0x11, 0x50, 0xAB, 0x00, 0x16, 0xA2, 0x73, 0x70, 0x40, 0x9D, 0xE3, 0x81, 0xEA, 0xDC, 0x23, 0x04,
    0x35, 0x80, 0xD3, 0xA6, 0x9E, 0x43, 0xAE, 0x82, 0xDD, 0x70, 0xEF, 0x14, 0xEE, 0x95, 0xCE, 0xAB,
    0xE3, 0x77, 0xB0, 0x53, 0x44, 0x1F, 0x77, 0x41, 0x19, 0x02, 0x8A, 0xE0, 0xCB, 0x2E, 0xCA, 0xBD,
    0xAF, 0xBB, 0x38, 0x59, 0xFC, 0xA1, 0x4B, 0x95, 0x73, 0xD9, 0x7D, 0xA8, 0x54, 0xD7, 0x51, 0xB6,
    0xD9, 0x85, 0x57, 0x0D, 0xA0, 0xB9, 0x66, 0x79, 0xC1, 0xBD, 0xEC, 0x3E, 0x52, 0x92, 0xD9, 0xC7,
    0x6D, 0x99, 0x14, 0x10, 0x7C, 0xDA, 0x85, 0xB9, 0x14, 0x1A, 0x03, 0x2A, 0xA9, 0x23, 0x05, 0xD4,
    0x1A, 0x55, 0x82, 0x97, 0x40, 0x74, 0x78, 0x24, 0x28, 0x01, 0xC5, 0x3B, 0x67, 0x78, 0xE2, 0xD5,
    0xAE, 0xC9, 0xDD, 0x64, 0x85, 0xF8, 0xF0, 0x13, 0x57, 0x10, 0x36, 0x4C, 0x56, 0xD9, 0x10, 0x44,
    0xF6, 0xD8, 0x27, 0x99, 0x8F, 0xAC, 0x26, 0xAA, 0x96, 0xF0, 0x1C, 0xB7, 0xF1, 0xE0, 0x2B, 0xD7,
    0x94, 0x11, 0xA7, 0x54, 0xCC, 0x92, 0x43, 0x11, 0x59, 0x27, 0x60, 0x3C, 0x87, 0x12, 0x9F, 0xCE,
    0x7F, 0x7B, 0x67, 0x58, 0xD1, 0x41, 0xC5, 0x15, 0x5D, 0x71, 0x05, 0xA2, 0xF1, 0xC7, 0x97, 0x2B,
    0xD2, 0xF3, 0x60, 0x4D, 0x3B, 0xD8, 0x8E, 0x47, 0x1A, 0xB4, 0x01, 0x25, 0xC5, 0x59, 0xB1, 0x0B,
    0xF2, 0x11, 0xD2, 0x09, 0x74, 0x16, 0xB3, 0x3F, 0x04, 0xDC, 0xED, 0x12, 0xB0, 0xDF, 0xC4, 0x25,
    0xB8, 0x76, 0x5C, 0x82, 0x60, 0xC5, 0x65, 0x4A, 0x51, 0x89, 0xAE, 0xC6, 0xE5, 0x2F, 0x38, 0x5F,
    0xB0, 0x12, 0x31, 0xAC, 0x0D, 0xD7, 0x24, 0xC6, 0x05, 0x80, 0x06, 0x05, 0xBD, 0x4B, 0xE1, 0xBA,
    0x80, 0x40, 0x32, 0x9E, 0x29, 0xC2, 0x67, 0x6F, 0x5C, 0x14, 0xE1, 0xF9, 0xF9, 0x39, 0xE0, 0xD9,
    0x79, 0x11, 0x3D, 0x35, 0xA7, 0x65, 0xF4, 0x89, 0x79, 0x50, 0x46, 0x4F, 0x4C, 0x30, 0xC0, 0xE3,
    0x1E, 0x93, 0x5A, 0x66, 0x36, 0xD6, 0xE9, 0x3E, 0xF0, 0xBD, 0xF7, 0x9B, 0x5B, 0x6E, 0x5D, 0x2A,
    0xEC, 0x84, 0x49, 0x15, 0x5C, 0x6F, 0x35, 0xD7, 0x1B, 0xB8, 0x7B, 0x83, 0xCD, 0x34, 0xAE, 0xE4,
    0xA1, 0x38, 0x56, 0x82, 0x65, 0x02, 0x78, 0x7E, 0x10, 0xDB, 0xBB, 0x60, 0x99, 0x4F, 0x6E, 0x93,
    0x02, 0xA4, 0x28, 0x29, 0x54, 0x8A, 0x97, 0x8A, 0xA4, 0xCA, 0x3B, 0xEC, 0xC2, 0x8D, 0x60, 0xD8,
    0xDC, 0xB2, 0x2D, 0x9B, 0x9B, 0x59, 0x4F, 0x7E, 0x2F, 0xD7, 0x56, 0x36, 0x38, 0xF2, 0xCD, 0xAD,
    0x1B, 0xE6, 0x4A, 0x9A, 0xB4, 0x3B, 0xD9, 0xAA, 0x32, 0xD9, 0xA1, 0xB1, 0x4A, 0x4F, 0xA8, 0xDD,
    0xB9, 0x83, 0x76, 0x57, 0xAE, 0x6B, 0x77, 0xBB, 0x60, 0x53, 0xBB, 0x73, 0xA9, 0xDD, 0x45, 0x56,
    0x1E, 0xBA, 0xA2, 0x06, 0xA6, 0x94, 0x7D, 0x47, 0x76, 0x7D, 0x98, 0x6A, 0x06, 0x90, 0x26, 0xC2,
    0x34, 0xEE, 0x13, 0x0E, 0x45, 0xEB, 0x94, 0xD3, 0x8D, 0x70, 0x4C, 0x5D, 0x95, 0x53, 0x4C, 0x54,
    0x69, 0xFF, 0xB2, 0xD3, 0x59, 0x80, 0x8D, 0x26, 0x0F, 0xB1, 0xC7, 0x14, 0x2B, 0x7B, 0xCC, 0xB4,
    0xD1, 0x00, 0xC6, 0xAF, 0x04, 0xBB, 0xB7, 0x31, 0xB3, 0xDC, 0x26, 0x05, 0x48, 0x51, 0x96, 0xCB,
    0x86, 0x2C, 0x7E, 0x59, 0x1B, 0x41, 0x98, 0x55, 0x48, 0x11, 0x26, 0x42, 0xC2, 0xEB, 0x1D, 0xEA,
    0xF1, 0x1C, 0x0E, 0xF3, 0x1E, 0x2E, 0xEB, 0xF3, 0x66, 0xD8, 0x03, 0x23, 0x52, 0x87, 0x60, 0xDC,
    0xA8, 0x2C, 0xE9, 0x1B, 0xF8, 0x5E, 0x39, 0x64, 0x49, 0x9F, 0x91, 0xE0, 0x3D, 0xA5, 0x9E, 0xF3,
    0x5A, 0x8F, 0x1C, 0xE8, 0xB5, 0xD7, 0x61, 0xD4, 0xA4, 0x64, 0xD6, 0x61, 0x79, 0x1C, 0x26, 0x4D,
    0x54, 0x43, 0x50, 0x8A, 0xB4, 0xBC, 0x57, 0xE0, 0xBE, 0x38, 0x03, 0xBB, 0xFF, 0xEC, 0x82, 0x7D,
    0x97, 0x5E, 0x2C, 0x50, 0x0E, 0x86, 0x9B, 0x24, 0x6A, 0x5C, 0xD9, 0x7B, 0x2D, 0x83, 0x4D, 0xAC,
    0xB5, 0xE2, 0xC4, 0xEC, 0xCF, 0xD4, 0xE2, 0x4C, 0xE1, 0x59, 0xEE, 0x0B, 0xC3, 0x83, 0xBF, 0x29,
    0x6C, 0x59, 0x56, 0x28, 0x2F, 0x2C, 0xF6, 0x86, 0x77, 0xDB, 0x5B, 0x01, 0x49, 0xF1, 0x0C, 0xB8,
    0xE2, 0x76, 0x43, 0xCA, 0x51, 0x99, 0xC1, 0x0E, 0xAD, 0xF9, 0xCC, 0x9A, 0x81, 0x28, 0xA0, 0x46,
    0x73, 0xDB, 0xAB, 0x56, 0x6B, 0x2E, 0xD7, 0x9E, 0x50, 0x3C, 0x7D, 0xD5, 0xC5, 0x90, 0x45, 0x54,
    0x6C, 0x7B, 0x5B, 0x43, 0xCE, 0x94, 0x29, 0x8D, 0x79, 0x9C, 0xED, 0x03, 0x3D, 0xC1, 0x14, 0x84,
    0x9A, 0xD0, 0x02, 0x7C, 0x82, 0x0B, 0x52, 0xA8, 0x9D, 0x9E, 0xF9, 0x26, 0x90, 0xAF, 0x72, 0xC1,
    0x6B, 0xC7, 0xCC, 0x1C, 0x79, 0x29, 0xE0, 0x84, 0x45, 0x5D, 0x27, 0x88, 0x37, 0x05, 0x7D, 0x0A,
    0x41, 0x1F, 0xF4, 0x33, 0x61, 0x8F, 0xCF, 0x3E, 0x7E, 0x4F, 0x5B, 0xD1, 0x42, 0xAC, 0x36, 0x92,
    0xBC, 0x45, 0xC3, 0x82, 0xAE, 0x45, 0x8E, 0x0B, 0xBF, 0xAC, 0x94, 0x90, 0xC4, 0x1F, 0x27, 0x51,
    0x3F, 0x0A, 0x3F, 0x47, 0xA4, 0xFD, 0x8A, 0xA0, 0xCE, 0x99, 0xB1, 0x98, 0xC3, 0xB0, 0x4A, 0x26,
    0x71, 0xEF, 0x58, 0xBD, 0x4F, 0xBD, 0xA0, 0xA2, 0x8E, 0xC5, 0xB7, 0x13, 0xBD, 0x49, 0xAC, 0x95,
    0x0E, 0x7B, 0x26, 0xC9, 0x0A, 0x2E, 0x40, 0x14, 0x40, 0x86, 0xD2, 0x40, 0x62, 0xBC, 0x26, 0x4D,
    0x8C, 0x87, 0xFE, 0x1B, 0x4C, 0xC9, 0x7C, 0x84, 0x08, 0x5C, 0x6F, 0x0B, 0x04, 0x13, 0xF8, 0x16,
    0xC6, 0x3B, 0xC0, 0xE5, 0x33, 0xB3, 0x60, 0x51, 0x52, 0xA8, 0x43, 0x90, 0x8A, 0x58, 0x25, 0x8D,
    0x75, 0x19, 0x5B, 0x54, 0x70, 0xD8, 0x0A, 0x2E, 0x47, 0xD0, 0xB2, 0xB3, 0x94, 0x82, 0x1C, 0xD4,
    0xAF, 0x5D, 0x07, 0x4B, 0xDA, 0xCE, 0x08, 0xA3, 0x1A, 0x46, 0xC9, 0x51, 0x70, 0x9C, 0x0A, 0xAB,
    0x71, 0xEA, 0x82, 0x44, 0x2E, 0x27, 0xAF, 0x1B, 0xC5, 0x8B, 0xDC, 0x1B, 0x50, 0x6E, 0x72, 0xB3,
    0xB0, 0x2C, 0x92, 0x36, 0x42, 0x08, 0x80, 0x92, 0x74, 0x1F, 0x85, 0xB5, 0x6E, 0x42, 0x7A, 0x30,
    0x98, 0xC6, 0x1E, 0x19, 0x43, 0xE1, 0x40, 0x29, 0xC1, 0x25, 0x10, 0xD7, 0x0B, 0xC3, 0xF2, 0x62,
    0xE8, 0x02, 0xF1, 0xF0, 0xBB, 0x98, 0x3A, 0xB5, 0xF9, 0x0F, 0x74, 0xE0, 0x9F, 0xC4, 0xAA, 0x4D,
    0x09, 0x6B, 0x84, 0x60, 0x60, 0xB0, 0xFF, 0xF8, 0xB7, 0x56, 0xE8, 0x06, 0x34, 0x6A, 0x06, 0xA2,
    0x03, 0xFC, 0x1F, 0x74, 0x8B, 0x71, 0xCC, 0x9B, 0xC1, 0x6E, 0xD5, 0x04, 0x68, 0x23, 0x9A, 0x00,
    0x20, 0xB9, 0x06, 0x51, 0x5C, 0x81, 0xB8, 0x72, 0x07, 0x36, 0x13, 0x37, 0xC8, 0x12, 0x76, 0xC1,
    0x76, 0x4A, 0xF3, 0x73, 0xE8, 0xA7, 0xA9, 0x15, 0x99, 0x15, 0x52, 0x43, 0x82, 0xCB, 0x1D, 0x02,
    0xFF, 0x9B, 0xE1, 0x37, 0x7B, 0x4D, 0x7E, 0x5B, 0x74, 0x36, 0x05, 0x62, 0x28, 0x4F, 0xAD, 0xC2,
    0x57, 0xBC, 0x88, 0x32, 0xA0, 0x79, 0x55, 0x6B, 0xE9, 0x2A, 0x8D, 0xED, 0x8A, 0xC4, 0x0E, 0x66,
    0x1B, 0x90, 0x93, 0x35, 0x64, 0x23, 0xE8, 0x64, 0x04, 0xA3, 0x06, 0x70, 0x31, 0xE9, 0x32, 0xA8,
    0xA6, 0x58, 0x28, 0x84, 0xAD, 0x12, 0x10, 0xCF, 0x79, 0x2B, 0xC8, 0xDE, 0x2C, 0xB6, 0xFC, 0x51,
    0x7B, 0xC3, 0x24, 0xE7, 0xA0, 0x51, 0x8A, 0x58, 0x1D, 0x46, 0x0F, 0x8B, 0x72, 0x00, 0xF9, 0x6A,
    0x17, 0x90, 0x58, 0xA0, 0x3B, 0xF5, 0x0F, 0x76, 0xAD, 0x79, 0xBC, 0x57, 0x89, 0x4D, 0xF5, 0x18,
    0xEB, 0x22, 0x15, 0x69, 0xCC, 0xED, 0x7A, 0xB9, 0x53, 0x7B, 0x7F, 0x80, 0x16, 0x2A, 0xDA, 0xA5,
    0x55, 0x40, 0xB5, 0x69, 0x56, 0x75, 0xCF, 0xBE, 0x07, 0xE5, 0xEA, 0xBA, 0x7E, 0xAE, 0x7B, 0x4A,
    0x01, 0x4B, 0x36, 0x70, 0x84, 0x21, 0xE7, 0xAC, 0x45, 0x63, 0x6B, 0x3E, 0xD6, 0xE7, 0x93, 0x90,
    0xD4, 0xA4, 0xB5, 0x86, 0x9A, 0xB0, 0x12, 0x6D, 0x8C, 0x22, 0x40, 0xD8, 0x80, 0xCF, 0xC9, 0xD9,
    0xBD, 0x94, 0xF8, 0x1D, 0x17, 0x6F, 0x6C, 0x65, 0x73, 0x79, 0x84, 0x49, 0xAC, 0x33, 0xAF, 0x01,
    0xF3, 0x40, 0x8A, 0x91, 0x34, 0x12, 0x14, 0xF2, 0x87, 0x48, 0xEF, 0x21, 0x9D, 0x7E, 0xD7, 0xE8,
    0x0F, 0xBE, 0x68, 0xB4, 0x7E, 0x0A, 0x45, 0xDD, 0x6F, 0x74, 0x8F, 0xD4, 0x22, 0xD5, 0x48, 0x15,
    0x52, 0x81, 0x94, 0x23, 0x25, 0x7E, 0x73, 0x54, 0xBC, 0x94, 0x50, 0x29, 0x08, 0x68, 0xC3, 0xE5,
    0x4C, 0x3E, 0xF9, 0x6A, 0x55, 0x11, 0xBC, 0xB3, 0x7A, 0xA0, 0xE1, 0xD0, 0x08, 0x11, 0x53, 0xD7,
    0x81, 0x4E, 0xA6, 0x3F, 0x46, 0x37, 0x35, 0x49, 0x9A, 0x3E, 0x27, 0x87, 0xB9, 0xA0, 0xF1, 0x89,
    0x2C, 0x65, 0x80, 0x66, 0xBC, 0x20, 0x59, 0x24, 0x73, 0x0E, 0xF2, 0x87, 0x02, 0x6A, 0xAB, 0x2C,
    0xA1, 0x5C, 0x5A, 0x36, 0xB8, 0xDC, 0x76, 0x4E, 0xBC, 0x25, 0xA4, 0x13, 0x68, 0xCE, 0x43, 0x23,
    0x90, 0x50, 0x28, 0xE3, 0xB3, 0x4F, 0xA0, 0x72, 0x8A, 0x2E, 0x12, 0x30, 0xF6, 0xD9, 0x2F, 0x41,
    0x21, 0xB3, 0xB9, 0x76, 0xD6, 0x0D, 0xDA, 0x59, 0x11, 0x42, 0xA4, 0x15, 0xE1, 0xC5, 0xEB, 0x50,
    0xCC, 0x9E, 0xBD, 0xFF, 0xAC, 0x8C, 0xA0, 0x9D, 0x95, 0xD1, 0xD3, 0x0B, 0xAB, 0x98, 0x55, 0xD4,
    0xC9, 0xAA, 0xF8, 0x4A, 0x9D, 0x0C, 0xE5, 0x34, 0x3B, 0x93, 0xDD, 0x1A, 0x96, 0xE9, 0x8A, 0xBC,
    0xEA, 0x78, 0xD4, 0xA7, 0x7C, 0xAE, 0x80, 0x90, 0xB3, 0x38, 0x6E, 0xD0, 0xA1, 0x94, 0x52, 0x84,
    0xFB, 0xE8, 0x56, 0x2D, 0x4A, 0x2E, 0x88, 0xF0, 0x91, 0xCC, 0x72, 0x9B, 0x14, 0xB0, 0x14, 0x2F,
    0x9B, 0xC6, 0x9E, 0xE0, 0x56, 0xE9, 0x45, 0x94, 0xAA, 0xED, 0xCA, 0x2B, 0x91, 0x6A, 0x3C, 0xC1,
    0x96, 0x73, 0x41, 0x83, 0xC7, 0xE2, 0xF1, 0x31, 0x99, 0x21, 0x0D, 0xDF, 0xFD, 0x4E, 0x17, 0x51,
    0x3B, 0xD4, 0x4B, 0x91, 0x94, 0xEB, 0x2F, 0xBA, 0xDD, 0x62, 0x87, 0x0B, 0x8A, 0x82, 0x50, 0x28,
    0x1D, 0x7B, 0x41, 0x71, 0x99, 0xFC, 0x19, 0x9D, 0x4D, 0x6A, 0xC5, 0xD9, 0x24, 0x9A, 0x8D, 0x55,
    0x6F, 0x26, 0xDF, 0x53, 0x34, 0x78, 0xB0, 0x8E, 0xB6, 0x78, 0xB0, 0xFE, 0xA8, 0xF4, 0x52, 0x60,
    0x4C, 0x30, 0x48, 0xF6, 0xEF, 0x09, 0x61, 0x4D, 0xB3, 0x10, 0xCD, 0x01, 0xF8, 0x96, 0xE6, 0xBE,
    0x18, 0xE6, 0x38, 0xFF, 0x38, 0x1D, 0xD1, 0x0F, 0x87, 0xD4, 0xFE, 0x55, 0xC2, 0x43, 0x59, 0x02,
    0x34, 0x33, 0xFD, 0x86, 0x4A, 0xC9, 0x77, 0x35, 0xDB, 0x5B, 0x91, 0xD0, 0x57, 0xDC, 0xD7, 0x0B,
    0xB2, 0x83, 0x7C, 0x60, 0x07, 0x8E, 0x28, 0x49, 0x10, 0x60, 0x3F, 0x09, 0x45, 0x81, 0x69, 0x26,
    0xF3, 0x18, 0x72, 0x44, 0x9D, 0xAC, 0xE6, 0xBF, 0x56, 0x73, 0xE5, 0x62, 0x37, 0xAC, 0x2B, 0x3A,
    0x01, 0xA4, 0x5A, 0x1E, 0x52, 0xA0, 0xED, 0xD0, 0x71, 0x56, 0x15, 0x1D, 0xAB, 0xE3, 0x20, 0x73,
    0x21, 0xB7, 0x79, 0x03, 0x87, 0x13, 0xF5, 0xA6, 0xB8, 0xA6, 0x5E, 0xEA, 0x1F, 0x65, 0x60, 0x87,
    0xC4, 0xE1, 0x68, 0xB0, 0x4B, 0xD4, 0x58, 0xAC, 0xC5, 0x6F, 0xA9, 0xE3, 0x2C, 0xD5, 0x9B, 0xD0,
    0xAA, 0x37, 0x14, 0x21, 0xE7, 0x24, 0x9A, 0xAF, 0x43, 0x08, 0x63, 0x99, 0x26, 0x56, 0xA9, 0x19,
    0xF6, 0xFE, 0x18, 0x3B, 0xDB, 0x2D, 0xD3, 0xCC, 0x4E, 0x49, 0x91, 0x3C, 0x4F, 0xA4, 0x1C, 0xBB,
    0x12, 0x78, 0x44, 0x4F, 0x57, 0x25, 0x96, 0x59, 0xEF, 0x71, 0x7E, 0xEA, 0xDD, 0xAE, 0x3B, 0xDA,
    0x16, 0xF3, 0x39, 0x80, 0x49, 0xDD, 0x10, 0x06, 0x83, 0xF7, 0x1A, 0x60, 0x74, 0xD4, 0x1C, 0xFC,
    0xEA, 0xA6, 0x30, 0x98, 0xDA, 0x57, 0x61, 0xF4, 0x5B, 0x6D, 0xC0, 0x75, 0x4A, 0x82, 0x75, 0xA8,
    0x0D, 0xB6, 0x8B, 0xD1, 0xB8, 0xBE, 0xA2, 0x15, 0x94, 0xC3, 0xD7, 0x81, 0xF3, 0x89, 0x42, 0xA0,
    0x14, 0xE9, 0xF2, 0x6E, 0xDE, 0x4F, 0x45, 0x6D, 0xE0, 0xEE, 0xCD, 0x48, 0xE5, 0x17, 0x04, 0xA7,
    0x5B, 0x83, 0xC5, 0x92, 0xE8, 0x4B, 0xBE, 0x32, 0xCE, 0xDE, 0xEA, 0x93, 0x2B, 0x88, 0x3E, 0xD9,
    0xF1, 0xE8, 0x3E, 0xC0, 0x24, 0xC0, 0xC4, 0x5A, 0x12, 0x7B, 0xEC, 0x45, 0xF2, 0x9B, 0xB5, 0xDE,
    0x94, 0x2F, 0x9A, 0x3E, 0x39, 0xD2, 0x97, 0xCA, 0xD2, 0x53, 0x21, 0x6F, 0x62, 0x59, 0x7E, 0x3E,
    0x39, 0x5E, 0x1A, 0x8B, 0xF5, 0x2E, 0x06, 0xAF, 0x65, 0x41, 0xE7, 0x2F, 0x31, 0x73, 0xC4, 0xDB,
    0xE2, 0x89, 0xB7, 0x8B, 0xAC, 0x8B, 0x33, 0x30, 0x85, 0x38, 0x4B, 0xD9, 0x53, 0x1A, 0x95, 0xDF,
    0xC1, 0x95, 0xF8, 0x61, 0x07, 0x4E, 0xF4, 0xB0, 0xC5, 0xFA, 0x7B, 0xD8, 0x50, 0x8F, 0x6C, 0x30,
    0x0D, 0x4C, 0x3D, 0x01, 0xBF, 0xCA, 0x05, 0x9B, 0x85, 0x99, 0x71, 0x5B, 0x61, 0x0B, 0x40, 0x51,
    0xB6, 0x50, 0xAC, 0xA6, 0xCB, 0x44, 0x4C, 0xF8, 0xC2, 0xB3, 0x29, 0x14, 0xAD, 0xC1, 0x54, 0x48,
    0xB4, 0x05, 0x21, 0xD6, 0x66, 0xCC, 0x22, 0x99, 0x05, 0xC4, 0x92, 0x2A, 0x36, 0x3C, 0x61, 0xF0,
    0x14, 0x6C, 0x2B, 0xB4, 0xDB, 0x3A, 0x3C, 0xC5, 0x53, 0x2E, 0x92, 0x57, 0x77, 0x22, 0x79, 0xD5,
    0x18, 0x25, 0xF1, 0x97, 0x23, 0xDD, 0xB8, 0x37, 0x46, 0xE7, 0xD6, 0x5E, 0x09, 0x9A, 0x85, 0x4E,
    0x04, 0x1D, 0x1A, 0x27, 0x9F, 0xE4, 0xB7, 0xF9, 0xDF, 0xBD, 0xB5, 0x40, 0xFD, 0xFD, 0x9A, 0x39,
    0x6B, 0x46, 0x58, 0x36, 0x8C, 0x5D, 0xFA, 0x8C, 0x82, 0x97, 0x4E, 0x79, 0xD3, 0x5B, 0x11, 0x4C,
    0x9B, 0x4F, 0x22, 0x36, 0x2E, 0xA1, 0x2D, 0x13, 0xE4, 0x37, 0x81, 0x6C, 0x30, 0x77, 0x2D, 0x00,
    0x2E, 0x97, 0x93, 0x6B, 0xC3, 0x2E, 0xC4, 0x34, 0xC6, 0x48, 0x96, 0x97, 0xD1, 0xFD, 0x81, 0x79,
    0xD2, 0xEF, 0xCB, 0x0B, 0x69, 0x36, 0x46, 0x10, 0xDD, 0x9D, 0xB6, 0xB0, 0xB1, 0x6D, 0x83, 0x86,
    0xF4, 0xC9, 0xF3, 0x0A, 0xFC, 0x6E, 0xDC, 0xB1, 0x07, 0x8B, 0xE3, 0x2A, 0xC4, 0xB2, 0x81, 0x33,
    0x0B, 0x32, 0x1F, 0x25, 0xC1, 0x68, 0xF4, 0xCC, 0xAC, 0x8B, 0x4C, 0x0A, 0x3D, 0xE9, 0x69, 0xE2,
    0xA9, 0x22, 0x2E, 0x0B, 0xA4, 0xB4, 0x3C, 0x2A, 0xA8, 0x14, 0xA7, 0x62, 0xD0, 0x3B, 0x93, 0x30,
    0x13, 0x97, 0xB3, 0xF6, 0x58, 0xEC, 0x61, 0xE8, 0x5E, 0xD0, 0xFC, 0x9B, 0x0A, 0x49, 0x36, 0x6A,
    0x33, 0x10, 0x0E, 0x29, 0x27, 0xA2, 0x3F, 0x59, 0xB3, 0x42, 0x6E, 0x2F, 0x16, 0xE4, 0x6B, 0x94,
    0xAC, 0x11, 0x64, 0xAB, 0x01, 0xAC, 0xC1, 0x9A, 0x13, 0xE8, 0x5A, 0x08, 0xDB, 0x23, 0x6E, 0x69,
    0x74, 0xE2, 0xDA, 0x99, 0xC0, 0xE7, 0x73, 0x72, 0xA9, 0xBC, 0xD2, 0x87, 0xF4, 0xA8, 0x91, 0x27,
    0x6C, 0xD0, 0xE7, 0xB0, 0xC1, 0x27, 0xF9, 0x6D, 0xF6, 0x77, 0x7F, 0x2D, 0xB0, 0x7D, 0xA5, 0xB8,
    0x62, 0xEF, 0x25, 0xE5, 0xAB, 0xFD, 0xE7, 0x38, 0xAF, 0x26, 0x51, 0x60, 0x6E, 0x9C, 0x22, 0x49,
    0x3F, 0x4E, 0xD2, 0x8A, 0xF2, 0x32, 0xB2, 0x8E, 0x32, 0xE5, 0xE8, 0xAF, 0x36, 0x02, 0x52, 0xE6,
    0x51, 0x29, 0x5C, 0x19, 0x36, 0xF8, 0x04, 0x0F, 0x7A, 0x51, 0xF5, 0xE1, 0x14, 0x7C, 0x32, 0xC4,
    0x9D, 0x44, 0x04, 0x53, 0xE2, 0x82, 0xCE, 0xE9, 0x8D, 0x4C, 0xD0, 0xB3, 0x7F, 0x66, 0xCF, 0xAE,
    0x0B, 0x34, 0xB1, 0xBA, 0xBA, 0x11, 0x80, 0x7C, 0x6C, 0xD2, 0x1D, 0x91, 0x25, 0x72, 0x81, 0xCE,
    0x84, 0x05, 0x43, 0x91, 0x6C, 0x9B, 0xF7, 0x5D, 0xE6, 0xF7, 0xB4, 0xC2, 0xF1, 0x84, 0x7E, 0xC2,
    0x87, 0x43, 0xB6, 0xE9, 0x19, 0x09, 0xA1, 0xA2, 0x9B, 0x59, 0xE8, 0x30, 0x57, 0xFF, 0x4F, 0xA7,
    0x79, 0x73, 0x7F, 0x2A, 0xD9, 0xCB, 0x43, 0x78, 0x0B, 0x32, 0xB9, 0xE4, 0x65, 0x29, 0x1A, 0xE3,
    0xB1, 0x05, 0xBF, 0xBA, 0x53, 0xA5, 0x72, 0x8F, 0x40, 0x10, 0xF9, 0x3B, 0x14, 0xE1, 0xBE, 0xAD,
    0xD2, 0x34, 0x57, 0xBE, 0xC4, 0x62, 0x36, 0x4B, 0xCB, 0x99, 0x44, 0x2B, 0xCF, 0x1C, 0x36, 0xB6,
    0x13, 0x23, 0x93, 0xAD, 0x1D, 0xE7, 0x99, 0x68, 0xFB, 0x47, 0xDC, 0xC5, 0x95, 0x2E, 0x69, 0x6B,
    0x12, 0xA8, 0x26, 0xE0, 0x57, 0x5D, 0xD0, 0x3F, 0x90, 0x2F, 0x46, 0x21, 0x6B, 0x67, 0xAB, 0xF3,
    0x88, 0x7D, 0x7F, 0xEB, 0x06, 0x8E, 0x9B, 0x31, 0x62, 0x6B, 0x80, 0xBF, 0x30, 0xFF, 0x79, 0xB6,
    0xDE, 0xB4, 0xAF, 0xD6, 0x5A, 0x65, 0x56, 0x5A, 0x35, 0x35, 0x88, 0x5F, 0x07, 0xD2, 0x91, 0x2F,
    0x26, 0x1A, 0x78, 0x33, 0x77, 0xE2, 0x45, 0x42, 0x2A, 0x5C, 0xAE, 0x91, 0xE2, 0x4F, 0x09, 0x79,
    0x74, 0x43, 0x77, 0xE2, 0x75, 0x6A, 0x37, 0x6B, 0x33, 0x67, 0x63, 0x1D, 0x8F, 0xA5, 0x8E, 0xB7,
    0x47, 0xB5, 0x5B, 0xEC, 0x7B, 0xBB, 0xD4, 0x6E, 0x4C, 0x1D, 0xBF, 0x24, 0x35, 0xEC, 0x68, 0xCE,
    0xEC, 0xB1, 0xDF, 0x81, 0xA3, 0x96, 0xAE, 0x79, 0x39, 0xAE, 0xDC, 0x1E, 0x52, 0x12, 0xDA, 0x46,
    0x58, 0x61, 0xBE, 0x07, 0xB5, 0x47, 0xC0, 0x12, 0xF0, 0x1B, 0xBF, 0x56, 0x9E, 0x78, 0xF3, 0x2D,
    0x84, 0xA5, 0x72, 0xA1, 0x79, 0x81, 0x59, 0xC5, 0x14, 0xDC, 0x02, 0xDC, 0xC1, 0xB5, 0xE5, 0xE0,
    0x63, 0x3C, 0x97, 0x8D, 0x37, 0x1B, 0x55, 0x52, 0x3A, 0x7C, 0x1A, 0xFA, 0xAD, 0x3B, 0xDA, 0x1F,
    0x5B, 0x54, 0x64, 0xDA, 0xA0, 0xC6, 0x18, 0x04, 0x0D, 0x16, 0x8A, 0xDF, 0x62, 0xC9, 0x78, 0xA4,
    0x4C, 0x0B, 0x50, 0x47, 0xE5, 0xF6, 0x10, 0xD9, 0x8E, 0xE1, 0x66, 0x6C, 0x52, 0x09, 0xE4, 0xC8,
    0x06, 0x76, 0x2F, 0x25, 0x8B, 0xD5, 0x5A, 0x94, 0x5D, 0x72, 0xCA, 0x65, 0xB4, 0x81, 0xBB, 0x2B,
    0xDA, 0x60, 0x0C, 0x39, 0xD0, 0x6B, 0x21, 0x07, 0xDE, 0x95, 0x21, 0x07, 0x3D, 0x43, 0x0E, 0x5A,
    0x86, 0x1C, 0xD4, 0x0C, 0x39, 0x60, 0xDC, 0xC1, 0x45, 0x41, 0xCF, 0xAE, 0xC4, 0x1D, 0x24, 0x5B,
    0x43, 0x0E, 0xE8, 0x7D, 0x27, 0x21, 0x20, 0xE0, 0x49, 0x17, 0xE9, 0x10, 0xD8, 0x2A, 0x62, 0x51,
    0x27, 0xE3, 0x8A, 0x66, 0xCB, 0xB9, 0x0B, 0x30, 0x78, 0x97, 0xE6, 0xB1, 0xC1, 0x68, 0xC3, 0x86,
    0x8B, 0x85, 0x6C, 0x6E, 0x22, 0x1B, 0x25, 0x9A, 0xA2, 0x48, 0x63, 0x0C, 0x00, 0x41, 0x13, 0x68,
    0xFB, 0x78, 0x48, 0x78, 0x8F, 0x00, 0xC1, 0xA6, 0x28, 0xD9, 0x14, 0x45, 0x9B, 0xA2, 0x6C, 0x53,
    0x14, 0x6E, 0x8A, 0xD2, 0x4D, 0x51, 0xBC, 0x29, 0xC8, 0x37, 0x2E, 0x3B, 0x42, 0x4E, 0x48, 0x7C,
    0x71, 0x00, 0x70, 0xC6, 0x79, 0xF2, 0xA4, 0xEA, 0x69, 0xC7, 0x66, 0xBB, 0x17, 0x89, 0xF2, 0xE4,
    0x5A, 0xA7, 0xD6, 0x03, 0x21, 0x46, 0x58, 0x5E, 0xB5, 0x60, 0xFA, 0x8C, 0x53, 0x59, 0xE6, 0xB3,
    0x11, 0x80, 0x18, 0x84, 0x54, 0xC3, 0x55, 0x5D, 0x02, 0xE2, 0x6A, 0x82, 0x72, 0xF8, 0x0D, 0x02,
    0x80, 0xF9, 0xB2, 0xF1, 0x8E, 0x86, 0x96, 0xFB, 0xF5, 0x7A, 0xD7, 0x18, 0xDA, 0x50, 0x11, 0x16,
    0xA7, 0xA8, 0xBA, 0xB6, 0x0E, 0x2E, 0x5D, 0xA8, 0x05, 0xB3, 0x3A, 0x74, 0x69, 0x2F, 0x8C, 0x59,
    0x94, 0xC3, 0x78, 0xAE, 0x93, 0x2B, 0x5D, 0xE6, 0x98, 0x43, 0xD9, 0x7F, 0x19, 0xF3, 0xF0, 0x3B,
    0x24, 0xD3, 0x9B, 0x77, 0xCC, 0xAA, 0xCB, 0x1C, 0xCA, 0xD9, 0x45, 0x85, 0xBC, 0x0D, 0xF2, 0xE2,
    0x1E, 0x07, 0xFF, 0x55, 0x32, 0x57, 0xE4, 0x06, 0x83, 0x54, 0x72, 0xBD, 0x41, 0xEA, 0xDF, 0x7B,
    0xFD, 0xC9, 0x37, 0x48, 0xD0, 0xFA, 0x3F, 0x33, 0xAB, 0x06, 0xA9, 0x42, 0x7F, 0x81, 0x7B, 0xF3,
    0xA0, 0x66, 0x50, 0x95, 0xCE, 0x5D, 0x2E, 0xD8, 0x64, 0x62, 0xB6, 0x5B, 0x7C, 0x96, 0x93, 0xF6,
    0xBA, 0x06, 0x3F, 0x40, 0x1C, 0xD9, 0x8C, 0x6B, 0xDD, 0x15, 0x7B, 0xBF, 0x79, 0x5C, 0xDC, 0xB6,
    0xD6, 0xDD, 0xFC, 0x0E, 0xEA, 0x0A, 0xF9, 0x06, 0x28, 0xEB, 0xBC, 0x9F, 0xC3, 0x6C, 0x62, 0xEE,
    0xCC, 0x37, 0x66, 0xEE, 0x36, 0xA0, 0x58, 0xB3, 0x1B, 0xAE, 0xC0, 0xA0, 0xBB, 0x88, 0x13, 0x6A,
    0x74, 0xEA, 0x14, 0xC7, 0x36, 0xAA, 0x88, 0xF1, 0xBD, 0xDC, 0x44, 0x18, 0x62, 0x57, 0x88, 0xBF,
    0xDA, 0x42, 0xBC, 0xFE, 0x55, 0xAE, 0xDA, 0xB8, 0x83, 0xC4, 0xAA, 0xC2, 0x11, 0xD9, 0x6D, 0x64,
    0x6D, 0x5C, 0xA8, 0x25, 0xBA, 0xB4, 0x63, 0xB0, 0x96, 0xD6, 0xA2, 0xE7, 0xE6, 0x86, 0xD5, 0xA8,
    0x25, 0xAB, 0xB1, 0x73, 0xD8, 0x5D, 0x49, 0x36, 0xE8, 0x5B, 0x84, 0x7D, 0x20, 0x2A, 0x6D, 0x25,
    0x06, 0xB4, 0x00, 0x2C, 0xF8, 0x5E, 0x23, 0xEE, 0x96, 0xD1, 0x10, 0x0D, 0xEB, 0x68, 0xD2, 0x77,
    0x3A, 0xD0, 0xBE, 0x57, 0x3A, 0x71, 0x21, 0xBB, 0xBB, 0x21, 0x1E, 0x9D, 0x2F, 0x12, 0x26, 0x91,
    0xD3, 0xF9, 0x92, 0x79, 0x2C, 0xDE, 0xED, 0xE8, 0x7C, 0xA1, 0xA3, 0x65, 0xA5, 0x2D, 0x83, 0xF3,
    0xA5, 0xE3, 0x55, 0x33, 0x6B, 0x46, 0xC3, 0x02, 0x9A, 0x65, 0x0B, 0x76, 0xD7, 0xFB, 0x43, 0x87,
    0x00, 0x76, 0x36, 0x04, 0x50, 0x54, 0xED, 0x21, 0xAA, 0x3A, 0xCA, 0x07, 0x08, 0x65, 0x46, 0x5C,
    0x5A, 0x1D, 0x79, 0xD3, 0x57, 0xC4, 0x9D, 0x00, 0xFB, 0x8C, 0xF5, 0x11, 0xED, 0xE3, 0x2B, 0x82,
    0x56, 0x57, 0x0E, 0x1B, 0x08, 0x85, 0x73, 0x6F, 0xCF, 0xA8, 0x48, 0x3C, 0x1D, 0x7D, 0x90, 0x45,
    0xB0, 0x0C, 0xB4, 0xA3, 0xC1, 0x26, 0x1D, 0x03, 0xED, 0x3E, 0xA5, 0x35, 0xDC, 0x46, 0xDB, 0x49,
    0x64, 0x9D, 0x04, 0xDF, 0x97, 0x13, 0xD0, 0x30, 0x70, 0xD1, 0x49, 0xB4, 0x1D, 0xE0, 0x33, 0x89,
    0xB6, 0xE3, 0x92, 0x28, 0xD2, 0x6A, 0x2C, 0xCA, 0x86, 0xDC, 0xD1, 0x32, 0xE4, 0x59, 0xF3, 0x90,
    0xF8, 0x67, 0xAF, 0x09, 0xF0, 0xA0, 0x42, 0x41, 0xCD, 0x02, 0x1A, 0x5B, 0xAE, 0x1F, 0x63, 0x17,
    0xFC, 0x04, 0x5B, 0xC5, 0x39, 0x74, 0x8C, 0x8B, 0x52, 0x98, 0x86, 0xA6, 0xE6, 0x81, 0x4E, 0xEB,
    0x67, 0x8D, 0xBD, 0xF6, 0x84, 0xDB, 0x25, 0x19, 0x9C, 0xC6, 0xE4, 0x8F, 0x91, 0xA2, 0x4E, 0x54,
    0x9B, 0x2D, 0x66, 0x5A, 0xF4, 0x08, 0x59, 0xF9, 0x4C, 0x19, 0xC1, 0x9F, 0x90, 0xFB, 0x2B, 0xF3,
    0xE0, 0xB5, 0x1E, 0xF0, 0x06, 0x58, 0xC2, 0x83, 0x07, 0x18, 0xD7, 0x07, 0x6F, 0x62, 0x40, 0x1F,
    0x90, 0x25, 0xD8, 0xE1, 0x65, 0x76, 0x09, 0xCF, 0x79, 0xC0, 0x4F, 0x0F, 0xF8, 0x9B, 0x5C, 0xB5,
    0xF9, 0x78, 0x47, 0x42, 0xD7, 0x65, 0x82, 0x65, 0xC6, 0x42, 0x19, 0x9F, 0xCE, 0x92, 0x6D, 0x45,
    0x18, 0x92, 0x04, 0x93, 0x82, 0xCD, 0xCE, 0x07, 0xC7, 0x13, 0xAB, 0x3C, 0x85, 0x9E, 0x61, 0x4E,
    0x4F, 0x71, 0xEF, 0xE9, 0x07, 0x28, 0xE5, 0x54, 0x2F, 0x2B, 0x02, 0x9C, 0xB2, 0x8E, 0x53, 0xCD,
    0x0B, 0xA7, 0xA0, 0x2D, 0xA7, 0xEF, 0xD1, 0x33, 0xCA, 0xE2, 0x33, 0xC7, 0xFA, 0x4D, 0x93, 0xB1,
    0x3C, 0x31, 0xB4, 0x2D, 0x3D, 0x0B, 0x64, 0x9C, 0x1F, 0x13, 0x1E, 0x33, 0xF4, 0x0C, 0xE3, 0x12,
    0xB4, 0x98, 0x15, 0x81, 0x58, 0xBD, 0xDA, 0x18, 0xCB, 0xBE, 0x85, 0xD0, 0x09, 0x5A, 0xFA, 0x31,
    0xD8, 0x23, 0x89, 0x8A, 0x1A, 0x00, 0xB3, 0x22, 0x00, 0xA7, 0xE2, 0xD5, 0x9C, 0xF9, 0x4A, 0x40,
    0x54, 0xF3, 0xDE, 0x76, 0x2C, 0x85, 0x6C, 0xB0, 0x1D, 0xCD, 0xEA, 0x04, 0x56, 0xAE, 0x4B, 0x5F,
    0x98, 0x5E, 0x2B, 0x72, 0xB1, 0xA4, 0xDF, 0xF9, 0x4B, 0x03, 0x0D, 0x0B, 0x14, 0xCE, 0xE7, 0x6D,
    0x3E, 0x4B, 0xF1, 0x59, 0x9E, 0xDF, 0x89, 0x7D, 0xA1, 0x53, 0x23, 0xF0, 0x6B, 0x4B, 0x0E, 0xCD,
    0xA6, 0xF9, 0x6D, 0x48, 0xAB, 0x1C, 0x08, 0xCF, 0x70, 0xAF, 0x63, 0x44, 0x4F, 0xAB, 0x00, 0x71,
    0x9D, 0x92, 0x37, 0x03, 0x74, 0xC9, 0x98, 0xD2, 0x3C, 0xC5, 0xC6, 0x8F, 0x61, 0x78, 0x57, 0x34,
    0x36, 0xBA, 0x07, 0xDE, 0xA7, 0x06, 0x78, 0xCA, 0xD0, 0xA6, 0x47, 0x42, 0x31, 0xC9, 0x4C, 0xAD,
    0xD5, 0x36, 0x9B, 0xBE, 0xF2, 0xC2, 0x07, 0xCC, 0x72, 0xCA, 0xCC, 0xEF, 0xF1, 0xB6, 0x87, 0x2C,
    0xE0, 0x1D, 0xFB, 0x5C, 0x84, 0xFF, 0x8B, 0xE8, 0xAE, 0x46, 0x27, 0x20, 0xEB, 0x4D, 0xC0, 0x15,
    0x19, 0x8C, 0x92, 0x9A, 0xD7, 0x68, 0x0D, 0x78, 0xA3, 0xC3, 0x42, 0x7F, 0x40, 0xC6, 0x7E, 0x42,
    0x0A, 0x8C, 0xE7, 0xC6, 0xB8, 0x06, 0x42, 0x42, 0xE0, 0xD7, 0x94, 0x17, 0xDE, 0x64, 0x16, 0xC9,
    0xFC, 0x1A, 0xED, 0xDB, 0xAF, 0xF2, 0xD1, 0x25, 0x2B, 0x51, 0x2F, 0xD5, 0x4D, 0xA3, 0xA4, 0x36,
    0x61, 0xAF, 0x7B, 0xA7, 0x65, 0x37, 0xC2, 0xD5, 0x6B, 0x8F, 0xEE, 0x92, 0x9D, 0xC9, 0x1A, 0xC8,
    0x96, 0x69, 0xFD, 0xBA, 0x59, 0x4D, 0x76, 0x57, 0x5D, 0x4F, 0x69, 0x81, 0x7D, 0x6D, 0x13, 0x86,
    0x03, 0x04, 0x73, 0xD8, 0xA2, 0xD3, 0xEE, 0xCE, 0x7C, 0x25, 0xF0, 0xD9, 0x25, 0x9B, 0x60, 0xA3,
    0x45, 0x06, 0x18, 0xE3, 0x50, 0x56, 0x61, 0x96, 0x65, 0x0B, 0x6C, 0x33, 0xBC, 0x69, 0x6F, 0x1B,
    0x90, 0xC0, 0x78, 0x58, 0x68, 0x80, 0x9E, 0x60, 0x78, 0x01, 0x73, 0x81, 0x41, 0x36, 0x84, 0x1C,
    0x10, 0xED, 0x09, 0xB1, 0x3C, 0x2A, 0xB1, 0xE3, 0xCA, 0xD9, 0x21, 0x2E, 0xFD, 0x6E, 0x3C, 0xAA,
    0x13, 0x5E, 0xDF, 0xAA, 0x95, 0xB6, 0x18, 0x01, 0x36, 0x43, 0xEF, 0xD3, 0x0C, 0xEE, 0x6F, 0xB2,
    0x19, 0x66, 0xAC, 0x77, 0xAC, 0x5C, 0x74, 0xC8, 0x70, 0x34, 0xA4, 0xF3, 0x1C, 0x19, 0x37, 0x2D,
    0x21, 0x2F, 0x24, 0x6C, 0xD4, 0x01, 0xCE, 0x5E, 0x18, 0x9A, 0x68, 0xF5, 0x97, 0x23, 0xEA, 0x17,
    0x11, 0xD6, 0x57, 0x91, 0x9A, 0x82, 0xDE, 0xAA, 0x2A, 0xFD, 0xD8, 0x04, 0x75, 0xFA, 0xB8, 0xF3,
    0xEB, 0xF8, 0x09, 0xF6, 0xE9, 0xF8, 0x49, 0xEB, 0x35, 0xF1, 0xE7, 0xD0, 0x8B, 0xE2, 0xDF, 0xB6,
    0x7E, 0x1D, 0x7D, 0x03, 0xF5, 0x31, 0xF8, 0x06, 0x5A, 0x29, 0x24, 0x87, 0x16, 0x23, 0x80, 0x8D,
    0x0B, 0xB3, 0x9B, 0xB0, 0x67, 0x77, 0x5E, 0xF1, 0x39, 0x5D, 0x8E, 0x27, 0x95, 0xEC, 0x54, 0x67,
    0x4B, 0xD5, 0x71, 0x22, 0x31, 0xAB, 0xC2, 0x19, 0x44, 0x07, 0x15, 0x53, 0x65, 0x40, 0xD5, 0x2A,
    0xB2, 0xD6, 0xE6, 0xA3, 0x1E, 0xB7, 0x73, 0x3A, 0x42, 0xC1, 0x64, 0x5B, 0x4C, 0x1D, 0x3F, 0x36,
    0xE0, 0x0C, 0x9F, 0x83, 0xB0, 0xC4, 0xDF, 0xA0, 0x05, 0xE1, 0x77, 0x68, 0x01, 0x2A, 0x4F, 0x2B,
    0xB1, 0x40, 0x88, 0x02, 0x61, 0xE3, 0x49, 0x55, 0x7C, 0xA9, 0x06, 0x1B, 0x91, 0x27, 0x86, 0x57,
    0x4D, 0x38, 0x2A, 0x77, 0x46, 0xE6, 0x86, 0xB7, 0x8B, 0xCC, 0xD5, 0x5B, 0x22, 0x73, 0x83, 0xF1,
    0x44, 0x67, 0x26, 0x83, 0xAD, 0x8E, 0xE5, 0xBC, 0x67, 0x33, 0x72, 0x5A, 0xAB, 0xD7, 0x12, 0xE4,
    0x10, 0xA5, 0x78, 0xBB, 0xB7, 0x98, 0xDD, 0xD1, 0xAA, 0x17, 0xF6, 0xF1, 0x96, 0x8F, 0xE7, 0x3D,
    0xBD, 0x65, 0xBD, 0x89, 0x3D, 0x1D, 0x7A, 0xCC, 0x42, 0x9D, 0xAB, 0xEA, 0xFD, 0x81, 0xE2, 0x85,
    0xEB, 0x0D, 0xB0, 0x2A, 0xF3, 0x0E, 0xB8, 0x2B, 0x0F, 0xFF, 0x64, 0x20, 0x5C, 0x82, 0x8D, 0xFE,
    0xDA, 0x04, 0x3C, 0xF3, 0xB0, 0x16, 0x6F, 0x34, 0xA6, 0x5E, 0x5C, 0xD2, 0xA7, 0x66, 0x83, 0x4B,
    0x68, 0x8E, 0x4C, 0x24, 0x1E, 0xD7, 0xB1, 0x1E, 0xEF, 0xF7, 0xC8, 0xD1, 0x9E, 0x72, 0xEC, 0x2E,
    0xD6, 0x42, 0x7B, 0x7D, 0xEB, 0xBD, 0xB9, 0xE1, 0xE0, 0x8C, 0xF5, 0x46, 0x95, 0x1C, 0xD6, 0x12,
    0xA7, 0xB8, 0x44, 0xB6, 0xF8, 0x12, 0x7A, 0x45, 0x4F, 0xFB, 0xA2, 0x5F, 0x70, 0xC1, 0x2E, 0xB8,
    0x69, 0xBD, 0xC1, 0x2D, 0xF2, 0x5C, 0x18, 0x5E, 0x35, 0x05, 0x17, 0x17, 0x53, 0x0B, 0x92, 0xB1,
    0xE4, 0xFE, 0x3A, 0xD8, 0xEC, 0xAF, 0xAD, 0x72, 0xBD, 0xBF, 0xDD, 0xD0, 0xDF, 0x74, 0x0A, 0x65,
    0x0E, 0xA7, 0xDA, 0x3C, 0xEB, 0x95, 0x60, 0x98, 0xCE, 0x1A, 0xDC, 0x41, 0x7F, 0x5D, 0xE9, 0x2F,
    0x0F, 0x74, 0xBE, 0xDE, 0x0E, 0xBC, 0x40, 0x3F, 0xAB, 0x57, 0xFB, 0x1B, 0x5A, 0x9B, 0x8F, 0x59,
    0x81, 0xAB, 0xFB, 0x2B, 0xDE, 0x4E, 0xD4, 0xC6, 0x88, 0x6A, 0x87, 0xB1, 0xD5, 0x0B, 0xC6, 0x22,
    0x78, 0x8C, 0x4A, 0x08, 0xC8, 0x3D, 0x3E, 0xA8, 0x06, 0xFE, 0x1C, 0xDB, 0xC0, 0x85, 0x6C, 0x10,
    0xA2, 0xBE, 0x88, 0x71, 0x0E, 0x6C, 0x24, 0x87, 0x41, 0xC5, 0xE4, 0xCE, 0xB1, 0x27, 0xD9, 0x70,
    0x0D, 0xA6, 0x08, 0x4A, 0xB1, 0xDC, 0x48, 0x48, 0x18, 0x87, 0x13, 0xEB, 0x08, 0x2C, 0x98, 0xB1,
    0xDA, 0x69, 0x35, 0xA8, 0xFA, 0x3B, 0x80, 0xF9, 0xF2, 0xA0, 0x71, 0xC8, 0xAB, 0xD8, 0x20, 0xE3,
    0xB3, 0x41, 0x0F, 0xEA, 0x61, 0x77, 0x58, 0xB6, 0x65, 0xD6, 0x0C, 0x31, 0x22, 0x99, 0x93, 0xDA,
    0xB6, 0x00, 0x9D, 0x01, 0xE5, 0x6B, 0x18, 0xFF, 0x84, 0x5D, 0x95, 0x8E, 0x5D, 0x7D, 0x95, 0xEF,
    0xBF, 0xE1, 0x19, 0xB3, 0x35, 0x70, 0x49, 0xD4, 0xEF, 0x14, 0x20, 0xA9, 0x67, 0x30, 0xEE, 0x32,
    0xDB, 0x01, 0x1D, 0x4A, 0xB3, 0x25, 0xFC, 0xBC, 0xFF, 0x75, 0x9A, 0xB9, 0x50, 0x7F, 0x6E, 0x08,
    0x14, 0x5F, 0x33, 0xD8, 0xB9, 0xE4, 0xF7, 0xE5, 0x78, 0x71, 0xB9, 0x10, 0xBB, 0x35, 0xA0, 0x59,
    0xF4, 0xF6, 0x6C, 0x7B, 0x68, 0xA3, 0x99, 0xAC, 0x7B, 0xA8, 0xA7, 0xCA, 0xB8, 0x73, 0xEE, 0x4D,
    0x7B, 0xDE, 0x12, 0xAE, 0x8E, 0xA2, 0x17, 0x0F, 0xFD, 0x2E, 0xA8, 0x83, 0x76, 0x0A, 0x3B, 0x68,
    0xAD, 0x37, 0x5B, 0x8E, 0xF1, 0x3B, 0xDA, 0xCC, 0x65, 0x5F, 0xB2, 0x01, 0x6A, 0x3B, 0x58, 0x0A,
    0xBC, 0x07, 0x3C, 0xF9, 0x72, 0x00, 0xFD, 0x39, 0x20, 0xFD, 0xF6, 0x7F, 0xC1, 0x97, 0x07, 0xB5,
    0x19, 0xBB, 0x8F, 0x6C, 0x3B, 0xB2, 0xFF, 0x2E, 0xBE, 0xDC, 0x84, 0x2D, 0xA6, 0xA4, 0xDD, 0xC7,
    0x04, 0x3E, 0xFF, 0x1A, 0x25, 0xFF, 0x96, 0xF0, 0xED, 0xD7, 0xAB, 0x75, 0xF8, 0x2B, 0x75, 0x7C,
    0xBD, 0x06, 0xEB, 0x25, 0x5F, 0x1F, 0x14, 0x7E, 0xB9, 0x7A, 0xB4, 0xB5, 0x31, 0x79, 0xD4, 0xDA,
    0x00, 0x70, 0x6F, 0x3C, 0x7E, 0x7A, 0x65, 0xBA, 0xD6, 0x14, 0x77, 0x31, 0x99, 0x80, 0x0A, 0x31,
    0xE7, 0x15, 0xD4, 0x9C, 0xC3, 0x55, 0x57, 0x52, 0xBB, 0x4F, 0xC2, 0xBA, 0xE7, 0xF2, 0x48, 0x7B,
    0x65, 0x35, 0x26, 0x57, 0x4C, 0xDD, 0x2D, 0xB6, 0x7E, 0xAF, 0x0A, 0xAA, 0x7F, 0xF1, 0x01, 0x1F,
    0x81, 0xFE, 0x00, 0x4A, 0xBF, 0x4A, 0x03, 0xFB, 0xD6, 0x00, 0x53, 0x73, 0xAC, 0x6A, 0x4F, 0x16,
    0x5D, 0x54, 0x8E, 0x1C, 0x70, 0x36, 0xFF, 0xED, 0xE9, 0xE3, 0x5E, 0x9D, 0x4D, 0xD6, 0xFF, 0x6A,
    0xD5, 0x4D, 0x27, 0xF7, 0x59, 0xD7, 0xAE, 0x49, 0xFE, 0xD5, 0x63, 0xAC, 0x1F, 0x0F, 0x9B, 0xEA,
    0xB0, 0x8C, 0x8A, 0xF4, 0xCD, 0x22, 0xA4, 0x07, 0xDF, 0x5A, 0x4E, 0xC4, 0x56, 0x5C, 0x5A, 0x96,
    0x17, 0x15, 0xA3, 0x68, 0x0B, 0xBA, 0xA3, 0x21, 0x00, 0x7B, 0x21, 0x46, 0x18, 0xD1, 0xF7, 0x8E,
    0xC5, 0x43, 0x33, 0xF6, 0x48, 0x54, 0xB3, 0xC5, 0xD0, 0x23, 0x28, 0x9B, 0x75, 0x50, 0xBE, 0x1D,
    0xAC, 0xF5, 0x48, 0xBF, 0x59, 0xFA, 0xF6, 0xFC, 0xAB, 0x74, 0x8B, 0xEC, 0xA6, 0x76, 0xA4, 0x5B,
    0xE1, 0x96, 0x6E, 0x49, 0x8F, 0x3C, 0xF6, 0x48, 0x4E, 0x4F, 0x3A, 0x66, 0xB2, 0xB6, 0x8B, 0xDD,
    0x46, 0x1C, 0x07, 0xDB, 0x60, 0xB5, 0xAB, 0x8A, 0x5D, 0xCD, 0x96, 0x5D, 0xD5, 0xE8, 0x6A, 0xB1,
    0xEC, 0xAA, 0x6F, 0x26, 0x67, 0x99, 0x74, 0xD5, 0x8E, 0x6E, 0x63, 0x7D, 0xF4, 0x62, 0x5D, 0x17,
    0x65, 0x33, 0x1B, 0x1E, 0xD9, 0x0E, 0xAA, 0x71, 0xDF, 0x6F, 0xA3, 0xD8, 0xC3, 0xF9, 0x7A, 0xB0,
    0x13, 0xBD, 0x7B, 0xFA, 0x85, 0xEF, 0x2F, 0xCC, 0x5B, 0x4E, 0x95, 0x0E, 0x87, 0x4C, 0xAD, 0x91,
    0x6D, 0xB2, 0xAF, 0xD1, 0xF0, 0xF6, 0x19, 0x6D, 0x37, 0x62, 0x37, 0xBB, 0x68, 0x27, 0x87, 0x4D,
    0xBF, 0x74, 0x95, 0xB6, 0xA3, 0x8E, 0x7F, 0x3C, 0x1D, 0x55, 0x1D, 0x54, 0xCE, 0x75, 0x7B, 0xF2,
    0xCC, 0xA8, 0x6C, 0xBD, 0xD2, 0x89, 0xDD, 0xC7, 0x7D, 0x16, 0xE8, 0xDB, 0x83, 0x6F, 0x98, 0x40,
    0x74, 0x25, 0x61, 0xB1, 0xD3, 0x43, 0xCF, 0x63, 0x73, 0xB9, 0x70, 0x82, 0xC9, 0xE3, 0xCF, 0xF8,
    0x4A, 0xE1, 0x1B, 0xDA, 0x58, 0xBB, 0xB3, 0xE8, 0x38, 0x15, 0x81, 0x99, 0x4F, 0xC4, 0x63, 0x2E,
    0xDE, 0xFD, 0x7E, 0x7D, 0x0B, 0x1E, 0x7E, 0x1B, 0x9C, 0x41, 0xA1, 0x84, 0x78, 0x36, 0x83, 0x42,
    0x14, 0x0A, 0xAF, 0xB0, 0xFA, 0x11, 0x9A, 0x36, 0x87, 0x0A, 0x10, 0x2D, 0xA1, 0x5C, 0x83, 0xB8,
    0x98, 0x60, 0x3D, 0x80, 0x7B, 0x8A, 0xDD, 0xA6, 0x1D, 0x2D, 0xF3, 0x08, 0x11, 0x5D, 0xF9, 0xD0,
    0x3B, 0xB1, 0xA5, 0x57, 0x84, 0x5C, 0x19, 0x1E, 0xAF, 0x95, 0x68, 0xBA, 0x78, 0xDA, 0xF4, 0x38,
    0x2E, 0x6E, 0x3F, 0x3A, 0xF8, 0x18, 0x89, 0x70, 0xBB, 0xC0, 0x71, 0x67, 0x0A, 0x1C, 0x0F, 0xFB,
    0x21, 0x70, 0xBC, 0x62, 0xE0, 0x38, 0x5F, 0x7E, 0x60, 0xAA, 0x5F, 0x0E, 0x91, 0x42, 0x71, 0xB1,
    0x56, 0xAF, 0x84, 0xBA, 0x49, 0xBD, 0x7F, 0xA3, 0x0E, 0x76, 0xF8, 0xD6, 0x36, 0xC3, 0x13, 0x69,
    0x29, 0x41, 0x5F, 0xB4, 0x26, 0x73, 0xD1, 0x79, 0xF2, 0x8A, 0x9F, 0x3B, 0x0A, 0x49, 0xA7, 0x71,
    0x9A, 0x31, 0x5A, 0x11, 0xA6, 0x40, 0x24, 0x07, 0x5F, 0x32, 0x3A, 0x33, 0x6E, 0x75, 0x36, 0xF0,
    0xE6, 0x56, 0xAF, 0x15, 0x5B, 0x97, 0x1C, 0x24, 0x17, 0xEE, 0xA1, 0x46, 0xD7, 0x2E, 0xE7, 0x68,
    0x20, 0x6F, 0xC5, 0xA0, 0x90, 0x74, 0x72, 0xE9, 0xF5, 0x75, 0x40, 0xB7, 0xC0, 0x1C, 0x36, 0xF2,
    0x99, 0x75, 0xB8, 0xCE, 0x6F, 0xFB, 0xC3, 0x9C, 0x62, 0x8C, 0xB7, 0x41, 0xA1, 0x76, 0xC2, 0xAD,
    0xA3, 0x98, 0x1D, 0x33, 0x4F, 0x6A, 0x9E, 0x30, 0x06, 0x8C, 0x26, 0x70, 0xAC, 0xFE, 0x22, 0xE6,
    0xE4, 0x24, 0xE8, 0x08, 0x28, 0x2E, 0x0B, 0x0D, 0xF4, 0xDA, 0xF0, 0x22, 0xB8, 0xC8, 0xC2, 0x67,
    0x0F, 0x1E, 0x65, 0xE1, 0xF9, 0xA3, 0x93, 0x3C, 0x7A, 0x6A, 0xA2, 0x01, 0x3E, 0xE9, 0x01, 0x4F,
    0x18, 0x7C, 0xFE, 0xA4, 0x8D, 0xF2, 0xF8, 0x31, 0x21, 0x57, 0x2B, 0x50, 0x10, 0x9A, 0x75, 0xA8,
    0x09, 0xB2, 0x19, 0x96, 0x23, 0x69, 0xB0, 0x0B, 0x72, 0x0C, 0x37, 0x57, 0x3F, 0x13, 0x47, 0x8A,
    0x12, 0x55, 0x6D, 0x30, 0x6D, 0x0F, 0xAD, 0xC2, 0xDA, 0xB6, 0xAD, 0xBA, 0x90, 0x56, 0xE5, 0x11,
    0x5A, 0x95, 0x47, 0xE7, 0x1F, 0xB0, 0x55, 0x8F, 0x86, 0x56, 0xC5, 0x6C, 0x55, 0x8C, 0x56, 0x15,
    0x31, 0x5A, 0xD5, 0xB0, 0x55, 0xCB, 0x7A, 0xEB, 0xE9, 0x04, 0x58, 0x39, 0xD5, 0x2B, 0x61, 0x06,
    0x36, 0xDC, 0xF5, 0x4F, 0x60, 0x73, 0x3E, 0xD4, 0x4B, 0x61, 0x18, 0x10, 0xC2, 0x78, 0x90, 0xC5,
    0xE8, 0xC1, 0x9A, 0x05, 0x83, 0xDC, 0xD9, 0x11, 0xBD, 0x0F, 0x9D, 0xC6, 0xEA, 0xF7, 0x0B, 0x1A,
    0xE1, 0xED, 0x41, 0x82, 0x0F, 0xC5, 0x4C, 0x75, 0xE8, 0x21, 0x60, 0xE0, 0x31, 0x23, 0x90, 0x19,
    0x8A, 0xCC, 0xFF, 0xF3, 0x40, 0xE4, 0x3B, 0x1B, 0x02, 0xD7, 0xDA, 0xD9, 0x00, 0xDE, 0xD2, 0xF0,
    0xC9, 0x6D, 0x3E, 0x64, 0xFF, 0x6C, 0x27, 0xC5, 0x24, 0xF1, 0x26, 0xB7, 0x7E, 0x1A, 0x5D, 0x70,
    0x7F, 0xE1, 0x60, 0x91, 0x17, 0x6E, 0x07, 0x58, 0xB4, 0xE1, 0xEA, 0xFD, 0xC1, 0x04, 0x61, 0x15,
    0xD2, 0xB8, 0x12, 0xCA, 0xD1, 0x74, 0xD3, 0xC4, 0x65, 0x28, 0x27, 0x10, 0xA1, 0xE5, 0x13, 0x5C,
    0xF3, 0x0A, 0x3B, 0xF0, 0x3B, 0x93, 0xFB, 0x63, 0x84, 0x47, 0xE5, 0xBA, 0xE6, 0x0D, 0x2A, 0x00,
    0x24, 0xC3, 0xFD, 0x42, 0x08, 0x76, 0xC3, 0xAB, 0x4D, 0x28, 0x47, 0x8E, 0x0B, 0x1A, 0x4F, 0x32,
    0x23, 0x31, 0xFC, 0x09, 0x64, 0x91, 0x2E, 0x12, 0xE1, 0xC2, 0xA1, 0xE5, 0xFE, 0xDF, 0x9A, 0xCA,
    0xD1, 0x89, 0x3E, 0x1B, 0x26, 0x4F, 0xED, 0x6E, 0x99, 0x3C, 0xF7, 0xFD, 0x7E, 0x1A, 0xE7, 0x7F,
    0x16, 0x20, 0xFD, 0x74, 0x23, 0x5B, 0xD2, 0xAF, 0x49, 0x30, 0xFC, 0x4E, 0xFD, 0x70, 0x21, 0xE4,
    0x0E, 0x0F, 0x15, 0x48, 0x20, 0x12, 0x95, 0x30, 0x3E, 0xCE, 0x4E, 0x1D, 0x25, 0xA1, 0x8D, 0x62,
    0xC8, 0x46, 0x53, 0xF1, 0x52, 0xA4, 0x8B, 0xEC, 0x89, 0xCA, 0x75, 0xC3, 0xAB, 0xD5, 0xA9, 0x70,
    0x3D, 0x22, 0xC4, 0x45, 0xC4, 0xD7, 0x98, 0x40, 0x54, 0xE9, 0x2C, 0xC0, 0x94, 0x4E, 0x44, 0xB6,
    0xBB, 0x22, 0x34, 0x52, 0xCB, 0x1B, 0x69, 0x3E, 0x6F, 0xC4, 0x96, 0x9D, 0x13, 0x6A, 0xDB, 0xB4,
    0x1F, 0xA9, 0xB0, 0x9F, 0x2C, 0xBE, 0xF2, 0x0A, 0xA6, 0x2D, 0x3D, 0x1A, 0xA2, 0xB9, 0x40, 0x07,
    0x40, 0x3F, 0xA3, 0xE1, 0x20, 0x44, 0x65, 0x15, 0x4C, 0x09, 0x30, 0x76, 0x30, 0xF7, 0x39, 0xA6,
    0xE8, 0x6A, 0x1F, 0x74, 0x00, 0x5A, 0xA6, 0xF8, 0xDB, 0xEA, 0x62, 0x38, 0x4C, 0xA7, 0x17, 0x95,
    0x47, 0x27, 0x68, 0x48, 0x27, 0x68, 0xD4, 0xD8, 0x4F, 0x8B, 0xCA, 0xDF, 0x38, 0x31, 0x70, 0x7F,
    0x83, 0xB3, 0x87, 0x04, 0x3B, 0x98, 0x86, 0xB5, 0x87, 0x70, 0xBD, 0x5F, 0x0D, 0x6B, 0x9F, 0x16,
    0x1C, 0xE8, 0xC5, 0x4E, 0x9C, 0x39, 0x9C, 0x2E, 0x9C, 0x37, 0xFC, 0x3F, 0x9F, 0x35, 0x77, 0x75,
    0x06, 0x98, 0x3B, 0x4D, 0xB5, 0x0E, 0xC5, 0xA0, 0x70, 0x88, 0x4A, 0x16, 0x4C, 0x4E, 0x1D, 0x6B,
    0x13, 0x54, 0xA3, 0x2A, 0x68, 0x35, 0x43, 0xFE, 0xE8, 0x9A, 0xE5, 0x69, 0xC8, 0x6A, 0x74, 0x88,
    0xC9, 0xA7, 0xB8, 0x7A, 0x3E, 0x39, 0x1A, 0x0A, 0x65, 0x27, 0xB3, 0x88, 0x0B, 0xCF, 0x79, 0xD4,
    0x9F, 0x71, 0x68, 0xBA, 0x95, 0xD4, 0xDA, 0x3B, 0xB0, 0xBD, 0x39, 0x83, 0x59, 0x9E, 0x26, 0x25,
    0x96, 0x99, 0x8A, 0xB3, 0xA9, 0xB0, 0xF3, 0xEE, 0x64, 0xEC, 0x4B, 0x6F, 0xDB, 0x22, 0x61, 0x49,
    0xFD, 0x2F, 0x54, 0x24, 0x65, 0xA4, 0x36, 0x24, 0x2D, 0x3B, 0x32, 0xBF, 0xB7, 0x1B, 0xCE, 0x12,
    0x36, 0x03, 0x45, 0x0F, 0xF2, 0x6E, 0xAA, 0xC0, 0xEE, 0xED, 0x92, 0xB6, 0x85, 0x7F, 0xDE, 0x45,
    0x40, 0xFB, 0x1E, 0xA7, 0x94, 0x0E, 0xD5, 0xFD, 0xAB, 0x5E, 0x7C, 0xFA, 0x03, 0x0F, 0xC1, 0xA1,
    0xDE, 0x22, 0xB5, 0xFF, 0x19, 0xB2, 0xFB, 0x3A, 0x95, 0x7D, 0x8B, 0x9E, 0x6F, 0x3B, 0x0A, 0x7A,
    0xE3, 0x9E, 0xEF, 0xEE, 0x11, 0x5F, 0x59, 0x61, 0x6B, 0xDB, 0x56, 0x87, 0x0D, 0x78, 0xBF, 0xAA,
    0x47, 0xF7, 0xF3, 0xB8, 0xEF, 0xA4, 0xD3, 0xDF, 0xFF, 0x71, 0x7F, 0xDF, 0xC1, 0xD9, 0x83, 0x82,
    0x1C, 0xEA, 0xC5, 0x31, 0xAA, 0x75, 0x78, 0x72, 0xC9, 0xEB, 0xE8, 0x4D, 0xEC, 0xED, 0x27, 0xD5,
    0xBA, 0x1B, 0x04, 0xE0, 0xFE, 0xCE, 0xC1, 0xDA, 0xDD, 0x71, 0x09, 0x33, 0x89, 0x7C, 0xA8, 0x37,
    0x85, 0x5D, 0xD9, 0xAA, 0x83, 0x9E, 0x46, 0xDA, 0x83, 0x31, 0x1D, 0x6C, 0xD4, 0xDE, 0x56, 0x1F,
    0x4A, 0x98, 0x1C, 0xE0, 0xA1, 0x0D, 0x98, 0xB3, 0xBF, 0xFD, 0xA9, 0x0C, 0x9D, 0x2A, 0x16, 0x7C,
    0xED, 0x55, 0x80, 0x35, 0xDE, 0x88, 0x16, 0x01, 0x25, 0x55, 0xBF, 0x8A, 0x4B, 0x1F, 0xF2, 0xCD,
    0xEF, 0x7F, 0xA5, 0xB2, 0x03, 0x8F, 0xDF, 0x9E, 0xED, 0x3B, 0xD4, 0xF8, 0xED, 0xC3, 0x6B, 0x0E,
    0xF4, 0x5E, 0xB7, 0xEB, 0x6C, 0x31, 0x77, 0xF5, 0x66, 0x87, 0x83, 0xBD, 0x4B, 0x78, 0x08, 0xE1,
    0xDA, 0x80, 0x5B, 0x1F, 0x06, 0x11, 0xDF, 0xF8, 0x32, 0xA9, 0x2D, 0x69, 0x8F, 0xE7, 0x7D, 0xA8,
    0x37, 0xB9, 0xED, 0xBB, 0xAB, 0xDF, 0xDF, 0x2B, 0x26, 0xFE, 0x1F, 0x95, 0x8F, 0xB1, 0x0D, 0xC2,
    0x30, 0x10, 0x45, 0xCF, 0x49, 0x11, 0x41, 0x8A, 0x34, 0xF4, 0x1E, 0xC1, 0x23, 0x38, 0x62, 0xB1,
    0x44, 0xA2, 0x60, 0xAC, 0x58, 0xA2, 0xA4, 0x49, 0x47, 0xEB, 0x0D, 0x70, 0xE1, 0x22, 0x12, 0x0E,
    0x9F, 0x7F, 0x56, 0x16, 0xC0, 0xC5, 0x93, 0xEC, 0xBB, 0xFB, 0x7E, 0x27, 0x27, 0xE1, 0x19, 0x66,
    0xC2, 0x67, 0x62, 0xFA, 0x12, 0x3D, 0xF4, 0xBE, 0x68, 0xA5, 0x96, 0xF5, 0x3D, 0x8A, 0xCD, 0x3E,
    0x89, 0x4F, 0x2E, 0x8B, 0x8F, 0xC3, 0x26, 0x53, 0x18, 0x8A, 0x20, 0x74, 0xBB, 0x60, 0x6C, 0xD1,
    0x40, 0x0C, 0x5A, 0x0E, 0xE3, 0x5E, 0x38, 0xFA, 0xDC, 0x98, 0xF7, 0x4E, 0x22, 0x0E, 0x91, 0xF1,
    0x08, 0x47, 0x68, 0x0B, 0xF9, 0x13, 0x4D, 0xF5, 0x5B, 0x09, 0xBB, 0xA9, 0x24, 0xAA, 0x5F, 0x50,
    0xBF, 0x91, 0x38, 0x1F, 0x7E, 0x96, 0x56, 0x89, 0x56, 0x54, 0x2B, 0x54, 0xEB, 0x8B, 0x2C, 0x55,
    0x6D, 0x66, 0x08, 0xC6, 0x06, 0x86, 0x73, 0xB8, 0x2A, 0x6E, 0x3B, 0x47, 0x1F, 0x94, 0xF4, 0x2F,
    0xC2, 0x7D, 0xB8, 0xB5, 0x45, 0x52, 0x49, 0xA2, 0xC3, 0xAA, 0xFF, 0x32, 0xDE, 0xA8, 0xAE, 0xA9,
    0x1A, 0xDC, 0xEA, 0x62, 0xB5, 0x17, 0xBA, 0x95, 0xB6, 0x79, 0xED, 0x70, 0x0C, 0x92, 0x1F, 0x9D,
    0x52, 0x41, 0x6E, 0xD5, 0x30, 0x10, 0x7D, 0x49, 0xA4, 0x7A, 0x61, 0xA9, 0x39, 0x40, 0x25, 0xBC,
    0x65, 0xD5, 0x6C, 0xDB, 0x05, 0xB5, 0x59, 0x73, 0x98, 0xAE, 0x91, 0xA0, 0xCE, 0x11, 0x38, 0x4A,
    0x0F, 0x50, 0x88, 0x8F, 0x90, 0x23, 0x84, 0x1B, 0x98, 0x2A, 0x48, 0x46, 0xCA, 0xCF, 0xF0, 0x26,
    0xF9, 0xC0, 0xAF, 0xAA, 0x22, 0x44, 0xE4, 0xF7, 0x34, 0xB1, 0x5F, 0xDE, 0x8C, 0x33, 0x23, 0x22,
    0x8B, 0x3C, 0xC5, 0x3F, 0x11, 0x2E, 0x02, 0xA4, 0x37, 0x92, 0xDA, 0x1F, 0xE8, 0x12, 0xFC, 0x27,
    0xC4, 0x19, 0x71, 0x39, 0x2E, 0x5F, 0x60, 0x27, 0x54, 0x07, 0x18, 0x41, 0x2B, 0x7D, 0x2B, 0xC9,
    0x4A, 0x6A, 0xA4, 0x47, 0x0C, 0x88, 0x30, 0x07, 0xC4, 0x02, 0x3F, 0xE2, 0x1A, 0xC0, 0x17, 0x34,
    0x9B, 0x0F, 0x05, 0xE4, 0x5A, 0x12, 0x22, 0xED, 0xC2, 0xD9, 0x0A, 0x4F, 0x9F, 0x09, 0x97, 0xD4,
    0x5C, 0xC2, 0xF6, 0xB5, 0x60, 0x48, 0x76, 0xAD, 0xA5, 0x77, 0xC9, 0x4C, 0xF0, 0x68, 0x29, 0x1B,
    0x1D, 0x93, 0x66, 0xB7, 0xEC, 0xE4, 0x73, 0xBB, 0x70, 0xDB, 0x64, 0xD4, 0x85, 0xBE, 0xF6, 0x50,
    0x4B, 0x68, 0x85, 0xF6, 0x56, 0xE8, 0xDB, 0xAC, 0x2C, 0x18, 0x9F, 0xD1, 0x85, 0x8A, 0x7A, 0xDC,
    0xE6, 0x8B, 0x85, 0x8E, 0x5D, 0xC6, 0x7B, 0xBC, 0x0A, 0xA8, 0x0A, 0xEE, 0xB0, 0x49, 0x8C, 0x8A,
    0x8D, 0x54, 0x5A, 0x30, 0xB4, 0x1C, 0xB8, 0xFD, 0x33, 0xB3, 0xD4, 0x2B, 0x13, 0x75, 0x4C, 0x94,
    0xDC, 0xC4, 0xE2, 0xCF, 0x03, 0xD0, 0x4D, 0x2F, 0x62, 0x10, 0x29, 0xA7, 0xF8, 0x9B, 0xF6, 0x19,
    0x9C, 0x62, 0xDC, 0xD1, 0x2A, 0xD2, 0x1F, 0x74, 0xE3, 0x8B, 0x60, 0x6B, 0xCA, 0x29, 0xFE, 0x4F,
    0xC3, 0x1C, 0xEE, 0x88, 0x63, 0x4E, 0xDE, 0x9C, 0x4D, 0xF4, 0x92, 0xA3, 0xCC, 0x83, 0x5E, 0x47,
    0x17, 0x63, 0xEE, 0x70, 0x9F, 0xA7, 0x77, 0x75, 0xEE, 0x82, 0xBC, 0x2B, 0x31, 0x91, 0x7C, 0xBA,
    0xD1, 0x57, 0x8E, 0x00, 0xB4, 0x8B, 0xC0, 0x9B, 0x8F, 0xA4, 0x0F, 0x37, 0xA7, 0x74, 0x4F, 0xB2,
    0xB3, 0x7F, 0xA8, 0x86, 0xDE, 0x15, 0x57, 0x50, 0xBD, 0x65, 0x77, 0xC0, 0x00, 0x95, 0x06, 0x1D,
    0x03, 0x44, 0x06, 0xB8, 0x8A, 0xA1, 0xEB, 0x21, 0xA3, 0x4C, 0xF5, 0xE3, 0xB7, 0xEF, 0xB9, 0xF9,
    0xFA, 0x98, 0x67, 0xA5, 0xF2, 0x9B, 0xE6, 0xED, 0x60, 0x93, 0x60, 0x13, 0xBF, 0x86, 0x0E, 0x9A,
    0x4E, 0x53, 0xCF, 0x1E, 0xB6, 0x2B, 0xDC, 0x36, 0x92, 0x43, 0xD6, 0xC5, 0x80, 0xAF, 0xDC, 0xE4,
    0x11, 0x05, 0x5B, 0x8B, 0x03, 0x3F, 0xA9, 0x92, 0xFE, 0x74, 0x3F, 0xEB, 0xA9, 0xD5, 0xD3, 0xA0,
    0xC3, 0x48, 0x4B, 0xA1, 0xF5, 0xA4, 0x03, 0x24, 0xC1, 0xEE, 0x56, 0xB3, 0x2A, 0xA9, 0xE7, 0xD3,
    0xEA, 0x1D, 0xF5, 0x87, 0xC1, 0x6B, 0xB1, 0x03, 0x51, 0xAD, 0xA4, 0x46, 0xAF, 0x6D, 0x66, 0x55,
    0x64, 0xEC, 0x6D, 0xE4, 0xD8, 0x1C, 0x15, 0x50, 0x45, 0xAD, 0x8A, 0xA6, 0x3C, 0x57, 0xB0, 0x1A,
    0x40, 0x9E, 0x28, 0x6C, 0xFE, 0x95, 0x6A, 0x53, 0xFC, 0x04, 0xE5, 0x51, 0x31, 0x4E, 0xC4, 0x30,
    0x10, 0x9C, 0x9C, 0xA5, 0x4B, 0x11, 0x21, 0xD7, 0x57, 0xE5, 0x09, 0x69, 0xAE, 0xDF, 0x40, 0xCB,
    0x63, 0x78, 0x82, 0x03, 0xFF, 0xE0, 0x0B, 0x7C, 0x21, 0x16, 0x0D, 0x6D, 0x28, 0x10, 0x05, 0x4D,
    0x0A, 0xFA, 0x73, 0xE1, 0xC2, 0x12, 0x4E, 0x86, 0x75, 0x22, 0x51, 0x51, 0xD1, 0x22, 0xCD, 0xCA,
    0xF2, 0x6A, 0x77, 0x3C, 0x33, 0xC6, 0x38, 0xA0, 0x66, 0x84, 0x65, 0x46, 0xFB, 0xBA, 0x40, 0x3C,
    0x21, 0xC3, 0x08, 0x79, 0xD4, 0x7A, 0x72, 0xFB, 0x59, 0xEE, 0xDA, 0x6F, 0x5F, 0xD7, 0x6D, 0xAE,
    0xCC, 0x43, 0xF7, 0x60, 0x03, 0xBA, 0x80, 0x31, 0x54, 0x0C, 0xE6, 0x2B, 0xD8, 0xF7, 0xD0, 0xBE,
    0x04, 0xA9, 0xC3, 0xC8, 0x65, 0x07, 0xEA, 0xB0, 0xC3, 0x32, 0xB4, 0x3B, 0x06, 0x74, 0x8A, 0x15,
    0x1D, 0x27, 0x61, 0x40, 0x1B, 0x51, 0xC7, 0xB3, 0x8D, 0x8E, 0xBA, 0x35, 0x69, 0x1F, 0x4D, 0x21,
    0x34, 0x0C, 0x76, 0x41, 0x37, 0x43, 0xDE, 0x20, 0x9C, 0x85, 0xC9, 0xDD, 0x64, 0xB9, 0xCE, 0xF2,
    0x9C, 0x3B, 0x26, 0x65, 0xAB, 0x38, 0x90, 0x71, 0x47, 0x91, 0x21, 0x1E, 0x6E, 0x00, 0xA1, 0x38,
    0x2C, 0x30, 0xB9, 0xA0, 0x4E, 0x68, 0x62, 0xE1, 0x3B, 0xB2, 0xEF, 0x38, 0xBB, 0x4B, 0x1C, 0x4D,
    0x1A, 0x4D, 0x94, 0x0F, 0x55, 0xE2, 0x3B, 0x06, 0x77, 0x9B, 0xD6, 0x43, 0xA6, 0xC9, 0xE3, 0x25,
    0xA9, 0x98, 0x86, 0x43, 0xC5, 0x5E, 0xC9, 0xF5, 0x09, 0x79, 0xC8, 0xD2, 0x67, 0xB9, 0x5F, 0x84,
    0x59, 0x2D, 0x1F, 0xD4, 0xB5, 0x49, 0xB8, 0x53, 0x23, 0x93, 0x25, 0xEC, 0xE7, 0xE6, 0xFF, 0xCF,
    0xB9, 0x75, 0x1E, 0x15, 0x3D, 0x54, 0x85, 0xBA, 0xF3, 0x9A, 0x85, 0xC7, 0x95, 0x3A, 0xC0, 0x2F,
    0x25, 0xE4, 0x4F, 0x1D, 0xD7, 0xDE, 0x6D, 0xB1, 0x9D, 0x6C, 0x2C, 0xD6, 0x8A, 0xEF, 0x19, 0x1C,
    0x8C, 0xD2, 0x27, 0xB4, 0x9A, 0x96, 0x0A, 0xDF, 0xD0, 0xAC, 0x70, 0xF4, 0x9A, 0xDC, 0x49, 0x67,
    0xAC, 0xC6, 0x39, 0x19, 0x7A, 0x0D, 0xB5, 0x6C, 0x99, 0x74, 0x6E, 0xD2, 0x96, 0xF7, 0x5C, 0xF2,
    0xFE, 0xC7, 0x7F, 0xF8, 0x0D, 0x5D, 0x90, 0xC1, 0x6D, 0xC2, 0x40, 0x14, 0x44, 0xC7, 0x76, 0x84,
    0xA5, 0x70, 0xE0, 0x98, 0x23, 0x15, 0x44, 0x29, 0xC1, 0x2B, 0xA5, 0x20, 0x4A, 0xC0, 0x8D, 0x21,
    0xBB, 0x84, 0x95, 0xD2, 0x80, 0x0F, 0x29, 0xC0, 0x07, 0x0E, 0xA0, 0x00, 0x93, 0x99, 0xBF, 0xC8,
    0x20, 0x2E, 0x4F, 0xFB, 0xFF, 0xEC, 0xEE, 0xFF, 0x33, 0xC0, 0xEE, 0x0C, 0xB4, 0x64, 0xC2, 0x96,
    0x04, 0xF6, 0x06, 0xA7, 0x77, 0x54, 0x1C, 0x81, 0x46, 0x45, 0x01, 0xC9, 0xE3, 0x82, 0x19, 0xEB,
    0x8B, 0x7A, 0x01, 0x95, 0xD9, 0x18, 0x0B, 0x1E, 0x2F, 0x6A, 0xF6, 0x96, 0x8F, 0xAB, 0x84, 0x81,
    0x3A, 0x7F, 0x59, 0x5E, 0x1B, 0x18, 0xCE, 0xE8, 0xFC, 0xCD, 0x0B, 0x9E, 0x1E, 0x37, 0x7C, 0x33,
    0x0E, 0x06, 0x8D, 0x9B, 0xC6, 0x71, 0x42, 0x35, 0xF0, 0xDE, 0xAA, 0xC8, 0x4F, 0xE0, 0xC7, 0x42,
    0xD4, 0x2D, 0x4F, 0xDE, 0xBE, 0x2F, 0x55, 0x6D, 0xE0, 0xCF, 0xF8, 0x7E, 0xFA, 0x54, 0xD8, 0xDD,
    0x92, 0xAF, 0x78, 0x18, 0x2F, 0xBE, 0xA7, 0x66, 0x6E, 0xAD, 0x40, 0x19, 0x08, 0xB1, 0x75, 0xEF,
    0x85, 0x4E, 0x0F, 0xE8, 0xF6, 0x0C, 0x59, 0x90, 0x38, 0xC8, 0xF5, 0x8B, 0xBA, 0xD1, 0x68, 0x6C,
    0x22, 0x12, 0xA6, 0x8F, 0xD4, 0x38, 0x89, 0x3A, 0x82, 0x09, 0xE7, 0x2B, 0xFE, 0x3A, 0x57, 0x4E,
    0x46, 0x5E, 0x30, 0x96, 0x8C, 0xD1, 0xCD, 0xA1, 0xF6, 0x46, 0x5A, 0x20, 0x61, 0x98, 0x6C, 0x6B,
    0xB4, 0xDA, 0x0B, 0x57, 0xFB, 0x53, 0xAB, 0x8B, 0x69, 0xD7, 0x30, 0x94, 0x1C, 0x44, 0xD6, 0x71,
    0xAF, 0xF5, 0xB0, 0x2D, 0x2B, 0x84, 0x12, 0x36, 0x32, 0xFE, 0x01, 0xC5, 0x54, 0x31, 0x6E, 0xDC,
    0x40, 0x0C, 0xA4, 0x24, 0xC3, 0x2A, 0x84, 0x40, 0xB5, 0x71, 0x85, 0xDA, 0x74, 0x7A, 0xC2, 0x6E,
    0xE7, 0xC2, 0x85, 0xBF, 0xE1, 0xCA, 0x5F, 0x58, 0x75, 0x29, 0xD2, 0xF8, 0x27, 0xF9, 0x41, 0xB4,
    0x79, 0x41, 0xF4, 0x84, 0x2B, 0xDC, 0x47, 0xC5, 0x16, 0x32, 0x20, 0x89, 0x9E, 0xA1, 0x4E, 0xB0,
    0xCF, 0x39, 0x04, 0xA9, 0x12, 0x03, 0x1E, 0xFB, 0x76, 0x87, 0xE4, 0x90, 0x9C, 0xBD, 0x5C, 0x9F,
    0x45, 0x6A, 0x55, 0x83, 0x41, 0x2A, 0xD5, 0x51, 0xAE, 0x7D, 0x98, 0x04, 0x07, 0x33, 0xA0, 0x58,
    0x00, 0xF9, 0x0A, 0xC8, 0xC0, 0x69, 0x5F, 0x14, 0x7F, 0xC1, 0xAE, 0x08, 0x0D, 0xC1, 0xA5, 0x52,
    0x25, 0x0C, 0xA2, 0xD2, 0x47, 0x50, 0xD4, 0x1B, 0x20, 0x42, 0x3D, 0x62, 0x01, 0x33, 0x2E, 0x90,
    0x2A, 0x1C, 0x5D, 0x12, 0xA7, 0x7A, 0x64, 0xA1, 0x28, 0xA5, 0x32, 0x67, 0x78, 0x66, 0x09, 0xF5,
    0x82, 0xCF, 0x9D, 0x20, 0x6B, 0xA4, 0x0E, 0x40, 0x03, 0x9E, 0xB4, 0xBF, 0x46, 0x11, 0xF7, 0xD3,
    0x20, 0x89, 0xF4, 0x77, 0x50, 0xA5, 0x25, 0x54, 0x29, 0x92, 0x66, 0x5A, 0xAC, 0x10, 0x96, 0x2B,
    0x24, 0xA2, 0x64, 0x31, 0x67, 0xEA, 0xAB, 0x59, 0xB4, 0xAB, 0x27, 0xD1, 0x58, 0x27, 0x54, 0x6D,
    0x46, 0x08, 0x6B, 0x47, 0x96, 0x86, 0xD2, 0xD1, 0x20, 0x00, 0x52, 0x0F, 0x98, 0xF8, 0x9F, 0xFF,
    0x08, 0x51, 0xFE, 0x0B, 0x50, 0x50, 0xF7, 0x06, 0x54, 0xDA, 0x41, 0x38, 0x86, 0xC1, 0x45, 0x94,
    0xB6, 0x03, 0x8C, 0x1F, 0x9D, 0x77, 0x9C, 0xDA, 0x00, 0x70, 0xE7, 0xD7, 0x05, 0xAF, 0x39, 0x9B,
    0xED, 0xCC, 0x82, 0x8D, 0xC7, 0x08, 0x8B, 0x2D, 0x38, 0xF0, 0x8A, 0x8C, 0x26, 0xED, 0xF1, 0x6C,
    0xBA, 0xD3, 0x73, 0xB8, 0x34, 0x17, 0xA6, 0x3D, 0x32, 0x6D, 0x64, 0x24, 0x35, 0xF4, 0x74, 0x04,
    0x33, 0x16, 0xCC, 0x58, 0x32, 0x63, 0xCD, 0x8C, 0x8D, 0x69, 0x8B, 0x27, 0x86, 0x90, 0x91, 0x9B,
    0x8F, 0xA6, 0xDF, 0x19, 0x81, 0x79, 0xF5, 0x8C, 0x51, 0x8D, 0x7B, 0x29, 0x63, 0x34, 0x43, 0x48,
    0xFD, 0x14, 0x92, 0xC5, 0x58, 0x63, 0xA6, 0xDD, 0xBA, 0x73, 0xC6, 0xE2, 0x45, 0xB0, 0x72, 0x71,
    0x1F, 0x0F, 0xE5, 0x66, 0x2A, 0xEF, 0xDA, 0x7E, 0x80, 0x13, 0x0F, 0x33, 0xA6, 0xD3, 0xAF, 0xD5,
    0x04, 0x13, 0xD6, 0x74, 0xE2, 0xFD, 0x28, 0x9F, 0xF5, 0x1B, 0x32, 0xF5, 0xF4, 0x9A, 0x83, 0xF9,
    0x01, 0x66, 0x3D, 0x33, 0xA1, 0xD9, 0xD1, 0x8C, 0xB9, 0xCF, 0x2E, 0x5F, 0xF8, 0x9B, 0x2D, 0xB8,
    0xFC, 0xAA, 0xB1, 0xC5, 0x5C, 0x36, 0x5F, 0x85, 0x2F, 0x7A, 0x9B, 0x42, 0xBE, 0x16, 0x29, 0x64,
    0x84, 0x5B, 0xBD, 0x4B, 0x76, 0x61, 0x14, 0x23, 0x5B, 0x18, 0x13, 0x52, 0xA8, 0x52, 0x99, 0x72,
    0x65, 0x7A, 0x4A, 0x6F, 0x5B, 0xA9, 0xFF, 0x05, 0x70, 0x84, 0x78, 0x87, 0xE8, 0x94, 0xAF, 0x6A,
    0x6B, 0x1C, 0x9D, 0x3A, 0x9E, 0xCB, 0x77, 0x5F, 0x3C, 0x95, 0x7A, 0x2C, 0x53, 0xAD, 0x4B, 0xBD,
    0xA9, 0x77, 0x3F, 0xF0, 0x58, 0x0F, 0xBE, 0xE5, 0x24, 0xD8, 0xBF, 0xFC, 0x35, 0x8F, 0x9B, 0xC8,
    0xD3, 0xC7, 0xBD, 0x5E, 0x34, 0xD7, 0x85, 0xF5, 0x5F, 0xE2, 0x19, 0xAD, 0x24, 0x23, 0x1B, 0x36,
    0x21, 0x37, 0xFB, 0x92, 0x03, 0xE0, 0x40, 0x8A, 0xEA, 0x0B, 0x3A, 0x5A, 0x3D, 0x4E, 0x9E, 0x70,
    0x3C, 0xD9, 0x1D, 0x1B, 0xE4, 0xD7, 0xCD, 0x35, 0x9E, 0x3E, 0xCC, 0xC3, 0x92, 0x59, 0xAF, 0xFB,
    0x3E, 0xE4, 0x51, 0xDE, 0x7E, 0xC2, 0xFE, 0x02, 0xDE, 0xC1, 0x27, 0x5E, 0x34, 0xE6, 0x36, 0xB6,
    0xE7, 0x74, 0xA2, 0x49, 0xE8, 0x97, 0xFE, 0x94, 0xB5, 0x63, 0xF5, 0x13, 0xF0, 0x23, 0xB2, 0x2F,
    0xAC, 0xD3, 0x81, 0x8C, 0x6F, 0xB8, 0x96, 0x03, 0x69, 0x38, 0x90, 0xAB, 0x3F, 0x16, 0x7A, 0x05,
    0x63, 0xE0, 0xFE, 0x2B, 0xDF, 0xC0, 0x50, 0xFF, 0xD7, 0xFE, 0x03, 0xC3, 0xFF, 0x3F, 0xF5, 0x1F,
    0x98, 0x40, 0x04, 0xF3, 0x7F, 0x06, 0xFB, 0x0F, 0xCC, 0x7F, 0x19, 0xE4, 0x0F, 0x30, 0xFF, 0x61,
    0x60, 0x60, 0x60, 0x07, 0x11, 0xF5, 0xFF, 0xBF, 0xD8, 0x5F, 0x40, 0x23, 0x80, 0x12, 0x54, 0x20,
    0x18, 0xB8, 0xFF, 0x4A, 0x1D, 0x00, 0xBA, 0xA0, 0xFE, 0x00, 0x23, 0xD0, 0xF2, 0x03, 0xCC, 0x10,
    0x82, 0x01, 0x48, 0xFC, 0x05, 0x12, 0x40, 0x25, 0x50, 0x02, 0x68, 0x25, 0x06, 0x81, 0x90, 0x25,
    0x48, 0xD8, 0x83, 0x89, 0x07, 0x20, 0xE2, 0x0F, 0x90, 0xD0, 0xFF, 0x01, 0x24, 0xF8, 0x41, 0x04,
    0xE3, 0x16, 0x00, 0x63, 0x60, 0x30, 0x60, 0x00, 0x82, 0x3F, 0x40, 0xCC, 0xFC, 0x1F, 0x48, 0xF0,
    0xFF, 0x3F, 0xC0, 0xC0, 0x60, 0xCB, 0xF8, 0x01, 0x24, 0x64, 0xC3, 0xC0, 0xFE, 0xEF, 0x87, 0xBD,
    0x83, 0xFC, 0xFF, 0x1F, 0xF6, 0x17, 0xEA, 0xFF, 0x7F, 0xD8, 0xFF, 0xA5, 0xFE, 0xFF, 0xC1, 0xFF,
    0x5F, 0xE4, 0xFF, 0x3B, 0xFF, 0xBF, 0xC0, 0xFE, 0x9F, 0xFB, 0xBF, 0x03, 0xE3, 0xFF, 0xFF, 0x7F,
    0x19, 0x18, 0xEC, 0xB9, 0x81, 0x8A, 0xF9, 0xB9, 0x0F, 0x40, 0x0D, 0x00, 0x1B, 0x05, 0x32, 0x14,
    0x00,
};

static const EpdGlyph ubuntumono_18_boldGlyphs[] = {
    { 0, 0, 300, 0, 0, 0, 0 }, // U+0000
    { 0, 0, 300, 0, 0, 0, 0 }, // U+0008
    { 0, 0, 300, 0, 0, 0, 0 }, // U+0009
    { 0, 0, 300, 0, 0, 0, 0 }, // U+000D
    { 0, 0, 300, 0, 0, 0, 0 }, // U+001D
    { 0, 0, 300, 0, 0, 0, 0 }, // U+0020
    { 7, 24, 300, 6, 24, 42, 0 }, // !
    { 13, 11, 300, 3, 26, 36, 42 }, // "
    { 19, 24, 300, 0, 24, 114, 78 }, // #
    { 17, 31, 300, 1, 27, 132, 192 }, // $
    { 19, 24, 300, 0, 24, 114, 324 }, // %
    { 19, 24, 300, 0, 24, 114, 438 }, // &
    { 6, 11, 300, 7, 26, 17, 552 }, // '
    { 13, 33, 300, 3, 27, 108, 569 }, // (
    { 13, 33, 300, 3, 27, 108, 677 }, // )
    { 17, 15, 300, 1, 24, 64, 785 }, // *
    { 17, 18, 300, 1, 18, 77, 849 }, // +
    { 10, 13, 300, 4, 7, 33, 926 }, // ,
    { 11, 5, 300, 4, 12, 14, 959 }, // -
    { 7, 7, 300, 6, 7, 13, 973 }, // .
    { 17, 33, 300, 1, 27, 141, 986 }, // /
    { 17, 24, 300, 1, 24, 102, 1127 }, // 0
    { 17, 24, 300, 1, 24, 102, 1229 }, // 1
    { 17, 24, 300, 1, 24, 102, 1331 }, // 2
    { 17, 24, 300, 1, 24, 102, 1433 }, // 3
    { 18, 24, 300, 1, 24, 108, 1535 }, // 4
    { 16, 24, 300, 1, 24, 96, 1643 }, // 5
    { 17, 24, 300, 1, 24, 102, 1739 }, // 6
    { 17, 24, 300, 1, 24, 102, 1841 }, // 7
    { 17, 24, 300, 1, 24, 102, 1943 }, // 8
    { 17, 24, 300, 1, 24, 102, 2045 }, // 9
    { 7, 19, 300, 6, 19, 34, 2147 }, // :
    { 9, 25, 300, 4, 19, 57, 2181 }, // ;
    { 17, 16, 300, 1, 18, 68, 2238 }, // <
    { 17, 12, 300, 1, 15, 51, 2306 }, // =
    { 17, 17, 300, 1, 18, 73, 2357 }, // >
    { 15, 24, 300, 2, 24, 90, 2430 }, // ?
    { 18, 29, 300, 0, 24, 131, 2520 }, // @
    { 19, 24, 300, 0, 24, 114, 2651 }, // A
    { 16, 24, 300, 2, 24, 96, 2765 }, // B
    { 17, 24, 300, 1, 24, 102, 2861 }, // C
    { 16, 24, 300, 2, 24, 96, 2963 }, // D
    { 16, 24, 300, 2, 24, 96, 3059 }, // E
    { 15, 24, 300, 2, 24, 90, 3155 }, // F
    { 17, 24, 300, 1, 24, 102, 3245 }, // G
    { 17, 24, 300, 1, 24, 102, 3347 }, // H
    { 15, 24, 300, 2, 24, 90, 3449 }, // I
    { 16, 24, 300, 1, 24, 96, 3539 }, // J
    { 18, 24, 300, 1, 24, 108, 3635 }, // K
    { 16, 24, 300, 2, 24, 96, 3743 }, // L
    { 19, 24, 300, 0, 24, 114, 3839 }, // M
    { 17, 24, 300, 1, 24, 102, 3953 }, // N
    { 17, 24, 300, 1, 24, 102, 4055 }, // O
    { 16, 24, 300, 2, 24, 96, 4157 }, // P
    { 17, 30, 300, 1, 24, 128, 4253 }, // Q
    { 17, 24, 300, 2, 24, 102, 4381 }, // R
    { 17, 24, 300, 1, 24, 102, 4483 }, // S
    { 19, 24, 300, 0, 24, 114, 4585 }, // T
    { 17, 24, 300, 1, 24, 102, 4699 }, // U
    { 19, 24, 300, 0, 24, 114, 4801 }, // V
    { 19, 24, 300, 0, 24, 114, 4915 }, // W
    { 19, 24, 300, 0, 24, 114, 5029 }, // X
    { 19, 24, 300, 0, 24, 114, 5143 }, // Y
    { 17, 24, 300, 1, 24, 102, 5257 }, // Z
    { 11, 33, 300, 4, 27, 91, 5359 }, // [
    { 17, 33, 300, 1, 27, 141, 5450 }, // <backslash>
    { 11, 33, 300, 4, 27, 91, 5591 }, // ]
    { 19, 12, 300, 0, 24, 57, 5682 }, // ^
    { 19, 4, 300, 0, -2, 19, 5739 }, // _
    { 10, 7, 300, 5, 26, 18, 5758 }, // `
    { 16, 18, 300, 1, 18, 72, 5776 }, // a
    { 16, 26, 300, 2, 26, 104, 5848 }, // b
    { 17, 18, 300, 1, 18, 77, 5952 }, // c
    { 16, 26, 300, 1, 26, 104, 6029 }, // d
    { 17, 18, 300, 1, 18, 77, 6133 }, // e
    { 18, 26, 300, 1, 26, 117, 6210 }, // f
    { 16, 24, 300, 1, 18, 96, 6327 }, // g
    { 15, 26, 300, 2, 26, 98, 6423 }, // h
    { 17, 26, 300, 1, 26, 111, 6521 }, // i
    { 15, 32, 300, 1, 26, 120, 6632 }, // j
    { 17, 26, 300, 2, 26, 111, 6752 }, // k
    { 17, 26, 300, 1, 26, 111, 6863 }, // l
    { 17, 18, 300, 1, 18, 77, 6974 }, // m
    { 15, 18, 300, 2, 18, 68, 7051 }, // n
    { 17, 18, 300, 1, 18, 77, 7119 }, // o
    { 16, 24, 300, 2, 18, 96, 7196 }, // p
    { 16, 24, 300, 1, 18, 96, 7292 }, // q
    { 15, 18, 300, 3, 18, 68, 7388 }, // r
    { 15, 18, 300, 2, 18, 68, 7456 }, // s
    { 17, 23, 300, 1, 23, 98, 7524 }, // t
    { 15, 18, 300, 2, 18, 68, 7622 }, // u
    { 19, 18, 300, 0, 18, 86, 7690 }, // v
    { 19, 18, 300, 0, 18, 86, 7776 }, // w
    { 19, 18, 300, 0, 18, 86, 7862 }, // x
    { 18, 24, 300, 0, 18, 108, 7948 }, // y
    { 15, 18, 300, 2, 18, 68, 8056 }, // z
    { 15, 33, 300, 2, 27, 124, 8124 }, // {
    { 5, 33, 300, 7, 27, 42, 8248 }, // |
    { 15, 33, 300, 2, 27, 124, 8290 }, // }
    { 19, 7, 300, 0, 14, 34, 8414 }, // ~
    { 0, 0, 300, 0, 0, 0, 0 }, // U+00A0
    { 7, 24, 300, 6, 18, 42, 0 }, // U+00A1
    { 17, 28, 300, 1, 24, 119, 42 }, // U+00A2
    { 17, 24, 300, 1, 24, 102, 161 }, // U+00A3
    { 19, 17, 300, 0, 20, 81, 263 }, // U+00A4
    { 19, 24, 300, 0, 24, 114, 344 }, // U+00A5
    { 5, 33, 300, 7, 27, 42, 458 }, // U+00A6
    { 17, 28, 300, 1, 24, 119, 500 }, // U+00A7
    { 13, 5, 300, 3, 26, 17, 619 }, // U+00A8
    { 19, 18, 300, 0, 18, 86, 636 }, // U+00A9
    { 13, 14, 300, 3, 24, 46, 722 }, // U+00AA
    { 17, 16, 300, 1, 18, 68, 768 }, // U+00AB
    { 17, 12, 300, 1, 14, 51, 836 }, // U+00AC
    { 11, 5, 300, 4, 12, 14, 887 }, // U+00AD
    { 19, 18, 300, 0, 18, 86, 901 }, // U+00AE
    { 12, 3, 300, 4, 25, 9, 987 }, // U+00AF
    { 12, 10, 300, 4, 27, 30, 996 }, // U+00B0
    { 17, 22, 300, 1, 22, 94, 1026 }, // U+00B1
    { 11, 14, 300, 4, 24, 39, 1120 }, // U+00B2
    { 11, 14, 300, 4, 24, 39, 1159 }, // U+00B3
    { 10, 7, 300, 5, 26, 18, 1198 }, // U+00B4
    { 15, 24, 300, 2, 18, 90, 1216 }, // U+00B5
    { 18, 30, 300, 0, 24, 135, 1306 }, // U+00B6
    { 7, 7, 300, 6, 14, 13, 1441 }, // U+00B7
    { 8, 6, 300, 6, 0, 12, 1454 }, // U+00B8
    { 13, 14, 300, 4, 24, 46, 1466 }, // U+00B9
    { 15, 15, 300, 2, 24, 57, 1512 }, // U+00BA
    { 17, 16, 300, 1, 18, 68, 1569 }, // U+00BB
    { 19, 24, 300, 0, 24, 114, 1637 }, // U+00BC
    { 19, 24, 300, 0, 24, 114, 1751 }, // U+00BD
    { 19, 24, 300, 0, 24, 114, 1865 }, // U+00BE
    { 15, 24, 300, 2, 18, 90, 1979 }, // U+00BF
    { 19, 32, 300, 0, 32, 152, 2069 }, // U+00C0
    { 19, 32, 300, 0, 32, 152, 2221 }, // U+00C1
    { 19, 32, 300, 0, 32, 152, 2373 }, // U+00C2
    { 19, 31, 300, 0, 31, 148, 2525 }, // U+00C3
    { 19, 31, 300, 0, 31, 148, 2673 }, // U+00C4
    { 19, 30, 300, 0, 30, 143, 2821 }, // U+00C5
    { 19, 24, 300, 0, 24, 114, 2964 }, // U+00C6
    { 17, 30, 300, 1, 24, 128, 3078 }, // U+00C7
    { 16, 32, 300, 2, 32, 128, 3206 }, // U+00C8
    { 16, 32, 300, 2, 32, 128, 3334 }, // U+00C9
    { 16, 32, 300, 2, 32, 128, 3462 }, // U+00CA
    { 16, 31, 300, 2, 31, 124, 3590 }, // U+00CB
    { 15, 32, 300, 2, 32, 120, 3714 }, // U+00CC
    { 15, 32, 300, 2, 32, 120, 3834 }, // U+00CD
    { 15, 32, 300, 2, 32, 120, 3954 }, // U+00CE
    { 15, 31, 300, 2, 31, 117, 4074 }, // U+00CF
    { 18, 24, 300, 0, 24, 108, 4191 }, // U+00D0
    { 17, 31, 300, 1, 31, 132, 4299 }, // U+00D1
    { 17, 32, 300, 1, 32, 136, 4431 }, // U+00D2
    { 17, 32, 300, 1, 32, 136, 4567 }, // U+00D3
    { 17, 32, 300, 1, 32, 136, 4703 }, // U+00D4
    { 17, 31, 300, 1, 31, 132, 4839 }, // U+00D5
    { 17, 31, 300, 1, 31, 132, 4971 }, // U+00D6
    { 16, 15, 300, 2, 17, 60, 5103 }, // U+00D7
    { 17, 27, 300, 1, 25, 115, 5163 }, // U+00D8
    { 17, 32, 300, 1, 32, 136, 5278 }, // U+00D9
    { 17, 32, 300, 1, 32, 136, 5414 }, // U+00DA
    { 17, 32, 300, 1, 32, 136, 5550 }, // U+00DB
    { 17, 31, 300, 1, 31, 132, 5686 }, // U+00DC
    { 19, 32, 300, 0, 32, 152, 5818 }, // U+00DD
    { 16, 24, 300, 2, 24, 96, 5970 }, // U+00DE
    { 18, 26, 300, 1, 26, 117, 6066 }, // U+00DF
    { 16, 26, 300, 1, 26, 104, 6183 }, // U+00E0
    { 16, 26, 300, 1, 26, 104, 6287 }, // U+00E1
    { 16, 26, 300, 1, 26, 104, 6391 }, // U+00E2
    { 16, 26, 300, 1, 26, 104, 6495 }, // U+00E3
    { 16, 26, 300, 1, 26, 104, 6599 }, // U+00E4
    { 16, 27, 300, 1, 27, 108, 6703 }, // U+00E5
    { 19, 18, 300, 0, 18, 86, 6811 }, // U+00E6
    { 17, 24, 300, 1, 18, 102, 6897 }, // U+00E7
    { 17, 26, 300, 1, 26, 111, 6999 }, // U+00E8
    { 17, 26, 300, 1, 26, 111, 7110 }, // U+00E9
    { 17, 26, 300, 1, 26, 111, 7221 }, // U+00EA
    { 17, 26, 300, 1, 26, 111, 7332 }, // U+00EB
    { 17, 26, 300, 1, 26, 111, 7443 }, // U+00EC
    { 17, 26, 300, 1, 26, 111, 7554 }, // U+00ED
    { 17, 26, 300, 1, 26, 111, 7665 }, // U+00EE
    { 17, 26, 300, 1, 26, 111, 7776 }, // U+00EF
    { 18, 27, 300, 1, 27, 122, 7887 }, // U+00F0
    { 15, 26, 300, 2, 26, 98, 8009 }, // U+00F1
    { 17, 26, 300, 1, 26, 111, 8107 }, // U+00F2
    { 17, 26, 300, 1, 26, 111, 8218 }, // U+00F3
    { 17, 26, 300, 1, 26, 111, 8329 }, // U+00F4
    { 17, 26, 300, 1, 26, 111, 8440 }, // U+00F5
    { 17, 26, 300, 1, 26, 111, 8551 }, // U+00F6
    { 17, 19, 300, 1, 19, 81, 8662 }, // U+00F7
    { 17, 20, 300, 1, 19, 85, 8743 }, // U+00F8
    { 15, 26, 300, 2, 26, 98, 8828 }, // U+00F9
    { 15, 26, 300, 2, 26, 98, 8926 }, // U+00FA
    { 15, 26, 300, 2, 26, 98, 9024 }, // U+00FB
    { 15, 26, 300, 2, 26, 98, 9122 }, // U+00FC
    { 18, 32, 300, 0, 26, 144, 9220 }, // U+00FD
    { 16, 32, 300, 2, 26, 128, 9364 }, // U+00FE
    { 18, 32, 300, 0, 26, 144, 9492 }, // U+00FF
    { 19, 30, 300, 0, 30, 143, 0 }, // U+0100
    { 16, 25, 300, 1, 25, 100, 143 }, // U+0101
    { 19, 31, 300, 0, 31, 148, 243 }, // U+0102
    { 16, 26, 300, 1, 26, 104, 391 }, // U+0103
    { 20, 30, 300, 0, 24, 150, 495 }, // U+0104
    { 16, 24, 300, 1, 18, 96, 645 }, // U+0105
    { 17, 32, 300, 1, 32, 136, 741 }, // U+0106
    { 17, 26, 300, 1, 26, 111, 877 }, // U+0107
    { 17, 32, 300, 1, 32, 136, 988 }, // U+0108
    { 17, 26, 300, 1, 26, 111, 1124 }, // U+0109
    { 17, 31, 300, 1, 31, 132, 1235 }, // U+010A
    { 17, 26, 300, 1, 26, 111, 1367 }, // U+010B
    { 17, 32, 300, 1, 32, 136, 1478 }, // U+010C
    { 17, 26, 300, 1, 26, 111, 1614 }, // U+010D
    { 16, 32, 300, 2, 32, 128, 1725 }, // U+010E
    { 20, 26, 300, 0, 26, 130, 1853 }, // U+010F
    { 18, 24, 300, 0, 24, 108, 1983 }, // U+0110
    { 18, 26, 300, 1, 26, 117, 2091 }, // U+0111
    { 16, 30, 300, 2, 30, 120, 2208 }, // U+0112
    { 17, 25, 300, 1, 25, 107, 2328 }, // U+0113
    { 16, 31, 300, 2, 31, 124, 2435 }, // U+0114
    { 17, 26, 300, 1, 26, 111, 2559 }, // U+0115
    { 16, 31, 300, 2, 31, 124, 2670 }, // U+0116
    { 17, 26, 300, 1, 26, 111, 2794 }, // U+0117
    { 17, 30, 300, 2, 24, 128, 2905 }, // U+0118
    { 17, 24, 300, 1, 18, 102, 3033 }, // U+0119
    { 16, 32, 300, 2, 32, 128, 3135 }, // U+011A
    { 17, 26, 300, 1, 26, 111, 3263 }, // U+011B
    { 17, 32, 300, 1, 32, 136, 3374 }, // U+011C
    { 16, 32, 300, 1, 26, 128, 3510 }, // U+011D
    { 17, 31, 300, 1, 31, 132, 3638 }, // U+011E
    { 16, 32, 300, 1, 26, 128, 3770 }, // U+011F
    { 17, 31, 300, 1, 31, 132, 3898 }, // U+0120
    { 16, 32, 300, 1, 26, 128, 4030 }, // U+0121
    { 17, 30, 300, 1, 24, 128, 4158 }, // U+0122
    { 16, 33, 300, 1, 27, 132, 4286 }, // U+0123
    { 17, 32, 300, 1, 32, 136, 4418 }, // U+0124
    { 15, 32, 300, 2, 32, 120, 4554 }, // U+0125
    { 19, 24, 300, 0, 24, 114, 4674 }, // U+0126
    { 17, 26, 300, 0, 26, 111, 4788 }, // U+0127
    { 15, 31, 300, 2, 31, 117, 4899 }, // U+0128
    { 17, 26, 300, 1, 26, 111, 5016 }, // U+0129
    { 15, 30, 300, 2, 30, 113, 5127 }, // U+012A
    { 17, 25, 300, 1, 25, 107, 5240 }, // U+012B
    { 15, 31, 300, 2, 31, 117, 5347 }, // U+012C
    { 17, 26, 300, 1, 26, 111, 5464 }, // U+012D
    { 15, 30, 300, 2, 24, 113, 5575 }, // U+012E
    { 17, 32, 300, 1, 26, 136, 5688 }, // U+012F
    { 15, 32, 300, 2, 32, 120, 5824 }, // U+0130
    { 17, 18, 300, 1, 18, 77, 5944 }, // U+0131
    { 19, 24, 300, 0, 24, 114, 6021 }, // U+0132
    { 15, 32, 300, 2, 26, 120, 6135 }, // U+0133
    { 16, 32, 300, 1, 32, 128, 6255 }, // U+0134
    { 15, 32, 300, 1, 26, 120, 6383 }, // U+0135
    { 18, 30, 300, 1, 24, 135, 6503 }, // U+0136
    { 17, 32, 300, 2, 26, 136, 6638 }, // U+0137
    { 17, 18, 300, 2, 18, 77, 6774 }, // U+0138
    { 16, 32, 300, 2, 32, 128, 6851 }, // U+0139
    { 17, 32, 300, 1, 32, 136, 6979 }, // U+013A
    { 16, 30, 300, 2, 24, 120, 7115 }, // U+013B
    { 17, 32, 300, 1, 26, 136, 7235 }, // U+013C
    { 16, 24, 300, 2, 24, 96, 7371 }, // U+013D
    { 18, 26, 300, 1, 26, 117, 7467 }, // U+013E
    { 16, 24, 300, 2, 24, 96, 7584 }, // U+013F
    { 21, 26, 300, 1, 26, 137, 7680 }, // U+0140
    { 19, 24, 300, -1, 24, 114, 7817 }, // U+0141
    { 17, 27, 300, 1, 27, 115, 7931 }, // U+0142
    { 17, 32, 300, 1, 32, 136, 8046 }, // U+0143
    { 15, 26, 300, 2, 26, 98, 8182 }, // U+0144
    { 17, 30, 300, 1, 24, 128, 8280 }, // U+0145
    { 15, 24, 300, 2, 18, 90, 8408 }, // U+0146
    { 17, 32, 300, 1, 32, 136, 8498 }, // U+0147
    { 15, 26, 300, 2, 26, 98, 8634 }, // U+0148
    { 19, 27, 300, -1, 27, 129, 8732 }, // U+0149
    { 17, 30, 300, 1, 24, 128, 8861 }, // U+014A
    { 15, 24, 300, 2, 18, 90, 8989 }, // U+014B
    { 17, 30, 300, 1, 30, 128, 9079 }, // U+014C
    { 17, 25, 300, 1, 25, 107, 9207 }, // U+014D
    { 17, 31, 300, 1, 31, 132, 9314 }, // U+014E
    { 17, 26, 300, 1, 26, 111, 9446 }, // U+014F
    { 18, 32, 300, 1, 32, 144, 9557 }, // U+0150
    { 18, 26, 300, 1, 26, 117, 9701 }, // U+0151
    { 19, 24, 300, 0, 24, 114, 9818 }, // U+0152
    { 19, 18, 300, 0, 18, 86, 9932 }, // U+0153
    { 17, 32, 300, 2, 32, 136, 10018 }, // U+0154
    { 15, 26, 300, 3, 26, 98, 10154 }, // U+0155
    { 17, 30, 300, 2, 24, 128, 10252 }, // U+0156
    { 17, 24, 300, 1, 18, 102, 10380 }, // U+0157
    { 17, 32, 300, 2, 32, 136, 10482 }, // U+0158
    { 15, 26, 300, 3, 26, 98, 10618 }, // U+0159
    { 17, 32, 300, 1, 32, 136, 10716 }, // U+015A
    { 15, 26, 300, 2, 26, 98, 10852 }, // U+015B
    { 17, 32, 300, 1, 32, 136, 10950 }, // U+015C
    { 15, 26, 300, 2, 26, 98, 11086 }, // U+015D
    { 17, 30, 300, 1, 24, 128, 11184 }, // U+015E
    { 15, 24, 300, 2, 18, 90, 11312 }, // U+015F
    { 17, 32, 300, 1, 32, 136, 11402 }, // U+0160
    { 15, 26, 300, 2, 26, 98, 11538 }, // U+0161
    { 19, 30, 300, 0, 24, 143, 11636 }, // U+0162
    { 17, 29, 300, 1, 23, 124, 11779 }, // U+0163
    { 19, 32, 300, 0, 32, 152, 11903 }, // U+0164
    { 17, 26, 300, 1, 26, 111, 12055 }, // U+0165
    { 19, 24, 300, 0, 24, 114, 12166 }, // U+0166
    { 17, 24, 300, 1, 24, 102, 12280 }, // U+0167
    { 17, 31, 300, 1, 31, 132, 12382 }, // U+0168
    { 15, 26, 300, 2, 26, 98, 12514 }, // U+0169
    { 17, 30, 300, 1, 30, 128, 12612 }, // U+016A
    { 15, 25, 300, 2, 25, 94, 12740 }, // U+016B
    { 17, 31, 300, 1, 31, 132, 12834 }, // U+016C
    { 15, 26, 300, 2, 26, 98, 12966 }, // U+016D
    { 17, 32, 300, 1, 32, 136, 13064 }, // U+016E
    { 15, 27, 300, 2, 27, 102, 13200 }, // U+016F
    { 18, 32, 300, 1, 32, 144, 13302 }, // U+0170
    { 16, 26, 300, 2, 26, 104, 13446 }, // U+0171
    { 17, 30, 300, 1, 24, 128, 13550 }, // U+0172
    { 15, 24, 300, 2, 18, 90, 13678 }, // U+0173
    { 19, 32, 300, 0, 32, 152, 13768 }, // U+0174
    { 19, 26, 300, 0, 26, 124, 13920 }, // U+0175
    { 19, 32, 300, 0, 32, 152, 14044 }, // U+0176
    { 18, 32, 300, 0, 26, 144, 14196 }, // U+0177
    { 19, 31, 300, 0, 31, 148, 14340 }, // U+0178
    { 17, 32, 300, 1, 32, 136, 14488 }, // U+0179
    { 15, 26, 300, 2, 26, 98, 14624 }, // U+017A
    { 17, 31, 300, 1, 31, 132, 14722 }, // U+017B
    { 15, 26, 300, 2, 26, 98, 14854 }, // U+017C
    { 17, 32, 300, 1, 32, 136, 14952 }, // U+017D
    { 15, 26, 300, 2, 26, 98, 15088 }, // U+017E
    { 14, 26, 300, 5, 26, 91, 15186 }, // U+017F
    { 18, 27, 300, 1, 27, 122, 0 }, // U+01A0
    { 18, 22, 300, 1, 21, 99, 122 }, // U+01A1
    { 19, 27, 300, 1, 27, 129, 221 }, // U+01AF
    { 18, 21, 300, 1, 21, 95, 350 }, // U+01B0
    { 20, 31, 300, 0, 31, 155, 445 }, // U+01C4
    { 20, 26, 300, 0, 26, 130, 600 }, // U+01C5
    { 20, 26, 300, 0, 26, 130, 730 }, // U+01C6
    { 19, 24, 300, 0, 24, 114, 860 }, // U+01C7
    { 18, 32, 300, 1, 26, 144, 974 }, // U+01C8
    { 16, 32, 300, 2, 26, 128, 1118 }, // U+01C9
    { 19, 24, 300, 0, 24, 114, 1246 }, // U+01CA
    { 18, 32, 300, 0, 26, 144, 1360 }, // U+01CB
    { 19, 31, 300, 0, 25, 148, 1504 }, // U+01CC
    { 19, 32, 300, 0, 32, 152, 1652 }, // U+01CD
    { 16, 26, 300, 1, 26, 104, 1804 }, // U+01CE
    { 15, 32, 300, 2, 32, 120, 1908 }, // U+01CF
    { 17, 26, 300, 1, 26, 111, 2028 }, // U+01D0
    { 17, 32, 300, 1, 32, 136, 2139 }, // U+01D1
    { 17, 26, 300, 1, 26, 111, 2275 }, // U+01D2
    { 17, 32, 300, 1, 32, 136, 2386 }, // U+01D3
    { 15, 26, 300, 2, 26, 98, 2522 }, // U+01D4
    { 17, 32, 300, 1, 32, 136, 2620 }, // U+01D5
    { 15, 28, 300, 2, 28, 105, 2756 }, // U+01D6
    { 17, 32, 300, 1, 32, 136, 2861 }, // U+01D7
    { 15, 30, 300, 2, 30, 113, 2997 }, // U+01D8
    { 17, 32, 300, 1, 32, 136, 3110 }, // U+01D9
    { 15, 29, 300, 2, 29, 109, 3246 }, // U+01DA
    { 17, 32, 300, 1, 32, 136, 3355 }, // U+01DB
    { 15, 30, 300, 2, 30, 113, 3491 }, // U+01DC
    { 17, 18, 300, 1, 18, 77, 3604 }, // U+01DD
    { 19, 32, 300, 0, 32, 152, 3681 }, // U+01DE
    { 16, 28, 300, 1, 28, 112, 3833 }, // U+01DF
    { 19, 32, 300, 0, 32, 152, 3945 }, // U+01E0
    { 16, 28, 300, 1, 28, 112, 4097 }, // U+01E1
    { 19, 30, 300, 0, 30, 143, 4209 }, // U+01E2
    { 19, 25, 300, 0, 25, 119, 4352 }, // U+01E3
    { 18, 24, 300, 1, 24, 108, 4471 }, // U+01E4
    { 17, 24, 300, 1, 18, 102, 4579 }, // U+01E5
    { 17, 32, 300, 1, 32, 136, 4681 }, // U+01E6
    { 16, 32, 300, 1, 26, 128, 4817 }, // U+01E7
    { 18, 32, 300, 1, 32, 144, 4945 }, // U+01E8
    { 17, 32, 300, 2, 32, 136, 5089 }, // U+01E9
    { 17, 30, 300, 1, 24, 128, 5225 }, // U+01EA
    { 17, 24, 300, 1, 18, 102, 5353 }, // U+01EB
    { 17, 36, 300, 1, 30, 153, 5455 }, // U+01EC
    { 17, 31, 300, 1, 25, 132, 5608 }, // U+01ED
    { 19, 32, 300, 0, 32, 152, 5740 }, // U+01EE
    { 16, 32, 300, 1, 26, 128, 5892 }, // U+01EF
    { 15, 32, 300, 1, 26, 120, 6020 }, // U+01F0
    { 19, 24, 300, 0, 24, 114, 6140 }, // U+01F1
    { 19, 24, 300, 0, 24, 114, 6254 }, // U+01F2
    { 19, 27, 300, 0, 27, 129, 6368 }, // U+01F3
    { 17, 32, 300, 1, 32, 136, 6497 }, // U+01F4
    { 16, 32, 300, 1, 26, 128, 6633 }, // U+01F5
    { 18, 24, 300, 1, 24, 108, 6761 }, // U+01F6
    { 17, 30, 300, 2, 24, 128, 6869 }, // U+01F7
    { 17, 32, 300, 1, 32, 136, 6997 }, // U+01F8
    { 15, 26, 300, 2, 26, 98, 7133 }, // U+01F9
    { 19, 32, 300, 0, 32, 152, 7231 }, // U+01FA
    { 16, 32, 300, 1, 32, 128, 7383 }, // U+01FB
    { 19, 32, 300, 0, 32, 152, 7511 }, // U+01FC
    { 19, 26, 300, 0, 26, 124, 7663 }, // U+01FD
    { 17, 33, 300, 1, 31, 141, 7787 }, // U+01FE
    { 17, 27, 300, 1, 26, 115, 7928 }, // U+01FF
    { 19, 32, 300, 0, 32, 152, 8043 }, // U+0200
    { 16, 26, 300, 1, 26, 104, 8195 }, // U+0201
    { 19, 31, 300, 0, 31, 148, 8299 }, // U+0202
    { 16, 26, 300, 1, 26, 104, 8447 }, // U+0203
    { 16, 32, 300, 2, 32, 128, 8551 }, // U+0204
    { 17, 26, 300, 1, 26, 111, 8679 }, // U+0205
    { 16, 31, 300, 2, 31, 124, 8790 }, // U+0206
    { 17, 26, 300, 1, 26, 111, 8914 }, // U+0207
    { 15, 32, 300, 2, 32, 120, 9025 }, // U+0208
    { 17, 26, 300, 1, 26, 111, 9145 }, // U+0209
    { 15, 31, 300, 2, 31, 117, 9256 }, // U+020A
    { 17, 26, 300, 1, 26, 111, 9373 }, // U+020B
    { 17, 32, 300, 1, 32, 136, 9484 }, // U+020C
    { 17, 26, 300, 1, 26, 111, 9620 }, // U+020D
    { 17, 31, 300, 1, 31, 132, 9731 }, // U+020E
    { 17, 26, 300, 1, 26, 111, 9863 }, // U+020F
    { 18, 32, 300, 1, 32, 144, 9974 }, // U+0210
    { 15, 26, 300, 3, 26, 98, 10118 }, // U+0211
    { 17, 31, 300, 2, 31, 132, 10216 }, // U+0212
    { 15, 26, 300, 3, 26, 98, 10348 }, // U+0213
    { 17, 32, 300, 1, 32, 136, 10446 }, // U+0214
    { 15, 26, 300, 2, 26, 98, 10582 }, // U+0215
    { 17, 31, 300, 1, 31, 132, 10680 }, // U+0216
    { 15, 26, 300, 2, 26, 98, 10812 }, // U+0217
    { 17, 30, 300, 1, 24, 128, 10910 }, // U+0218
    { 15, 24, 300, 2, 18, 90, 11038 }, // U+0219
    { 19, 30, 300, 0, 24, 143, 11128 }, // U+021A
    { 17, 29, 300, 1, 23, 124, 11271 }, // U+021B
    { 17, 30, 300, 1, 24, 128, 11395 }, // U+021C
    { 15, 24, 300, 2, 18, 90, 11523 }, // U+021D
    { 17, 32, 300, 1, 32, 136, 11613 }, // U+021E
    { 15, 32, 300, 2, 32, 120, 11749 }, // U+021F
    { 13, 5, 300, 3, 26, 17, 0 }, // U+0311
    { 16, 32, 300, 2, 32, 128, 0 }, // U+0400
    { 16, 31, 300, 2, 31, 124, 128 }, // U+0401
    { 19, 24, 300, 0, 24, 114, 252 }, // U+0402
    { 18, 32, 300, 1, 32, 144, 366 }, // U+0403
    { 17, 24, 300, 1, 24, 102, 510 }, // U+0404
    { 17, 24, 300, 1, 24, 102, 612 }, // U+0405
    { 15, 24, 300, 2, 24, 90, 714 }, // U+0406
    { 15, 31, 300, 2, 31, 117, 804 }, // U+0407
    { 16, 24, 300, 1, 24, 96, 921 }, // U+0408
    { 19, 24, 300, 0, 24, 114, 1017 }, // U+0409
    { 18, 24, 300, 1, 24, 108, 1131 }, // U+040A
    { 18, 24, 300, 0, 24, 108, 1239 }, // U+040B
    { 18, 32, 300, 1, 32, 144, 1347 }, // U+040C
    { 17, 32, 300, 1, 32, 136, 1491 }, // U+040D
    { 19, 31, 300, 0, 31, 148, 1627 }, // U+040E
    { 17, 30, 300, 1, 24, 128, 1775 }, // U+040F
    { 19, 24, 300, 0, 24, 114, 1903 }, // U+0410
    { 16, 24, 300, 2, 24, 96, 2017 }, // U+0411
    { 16, 24, 300, 2, 24, 96, 2113 }, // U+0412
    { 18, 24, 300, 1, 24, 108, 2209 }, // U+0413
    { 19, 30, 300, 0, 24, 143, 2317 }, // U+0414
    { 16, 24, 300, 2, 24, 96, 2460 }, // U+0415
    { 19, 24, 300, 0, 24, 114, 2556 }, // U+0416
    { 19, 24, 300, 0, 24, 114, 2670 }, // U+0417
    { 17, 24, 300, 1, 24, 102, 2784 }, // U+0418
    { 17, 31, 300, 1, 31, 132, 2886 }, // U+0419
    { 18, 24, 300, 1, 24, 108, 3018 }, // U+041A
    { 18, 24, 300, 0, 24, 108, 3126 }, // U+041B
    { 19, 24, 300, 0, 24, 114, 3234 }, // U+041C
    { 17, 24, 300, 1, 24, 102, 3348 }, // U+041D
    { 17, 24, 300, 1, 24, 102, 3450 }, // U+041E
    { 17, 24, 300, 1, 24, 102, 3552 }, // U+041F
    { 16, 24, 300, 2, 24, 96, 3654 }, // U+0420
    { 17, 24, 300, 1, 24, 102, 3750 }, // U+0421
    { 19, 24, 300, 0, 24, 114, 3852 }, // U+0422
    { 19, 24, 300, 0, 24, 114, 3966 }, // U+0423
    { 19, 25, 300, 0, 25, 119, 4080 }, // U+0424
    { 19, 24, 300, 0, 24, 114, 4199 }, // U+0425
    { 17, 30, 300, 1, 24, 128, 4313 }, // U+0426
    { 17, 24, 300, 1, 24, 102, 4441 }, // U+0427
    { 19, 24, 300, 0, 24, 114, 4543 }, // U+0428
    { 19, 30, 300, 0, 24, 143, 4657 }, // U+0429
    { 18, 24, 300, 0, 24, 108, 4800 }, // U+042A
    { 17, 24, 300, 1, 24, 102, 4908 }, // U+042B
    { 16, 24, 300, 2, 24, 96, 5010 }, // U+042C
    { 18, 24, 300, 1, 24, 108, 5106 }, // U+042D
    { 18, 24, 300, 1, 24, 108, 5214 }, // U+042E
    { 18, 24, 300, 0, 24, 108, 5322 }, // U+042F
    { 16, 18, 300, 1, 18, 72, 5430 }, // U+0430
    { 17, 26, 300, 1, 26, 111, 5502 }, // U+0431
    { 16, 18, 300, 2, 18, 72, 5613 }, // U+0432
    { 14, 18, 300, 3, 18, 63, 5685 }, // U+0433
    { 18, 23, 300, 0, 18, 104, 5748 }, // U+0434
    { 17, 18, 300, 1, 18, 77, 5852 }, // U+0435
    { 19, 18, 300, 0, 18, 86, 5929 }, // U+0436
    { 16, 18, 300, 1, 18, 72, 6015 }, // U+0437
    { 15, 18, 300, 2, 18, 68, 6087 }, // U+0438
    { 15, 26, 300, 2, 26, 98, 6155 }, // U+0439
    { 17, 18, 300, 2, 18, 77, 6253 }, // U+043A
    { 17, 18, 300, 0, 18, 77, 6330 }, // U+043B
    { 19, 18, 300, 0, 18, 86, 6407 }, // U+043C
    { 15, 18, 300, 2, 18, 68, 6493 }, // U+043D
    { 17, 18, 300, 1, 18, 77, 6561 }, // U+043E
    { 15, 18, 300, 2, 18, 68, 6638 }, // U+043F
    { 16, 24, 300, 2, 18, 96, 6706 }, // U+0440
    { 17, 18, 300, 1, 18, 77, 6802 }, // U+0441
    { 17, 18, 300, 1, 18, 77, 6879 }, // U+0442
    { 18, 24, 300, 0, 18, 108, 6956 }, // U+0443
    { 19, 33, 300, 0, 27, 157, 7064 }, // U+0444
    { 19, 18, 300, 0, 18, 86, 7221 }, // U+0445
    { 16, 23, 300, 2, 18, 92, 7307 }, // U+0446
    { 16, 18, 300, 1, 18, 72, 7399 }, // U+0447
    { 17, 18, 300, 1, 18, 77, 7471 }, // U+0448
    { 18, 23, 300, 1, 18, 104, 7548 }, // U+0449
    { 18, 18, 300, 0, 18, 81, 7652 }, // U+044A
    { 17, 18, 300, 1, 18, 77, 7733 }, // U+044B
    { 16, 18, 300, 2, 18, 72, 7810 }, // U+044C
    { 18, 18, 300, 0, 18, 81, 7882 }, // U+044D
    { 19, 18, 300, 0, 18, 86, 7963 }, // U+044E
    { 18, 18, 300, 0, 18, 81, 8049 }, // U+044F
    { 17, 26, 300, 1, 26, 111, 8130 }, // U+0450
    { 17, 26, 300, 1, 26, 111, 8241 }, // U+0451
    { 17, 33, 300, 0, 27, 141, 8352 }, // U+0452
    { 14, 26, 300, 3, 26, 91, 8493 }, // U+0453
    { 17, 18, 300, 1, 18, 77, 8584 }, // U+0454
    { 15, 18, 300, 2, 18, 68, 8661 }, // U+0455
    { 17, 26, 300, 1, 26, 111, 8729 }, // U+0456
    { 17, 26, 300, 1, 26, 111, 8840 }, // U+0457
    { 15, 32, 300, 1, 26, 120, 8951 }, // U+0458
    { 19, 18, 300, 0, 18, 86, 9071 }, // U+0459
    { 18, 18, 300, 1, 18, 81, 9157 }, // U+045A
    { 17, 26, 300, 0, 26, 111, 9238 }, // U+045B
    { 17, 26, 300, 2, 26, 111, 9349 }, // U+045C
    { 15, 26, 300, 2, 26, 98, 9460 }, // U+045D
    { 18, 32, 300, 0, 26, 144, 9558 }, // U+045E
    { 15, 23, 300, 2, 18, 87, 9702 }, // U+045F
    { 18, 25, 300, 0, 25, 113, 9789 }, // U+0462
    { 18, 27, 300, 0, 27, 122, 9902 }, // U+0463
    { 17, 24, 300, 1, 24, 102, 10024 }, // U+0472
    { 17, 18, 300, 1, 18, 77, 10126 }, // U+0473
    { 20, 24, 300, 0, 24, 120, 10203 }, // U+0474
    { 20, 18, 300, 0, 18, 90, 10323 }, // U+0475
    { 18, 38, 300, 1, 32, 171, 10413 }, // U+048A
    { 17, 32, 300, 2, 26, 136, 10584 }, // U+048B
    { 18, 24, 300, 0, 24, 108, 10720 }, // U+048C
    { 18, 18, 300, 0, 18, 81, 10828 }, // U+048D
    { 16, 24, 300, 2, 24, 96, 10909 }, // U+048E
    { 16, 24, 300, 2, 18, 96, 11005 }, // U+048F
    { 18, 28, 300, 1, 28, 126, 11101 }, // U+0490
    { 14, 22, 300, 3, 22, 77, 11227 }, // U+0491
    { 18, 24, 300, 1, 24, 108, 11304 }, // U+0492
    { 17, 18, 300, 0, 18, 77, 11412 }, // U+0493
    { 18, 30, 300, 1, 24, 135, 11489 }, // U+0494
    { 16, 24, 300, 2, 18, 96, 11624 }, // U+0495
    { 19, 30, 300, 0, 24, 143, 11720 }, // U+0496
    { 19, 23, 300, 0, 18, 110, 11863 }, // U+0497
    { 19, 30, 300, 0, 24, 143, 11973 }, // U+0498
    { 16, 24, 300, 1, 18, 96, 12116 }, // U+0499
    { 17, 30, 300, 1, 24, 128, 12212 }, // U+049A
    { 16, 23, 300, 2, 18, 92, 12340 }, // U+049B
    { 18, 24, 300, 1, 24, 108, 12432 }, // U+049C
    { 18, 18, 300, 1, 18, 81, 12540 }, // U+049D
    { 18, 26, 300, 1, 26, 117, 12621 }, // U+049E
    { 19, 20, 300, 0, 20, 95, 12738 }, // U+049F
    { 19, 24, 300, 0, 24, 114, 12833 }, // U+04A0
    { 19, 18, 300, 0, 18, 86, 12947 }, // U+04A1
    { 17, 30, 300, 1, 24, 128, 13033 }, // U+04A2
    { 16, 23, 300, 2, 18, 92, 13161 }, // U+04A3
    { 18, 24, 300, 1, 24, 108, 13253 }, // U+04A4
    { 17, 18, 300, 2, 18, 77, 13361 }, // U+04A5
    { 18, 30, 300, 1, 24, 135, 13438 }, // U+04A6
    { 18, 25, 300, 1, 18, 113, 13573 }, // U+04A7
    { 19, 30, 300, 0, 24, 143, 13686 }, // U+04A8
    { 19, 23, 300, 0, 18, 110, 13829 }, // U+04A9
    { 17, 30, 300, 1, 24, 128, 13939 }, // U+04AA
    { 17, 24, 300, 1, 18, 102, 14067 }, // U+04AB
    { 19, 30, 300, 0, 24, 143, 14169 }, // U+04AC
    { 17, 23, 300, 1, 18, 98, 14312 }, // U+04AD
    { 19, 24, 300, 0, 24, 114, 14410 }, // U+04AE
    { 19, 24, 300, 0, 18, 114, 14524 }, // U+04AF
    { 19, 24, 300, 0, 24, 114, 14638 }, // U+04B0
    { 19, 24, 300, 0, 18, 114, 14752 }, // U+04B1
    { 18, 30, 300, 0, 24, 135, 14866 }, // U+04B2
    { 18, 23, 300, 0, 18, 104, 15001 }, // U+04B3
    { 19, 30, 300, 0, 24, 143, 15105 }, // U+04B4
    { 18, 23, 300, 0, 18, 104, 15248 }, // U+04B5
    { 17, 30, 300, 1, 24, 128, 15352 }, // U+04B6
    { 17, 23, 300, 1, 18, 98, 15480 }, // U+04B7
    { 17, 24, 300, 1, 24, 102, 15578 }, // U+04B8
    { 17, 18, 300, 1, 18, 77, 15680 }, // U+04B9
    { 16, 24, 300, 2, 24, 96, 15757 }, // U+04BA
    { 15, 26, 300, 2, 26, 98, 15853 }, // U+04BB
    { 19, 24, 300, 0, 24, 114, 15951 }, // U+04BC
    { 18, 18, 300, 0, 18, 81, 16065 }, // U+04BD
    { 19, 29, 300, 0, 24, 138, 16146 }, // U+04BE
    { 18, 23, 300, 0, 18, 104, 16284 }, // U+04BF
    { 15, 24, 300, 2, 24, 90, 16388 }, // U+04C0
    { 19, 31, 300, 0, 31, 148, 16478 }, // U+04C1
    { 19, 26, 300, 0, 26, 124, 16626 }, // U+04C2
    { 18, 30, 300, 1, 24, 135, 16750 }, // U+04C3
    { 17, 24, 300, 2, 18, 102, 16885 }, // U+04C4
    { 18, 30, 300, 0, 24, 135, 16987 }, // U+04C5
    { 19, 24, 300, 0, 18, 114, 17122 }, // U+04C6
    { 17, 30, 300, 1, 24, 128, 17236 }, // U+04C7
    { 15, 24, 300, 2, 18, 90, 17364 }, // U+04C8
    { 17, 30, 300, 1, 24, 128, 17454 }, // U+04C9
    { 17, 24, 300, 2, 18, 102, 17582 }, // U+04CA
    { 17, 30, 300, 1, 24, 128, 17684 }, // U+04CB
    { 16, 23, 300, 1, 18, 92, 17812 }, // U+04CC
    { 19, 30, 300, 0, 24, 143, 17904 }, // U+04CD
    { 19, 24, 300, 0, 18, 114, 18047 }, // U+04CE
    { 15, 24, 300, 2, 24, 90, 18161 }, // U+04CF
    { 19, 31, 300, 0, 31, 148, 18251 }, // U+04D0
    { 16, 26, 300, 1, 26, 104, 18399 }, // U+04D1
    { 19, 31, 300, 0, 31, 148, 18503 }, // U+04D2
    { 16, 26, 300, 1, 26, 104, 18651 }, // U+04D3
    { 19, 24, 300, 0, 24, 114, 18755 }, // U+04D4
    { 19, 18, 300, 0, 18, 86, 18869 }, // U+04D5
    { 16, 31, 300, 2, 31, 124, 18955 }, // U+04D6
    { 17, 26, 300, 1, 26, 111, 19079 }, // U+04D7
    { 18, 24, 300, 0, 24, 108, 19190 }, // U+04D8
    { 17, 18, 300, 1, 18, 77, 19298 }, // U+04D9
    { 18, 31, 300, 0, 31, 140, 19375 }, // U+04DA
    { 17, 26, 300, 1, 26, 111, 19515 }, // U+04DB
    { 19, 31, 300, 0, 31, 148, 19626 }, // U+04DC
    { 19, 26, 300, 0, 26, 124, 19774 }, // U+04DD
    { 19, 31, 300, 0, 31, 148, 19898 }, // U+04DE
    { 16, 26, 300, 1, 26, 104, 20046 }, // U+04DF
    { 19, 24, 300, 0, 24, 114, 20150 }, // U+04E0
    { 16, 24, 300, 1, 18, 96, 20264 }, // U+04E1
    { 17, 30, 300, 1, 30, 128, 20360 }, // U+04E2
    { 15, 25, 300, 2, 25, 94, 20488 }, // U+04E3
    { 17, 31, 300, 1, 31, 132, 20582 }, // U+04E4
    { 15, 26, 300, 2, 26, 98, 20714 }, // U+04E5
    { 17, 31, 300, 1, 31, 132, 20812 }, // U+04E6
    { 17, 26, 300, 1, 26, 111, 20944 }, // U+04E7
    { 17, 24, 300, 1, 24, 102, 21055 }, // U+04E8
    { 17, 18, 300, 1, 18, 77, 21157 }, // U+04E9
    { 17, 31, 300, 1, 31, 132, 21234 }, // U+04EA
    { 17, 26, 300, 1, 26, 111, 21366 }, // U+04EB
    { 18, 31, 300, 1, 31, 140, 21477 }, // U+04EC
    { 18, 26, 300, 0, 26, 117, 21617 }, // U+04ED
    { 19, 30, 300, 0, 30, 143, 21734 }, // U+04EE
    { 18, 31, 300, 0, 25, 140, 21877 }, // U+04EF
    { 19, 31, 300, 0, 31, 148, 22017 }, // U+04F0
    { 18, 32, 300, 0, 26, 144, 22165 }, // U+04F1
    { 19, 32, 300, 0, 32, 152, 22309 }, // U+04F2
    { 19, 32, 300, 0, 26, 152, 22461 }, // U+04F3
    { 17, 31, 300, 1, 31, 132, 22613 }, // U+04F4
    { 16, 26, 300, 1, 26, 104, 22745 }, // U+04F5
    { 18, 29, 300, 1, 24, 131, 22849 }, // U+04F6
    { 14, 23, 300, 3, 18, 81, 22980 }, // U+04F7
    { 17, 31, 300, 1, 31, 132, 23061 }, // U+04F8
    { 17, 26, 300, 1, 26, 111, 23193 }, // U+04F9
    { 19, 32, 300, 0, 32, 152, 0 }, // U+1EF2
    { 18, 32, 300, 0, 26, 144, 152 }, // U+1EF3
    { 15, 4, 300, 2, 12, 15, 0 }, // U+2013
    { 19, 4, 300, 0, 12, 19, 15 }, // U+2014
    { 19, 4, 300, 0, 12, 19, 34 }, // U+2015
    { 9, 12, 300, 5, 27, 27, 53 }, // U+2018
    { 9, 12, 300, 5, 27, 27, 80 }, // U+2019
    { 10, 12, 300, 4, 6, 30, 107 }, // U+201A
    { 18, 10, 300, 1, 25, 45, 137 }, // U+201C
    { 17, 10, 300, 1, 27, 43, 182 }, // U+201D
    { 18, 11, 300, 0, 5, 50, 225 }, // U+201E
    { 15, 29, 300, 2, 24, 109, 275 }, // U+2020
    { 15, 29, 300, 2, 24, 109, 384 }, // U+2021
    { 11, 11, 300, 4, 18, 31, 493 }, // U+2022
    { 18, 4, 300, 1, 4, 18, 524 }, // U+2026
    { 19, 24, 300, 0, 24, 114, 542 }, // U+2030
    { 10, 18, 300, 5, 18, 45, 656 }, // U+2039
    { 11, 17, 300, 5, 19, 47, 701 }, // U+203A
    { 19, 24, 300, 0, 24, 114, 748 }, // U+2044
    { 13, 15, 300, 3, 26, 49, 0 }, // U+2070
    { 12, 14, 300, 3, 24, 42, 49 }, // U+2074
    { 11, 14, 300, 4, 24, 39, 91 }, // U+2075
    { 12, 14, 300, 3, 24, 42, 130 }, // U+2076
    { 11, 14, 300, 4, 24, 39, 172 }, // U+2077
    { 11, 14, 300, 4, 24, 39, 211 }, // U+2078
    { 12, 14, 300, 4, 24, 42, 250 }, // U+2079
    { 13, 15, 300, 3, 16, 49, 292 }, // U+2080
    { 13, 14, 300, 4, 14, 46, 341 }, // U+2081
    { 11, 14, 300, 4, 14, 39, 387 }, // U+2082
    { 11, 14, 300, 4, 14, 39, 426 }, // U+2083
    { 12, 14, 300, 3, 14, 42, 465 }, // U+2084
    { 11, 14, 300, 4, 14, 39, 507 }, // U+2085
    { 12, 14, 300, 3, 14, 42, 546 }, // U+2086
    { 11, 14, 300, 4, 14, 39, 588 }, // U+2087
    { 11, 14, 300, 4, 14, 39, 627 }, // U+2088
    { 12, 14, 300, 4, 14, 42, 666 }, // U+2089
    { 18, 24, 300, 1, 24, 108, 0 }, // U+20AC
    { 19, 24, 300, 0, 24, 114, 108 }, // U+20AE
    { 19, 24, 300, 0, 24, 114, 222 }, // U+20B4
    { 18, 24, 300, 1, 24, 108, 336 }, // U+20B9
    { 17, 26, 300, 1, 26, 111, 0 }, // U+2202
    { 19, 24, 300, 0, 24, 114, 111 }, // U+2206
    { 17, 28, 300, 1, 24, 119, 225 }, // U+220F
    { 17, 28, 300, 1, 24, 119, 344 }, // U+2211
    { 17, 4, 300, 1, 12, 17, 463 }, // U+2212
    { 19, 24, 300, 0, 24, 114, 480 }, // U+2215
    { 7, 5, 300, 6, 14, 9, 594 }, // U+2219
    { 19, 27, 300, 0, 27, 129, 603 }, // U+221A
    { 19, 12, 300, 0, 15, 57, 732 }, // U+221E
    { 17, 32, 300, 1, 26, 136, 789 }, // U+222B
    { 19, 15, 300, 0, 18, 72, 925 }, // U+2248
    { 17, 20, 300, 1, 20, 85, 997 }, // U+2260
    { 17, 21, 300, 1, 21, 90, 1082 }, // U+2264
    { 17, 21, 300, 1, 21, 90, 1172 }, // U+2265
    { 19, 26, 300, 0, 26, 124, 0 }, // U+FB01
    { 19, 26, 300, 0, 26, 124, 124 }, // U+FB02
    { 19, 18, 300, 0, 18, 86, 0 }, // U+FFFD
};

static const EpdUnicodeInterval ubuntumono_18_boldIntervals[] = {
    { 0x0, 0x0, 0x0 },
    { 0x8, 0x9, 0x1 },
    { 0xD, 0xD, 0x3 },
    { 0x1D, 0x1D, 0x4 },
    { 0x20, 0x7E, 0x5 },
    { 0xA0, 0xFF, 0x64 },
    { 0x100, 0x17F, 0xC4 },
    { 0x1A0, 0x1A1, 0x144 },
    { 0x1AF, 0x1B0, 0x146 },
    { 0x1C4, 0x21F, 0x148 },
    { 0x311, 0x311, 0x1A4 },
    { 0x400, 0x45F, 0x1A5 },
    { 0x462, 0x463, 0x205 },
    { 0x472, 0x475, 0x207 },
    { 0x48A, 0x4F9, 0x20B },
    { 0x1EF2, 0x1EF3, 0x27B },
    { 0x2013, 0x2015, 0x27D },
    { 0x2018, 0x201A, 0x280 },
    { 0x201C, 0x201E, 0x283 },
    { 0x2020, 0x2022, 0x286 },
    { 0x2026, 0x2026, 0x289 },
    { 0x2030, 0x2030, 0x28A },
    { 0x2039, 0x203A, 0x28B },
    { 0x2044, 0x2044, 0x28D },
    { 0x2070, 0x2070, 0x28E },
    { 0x2074, 0x2079, 0x28F },
    { 0x2080, 0x2089, 0x295 },
    { 0x20AC, 0x20AC, 0x29F },
    { 0x20AE, 0x20AE, 0x2A0 },
    { 0x20B4, 0x20B4, 0x2A1 },
    { 0x20B9, 0x20B9, 0x2A2 },
    { 0x2202, 0x2202, 0x2A3 },
    { 0x2206, 0x2206, 0x2A4 },
    { 0x220F, 0x220F, 0x2A5 },
    { 0x2211, 0x2212, 0x2A6 },
    { 0x2215, 0x2215, 0x2A8 },
    { 0x2219, 0x221A, 0x2A9 },
    { 0x221E, 0x221E, 0x2AB },
    { 0x222B, 0x222B, 0x2AC },
    { 0x2248, 0x2248, 0x2AD },
    { 0x2260, 0x2260, 0x2AE },
    { 0x2264, 0x2265, 0x2AF },
    { 0xFB01, 0xFB02, 0x2B1 },
    { 0xFFFD, 0xFFFD, 0x2B3 },
};

static const EpdFontGroup ubuntumono_18_boldGroups[] = {
    { 0, 3342, 9378, 100, 0 },
    { 3342, 2863, 10641, 96, 100 },
    { 6205, 3463, 16907, 128, 196 },
    { 9668, 3520, 13023, 96, 324 },
    { 13188, 23, 20, 1, 420 },
    { 13211, 6288, 25511, 214, 421 },
    { 19499, 180, 320, 2, 635 },
    { 19679, 427, 949, 17, 637 },
    { 20106, 299, 764, 17, 654 },
    { 20405, 230, 480, 4, 671 },
    { 20635, 533, 1420, 14, 675 },
    { 21168, 99, 260, 2, 689 },
    { 21267, 78, 90, 1, 691 },
};

static const EpdFontData ubuntumono_18_bold = {
    ubuntumono_18_boldBitmaps,
    ubuntumono_18_boldGlyphs,
    ubuntumono_18_boldIntervals,
    44,
    38,
    32,
    -7,
    true,
    ubuntumono_18_boldGroups,
    13,
    nullptr,
    nullptr,
    nullptr,
    nullptr,
    0,
    0,
    0,
    0,
    nullptr,
    0,
};
