/**
 * generated by fontconvert.py
 * name: ubuntumono_12_regular
 * size: 12
 * mode: 2-bit  compressed: true
 * Command used: fontconvert.py ubuntumono_12_regular 12 ../builtinFonts/source/UbuntuMono/UbuntuMono-Regular.ttf --2bit --compress
 */
#pragma once
#include "EpdFontData.h"

static const uint8_t ubuntumono_12_regularBitmaps[12199] = {
    0x8D, 0x57, 0x31, 0x6F, 0xDC, 0xC8, 0x15, 0xFE, 0x48, 0x02, 0x62, 0x41, 0xC4, 0x6C, 0x52, 0x18,
    0xD1, 0x49, 0x74, 0xE1, 0xE2, 0x80, 0x48, 0xBB, 0x8D, 0x0B, 0x05, 0xE0, 0x2E, 0x99, 0x2A, 0x85,
    0x8B, 0xFC, 0x84, 0xA8, 0x48, 0x69, 0xE0, 0xB6, 0x30, 0x10, 0x22, 0x58, 0x79, 0x99, 0x34, 0xE9,
    0x2E, 0xFE, 0x07, 0xC9, 0x0F, 0xB8, 0x00, 0xC2, 0x81, 0x41, 0x36, 0xB0, 0x12, 0x8E, 0x9C, 0x22,
    0x65, 0x98, 0x73, 0x1F, 0x0C, 0xE0, 0x03, 0xAE, 0x39, 0x24, 0x93, 0xDC, 0x00, 0xB7, 0x82, 0x57,
    0x3B, 0xF9, 0xDE, 0x70, 0x57, 0x5A, 0x4B, 0xB2, 0x70, 0xD4, 0xB7, 0x2B, 0x72, 0x38, 0xF3, 0xE6,
    0xCD, 0x9B, 0xEF, 0x7D, 0x6F, 0x76, 0x34, 0xF2, 0x57, 0x7E, 0x70, 0x00, 0x8C, 0x66, 0x23, 0xD3,
    0x98, 0xE6, 0x54, 0xAE, 0xC9, 0x64, 0x82, 0xD3, 0x1C, 0xE6, 0x08, 0xE6, 0x39, 0x74, 0x33, 0x73,
    0x8E, 0x88, 0x94, 0x89, 0xCE, 0x75, 0xFC, 0xEB, 0xAE, 0x7F, 0x4C, 0xA3, 0x3A, 0x8D, 0xEB, 0x07,
    0x49, 0xB9, 0x97, 0x02, 0xA7, 0x6B, 0xEC, 0xB8, 0x7A, 0xE8, 0xD4, 0x28, 0x50, 0x53, 0x60, 0x0C,
    0x0C, 0xBF, 0x44, 0xEC, 0x4A, 0x7C, 0xD2, 0x21, 0x34, 0x80, 0x79, 0x1C, 0x9A, 0xD6, 0x75, 0xD9,
    0xEA, 0xBA, 0x7F, 0x56, 0x3F, 0xC0, 0x51, 0x97, 0x63, 0xA2, 0x9F, 0x63, 0x72, 0xAA, 0x31, 0xF9,
    0x5C, 0x61, 0xF2, 0x55, 0x89, 0xA3, 0x7F, 0x01, 0xD9, 0x1F, 0x16, 0xC0, 0x2F, 0x3E, 0x05, 0xBE,
    0x79, 0x8A, 0xF0, 0xEF, 0x09, 0xA2, 0xDF, 0x24, 0x48, 0xA3, 0xA7, 0xD8, 0x8B, 0x3E, 0xC5, 0x11,
    0x16, 0x08, 0x56, 0x34, 0x5E, 0xA7, 0x3F, 0x51, 0x69, 0x44, 0xD4, 0xC9, 0x6F, 0x11, 0x2D, 0x11,
    0xDB, 0xA3, 0xF4, 0xE4, 0x28, 0xCF, 0x9A, 0x3C, 0x36, 0x79, 0x68, 0xC6, 0xC9, 0x22, 0x73, 0xD3,
    0x78, 0x31, 0xB0, 0xD6, 0xCA, 0xBA, 0xF0, 0x10, 0x27, 0x81, 0x8D, 0xBA, 0xB4, 0xCC, 0x70, 0x88,
    0xFC, 0xEA, 0xEF, 0x10, 0x19, 0xD2, 0x3A, 0xEA, 0x02, 0x8B, 0x13, 0x7C, 0xF4, 0x10, 0x05, 0x52,
    0x15, 0x69, 0x58, 0x4C, 0xFD, 0xCB, 0x7D, 0xFF, 0x27, 0x03, 0xA6, 0xB0, 0xA1, 0x4E, 0x55, 0x41,
    0x43, 0x7C, 0xCB, 0x15, 0x3C, 0x39, 0xFD, 0xFD, 0xEC, 0x95, 0xF9, 0xC1, 0xAA, 0x0C, 0x38, 0xF9,
    0x3F, 0x90, 0x3E, 0xAD, 0x77, 0x42, 0xC8, 0x75, 0xFA, 0x1E, 0x9C, 0xB3, 0xC4, 0x8D, 0xC6, 0x58,
    0xA5, 0x3A, 0xD6, 0x71, 0x57, 0xD4, 0x3F, 0x42, 0x6B, 0x5A, 0x33, 0x46, 0x2B, 0x51, 0x0B, 0x34,
    0xA2, 0x0E, 0x91, 0x42, 0x5C, 0x23, 0x2D, 0xC1, 0xF0, 0xEE, 0x73, 0x7B, 0xC0, 0xD9, 0x51, 0xF9,
    0x59, 0xCD, 0x7D, 0x5D, 0xC2, 0x4B, 0xA4, 0xAE, 0x1E, 0xC7, 0xDD, 0x34, 0x34, 0x73, 0x98, 0x06,
    0xC6, 0x36, 0xD6, 0x2E, 0x2C, 0xBF, 0x79, 0xCF, 0x16, 0xB6, 0xF3, 0x2D, 0xFB, 0xB0, 0x27, 0x07,
    0xD0, 0xEF, 0x6C, 0x89, 0x62, 0x8A, 0x8F, 0x73, 0x3F, 0xFE, 0x2E, 0x64, 0xCE, 0x10, 0xC9, 0x25,
    0x66, 0xAE, 0x7E, 0x92, 0x74, 0x32, 0x77, 0xE8, 0xA7, 0x4F, 0x6A, 0x99, 0xB8, 0x42, 0xA8, 0xBD,
    0x27, 0xBE, 0x7B, 0xE1, 0xCC, 0xCC, 0x77, 0x2E, 0x5C, 0xFD, 0x71, 0xA2, 0xD6, 0x8E, 0x26, 0x2A,
    0x5A, 0x21, 0x22, 0x19, 0x38, 0x3C, 0x30, 0x7E, 0x0D, 0xE6, 0x71, 0xAC, 0x67, 0x4E, 0x65, 0x74,
    0x83, 0xF4, 0x48, 0x0C, 0x86, 0x06, 0x53, 0x03, 0x63, 0xC8, 0xB4, 0xB8, 0x34, 0x29, 0xCC, 0x01,
    0x4C, 0xE1, 0x56, 0x84, 0xF4, 0xDF, 0x20, 0x75, 0x5A, 0x00, 0xF4, 0x78, 0xC0, 0xEF, 0x05, 0x3D,
    0xAC, 0xB1, 0xBB, 0xB1, 0x0C, 0xB1, 0x5C, 0x38, 0xB5, 0x4B, 0xCB, 0xBB, 0x2A, 0x70, 0x5D, 0x6C,
    0x25, 0x4A, 0x63, 0xEF, 0xDE, 0x8B, 0x15, 0x48, 0xC2, 0x3F, 0x87, 0x66, 0x1D, 0x0D, 0x98, 0x71,
    0xA4, 0x33, 0xA7, 0xC2, 0x15, 0x57, 0x67, 0x09, 0x31, 0xD2, 0x2F, 0x8D, 0xD6, 0x0F, 0xFD, 0x98,
    0xF9, 0x75, 0xD8, 0xFB, 0x75, 0x13, 0x3B, 0x2B, 0x4E, 0xAA, 0xC6, 0xB1, 0xAE, 0xC4, 0x88, 0x1E,
    0x85, 0xDD, 0xF0, 0x3F, 0x65, 0xE2, 0xCA, 0xC1, 0xCF, 0xBA, 0x2A, 0x10, 0xE3, 0xC4, 0x49, 0x48,
    0xFF, 0xBB, 0x98, 0x44, 0xBD, 0xC4, 0xD0, 0xD5, 0xA3, 0xB8, 0x9B, 0x07, 0xEB, 0x79, 0x4F, 0x02,
    0xBE, 0x32, 0xF1, 0xCA, 0x48, 0xEC, 0x18, 0xA2, 0x54, 0x05, 0x2D, 0x0A, 0x6E, 0x44, 0x8D, 0x35,
    0x0D, 0xAE, 0xAE, 0xFE, 0x39, 0xAD, 0x87, 0x2A, 0xAD, 0xAF, 0x5B, 0xD3, 0x3A, 0x53, 0xA9, 0x4A,
    0x6A, 0x87, 0x86, 0x4F, 0x13, 0xEC, 0xDA, 0xD0, 0xBD, 0x9C, 0x69, 0x70, 0xCD, 0xB3, 0x1A, 0xF1,
    0x05, 0xFF, 0x75, 0x4C, 0x07, 0xBE, 0x5A, 0x73, 0x6F, 0x73, 0xF5, 0x8F, 0x3F, 0x07, 0x5A, 0x86,
    0x8C, 0xBD, 0x3F, 0xE1, 0xA2, 0x2C, 0x32, 0x13, 0xB8, 0x72, 0x68, 0xF1, 0x57, 0xE0, 0x98, 0xB9,
    0x67, 0xD1, 0xAE, 0x70, 0x3C, 0xDC, 0x04, 0xF9, 0x50, 0x62, 0x20, 0x8E, 0x92, 0x71, 0xE5, 0xDA,
    0x4E, 0xAC, 0x90, 0x76, 0xF2, 0xCD, 0x81, 0x89, 0xD3, 0xD9, 0x8F, 0x4D, 0x8E, 0x79, 0x85, 0xAA,
    0xC9, 0x16, 0xA6, 0x5D, 0x18, 0x5B, 0xFD, 0x57, 0x0B, 0x78, 0x63, 0xDB, 0xC5, 0x3C, 0xB3, 0x8C,
    0xA3, 0xD8, 0x63, 0xFC, 0x5C, 0x27, 0xBE, 0x15, 0xB4, 0xD1, 0xF2, 0xF3, 0xAE, 0x44, 0xF0, 0x56,
    0x21, 0xFC, 0x1B, 0xC3, 0x7A, 0x4E, 0x1E, 0x95, 0xE4, 0x02, 0x63, 0x9D, 0xE2, 0x39, 0x89, 0xBC,
    0x60, 0xDC, 0x96, 0x3E, 0x07, 0x73, 0x32, 0xAD, 0x62, 0x9A, 0x36, 0x7C, 0x33, 0xBB, 0xE0, 0x1E,
    0xD6, 0x4D, 0xD2, 0x35, 0xA1, 0x6E, 0xC2, 0xAE, 0x49, 0x54, 0xEB, 0x7C, 0x4B, 0xAC, 0x7D, 0xE0,
    0x85, 0xE9, 0x4D, 0x4C, 0xB1, 0x51, 0x33, 0x52, 0xA7, 0x7D, 0x19, 0x93, 0xBF, 0xF5, 0x84, 0xF9,
    0x31, 0xDD, 0xEC, 0x65, 0x8F, 0xC6, 0xB7, 0xB0, 0x7D, 0x58, 0x1F, 0x27, 0xCE, 0x06, 0x6D, 0x37,
    0xE3, 0xC2, 0x5D, 0xD9, 0x64, 0x4A, 0x2C, 0xAF, 0x4D, 0x35, 0x1B, 0x78, 0xB3, 0x6C, 0xDF, 0xE5,
    0x74, 0xA5, 0xEF, 0xC9, 0x1B, 0xD5, 0x78, 0x3B, 0x3D, 0xBC, 0x1B, 0xD8, 0x6E, 0xF1, 0x8D, 0xDA,
    0xE3, 0x76, 0xE7, 0x52, 0xE6, 0x02, 0x6E, 0x63, 0xE3, 0xF3, 0xF1, 0xF8, 0xA6, 0xCF, 0xE2, 0xC9,
    0x14, 0xCD, 0x08, 0x4D, 0x56, 0x5B, 0xEF, 0xB3, 0x36, 0x68, 0x6E, 0xA0, 0xDF, 0xE2, 0xDB, 0xED,
    0xFE, 0x55, 0x49, 0x44, 0x3E, 0x87, 0xEF, 0x41, 0xDF, 0xAD, 0x4F, 0x35, 0xD9, 0xF8, 0x3B, 0xD0,
    0x6B, 0x40, 0xF7, 0x24, 0x51, 0x33, 0x57, 0x66, 0x17, 0xDC, 0x1C, 0x5B, 0x45, 0xBA, 0x4A, 0x54,
    0x35, 0x44, 0x75, 0x86, 0x5F, 0x1A, 0xD9, 0x64, 0x12, 0xB2, 0x5A, 0xA0, 0x1A, 0xA3, 0x4A, 0xCB,
    0x2A, 0x56, 0x55, 0x68, 0xA4, 0x1B, 0xA6, 0x77, 0xAE, 0xFA, 0x36, 0xFA, 0xD0, 0xA5, 0x98, 0xA7,
    0xE5, 0x32, 0x3B, 0x5F, 0xEE, 0xBF, 0xFE, 0xFA, 0xF0, 0xED, 0x67, 0x07, 0xEF, 0x9E, 0x1D, 0xB4,
    0x7B, 0xF9, 0x78, 0x2F, 0x1F, 0xED, 0xE5, 0xE8, 0xB1, 0x7F, 0x85, 0x33, 0x98, 0xBF, 0xC0, 0xB4,
    0x44, 0x69, 0xFE, 0xA4, 0xCC, 0x1F, 0x35, 0xAB, 0x9A, 0x69, 0x9E, 0x9B, 0x26, 0x37, 0xCD, 0x9E,
    0x69, 0x52, 0xD3, 0x24, 0xA6, 0x89, 0xB8, 0x8F, 0x92, 0x88, 0x41, 0x5B, 0x33, 0xCE, 0xE9, 0xAF,
    0x16, 0x03, 0xE4, 0x24, 0x59, 0x6F, 0x61, 0x8A, 0x6C, 0x63, 0xED, 0x90, 0xED, 0x7C, 0xCB, 0x3E,
    0xEC, 0x39, 0x5C, 0x51, 0xD2, 0x94, 0x14, 0x16, 0x10, 0xD6, 0xC3, 0xF0, 0x91, 0x8D, 0xC5, 0xEA,
    0xA6, 0x68, 0x7E, 0x47, 0xCB, 0x09, 0x2D, 0x53, 0xBA, 0x48, 0xC1, 0xEC, 0x25, 0xE2, 0x25, 0xF0,
    0x6C, 0xC3, 0x6D, 0xCF, 0xC0, 0xC0, 0x83, 0x37, 0xC2, 0xF0, 0xB2, 0xBD, 0x44, 0x33, 0x40, 0x93,
    0x94, 0x4D, 0xA4, 0xA4, 0x9D, 0xB5, 0x68, 0x55, 0x66, 0xAE, 0x1B, 0x07, 0xAA, 0x9F, 0x94, 0x6C,
    0xC9, 0xBE, 0x44, 0xE8, 0x48, 0xE8, 0x75, 0xC9, 0x25, 0x9E, 0x84, 0xD4, 0xE3, 0x6E, 0x57, 0x9C,
    0xF7, 0x52, 0x3A, 0xC2, 0x77, 0x81, 0x85, 0xBD, 0x07, 0xBD, 0x86, 0xBD, 0x88, 0x0D, 0xAB, 0x3D,
    0xE5, 0x6D, 0xCE, 0x9C, 0xE4, 0xDA, 0xE8, 0xC2, 0x80, 0x43, 0x47, 0xCC, 0xD4, 0x9C, 0x2D, 0x15,
    0x3F, 0x0D, 0x75, 0x94, 0x72, 0x7A, 0xCE, 0xCF, 0x6B, 0xBA, 0xC4, 0x3C, 0xC7, 0xB7, 0xFC, 0xB0,
    0x0E, 0xF8, 0xDC, 0xF7, 0x92, 0xBC, 0xBF, 0x05, 0xBF, 0x9B, 0x23, 0xBF, 0xB9, 0xAF, 0x3E, 0x3A,
    0x78, 0xFB, 0xEC, 0xF0, 0xCD, 0x67, 0x83, 0xD7, 0x5F, 0x67, 0xF5, 0x32, 0x2B, 0x17, 0xA4, 0x01,
    0x8D, 0x67, 0x98, 0xD2, 0x64, 0xF4, 0x5A, 0x87, 0xDF, 0x28, 0xB1, 0x33, 0xF3, 0x56, 0x5A, 0x04,
    0xEF, 0x54, 0xF4, 0xA6, 0x8B, 0x15, 0xEB, 0xC6, 0xDC, 0xC7, 0x7C, 0x20, 0x1E, 0x8D, 0xE8, 0xD1,
    0xC0, 0x7B, 0x33, 0xEF, 0x3D, 0xF9, 0x82, 0xCC, 0xDD, 0x78, 0xC0, 0xA1, 0xB2, 0xD8, 0xBB, 0x3E,
    0x33, 0x5F, 0xC4, 0x7C, 0x5D, 0x53, 0x22, 0x80, 0x03, 0x9F, 0x87, 0x46, 0x28, 0x7F, 0xD5, 0x90,
    0x0B, 0x3F, 0x2D, 0x31, 0x5B, 0xCC, 0x16, 0x14, 0xBE, 0x7B, 0xFE, 0xA4, 0x47, 0xEE, 0x0D, 0xEF,
    0xF7, 0x92, 0x5A, 0x4A, 0xBD, 0x8C, 0x7C, 0x71, 0x64, 0x51, 0x91, 0x7D, 0xB2, 0xBE, 0xBA, 0x7F,
    0xA8, 0x53, 0xA8, 0x8B, 0x65, 0xB1, 0xDC, 0x3A, 0xB1, 0xDC, 0xF1, 0xE7, 0x7B, 0x58, 0x84, 0x4B,
    0x44, 0xFF, 0x46, 0xFA, 0xD3, 0x32, 0x8B, 0x55, 0x1E, 0x76, 0xDC, 0xA7, 0x09, 0x8E, 0x9D, 0x4F,
    0x68, 0x57, 0x3E, 0xC2, 0x19, 0x5D, 0xDF, 0x41, 0xBA, 0xA2, 0xB8, 0x52, 0xCC, 0x75, 0x3F, 0x3D,
    0xA9, 0x3A, 0x74, 0x52, 0x93, 0xAE, 0x2B, 0x93, 0x7B, 0x79, 0x83, 0xD1, 0x63, 0x4F, 0xFF, 0x51,
    0xAC, 0x37, 0xF4, 0x6F, 0x3C, 0x6C, 0x1E, 0x30, 0x09, 0xA4, 0xDC, 0x0E, 0x2F, 0xC9, 0x7A, 0x0A,
    0x86, 0x29, 0xCA, 0xB5, 0x68, 0xF5, 0x49, 0x3C, 0xF7, 0xB1, 0x63, 0x63, 0x2A, 0x69, 0xC4, 0xE9,
    0xFC, 0xA4, 0x1B, 0xC4, 0x2B, 0x56, 0x5F, 0xCD, 0x3A, 0x3A, 0x0F, 0xB4, 0x0D, 0xB4, 0xF1, 0xE0,
    0xCD, 0x59, 0xA0, 0xC7, 0x81, 0xBC, 0x62, 0x59, 0x0B, 0xFB, 0x5A, 0x1B, 0x69, 0xBA, 0x67, 0x61,
    0x36, 0xF2, 0x26, 0x96, 0xC7, 0x78, 0xC9, 0x0C, 0x08, 0x99, 0x43, 0x3C, 0x6C, 0xBA, 0x65, 0x68,
    0x1E, 0xF6, 0xE5, 0xB9, 0xDF, 0xC0, 0xFE, 0xFE, 0x43, 0xA0, 0x65, 0x99, 0xDA, 0xCF, 0xB5, 0x3D,
    0x35, 0x3D, 0x79, 0xB1, 0xA3, 0x87, 0x4E, 0x7C, 0xA3, 0x87, 0x8F, 0x63, 0x2A, 0x5C, 0x3D, 0xBC,
    0xB8, 0x99, 0xE2, 0xC5, 0x5A, 0x0F, 0xBA, 0x3C, 0xD4, 0x79, 0xA0, 0x25, 0x0E, 0xB7, 0xC0, 0xAD,
    0x8B, 0x8D, 0x6C, 0x60, 0x7F, 0xB5, 0x46, 0x10, 0xDC, 0x82, 0x27, 0xC0, 0x23, 0x79, 0x37, 0xD4,
    0x64, 0xAD, 0xD4, 0xC6, 0x6C, 0x53, 0xE7, 0x79, 0xC6, 0xE5, 0xEA, 0xE2, 0x7B, 0x91, 0xD4, 0xDF,
    0xCF, 0xCA, 0xC2, 0x61, 0x77, 0x71, 0xEB, 0xF0, 0x26, 0xBB, 0xD3, 0xE5, 0x59, 0x99, 0x9F, 0x60,
    0x6C, 0x51, 0x74, 0x18, 0x1B, 0xE4, 0x67, 0xC8, 0x99, 0xAD, 0xC2, 0x0F, 0x6E, 0xE5, 0xE2, 0x43,
    0x5E, 0xDD, 0xE3, 0x64, 0xFB, 0x3B, 0xE5, 0x9C, 0xE1, 0xD1, 0xD2, 0x9C, 0x56, 0xA6, 0xD9, 0x02,
    0xAE, 0xF1, 0xC3, 0xF7, 0xE2, 0x63, 0xEE, 0x04, 0xCF, 0xA0, 0xFD, 0x29, 0x8A, 0x07, 0x23, 0xEA,
    0x4A, 0x5F, 0xA3, 0x78, 0xC3, 0x47, 0x36, 0xCA, 0xB1, 0x8C, 0x27, 0xA7, 0xCB, 0xDE, 0x8E, 0x37,
    0xB2, 0x4D, 0x3C, 0x98, 0x91, 0x27, 0xDE, 0xF8, 0x7D, 0xF5, 0xBD, 0x67, 0x5B, 0xC7, 0xA1, 0x30,
    0xAA, 0xDF, 0xD6, 0x2B, 0xEC, 0xBA, 0x9A, 0xFB, 0x7B, 0xE2, 0xF3, 0xEF, 0x43, 0xE0, 0x0F, 0x9B,
    0x4C, 0x7E, 0xD8, 0xD4, 0x79, 0xCF, 0xE4, 0x0B, 0x88, 0x6C, 0x27, 0x1C, 0x4E, 0x7D, 0xA5, 0x0F,
    0xA2, 0xAF, 0xE1, 0x16, 0xB5, 0xEE, 0xA1, 0x5F, 0xA8, 0x1F, 0x05, 0x94, 0x96, 0x99, 0x9E, 0x06,
    0x77, 0xC0, 0x13, 0x49, 0x17, 0x1B, 0xE6, 0x53, 0xC6, 0xA8, 0x79, 0xD4, 0xD3, 0x54, 0x2A, 0xA8,
    0x8D, 0x7B, 0xE5, 0x7B, 0xA3, 0x82, 0x6F, 0xEB, 0xB5, 0xF8, 0x8D, 0xE4, 0x9C, 0xE4, 0xB5, 0x56,
    0x3E, 0x47, 0x07, 0x0F, 0x40, 0xF1, 0xA4, 0x18, 0xEC, 0xE1, 0xE0, 0xD5, 0x01, 0x0E, 0xDF, 0x3E,
    0xC3, 0xFE, 0x9B, 0x25, 0xD2, 0xF3, 0x05, 0x4F, 0x8C, 0x3C, 0x06, 0xF3, 0x67, 0x87, 0x54, 0x1E,
    0x9A, 0xA2, 0x9D, 0xAF, 0xA8, 0xA0, 0x5E, 0x3E, 0x69, 0xE7, 0x5D, 0x1D, 0x7D, 0xD1, 0x51, 0x22,
    0xA9, 0xAF, 0x39, 0x46, 0x03, 0x11, 0x5A, 0x4E, 0x9A, 0x27, 0x52, 0xB6, 0x2D, 0x4F, 0xE4, 0xE1,
    0x3F, 0x35, 0xFE, 0xD7, 0x89, 0x7A, 0xF3, 0x78, 0xC9, 0x10, 0x64, 0xFE, 0x54, 0x38, 0x45, 0x61,
    0xE4, 0xCC, 0x5A, 0x38, 0x09, 0x02, 0x4F, 0xF9, 0xD2, 0x3E, 0x12, 0x35, 0x5B, 0x4B, 0x67, 0x29,
    0x4A, 0xE9, 0xDF, 0x6A, 0xE1, 0x36, 0xBF, 0xCD, 0x76, 0xEC, 0xD7, 0x60, 0x82, 0x88, 0x91, 0x7A,
    0xAD, 0x87, 0xDB, 0x10, 0xD6, 0xF9, 0xB1, 0xA7, 0x77, 0x5D, 0xE4, 0x73, 0x61, 0xBD, 0x10, 0xDC,
    0xFE, 0xDD, 0xC2, 0x75, 0xA5, 0xCC, 0x26, 0xBD, 0xFE, 0x61, 0xB4, 0x8D, 0xB9, 0x8C, 0xE2, 0xD8,
    0x58, 0x7F, 0x2F, 0xBB, 0x3C, 0xCC, 0x87, 0xCB, 0xC7, 0xB1, 0xF9, 0x3F, 0xAD, 0x57, 0x31, 0x8F,
    0xE4, 0xB6, 0x15, 0xFE, 0x24, 0x01, 0x4B, 0x07, 0xBA, 0x1B, 0xA5, 0x48, 0xB1, 0x40, 0x76, 0x47,
    0x57, 0x5C, 0x97, 0x99, 0x95, 0x8B, 0x0D, 0xB2, 0x05, 0x67, 0xA4, 0xF3, 0x21, 0x48, 0x61, 0x24,
    0xF9, 0x0B, 0xDB, 0xA7, 0xB9, 0x62, 0x03, 0x2C, 0x90, 0xF1, 0x8D, 0xB6, 0xBA, 0x22, 0x88, 0x33,
    0x3F, 0xC0, 0x45, 0xBA, 0x74, 0xC1, 0x14, 0x93, 0x64, 0x0A, 0xDB, 0xA2, 0xCF, 0x85, 0x5B, 0xF9,
    0xAE, 0x48, 0x97, 0xC8, 0xB8, 0x22, 0x4D, 0x0A, 0xC2, 0x10, 0x70, 0x93, 0x78, 0x67, 0x99, 0x8F,
    0x94, 0x76, 0x76, 0x77, 0x72, 0x39, 0x68, 0x60, 0x6B, 0x3E, 0x72, 0x28, 0x92, 0x1F, 0x9F, 0xF8,
    0xF8, 0xDE, 0x23, 0x39, 0x9A, 0x8E, 0x80, 0xC1, 0x60, 0x30, 0x6A, 0x1F, 0x0C, 0xD0, 0xC0, 0x33,
    0x55, 0x64, 0xAA, 0x34, 0xC3, 0x04, 0x58, 0x00, 0xB5, 0xCB, 0x59, 0x4E, 0xB3, 0xD3, 0xC8, 0x68,
    0xDF, 0x54, 0x9B, 0x9E, 0x28, 0xCA, 0xC0, 0x68, 0x51, 0x9E, 0x86, 0x39, 0xA2, 0xAC, 0x85, 0x31,
    0x39, 0x11, 0x01, 0x37, 0x30, 0x75, 0x6C, 0xEA, 0x77, 0xB0, 0x3F, 0x2E, 0x3E, 0x89, 0xCC, 0x2A,
    0xBC, 0xD0, 0x11, 0xCE, 0x7A, 0x38, 0x61, 0x6E, 0xCB, 0x66, 0xC5, 0x7A, 0xB6, 0x4E, 0x10, 0x63,
    0xC4, 0x5F, 0x84, 0x73, 0x84, 0xB9, 0x46, 0xF0, 0xBC, 0x84, 0xF7, 0x5A, 0x51, 0x0A, 0x10, 0x9B,
    0x4B, 0x97, 0xD8, 0xEC, 0xD2, 0xF6, 0xFB, 0xFC, 0xFA, 0xC1, 0xAD, 0xB2, 0x6F, 0xB2, 0xC8, 0xA8,
    0xD8, 0x53, 0x47, 0x24, 0x64, 0x08, 0xFF, 0xCD, 0x2F, 0xC9, 0x65, 0x58, 0x9E, 0x78, 0x95, 0x44,
    0x95, 0xBE, 0x57, 0x46, 0x26, 0xF3, 0x0A, 0x36, 0x28, 0x04, 0xE5, 0x43, 0xA1, 0x52, 0x93, 0xFF,
    0x70, 0x8D, 0xC1, 0x70, 0x34, 0x1E, 0x0C, 0x51, 0x64, 0xE2, 0x42, 0xDF, 0xC7, 0xC9, 0x60, 0x7A,
    0x70, 0x5C, 0xDD, 0xFF, 0xB1, 0xEA, 0x11, 0x2C, 0xF0, 0x95, 0x95, 0xE2, 0x91, 0x66, 0x87, 0xA8,
    0xA6, 0x0E, 0x7A, 0xE1, 0x95, 0xEC, 0x9D, 0xF4, 0x64, 0x2F, 0x5C, 0xFB, 0x8F, 0x94, 0x78, 0xAC,
    0xA2, 0x30, 0x1B, 0xC5, 0x98, 0x70, 0x26, 0x31, 0x58, 0x66, 0x8D, 0xFF, 0x88, 0x1A, 0xA9, 0x09,
    0xA7, 0xC9, 0x3B, 0x28, 0x74, 0xA1, 0x6F, 0x44, 0x7D, 0x7A, 0x70, 0xFC, 0xEA, 0x77, 0xC7, 0xAF,
    0x3E, 0x3C, 0x36, 0xBD, 0xE3, 0x7F, 0xDE, 0x1F, 0xBC, 0xFA, 0x68, 0x23, 0x8A, 0xF4, 0x3A, 0x51,
    0xF3, 0x79, 0x75, 0x3C, 0x9F, 0x27, 0x0A, 0x9C, 0xE6, 0x2D, 0xB4, 0x83, 0xDF, 0xAD, 0xE4, 0xD3,
    0xD4, 0x27, 0xEA, 0x0F, 0x1A, 0x73, 0xBF, 0x0A, 0xA9, 0x86, 0x73, 0x14, 0xF5, 0x54, 0x9D, 0x6A,
    0x54, 0x91, 0x82, 0xC6, 0xD9, 0x6C, 0x3E, 0x55, 0x7B, 0x54, 0xBB, 0xC4, 0x13, 0x48, 0x6A, 0xE5,
    0xFF, 0x20, 0x25, 0x4C, 0x35, 0x36, 0x33, 0x09, 0x6C, 0xE0, 0x15, 0xAB, 0xD0, 0x5C, 0x26, 0xEB,
    0x41, 0xEA, 0x30, 0xBD, 0x2E, 0x44, 0xEB, 0x81, 0xBF, 0x1E, 0xE0, 0xF0, 0x6D, 0x18, 0x73, 0x4D,
    0xC7, 0x10, 0x99, 0x50, 0x81, 0x4A, 0x33, 0x91, 0x25, 0xD9, 0x1F, 0xB3, 0xA0, 0xFD, 0x71, 0xD8,
    0x1A, 0xE9, 0x1A, 0xCB, 0x18, 0x73, 0x61, 0xC1, 0x02, 0x5F, 0x59, 0x79, 0xFA, 0x10, 0x67, 0x12,
    0xB2, 0x8F, 0x7E, 0x94, 0x45, 0x42, 0x31, 0x67, 0x99, 0x35, 0xA7, 0xC7, 0x10, 0x40, 0x82, 0xDE,
    0xAF, 0x20, 0x05, 0xCE, 0x04, 0x2A, 0xE1, 0x2B, 0x21, 0x32, 0xF4, 0x9C, 0x91, 0x9E, 0x4D, 0xA0,
    0xFF, 0xE5, 0x3F, 0xFF, 0x28, 0x78, 0x76, 0x10, 0x85, 0xE6, 0x10, 0x07, 0x27, 0x38, 0x60, 0x23,
    0x92, 0xEC, 0x10, 0x3F, 0xC9, 0x4E, 0x10, 0x64, 0x73, 0x04, 0x8F, 0x4A, 0x04, 0x8F, 0x69, 0x07,
    0xEF, 0x53, 0x6F, 0xA4, 0xD9, 0x09, 0xE2, 0xD7, 0xB4, 0xAF, 0xAF, 0x7E, 0x01, 0x5F, 0x45, 0xFC,
    0xD4, 0x23, 0x56, 0xAF, 0x30, 0xF0, 0x2B, 0x9C, 0x05, 0xC6, 0x6A, 0x97, 0xFE, 0xC0, 0xA6, 0x9E,
    0xAF, 0x06, 0x71, 0x7E, 0xE6, 0x29, 0xED, 0x3D, 0x57, 0xE9, 0xCF, 0x32, 0x6B, 0xEF, 0x94, 0x79,
    0x62, 0x65, 0x7A, 0x2F, 0xAC, 0xCC, 0xD0, 0xC9, 0x94, 0x38, 0xF0, 0x68, 0xD2, 0x35, 0x98, 0xB7,
    0x8F, 0xB6, 0x08, 0x4A, 0xDA, 0x3A, 0x8E, 0xD0, 0x3A, 0xDB, 0x12, 0xF8, 0x60, 0x0F, 0xA9, 0xB1,
    0xC6, 0x8A, 0x07, 0xEC, 0xF4, 0x31, 0x53, 0xCC, 0xB4, 0xD7, 0x92, 0x52, 0x38, 0x7F, 0xC0, 0x37,
    0x19, 0xBC, 0x57, 0x0A, 0xFE, 0xE7, 0xFC, 0xE6, 0xCF, 0x2A, 0x7E, 0x9F, 0x46, 0xC8, 0xE1, 0xE8,
    0x52, 0x34, 0xF2, 0x15, 0x12, 0xFA, 0x86, 0xC4, 0x90, 0xA9, 0xCF, 0x45, 0x8F, 0x39, 0x74, 0xD4,
    0x8C, 0x61, 0xC7, 0xA2, 0x28, 0x9C, 0x7E, 0x07, 0xE3, 0xED, 0x93, 0xF7, 0x94, 0x86, 0xF0, 0x3A,
    0x87, 0x77, 0x91, 0x7F, 0xFB, 0xF1, 0xEA, 0x19, 0x02, 0xC3, 0x75, 0x78, 0x3F, 0xC7, 0xE6, 0xF9,
    0x16, 0xE3, 0xF9, 0x8C, 0x1F, 0xC1, 0xCB, 0xCA, 0xFD, 0x7F, 0x17, 0xE3, 0xD9, 0xB9, 0xE2, 0x05,
    0x0D, 0xE7, 0x25, 0xD3, 0xB4, 0x1D, 0xC7, 0xCE, 0xFD, 0x25, 0xC7, 0x79, 0xFE, 0xA6, 0x71, 0x2E,
    0xDF, 0x3C, 0x4E, 0x72, 0xC5, 0xEF, 0x60, 0xFA, 0x4D, 0xEE, 0xF8, 0xF8, 0x5B, 0x0E, 0xFF, 0x8B,
    0x1C, 0xC1, 0x17, 0x97, 0x08, 0x9E, 0x5D, 0x42, 0x88, 0xDC, 0x06, 0x2A, 0x97, 0xFA, 0x2C, 0x0F,
    0x99, 0xA4, 0x30, 0x2E, 0xA1, 0x98, 0x09, 0xA3, 0xE3, 0xFC, 0xC9, 0xC8, 0x2D, 0xE3, 0xD2, 0x85,
    0xE7, 0xFA, 0x56, 0x90, 0x66, 0x7D, 0x92, 0x9F, 0x86, 0xA6, 0xF6, 0x8A, 0x99, 0x35, 0xAB, 0x26,
    0x02, 0xAF, 0xE1, 0x03, 0x42, 0x39, 0xE3, 0x7B, 0xD7, 0xAA, 0xA1, 0x30, 0x8A, 0xB8, 0x1D, 0x8A,
    0x0A, 0x63, 0xB1, 0x15, 0x9F, 0x0A, 0x53, 0x11, 0x78, 0x68, 0xED, 0x90, 0x96, 0xEF, 0xE7, 0xBB,
    0x73, 0x39, 0x2F, 0xAA, 0x63, 0x82, 0x7B, 0xDF, 0xDB, 0x99, 0x7B, 0xD8, 0x43, 0x12, 0xE3, 0xB0,
    0xD7, 0x2E, 0xDD, 0x4E, 0xDC, 0x9B, 0xF9, 0x3E, 0x69, 0x42, 0x61, 0x46, 0xD0, 0xD9, 0xDE, 0x8E,
    0xA6, 0x9B, 0x75, 0xBC, 0xDA, 0xD5, 0x60, 0x67, 0xAE, 0x97, 0x43, 0x54, 0x88, 0xCF, 0xB1, 0xBF,
    0xBF, 0x33, 0x97, 0xBB, 0xCE, 0x68, 0xCC, 0xFD, 0xA7, 0x9D, 0xEF, 0x4E, 0xDC, 0xE8, 0x8A, 0xF6,
    0x52, 0x46, 0x3E, 0xB7, 0xD6, 0x65, 0x04, 0x19, 0x61, 0x54, 0xD4, 0x43, 0x22, 0x02, 0x31, 0x72,
    0x35, 0x4B, 0xDB, 0xCA, 0x3E, 0x57, 0x08, 0x5E, 0x70, 0x63, 0xCC, 0xEE, 0x1F, 0xB5, 0x82, 0x3E,
    0x86, 0xFE, 0x04, 0xBA, 0x20, 0x32, 0xFD, 0x57, 0xA5, 0xFF, 0x5C, 0xE9, 0x85, 0xD6, 0x8B, 0x33,
    0xBD, 0x90, 0x7A, 0x71, 0xA8, 0x17, 0x91, 0x5E, 0x84, 0x7A, 0x11, 0xE8, 0x85, 0xAF, 0x17, 0x34,
    0xED, 0x07, 0xCE, 0xCE, 0x18, 0x47, 0x84, 0xE5, 0x7A, 0x45, 0x4E, 0x83, 0x8C, 0x2E, 0x56, 0x47,
    0x90, 0x34, 0x74, 0xDA, 0x39, 0xC1, 0x9D, 0xBC, 0x29, 0xB0, 0x86, 0xF5, 0x6C, 0x65, 0x1F, 0xF6,
    0xB4, 0x56, 0xC8, 0x13, 0xC2, 0xA8, 0x35, 0xC2, 0xDD, 0xB8, 0xFB, 0xD6, 0x01, 0x19, 0x6B, 0x9A,
    0x50, 0xB3, 0x1B, 0xB7, 0x9E, 0x31, 0xB0, 0x6C, 0xE2, 0xCA, 0x4E, 0x5C, 0x46, 0x0F, 0x06, 0x91,
    0x4D, 0x0C, 0xD9, 0x89, 0xBB, 0x8F, 0x7C, 0x1C, 0x54, 0xD1, 0xEF, 0xF3, 0xE0, 0x0A, 0x1E, 0x9D,
    0x9B, 0x6B, 0xF4, 0xCB, 0x7C, 0x14, 0x54, 0x3F, 0xA0, 0x57, 0x14, 0xB5, 0x30, 0x75, 0x74, 0x71,
    0x79, 0x14, 0xAC, 0xA5, 0xF8, 0x93, 0x8C, 0xFA, 0xB2, 0x1F, 0x4F, 0x64, 0x2C, 0xCF, 0xFB, 0x52,
    0xF7, 0x47, 0xD5, 0x28, 0x51, 0x32, 0xBE, 0x58, 0xF1, 0xC0, 0xC5, 0x30, 0x70, 0x8F, 0x82, 0xA9,
    0x3C, 0xED, 0x1C, 0xDE, 0xD9, 0x55, 0x8D, 0xFA, 0x2D, 0xE0, 0x32, 0x2D, 0xA1, 0x9F, 0x0A, 0x9D,
    0x18, 0x25, 0x18, 0x68, 0xDE, 0x71, 0x71, 0x81, 0x31, 0x42, 0xED, 0xCE, 0x3D, 0x85, 0xB7, 0x82,
    0xF8, 0x3B, 0xF6, 0xF6, 0x76, 0xE6, 0x86, 0x61, 0xC6, 0xF9, 0x32, 0x6F, 0x54, 0xB7, 0x9B, 0x5C,
    0x9A, 0x8A, 0xB5, 0x15, 0x77, 0xC0, 0x7B, 0xB7, 0x19, 0xA0, 0x39, 0x20, 0x1E, 0xF1, 0x27, 0x19,
    0xD4, 0x96, 0xCD, 0x21, 0xF1, 0x05, 0xC3, 0x92, 0x3D, 0x24, 0x9A, 0x36, 0x28, 0x8F, 0xDE, 0x9C,
    0x36, 0xC7, 0x16, 0x06, 0xDE, 0xD4, 0x94, 0xD2, 0xD7, 0x12, 0xB5, 0x83, 0x96, 0x42, 0xA7, 0x46,
    0xB1, 0x7E, 0xD3, 0x27, 0x58, 0xD3, 0x99, 0xB2, 0x71, 0xA8, 0x64, 0xA0, 0xA4, 0x50, 0xF4, 0x1D,
    0x39, 0x82, 0x5C, 0x3A, 0x3C, 0x85, 0x8C, 0x79, 0x26, 0x22, 0x71, 0x62, 0x91, 0x2D, 0xA5, 0xA9,
    0xE5, 0xB4, 0xDC, 0x5A, 0x1F, 0xE7, 0x8E, 0xCA, 0x86, 0x02, 0xAF, 0xE2, 0x36, 0x4F, 0x73, 0x48,
    0x8C, 0xFE, 0xC0, 0xB3, 0x53, 0x64, 0x9E, 0xF2, 0xD0, 0x6C, 0x66, 0x76, 0x59, 0xC6, 0x8E, 0x32,
    0xEB, 0x4C, 0xA1, 0xF3, 0xD1, 0x8E, 0xFE, 0x01, 0x3F, 0xE8, 0x4A, 0xD9, 0xF2, 0xF5, 0x2E, 0x94,
    0xAD, 0x75, 0xEB, 0x42, 0xA1, 0x8D, 0x04, 0x3F, 0xB7, 0x60, 0xA1, 0x23, 0x25, 0xFE, 0xB2, 0x8E,
    0xBF, 0xB9, 0xC4, 0x74, 0x88, 0x71, 0x8F, 0x41, 0x2A, 0x34, 0x26, 0x31, 0x46, 0x0E, 0x71, 0xD2,
    0xA7, 0x86, 0x7F, 0x9A, 0x98, 0xAB, 0xF0, 0xAB, 0xB5, 0x57, 0xF0, 0x2A, 0xA2, 0x9B, 0xAB, 0xC8,
    0xF2, 0x3A, 0xC0, 0x2F, 0xDB, 0xDB, 0x08, 0x45, 0xD0, 0xC9, 0x2A, 0xBB, 0x60, 0x9C, 0xDD, 0xA1,
    0x13, 0x7D, 0x77, 0x15, 0xFC, 0x2B, 0x5E, 0x12, 0x14, 0x5D, 0x90, 0x72, 0x6B, 0xE8, 0xE6, 0x3C,
    0xDC, 0xB4, 0x8F, 0x31, 0x8B, 0x4D, 0xE9, 0x73, 0x8B, 0xBD, 0xBB, 0x0A, 0x9D, 0x28, 0xD7, 0xAB,
    0x10, 0xF8, 0x5D, 0x29, 0xE2, 0x71, 0x1E, 0xFD, 0x96, 0xB7, 0x83, 0x36, 0x02, 0x75, 0xA1, 0x6C,
    0xED, 0x60, 0xF6, 0x9E, 0xA0, 0xED, 0xEB, 0x16, 0xEC, 0x31, 0xB2, 0xFE, 0xBE, 0x6D, 0x4B, 0xAA,
    0x9B, 0x8D, 0x2B, 0xEB, 0x4C, 0xB9, 0xDE, 0x9F, 0xF7, 0xEF, 0x75, 0xA5, 0x0C, 0x0E, 0x31, 0x4E,
    0xC1, 0xBC, 0xDD, 0x96, 0xBB, 0x48, 0xA1, 0x6E, 0x57, 0x4F, 0x90, 0x96, 0xBC, 0xCA, 0xF8, 0xCF,
    0x78, 0x54, 0x52, 0xE2, 0x3F, 0x65, 0xCC, 0x2B, 0x85, 0xA8, 0x26, 0xD6, 0xEF, 0xAB, 0x85, 0x57,
    0x2D, 0xFD, 0x6A, 0x12, 0x94, 0x74, 0xBA, 0xD8, 0x64, 0xFE, 0x6A, 0x7B, 0x8F, 0xFA, 0x91, 0x75,
    0x5B, 0x3A, 0x23, 0x3D, 0x97, 0xDE, 0xA7, 0xDF, 0x08, 0xCE, 0xC5, 0xCA, 0xA5, 0x71, 0xB8, 0xB9,
    0xF8, 0x6B, 0xA7, 0x64, 0x51, 0x2D, 0x3D, 0x2A, 0x99, 0xEA, 0x5D, 0x10, 0x2C, 0xF0, 0x95, 0x95,
    0x6C, 0x62, 0x87, 0xAD, 0xD0, 0xD8, 0x89, 0x72, 0x37, 0x22, 0x76, 0xA1, 0x6C, 0xCD, 0xA5, 0x0B,
    0x65, 0xCB, 0x07, 0x3B, 0x7D, 0x18, 0x7D, 0x63, 0xE5, 0x72, 0xDC, 0xDC, 0xFE, 0xDA, 0x97, 0xA6,
    0xC9, 0xBE, 0x3D, 0xF0, 0xD7, 0x73, 0x1A, 0x98, 0x1D, 0x2A, 0xD4, 0xF5, 0xB0, 0xD6, 0xE7, 0x76,
    0xB3, 0x7F, 0xAD, 0xEA, 0xC2, 0x0D, 0x45, 0x25, 0xFF, 0x65, 0xED, 0x6E, 0x07, 0x77, 0x5D, 0x69,
    0xE2, 0x55, 0xFF, 0x8B, 0xCD, 0xED, 0x90, 0x4B, 0xE9, 0x37, 0x01, 0xED, 0x96, 0x32, 0x3B, 0x51,
    0xEE, 0x2A, 0xB3, 0x0B, 0x65, 0x4B, 0x33, 0x9D, 0xA4, 0xD8, 0x73, 0x47, 0x6E, 0xBF, 0xED, 0xD8,
    0x52, 0x8E, 0xEC, 0xD5, 0xDC, 0x06, 0xF5, 0x30, 0x3B, 0x17, 0xAA, 0x0E, 0x94, 0xF6, 0xBF, 0xAC,
    0xF0, 0x75, 0x09, 0xEE, 0x23, 0xD3, 0xDC, 0x46, 0x16, 0x9E, 0x6E, 0x86, 0xD6, 0x90, 0x52, 0x8D,
    0x34, 0xC7, 0xED, 0x5B, 0x2F, 0x31, 0x76, 0xA6, 0x48, 0x5D, 0xD9, 0xBD, 0xC3, 0xEE, 0x20, 0x0B,
    0x07, 0xBB, 0x95, 0x8C, 0x9C, 0x02, 0xC7, 0x57, 0x77, 0xFA, 0x7B, 0x65, 0x15, 0x7C, 0xAD, 0x99,
    0x37, 0x1F, 0xBC, 0xAB, 0xF4, 0xFF, 0x02, 0xAD, 0x59, 0x4D, 0x8F, 0xDB, 0xD6, 0x15, 0x3D, 0x24,
    0x81, 0xA1, 0x33, 0x74, 0xCC, 0x2C, 0x07, 0x98, 0x8C, 0xE8, 0xC5, 0x2C, 0x0A, 0x74, 0x24, 0x75,
    0xE1, 0x85, 0x81, 0x52, 0x12, 0x93, 0x4D, 0x50, 0x14, 0xFD, 0x0F, 0xF3, 0x03, 0xB2, 0xC8, 0xC2,
    0x0B, 0xA1, 0x90, 0x2D, 0x66, 0xD1, 0x55, 0x37, 0xF3, 0x13, 0xFA, 0x03, 0xDA, 0x22, 0x0B, 0x06,
    0x15, 0x90, 0x49, 0x45, 0xC7, 0x8B, 0x2C, 0xBA, 0x61, 0xEC, 0x7D, 0xCD, 0xD6, 0x5D, 0x76, 0xF1,
    0x9C, 0x10, 0xB0, 0x0C, 0x6B, 0xF4, 0x7A, 0xEE, 0x23, 0x35, 0x23, 0x69, 0x34, 0x63, 0x52, 0xA9,
    0x7C, 0x9E, 0x86, 0x7A, 0x7C, 0xF7, 0x9E, 0xF7, 0x75, 0xEF, 0xBB, 0xF7, 0xD9, 0xD1, 0x19, 0x1C,
    0x96, 0xCB, 0xCF, 0x80, 0x65, 0xCA, 0xF2, 0x2E, 0x82, 0xF5, 0x2A, 0x85, 0xFD, 0x2C, 0x85, 0xF3,
    0x34, 0x87, 0x1B, 0x29, 0x78, 0x50, 0xF0, 0xF1, 0x08, 0xBE, 0x9E, 0xA1, 0xAB, 0xE7, 0x08, 0xD1,
    0x66, 0x69, 0x61, 0x88, 0x00, 0x09, 0xDF, 0x78, 0x3A, 0x26, 0x4A, 0x35, 0xFE, 0x82, 0xCD, 0x52,
    0xB8, 0x39, 0xAC, 0x1C, 0x50, 0xAE, 0x56, 0x5D, 0xAD, 0x1E, 0x5B, 0x6A, 0x02, 0xF9, 0x1E, 0x68,
    0xD6, 0x9C, 0xD9, 0x31, 0xF5, 0x3F, 0x4F, 0x01, 0x11, 0x7A, 0x82, 0xFF, 0x4B, 0x1F, 0xF6, 0x1D,
    0x78, 0xBF, 0x85, 0xB3, 0x80, 0x35, 0x43, 0xFD, 0x9E, 0xFC, 0x1C, 0x46, 0xF0, 0x19, 0x78, 0xC8,
    0x32, 0x94, 0xAE, 0x47, 0x4B, 0xBE, 0xEC, 0x66, 0x3E, 0x05, 0x37, 0x85, 0x1F, 0x89, 0x30, 0xBB,
    0x65, 0x43, 0x9E, 0x7B, 0xC0, 0x03, 0xD3, 0xDF, 0xE9, 0x19, 0x1B, 0x04, 0xF1, 0x17, 0xAC, 0x18,
    0x01, 0x13, 0xA0, 0x58, 0x22, 0x31, 0x35, 0xAC, 0xEF, 0xC6, 0xA7, 0x9E, 0x2E, 0xAC, 0x69, 0x86,
    0xBD, 0xA5, 0xEC, 0xAF, 0x44, 0xD4, 0x9A, 0xE6, 0xBE, 0x56, 0x83, 0xA8, 0x12, 0x4C, 0x0C, 0x26,
    0x46, 0x8A, 0x95, 0x7C, 0xC5, 0x06, 0xB8, 0x63, 0xE6, 0xF7, 0x4D, 0x8A, 0x34, 0x6E, 0x4C, 0x77,
    0x25, 0x9B, 0xD6, 0xA5, 0x6B, 0x19, 0x91, 0xD6, 0x72, 0x69, 0x1B, 0xD1, 0xAD, 0xCB, 0xD6, 0xA2,
    0xE3, 0xA0, 0xD8, 0x3D, 0x4A, 0xDD, 0x69, 0x4E, 0xC7, 0x41, 0xAD, 0xC8, 0xD6, 0xA1, 0x3B, 0xB8,
    0x0B, 0x7F, 0x04, 0x47, 0x01, 0x66, 0x2E, 0xC7, 0x05, 0xA6, 0x3A, 0x4A, 0x82, 0x34, 0xB1, 0xF3,
    0x04, 0x2A, 0x41, 0x91, 0x20, 0x59, 0xA2, 0x90, 0x1A, 0xD6, 0x1F, 0xA6, 0x6C, 0xC3, 0x96, 0xB0,
    0xBF, 0x8F, 0xE0, 0x98, 0x82, 0x65, 0x71, 0xDE, 0xA5, 0x66, 0xF3, 0xF4, 0xB9, 0x3F, 0x42, 0x27,
    0xC5, 0x88, 0x65, 0x58, 0x15, 0x79, 0x96, 0xBA, 0xAE, 0x53, 0xB6, 0xB1, 0x69, 0x35, 0x66, 0xAF,
    0x65, 0xBE, 0xAD, 0x7C, 0x4C, 0x7C, 0x84, 0x3E, 0x7A, 0xD3, 0xA2, 0x4D, 0xF8, 0x20, 0x7A, 0xA6,
    0x66, 0x22, 0x6F, 0xD9, 0x66, 0xC1, 0x11, 0x65, 0xB0, 0x33, 0x47, 0xCF, 0x09, 0x3E, 0xB8, 0xEF,
    0xB2, 0xAE, 0xCE, 0xFA, 0x6E, 0x36, 0xB1, 0xB3, 0xC2, 0xCE, 0x94, 0x01, 0x1F, 0xCE, 0xED, 0xAC,
    0xEF, 0x64, 0x81, 0xCE, 0x48, 0x10, 0x68, 0x10, 0xD5, 0xCA, 0x69, 0x76, 0x3C, 0x4D, 0x96, 0x33,
    0x91, 0x48, 0x8D, 0x60, 0xB5, 0xC6, 0x54, 0xE6, 0xC4, 0xAA, 0x2B, 0xB0, 0x17, 0x54, 0x92, 0xF6,
    0x9D, 0x9C, 0x16, 0x50, 0x40, 0x69, 0x5D, 0x10, 0xCA, 0xCC, 0x65, 0x1F, 0x67, 0x25, 0xD1, 0xDD,
    0x7B, 0xB8, 0xD7, 0x82, 0xC7, 0x7E, 0xA9, 0x5D, 0xE8, 0x5C, 0x27, 0x72, 0x3F, 0x8B, 0x1C, 0x76,
    0x75, 0x8E, 0xFA, 0xA4, 0x96, 0x82, 0x5D, 0xC0, 0xDA, 0x89, 0x51, 0x14, 0xCD, 0x8D, 0xBA, 0xDA,
    0x74, 0x4D, 0xF4, 0xD3, 0x29, 0xA7, 0xE2, 0x1E, 0x08, 0x2F, 0xAB, 0xA1, 0x3C, 0x85, 0x17, 0x89,
    0xA1, 0x74, 0x28, 0x92, 0x7E, 0xB0, 0x0F, 0xEF, 0x2F, 0x32, 0x34, 0x9C, 0x35, 0x1E, 0x97, 0xED,
    0xC0, 0x79, 0x69, 0x86, 0x76, 0xBF, 0xEE, 0xB8, 0x2E, 0xBD, 0x82, 0x15, 0xA7, 0x2B, 0x36, 0x77,
    0xDA, 0xDF, 0xB4, 0x39, 0xB1, 0x83, 0x11, 0x92, 0x1E, 0x92, 0x20, 0x2E, 0x8C, 0xCD, 0xE5, 0x38,
    0x15, 0x47, 0xED, 0xFE, 0x13, 0x7B, 0x7B, 0x86, 0x4E, 0x53, 0x67, 0xDE, 0xB7, 0xF2, 0x73, 0x2B,
    0x2F, 0xAC, 0x5C, 0x19, 0xF0, 0x61, 0x62, 0xE5, 0x4F, 0xF6, 0xF2, 0x2E, 0x17, 0x7A, 0x21, 0x6E,
    0xFC, 0xD8, 0x4D, 0xC7, 0x3A, 0xEE, 0xBE, 0x85, 0x95, 0xE6, 0xF8, 0x57, 0x06, 0x0E, 0xBF, 0xBB,
    0xE1, 0x60, 0x6A, 0xB1, 0x5F, 0x3F, 0x2C, 0x9A, 0x76, 0x80, 0x67, 0x81, 0x8C, 0xBD, 0xBD, 0x0B,
    0xBB, 0xBC, 0x98, 0x99, 0xD7, 0xBB, 0x51, 0x37, 0xE2, 0x82, 0xE9, 0x64, 0x68, 0x5A, 0x7C, 0x6C,
    0x04, 0xB8, 0xE4, 0x6A, 0x57, 0xEA, 0xF5, 0x55, 0x53, 0x48, 0x36, 0xB0, 0xDC, 0x27, 0xC9, 0x75,
    0xEC, 0xD3, 0x4D, 0xA6, 0xF8, 0x93, 0xD9, 0x99, 0xE1, 0x3A, 0x06, 0x0B, 0x0C, 0x74, 0x1A, 0xBA,
    0x59, 0x68, 0xE7, 0xA1, 0x45, 0xA8, 0xEB, 0xF0, 0x79, 0xCA, 0x4A, 0x99, 0x6A, 0x6D, 0xCA, 0xF2,
    0xB7, 0x9C, 0xCE, 0xA6, 0x2C, 0x7F, 0x6F, 0x29, 0x9E, 0xB1, 0x27, 0x7A, 0x5F, 0x42, 0x6C, 0x4B,
    0xC7, 0xF4, 0xE2, 0xFE, 0x27, 0x85, 0x71, 0x9E, 0x43, 0x1F, 0xA3, 0x2D, 0xF8, 0x0D, 0x06, 0x17,
    0x78, 0xB0, 0x34, 0x73, 0xAD, 0x23, 0xC2, 0xA1, 0x75, 0xDE, 0x8A, 0xB2, 0x19, 0x65, 0xBB, 0x17,
    0x38, 0x5E, 0xCA, 0x4E, 0x95, 0xC0, 0xBA, 0x06, 0x59, 0x85, 0xE2, 0x23, 0x79, 0xD7, 0xCD, 0xC9,
    0x45, 0xEC, 0xC0, 0x25, 0x53, 0xB7, 0x68, 0x40, 0xF4, 0x8B, 0xBB, 0x68, 0x9F, 0xC0, 0x9F, 0x49,
    0xFC, 0xB1, 0x03, 0xDD, 0xC9, 0x87, 0x38, 0x32, 0xE2, 0x4E, 0xDE, 0x80, 0xB4, 0x11, 0x85, 0x1B,
    0xCB, 0x62, 0xB5, 0xC4, 0xFF, 0x49, 0xA5, 0xAB, 0xE4, 0xBB, 0x36, 0x97, 0x12, 0xFF, 0xE9, 0x95,
    0x11, 0x96, 0x12, 0xB5, 0xF9, 0x95, 0x78, 0xA3, 0x6E, 0xD4, 0x19, 0x97, 0xC2, 0xE8, 0x7D, 0x18,
    0xAA, 0x74, 0xF6, 0x5A, 0x2B, 0x35, 0x8E, 0x87, 0x01, 0xCE, 0xBB, 0x11, 0xBF, 0xCB, 0xCF, 0xC8,
    0x7F, 0x3F, 0x18, 0x68, 0xD2, 0xDB, 0xBA, 0x73, 0xB3, 0x58, 0xEB, 0x21, 0x98, 0xAF, 0x19, 0xA4,
    0x30, 0x84, 0xDC, 0x0A, 0x39, 0xEE, 0x39, 0x92, 0x07, 0x1E, 0xCD, 0x36, 0x0A, 0x68, 0xB6, 0xC7,
    0xC0, 0xB7, 0xB0, 0x5F, 0x46, 0xF6, 0xA7, 0x11, 0xAA, 0xFD, 0x1F, 0xC3, 0xBD, 0x15, 0x5E, 0x7C,
    0x1C, 0x44, 0x03, 0x8D, 0xC3, 0x19, 0x0D, 0xA8, 0x18, 0x3A, 0xF9, 0xD0, 0x4B, 0x87, 0x5D, 0x0C,
    0xCF, 0xF1, 0x7B, 0x85, 0x71, 0x86, 0x71, 0x8E, 0x21, 0x5F, 0xF5, 0x69, 0x3F, 0xD1, 0xD0, 0x4D,
    0x87, 0xB6, 0x92, 0x66, 0xE2, 0x5F, 0x4C, 0x3C, 0x9C, 0xC8, 0xCC, 0x6F, 0x98, 0xB9, 0x18, 0x32,
    0x6D, 0x3C, 0x88, 0xC2, 0xC7, 0xE8, 0x17, 0x18, 0x64, 0xE8, 0x2B, 0x84, 0xE7, 0x08, 0x03, 0x84,
    0x6E, 0x1A, 0xDA, 0x2A, 0xC4, 0x6C, 0x4D, 0xBC, 0x46, 0x7B, 0x89, 0xA1, 0x63, 0x39, 0xFD, 0x8E,
    0xCD, 0xAC, 0x26, 0xF5, 0x50, 0x1D, 0xE5, 0x07, 0xB0, 0xE6, 0x70, 0xCE, 0x6E, 0xDB, 0x5A, 0xDB,
    0x56, 0xFF, 0x7E, 0xB9, 0xFA, 0xCD, 0xB8, 0x8C, 0xBB, 0xA4, 0x06, 0x2F, 0xDD, 0x85, 0x4B, 0xC4,
    0xCB, 0x5D, 0xFD, 0xD8, 0x78, 0xF9, 0xAF, 0x56, 0x70, 0x2B, 0xEF, 0xF4, 0x75, 0x46, 0x58, 0xAF,
    0xD3, 0x0A, 0x3B, 0x8C, 0xCB, 0x97, 0xE3, 0x44, 0xBE, 0xB7, 0xEA, 0x57, 0x66, 0xEE, 0x8C, 0x8E,
    0xEB, 0xC5, 0x67, 0x09, 0xA2, 0xF2, 0xEF, 0x55, 0xBD, 0x39, 0x7E, 0xC8, 0x66, 0x04, 0x39, 0x36,
    0x5A, 0xEC, 0x1A, 0xFE, 0x01, 0xE7, 0x02, 0x41, 0x8A, 0x5F, 0x6F, 0xD4, 0xEB, 0x05, 0xB1, 0x65,
    0xF2, 0xDE, 0xC0, 0xBA, 0x80, 0xA7, 0xD0, 0xBA, 0xC1, 0x4C, 0xC5, 0x74, 0x7A, 0xE6, 0x00, 0x34,
    0x61, 0xCA, 0x39, 0xD4, 0xB7, 0x50, 0x53, 0x22, 0x52, 0x7F, 0x4B, 0xD5, 0xD7, 0xB9, 0x4A, 0x94,
    0x4A, 0x1E, 0xA9, 0x24, 0x54, 0xC9, 0x91, 0x4A, 0x7C, 0x95, 0x78, 0x2A, 0x71, 0x18, 0xB2, 0x33,
    0x8E, 0x57, 0x1B, 0xB2, 0xBF, 0x5C, 0x3B, 0xA9, 0xD4, 0x56, 0x34, 0xD3, 0x8F, 0xEA, 0x10, 0xE7,
    0x7E, 0xAF, 0xA3, 0x7C, 0xD5, 0x3E, 0x78, 0x08, 0xF3, 0x28, 0x96, 0x10, 0xE6, 0xB4, 0xF1, 0xB8,
    0x36, 0x64, 0xEB, 0x50, 0x5F, 0xDA, 0xF1, 0x23, 0xE0, 0x0B, 0x63, 0x6D, 0xFB, 0xE5, 0x41, 0x6A,
    0x95, 0x07, 0xE9, 0x76, 0x2F, 0xB6, 0xBD, 0x57, 0x43, 0xD3, 0xAB, 0x96, 0xE9, 0xD5, 0xB2, 0x4B,
    0x66, 0x36, 0x0C, 0xFC, 0x9C, 0xC1, 0x6C, 0xAD, 0xD9, 0xB0, 0x8C, 0xC3, 0xEB, 0x66, 0xE8, 0x32,
    0x09, 0xC8, 0x2E, 0xEF, 0x33, 0xAC, 0x69, 0xCC, 0x10, 0xC9, 0xFF, 0x72, 0xD6, 0x41, 0xC8, 0xB4,
    0x9D, 0x59, 0x3B, 0x31, 0x42, 0x50, 0x3E, 0xB0, 0x86, 0xF5, 0x7C, 0xEB, 0x4A, 0x2E, 0xC7, 0x21,
    0x44, 0x44, 0x15, 0x10, 0x5D, 0x98, 0xB0, 0xD7, 0x65, 0x04, 0xC4, 0xB0, 0xB7, 0x0A, 0x64, 0xF8,
    0xC0, 0x9F, 0xAC, 0xE4, 0x2B, 0x36, 0xB0, 0xE3, 0x54, 0x2E, 0x2F, 0xE8, 0x41, 0x9F, 0x60, 0x07,
    0xBA, 0x2D, 0xB1, 0x67, 0x0D, 0x52, 0x1C, 0x1C, 0x23, 0x9C, 0xE0, 0x75, 0x6E, 0x7D, 0x17, 0x37,
    0x65, 0xC4, 0xE9, 0x19, 0x7E, 0xCC, 0x9D, 0xEF, 0x63, 0x77, 0xBF, 0x2E, 0x9D, 0xA5, 0x17, 0xF0,
    0x58, 0x82, 0xCF, 0x62, 0xB4, 0x79, 0x1A, 0x84, 0x55, 0x19, 0xF1, 0x30, 0x1A, 0x9A, 0x72, 0x55,
    0xD7, 0x63, 0x91, 0x76, 0x3E, 0xA3, 0x32, 0x9B, 0xC5, 0xFD, 0xA1, 0x08, 0x7E, 0x9A, 0xB7, 0x07,
    0xAD, 0x70, 0x70, 0x2F, 0xEC, 0xF8, 0x0F, 0x03, 0x4D, 0x84, 0xEC, 0x50, 0x17, 0xED, 0xC1, 0x1F,
    0x82, 0x9F, 0x16, 0x6E, 0x36, 0xA7, 0xEB, 0x95, 0x6D, 0xCF, 0x05, 0x34, 0x66, 0x35, 0x7E, 0x4B,
    0x77, 0x12, 0x27, 0x9E, 0xC9, 0x9F, 0x2D, 0x03, 0x3E, 0x78, 0x92, 0x30, 0x4F, 0x2F, 0x90, 0x74,
    0x90, 0x78, 0x51, 0xE2, 0xA4, 0x52, 0x4F, 0x53, 0x3C, 0x58, 0x33, 0xC9, 0x43, 0x1D, 0x33, 0x38,
    0x7D, 0x6C, 0xCC, 0xE2, 0x26, 0x34, 0xD3, 0x8F, 0x6A, 0x1B, 0x32, 0x00, 0xD9, 0xD3, 0x9C, 0x90,
    0x3C, 0x30, 0x29, 0xD6, 0x4D, 0x28, 0x2F, 0x82, 0x3A, 0x26, 0xA6, 0xBF, 0x7B, 0x67, 0xFD, 0x5E,
    0xA0, 0x09, 0xAF, 0x98, 0xE4, 0x5F, 0xAF, 0x4C, 0xB2, 0xCE, 0xB8, 0xC4, 0x3B, 0xF5, 0x4D, 0x0A,
    0x70, 0x56, 0x26, 0x6D, 0x11, 0x33, 0xB3, 0xBE, 0x95, 0x96, 0x76, 0xCA, 0x37, 0xC1, 0x7F, 0xB8,
    0x24, 0x10, 0x03, 0xB1, 0x2B, 0xE3, 0x7A, 0x60, 0xAB, 0xB1, 0xCE, 0x0E, 0x17, 0xD8, 0xF0, 0x6C,
    0x7B, 0x92, 0xF4, 0xA7, 0x3D, 0x2B, 0x0E, 0xCB, 0x6B, 0x0E, 0xE6, 0x58, 0xDC, 0xE1, 0x1E, 0xC3,
    0x7F, 0x8A, 0xE4, 0x83, 0x52, 0xE4, 0xBE, 0x24, 0x88, 0x4C, 0x13, 0x99, 0x2C, 0x36, 0xA6, 0x5B,
    0x97, 0xAD, 0x43, 0x77, 0x83, 0xFE, 0x68, 0x5D, 0x7F, 0xCE, 0x59, 0x3A, 0x2C, 0xCC, 0xAF, 0xA1,
    0x5C, 0xC7, 0x71, 0xF2, 0x2B, 0xE5, 0x88, 0x6E, 0x50, 0x9E, 0x4A, 0x7F, 0x0A, 0xB3, 0x03, 0x4D,
    0x7B, 0xC7, 0x8E, 0xEC, 0x97, 0xE2, 0x40, 0x97, 0xB9, 0x6F, 0x83, 0x71, 0x39, 0xEB, 0x79, 0x73,
    0x9D, 0x71, 0x0D, 0xF4, 0x82, 0x90, 0xC9, 0xAF, 0x83, 0x13, 0xF3, 0xCD, 0x48, 0x90, 0x9E, 0x67,
    0xE5, 0x34, 0x1C, 0x6B, 0x76, 0x40, 0x6D, 0x1E, 0x9D, 0x06, 0x76, 0xFE, 0x91, 0xA5, 0x95, 0x44,
    0x68, 0x2D, 0x73, 0x4B, 0xC8, 0xC0, 0xE1, 0xEF, 0xB0, 0xBE, 0x8C, 0xAD, 0x37, 0xC6, 0x65, 0x1D,
    0x98, 0x9B, 0xD6, 0x46, 0x7D, 0x70, 0x62, 0xFB, 0x59, 0xEC, 0x3C, 0x8B, 0x04, 0xEF, 0xA1, 0xBE,
    0x5F, 0x52, 0x6F, 0xD5, 0x2F, 0x87, 0x05, 0xDF, 0x5E, 0xD3, 0x7F, 0xCB, 0xB8, 0xD6, 0x7E, 0x2E,
    0x95, 0x3B, 0xCF, 0xC5, 0x63, 0x7F, 0xD8, 0xA9, 0xFC, 0x27, 0x7D, 0xD7, 0x2D, 0xE0, 0xB1, 0x32,
    0x81, 0x7A, 0xE2, 0xAA, 0xAE, 0x4E, 0x5D, 0xAE, 0xD7, 0xBA, 0xEC, 0xC8, 0xCA, 0xAF, 0xC3, 0xE4,
    0xA0, 0xF9, 0xC0, 0x12, 0xDB, 0x67, 0x8A, 0xBC, 0x7A, 0x40, 0x34, 0xE2, 0x5A, 0x15, 0xAC, 0x43,
    0x74, 0xFD, 0x68, 0x68, 0x44, 0x77, 0x5D, 0xBC, 0x0E, 0x29, 0x1B, 0x3B, 0xBF, 0x13, 0x94, 0x52,
    0x8D, 0x18, 0x37, 0x64, 0xEB, 0xD0, 0xE1, 0x2C, 0xB6, 0xFE, 0x9D, 0x39, 0x7F, 0x8C, 0xF6, 0x3E,
    0x68, 0x4C, 0xB7, 0x21, 0x5B, 0x87, 0xAE, 0x9E, 0xFE, 0xBC, 0xD2, 0x3F, 0xAC, 0x3C, 0x3F, 0xC6,
    0x75, 0x94, 0xE7, 0x28, 0x73, 0x55, 0xB9, 0xAB, 0x93, 0x64, 0x82, 0xC6, 0x45, 0x13, 0xA3, 0xA1,
    0x99, 0x1B, 0x8E, 0xD6, 0x0A, 0x8E, 0x04, 0xBD, 0xA3, 0xB0, 0x7F, 0x14, 0x7E, 0xF3, 0xF1, 0xC9,
    0xAB, 0xCF, 0xDB, 0x2F, 0xFE, 0xDC, 0xF9, 0xEE, 0xBF, 0x41, 0x3C, 0x0F, 0xA2, 0x19, 0x63, 0x27,
    0x63, 0x92, 0xB4, 0x4C, 0x31, 0xD0, 0x52, 0x5C, 0x82, 0xAC, 0xAB, 0x1B, 0x8C, 0x87, 0x27, 0xF7,
    0x40, 0x59, 0x84, 0x83, 0x23, 0x9C, 0x7C, 0x73, 0x82, 0xF6, 0xAB, 0xCF, 0xD1, 0x7A, 0x31, 0x87,
    0xFF, 0x74, 0xC6, 0xEC, 0xA7, 0x60, 0x8B, 0xAF, 0xB0, 0x4D, 0x07, 0x03, 0x02, 0x5A, 0x57, 0x87,
    0xFF, 0x42, 0x08, 0x8D, 0x17, 0xD3, 0xD7, 0x3D, 0x67, 0xC8, 0xF4, 0x46, 0xFE, 0xEF, 0x25, 0x92,
    0x61, 0x1A, 0x0B, 0xDC, 0x5A, 0xD6, 0xC7, 0xD3, 0x41, 0x2F, 0x90, 0x5B, 0xE5, 0xD0, 0x93, 0x6C,
    0xAF, 0x70, 0x52, 0x65, 0xFF, 0x90, 0xE3, 0xC7, 0x4C, 0x12, 0xD2, 0x71, 0x2C, 0xAE, 0x2E, 0x30,
    0x17, 0x4D, 0x23, 0x0C, 0x14, 0x06, 0x31, 0xEC, 0xA7, 0xCC, 0x40, 0x5F, 0xE4, 0xE6, 0xEF, 0xF2,
    0xF3, 0xB3, 0xBA, 0xB3, 0x7E, 0x5A, 0x95, 0x6E, 0x41, 0x62, 0x3F, 0xD7, 0x5C, 0x97, 0x76, 0xAA,
    0x70, 0x82, 0x79, 0xEF, 0x65, 0x45, 0x28, 0x39, 0x4A, 0x41, 0x6C, 0xC8, 0x0E, 0xB4, 0xF8, 0x61,
    0x49, 0xC4, 0x82, 0xAA, 0xBE, 0x52, 0x13, 0x89, 0x94, 0x79, 0xBB, 0x79, 0x45, 0xD7, 0x8C, 0x6E,
    0x5D, 0xB6, 0x0E, 0xDD, 0x46, 0x34, 0xDE, 0x88, 0x6E, 0x43, 0xB6, 0x0E, 0x9D, 0xF7, 0x96, 0x0F,
    0x38, 0xDF, 0x43, 0x81, 0xCB, 0x98, 0xFB, 0x3D, 0xF8, 0x1F, 0xAD, 0x58, 0x3D, 0x6F, 0xE4, 0xC6,
    0x19, 0x7E, 0x48, 0x02, 0xE2, 0xF9, 0x28, 0x89, 0x2E, 0x5C, 0x08, 0xD0, 0xED, 0x52, 0x08, 0x54,
    0x18, 0xC8, 0xAE, 0xD6, 0xC5, 0xDA, 0x16, 0x60, 0xEE, 0x92, 0x86, 0x11, 0x04, 0x48, 0x02, 0xD8,
    0xC8, 0x2F, 0xB8, 0x22, 0xA5, 0x81, 0x5C, 0xA1, 0x82, 0x49, 0x56, 0xB7, 0x3C, 0x37, 0x29, 0x6C,
    0xC0, 0x42, 0xFC, 0x07, 0x92, 0xDE, 0x08, 0x54, 0xD0, 0xC9, 0x16, 0x32, 0x96, 0x76, 0x0A, 0x17,
    0x69, 0x68, 0xBB, 0x48, 0x97, 0x30, 0x71, 0xBA, 0xB8, 0x18, 0x04, 0x84, 0x6F, 0x85, 0xDB, 0xD5,
    0xE4, 0x79, 0x87, 0x2B, 0x59, 0x5E, 0xE9, 0xE4, 0x5D, 0x5D, 0xF6, 0x9E, 0x97, 0x1A, 0x0E, 0x67,
    0xE6, 0x9D, 0x8F, 0xF7, 0xE3, 0x99, 0x03, 0xBC, 0x18, 0x14, 0x6B, 0xFC, 0x26, 0x5C, 0x3D, 0x83,
    0xFF, 0x68, 0x8A, 0x3D, 0x84, 0xFC, 0xD7, 0xA6, 0x34, 0x8D, 0x0C, 0x10, 0x5C, 0x94, 0xA5, 0x5E,
    0xBE, 0xFB, 0x8F, 0x26, 0x6C, 0xAF, 0x60, 0x8D, 0x53, 0x80, 0xEF, 0x08, 0xED, 0x59, 0x12, 0x68,
    0xD5, 0x77, 0xCB, 0x91, 0xA5, 0x2A, 0x54, 0x0A, 0x19, 0xC1, 0x02, 0x5F, 0x59, 0x19, 0xE8, 0xDC,
    0x9E, 0xB1, 0x65, 0x1B, 0xE8, 0x55, 0xCE, 0xB4, 0x72, 0x54, 0xE5, 0xE4, 0xD7, 0x22, 0x73, 0xF2,
    0x91, 0x9B, 0x1F, 0xFA, 0x69, 0xA4, 0xE1, 0x4D, 0xEA, 0xC1, 0x93, 0x81, 0x57, 0x0E, 0xBC, 0x74,
    0x01, 0xA1, 0x41, 0xDF, 0x4B, 0x03, 0x9D, 0xBA, 0x67, 0x31, 0x6C, 0x1B, 0xB0, 0xFF, 0xCA, 0x1E,
    0x27, 0x94, 0x1D, 0xC8, 0x6F, 0xF8, 0xBA, 0xC6, 0xF0, 0x73, 0x8D, 0x03, 0xE5, 0xE3, 0x20, 0x6B,
    0xE0, 0x20, 0x69, 0xE1, 0x60, 0x3F, 0xA4, 0xEC, 0xE3, 0x20, 0x3C, 0xE0, 0xDF, 0x63, 0x8A, 0x62,
    0x7D, 0x89, 0x83, 0x8F, 0x0A, 0x1C, 0xFC, 0x37, 0xC7, 0xF0, 0x4B, 0xF6, 0x79, 0x43, 0xB3, 0xF7,
    0xEF, 0xB8, 0x35, 0x43, 0x0C, 0xE3, 0x7B, 0x18, 0x16, 0xE0, 0x18, 0x94, 0x8C, 0x63, 0x25, 0x94,
    0x7D, 0x8E, 0xB7, 0xBF, 0xC1, 0x31, 0xEE, 0xCD, 0xC7, 0xEB, 0xB2, 0xFE, 0x01, 0xBF, 0x73, 0x3C,
    0x55, 0xB2, 0xBD, 0x36, 0xBA, 0xD1, 0xE5, 0x18, 0xC9, 0x90, 0x2B, 0xB8, 0x47, 0x81, 0x91, 0x60,
    0xA4, 0x11, 0x4D, 0x34, 0x92, 0xD1, 0x5D, 0x1C, 0x27, 0x1B, 0x50, 0xC9, 0x3A, 0x65, 0x8B, 0xB2,
    0x4B, 0x79, 0x89, 0x75, 0x2F, 0x61, 0xC0, 0xB1, 0xA2, 0xC9, 0x38, 0xF6, 0x2B, 0x1D, 0x73, 0xB3,
    0xBF, 0x0F, 0x41, 0x88, 0xBD, 0xE8, 0x9B, 0x59, 0xF4, 0x4D, 0x05, 0x64, 0xC0, 0x34, 0x43, 0x96,
    0x99, 0x92, 0x29, 0x3C, 0x15, 0xE3, 0x4A, 0x00, 0x54, 0xB0, 0x14, 0xA2, 0x12, 0x51, 0x9A, 0xF8,
    0x18, 0x05, 0xF1, 0x88, 0x4F, 0x18, 0xF8, 0x4F, 0xC5, 0xC0, 0x47, 0xE4, 0xA3, 0xE9, 0x03, 0x44,
    0x07, 0xCE, 0x0C, 0x4E, 0x85, 0xFD, 0x96, 0x1F, 0xB6, 0xFC, 0x5E, 0xCB, 0xEF, 0xB7, 0xFC, 0xC8,
    0xE0, 0xB5, 0xB7, 0xFD, 0x57, 0x3F, 0xF4, 0x5F, 0xF9, 0xDA, 0x7F, 0x79, 0xEA, 0x77, 0x6B, 0x9C,
    0xEC, 0x75, 0xC3, 0x59, 0x37, 0xAC, 0x8C, 0x31, 0x44, 0xFB, 0xAD, 0x76, 0xD8, 0x42, 0xAF, 0x85,
    0x7E, 0xAB, 0x11, 0x19, 0xBC, 0xF6, 0x76, 0xE3, 0xD5, 0x0F, 0x1B, 0xAF, 0x7C, 0xDD, 0x78, 0x79,
    0xDA, 0xE8, 0xD6, 0x38, 0x69, 0x74, 0x43, 0x81, 0xE9, 0x12, 0x8A, 0x59, 0x78, 0x65, 0xDD, 0xDD,
    0x3C, 0xE5, 0xD7, 0x51, 0xED, 0x68, 0xDA, 0x0E, 0x43, 0x83, 0xD6, 0xF5, 0x30, 0x8D, 0x07, 0xF0,
    0x27, 0xF0, 0x4B, 0xEB, 0x51, 0x0A, 0xEB, 0x31, 0x8D, 0xF7, 0x21, 0x3B, 0x6F, 0xD5, 0x63, 0xC8,
    0x70, 0x18, 0x53, 0x9E, 0xC4, 0xB0, 0xBE, 0xCA, 0x61, 0xFF, 0x25, 0x87, 0xF3, 0x49, 0x09, 0x37,
    0x56, 0xF0, 0xA0, 0xB8, 0xD2, 0x03, 0xF8, 0x7A, 0x82, 0x8E, 0x9E, 0x5E, 0x38, 0x48, 0x42, 0xE7,
    0xC8, 0xF8, 0x65, 0x6D, 0x0D, 0xEE, 0xDF, 0x61, 0xD1, 0x60, 0xEF, 0xCB, 0x48, 0xFE, 0x19, 0x5B,
    0xE6, 0x70, 0x4B, 0x58, 0x9C, 0xA9, 0xA2, 0xAB, 0x74, 0xB4, 0x3A, 0xB4, 0xD4, 0x08, 0xF2, 0x8C,
    0x34, 0x6B, 0x8E, 0xB6, 0xB6, 0x10, 0x24, 0xA6, 0x89, 0xF8, 0x10, 0xB4, 0x8E, 0x09, 0xA7, 0xC0,
    0xCD, 0xA8, 0x9B, 0x6D, 0xAD, 0xC3, 0x1F, 0xC0, 0xA1, 0x49, 0x9A, 0xBE, 0x63, 0x25, 0xB0, 0xAE,
    0x80, 0x93, 0x46, 0xF5, 0xBC, 0x7C, 0xEB, 0xC8, 0x8A, 0x65, 0xC1, 0x0F, 0xE7, 0xCB, 0xA5, 0xE7,
    0x72, 0x56, 0xF4, 0x63, 0xBA, 0x33, 0x17, 0xC3, 0xB5, 0x10, 0x03, 0x31, 0xA5, 0xA6, 0x41, 0x9B,
    0xF5, 0xFC, 0xCA, 0x36, 0x6C, 0xB9, 0xB0, 0x3A, 0xBA, 0x32, 0x1D, 0xFA, 0x66, 0x5F, 0x5F, 0xE8,
    0xC2, 0xAF, 0x37, 0x20, 0x83, 0xEC, 0xCC, 0x43, 0x97, 0xBB, 0x94, 0xBB, 0x67, 0x8B, 0x7D, 0x07,
    0x56, 0x79, 0x15, 0xA1, 0x41, 0x64, 0x51, 0x5D, 0x69, 0xEB, 0x23, 0x4F, 0x9B, 0x6D, 0x77, 0x63,
    0x62, 0x49, 0x75, 0x9C, 0x6A, 0xAD, 0x6E, 0xA1, 0xEF, 0x32, 0xEA, 0xF0, 0x82, 0x09, 0x4C, 0xC7,
    0x68, 0xFD, 0xBC, 0x68, 0xD9, 0xC5, 0xAA, 0x0B, 0xC4, 0x1D, 0x63, 0x8B, 0x89, 0x2C, 0xD0, 0x77,
    0x53, 0x62, 0x49, 0xBD, 0xF6, 0x7B, 0xF3, 0x6D, 0xA1, 0xD2, 0x5B, 0xE8, 0x75, 0x7E, 0x22, 0x67,
    0x87, 0x07, 0xAB, 0x29, 0xA5, 0x8D, 0x19, 0x2B, 0x46, 0xEB, 0x07, 0xB7, 0x51, 0x6A, 0xC7, 0x70,
    0x72, 0x63, 0x8A, 0x2B, 0x2E, 0x36, 0x38, 0x45, 0xA4, 0xD3, 0x5D, 0xB7, 0xAC, 0xED, 0x58, 0x6B,
    0x41, 0x66, 0xCC, 0xAC, 0x27, 0x67, 0x97, 0xBA, 0x33, 0xD8, 0xF4, 0x32, 0xF9, 0x39, 0x9F, 0x14,
    0x46, 0xAE, 0xF5, 0xE3, 0x2F, 0x73, 0xF3, 0xCD, 0x4D, 0xE9, 0xC7, 0xB1, 0xF8, 0x71, 0x76, 0xC9,
    0x8F, 0x7B, 0x94, 0xBD, 0x0B, 0x3F, 0x5E, 0xB0, 0x85, 0x65, 0xFC, 0xF8, 0x7C, 0x0A, 0x68, 0x51,
    0x7A, 0xF3, 0xBF, 0xFF, 0x97, 0x69, 0xD4, 0x21, 0x7C, 0xC9, 0x69, 0xA0, 0x43, 0xBB, 0x12, 0x39,
    0xFF, 0x49, 0x39, 0xA2, 0xFC, 0x86, 0xFB, 0x2D, 0x91, 0xEE, 0x6F, 0x29, 0xEC, 0xCF, 0x52, 0x38,
    0x9F, 0x4D, 0xE1, 0xFC, 0x76, 0x0A, 0x97, 0xE7, 0xE0, 0xEB, 0x5A, 0x9A, 0x2C, 0xB7, 0x29, 0xA1,
    0xAB, 0x8D, 0xD8, 0xB2, 0xFF, 0x65, 0x3D, 0x4C, 0xF0, 0x79, 0x15, 0x3C, 0x99, 0x62, 0xD8, 0x46,
    0x7F, 0x13, 0x6D, 0xDF, 0xD3, 0xBA, 0xA3, 0x75, 0xD8, 0xC6, 0x3E, 0xD9, 0x40, 0xF0, 0xA3, 0x8E,
    0x3E, 0xF3, 0xFE, 0x39, 0x63, 0x88, 0xF0, 0x74, 0x19, 0xC4, 0x69, 0x4F, 0x02, 0x2C, 0x4C, 0x4E,
    0x41, 0xC5, 0xE0, 0x60, 0xA9, 0xCC, 0x9F, 0x0E, 0xFC, 0x69, 0xCF, 0x52, 0x9D, 0xD7, 0x95, 0xC7,
    0x60, 0xA2, 0x8F, 0xD6, 0x34, 0x33, 0x76, 0xD1, 0x77, 0x8A, 0x91, 0x53, 0x54, 0x4E, 0xA1, 0xA2,
    0x29, 0x51, 0x99, 0xD7, 0x43, 0xB7, 0xE8, 0xE8, 0xC2, 0x7D, 0xC2, 0xB3, 0xCC, 0x9F, 0xF7, 0xF2,
    0x48, 0xC7, 0x1D, 0x5A, 0x7B, 0x9E, 0xE2, 0x71, 0x2E, 0xBB, 0x79, 0xC7, 0x4C, 0x68, 0x7C, 0xC4,
    0xF5, 0x07, 0xE9, 0xFD, 0xBE, 0xD1, 0x35, 0xAA, 0x75, 0x09, 0x24, 0xA7, 0x0D, 0x90, 0xF5, 0x90,
    0x05, 0x69, 0xE5, 0xE9, 0xCA, 0x1A, 0x97, 0x8E, 0x1D, 0xDB, 0xFF, 0x30, 0x8C, 0xC0, 0x10, 0x02,
    0x31, 0x2A, 0x5D, 0xF6, 0xAD, 0xF2, 0xC4, 0x2A, 0x2B, 0xAB, 0x54, 0x06, 0x2C, 0x8C, 0xAC, 0xF2,
    0xE1, 0x1A, 0x2D, 0xAA, 0x74, 0xCF, 0x64, 0x8B, 0x77, 0xDD, 0x7C, 0xA8, 0xD3, 0xCE, 0xE9, 0x62,
    0x20, 0x4A, 0x50, 0x25, 0x4E, 0x99, 0x78, 0x79, 0xD2, 0x41, 0x72, 0x82, 0x5F, 0x2B, 0x21, 0x06,
    0xC3, 0x12, 0xC9, 0x04, 0x49, 0x1F, 0x89, 0x1F, 0x27, 0x6E, 0x9E, 0xD8, 0x4A, 0x9A, 0x61, 0xF0,
    0x07, 0x7E, 0xCA, 0x71, 0xD7, 0x4C, 0x39, 0x5C, 0x80, 0xA5, 0x42, 0xB7, 0x08, 0x83, 0x38, 0x3C,
    0x44, 0xBF, 0x42, 0x54, 0xA0, 0xAF, 0x10, 0x9E, 0x70, 0x3F, 0xB9, 0xFB, 0x79, 0x68, 0xAB, 0x10,
    0x13, 0xAC, 0x12, 0x9F, 0x99, 0x88, 0xE6, 0x43, 0x07, 0xE9, 0xF7, 0x07, 0xE7, 0x33, 0x39, 0x21,
    0xAB, 0xB6, 0xA5, 0x8F, 0xE1, 0xE8, 0x82, 0x98, 0xDB, 0xCC, 0x6D, 0x95, 0xFA, 0x3A, 0x26, 0xEA,
    0x31, 0x56, 0x9D, 0xC0, 0x42, 0x62, 0xA2, 0x3B, 0x88, 0x47, 0xF0, 0x3C, 0x99, 0xED, 0xFC, 0x58,
    0x3C, 0x8A, 0x16, 0xAA, 0x49, 0x52, 0xA6, 0xC6, 0xBD, 0xF6, 0xF8, 0xEC, 0x5A, 0xD3, 0xA1, 0xE6,
    0x11, 0x2F, 0x26, 0xA6, 0xA1, 0x2E, 0x86, 0xF4, 0x13, 0x2F, 0xA5, 0x1B, 0xC9, 0xC4, 0x2A, 0xD8,
    0x25, 0x9C, 0x53, 0xAE, 0x31, 0xC5, 0x76, 0x21, 0x2F, 0x4C, 0x8A, 0x76, 0xF9, 0x96, 0x97, 0x33,
    0x87, 0xFE, 0x72, 0x62, 0x54, 0xFF, 0xE7, 0x5B, 0xD5, 0x74, 0x05, 0xF1, 0x06, 0xF7, 0x46, 0x78,
    0xE9, 0x6E, 0x10, 0x93, 0x9C, 0x6E, 0x4F, 0x84, 0xE2, 0x91, 0x5D, 0x92, 0x5C, 0x92, 0x5B, 0x92,
    0x5A, 0x92, 0x09, 0x92, 0x58, 0x92, 0x57, 0x92, 0x56, 0x92, 0x55, 0x92, 0x54, 0x92, 0x53, 0x92,
    0x52, 0x92, 0x51, 0x92, 0x50, 0x0E, 0x85, 0x4D, 0xDE, 0x9A, 0x47, 0xE2, 0x82, 0x3F, 0x5E, 0xE2,
    0x91, 0x31, 0x79, 0x64, 0x9C, 0x8C, 0x3C, 0x72, 0xC6, 0x4D, 0x72, 0x47, 0xE1, 0x92, 0x2D, 0xCA,
    0x3E, 0xA5, 0xCB, 0xBA, 0x63, 0xF2, 0x48, 0x25, 0x5C, 0xD3, 0xF0, 0x48, 0x90, 0x1E, 0xFB, 0xA9,
    0xEC, 0xE0, 0xEE, 0xCA, 0x6E, 0x84, 0x35, 0xCC, 0x77, 0xF4, 0xC1, 0x6D, 0xDC, 0x88, 0xD1, 0xE2,
    0x1C, 0xCD, 0x1A, 0xD1, 0x4C, 0x70, 0xF1, 0x2A, 0x68, 0xB6, 0x43, 0x7F, 0x1A, 0xBA, 0x95, 0x77,
    0xC6, 0xA8, 0x9F, 0x87, 0x2E, 0x9D, 0xA0, 0x0A, 0x91, 0x85, 0x18, 0x99, 0x27, 0xCB, 0x2A, 0xB4,
    0x4B, 0xF1, 0x8F, 0x4E, 0xDC, 0x9B, 0x0A, 0x5F, 0xED, 0x7F, 0xD7, 0xAB, 0x98, 0xA6, 0x6C, 0x65,
    0x56, 0x62, 0x0E, 0xF3, 0x04, 0xEA, 0x63, 0xA8, 0x31, 0x11, 0xAB, 0x3F, 0xE7, 0xEA, 0xA3, 0x52,
    0x65, 0x4A, 0x65, 0x07, 0x2A, 0x0B, 0x55, 0xD6, 0x60, 0x58, 0x52, 0x99, 0xA7, 0x32, 0x47, 0x65,
    0xB6, 0x62, 0xBE, 0x22, 0x05, 0xA3, 0xB5, 0xC9, 0xFA, 0xCD, 0xE6, 0xFC, 0x70, 0x3E, 0x87, 0x42,
    0x34, 0xD2, 0x59, 0xAF, 0x83, 0xEC, 0x09, 0x99, 0x2F, 0xF0, 0x2B, 0x0A, 0xA7, 0x82, 0x0F, 0x78,
    0xC0, 0x1F, 0x88, 0x11, 0x52, 0x1E, 0xB3, 0xFC, 0x15, 0xE7, 0xF3, 0x69, 0x1D, 0xF2, 0x1D, 0x09,
    0xF9, 0x64, 0x0B, 0x37, 0x31, 0x48, 0x99, 0xF5, 0x89, 0x71, 0x89, 0x09, 0xEC, 0x9F, 0x09, 0x30,
    0x59, 0x3A, 0xF6, 0x9B, 0xF0, 0xC6, 0x95, 0xD3, 0xC2, 0x25, 0xDF, 0x3E, 0x6B, 0xFC, 0x97, 0x31,
    0xDC, 0x5C, 0x8E, 0x7C, 0x6B, 0xD9, 0x14, 0x20, 0xE6, 0x45, 0xBF, 0xDB, 0xBB, 0x30, 0xAF, 0xCA,
    0xD5, 0x15, 0xAF, 0x93, 0x7B, 0xCE, 0x2C, 0x74, 0xFF, 0x18, 0xFA, 0x3C, 0xE0, 0x60, 0x10, 0x06,
    0x61, 0xD2, 0x0C, 0x55, 0xB3, 0x57, 0xF6, 0x3A, 0x79, 0x18, 0x3C, 0x9A, 0xF8, 0x8C, 0x36, 0x3A,
    0x5D, 0x87, 0x89, 0xED, 0x7B, 0x66, 0x09, 0x47, 0xF5, 0xEC, 0x77, 0xEC, 0xD9, 0xB1, 0xA4, 0x09,
    0x86, 0x11, 0x4F, 0x55, 0xED, 0x4A, 0x25, 0x72, 0x7C, 0x8F, 0xF3, 0x6A, 0x6C, 0xC2, 0x08, 0x8F,
    0xE7, 0x4F, 0x33, 0x71, 0x7A, 0xB9, 0xF5, 0x39, 0x5C, 0x16, 0xFE, 0xC5, 0xF3, 0x7B, 0xF0, 0xFB,
    0x67, 0x26, 0xF2, 0x77, 0xEE, 0xC0, 0x6F, 0xC2, 0x79, 0x37, 0xB6, 0x3E, 0x4D, 0x97, 0xDD, 0x7D,
    0xB9, 0x43, 0x70, 0x17, 0xED, 0x2F, 0xA8, 0x2A, 0xCD, 0xBF, 0xCD, 0xC0, 0xCF, 0x30, 0x0D, 0x86,
    0x34, 0x87, 0xCC, 0xF4, 0xA7, 0xB8, 0xEB, 0xCC, 0x07, 0x5B, 0x66, 0x26, 0x3B, 0x3B, 0x08, 0x13,
    0x6C, 0xB6, 0xE1, 0x9A, 0xBC, 0x33, 0xD6, 0x39, 0x71, 0x7E, 0x15, 0x14, 0x8C, 0xB5, 0xE0, 0x72,
    0x8D, 0xA9, 0x2C, 0x89, 0x85, 0x85, 0x33, 0x48, 0x4B, 0x14, 0x77, 0x4A, 0x8E, 0x5F, 0x41, 0xD5,
    0xE4, 0xAB, 0x76, 0xAF, 0x3E, 0xE8, 0xFE, 0x85, 0xAD, 0x53, 0xBB, 0x02, 0x29, 0x98, 0xBF, 0x89,
    0x0D, 0xEF, 0x3C, 0x7F, 0xAC, 0xA2, 0x91, 0xE6, 0x6E, 0x6B, 0xDA, 0x62, 0xEC, 0x38, 0xE9, 0x3C,
    0x75, 0x2C, 0xA1, 0xF4, 0xFE, 0x11, 0x46, 0x4A, 0x72, 0xD3, 0x73, 0xEB, 0x2B, 0x5F, 0x9B, 0x76,
    0xDE, 0x42, 0x52, 0x49, 0xDF, 0xBB, 0x1B, 0xCB, 0x5E, 0x9B, 0xB8, 0xDF, 0xBC, 0x30, 0xB6, 0x5B,
    0x78, 0x71, 0x7D, 0xBE, 0xC6, 0x95, 0x34, 0x3A, 0xA6, 0x7B, 0xA3, 0x85, 0xD6, 0xC6, 0xF9, 0x16,
    0x2D, 0xA1, 0x74, 0xED, 0x39, 0x78, 0xEF, 0x1B, 0xC2, 0x78, 0x94, 0xAF, 0x7A, 0x57, 0xDB, 0xDA,
    0xC5, 0x1E, 0xEF, 0xC8, 0x6F, 0xC2, 0x7E, 0x63, 0xD9, 0xBB, 0x9A, 0x18, 0x30, 0x4F, 0xF3, 0x8B,
    0xFC, 0xC2, 0x7A, 0x57, 0xD2, 0x78, 0xD5, 0x56, 0x97, 0x51, 0xFA, 0xC2, 0x0E, 0x7A, 0xA1, 0x18,
    0x8F, 0xF3, 0x63, 0x93, 0xBA, 0x4F, 0x69, 0x15, 0x69, 0xE6, 0xE5, 0x99, 0x5D, 0x66, 0x96, 0x01,
    0x0B, 0x1E, 0xCD, 0x29, 0x1E, 0xCF, 0x90, 0xED, 0x21, 0xF3, 0xE2, 0xCC, 0xC9, 0xA5, 0x1E, 0xD5,
    0x82, 0x0D, 0x6C, 0xEB, 0x94, 0x89, 0xE6, 0xD0, 0xA4, 0xC5, 0xA7, 0x81, 0xA9, 0xC1, 0x9F, 0x62,
    0xB3, 0x81, 0x7B, 0x9B, 0xF3, 0x49, 0xAE, 0xA4, 0xF1, 0xAA, 0xA9, 0x2F, 0xA3, 0xF4, 0xCE, 0x16,
    0x9A, 0x74, 0xC6, 0x77, 0x61, 0xBD, 0x13, 0xAF, 0x7A, 0x6D, 0x5A, 0x38, 0xC7, 0x65, 0x2E, 0x4C,
    0x57, 0x0F, 0x62, 0x25, 0x8D, 0x57, 0xBB, 0x2F, 0x75, 0x25, 0x3D, 0x8B, 0x25, 0x4E, 0x5B, 0x79,
    0x9D, 0x85, 0x99, 0x09, 0x83, 0x7F, 0x8B, 0x5F, 0xA3, 0x53, 0x98, 0x7C, 0x2C, 0xE8, 0xDA, 0x8A,
    0xD4, 0x6C, 0xBB, 0xBE, 0x9C, 0x98, 0x3A, 0xAF, 0x80, 0xB9, 0x07, 0xE4, 0x3D, 0x2B, 0x65, 0xAF,
    0x28, 0x86, 0x7F, 0x0A, 0x8B, 0x41, 0xD4, 0x13, 0x8E, 0xD6, 0xB5, 0x19, 0xE0, 0x17, 0xDB, 0x47,
    0xFA, 0x8C, 0x10, 0x02, 0xB3, 0x0C, 0xEA, 0xBB, 0x58, 0x08, 0x8B, 0x1C, 0x30, 0x97, 0x0B, 0x68,
    0x8D, 0xA1, 0xE6, 0x4C, 0x94, 0x73, 0xA9, 0xE6, 0x02, 0x76, 0xB9, 0x63, 0x69, 0x25, 0x7C, 0x1E,
    0xE6, 0x7F, 0xB5, 0x9A, 0x92, 0x80, 0xB7, 0xCF, 0xC8, 0xF5, 0xD4, 0x8B, 0xC2, 0x30, 0x07, 0xE7,
    0x44, 0x63, 0x04, 0x57, 0x91, 0x51, 0x3A, 0x8C, 0x60, 0x6B, 0x93, 0x73, 0x4E, 0xDA, 0x34, 0xCF,
    0x01, 0xDC, 0x8A, 0x33, 0x8F, 0x4E, 0x41, 0xDA, 0x43, 0xF3, 0xF8, 0x85, 0x97, 0x9B, 0x70, 0xC0,
    0x5C, 0x2A, 0xB7, 0x55, 0x97, 0x34, 0x2C, 0xC8, 0x2F, 0x78, 0x28, 0xDC, 0x82, 0xEE, 0x43, 0x63,
    0x1B, 0x1E, 0x2D, 0x5E, 0x35, 0x6A, 0x97, 0xB9, 0x8C, 0xF3, 0x60, 0x98, 0x5D, 0xC5, 0x0D, 0x57,
    0x8D, 0xE8, 0x3B, 0x4C, 0xE6, 0x7A, 0x32, 0xF3, 0x3F, 0x93, 0x6F, 0xB0, 0x7F, 0xB0, 0x65, 0xC3,
    0x02, 0x03, 0x00, 0xAD, 0x5A, 0xCD, 0x8E, 0xDB, 0xD6, 0x15, 0x3E, 0x24, 0xD1, 0x30, 0x0D, 0x91,
    0xB9, 0x5D, 0x64, 0x61, 0xD4, 0x19, 0x31, 0x0B, 0x6F, 0x0A, 0xE8, 0x27, 0x8B, 0x2C, 0x14, 0xE0,
    0x52, 0xA2, 0x1B, 0x74, 0x95, 0x45, 0xFA, 0x04, 0x85, 0x1F, 0x20, 0x85, 0xBD, 0x98, 0x05, 0x93,
    0x68, 0x22, 0x36, 0x59, 0x64, 0xD1, 0x45, 0xE6, 0x05, 0x0A, 0xF8, 0x01, 0x1A, 0x60, 0x02, 0x70,
    0x52, 0x01, 0x96, 0x2D, 0xDA, 0x5E, 0x78, 0x91, 0x85, 0x99, 0x64, 0xD1, 0x45, 0xD0, 0x94, 0xA9,
    0x03, 0x74, 0xD3, 0x3A, 0xD7, 0x2D, 0x61, 0xCB, 0xB0, 0xA4, 0xDB, 0xEF, 0x5C, 0x52, 0x1A, 0x8D,
    0x46, 0xB6, 0xA5, 0x4C, 0xE5, 0x8F, 0xB2, 0x74, 0x79, 0xFF, 0x74, 0xEE, 0x39, 0xDF, 0xF9, 0xE1,
    0xD8, 0x44, 0x6E, 0x4A, 0x96, 0x22, 0x7A, 0x9D, 0xF0, 0x1A, 0xE9, 0x14, 0x48, 0x88, 0x16, 0x18,
    0x69, 0xC6, 0x72, 0x8B, 0x69, 0xCC, 0x81, 0xDD, 0x1D, 0x6A, 0xF9, 0x84, 0xF7, 0xF2, 0xB5, 0xD5,
    0xD8, 0x91, 0xCE, 0x00, 0x37, 0xA6, 0x0A, 0x3A, 0x76, 0x75, 0xE1, 0xC6, 0x43, 0x37, 0x0E, 0xDC,
    0xB8, 0x61, 0x10, 0xF0, 0xD7, 0x4F, 0x0B, 0xF7, 0xD3, 0x8C, 0xEC, 0x90, 0xBC, 0x94, 0x7C, 0xA2,
    0x73, 0xBC, 0x90, 0xAB, 0xC7, 0x8C, 0xC5, 0xD8, 0xA7, 0xA0, 0x5C, 0x9D, 0x2E, 0xFF, 0x60, 0xEB,
    0xA9, 0x97, 0xBD, 0x8A, 0xD1, 0x0D, 0x22, 0x49, 0xD4, 0xD5, 0x31, 0x20, 0xCD, 0xE7, 0x26, 0x91,
    0xC0, 0xDC, 0xD9, 0x39, 0xF4, 0x31, 0x3D, 0x43, 0x5F, 0x67, 0x1D, 0x2B, 0x2D, 0xEF, 0x76, 0x88,
    0xFC, 0x1F, 0xC8, 0xC6, 0x24, 0x2D, 0xEC, 0x01, 0x32, 0x62, 0xBC, 0x61, 0xAB, 0xBE, 0xCE, 0xCE,
    0xCF, 0x48, 0xEB, 0x10, 0x70, 0x32, 0x7A, 0x36, 0xCA, 0x6E, 0xF5, 0x06, 0x05, 0x1D, 0xC2, 0x7B,
    0xF9, 0xDA, 0x6A, 0xAC, 0xD0, 0x39, 0x40, 0xF6, 0x5A, 0x64, 0x0C, 0x27, 0x7B, 0xC3, 0x4B, 0xFB,
    0xD8, 0xFC, 0x63, 0x12, 0x33, 0x83, 0x9D, 0x39, 0x44, 0x21, 0xC4, 0x44, 0xEC, 0x34, 0xC5, 0x8E,
    0x28, 0x51, 0xDB, 0x11, 0xC1, 0x4E, 0x73, 0x28, 0x26, 0x57, 0x85, 0x52, 0x6D, 0x5A, 0x81, 0xD6,
    0x99, 0xD6, 0x85, 0x6A, 0x0F, 0x54, 0x5B, 0xCE, 0x31, 0x50, 0x5D, 0xA5, 0xBA, 0xD9, 0xEA, 0x91,
    0xF1, 0xA9, 0x65, 0xF3, 0x53, 0x93, 0x2B, 0xE0, 0x93, 0xEA, 0xB1, 0x5E, 0x59, 0x31, 0xFF, 0xDE,
    0x88, 0x8A, 0xC8, 0xC9, 0x23, 0x2F, 0x8D, 0x5A, 0x14, 0x0D, 0xE9, 0x7D, 0x45, 0xFD, 0x8C, 0xFA,
    0x39, 0x45, 0x63, 0x8A, 0x3A, 0x14, 0x89, 0x30, 0x72, 0xD3, 0xC8, 0x56, 0xDC, 0x0D, 0xC3, 0x62,
    0x23, 0xEC, 0x5E, 0x75, 0xDC, 0x89, 0xA5, 0x12, 0x47, 0x25, 0xAE, 0x4A, 0x84, 0x4A, 0x6A, 0x2A,
    0x91, 0x2A, 0x49, 0x54, 0xA2, 0xD4, 0x51, 0xA6, 0xFE, 0x92, 0xAA, 0x6B, 0xA1, 0x1A, 0x91, 0xBA,
    0x41, 0x6A, 0x48, 0x6A, 0x40, 0xCA, 0x8E, 0x21, 0x8D, 0xAF, 0x33, 0xB2, 0x74, 0x4A, 0xF4, 0x61,
    0x29, 0xEC, 0x01, 0x09, 0x9C, 0xA6, 0x8F, 0xC3, 0x6E, 0x98, 0x4F, 0x5E, 0x1C, 0x91, 0x03, 0x45,
    0xB5, 0x73, 0xAC, 0xF2, 0x9F, 0x8C, 0xE8, 0x03, 0xF4, 0xED, 0x62, 0x9F, 0x02, 0x9D, 0x6B, 0x64,
    0x56, 0xEE, 0x16, 0x65, 0x53, 0x41, 0xC9, 0x26, 0x80, 0xCC, 0x80, 0x13, 0x7A, 0xDE, 0x65, 0x93,
    0xC0, 0xF5, 0x24, 0x24, 0xEB, 0x5E, 0x4A, 0xF6, 0xED, 0x94, 0x9C, 0x9B, 0x39, 0xB9, 0xA1, 0x22,
    0x0F, 0x8A, 0x24, 0x68, 0x8F, 0x84, 0x1E, 0x53, 0x4B, 0x4F, 0xB0, 0xA5, 0x06, 0xAE, 0x1A, 0xA4,
    0xE4, 0x63, 0xA4, 0x58, 0x67, 0x49, 0x33, 0x34, 0x66, 0x2C, 0x03, 0x02, 0x0A, 0x7E, 0x77, 0x15,
    0xFA, 0xF4, 0xA7, 0xD4, 0x7F, 0x8C, 0x5B, 0x71, 0xE2, 0x65, 0x89, 0x9D, 0x27, 0x76, 0x96, 0x78,
    0xA9, 0x51, 0xFC, 0x38, 0x71, 0xF3, 0xD5, 0xCE, 0xB3, 0x2D, 0x4D, 0x07, 0x5B, 0xD3, 0x13, 0x4B,
    0x49, 0x2B, 0xAF, 0x60, 0x03, 0x99, 0x74, 0x80, 0x54, 0xBA, 0xA9, 0xF4, 0x42, 0xE9, 0x93, 0x1C,
    0x69, 0x0D, 0x60, 0xDF, 0x0B, 0x6C, 0xC5, 0x04, 0x51, 0x1D, 0x67, 0x02, 0xC3, 0x68, 0xD4, 0x25,
    0x89, 0xFA, 0x1E, 0xB9, 0xEF, 0x2A, 0x72, 0xEE, 0x97, 0x27, 0x68, 0xE3, 0x72, 0xFE, 0x9D, 0x93,
    0x57, 0x87, 0xC0, 0xEA, 0x91, 0xE9, 0x23, 0xEB, 0x4D, 0xE2, 0x31, 0x49, 0x5D, 0x84, 0x2F, 0xE8,
    0xD8, 0xD7, 0xEA, 0x65, 0x6B, 0x6C, 0xCC, 0xB5, 0x47, 0x76, 0x81, 0x51, 0x16, 0x6C, 0xC5, 0x1A,
    0x1A, 0x6B, 0xC7, 0x61, 0x36, 0x7F, 0x45, 0xC3, 0xAE, 0x1E, 0xBF, 0xA0, 0x0F, 0xB6, 0xD2, 0xA3,
    0x97, 0x9C, 0x50, 0xBC, 0x1D, 0xBA, 0x9A, 0x78, 0xEE, 0x2D, 0x75, 0x70, 0x3B, 0x65, 0x07, 0xF1,
    0x00, 0xAA, 0xB1, 0x80, 0x95, 0x33, 0xEC, 0xAC, 0xE1, 0xA4, 0x0C, 0x2F, 0x6E, 0xB4, 0xA8, 0x71,
    0x9D, 0x1A, 0x7B, 0xD4, 0x10, 0x34, 0x10, 0xE1, 0xC4, 0xBF, 0x39, 0xA9, 0xDD, 0xFA, 0x57, 0xE3,
    0xDE, 0x9F, 0xEB, 0x4F, 0xDE, 0xAD, 0x8F, 0x76, 0x65, 0x67, 0x57, 0x06, 0xBB, 0x92, 0x4A, 0xD4,
    0x16, 0x50, 0x94, 0xAC, 0xA0, 0xD4, 0xD2, 0xD3, 0xED, 0x80, 0x35, 0x02, 0x01, 0x2B, 0xF1, 0x87,
    0x71, 0x93, 0x24, 0xD4, 0xB1, 0x9C, 0xA1, 0x47, 0xFE, 0x7C, 0xB6, 0x06, 0xDA, 0x71, 0x17, 0x7D,
    0xD0, 0xF3, 0x19, 0xF3, 0x9C, 0x46, 0x6B, 0x06, 0xC6, 0x85, 0xBA, 0x28, 0x49, 0x40, 0x61, 0xA0,
    0xF0, 0x15, 0x8D, 0xDD, 0x19, 0x95, 0x44, 0xBB, 0x00, 0x8D, 0x0E, 0xB0, 0x84, 0x1F, 0x5F, 0x09,
    0x8C, 0x15, 0x0E, 0xD8, 0x00, 0x2B, 0x24, 0xA6, 0x05, 0xED, 0xAD, 0xF8, 0x92, 0xA7, 0x0B, 0x6B,
    0x94, 0x75, 0xF5, 0x0C, 0xE0, 0xA6, 0x0D, 0x70, 0x16, 0x12, 0x28, 0xF5, 0xD5, 0x9D, 0xC1, 0x58,
    0xB3, 0xE0, 0x0B, 0x35, 0x48, 0x8A, 0x22, 0x19, 0xA8, 0x24, 0x02, 0xF0, 0x01, 0x5F, 0xD1, 0x88,
    0x5B, 0xE8, 0x50, 0xF6, 0x0C, 0x28, 0xF0, 0xA9, 0xE7, 0xC5, 0xCA, 0xB9, 0x95, 0xDB, 0xFF, 0x4D,
    0x49, 0x87, 0xD4, 0x37, 0xDE, 0x64, 0x44, 0xD6, 0x93, 0xD4, 0xF9, 0x26, 0x73, 0x53, 0x85, 0xA3,
    0x34, 0xA2, 0x6E, 0x2A, 0x52, 0x9B, 0x40, 0xEB, 0x09, 0xB0, 0x2C, 0x2D, 0x63, 0xDD, 0xC7, 0x80,
    0xE2, 0xF5, 0x48, 0x75, 0x08, 0x3B, 0x51, 0x90, 0x61, 0xE9, 0xAC, 0x16, 0x58, 0x73, 0x34, 0x87,
    0x6B, 0x30, 0x3F, 0xD9, 0x53, 0x1B, 0x58, 0xF7, 0x3A, 0xBD, 0xA5, 0x51, 0x4A, 0x80, 0xB3, 0x80,
    0x8E, 0x1D, 0x5D, 0x38, 0x37, 0x27, 0x4E, 0x1A, 0x94, 0xCA, 0x6C, 0x3E, 0x0C, 0xD1, 0x68, 0xB3,
    0x07, 0xAE, 0x2D, 0xA3, 0x9B, 0xD7, 0xBA, 0x93, 0x9A, 0x6C, 0xD6, 0xA4, 0x58, 0x42, 0x8B, 0x1B,
    0x71, 0x6B, 0xE5, 0xF7, 0xE8, 0xC7, 0xF0, 0x54, 0xA9, 0x72, 0xB1, 0xB7, 0x85, 0x1E, 0x16, 0xF8,
    0x8A, 0xC6, 0xD1, 0x94, 0xFC, 0x31, 0x13, 0xE0, 0x25, 0x2F, 0x33, 0x81, 0x0D, 0x8E, 0x24, 0x72,
    0xF4, 0x18, 0x60, 0x3F, 0x54, 0xEA, 0x94, 0xAD, 0x70, 0x77, 0xA4, 0xC3, 0xD6, 0x98, 0xA0, 0x6D,
    0xAA, 0x9F, 0xAB, 0x02, 0x3F, 0x28, 0x79, 0x90, 0x47, 0x0F, 0xF2, 0xB6, 0xCE, 0x25, 0xF0, 0x80,
    0xD1, 0x56, 0x2A, 0x42, 0x3B, 0xDF, 0x45, 0x1F, 0x3F, 0xB6, 0x46, 0x05, 0x74, 0xCF, 0x8F, 0x93,
    0x0E, 0x25, 0xD2, 0xA0, 0x41, 0x89, 0x1F, 0x26, 0xAC, 0x90, 0xF8, 0xA5, 0xCC, 0xBE, 0x09, 0xA8,
    0x09, 0x77, 0x7B, 0x94, 0xB0, 0x1F, 0x06, 0x81, 0xB9, 0xA0, 0xA3, 0x1C, 0xBB, 0xC6, 0xA1, 0xE0,
    0x68, 0xF6, 0x2D, 0x3E, 0x29, 0xBC, 0x77, 0xF9, 0x98, 0x0E, 0xE8, 0x97, 0xB9, 0xA5, 0x95, 0xF7,
    0x98, 0x5A, 0x21, 0x4B, 0x10, 0xFB, 0xFB, 0xC2, 0x50, 0xFD, 0xD4, 0x51, 0x85, 0xF9, 0x69, 0x70,
    0x2A, 0x09, 0x25, 0x11, 0x4E, 0xD6, 0xCD, 0x7D, 0x9D, 0xBE, 0x00, 0x25, 0x2C, 0x0D, 0xCA, 0x31,
    0x8C, 0xEC, 0x64, 0x26, 0x9C, 0xC9, 0xA4, 0x65, 0xEC, 0x8B, 0xA7, 0xCD, 0x5B, 0xB3, 0xB0, 0x0F,
    0xB6, 0xD7, 0x69, 0x64, 0x26, 0x7C, 0x1A, 0x48, 0x8F, 0x2D, 0x20, 0x8F, 0x00, 0x1B, 0xC8, 0x22,
    0x27, 0x65, 0xC0, 0x32, 0x04, 0x45, 0x7D, 0x3D, 0x03, 0x22, 0xAA, 0x95, 0xB0, 0x67, 0x84, 0xD5,
    0x3B, 0x4E, 0x8E, 0xCD, 0x17, 0xAC, 0x8D, 0xA5, 0x9E, 0xB0, 0x34, 0x3B, 0x74, 0x80, 0xA0, 0x89,
    0x0F, 0x14, 0x2C, 0xBE, 0x6B, 0x58, 0xFC, 0x90, 0x9C, 0x77, 0xF1, 0xAB, 0xEF, 0xC3, 0xA4, 0x74,
    0x0C, 0x35, 0xC8, 0xC8, 0xFD, 0x8C, 0x19, 0x7C, 0x50, 0x31, 0x78, 0x8D, 0xD9, 0x9B, 0xCE, 0xB3,
    0x41, 0xA5, 0xE7, 0x4A, 0xF9, 0x38, 0x99, 0xD1, 0x96, 0xB4, 0x8C, 0xB3, 0x2E, 0xD8, 0xF8, 0x21,
    0x08, 0xB2, 0xC2, 0xC8, 0x52, 0x91, 0xA3, 0x22, 0x4F, 0x45, 0xBB, 0x2A, 0x6A, 0xAB, 0xE8, 0x50,
    0x45, 0xB9, 0x7A, 0x3F, 0x55, 0xFD, 0x50, 0xF5, 0x8D, 0xC2, 0x43, 0x32, 0xAE, 0x13, 0x7B, 0x9F,
    0x60, 0x2C, 0xD1, 0xD4, 0xC4, 0x1A, 0x1B, 0x0C, 0x61, 0x71, 0xB9, 0x99, 0xF4, 0x43, 0xB9, 0x4F,
    0x9D, 0x82, 0xBA, 0x19, 0x75, 0x14, 0xC9, 0x21, 0xB1, 0x3F, 0x83, 0x63, 0xB3, 0x21, 0xCC, 0x31,
    0xE4, 0xC3, 0xE0, 0xEE, 0x3C, 0x65, 0x29, 0x25, 0x27, 0x63, 0xF2, 0xF6, 0xE3, 0xE8, 0x06, 0x45,
    0x7B, 0x14, 0xC1, 0x84, 0x5B, 0xD4, 0x6B, 0x85, 0x93, 0x6E, 0x3C, 0xED, 0xDC, 0xFC, 0x9B, 0xFC,
    0xE6, 0x4F, 0xF2, 0xDE, 0xEF, 0xE4, 0xB5, 0x5A, 0xBB, 0x53, 0x6B, 0x07, 0x90, 0x9B, 0x00, 0x8E,
    0xDD, 0xA7, 0x01, 0x0E, 0x08, 0x58, 0x69, 0xB4, 0xA7, 0x46, 0xBC, 0x6E, 0x3E, 0xB0, 0xAA, 0x73,
    0x37, 0x47, 0x5F, 0xE0, 0x6B, 0x79, 0xEE, 0xE8, 0xB0, 0x76, 0xE0, 0x0A, 0x5A, 0xD3, 0x92, 0x6C,
    0x73, 0xA3, 0x0F, 0x85, 0xAC, 0xB4, 0x94, 0x29, 0x37, 0x70, 0x31, 0x3C, 0xED, 0x9C, 0xA4, 0x5C,
    0x6B, 0x84, 0xD0, 0x52, 0x75, 0xC3, 0x8A, 0x6C, 0x4B, 0xBF, 0x3C, 0x28, 0xC9, 0x2F, 0x84, 0xF6,
    0x82, 0xED, 0xE1, 0xA3, 0x11, 0x3C, 0xA8, 0x63, 0x22, 0x5E, 0x87, 0x26, 0x33, 0x9E, 0x04, 0xAF,
    0x7A, 0xEC, 0xDC, 0x0A, 0x27, 0x55, 0xF6, 0x57, 0x39, 0xD3, 0xEA, 0xA3, 0x94, 0xFA, 0x31, 0xCF,
    0x55, 0x86, 0xDF, 0x3D, 0xEA, 0x2A, 0x43, 0xA9, 0xAF, 0x12, 0xD5, 0x8F, 0x01, 0xE5, 0x11, 0xBA,
    0x68, 0xFD, 0x7E, 0x18, 0xD4, 0x03, 0x68, 0x47, 0xAF, 0xEE, 0x03, 0xF8, 0x80, 0xAF, 0x68, 0x14,
    0x86, 0x2E, 0x96, 0xFB, 0xB3, 0x33, 0x0A, 0x0B, 0x17, 0xEC, 0xFA, 0x4F, 0xB0, 0xAB, 0xA1, 0x56,
    0x10, 0xEC, 0x93, 0x18, 0x91, 0x1F, 0x58, 0x17, 0xDC, 0x2B, 0x29, 0x78, 0xB6, 0xA0, 0x10, 0x12,
    0x74, 0x2B, 0x42, 0x60, 0x24, 0x56, 0xBE, 0xC0, 0xC0, 0xCA, 0xF7, 0x6D, 0x16, 0xB5, 0xA7, 0x8D,
    0x66, 0xCE, 0xB1, 0x11, 0x73, 0xA2, 0x5B, 0x89, 0x07, 0x6B, 0xA0, 0xF5, 0x58, 0x2F, 0x2D, 0x5A,
    0xB2, 0xA5, 0x5B, 0x82, 0x43, 0xE9, 0x89, 0x9B, 0xEE, 0xBB, 0x69, 0xD3, 0x60, 0x1F, 0x5F, 0x6D,
    0x9D, 0x9F, 0x70, 0xDF, 0x79, 0xA2, 0xC7, 0x89, 0xEA, 0x25, 0x2A, 0x30, 0xE8, 0xF1, 0xD7, 0x51,
    0x96, 0x2C, 0x1F, 0x68, 0x77, 0x16, 0xB2, 0x92, 0xB0, 0x02, 0x9B, 0xA3, 0x9F, 0x13, 0x02, 0x88,
    0x0E, 0x44, 0x71, 0xA1, 0xA2, 0xC4, 0x82, 0x69, 0x59, 0x1B, 0xA7, 0x6A, 0x81, 0x09, 0xF3, 0xBE,
    0x8E, 0x5B, 0x8F, 0x41, 0x64, 0x71, 0xD2, 0x55, 0xC9, 0x00, 0xA1, 0x4D, 0x94, 0xA8, 0xF6, 0x48,
    0x49, 0x00, 0x1F, 0xF8, 0x2B, 0x1A, 0x71, 0xCB, 0x4F, 0x6D, 0x9D, 0xF9, 0x3A, 0xEF, 0x18, 0x19,
    0xF6, 0x2C, 0xFE, 0xD0, 0x32, 0x82, 0x12, 0x17, 0xF3, 0xA6, 0x69, 0x84, 0x00, 0xAB, 0xF8, 0x7D,
    0x50, 0xC5, 0xEF, 0x9B, 0x50, 0x87, 0xFB, 0x56, 0x2C, 0xFE, 0x98, 0xE2, 0xBD, 0x8C, 0xD8, 0x37,
    0x19, 0xE2, 0x19, 0x57, 0x0D, 0x0E, 0x07, 0xF0, 0x41, 0xB0, 0x0A, 0x29, 0x71, 0xB1, 0xE0, 0x18,
    0x09, 0x41, 0x16, 0xF5, 0x4E, 0xA3, 0xE2, 0x7F, 0x51, 0x90, 0xC8, 0xE8, 0x45, 0x13, 0x18, 0x40,
    0x06, 0x19, 0xAF, 0xB8, 0x09, 0x61, 0xCE, 0x8D, 0xE5, 0x52, 0x69, 0x2C, 0x1C, 0x93, 0xCF, 0xAA,
    0xB0, 0x04, 0x8D, 0x6C, 0x2C, 0x3A, 0x37, 0x11, 0x69, 0x1A, 0x58, 0x9C, 0x5F, 0xB2, 0x05, 0x3D,
    0x46, 0x1C, 0x1B, 0x93, 0x07, 0xFD, 0x41, 0xE2, 0x98, 0x1B, 0x4E, 0xE3, 0xC4, 0xCE, 0x55, 0xFC,
    0x5E, 0xE5, 0xCD, 0x8A, 0x61, 0x9D, 0x02, 0xFB, 0xB9, 0xE2, 0x35, 0xBE, 0xD7, 0xCA, 0xEB, 0xBB,
    0x26, 0x7D, 0xDC, 0xDD, 0x64, 0xC8, 0x2F, 0xCA, 0x21, 0x6C, 0x71, 0xC8, 0x41, 0xFC, 0x6A, 0x88,
    0x91, 0xCF, 0xF3, 0xE2, 0x7E, 0x2F, 0x7E, 0xC5, 0x87, 0xFE, 0xD0, 0xF9, 0x31, 0x79, 0xDA, 0xE0,
    0x9D, 0x12, 0x63, 0x4F, 0x4C, 0x3D, 0xE1, 0x0B, 0xF3, 0x6A, 0x0A, 0x7F, 0x28, 0xA6, 0x57, 0xBC,
    0xE2, 0x50, 0xD2, 0x31, 0xBA, 0x20, 0x8A, 0x62, 0x34, 0xE9, 0x1D, 0x4A, 0x69, 0xD0, 0x3B, 0xEC,
    0x16, 0x87, 0xAD, 0xEC, 0xA7, 0x1C, 0xD3, 0xCF, 0xCD, 0xB6, 0x21, 0xD6, 0x4B, 0xBC, 0xF3, 0x8D,
    0xB8, 0xFA, 0x64, 0xCA, 0xB8, 0x89, 0x0B, 0xB0, 0xD2, 0xAB, 0xD6, 0xF7, 0x8A, 0xE0, 0x9B, 0xE0,
    0x7A, 0x69, 0x6B, 0x06, 0x7B, 0x1E, 0xBD, 0x30, 0xE8, 0x90, 0x4A, 0xCC, 0xB3, 0x2A, 0x4E, 0x8B,
    0xE6, 0xA9, 0xF3, 0x81, 0x49, 0xC4, 0xAE, 0xBB, 0x71, 0xD3, 0x8D, 0x6B, 0x06, 0x4D, 0xCE, 0xA4,
    0x39, 0x50, 0x39, 0x70, 0x56, 0xD3, 0xB1, 0x18, 0x58, 0xCA, 0xB9, 0xC7, 0xCC, 0x0F, 0x55, 0x99,
    0x04, 0x44, 0x31, 0x86, 0x55, 0xD2, 0x89, 0x00, 0x3E, 0x40, 0x40, 0xD5, 0x51, 0xB5, 0xFE, 0xB4,
    0xD5, 0xF1, 0x67, 0xD2, 0x99, 0x55, 0x01, 0x7C, 0x5C, 0x05, 0xF0, 0x0B, 0x77, 0x33, 0x34, 0xEE,
    0x46, 0x67, 0xC5, 0xB8, 0x55, 0xAC, 0xB8, 0x9B, 0x01, 0xE4, 0xD2, 0xA3, 0x7E, 0x28, 0x4D, 0x40,
    0xAB, 0x10, 0x13, 0xC3, 0x83, 0xC3, 0xB8, 0x85, 0x9D, 0x91, 0xF7, 0x16, 0x18, 0xEB, 0x63, 0x04,
    0x78, 0x77, 0xE0, 0xDD, 0xBF, 0x0C, 0xC9, 0xFE, 0x3B, 0x24, 0x88, 0xE8, 0xD7, 0x38, 0xE0, 0x21,
    0x13, 0x51, 0x17, 0x63, 0x34, 0x84, 0xAA, 0xC8, 0x47, 0x7F, 0x81, 0x60, 0xD0, 0x83, 0x71, 0xBB,
    0x9F, 0x84, 0xE4, 0xDC, 0x85, 0x7D, 0x7F, 0x07, 0x6B, 0xE2, 0xBE, 0x13, 0x93, 0x9E, 0xD3, 0xB3,
    0xB2, 0xAD, 0x5D, 0x93, 0x6D, 0xED, 0x2D, 0x65, 0x5B, 0xF1, 0x22, 0xDB, 0x9A, 0x0C, 0x78, 0x86,
    0x88, 0xF5, 0x1E, 0x3B, 0xB3, 0x63, 0xD7, 0x3E, 0x11, 0x09, 0x98, 0xC2, 0xC3, 0x5C, 0x13, 0x6A,
    0x2A, 0x92, 0xAB, 0x9A, 0xB0, 0x4F, 0x93, 0xA8, 0x9A, 0x21, 0x31, 0x93, 0xA4, 0x22, 0xE4, 0x82,
    0x10, 0x62, 0x48, 0xA0, 0xFC, 0x2C, 0xF4, 0x01, 0xF2, 0x74, 0x11, 0x5E, 0x17, 0x61, 0x53, 0x84,
    0x35, 0xF3, 0x7E, 0x1D, 0x2D, 0x1E, 0xDA, 0xC3, 0xB9, 0x62, 0x73, 0xB7, 0xCC, 0x74, 0xEB, 0x89,
    0xB0, 0x61, 0xD0, 0x13, 0x9C, 0x75, 0x66, 0xAB, 0xE9, 0xCF, 0xEB, 0x85, 0x8C, 0x94, 0xEC, 0xB2,
    0x2F, 0x86, 0xA1, 0x71, 0xA9, 0xC4, 0x4E, 0x25, 0x55, 0xE5, 0xA8, 0xF5, 0xEE, 0xFB, 0x42, 0x21,
    0x03, 0x15, 0x08, 0xE3, 0xBE, 0x11, 0x65, 0x21, 0x03, 0xA7, 0xAC, 0x4A, 0x97, 0xE6, 0xE4, 0xB4,
    0x5D, 0x5E, 0x3F, 0x0F, 0xD0, 0x37, 0x21, 0xBD, 0xD3, 0x33, 0x97, 0x93, 0xAC, 0x9D, 0x99, 0x5D,
    0x18, 0xB0, 0xD4, 0x5E, 0x16, 0xDB, 0x96, 0x5B, 0x10, 0xA2, 0x73, 0xE8, 0xBE, 0x1C, 0xCC, 0x4F,
    0xB9, 0xB1, 0x70, 0xE1, 0x37, 0xCB, 0x78, 0x7E, 0x30, 0x47, 0xC1, 0xA4, 0xE6, 0x22, 0x42, 0x8E,
    0x2D, 0x23, 0x19, 0x16, 0xCE, 0x09, 0x4F, 0x97, 0x19, 0xF3, 0x87, 0xA0, 0x06, 0x92, 0x22, 0xD6,
    0x54, 0x13, 0xDB, 0x1B, 0x8E, 0xA0, 0xA8, 0xDD, 0x20, 0xD9, 0x86, 0xE6, 0xB7, 0x13, 0xAA, 0xB5,
    0xA1, 0xBC, 0x6F, 0x42, 0x69, 0xAF, 0x71, 0x38, 0x1A, 0x96, 0x85, 0x85, 0x6B, 0x50, 0xCC, 0x37,
    0xA1, 0xD8, 0xED, 0x82, 0xEA, 0xED, 0xC8, 0xF4, 0x8D, 0xDA, 0xAD, 0xB0, 0x68, 0xFB, 0x20, 0x04,
    0xEF, 0xC4, 0x25, 0xA5, 0x6C, 0xC8, 0x3D, 0x21, 0x95, 0xB7, 0x9F, 0x39, 0xB0, 0x1F, 0xCD, 0xB4,
    0xEE, 0x7E, 0x98, 0xA1, 0xA5, 0x21, 0x23, 0x29, 0xBB, 0x09, 0xD8, 0x88, 0x89, 0x8E, 0xB1, 0x79,
    0x55, 0x02, 0x3A, 0x54, 0x55, 0x21, 0x77, 0x59, 0xF5, 0x9F, 0x11, 0x10, 0xBF, 0x62, 0x02, 0x62,
    0x28, 0x13, 0x95, 0x6E, 0x70, 0x8F, 0xD3, 0x8A, 0xE3, 0x42, 0x83, 0x4F, 0x51, 0x8F, 0xDE, 0x9B,
    0x17, 0x1A, 0xDE, 0x1F, 0x53, 0xB4, 0x4F, 0x5C, 0x7D, 0x10, 0x29, 0x77, 0xB0, 0x4B, 0x2D, 0x3F,
    0x8E, 0x13, 0x0C, 0xA5, 0xA6, 0x4C, 0xA0, 0x3D, 0x26, 0x53, 0x16, 0x57, 0x41, 0xF2, 0x3A, 0x31,
    0xC9, 0x7A, 0xA0, 0xD4, 0x31, 0x53, 0xEA, 0x5C, 0x07, 0x0A, 0x1A, 0x17, 0xA0, 0x09, 0x27, 0x7F,
    0x78, 0x27, 0x7D, 0x78, 0x37, 0x7C, 0x78, 0xDF, 0xD4, 0x85, 0xA6, 0xF4, 0xF0, 0x47, 0x7A, 0x78,
    0x37, 0x7E, 0x78, 0x3B, 0x2D, 0xEC, 0xBC, 0x60, 0x3F, 0x3D, 0x28, 0xA8, 0xC7, 0xB9, 0xA8, 0x93,
    0x1D, 0x7D, 0x19, 0x1F, 0x7D, 0x47, 0x47, 0x13, 0x1A, 0x4D, 0xE8, 0xE8, 0x47, 0x3A, 0xBA, 0x1B,
    0x1E, 0xDD, 0x49, 0x13, 0x27, 0x67, 0xC3, 0x26, 0x18, 0x49, 0x00, 0xC3, 0x1A, 0xD0, 0x08, 0xF4,
    0x3B, 0xBA, 0x87, 0x43, 0x78, 0x3B, 0x26, 0x71, 0x19, 0x82, 0x83, 0x78, 0x04, 0xF6, 0x29, 0x46,
    0xB8, 0xDE, 0x49, 0x49, 0xBC, 0x05, 0xB6, 0xB9, 0x08, 0x67, 0x1D, 0x0E, 0xA9, 0x1C, 0xE3, 0x93,
    0x31, 0xB0, 0x62, 0x74, 0x2F, 0xC7, 0x20, 0x8C, 0x41, 0x77, 0x06, 0x3E, 0xBC, 0x9D, 0x8A, 0x5F,
    0x2B, 0xF4, 0x14, 0x61, 0x67, 0x94, 0x06, 0x08, 0xAC, 0x86, 0x50, 0xF0, 0x82, 0x9C, 0xDB, 0x90,
    0xE4, 0x1D, 0x1C, 0xF6, 0x5D, 0x30, 0x0F, 0xA4, 0xE7, 0x80, 0x18, 0x1C, 0xB0, 0x95, 0x69, 0xBB,
    0x99, 0x97, 0x7D, 0xD2, 0x1E, 0xAE, 0x0E, 0x2E, 0x1F, 0xE3, 0x7A, 0x23, 0xA8, 0xE2, 0xED, 0xDC,
    0xBD, 0x1B, 0xBB, 0xF7, 0xC9, 0x9D, 0x40, 0xA7, 0xC9, 0xBD, 0x9B, 0x72, 0x0B, 0xDA, 0xD3, 0x9E,
    0x9B, 0x76, 0xD6, 0x25, 0xE7, 0x8C, 0x53, 0xED, 0x13, 0xB5, 0x2A, 0xF6, 0x67, 0x67, 0x02, 0x63,
    0x69, 0x1D, 0x8B, 0x5D, 0xB9, 0x13, 0x83, 0x78, 0x01, 0xAD, 0x19, 0xCB, 0x2D, 0x0B, 0x48, 0x77,
    0x62, 0x90, 0x96, 0xA8, 0x4C, 0xC5, 0x3D, 0x81, 0x32, 0x68, 0x38, 0x5C, 0x40, 0xC7, 0x87, 0x3A,
    0x3F, 0x54, 0xEA, 0x50, 0x25, 0x87, 0x6A, 0xEF, 0xD0, 0x70, 0xE3, 0x1C, 0x7B, 0xEC, 0xB5, 0x60,
    0x7B, 0x88, 0x17, 0xBD, 0x70, 0xDD, 0x40, 0x8C, 0x2A, 0x96, 0x47, 0x55, 0x04, 0x2A, 0x70, 0x62,
    0x31, 0x5D, 0xCE, 0x11, 0x5C, 0x8A, 0xEC, 0x35, 0x98, 0x44, 0xE0, 0x14, 0x52, 0x4C, 0x64, 0xB3,
    0xD9, 0x0B, 0x6A, 0x52, 0x0A, 0x29, 0xF1, 0x5E, 0x6B, 0xCA, 0x40, 0x7C, 0x36, 0xE4, 0x22, 0xC5,
    0x88, 0x63, 0x0E, 0x72, 0x72, 0xE3, 0x09, 0xEA, 0xEC, 0x96, 0xA6, 0x1C, 0xCC, 0x0F, 0xFD, 0x8C,
    0x6B, 0xCE, 0x83, 0x81, 0x52, 0xC8, 0xC0, 0xDB, 0x83, 0xC3, 0x41, 0xE7, 0x48, 0x99, 0xB0, 0x2F,
    0x34, 0x25, 0x7B, 0x0C, 0x51, 0xBC, 0xC3, 0x2D, 0xAA, 0x45, 0x07, 0x66, 0xA0, 0xC1, 0x74, 0xA3,
    0xB4, 0x67, 0xD9, 0x30, 0x37, 0xAD, 0x34, 0x61, 0x30, 0xE0, 0x1D, 0xE3, 0x39, 0xB9, 0xD3, 0xD4,
    0xA0, 0x51, 0xA1, 0x87, 0x10, 0x23, 0xC0, 0x9A, 0xF0, 0xD4, 0xD8, 0xE6, 0x00, 0x92, 0x41, 0x94,
    0xF8, 0x35, 0xFC, 0xDA, 0x23, 0xCE, 0xA3, 0x43, 0x93, 0xE3, 0xF0, 0x2A, 0xEB, 0x2E, 0x49, 0xCD,
    0xA0, 0x8A, 0x60, 0x06, 0x22, 0x54, 0xEE, 0x4D, 0xE5, 0xDC, 0xCA, 0xEC, 0x7B, 0x29, 0x92, 0x22,
    0xAE, 0x42, 0x77, 0x56, 0xB7, 0x5A, 0xAE, 0xD5, 0x00, 0x17, 0xF1, 0x5A, 0x09, 0x88, 0x19, 0x6B,
    0xDD, 0xCA, 0x4C, 0xA9, 0xDA, 0xAC, 0xD5, 0x21, 0x53, 0x9E, 0xE6, 0x6B, 0xCD, 0x5A, 0x0D, 0x0A,
    0x6A, 0x66, 0x2D, 0x0F, 0x6B, 0xA5, 0x27, 0xD6, 0x42, 0xB6, 0x26, 0x66, 0x57, 0x97, 0xD7, 0x32,
    0x1B, 0x8B, 0xD0, 0x93, 0xBB, 0x7D, 0x93, 0x72, 0x45, 0xFC, 0x43, 0xF3, 0x63, 0x74, 0x88, 0xAF,
    0xCE, 0xAD, 0x1C, 0xB7, 0x4C, 0x39, 0xAC, 0xCF, 0x71, 0xC3, 0x9C, 0x45, 0x81, 0xE3, 0x34, 0xEF,
    0xD1, 0x3C, 0xCD, 0x1B, 0x85, 0xA6, 0x82, 0x86, 0x21, 0x85, 0x4F, 0x37, 0x24, 0x37, 0xD5, 0xE6,
    0x00, 0xDB, 0x48, 0xE0, 0xF4, 0xC3, 0x88, 0x55, 0x68, 0x0D, 0x2C, 0x2F, 0x64, 0xC6, 0x46, 0x80,
    0x1B, 0x3F, 0x05, 0x7A, 0x06, 0x2C, 0xD6, 0x5A, 0x29, 0xBD, 0x95, 0xD5, 0xB7, 0xB2, 0xA6, 0xE3,
    0x9D, 0x28, 0xBD, 0x4D, 0xE8, 0x24, 0x03, 0x3C, 0x2F, 0xCF, 0x1C, 0xD3, 0x12, 0x03, 0xAC, 0x2E,
    0x71, 0x45, 0x45, 0x57, 0x54, 0x70, 0x38, 0x2F, 0xF0, 0x5D, 0x99, 0xC3, 0xAC, 0x75, 0x62, 0xE6,
    0xCF, 0xF3, 0xFD, 0xCF, 0xE7, 0x33, 0x7F, 0x6E, 0x50, 0x65, 0xB0, 0x27, 0x8B, 0x68, 0xFC, 0x0C,
    0x2B, 0x2B, 0xDC, 0x05, 0x5F, 0x15, 0xCB, 0x58, 0xA9, 0xCC, 0x76, 0xAB, 0x38, 0x26, 0xE3, 0x87,
    0x00, 0x96, 0x09, 0x50, 0x4E, 0x81, 0xF3, 0x9C, 0xEE, 0x18, 0xD9, 0xF7, 0x95, 0x64, 0x37, 0x51,
    0x3B, 0x91, 0x12, 0x5D, 0xAD, 0x3D, 0x88, 0x7A, 0xB1, 0x24, 0x6C, 0x6C, 0xFF, 0x67, 0x5C, 0xC1,
    0x72, 0xC7, 0xCC, 0x2D, 0xDD, 0xE2, 0xCA, 0x00, 0xE9, 0xAC, 0x7C, 0x4F, 0x35, 0xBA, 0x7A, 0xEA,
    0x71, 0x1D, 0xDC, 0x74, 0x1B, 0xBE, 0xC2, 0xB5, 0x57, 0x6F, 0xCB, 0x09, 0x97, 0x72, 0xF5, 0x0D,
    0x26, 0x2F, 0x16, 0x61, 0xD0, 0x56, 0x0F, 0xE3, 0xD6, 0x3D, 0x60, 0x3A, 0xCB, 0x23, 0x8C, 0x75,
    0xF3, 0x6D, 0x5B, 0x48, 0xE3, 0x03, 0x73, 0x72, 0xE5, 0xA5, 0xAA, 0x65, 0xB2, 0x9B, 0x82, 0x1E,
    0x65, 0xF3, 0x12, 0xA9, 0x57, 0x46, 0x55, 0xC9, 0x3C, 0xA4, 0x32, 0x34, 0x8D, 0xD8, 0x01, 0xCB,
    0xCD, 0x68, 0x39, 0x0E, 0x08, 0xD4, 0xE2, 0x8C, 0xF3, 0x79, 0xA9, 0x9E, 0x4B, 0x47, 0x55, 0xFF,
    0x7E, 0xCA, 0xBB, 0xE3, 0x72, 0x2F, 0x5F, 0xB8, 0xBD, 0x7C, 0x41, 0x1F, 0xCC, 0xC5, 0xA1, 0xA9,
    0x93, 0x96, 0x97, 0x87, 0x98, 0xB6, 0x05, 0xCD, 0xB9, 0x0E, 0x9B, 0xDE, 0x33, 0x4F, 0xC3, 0xD8,
    0x44, 0x65, 0x19, 0xB3, 0xD2, 0xD5, 0x53, 0x73, 0x59, 0xD5, 0x3C, 0x50, 0x2F, 0x48, 0x5B, 0x12,
    0xF6, 0x45, 0x3E, 0xE6, 0xB8, 0x71, 0x62, 0x7C, 0xA3, 0x9A, 0xE3, 0x0A, 0x6D, 0xF5, 0x78, 0x63,
    0xEE, 0x9E, 0x80, 0x74, 0x93, 0x7A, 0x9C, 0x49, 0x27, 0x72, 0x0E, 0x8C, 0xBA, 0xE1, 0x96, 0xEE,
    0xFE, 0x38, 0x1B, 0x31, 0x52, 0x3C, 0x06, 0xC8, 0x01, 0x58, 0x6A, 0x99, 0xC8, 0x93, 0xB9, 0xC7,
    0xA6, 0x05, 0x7D, 0xA7, 0xC4, 0x71, 0xA1, 0xFD, 0x39, 0xAC, 0xE2, 0x96, 0xA8, 0x02, 0x70, 0x56,
    0x17, 0x71, 0x11, 0x79, 0xD9, 0x47, 0x05, 0xD5, 0x6E, 0x27, 0xD4, 0xB8, 0xB3, 0x47, 0xF5, 0x6F,
    0xDB, 0x54, 0xBF, 0xD1, 0x26, 0xB9, 0x0F, 0xA5, 0x42, 0xFA, 0x78, 0xFA, 0x5F, 0xD7, 0x5C, 0xAB,
    0x67, 0xD8, 0x84, 0x7A, 0xB4, 0xF8, 0x62, 0x1F, 0xF9, 0xD1, 0x98, 0x3A, 0xB7, 0x07, 0x14, 0xDC,
    0xE9, 0x91, 0xFC, 0x16, 0x63, 0xEE, 0x4B, 0x6A, 0x5F, 0xC7, 0xD5, 0x43, 0x58, 0x8D, 0xB1, 0xD1,
    0x9A, 0x33, 0x3C, 0xB3, 0xE5, 0x9D, 0xE5, 0x29, 0xEB, 0x4A, 0xD2, 0xB9, 0x49, 0xB5, 0xDE, 0x86,
    0x87, 0x84, 0xF3, 0x21, 0xFE, 0x7F, 0xF1, 0x3A, 0xC3, 0x16, 0x3C, 0x2F, 0x14, 0xEF, 0xC4, 0x1E,
    0xE7, 0x18, 0x9B, 0x6E, 0x81, 0xB9, 0x8E, 0x0D, 0x95, 0x3E, 0x88, 0x89, 0x1E, 0xE1, 0xFA, 0x6B,
    0x4C, 0x36, 0xA7, 0xE1, 0x77, 0x26, 0xE4, 0x7C, 0x82, 0x70, 0x15, 0x87, 0xCC, 0x85, 0x1E, 0xBE,
    0x6A, 0xF8, 0xDC, 0xC0, 0x05, 0x8F, 0x67, 0x2E, 0xFF, 0xAB, 0xC2, 0x7F, 0x32, 0xA1, 0x7E, 0x83,
    0x3A, 0x3B, 0xD4, 0x10, 0x20, 0xD2, 0x96, 0xD6, 0xB2, 0x41, 0x6D, 0xF8, 0x72, 0xFF, 0x37, 0x2D,
    0x3D, 0xF3, 0xBE, 0x9F, 0xBE, 0xFA, 0x12, 0xD5, 0x10, 0x66, 0x4F, 0x91, 0xB5, 0x6C, 0xFD, 0x47,
    0x1D, 0x2B, 0x12, 0xDD, 0xA4, 0x8A, 0xF7, 0x02, 0xFF, 0xE4, 0xFC, 0x65, 0x5E, 0xAC, 0x8C, 0xD7,
    0x10, 0x72, 0xD5, 0xFA, 0x5A, 0xF7, 0xF5, 0xAC, 0x67, 0x9E, 0x3B, 0x22, 0x54, 0xF1, 0x2F, 0x22,
    0x51, 0x42, 0x12, 0xC8, 0x7F, 0xDE, 0xC0, 0x45, 0x4C, 0x37, 0x2F, 0x0B, 0x5D, 0xE5, 0x84, 0x89,
    0x29, 0x5B, 0x04, 0x6E, 0xDE, 0x42, 0x46, 0x36, 0x25, 0xE7, 0xE3, 0xD4, 0xBB, 0x93, 0xE2, 0xBD,
    0x14, 0xE9, 0x56, 0xF3, 0x0B, 0x8F, 0x7C, 0xC1, 0xEF, 0xE5, 0x6B, 0x93, 0xE5, 0xD6, 0x69, 0xC4,
    0x99, 0xDC, 0xC1, 0x9A, 0xF9, 0xB6, 0x75, 0x07, 0xCE, 0x2D, 0xA4, 0x2B, 0x19, 0xDE, 0x2B, 0x11,
    0x6C, 0xF3, 0x90, 0x7C, 0x45, 0x04, 0x9B, 0x3C, 0xA2, 0x81, 0x62, 0xB3, 0x6E, 0x83, 0x06, 0x60,
    0xAA, 0x22, 0x64, 0x21, 0x63, 0x73, 0x1A, 0xB9, 0xFB, 0x64, 0x2E, 0xF1, 0xE0, 0x0D, 0x6B, 0xD2,
    0xD7, 0x85, 0xA7, 0xE3, 0xBE, 0xCE, 0xFA, 0x98, 0x01, 0x41, 0xBF, 0x6F, 0xB6, 0x53, 0x30, 0xCD,
    0x3A, 0x8F, 0xF9, 0x51, 0x21, 0x9D, 0xCF, 0xF8, 0x0B, 0xC2, 0x08, 0x3B, 0xFF, 0xAD, 0xC7, 0x5E,
    0xF9, 0x32, 0xC7, 0x9F, 0xA1, 0xD0, 0x95, 0x79, 0x6C, 0xF5, 0x10, 0x7E, 0x79, 0xE0, 0x26, 0xE5,
    0xC0, 0x15, 0x53, 0xDC, 0x6A, 0xAD, 0x95, 0xB1, 0x9B, 0x2C, 0x87, 0xF3, 0xC5, 0x31, 0x2F, 0x4E,
    0x79, 0xAB, 0xC7, 0xEF, 0x2B, 0xCB, 0x6D, 0xF2, 0xEC, 0xA8, 0xAA, 0x0E, 0x86, 0xC7, 0xF3, 0x77,
    0xF9, 0xF9, 0x9E, 0x5E, 0x3B, 0xFF, 0xF1, 0x84, 0xE6, 0xB9, 0xF1, 0xC2, 0xAD, 0x0E, 0xE8, 0x78,
    0xC2, 0x95, 0xFD, 0x6F, 0x35, 0xFF, 0x53, 0xF7, 0xFF, 0xF4, 0xE5, 0x76, 0x04, 0xFF, 0xA9, 0xD9,
    0x8E, 0x98, 0x5B, 0xE6, 0x36, 0x0F, 0x78, 0x57, 0xC6, 0x6E, 0xF2, 0x24, 0xC4, 0xE6, 0x3F, 0xB7,
    0xC2, 0x35, 0x7F, 0x9D, 0xE5, 0x8F, 0x07, 0x2C, 0x7E, 0x2E, 0xA0, 0xCA, 0x79, 0xB6, 0x2D, 0x32,
    0xDB, 0x5F, 0x81, 0x0D, 0xFE, 0xA1, 0xCC, 0xFF, 0xFF, 0x97, 0xBD, 0x64, 0xB9, 0xFD, 0x40, 0xE1,
    0xFD, 0xA7, 0x6D, 0x87, 0xCE, 0x5D, 0x80, 0xD1, 0x42, 0xBE, 0x0F, 0x60, 0xA6, 0xB7, 0xE2, 0x33,
    0x6F, 0x87, 0x5E, 0xBC, 0x40, 0x32, 0xE2, 0x53, 0xBF, 0x19, 0xFF, 0x84, 0xED, 0xAC, 0x9A, 0xEC,
    0x36, 0x7F, 0x0F, 0x71, 0xCA, 0xDC, 0x9F, 0xFF, 0xFC, 0x6F, 0xBB, 0x1A, 0xEB, 0x52, 0x72, 0xF9,
    0xEC, 0x32, 0x6B, 0xDF, 0x60, 0xD1, 0x7D, 0xC5, 0xB0, 0xB6, 0xFA, 0x23, 0x89, 0x95, 0x1F, 0xB5,
    0xC9, 0xB3, 0xC3, 0xFF, 0x01, 0x75, 0x8D, 0xB1, 0x09, 0x80, 0x30, 0x14, 0x44, 0x1F, 0x0A, 0x5A,
    0x58, 0x38, 0x42, 0x5C, 0xC0, 0x4C, 0x90, 0x90, 0x8C, 0x65, 0x21, 0x98, 0xB1, 0x2C, 0x2C, 0x32,
    0x82, 0x3A, 0x81, 0x23, 0x04, 0x11, 0x2C, 0xF5, 0x2B, 0xB6, 0x1E, 0xBC, 0xE6, 0x38, 0xDE, 0xD1,
    0x00, 0x93, 0xA0, 0x85, 0x82, 0x37, 0x3D, 0x0A, 0x2B, 0x85, 0xC6, 0x50, 0x33, 0x52, 0x85, 0x44,
    0xBE, 0x6E, 0x64, 0x67, 0x84, 0xCB, 0xC3, 0x20, 0x23, 0xFB, 0x43, 0xF3, 0xEA, 0xF4, 0x27, 0xD3,
    0x58, 0x85, 0xA9, 0x31, 0x95, 0xEF, 0xCA, 0x78, 0xE4, 0x31, 0x65, 0xCB, 0xC6, 0x3E, 0x23, 0xAA,
    0x21, 0xE0, 0xBC, 0x5C, 0xD1, 0x3E, 0x97, 0x2E, 0xE1, 0x02, 0x37, 0x7D, 0x8F, 0x31, 0x8E, 0xC2,
    0x30, 0x10, 0x45, 0x7F, 0x9C, 0xC2, 0x45, 0x24, 0x7C, 0x02, 0x94, 0x96, 0x02, 0x9C, 0x76, 0x91,
    0x92, 0x78, 0xE8, 0x39, 0xC5, 0x9E, 0x00, 0x09, 0x4A, 0x24, 0xA2, 0xDD, 0x76, 0x8F, 0x40, 0x4F,
    0x8B, 0x44, 0x0A, 0x4A, 0x1F, 0x21, 0x12, 0x05, 0xED, 0x1C, 0xC1, 0x45, 0xCA, 0x04, 0xAF, 0xC9,
    0x6E, 0x01, 0x68, 0xB5, 0xD2, 0xFF, 0xE3, 0x99, 0x67, 0xCF, 0x97, 0xBC, 0xF3, 0x6E, 0xE7, 0x9D,
    0xF7, 0xBE, 0x7A, 0x74, 0xD4, 0x28, 0x2E, 0x61, 0x60, 0x28, 0x83, 0xB4, 0x8A, 0x13, 0x96, 0x8D,
    0xA9, 0xE6, 0x4F, 0x7D, 0x42, 0x75, 0x21, 0x9B, 0x5A, 0xA1, 0x53, 0xB6, 0x57, 0x76, 0x9B, 0x54,
    0xA9, 0x60, 0xF3, 0xD9, 0xA6, 0x1F, 0x6D, 0x42, 0x4E, 0x8B, 0xA6, 0x1E, 0x51, 0x2A, 0xDC, 0x0B,
    0xC1, 0x11, 0x8F, 0x32, 0x9E, 0x83, 0x5E, 0xE0, 0x93, 0x56, 0x83, 0xFE, 0xDD, 0xFA, 0x23, 0x64,
    0xD8, 0x92, 0x9C, 0x75, 0xA6, 0x37, 0x37, 0xD3, 0x67, 0x9D, 0xE4, 0x7C, 0x3A, 0x2E, 0xCA, 0x32,
    0x54, 0x0D, 0x60, 0x1D, 0x7C, 0x22, 0x19, 0x3C, 0xC3, 0x69, 0xC1, 0x58, 0xA7, 0x04, 0x7D, 0x46,
    0xF8, 0x20, 0x50, 0xB6, 0x39, 0xDE, 0xF7, 0x07, 0x88, 0xAF, 0x2B, 0xE2, 0xE5, 0x65, 0x38, 0x45,
    0x98, 0xD1, 0x16, 0x88, 0x6C, 0x6C, 0x15, 0x69, 0xE4, 0xD0, 0x50, 0x14, 0xDB, 0xC8, 0x4E, 0x7E,
    0x3B, 0xC1, 0x3F, 0x37, 0x93, 0x90, 0x3C, 0x42, 0x78, 0x80, 0x0D, 0xC0, 0x10, 0x16, 0x92, 0xEE,
    0x60, 0x3A, 0x00, 0x77, 0x07, 0x71, 0x05, 0x05, 0x8C, 0x81, 0x37, 0xE0, 0x1B, 0xBD, 0x8E, 0xB1,
    0x0D, 0x83, 0x30, 0x10, 0x45, 0x0F, 0x90, 0xE2, 0xC2, 0x02, 0x16, 0xC0, 0x61, 0x81, 0x08, 0x1A,
    0x8A, 0x8B, 0x74, 0x0A, 0x8C, 0x92, 0x11, 0x28, 0x5C, 0xA4, 0x88, 0x04, 0x23, 0x64, 0x84, 0x74,
    0x69, 0x5D, 0xA4, 0xB7, 0x27, 0x88, 0x3C, 0x82, 0x47, 0xB8, 0xC2, 0x05, 0x55, 0x14, 0x90, 0xD2,
    0xA5, 0x8F, 0x5E, 0xF1, 0xA5, 0xDF, 0xBC, 0x27, 0x82, 0x22, 0x52, 0x58, 0x1C, 0x5F, 0x58, 0x90,
    0x52, 0x24, 0x02, 0xE8, 0x24, 0x0A, 0x9D, 0x77, 0xD8, 0x4D, 0x6F, 0xE8, 0x36, 0x7A, 0xDE, 0xA6,
    0x9F, 0x13, 0x06, 0xBD, 0x62, 0xEC, 0x9C, 0xF2, 0x7E, 0x7D, 0xAC, 0x67, 0x1D, 0xD0, 0xA0, 0x36,
    0xB5, 0xB7, 0x0B, 0x3C, 0x81, 0x53, 0x97, 0xCD, 0x12, 0x4A, 0x28, 0x40, 0x81, 0xE4, 0xEA, 0x40,
    0x55, 0x43, 0x65, 0x3C, 0x5C, 0x31, 0x27, 0x25, 0x63, 0xED, 0x71, 0x34, 0x68, 0x48, 0x53, 0xBD,
    0xC0, 0xB8, 0xF3, 0x27, 0x10, 0x3F, 0x76, 0x31, 0xB4, 0xC3, 0x63, 0xC8, 0xBE, 0xD8, 0xA5, 0x75,
    0x77, 0x06, 0x93, 0x06, 0xE9, 0x1A, 0xB8, 0x80, 0x8D, 0x93, 0x3B, 0x33, 0x84, 0xD2, 0xC1, 0xDA,
    0x72, 0x33, 0x93, 0xFB, 0x67, 0xED, 0x07, 0x55, 0xCE, 0xBD, 0x0D, 0xC2, 0x30, 0x10, 0x86, 0xE1,
    0x37, 0x89, 0x44, 0x04, 0x2E, 0x18, 0xC1, 0x2D, 0x4B, 0x20, 0x7B, 0x22, 0x44, 0x49, 0x67, 0x8F,
    0xC0, 0x46, 0xF6, 0x08, 0x8C, 0xE0, 0x11, 0x5C, 0xA4, 0x48, 0xE1, 0xE4, 0xB8, 0x24, 0x34, 0x48,
    0x4F, 0xF1, 0xE9, 0xFE, 0x74, 0xD8, 0x46, 0x6A, 0xDD, 0xC4, 0xF0, 0x61, 0xC8, 0x38, 0x29, 0xCA,
    0x44, 0x0D, 0x59, 0x8D, 0x79, 0xAB, 0xF7, 0xD3, 0x19, 0x59, 0xB1, 0xB3, 0x93, 0x55, 0x71, 0x67,
    0xF7, 0xC4, 0x55, 0x92, 0x37, 0x0B, 0x97, 0xBF, 0x7C, 0x74, 0xE9, 0x25, 0x8E, 0x52, 0x4F, 0x7A,
    0x9A, 0x97, 0xFA, 0xED, 0x3E, 0xFC, 0x11, 0xAE, 0xB0, 0x89, 0x37, 0x23, 0xAD, 0x4B, 0x25, 0x48,
    0x0B, 0x32, 0x63, 0xC1, 0xF8, 0x20, 0x55, 0x61, 0x7D, 0x58, 0x08, 0x6F, 0x9C, 0x8E, 0xE9, 0x1B,
    0x05, 0xE6, 0xFD, 0xB2, 0xE5, 0x0B, 0x95, 0x91, 0x3D, 0x4E, 0xC3, 0x40, 0x10, 0x85, 0xBF, 0x38,
    0x12, 0x16, 0xB2, 0x88, 0x0F, 0x80, 0x82, 0x1B, 0x24, 0x9A, 0xFC, 0x34, 0x14, 0x29, 0x9C, 0xC4,
    0x12, 0x17, 0xA1, 0xA0, 0x87, 0x82, 0x82, 0x22, 0x92, 0xCD, 0x0D, 0x38, 0x0A, 0x05, 0x45, 0x8A,
    0x88, 0x18, 0xB8, 0x40, 0x04, 0x17, 0xB0, 0x14, 0x0E, 0xB0, 0x85, 0x25, 0x84, 0x48, 0xB2, 0xBC,
    0x5D, 0x5C, 0x50, 0x21, 0x21, 0xBD, 0x5D, 0xCD, 0xCE, 0xBC, 0x37, 0x7A, 0x33, 0x1B, 0xEE, 0x88,
    0x6C, 0x49, 0x68, 0xA0, 0x86, 0x1B, 0x48, 0x59, 0xCE, 0x42, 0xBB, 0x89, 0x8B, 0xC5, 0x80, 0x34,
    0x6D, 0x30, 0x1F, 0x63, 0x92, 0xB3, 0x2A, 0xB6, 0x65, 0xB0, 0x83, 0x29, 0xB0, 0xD4, 0xF9, 0x2A,
    0x68, 0xAD, 0x4B, 0x82, 0x97, 0x92, 0xF6, 0x53, 0x45, 0x58, 0x18, 0xA2, 0xCC, 0x10, 0xF3, 0x40,
    0x47, 0xAD, 0xFA, 0xEA, 0x95, 0xFA, 0xFB, 0x88, 0xDC, 0x5A, 0x96, 0xFE, 0x18, 0x61, 0xCE, 0x3F,
    0xF0, 0x23, 0x49, 0x21, 0x41, 0xED, 0x69, 0x97, 0xB4, 0x64, 0x76, 0xEE, 0x9C, 0xEA, 0x56, 0x1C,
    0x96, 0xC4, 0x19, 0x03, 0x98, 0x81, 0xB5, 0xC6, 0xA3, 0x16, 0x90, 0x0B, 0x47, 0xBA, 0x86, 0x8A,
    0x40, 0x33, 0x66, 0x2E, 0xD1, 0xF3, 0x09, 0xE3, 0x12, 0xED, 0x42, 0x5E, 0xE9, 0xC2, 0x08, 0x26,
    0x9A, 0x68, 0xA2, 0x99, 0x94, 0x70, 0x2C, 0x97, 0x75, 0x54, 0xA7, 0x77, 0x7C, 0xEE, 0x71, 0xA2,
    0x50, 0x9D, 0xA6, 0xB7, 0x2B, 0x4E, 0x9E, 0x35, 0xF6, 0x5B, 0x09, 0xEB, 0x0C, 0x3E, 0x54, 0xCA,
    0xC1, 0xCB, 0xC7, 0xF2, 0xF8, 0x5A, 0xA7, 0x79, 0xF7, 0xB4, 0xD7, 0x11, 0x14, 0xE8, 0x49, 0x24,
    0x55, 0xC5, 0xC2, 0xAF, 0xF8, 0x6F, 0x18, 0x6F, 0xCD, 0x38, 0xFA, 0x34, 0x23, 0xAC, 0x0E, 0x92,
    0x6D, 0x3F, 0x1D, 0x6E, 0x8E, 0x43, 0xF3, 0x3B, 0x26, 0x50, 0xCD, 0x99, 0x6F, 0x06, 0x1D, 0x79,
    0x7F, 0x55, 0xF3, 0xD4, 0x92, 0x34, 0xC5, 0x3E, 0xDE, 0x75, 0x62, 0xF6, 0xEC, 0x5D, 0x5E, 0xB1,
    0xD1, 0x97, 0x15, 0x44, 0x9F, 0xB2, 0xBA, 0xF2, 0xBF, 0x7D, 0x05, 0x0D, 0xFF, 0xC2, 0x97, 0x0E,
    0xB7, 0x70, 0xA9, 0x3D, 0xD5, 0x92, 0xB4, 0x6C, 0x36, 0x7C, 0xE7, 0x11, 0xCE, 0x5D, 0x93, 0x86,
    0xF6, 0x0D, 0x63, 0xD8, 0xAF, 0xC3, 0xFC, 0xDF, 0x96, 0xFB, 0x80, 0x0E, 0x3F, 0x03, 0x03, 0x10,
    0xD5, 0xFF, 0xB1, 0x01, 0x22, 0x7E, 0x06, 0x7C, 0x88, 0x61, 0xBF, 0x0E, 0x03, 0xF3, 0x7F, 0x1B,
    0x06, 0xEE, 0x03, 0x36, 0x0C, 0x20, 0x2E, 0x08, 0x03, 0x35, 0x81, 0x31, 0x8C, 0x8F, 0x1D, 0xDB,
    0x02, 0xB1, 0x3D, 0x10, 0x73, 0x33, 0x00, 0x00, 0x63, 0x90, 0x60, 0x60, 0x60, 0xA8, 0x63, 0x60,
    0x60, 0x6C, 0x68, 0x60, 0x60, 0xFF, 0x53, 0xC0, 0x20, 0xFF, 0x63, 0x0F, 0x43, 0xFD, 0xC7, 0xFF,
    0x0C, 0xF5, 0x97, 0xFF, 0x33, 0xC8, 0xFF, 0xFF, 0xC3, 0xC0, 0x7E, 0xF9, 0x03, 0x03, 0xE3, 0xE5,
    0x03, 0x60, 0x35, 0x0C, 0x40, 0xB5, 0x00,
};

static const EpdGlyph ubuntumono_12_regularGlyphs[] = {
    { 0, 0, 200, 0, 0, 0, 0 }, // U+0000
    { 0, 0, 200, 0, 0, 0, 0 }, // U+0008
    { 0, 0, 200, 0, 0, 0, 0 }, // U+0009
    { 0, 0, 200, 0, 0, 0, 0 }, // U+000D
    { 0, 0, 200, 0, 0, 0, 0 }, // U+001D
    { 0, 0, 200, 0, 0, 0, 0 }, // U+0020
    { 4, 15, 200, 4, 15, 15, 0 }, // !
    { 7, 6, 200, 3, 17, 11, 15 }, // "
    { 12, 15, 200, 0, 15, 45, 26 }, // #
    { 11, 19, 200, 1, 17, 53, 71 }, // $
    { 13, 15, 200, 0, 15, 49, 124 }, // %
    { 12, 15, 200, 0, 15, 45, 173 }, // &
    { 3, 7, 200, 5, 17, 6, 218 }, // '
    { 8, 19, 200, 2, 15, 38, 224 }, // (
    { 8, 19, 200, 2, 15, 38, 262 }, // )
    { 11, 10, 200, 1, 15, 28, 300 }, // *
    { 11, 12, 200, 1, 13, 33, 328 }, // +
    { 6, 6, 200, 3, 3, 9, 361 }, // ,
    { 6, 2, 200, 3, 7, 3, 370 }, // -
    { 5, 3, 200, 4, 3, 4, 373 }, // .
    { 10, 21, 200, 1, 17, 53, 377 }, // /
    { 11, 15, 200, 1, 15, 42, 430 }, // 0
    { 10, 15, 200, 1, 15, 38, 472 }, // 1
    { 11, 15, 200, 1, 15, 42, 510 }, // 2
    { 11, 15, 200, 1, 15, 42, 552 }, // 3
    { 12, 15, 200, 0, 15, 45, 594 }, // 4
    { 11, 15, 200, 1, 15, 42, 639 }, // 5
    { 11, 15, 200, 1, 15, 42, 681 }, // 6
    { 11, 15, 200, 1, 15, 42, 723 }, // 7
    { 11, 15, 200, 1, 15, 42, 765 }, // 8
    { 11, 15, 200, 1, 15, 42, 807 }, // 9
    { 5, 11, 200, 4, 11, 14, 849 }, // :
    { 6, 14, 200, 3, 11, 21, 863 }, // ;
    { 11, 10, 200, 1, 11, 28, 884 }, // <
    { 11, 7, 200, 1, 10, 20, 912 }, // =
    { 11, 10, 200, 1, 11, 28, 932 }, // >
    { 9, 15, 200, 2, 15, 34, 960 }, // ?
    { 11, 18, 200, 1, 15, 50, 994 }, // @
    { 13, 15, 200, 0, 15, 49, 1044 }, // A
    { 11, 15, 200, 1, 15, 42, 1093 }, // B
    { 11, 15, 200, 1, 15, 42, 1135 }, // C
    { 11, 15, 200, 1, 15, 42, 1177 }, // D
    { 10, 15, 200, 2, 15, 38, 1219 }, // E
    { 10, 15, 200, 2, 15, 38, 1257 }, // F
    { 11, 15, 200, 1, 15, 42, 1295 }, // G
    { 11, 15, 200, 1, 15, 42, 1337 }, // H
    { 9, 15, 200, 2, 15, 34, 1379 }, // I
    { 10, 15, 200, 1, 15, 38, 1413 }, // J
    { 12, 15, 200, 1, 15, 45, 1451 }, // K
    { 10, 15, 200, 2, 15, 38, 1496 }, // L
    { 12, 15, 200, 0, 15, 45, 1534 }, // M
    { 11, 15, 200, 1, 15, 42, 1579 }, // N
    { 12, 15, 200, 0, 15, 45, 1621 }, // O
    { 11, 15, 200, 1, 15, 42, 1666 }, // P
    { 12, 19, 200, 0, 15, 57, 1708 }, // Q
    { 11, 15, 200, 1, 15, 42, 1765 }, // R
    { 11, 15, 200, 1, 15, 42, 1807 }, // S
    { 12, 15, 200, 0, 15, 45, 1849 }, // T
    { 11, 15, 200, 1, 15, 42, 1894 }, // U
    { 13, 15, 200, 0, 15, 49, 1936 }, // V
    { 12, 15, 200, 0, 15, 45, 1985 }, // W
    { 12, 15, 200, 0, 15, 45, 2030 }, // X
    { 13, 15, 200, 0, 15, 49, 2075 }, // Y
    { 11, 15, 200, 1, 15, 42, 2124 }, // Z
    { 7, 19, 200, 3, 15, 34, 2166 }, // [
    { 10, 21, 200, 1, 17, 53, 2200 }, // <backslash>
    { 7, 19, 200, 2, 15, 34, 2253 }, // ]
    { 11, 8, 200, 1, 15, 22, 2287 }, // ^
    { 13, 2, 200, 0, -2, 7, 2309 }, // _
    { 5, 4, 200, 4, 17, 5, 2316 }, // `
    { 10, 12, 200, 1, 12, 30, 2321 }, // a
    { 11, 17, 200, 1, 17, 47, 2351 }, // b
    { 11, 12, 200, 1, 12, 33, 2398 }, // c
    { 10, 17, 200, 1, 17, 43, 2431 }, // d
    { 11, 12, 200, 1, 12, 33, 2474 }, // e
    { 12, 17, 200, 1, 17, 51, 2507 }, // f
    { 10, 16, 200, 1, 12, 40, 2558 }, // g
    { 10, 17, 200, 1, 17, 43, 2598 }, // h
    { 11, 17, 200, 1, 17, 47, 2641 }, // i
    { 9, 21, 200, 1, 17, 48, 2688 }, // j
    { 11, 17, 200, 1, 17, 47, 2736 }, // k
    { 11, 17, 200, 1, 17, 47, 2783 }, // l
    { 11, 12, 200, 1, 12, 33, 2830 }, // m
    { 10, 12, 200, 1, 12, 30, 2863 }, // n
    { 11, 12, 200, 1, 12, 33, 2893 }, // o
    { 11, 16, 200, 1, 12, 44, 2926 }, // p
    { 10, 16, 200, 1, 12, 40, 2970 }, // q
    { 9, 12, 200, 2, 12, 27, 3010 }, // r
    { 10, 12, 200, 1, 12, 30, 3037 }, // s
    { 11, 16, 200, 1, 16, 44, 3067 }, // t
    { 10, 12, 200, 1, 12, 30, 3111 }, // u
    { 12, 12, 200, 0, 12, 36, 3141 }, // v
    { 13, 12, 200, 0, 12, 39, 3177 }, // w
    { 12, 12, 200, 0, 12, 36, 3216 }, // x
    { 12, 16, 200, 0, 12, 48, 3252 }, // y
    { 10, 12, 200, 1, 12, 30, 3300 }, // z
    { 10, 21, 200, 1, 17, 53, 3330 }, // {
    { 3, 21, 200, 5, 17, 16, 3383 }, // |
    { 10, 21, 200, 1, 17, 53, 3399 }, // }
    { 12, 4, 200, 0, 9, 12, 3452 }, // ~
    { 0, 0, 200, 0, 0, 0, 0 }, // U+00A0
    { 4, 16, 200, 4, 12, 16, 0 }, // U+00A1
    { 11, 17, 200, 1, 15, 47, 16 }, // U+00A2
    { 11, 15, 200, 1, 15, 42, 63 }, // U+00A3
    { 12, 11, 200, 0, 13, 33, 105 }, // U+00A4
    { 13, 15, 200, 0, 15, 49, 138 }, // U+00A5
    { 3, 21, 200, 5, 17, 16, 187 }, // U+00A6
    { 10, 18, 200, 1, 16, 45, 203 }, // U+00A7
    { 8, 3, 200, 2, 17, 6, 248 }, // U+00A8
    { 12, 12, 200, 0, 12, 36, 254 }, // U+00A9
    { 8, 8, 200, 2, 15, 16, 290 }, // U+00AA
    { 10, 9, 200, 1, 11, 23, 306 }, // U+00AB
    { 11, 8, 200, 1, 9, 22, 329 }, // U+00AC
    { 6, 2, 200, 3, 7, 3, 351 }, // U+00AD
    { 12, 12, 200, 0, 12, 36, 354 }, // U+00AE
    { 7, 2, 200, 3, 16, 4, 390 }, // U+00AF
    { 7, 5, 200, 3, 16, 9, 394 }, // U+00B0
    { 11, 15, 200, 1, 15, 42, 403 }, // U+00B1
    { 7, 8, 200, 3, 15, 14, 445 }, // U+00B2
    { 7, 8, 200, 3, 15, 14, 459 }, // U+00B3
    { 5, 4, 200, 4, 17, 5, 473 }, // U+00B4
    { 10, 16, 200, 1, 12, 40, 478 }, // U+00B5
    { 12, 20, 200, 0, 16, 60, 518 }, // U+00B6
    { 5, 3, 200, 4, 8, 4, 578 }, // U+00B7
    { 6, 4, 200, 3, 0, 6, 582 }, // U+00B8
    { 7, 8, 200, 3, 15, 14, 588 }, // U+00B9
    { 9, 8, 200, 2, 15, 18, 602 }, // U+00BA
    { 9, 9, 200, 2, 11, 21, 620 }, // U+00BB
    { 12, 16, 200, 0, 16, 48, 641 }, // U+00BC
    { 13, 17, 200, 0, 16, 56, 689 }, // U+00BD
    { 12, 16, 200, 0, 16, 48, 745 }, // U+00BE
    { 9, 16, 200, 2, 12, 36, 793 }, // U+00BF
    { 13, 20, 200, 0, 20, 65, 829 }, // U+00C0
    { 13, 20, 200, 0, 20, 65, 894 }, // U+00C1
    { 13, 20, 200, 0, 20, 65, 959 }, // U+00C2
    { 13, 20, 200, 0, 20, 65, 1024 }, // U+00C3
    { 13, 20, 200, 0, 20, 65, 1089 }, // U+00C4
    { 13, 18, 200, 0, 18, 59, 1154 }, // U+00C5
    { 13, 15, 200, 0, 15, 49, 1213 }, // U+00C6
    { 11, 19, 200, 1, 15, 53, 1262 }, // U+00C7
    { 10, 20, 200, 2, 20, 50, 1315 }, // U+00C8
    { 10, 20, 200, 2, 20, 50, 1365 }, // U+00C9
    { 10, 20, 200, 2, 20, 50, 1415 }, // U+00CA
    { 10, 20, 200, 2, 20, 50, 1465 }, // U+00CB
    { 9, 20, 200, 2, 20, 45, 1515 }, // U+00CC
    { 9, 20, 200, 2, 20, 45, 1560 }, // U+00CD
    { 9, 20, 200, 2, 20, 45, 1605 }, // U+00CE
    { 9, 20, 200, 2, 20, 45, 1650 }, // U+00CF
    { 12, 15, 200, 0, 15, 45, 1695 }, // U+00D0
    { 11, 20, 200, 1, 20, 55, 1740 }, // U+00D1
    { 12, 20, 200, 0, 20, 60, 1795 }, // U+00D2
    { 12, 20, 200, 0, 20, 60, 1855 }, // U+00D3
    { 12, 20, 200, 0, 20, 60, 1915 }, // U+00D4
    { 12, 20, 200, 0, 20, 60, 1975 }, // U+00D5
    { 12, 20, 200, 0, 20, 60, 2035 }, // U+00D6
    { 10, 9, 200, 1, 11, 23, 2095 }, // U+00D7
    { 12, 16, 200, 0, 15, 48, 2118 }, // U+00D8
    { 11, 20, 200, 1, 20, 55, 2166 }, // U+00D9
    { 11, 20, 200, 1, 20, 55, 2221 }, // U+00DA
    { 11, 20, 200, 1, 20, 55, 2276 }, // U+00DB
    { 11, 20, 200, 1, 20, 55, 2331 }, // U+00DC
    { 13, 20, 200, 0, 20, 65, 2386 }, // U+00DD
    { 11, 15, 200, 1, 15, 42, 2451 }, // U+00DE
    { 11, 17, 200, 1, 17, 47, 2493 }, // U+00DF
    { 10, 17, 200, 1, 17, 43, 2540 }, // U+00E0
    { 10, 17, 200, 1, 17, 43, 2583 }, // U+00E1
    { 10, 17, 200, 1, 17, 43, 2626 }, // U+00E2
    { 10, 17, 200, 1, 17, 43, 2669 }, // U+00E3
    { 10, 17, 200, 1, 17, 43, 2712 }, // U+00E4
    { 10, 17, 200, 1, 17, 43, 2755 }, // U+00E5
    { 12, 12, 200, 0, 12, 36, 2798 }, // U+00E6
    { 11, 16, 200, 1, 12, 44, 2834 }, // U+00E7
    { 11, 17, 200, 1, 17, 47, 2878 }, // U+00E8
    { 11, 17, 200, 1, 17, 47, 2925 }, // U+00E9
    { 11, 17, 200, 1, 17, 47, 2972 }, // U+00EA
    { 11, 17, 200, 1, 17, 47, 3019 }, // U+00EB
    { 11, 17, 200, 1, 17, 47, 3066 }, // U+00EC
    { 11, 17, 200, 1, 17, 47, 3113 }, // U+00ED
    { 11, 17, 200, 1, 17, 47, 3160 }, // U+00EE
    { 11, 17, 200, 1, 17, 47, 3207 }, // U+00EF
    { 11, 17, 200, 1, 17, 47, 3254 }, // U+00F0
    { 10, 17, 200, 1, 17, 43, 3301 }, // U+00F1
    { 11, 17, 200, 1, 17, 47, 3344 }, // U+00F2
    { 11, 17, 200, 1, 17, 47, 3391 }, // U+00F3
    { 11, 17, 200, 1, 17, 47, 3438 }, // U+00F4
    { 11, 17, 200, 1, 17, 47, 3485 }, // U+00F5
    { 11, 17, 200, 1, 17, 47, 3532 }, // U+00F6
    { 11, 12, 200, 1, 13, 33, 3579 }, // U+00F7
    { 11, 14, 200, 1, 13, 39, 3612 }, // U+00F8
    { 10, 17, 200, 1, 17, 43, 3651 }, // U+00F9
    { 10, 17, 200, 1, 17, 43, 3694 }, // U+00FA
    { 10, 17, 200, 1, 17, 43, 3737 }, // U+00FB
    { 10, 17, 200, 1, 17, 43, 3780 }, // U+00FC
    { 12, 21, 200, 0, 17, 63, 3823 }, // U+00FD
    { 11, 21, 200, 1, 17, 58, 3886 }, // U+00FE
    { 12, 21, 200, 0, 17, 63, 3944 }, // U+00FF
    { 13, 19, 200, 0, 19, 62, 0 }, // U+0100
    { 10, 16, 200, 1, 16, 40, 62 }, // U+0101
    { 13, 21, 200, 0, 21, 69, 102 }, // U+0102
    { 10, 18, 200, 1, 18, 45, 171 }, // U+0103
    { 13, 19, 200, 0, 15, 62, 216 }, // U+0104
    { 10, 16, 200, 1, 12, 40, 278 }, // U+0105
    { 11, 20, 200, 1, 20, 55, 318 }, // U+0106
    { 11, 17, 200, 1, 17, 47, 373 }, // U+0107
    { 11, 20, 200, 1, 20, 55, 420 }, // U+0108
    { 11, 17, 200, 1, 17, 47, 475 }, // U+0109
    { 11, 20, 200, 1, 20, 55, 522 }, // U+010A
    { 11, 17, 200, 1, 17, 47, 577 }, // U+010B
    { 11, 20, 200, 1, 20, 55, 624 }, // U+010C
    { 11, 17, 200, 1, 17, 47, 679 }, // U+010D
    { 11, 20, 200, 1, 20, 55, 726 }, // U+010E
    { 13, 17, 200, 0, 17, 56, 781 }, // U+010F
    { 12, 15, 200, 0, 15, 45, 837 }, // U+0110
    { 11, 17, 200, 1, 17, 47, 882 }, // U+0111
    { 10, 19, 200, 2, 19, 48, 929 }, // U+0112
    { 11, 16, 200, 1, 16, 44, 977 }, // U+0113
    { 10, 21, 200, 2, 21, 53, 1021 }, // U+0114
    { 11, 18, 200, 1, 18, 50, 1074 }, // U+0115
    { 10, 20, 200, 2, 20, 50, 1124 }, // U+0116
    { 11, 17, 200, 1, 17, 47, 1174 }, // U+0117
    { 10, 19, 200, 2, 15, 48, 1221 }, // U+0118
    { 11, 16, 200, 1, 12, 44, 1269 }, // U+0119
    { 10, 20, 200, 2, 20, 50, 1313 }, // U+011A
    { 11, 17, 200, 1, 17, 47, 1363 }, // U+011B
    { 11, 20, 200, 1, 20, 55, 1410 }, // U+011C
    { 10, 21, 200, 1, 17, 53, 1465 }, // U+011D
    { 11, 21, 200, 1, 21, 58, 1518 }, // U+011E
    { 10, 22, 200, 1, 18, 55, 1576 }, // U+011F
    { 11, 20, 200, 1, 20, 55, 1631 }, // U+0120
    { 10, 21, 200, 1, 17, 53, 1686 }, // U+0121
    { 11, 19, 200, 1, 15, 53, 1739 }, // U+0122
    { 10, 22, 200, 1, 18, 55, 1792 }, // U+0123
    { 11, 20, 200, 1, 20, 55, 1847 }, // U+0124
    { 10, 21, 200, 1, 21, 53, 1902 }, // U+0125
    { 13, 15, 200, 0, 15, 49, 1955 }, // U+0126
    { 11, 17, 200, 0, 17, 47, 2004 }, // U+0127
    { 9, 20, 200, 2, 20, 45, 2051 }, // U+0128
    { 11, 17, 200, 1, 17, 47, 2096 }, // U+0129
    { 9, 19, 200, 2, 19, 43, 2143 }, // U+012A
    { 11, 16, 200, 1, 16, 44, 2186 }, // U+012B
    { 9, 21, 200, 2, 21, 48, 2230 }, // U+012C
    { 11, 18, 200, 1, 18, 50, 2278 }, // U+012D
    { 9, 19, 200, 2, 15, 43, 2328 }, // U+012E
    { 11, 21, 200, 1, 17, 58, 2371 }, // U+012F
    { 9, 20, 200, 2, 20, 45, 2429 }, // U+0130
    { 11, 12, 200, 1, 12, 33, 2474 }, // U+0131
    { 11, 15, 200, 1, 15, 42, 2507 }, // U+0132
    { 9, 21, 200, 2, 17, 48, 2549 }, // U+0133
    { 10, 20, 200, 1, 20, 50, 2597 }, // U+0134
    { 9, 21, 200, 1, 17, 48, 2647 }, // U+0135
    { 12, 19, 200, 1, 15, 57, 2695 }, // U+0136
    { 11, 21, 200, 1, 17, 58, 2752 }, // U+0137
    { 11, 12, 200, 1, 12, 33, 2810 }, // U+0138
    { 10, 20, 200, 2, 20, 50, 2843 }, // U+0139
    { 11, 21, 200, 1, 21, 58, 2893 }, // U+013A
    { 10, 19, 200, 2, 15, 48, 2951 }, // U+013B
    { 11, 21, 200, 1, 17, 58, 2999 }, // U+013C
    { 10, 15, 200, 2, 15, 38, 3057 }, // U+013D
    { 11, 17, 200, 1, 17, 47, 3095 }, // U+013E
    { 10, 15, 200, 2, 15, 38, 3142 }, // U+013F
    { 13, 17, 200, 1, 17, 56, 3180 }, // U+0140
    { 12, 15, 200, 0, 15, 45, 3236 }, // U+0141
    { 11, 17, 200, 1, 17, 47, 3281 }, // U+0142
    { 11, 20, 200, 1, 20, 55, 3328 }, // U+0143
    { 10, 17, 200, 1, 17, 43, 3383 }, // U+0144
    { 11, 19, 200, 1, 15, 53, 3426 }, // U+0145
    { 10, 16, 200, 1, 12, 40, 3479 }, // U+0146
    { 11, 20, 200, 1, 20, 55, 3519 }, // U+0147
    { 10, 17, 200, 1, 17, 43, 3574 }, // U+0148
    { 11, 18, 200, 0, 18, 50, 3617 }, // U+0149
    { 11, 19, 200, 1, 15, 53, 3667 }, // U+014A
    { 10, 16, 200, 1, 12, 40, 3720 }, // U+014B
    { 12, 19, 200, 0, 19, 57, 3760 }, // U+014C
    { 11, 16, 200, 1, 16, 44, 3817 }, // U+014D
    { 12, 21, 200, 0, 21, 63, 3861 }, // U+014E
    { 11, 18, 200, 1, 18, 50, 3924 }, // U+014F
    { 12, 20, 200, 0, 20, 60, 3974 }, // U+0150
    { 11, 17, 200, 1, 17, 47, 4034 }, // U+0151
    { 13, 15, 200, 0, 15, 49, 4081 }, // U+0152
    { 12, 12, 200, 0, 12, 36, 4130 }, // U+0153
    { 11, 20, 200, 1, 20, 55, 4166 }, // U+0154
    { 9, 17, 200, 2, 17, 39, 4221 }, // U+0155
    { 11, 19, 200, 1, 15, 53, 4260 }, // U+0156
    { 10, 16, 200, 1, 12, 40, 4313 }, // U+0157
    { 11, 20, 200, 1, 20, 55, 4353 }, // U+0158
    { 9, 17, 200, 2, 17, 39, 4408 }, // U+0159
    { 11, 20, 200, 1, 20, 55, 4447 }, // U+015A
    { 10, 17, 200, 1, 17, 43, 4502 }, // U+015B
    { 11, 20, 200, 1, 20, 55, 4545 }, // U+015C
    { 10, 17, 200, 1, 17, 43, 4600 }, // U+015D
    { 11, 19, 200, 1, 15, 53, 4643 }, // U+015E
    { 10, 16, 200, 1, 12, 40, 4696 }, // U+015F
    { 11, 20, 200, 1, 20, 55, 4736 }, // U+0160
    { 10, 17, 200, 1, 17, 43, 4791 }, // U+0161
    { 12, 19, 200, 0, 15, 57, 4834 }, // U+0162
    { 11, 20, 200, 1, 16, 55, 4891 }, // U+0163
    { 12, 20, 200, 0, 20, 60, 4946 }, // U+0164
    { 11, 17, 200, 1, 17, 47, 5006 }, // U+0165
    { 12, 15, 200, 0, 15, 45, 5053 }, // U+0166
    { 11, 16, 200, 1, 16, 44, 5098 }, // U+0167
    { 11, 20, 200, 1, 20, 55, 5142 }, // U+0168
    { 10, 17, 200, 1, 17, 43, 5197 }, // U+0169
    { 11, 19, 200, 1, 19, 53, 5240 }, // U+016A
    { 10, 16, 200, 1, 16, 40, 5293 }, // U+016B
    { 11, 21, 200, 1, 21, 58, 5333 }, // U+016C
    { 10, 18, 200, 1, 18, 45, 5391 }, // U+016D
    { 11, 20, 200, 1, 20, 55, 5436 }, // U+016E
    { 10, 17, 200, 1, 17, 43, 5491 }, // U+016F
    { 11, 20, 200, 1, 20, 55, 5534 }, // U+0170
    { 10, 17, 200, 1, 17, 43, 5589 }, // U+0171
    { 11, 19, 200, 1, 15, 53, 5632 }, // U+0172
    { 10, 16, 200, 1, 12, 40, 5685 }, // U+0173
    { 12, 20, 200, 0, 20, 60, 5725 }, // U+0174
    { 13, 17, 200, 0, 17, 56, 5785 }, // U+0175
    { 13, 20, 200, 0, 20, 65, 5841 }, // U+0176
    { 12, 21, 200, 0, 17, 63, 5906 }, // U+0177
    { 13, 20, 200, 0, 20, 65, 5969 }, // U+0178
    { 11, 20, 200, 1, 20, 55, 6034 }, // U+0179
    { 10, 17, 200, 1, 17, 43, 6089 }, // U+017A
    { 11, 20, 200, 1, 20, 55, 6132 }, // U+017B
    { 10, 17, 200, 1, 17, 43, 6187 }, // U+017C
    { 11, 20, 200, 1, 20, 55, 6230 }, // U+017D
    { 10, 17, 200, 1, 17, 43, 6285 }, // U+017E
    { 9, 17, 200, 4, 17, 39, 6328 }, // U+017F
    { 13, 17, 200, 0, 17, 56, 0 }, // U+01A0
    { 11, 14, 200, 1, 14, 39, 56 }, // U+01A1
    { 12, 17, 200, 1, 17, 51, 95 }, // U+01AF
    { 11, 14, 200, 1, 14, 39, 146 }, // U+01B0
    { 13, 20, 200, 0, 20, 65, 185 }, // U+01C4
    { 13, 17, 200, 0, 17, 56, 250 }, // U+01C5
    { 13, 17, 200, 0, 17, 56, 306 }, // U+01C6
    { 12, 15, 200, 0, 15, 45, 362 }, // U+01C7
    { 11, 21, 200, 1, 17, 58, 407 }, // U+01C8
    { 9, 21, 200, 2, 17, 48, 465 }, // U+01C9
    { 12, 15, 200, 0, 15, 45, 513 }, // U+01CA
    { 12, 21, 200, 0, 17, 63, 558 }, // U+01CB
    { 12, 21, 200, 0, 17, 63, 621 }, // U+01CC
    { 13, 20, 200, 0, 20, 65, 684 }, // U+01CD
    { 10, 17, 200, 1, 17, 43, 749 }, // U+01CE
    { 9, 20, 200, 2, 20, 45, 792 }, // U+01CF
    { 11, 17, 200, 1, 17, 47, 837 }, // U+01D0
    { 12, 20, 200, 0, 20, 60, 884 }, // U+01D1
    { 11, 17, 200, 1, 17, 47, 944 }, // U+01D2
    { 11, 20, 200, 1, 20, 55, 991 }, // U+01D3
    { 10, 17, 200, 1, 17, 43, 1046 }, // U+01D4
    { 11, 20, 200, 1, 20, 55, 1089 }, // U+01D5
    { 10, 17, 200, 1, 17, 43, 1144 }, // U+01D6
    { 11, 21, 200, 1, 21, 58, 1187 }, // U+01D7
    { 10, 19, 200, 1, 19, 48, 1245 }, // U+01D8
    { 11, 21, 200, 1, 21, 58, 1293 }, // U+01D9
    { 10, 18, 200, 1, 18, 45, 1351 }, // U+01DA
    { 11, 21, 200, 1, 21, 58, 1396 }, // U+01DB
    { 10, 19, 200, 1, 19, 48, 1454 }, // U+01DC
    { 11, 12, 200, 1, 12, 33, 1502 }, // U+01DD
    { 13, 20, 200, 0, 20, 65, 1535 }, // U+01DE
    { 10, 17, 200, 1, 17, 43, 1600 }, // U+01DF
    { 13, 21, 200, 0, 21, 69, 1643 }, // U+01E0
    { 10, 17, 200, 1, 17, 43, 1712 }, // U+01E1
    { 13, 19, 200, 0, 19, 62, 1755 }, // U+01E2
    { 12, 16, 200, 0, 16, 48, 1817 }, // U+01E3
    { 11, 15, 200, 1, 15, 42, 1865 }, // U+01E4
    { 12, 16, 200, 1, 12, 48, 1907 }, // U+01E5
    { 11, 20, 200, 1, 20, 55, 1955 }, // U+01E6
    { 10, 21, 200, 1, 17, 53, 2010 }, // U+01E7
    { 12, 20, 200, 1, 20, 60, 2063 }, // U+01E8
    { 11, 21, 200, 1, 21, 58, 2123 }, // U+01E9
    { 12, 19, 200, 0, 15, 57, 2181 }, // U+01EA
    { 11, 16, 200, 1, 12, 44, 2238 }, // U+01EB
    { 12, 23, 200, 0, 19, 69, 2282 }, // U+01EC
    { 11, 20, 200, 1, 16, 55, 2351 }, // U+01ED
    { 12, 20, 200, 0, 20, 60, 2406 }, // U+01EE
    { 10, 21, 200, 1, 17, 53, 2466 }, // U+01EF
    { 10, 21, 200, 1, 17, 53, 2519 }, // U+01F0
    { 12, 15, 200, 0, 15, 45, 2572 }, // U+01F1
    { 13, 15, 200, 0, 15, 49, 2617 }, // U+01F2
    { 13, 17, 200, 0, 17, 56, 2666 }, // U+01F3
    { 11, 20, 200, 1, 20, 55, 2722 }, // U+01F4
    { 10, 21, 200, 1, 17, 53, 2777 }, // U+01F5
    { 12, 15, 200, 0, 15, 45, 2830 }, // U+01F6
    { 11, 19, 200, 1, 15, 53, 2875 }, // U+01F7
    { 11, 20, 200, 1, 20, 55, 2928 }, // U+01F8
    { 10, 17, 200, 1, 17, 43, 2983 }, // U+01F9
    { 13, 20, 200, 0, 20, 65, 3026 }, // U+01FA
    { 10, 20, 200, 1, 20, 50, 3091 }, // U+01FB
    { 13, 20, 200, 0, 20, 65, 3141 }, // U+01FC
    { 12, 17, 200, 0, 17, 51, 3206 }, // U+01FD
    { 12, 21, 200, 0, 20, 63, 3257 }, // U+01FE
    { 11, 19, 200, 1, 18, 53, 3320 }, // U+01FF
    { 13, 20, 200, 0, 20, 65, 3373 }, // U+0200
    { 10, 17, 200, 1, 17, 43, 3438 }, // U+0201
    { 13, 21, 200, 0, 21, 69, 3481 }, // U+0202
    { 10, 18, 200, 1, 18, 45, 3550 }, // U+0203
    { 10, 20, 200, 2, 20, 50, 3595 }, // U+0204
    { 11, 17, 200, 1, 17, 47, 3645 }, // U+0205
    { 10, 21, 200, 2, 21, 53, 3692 }, // U+0206
    { 11, 18, 200, 1, 18, 50, 3745 }, // U+0207
    { 9, 20, 200, 2, 20, 45, 3795 }, // U+0208
    { 11, 17, 200, 1, 17, 47, 3840 }, // U+0209
    { 9, 21, 200, 2, 21, 48, 3887 }, // U+020A
    { 11, 18, 200, 1, 18, 50, 3935 }, // U+020B
    { 12, 20, 200, 0, 20, 60, 3985 }, // U+020C
    { 11, 17, 200, 1, 17, 47, 4045 }, // U+020D
    { 12, 21, 200, 0, 21, 63, 4092 }, // U+020E
    { 11, 18, 200, 1, 18, 50, 4155 }, // U+020F
    { 11, 20, 200, 1, 20, 55, 4205 }, // U+0210
    { 9, 17, 200, 2, 17, 39, 4260 }, // U+0211
    { 11, 21, 200, 1, 21, 58, 4299 }, // U+0212
    { 9, 18, 200, 2, 18, 41, 4357 }, // U+0213
    { 11, 20, 200, 1, 20, 55, 4398 }, // U+0214
    { 10, 17, 200, 1, 17, 43, 4453 }, // U+0215
    { 11, 21, 200, 1, 21, 58, 4496 }, // U+0216
    { 10, 18, 200, 1, 18, 45, 4554 }, // U+0217
    { 11, 19, 200, 1, 15, 53, 4599 }, // U+0218
    { 10, 16, 200, 1, 12, 40, 4652 }, // U+0219
    { 12, 19, 200, 0, 15, 57, 4692 }, // U+021A
    { 11, 20, 200, 1, 16, 55, 4749 }, // U+021B
    { 12, 19, 200, 0, 15, 57, 4804 }, // U+021C
    { 10, 16, 200, 1, 12, 40, 4861 }, // U+021D
    { 11, 20, 200, 1, 20, 55, 4901 }, // U+021E
    { 10, 21, 200, 1, 21, 53, 4956 }, // U+021F
    { 7, 4, 200, 3, 18, 7, 0 }, // U+0311
    { 10, 20, 200, 2, 20, 50, 0 }, // U+0400
    { 10, 20, 200, 2, 20, 50, 50 }, // U+0401
    { 12, 15, 200, 0, 15, 45, 100 }, // U+0402
    { 11, 20, 200, 1, 20, 55, 145 }, // U+0403
    { 12, 15, 200, 0, 15, 45, 200 }, // U+0404
    { 11, 15, 200, 1, 15, 42, 245 }, // U+0405
    { 9, 15, 200, 2, 15, 34, 287 }, // U+0406
    { 9, 20, 200, 2, 20, 45, 321 }, // U+0407
    { 10, 15, 200, 1, 15, 38, 366 }, // U+0408
    { 12, 15, 200, 0, 15, 45, 404 }, // U+0409
    { 11, 15, 200, 1, 15, 42, 449 }, // U+040A
    { 12, 15, 200, 0, 15, 45, 491 }, // U+040B
    { 12, 20, 200, 1, 20, 60, 536 }, // U+040C
    { 11, 20, 200, 1, 20, 55, 596 }, // U+040D
    { 13, 20, 200, 0, 20, 65, 651 }, // U+040E
    { 11, 19, 200, 1, 15, 53, 716 }, // U+040F
    { 13, 15, 200, 0, 15, 49, 769 }, // U+0410
    { 11, 15, 200, 1, 15, 42, 818 }, // U+0411
    { 11, 15, 200, 1, 15, 42, 860 }, // U+0412
    { 11, 15, 200, 1, 15, 42, 902 }, // U+0413
    { 12, 19, 200, 0, 15, 57, 944 }, // U+0414
    { 10, 15, 200, 2, 15, 38, 1001 }, // U+0415
    { 13, 15, 200, 0, 15, 49, 1039 }, // U+0416
    { 12, 15, 200, 0, 15, 45, 1088 }, // U+0417
    { 11, 15, 200, 1, 15, 42, 1133 }, // U+0418
    { 11, 20, 200, 1, 20, 55, 1175 }, // U+0419
    { 12, 15, 200, 1, 15, 45, 1230 }, // U+041A
    { 12, 15, 200, 0, 15, 45, 1275 }, // U+041B
    { 12, 15, 200, 0, 15, 45, 1320 }, // U+041C
    { 11, 15, 200, 1, 15, 42, 1365 }, // U+041D
    { 12, 15, 200, 0, 15, 45, 1407 }, // U+041E
    { 11, 15, 200, 1, 15, 42, 1452 }, // U+041F
    { 11, 15, 200, 1, 15, 42, 1494 }, // U+0420
    { 11, 15, 200, 1, 15, 42, 1536 }, // U+0421
    { 12, 15, 200, 0, 15, 45, 1578 }, // U+0422
    { 13, 15, 200, 0, 15, 49, 1623 }, // U+0423
    { 11, 16, 200, 1, 16, 44, 1672 }, // U+0424
    { 12, 15, 200, 0, 15, 45, 1716 }, // U+0425
    { 11, 19, 200, 1, 15, 53, 1761 }, // U+0426
    { 11, 15, 200, 1, 15, 42, 1814 }, // U+0427
    { 11, 15, 200, 1, 15, 42, 1856 }, // U+0428
    { 11, 19, 200, 1, 15, 53, 1898 }, // U+0429
    { 12, 15, 200, 0, 15, 45, 1951 }, // U+042A
    { 12, 15, 200, 0, 15, 45, 1996 }, // U+042B
    { 11, 15, 200, 1, 15, 42, 2041 }, // U+042C
    { 11, 15, 200, 1, 15, 42, 2083 }, // U+042D
    { 11, 15, 200, 1, 15, 42, 2125 }, // U+042E
    { 11, 15, 200, 1, 15, 42, 2167 }, // U+042F
    { 10, 12, 200, 1, 12, 30, 2209 }, // U+0430
    { 11, 17, 200, 1, 17, 47, 2239 }, // U+0431
    { 11, 12, 200, 1, 12, 33, 2286 }, // U+0432
    { 9, 12, 200, 2, 12, 27, 2319 }, // U+0433
    { 12, 15, 200, 0, 12, 45, 2346 }, // U+0434
    { 11, 12, 200, 1, 12, 33, 2391 }, // U+0435
    { 13, 12, 200, 0, 12, 39, 2424 }, // U+0436
    { 11, 12, 200, 1, 12, 33, 2463 }, // U+0437
    { 10, 12, 200, 1, 12, 30, 2496 }, // U+0438
    { 10, 17, 200, 1, 17, 43, 2526 }, // U+0439
    { 11, 12, 200, 1, 12, 33, 2569 }, // U+043A
    { 11, 12, 200, 0, 12, 33, 2602 }, // U+043B
    { 12, 12, 200, 0, 12, 36, 2635 }, // U+043C
    { 10, 12, 200, 1, 12, 30, 2671 }, // U+043D
    { 11, 12, 200, 1, 12, 33, 2701 }, // U+043E
    { 10, 12, 200, 1, 12, 30, 2734 }, // U+043F
    { 11, 16, 200, 1, 12, 44, 2764 }, // U+0440
    { 11, 12, 200, 1, 12, 33, 2808 }, // U+0441
    { 11, 12, 200, 1, 12, 33, 2841 }, // U+0442
    { 12, 16, 200, 0, 12, 48, 2874 }, // U+0443
    { 12, 21, 200, 0, 17, 63, 2922 }, // U+0444
    { 12, 12, 200, 0, 12, 36, 2985 }, // U+0445
    { 11, 15, 200, 1, 12, 42, 3021 }, // U+0446
    { 10, 12, 200, 1, 12, 30, 3063 }, // U+0447
    { 11, 12, 200, 1, 12, 33, 3093 }, // U+0448
    { 11, 15, 200, 1, 12, 42, 3126 }, // U+0449
    { 12, 12, 200, 0, 12, 36, 3168 }, // U+044A
    { 11, 12, 200, 1, 12, 33, 3204 }, // U+044B
    { 11, 12, 200, 1, 12, 33, 3237 }, // U+044C
    { 11, 12, 200, 1, 12, 33, 3270 }, // U+044D
    { 11, 12, 200, 1, 12, 33, 3303 }, // U+044E
    { 10, 12, 200, 1, 12, 30, 3336 }, // U+044F
    { 11, 17, 200, 1, 17, 47, 3366 }, // U+0450
    { 11, 17, 200, 1, 17, 47, 3413 }, // U+0451
    { 11, 21, 200, 0, 17, 58, 3460 }, // U+0452
    { 9, 17, 200, 2, 17, 39, 3518 }, // U+0453
    { 11, 12, 200, 1, 12, 33, 3557 }, // U+0454
    { 10, 12, 200, 1, 12, 30, 3590 }, // U+0455
    { 11, 17, 200, 1, 17, 47, 3620 }, // U+0456
    { 11, 17, 200, 1, 17, 47, 3667 }, // U+0457
    { 9, 21, 200, 1, 17, 48, 3714 }, // U+0458
    { 12, 12, 200, 0, 12, 36, 3762 }, // U+0459
    { 11, 12, 200, 1, 12, 33, 3798 }, // U+045A
    { 11, 17, 200, 0, 17, 47, 3831 }, // U+045B
    { 11, 17, 200, 1, 17, 47, 3878 }, // U+045C
    { 10, 17, 200, 1, 17, 43, 3925 }, // U+045D
    { 12, 21, 200, 0, 17, 63, 3968 }, // U+045E
    { 10, 15, 200, 1, 12, 38, 4031 }, // U+045F
    { 12, 16, 200, 0, 16, 48, 4069 }, // U+0462
    { 12, 17, 200, 0, 17, 51, 4117 }, // U+0463
    { 12, 15, 200, 0, 15, 45, 4168 }, // U+0472
    { 11, 12, 200, 1, 12, 33, 4213 }, // U+0473
    { 13, 15, 200, 0, 15, 49, 4246 }, // U+0474
    { 13, 12, 200, 0, 12, 39, 4295 }, // U+0475
    { 12, 24, 200, 1, 20, 72, 4334 }, // U+048A
    { 12, 22, 200, 1, 18, 66, 4406 }, // U+048B
    { 12, 15, 200, 0, 15, 45, 4472 }, // U+048C
    { 12, 12, 200, 0, 12, 36, 4517 }, // U+048D
    { 11, 15, 200, 1, 15, 42, 4553 }, // U+048E
    { 11, 16, 200, 1, 12, 44, 4595 }, // U+048F
    { 11, 18, 200, 1, 18, 50, 4639 }, // U+0490
    { 9, 15, 200, 2, 15, 34, 4689 }, // U+0491
    { 11, 15, 200, 1, 15, 42, 4723 }, // U+0492
    { 11, 12, 200, 0, 12, 33, 4765 }, // U+0493
    { 11, 19, 200, 1, 15, 53, 4798 }, // U+0494
    { 11, 16, 200, 1, 12, 44, 4851 }, // U+0495
    { 13, 19, 200, 0, 15, 62, 4895 }, // U+0496
    { 12, 15, 200, 0, 12, 45, 4957 }, // U+0497
    { 12, 19, 200, 0, 15, 57, 5002 }, // U+0498
    { 11, 16, 200, 1, 12, 44, 5059 }, // U+0499
    { 11, 19, 200, 1, 15, 53, 5103 }, // U+049A
    { 11, 15, 200, 1, 12, 42, 5156 }, // U+049B
    { 12, 15, 200, 1, 15, 45, 5198 }, // U+049C
    { 11, 12, 200, 1, 12, 33, 5243 }, // U+049D
    { 13, 15, 200, 0, 15, 49, 5276 }, // U+049E
    { 12, 12, 200, 0, 12, 36, 5325 }, // U+049F
    { 13, 15, 200, 0, 15, 49, 5361 }, // U+04A0
    { 12, 12, 200, 0, 12, 36, 5410 }, // U+04A1
    { 11, 19, 200, 1, 15, 53, 5446 }, // U+04A2
    { 11, 15, 200, 1, 12, 42, 5499 }, // U+04A3
    { 12, 15, 200, 1, 15, 45, 5541 }, // U+04A4
    { 12, 12, 200, 1, 12, 36, 5586 }, // U+04A5
    { 11, 19, 200, 1, 15, 53, 5622 }, // U+04A6
    { 11, 16, 200, 1, 12, 44, 5675 }, // U+04A7
    { 12, 19, 200, 0, 15, 57, 5719 }, // U+04A8
    { 11, 16, 200, 1, 12, 44, 5776 }, // U+04A9
    { 11, 19, 200, 1, 15, 53, 5820 }, // U+04AA
    { 11, 16, 200, 1, 12, 44, 5873 }, // U+04AB
    { 12, 19, 200, 0, 15, 57, 5917 }, // U+04AC
    { 11, 15, 200, 1, 12, 42, 5974 }, // U+04AD
    { 13, 15, 200, 0, 15, 49, 6016 }, // U+04AE
    { 12, 16, 200, 0, 12, 48, 6065 }, // U+04AF
    { 13, 15, 200, 0, 15, 49, 6113 }, // U+04B0
    { 12, 16, 200, 0, 12, 48, 6162 }, // U+04B1
    { 12, 19, 200, 0, 15, 57, 6210 }, // U+04B2
    { 12, 16, 200, 0, 12, 48, 6267 }, // U+04B3
    { 12, 19, 200, 0, 15, 57, 6315 }, // U+04B4
    { 12, 16, 200, 0, 13, 48, 6372 }, // U+04B5
    { 11, 19, 200, 1, 15, 53, 6420 }, // U+04B6
    { 11, 15, 200, 1, 12, 42, 6473 }, // U+04B7
    { 11, 15, 200, 1, 15, 42, 6515 }, // U+04B8
    { 10, 12, 200, 1, 12, 30, 6557 }, // U+04B9
    { 11, 15, 200, 1, 15, 42, 6587 }, // U+04BA
    { 10, 17, 200, 1, 17, 43, 6629 }, // U+04BB
    { 12, 15, 200, 0, 15, 45, 6672 }, // U+04BC
    { 12, 12, 200, 0, 12, 36, 6717 }, // U+04BD
    { 12, 19, 200, 0, 15, 57, 6753 }, // U+04BE
    { 12, 15, 200, 0, 12, 45, 6810 }, // U+04BF
    { 9, 15, 200, 2, 15, 34, 6855 }, // U+04C0
    { 13, 20, 200, 0, 20, 65, 6889 }, // U+04C1
    { 13, 17, 200, 0, 17, 56, 6954 }, // U+04C2
    { 11, 19, 200, 1, 15, 53, 7010 }, // U+04C3
    { 11, 16, 200, 1, 12, 44, 7063 }, // U+04C4
    { 13, 19, 200, 0, 15, 62, 7107 }, // U+04C5
    { 13, 16, 200, 0, 12, 52, 7169 }, // U+04C6
    { 11, 19, 200, 1, 15, 53, 7221 }, // U+04C7
    { 10, 16, 200, 1, 12, 40, 7274 }, // U+04C8
    { 12, 19, 200, 1, 15, 57, 7314 }, // U+04C9
    { 12, 16, 200, 1, 12, 48, 7371 }, // U+04CA
    { 11, 19, 200, 1, 15, 53, 7419 }, // U+04CB
    { 10, 15, 200, 1, 12, 38, 7472 }, // U+04CC
    { 13, 19, 200, 0, 15, 62, 7510 }, // U+04CD
    { 13, 16, 200, 0, 12, 52, 7572 }, // U+04CE
    { 9, 15, 200, 2, 15, 34, 7624 }, // U+04CF
    { 13, 20, 200, 0, 20, 65, 7658 }, // U+04D0
    { 10, 17, 200, 1, 17, 43, 7723 }, // U+04D1
    { 13, 20, 200, 0, 20, 65, 7766 }, // U+04D2
    { 10, 17, 200, 1, 17, 43, 7831 }, // U+04D3
    { 13, 15, 200, 0, 15, 49, 7874 }, // U+04D4
    { 12, 12, 200, 0, 12, 36, 7923 }, // U+04D5
    { 10, 20, 200, 2, 20, 50, 7959 }, // U+04D6
    { 11, 17, 200, 1, 17, 47, 8009 }, // U+04D7
    { 12, 15, 200, 0, 15, 45, 8056 }, // U+04D8
    { 11, 12, 200, 1, 12, 33, 8101 }, // U+04D9
    { 12, 20, 200, 0, 20, 60, 8134 }, // U+04DA
    { 11, 17, 200, 1, 17, 47, 8194 }, // U+04DB
    { 13, 20, 200, 0, 20, 65, 8241 }, // U+04DC
    { 13, 17, 200, 0, 17, 56, 8306 }, // U+04DD
    { 12, 20, 200, 0, 20, 60, 8362 }, // U+04DE
    { 11, 17, 200, 1, 17, 47, 8422 }, // U+04DF
    { 12, 15, 200, 0, 15, 45, 8469 }, // U+04E0
    { 10, 16, 200, 1, 12, 40, 8514 }, // U+04E1
    { 11, 19, 200, 1, 19, 53, 8554 }, // U+04E2
    { 10, 16, 200, 1, 16, 40, 8607 }, // U+04E3
    { 11, 20, 200, 1, 20, 55, 8647 }, // U+04E4
    { 10, 17, 200, 1, 17, 43, 8702 }, // U+04E5
    { 12, 20, 200, 0, 20, 60, 8745 }, // U+04E6
    { 11, 17, 200, 1, 17, 47, 8805 }, // U+04E7
    { 12, 15, 200, 0, 15, 45, 8852 }, // U+04E8
    { 11, 12, 200, 1, 12, 33, 8897 }, // U+04E9
    { 12, 20, 200, 0, 20, 60, 8930 }, // U+04EA
    { 11, 17, 200, 1, 17, 47, 8990 }, // U+04EB
    { 11, 20, 200, 1, 20, 55, 9037 }, // U+04EC
    { 11, 17, 200, 1, 17, 47, 9092 }, // U+04ED
    { 13, 19, 200, 0, 19, 62, 9139 }, // U+04EE
    { 12, 20, 200, 0, 16, 60, 9201 }, // U+04EF
    { 13, 20, 200, 0, 20, 65, 9261 }, // U+04F0
    { 12, 21, 200, 0, 17, 63, 9326 }, // U+04F1
    { 13, 20, 200, 0, 20, 65, 9389 }, // U+04F2
    { 12, 21, 200, 0, 17, 63, 9454 }, // U+04F3
    { 11, 20, 200, 1, 20, 55, 9517 }, // U+04F4
    { 10, 17, 200, 1, 17, 43, 9572 }, // U+04F5
    { 11, 19, 200, 1, 15, 53, 9615 }, // U+04F6
    { 9, 15, 200, 2, 12, 34, 9668 }, // U+04F7
    { 12, 20, 200, 0, 20, 60, 9702 }, // U+04F8
    { 11, 17, 200, 1, 17, 47, 9762 }, // U+04F9
    { 13, 20, 200, 0, 20, 65, 0 }, // U+1EF2
    { 12, 21, 200, 0, 17, 63, 65 }, // U+1EF3
    { 10, 2, 200, 1, 8, 5, 0 }, // U+2013
    { 13, 2, 200, 0, 8, 7, 5 }, // U+2014
    { 13, 2, 200, 0, 8, 7, 12 }, // U+2015
    { 6, 6, 200, 3, 15, 9, 19 }, // U+2018
    { 6, 6, 200, 3, 15, 9, 28 }, // U+2019
    { 6, 6, 200, 3, 3, 9, 37 }, // U+201A
    { 11, 6, 200, 1, 15, 17, 46 }, // U+201C
    { 11, 6, 200, 1, 15, 17, 63 }, // U+201D
    { 11, 6, 200, 1, 3, 17, 80 }, // U+201E
    { 10, 18, 200, 1, 15, 45, 97 }, // U+2020
    { 10, 18, 200, 1, 15, 45, 142 }, // U+2021
    { 8, 7, 200, 2, 11, 14, 187 }, // U+2022
    { 12, 3, 200, 0, 3, 9, 201 }, // U+2026
    { 13, 15, 200, 0, 15, 49, 210 }, // U+2030
    { 6, 9, 200, 3, 11, 14, 259 }, // U+2039
    { 6, 9, 200, 3, 11, 14, 273 }, // U+203A
    { 12, 15, 200, 0, 15, 45, 287 }, // U+2044
    { 8, 9, 200, 2, 16, 18, 0 }, // U+2070
    { 8, 9, 200, 2, 16, 18, 18 }, // U+2074
    { 7, 9, 200, 3, 16, 16, 36 }, // U+2075
    { 7, 9, 200, 3, 16, 16, 52 }, // U+2076
    { 7, 9, 200, 3, 16, 16, 68 }, // U+2077
    { 8, 9, 200, 2, 16, 18, 84 }, // U+2078
    { 7, 9, 200, 3, 16, 16, 102 }, // U+2079
    { 8, 9, 200, 2, 9, 18, 118 }, // U+2080
    { 7, 8, 200, 3, 8, 14, 136 }, // U+2081
    { 7, 8, 200, 3, 8, 14, 150 }, // U+2082
    { 7, 8, 200, 3, 8, 14, 164 }, // U+2083
    { 8, 9, 200, 2, 9, 18, 178 }, // U+2084
    { 7, 9, 200, 3, 9, 16, 196 }, // U+2085
    { 7, 9, 200, 3, 9, 16, 212 }, // U+2086
    { 7, 9, 200, 3, 9, 16, 228 }, // U+2087
    { 8, 9, 200, 2, 9, 18, 244 }, // U+2088
    { 7, 9, 200, 3, 9, 16, 262 }, // U+2089
    { 12, 15, 200, 0, 15, 45, 0 }, // U+20AC
    { 12, 15, 200, 0, 15, 45, 45 }, // U+20AE
    { 12, 15, 200, 0, 15, 45, 90 }, // U+20B4
    { 11, 15, 200, 1, 15, 42, 135 }, // U+20B9
    { 12, 17, 200, 0, 17, 51, 0 }, // U+2202
    { 13, 15, 200, 0, 15, 49, 51 }, // U+2206
    { 11, 17, 200, 1, 15, 47, 100 }, // U+220F
    { 11, 17, 200, 1, 15, 47, 147 }, // U+2211
    { 11, 2, 200, 1, 8, 6, 194 }, // U+2212
    { 12, 15, 200, 0, 15, 45, 200 }, // U+2215
    { 5, 3, 200, 4, 8, 4, 245 }, // U+2219
    { 13, 17, 200, 0, 17, 56, 249 }, // U+221A
    { 12, 6, 200, 0, 9, 18, 305 }, // U+221E
    { 10, 19, 200, 1, 15, 48, 323 }, // U+222B
    { 12, 8, 200, 0, 11, 24, 371 }, // U+2248
    { 11, 13, 200, 1, 13, 36, 395 }, // U+2260
    { 11, 13, 200, 1, 13, 36, 431 }, // U+2264
    { 11, 13, 200, 1, 13, 36, 467 }, // U+2265
    { 12, 17, 200, 0, 17, 51, 0 }, // U+FB01
    { 13, 17, 200, 0, 17, 56, 51 }, // U+FB02
    { 13, 12, 200, 0, 12, 39, 0 }, // U+FFFD
};

static const EpdUnicodeInterval ubuntumono_12_regularIntervals[] = {
    { 0x0, 0x0, 0x0 },
    { 0x8, 0x9, 0x1 },
    { 0xD, 0xD, 0x3 },
    { 0x1D, 0x1D, 0x4 },
    { 0x20, 0x7E, 0x5 },
    { 0xA0, 0xFF, 0x64 },
    { 0x100, 0x17F, 0xC4 },
    { 0x1A0, 0x1A1, 0x144 },
    { 0x1AF, 0x1B0, 0x146 },
    { 0x1C4, 0x21F, 0x148 },
    { 0x311, 0x311, 0x1A4 },
    { 0x400, 0x45F, 0x1A5 },
    { 0x462, 0x463, 0x205 },
    { 0x472, 0x475, 0x207 },
    { 0x48A, 0x4F9, 0x20B },
    { 0x1EF2, 0x1EF3, 0x27B },
    { 0x2013, 0x2015, 0x27D },
    { 0x2018, 0x201A, 0x280 },
    { 0x201C, 0x201E, 0x283 },
    { 0x2020, 0x2022, 0x286 },
    { 0x2026, 0x2026, 0x289 },
    { 0x2030, 0x2030, 0x28A },
    { 0x2039, 0x203A, 0x28B },
    { 0x2044, 0x2044, 0x28D },
    { 0x2070, 0x2070, 0x28E },
    { 0x2074, 0x2079, 0x28F },
    { 0x2080, 0x2089, 0x295 },
    { 0x20AC, 0x20AC, 0x29F },
    { 0x20AE, 0x20AE, 0x2A0 },
    { 0x20B4, 0x20B4, 0x2A1 },
    { 0x20B9, 0x20B9, 0x2A2 },
    { 0x2202, 0x2202, 0x2A3 },
    { 0x2206, 0x2206, 0x2A4 },
    { 0x220F, 0x220F, 0x2A5 },
    { 0x2211, 0x2212, 0x2A6 },
    { 0x2215, 0x2215, 0x2A8 },
    { 0x2219, 0x221A, 0x2A9 },
    { 0x221E, 0x221E, 0x2AB },
    { 0x222B, 0x222B, 0x2AC },
    { 0x2248, 0x2248, 0x2AD },
    { 0x2260, 0x2260, 0x2AE },
    { 0x2264, 0x2265, 0x2AF },
    { 0xFB01, 0xFB02, 0x2B1 },
    { 0xFFFD, 0xFFFD, 0x2B3 },
};

static const EpdFontGroup ubuntumono_12_regularGroups[] = {
    { 0, 1836, 3853, 100, 0 },
    { 1836, 1627, 4520, 96, 100 },
    { 3463, 1955, 7215, 128, 196 },
    { 5418, 2031, 5637, 96, 324 },
    { 7449, 10, 8, 1, 420 },
    { 7459, 3698, 10752, 214, 421 },
    { 11157, 102, 143, 2, 635 },
    { 11259, 226, 384, 17, 637 },
    { 11485, 170, 300, 17, 654 },
    { 11655, 127, 180, 4, 671 },
    { 11782, 316, 554, 14, 675 },
    { 12098, 54, 119, 2, 689 },
    { 12152, 47, 48, 1, 691 },
};

static const EpdFontData ubuntumono_12_regular = {
    ubuntumono_12_regularBitmaps,
    ubuntumono_12_regularGlyphs,
    ubuntumono_12_regularIntervals,
    44,
    25,
    21,
    -5,
    true,
    ubuntumono_12_regularGroups,
    13,
    nullptr,
    nullptr,
    nullptr,
    nullptr,
    0,
    0,
    0,
    0,
    nullptr,
    0,
};
