/**
 * generated by fontconvert.py
 * name: ubuntumono_18_regular
 * size: 18
 * mode: 2-bit  compressed: true
 * Command used: fontconvert.py ubuntumono_18_regular 18 ../builtinFonts/source/UbuntuMono/UbuntuMono-Regular.ttf --2bit --compress
 */
#pragma once
#include "EpdFontData.h"

static const uint8_t ubuntumono_18_regularBitmaps[20524] = {
    0xB5, 0x59, 0x31, 0x8F, 0xE4, 0x58, 0x11, 0x2E, 0xDB, 0xDC, 0x58, 0xAC, 0x41, 0xCE, 0xD0, 0xB2,
    0xA3, 0x93, 0x2F, 0x20, 0x38, 0x04, 0xB7, 0x4E, 0x48, 0x4E, 0xBA, 0x19, 0x1B, 0x2E, 0xB8, 0x80,
    0x80, 0x9F, 0xC0, 0x1F, 0x00, 0x0D, 0x01, 0x09, 0xD2, 0x6D, 0xDB, 0xA7, 0x0B, 0x08, 0x26, 0xD9,
    0x80, 0x1F, 0x40, 0x40, 0xCC, 0xFD, 0x81, 0x69, 0xDB, 0x82, 0xF0, 0x82, 0x31, 0x5A, 0x24, 0xC2,
    0x73, 0xB0, 0x01, 0x24, 0x77, 0x96, 0xB0, 0x84, 0x87, 0xB3, 0xFB, 0xF1, 0x7D, 0xF5, 0xEC, 0x6E,
    0x77, 0xCF, 0xCE, 0x4E, 0xEF, 0xDE, 0xD2, 0xDD, 0x55, 0xDD, 0x6D, 0xBF, 0x57, 0xAF, 0x5E, 0xBD,
    0x7A, 0xDF, 0xAB, 0x2A, 0x47, 0x55, 0xB4, 0x7D, 0x87, 0x87, 0xEF, 0x3C, 0xC8, 0x45, 0x5F, 0x61,
    0x9E, 0x34, 0x49, 0x9B, 0x34, 0xF8, 0xF6, 0xDA, 0xED, 0xE7, 0xDC, 0x9D, 0x3E, 0xEF, 0x39, 0xCD,
    0x8F, 0xA5, 0x91, 0x28, 0x5F, 0x89, 0xC4, 0xE9, 0x13, 0x30, 0xB9, 0x12, 0x49, 0x64, 0x98, 0xD8,
    0x4A, 0x7A, 0x31, 0x78, 0x55, 0x3B, 0x26, 0x83, 0xD7, 0x8A, 0xF4, 0x60, 0x4E, 0xE7, 0x37, 0xE2,
    0x76, 0x41, 0x2D, 0x5E, 0x1B, 0x54, 0x60, 0x61, 0x75, 0xD8, 0x38, 0xA8, 0xE2, 0x54, 0xC2, 0x2A,
    0x91, 0x89, 0xE5, 0xE7, 0x22, 0x91, 0x1D, 0x67, 0x4D, 0xED, 0xAA, 0x7D, 0xCA, 0x36, 0xA9, 0x6F,
    0x4C, 0x13, 0x19, 0x53, 0x27, 0xB5, 0x53, 0x65, 0x68, 0xB2, 0x25, 0x4C, 0x28, 0xE9, 0xD0, 0xDB,
    0x3C, 0x15, 0xCF, 0x8C, 0xB8, 0x60, 0x72, 0x71, 0x0D, 0x54, 0x89, 0x70, 0xD5, 0x83, 0xAE, 0x2E,
    0xC8, 0xD1, 0xEF, 0xDF, 0xC9, 0x69, 0x57, 0x1A, 0xD3, 0x82, 0xF2, 0x07, 0xA6, 0xBF, 0x35, 0x8E,
    0xD7, 0x8B, 0xD7, 0x84, 0x46, 0xA0, 0x5D, 0x94, 0x86, 0xF9, 0x59, 0x90, 0xC7, 0xF2, 0x41, 0x50,
    0x3D, 0x91, 0x8F, 0xFD, 0xAA, 0x07, 0xFB, 0x4B, 0x8B, 0xBF, 0x7F, 0x6D, 0xE4, 0x2C, 0xB8, 0xAC,
    0x24, 0x8E, 0x7E, 0x89, 0x29, 0x18, 0x28, 0xEE, 0xF5, 0x57, 0x34, 0x69, 0x5F, 0x62, 0x8C, 0x7F,
    0xC3, 0x10, 0xFE, 0x3F, 0x9E, 0x35, 0x12, 0x5E, 0x7E, 0xD2, 0x4A, 0x1C, 0xE6, 0xAD, 0x9C, 0x87,
    0x69, 0x27, 0x57, 0x60, 0x4E, 0x87, 0xBF, 0x5E, 0x13, 0x7C, 0x02, 0xAB, 0xF8, 0xCF, 0x60, 0x7A,
    0xCF, 0x54, 0xB1, 0x08, 0xBA, 0xC5, 0xCF, 0xA1, 0x22, 0x95, 0xC7, 0x2C, 0xA1, 0x49, 0x9B, 0xE4,
    0x50, 0x27, 0xAA, 0x84, 0x2B, 0xC6, 0x5F, 0x93, 0xAD, 0xFC, 0x06, 0xC6, 0xF1, 0xBE, 0x86, 0xE2,
    0x62, 0x6A, 0x0C, 0x66, 0xD2, 0x33, 0x09, 0x4C, 0x75, 0x26, 0xD1, 0x75, 0xFB, 0x44, 0x12, 0x6F,
    0xB8, 0xC2, 0xC2, 0x98, 0x01, 0x26, 0x84, 0x45, 0x46, 0xC8, 0x91, 0x8D, 0x04, 0x2D, 0x06, 0x88,
    0x7A, 0xC9, 0xFE, 0x56, 0x8E, 0x12, 0x9B, 0x4D, 0x86, 0x1E, 0x7D, 0x92, 0x3A, 0x65, 0x1E, 0xE7,
    0x89, 0xEC, 0xBF, 0x1F, 0xE3, 0x2D, 0x02, 0x3B, 0xB6, 0x12, 0x76, 0x92, 0x54, 0xE8, 0xE9, 0x8C,
    0xB4, 0x0A, 0x84, 0x84, 0xB5, 0x40, 0xA1, 0x24, 0x45, 0x33, 0xDA, 0x1D, 0x7E, 0xB1, 0xDE, 0xFF,
    0xAC, 0xF4, 0x3A, 0xEE, 0xA2, 0x0D, 0x55, 0xAF, 0xD9, 0x0B, 0x7D, 0x21, 0x41, 0x4A, 0x74, 0xAB,
    0x29, 0x93, 0x2E, 0xF2, 0xF4, 0xA1, 0x08, 0xAC, 0x96, 0x55, 0x12, 0xB5, 0xE2, 0x4F, 0x0D, 0x16,
    0xDD, 0xE0, 0x3C, 0x68, 0x86, 0x8F, 0xDB, 0x89, 0xD3, 0xEF, 0x7D, 0xDC, 0x6E, 0xBA, 0x85, 0x36,
    0x5B, 0x85, 0x66, 0x25, 0x21, 0x0D, 0x32, 0xA1, 0xC0, 0xC3, 0x7D, 0x0F, 0xFA, 0x49, 0x50, 0xFD,
    0x26, 0xBB, 0xFC, 0x7D, 0x57, 0x7E, 0x5D, 0xF6, 0xA7, 0x06, 0x6E, 0x12, 0xC1, 0x76, 0xE7, 0x50,
    0x64, 0x18, 0xD0, 0x0D, 0xF6, 0x80, 0xB9, 0xFD, 0x1A, 0x36, 0xAE, 0xBE, 0x63, 0xF7, 0x06, 0x95,
    0x7C, 0x39, 0xCB, 0xE0, 0xC3, 0xE9, 0x8E, 0x1D, 0xD1, 0x03, 0x9B, 0xC6, 0x33, 0x58, 0x5E, 0xF0,
    0xD4, 0x31, 0x6A, 0xA7, 0x51, 0x82, 0x8E, 0x66, 0x79, 0x1F, 0xD3, 0x37, 0xB9, 0xFD, 0x84, 0x35,
    0x36, 0x65, 0x97, 0xB4, 0x98, 0x9C, 0x76, 0xF3, 0x41, 0x41, 0x23, 0x9C, 0xAC, 0x4E, 0x27, 0xCE,
    0xD5, 0x50, 0xEC, 0x2E, 0x85, 0x50, 0x06, 0x25, 0xD3, 0x34, 0xE2, 0x75, 0xBB, 0x2E, 0x73, 0xF3,
    0x88, 0x5D, 0xA6, 0xE6, 0xD9, 0xD4, 0x65, 0xDE, 0x0D, 0xFD, 0xED, 0x11, 0xA2, 0x83, 0x11, 0xE4,
    0xF4, 0x46, 0x54, 0x39, 0xB8, 0x9A, 0x69, 0xB0, 0x56, 0x50, 0x38, 0x6C, 0xB0, 0x9F, 0xD0, 0x70,
    0x64, 0xCB, 0x82, 0x4D, 0x33, 0x5D, 0x74, 0x49, 0xDC, 0x06, 0xCC, 0xEF, 0xC0, 0x82, 0x7E, 0xFE,
    0xA5, 0xD7, 0xF4, 0xAE, 0x32, 0x36, 0xD6, 0x6E, 0x2A, 0x40, 0x45, 0xA9, 0x50, 0x15, 0xAF, 0x03,
    0xD9, 0x21, 0x9D, 0x49, 0xB1, 0x18, 0x60, 0x82, 0xAD, 0x1C, 0x81, 0x92, 0x67, 0xAD, 0xBC, 0x4D,
    0x85, 0x5F, 0x93, 0x42, 0x63, 0xFA, 0x99, 0x9C, 0xF2, 0x39, 0x64, 0x1A, 0x2E, 0x63, 0x95, 0xA5,
    0x59, 0xFD, 0x03, 0xA8, 0x62, 0x07, 0xF4, 0x97, 0x16, 0xA9, 0xAC, 0x25, 0x0A, 0x0B, 0x21, 0x01,
    0xF5, 0xA9, 0xD4, 0x55, 0x69, 0xBF, 0xD9, 0xCC, 0x51, 0x6E, 0x6D, 0x95, 0x18, 0x33, 0x64, 0x13,
    0xB9, 0xE6, 0x39, 0xB7, 0x1A, 0xAF, 0xE5, 0x6F, 0xD3, 0x29, 0x55, 0x3E, 0x65, 0xFA, 0xCD, 0x4E,
    0x76, 0x99, 0x4B, 0x49, 0xD7, 0x1F, 0xA7, 0x99, 0x67, 0xBC, 0xC7, 0x45, 0xEC, 0xED, 0x82, 0xCE,
    0xAB, 0xE4, 0x77, 0xBF, 0x95, 0x8B, 0x16, 0x72, 0x6B, 0xE0, 0x96, 0x9C, 0x40, 0xB6, 0x55, 0x86,
    0xD6, 0x41, 0x2F, 0x32, 0xC2, 0x9D, 0xF7, 0x1F, 0xEA, 0xFD, 0x8C, 0xC0, 0xF7, 0x29, 0x58, 0xC2,
    0x79, 0x5F, 0x29, 0x1A, 0xEB, 0x96, 0x01, 0x0B, 0x2A, 0xDA, 0x21, 0x07, 0x8B, 0x69, 0x91, 0x73,
    0x32, 0x88, 0xA4, 0xE3, 0xCD, 0xEC, 0xE5, 0x5E, 0xEC, 0x01, 0x3B, 0x49, 0x3E, 0x89, 0xB3, 0xA9,
    0x2D, 0x05, 0xA4, 0xCA, 0x52, 0x88, 0x0D, 0x16, 0x02, 0xCA, 0x42, 0x4A, 0x3B, 0xE1, 0xB2, 0x46,
    0xAD, 0x75, 0x4E, 0x77, 0x9A, 0x13, 0xE7, 0x66, 0xE7, 0xF5, 0x3E, 0xE6, 0x95, 0x70, 0x0D, 0xB6,
    0xF3, 0x3A, 0xC5, 0xF6, 0x47, 0x9F, 0x04, 0x84, 0xFF, 0xDE, 0x68, 0x67, 0xBA, 0xF5, 0x4B, 0xCE,
    0xF7, 0xA2, 0xA7, 0xD2, 0x39, 0xB4, 0x6D, 0x4C, 0x1E, 0xB5, 0xDC, 0xFA, 0x23, 0xE4, 0xA2, 0xA9,
    0x52, 0x81, 0xDF, 0x19, 0x16, 0x2C, 0xC9, 0xBD, 0x2E, 0x6E, 0xA2, 0x16, 0x7A, 0xD4, 0x1E, 0xF7,
    0xA8, 0xED, 0x37, 0xCE, 0x64, 0x17, 0x75, 0x5E, 0xC5, 0x78, 0xB7, 0xD6, 0x32, 0xDD, 0xA2, 0xCA,
    0x4B, 0x57, 0x38, 0xDC, 0x1C, 0xD9, 0x62, 0x0B, 0x4E, 0xDB, 0x50, 0x4E, 0x37, 0x5C, 0x0C, 0x60,
    0x33, 0x46, 0xC4, 0x56, 0xE9, 0xFC, 0x81, 0x5D, 0x47, 0x3A, 0xC9, 0x9A, 0x9D, 0xD7, 0x94, 0xB2,
    0xE6, 0x88, 0xB8, 0xD1, 0x63, 0x04, 0xCF, 0x7C, 0x56, 0xB3, 0x47, 0x4E, 0x06, 0xDC, 0xEB, 0xA0,
    0x65, 0x58, 0xB9, 0xBA, 0xB9, 0xCA, 0xE5, 0xCE, 0x51, 0xC6, 0x6B, 0x51, 0xE7, 0xAB, 0x71, 0xFB,
    0x69, 0xD3, 0x5C, 0x70, 0xC8, 0xE8, 0x06, 0xFB, 0xC4, 0xE4, 0x5C, 0x97, 0xB0, 0x0B, 0xFA, 0xA8,
    0x72, 0x07, 0x08, 0x18, 0xA1, 0x6A, 0x41, 0xB8, 0x56, 0x02, 0x04, 0x63, 0x96, 0x49, 0xD4, 0x39,
    0x26, 0x80, 0xF1, 0xD0, 0x7B, 0x23, 0x17, 0x37, 0xEB, 0x1D, 0x22, 0x70, 0xC2, 0x21, 0xC1, 0xAD,
    0x96, 0x53, 0x93, 0xDA, 0x35, 0x6C, 0x24, 0xF8, 0x17, 0x2D, 0xB4, 0x43, 0xA5, 0xE5, 0x6B, 0x71,
    0x7D, 0x24, 0xBC, 0x01, 0xDB, 0xC0, 0xD5, 0x1A, 0x2F, 0x7A, 0x0D, 0xDB, 0x36, 0x0B, 0x08, 0xEC,
    0x09, 0x81, 0x67, 0x7A, 0xFF, 0x01, 0x77, 0x7E, 0xC9, 0xE9, 0x60, 0xB9, 0x5C, 0x73, 0x43, 0x9C,
    0x4D, 0x71, 0x5C, 0x61, 0x96, 0x09, 0x51, 0x01, 0x07, 0xD2, 0xF4, 0x4B, 0xAF, 0xE9, 0x5D, 0xDB,
    0x4E, 0x7B, 0xD8, 0xBE, 0x90, 0x72, 0x88, 0xCE, 0x77, 0xBD, 0x0E, 0xDA, 0x7D, 0x9F, 0xD7, 0x62,
    0x4E, 0x31, 0xD9, 0xE8, 0x18, 0x74, 0xC8, 0x0B, 0x15, 0xCC, 0x58, 0x01, 0x17, 0x28, 0x0A, 0x47,
    0x99, 0xFE, 0xD2, 0x6B, 0x17, 0xAA, 0x5F, 0x37, 0xF5, 0xD0, 0xBE, 0x2A, 0xE5, 0x04, 0x9B, 0x20,
    0xC3, 0x41, 0x9C, 0xC0, 0xC6, 0x3F, 0xE4, 0x5C, 0xAD, 0xD7, 0xE4, 0x3B, 0x34, 0x2E, 0x76, 0xFE,
    0x47, 0xC7, 0xE2, 0xA5, 0x69, 0x29, 0x94, 0x96, 0xAF, 0x2B, 0x4E, 0x52, 0x68, 0x3B, 0xFD, 0xE6,
    0x7F, 0x0C, 0x40, 0x39, 0xDC, 0xF6, 0x80, 0x1B, 0xF1, 0x36, 0xCE, 0x86, 0xA2, 0x12, 0x7A, 0x56,
    0x9C, 0x42, 0x60, 0x94, 0x63, 0xA0, 0x08, 0x07, 0xFC, 0xA9, 0x41, 0xE0, 0x50, 0x82, 0x61, 0xBD,
    0xAB, 0x95, 0x0F, 0xD7, 0x58, 0x05, 0x4D, 0x58, 0xAD, 0xC2, 0x9A, 0xAC, 0xDA, 0x32, 0xFC, 0xCD,
    0x78, 0x23, 0x61, 0x93, 0xE4, 0x43, 0x34, 0x8E, 0xB1, 0xC5, 0x18, 0x44, 0x6E, 0x52, 0x82, 0x17,
    0x76, 0x2B, 0x31, 0x40, 0x97, 0xD6, 0x3C, 0xFD, 0x16, 0x07, 0x1F, 0xB8, 0xD9, 0xE9, 0x3B, 0x40,
    0x53, 0x71, 0x69, 0x00, 0xAA, 0x88, 0xFD, 0x4B, 0x0B, 0x7D, 0x41, 0x28, 0xB8, 0xE6, 0xB6, 0xB9,
    0xE4, 0xF6, 0xFA, 0x70, 0x46, 0xA4, 0x15, 0x8E, 0x70, 0x59, 0x13, 0x02, 0x06, 0x4E, 0xB4, 0xC7,
    0xAC, 0x71, 0x65, 0x45, 0x74, 0x49, 0x2C, 0xF3, 0xB9, 0x16, 0xF4, 0xD0, 0x3C, 0x64, 0xA4, 0x18,
    0x32, 0x0A, 0xC2, 0xFE, 0x09, 0x6A, 0x98, 0xD0, 0x6F, 0x13, 0x02, 0x51, 0x46, 0x67, 0x2D, 0x88,
    0x94, 0x17, 0x04, 0x0A, 0x18, 0x99, 0x2D, 0x07, 0x78, 0x2E, 0xB6, 0x55, 0x8B, 0x33, 0x05, 0xE4,
    0x4D, 0xDF, 0x21, 0xAE, 0x65, 0xB9, 0x6D, 0x33, 0x4E, 0xED, 0x62, 0xDE, 0xEF, 0x07, 0x78, 0xFD,
    0xA0, 0x51, 0x00, 0xC9, 0x19, 0xEC, 0xB5, 0xB8, 0x53, 0x64, 0x81, 0x0E, 0x17, 0x46, 0xA3, 0xB2,
    0xE7, 0xA2, 0x67, 0x05, 0xC1, 0x83, 0x11, 0xD7, 0x23, 0x86, 0x2C, 0x76, 0xA3, 0xE8, 0xCA, 0x29,
    0x26, 0xE8, 0xF2, 0xDA, 0x23, 0xF3, 0x6E, 0x96, 0xCE, 0x8D, 0xB5, 0x9B, 0x1A, 0x35, 0xE8, 0xD5,
    0x6A, 0x10, 0x4A, 0xCD, 0x70, 0xDB, 0xA8, 0xE7, 0x3F, 0xC7, 0xAE, 0x4E, 0x85, 0x7B, 0x9C, 0x57,
    0x07, 0xA7, 0x84, 0xCE, 0x51, 0x33, 0xCD, 0x6B, 0xA9, 0xF7, 0x38, 0xD1, 0x7A, 0xF1, 0x7B, 0xDC,
    0x9F, 0x0F, 0xFB, 0xA0, 0x2F, 0x64, 0x50, 0x16, 0x65, 0x52, 0x36, 0x26, 0xD3, 0xCC, 0x54, 0x4C,
    0x40, 0xF6, 0x22, 0xC2, 0xFD, 0x74, 0xA6, 0x97, 0xB5, 0x9B, 0xDA, 0x76, 0x0B, 0x6A, 0x67, 0xBA,
    0xA7, 0x4F, 0x3E, 0xD3, 0x7D, 0xF2, 0x97, 0x84, 0x75, 0x69, 0x44, 0xCF, 0xD8, 0x79, 0x5D, 0x56,
    0x5C, 0x97, 0xB7, 0x8E, 0x5C, 0x97, 0x24, 0x5D, 0x30, 0x00, 0x63, 0x8A, 0xC6, 0x49, 0xAA, 0xE1,
    0x24, 0xD6, 0x25, 0x49, 0x89, 0x4A, 0x84, 0xA9, 0x84, 0xAB, 0x80, 0x25, 0xD9, 0xAE, 0x0B, 0x23,
    0xDC, 0xF4, 0xD5, 0xD8, 0x3E, 0xC8, 0xBC, 0x86, 0x00, 0xB2, 0xA5, 0x9D, 0x6C, 0xB8, 0xF1, 0xCD,
    0x69, 0x29, 0x73, 0x3E, 0xD9, 0x49, 0xAF, 0x1D, 0x62, 0x4D, 0xC7, 0xE5, 0x3B, 0xD8, 0x73, 0x2B,
    0x44, 0x3D, 0x9C, 0x6E, 0x82, 0x3D, 0x77, 0x82, 0xF3, 0x10, 0x6B, 0xB6, 0x01, 0x43, 0x3A, 0x56,
    0xF0, 0x44, 0x2F, 0x18, 0x83, 0x17, 0x04, 0xC4, 0x42, 0xE0, 0xF6, 0x05, 0xA1, 0xB0, 0x20, 0xC2,
    0x14, 0x11, 0x96, 0xB5, 0x20, 0x50, 0x16, 0xC4, 0x92, 0x72, 0x50, 0x1F, 0xE1, 0xA2, 0x33, 0x8A,
    0x2A, 0x18, 0x4A, 0x14, 0xCC, 0xE9, 0x0A, 0x82, 0x6A, 0xC1, 0xE4, 0xAF, 0x20, 0xEC, 0x4E, 0x42,
    0x55, 0x3C, 0x92, 0x01, 0x8C, 0x66, 0xC8, 0x92, 0xF4, 0x55, 0x7C, 0xEA, 0x58, 0x5A, 0xFA, 0x39,
    0xD0, 0x89, 0x10, 0x83, 0x31, 0xA3, 0x06, 0xA7, 0x76, 0xD4, 0x7A, 0x1B, 0xA0, 0x0B, 0xD8, 0xE3,
    0xDE, 0xFF, 0x52, 0x1E, 0x5F, 0x85, 0x9F, 0xC9, 0xF9, 0x07, 0x61, 0x2C, 0xE7, 0x67, 0x11, 0xD8,
    0xE3, 0xC7, 0x60, 0xE1, 0x19, 0xD9, 0x55, 0x84, 0x2C, 0xB2, 0x8F, 0xE4, 0x89, 0xDF, 0x21, 0xEF,
    0xF5, 0x5A, 0x4D, 0x7E, 0x97, 0x6C, 0xCD, 0xD0, 0xF2, 0x45, 0x6C, 0xA4, 0x7F, 0xC3, 0xEF, 0x07,
    0x43, 0xCA, 0x41, 0xD0, 0x01, 0xBB, 0x61, 0xD8, 0xB4, 0xD8, 0xF7, 0x3D, 0xE8, 0x0A, 0x74, 0x0E,
    0x8A, 0x41, 0x61, 0x3E, 0x0C, 0x41, 0x35, 0x0C, 0x5E, 0x03, 0x6A, 0x87, 0xC1, 0xE9, 0x80, 0x0B,
    0x03, 0xE8, 0x63, 0xD0, 0x39, 0x28, 0x06, 0x85, 0xA0, 0x00, 0xE4, 0x13, 0x33, 0x14, 0x3B, 0x6C,
    0x18, 0xCE, 0xAC, 0x5E, 0x3D, 0x42, 0x23, 0x19, 0x8D, 0xD9, 0x35, 0xDF, 0xD2, 0x68, 0x24, 0x9B,
    0xEC, 0x1B, 0x5B, 0x8D, 0xEE, 0x64, 0xDA, 0x24, 0x9B, 0xB7, 0x9B, 0x15, 0x60, 0xC3, 0x7F, 0x0A,
    0x55, 0xF1, 0x0E, 0x43, 0x26, 0x06, 0x31, 0xF2, 0x23, 0xEC, 0xB1, 0x44, 0xFD, 0xC6, 0x20, 0x73,
    0x88, 0x90, 0x42, 0x78, 0x03, 0xBA, 0xCD, 0x34, 0xDA, 0x6F, 0x67, 0xB0, 0xD7, 0x71, 0x9F, 0xED,
    0xB4, 0xFD, 0xF3, 0xA3, 0xDC, 0xFE, 0x4D, 0xCF, 0x8B, 0x79, 0xEB, 0x34, 0x39, 0x0A, 0x40, 0x80,
    0xB5, 0xB1, 0x42, 0x7D, 0x06, 0x80, 0x76, 0x5E, 0xF1, 0x66, 0x0E, 0xA1, 0x5D, 0x3D, 0xDA, 0xCD,
    0xDF, 0x35, 0x5D, 0x20, 0xFC, 0xF3, 0x8E, 0xFC, 0x1A, 0x61, 0xC4, 0x1F, 0xE7, 0x53, 0x0C, 0x83,
    0x66, 0x35, 0xC2, 0x22, 0xC6, 0xB5, 0xA4, 0x6E, 0x41, 0xAD, 0xBD, 0x9E, 0xD5, 0xDC, 0x59, 0xF6,
    0x34, 0x43, 0x9A, 0x8F, 0xC5, 0xA2, 0xC7, 0x63, 0x0A, 0x1A, 0x68, 0xC2, 0xAE, 0xE8, 0xEF, 0x4F,
    0x7D, 0x35, 0x2E, 0x1E, 0xE5, 0xE2, 0xBF, 0x29, 0xE7, 0x8B, 0x03, 0xB5, 0x89, 0x9B, 0xB7, 0x2A,
    0xA2, 0xE2, 0x5C, 0x3F, 0x49, 0xA6, 0xC0, 0x2A, 0xEE, 0x18, 0xD7, 0xE4, 0x36, 0xAE, 0x89, 0xF5,
    0xC7, 0x1C, 0xBB, 0x4F, 0x71, 0xBB, 0x8D, 0x13, 0xDF, 0xC1, 0xFF, 0x55, 0x1A, 0xD1, 0xFB, 0x1B,
    0x20, 0x5A, 0xEE, 0x9A, 0x7F, 0xDE, 0x4A, 0x22, 0x8E, 0x48, 0x87, 0xDF, 0x08, 0x3B, 0x8C, 0x8F,
    0xDF, 0x20, 0xCB, 0xF7, 0x56, 0x33, 0xD8, 0xC5, 0xDB, 0x5C, 0x4D, 0x8D, 0x3F, 0x34, 0x12, 0xD1,
    0x98, 0x04, 0x87, 0x47, 0xD0, 0xC0, 0x8B, 0x82, 0x5A, 0x83, 0x15, 0x2D, 0x4C, 0x20, 0x6B, 0x88,
    0x73, 0x86, 0x64, 0xA9, 0x06, 0x35, 0x88, 0x71, 0x32, 0x1A, 0x71, 0x3D, 0xC5, 0x3D, 0x5C, 0x35,
    0xC0, 0x5E, 0x3F, 0x45, 0x45, 0x09, 0xE3, 0xA3, 0xF8, 0x92, 0x06, 0xBF, 0x66, 0xEA, 0xCE, 0xE8,
    0x89, 0x8B, 0x61, 0x83, 0x29, 0x0D, 0xAB, 0x18, 0x60, 0xA9, 0xDF, 0xDD, 0x09, 0x0C, 0xEB, 0x7D,
    0x00, 0xB1, 0xA0, 0x02, 0x78, 0xB1, 0x40, 0x03, 0xC8, 0x01, 0xEE, 0x44, 0x1F, 0xCC, 0x30, 0xA4,
    0x80, 0xA4, 0xD0, 0x74, 0x15, 0xFE, 0x59, 0x1E, 0x77, 0xC1, 0x97, 0x16, 0xB8, 0xC0, 0x66, 0x30,
    0xAB, 0x1D, 0x4D, 0x5F, 0x06, 0x5B, 0x97, 0xC1, 0xC1, 0x18, 0x57, 0x3A, 0x23, 0xA8, 0x5D, 0x52,
    0x19, 0x4C, 0xA1, 0xD4, 0x29, 0x7C, 0x44, 0xED, 0xAF, 0x99, 0x27, 0x61, 0x63, 0x2D, 0x74, 0x66,
    0x65, 0xC7, 0x46, 0x86, 0x7A, 0x4D, 0xEF, 0x46, 0x6C, 0xA7, 0x3D, 0x14, 0xF5, 0xE9, 0xBC, 0x1E,
    0xE5, 0xA9, 0x64, 0x1D, 0x43, 0x47, 0xC3, 0x02, 0x04, 0x36, 0xCE, 0xD3, 0x5F, 0x58, 0x8A, 0xB0,
    0xB1, 0x86, 0x45, 0x3B, 0xA4, 0x76, 0xB4, 0x29, 0xD1, 0x7E, 0xA9, 0x86, 0x1A, 0xF1, 0x73, 0xAA,
    0xF1, 0x55, 0x35, 0x85, 0xEB, 0x3B, 0x35, 0x6C, 0x58, 0x7D, 0x1C, 0xCB, 0x16, 0xB9, 0xBC, 0xCD,
    0x8B, 0x98, 0x04, 0x46, 0xBB, 0x1C, 0x71, 0x4E, 0x97, 0x98, 0x9C, 0x6A, 0x99, 0x20, 0xB7, 0x9B,
    0x69, 0x4E, 0x1D, 0x5B, 0x1B, 0xDF, 0xCD, 0x3D, 0x32, 0xC5, 0x1C, 0x33, 0xCE, 0x54, 0x32, 0xF0,
    0x6A, 0xD6, 0xB7, 0x4A, 0x68, 0x6F, 0xE4, 0x63, 0x85, 0x27, 0x53, 0xF0, 0xC3, 0x28, 0x68, 0xAE,
    0x85, 0x05, 0x53, 0x91, 0x83, 0xEA, 0xB9, 0x8B, 0x4D, 0xAD, 0x99, 0xC7, 0x8C, 0x05, 0x4C, 0x50,
    0xA2, 0xB9, 0x78, 0x56, 0xDB, 0x8A, 0x85, 0xB7, 0xC8, 0xE0, 0xB5, 0xC3, 0x38, 0x1D, 0x85, 0xCB,
    0x51, 0xA2, 0x5B, 0xA3, 0x58, 0x4D, 0x28, 0xE1, 0xFF, 0xF0, 0x99, 0x84, 0x2B, 0x16, 0x84, 0xD4,
    0x2B, 0xA2, 0x52, 0x09, 0x53, 0x40, 0xE6, 0xBA, 0x32, 0x40, 0x17, 0xB7, 0x0F, 0x9A, 0xA9, 0xF4,
    0xD1, 0x40, 0xF7, 0x19, 0xE8, 0x33, 0x8B, 0xF1, 0xDF, 0x66, 0xA5, 0x90, 0x80, 0xD5, 0xEF, 0xD8,
    0x43, 0x79, 0x82, 0x9B, 0x51, 0xE5, 0x37, 0x4E, 0x27, 0x7F, 0x3C, 0xC1, 0xAE, 0x07, 0x66, 0xA6,
    0xAC, 0x21, 0x3C, 0x48, 0xA3, 0x76, 0x61, 0x89, 0x4E, 0xCA, 0xAF, 0x3B, 0xC0, 0x02, 0x4F, 0xA0,
    0x2E, 0xAB, 0x99, 0x8E, 0xB8, 0xC0, 0x5B, 0x57, 0xBF, 0xB3, 0xA7, 0xAE, 0x5E, 0x47, 0xBF, 0xCE,
    0x29, 0x37, 0x4F, 0xE3, 0x65, 0xBD, 0xFA, 0x45, 0x14, 0xF7, 0xF4, 0x39, 0x46, 0x88, 0x75, 0x56,
    0x47, 0xF0, 0x7B, 0xD6, 0x25, 0x59, 0xC7, 0x10, 0xD2, 0x78, 0x40, 0x5A, 0xDF, 0xC8, 0x10, 0xEF,
    0x66, 0xD8, 0xAD, 0xD9, 0x54, 0x3F, 0x79, 0xC4, 0x44, 0xE5, 0x04, 0x60, 0x0C, 0x49, 0x1B, 0xD1,
    0xEC, 0xDE, 0xDF, 0x20, 0xA7, 0xD5, 0x80, 0x38, 0xD6, 0xCC, 0xF9, 0xCE, 0x80, 0x38, 0x9F, 0x9B,
    0x68, 0xE3, 0x60, 0x83, 0x7C, 0xC4, 0xD5, 0x7C, 0x84, 0x82, 0xAD, 0x50, 0x1E, 0x53, 0xBB, 0x5A,
    0xC7, 0x6D, 0x8A, 0x6F, 0x46, 0x9C, 0x76, 0x23, 0x8E, 0xBD, 0x11, 0x88, 0x39, 0x42, 0x1A, 0xAB,
    0x0F, 0x3C, 0xAF, 0x0F, 0xB5, 0xD7, 0x6B, 0x18, 0x72, 0x44, 0xDC, 0x36, 0x62, 0xE5, 0x46, 0xCF,
    0x1E, 0x65, 0x23, 0x72, 0xD5, 0x3F, 0xCD, 0x15, 0x94, 0x86, 0xE7, 0x33, 0x8C, 0xDF, 0xDB, 0xF3,
    0xB9, 0xB0, 0x85, 0x67, 0x7B, 0x3E, 0x1B, 0x5B, 0xB9, 0x9B, 0x02, 0xEA, 0xD5, 0x41, 0x82, 0xC5,
    0x1C, 0x3C, 0xBC, 0x91, 0x77, 0x29, 0x80, 0xC8, 0x40, 0x16, 0x20, 0x1D, 0xB7, 0x69, 0x6A, 0xC8,
    0x09, 0x25, 0x3A, 0xB5, 0xFC, 0x91, 0xD6, 0xF2, 0xA6, 0x72, 0xC5, 0x16, 0x22, 0x18, 0xD5, 0x2D,
    0xD8, 0xAB, 0xC0, 0xC6, 0x7D, 0xEC, 0xD4, 0xFC, 0x61, 0x67, 0x23, 0xD9, 0xDA, 0x28, 0x7B, 0x91,
    0x8D, 0x68, 0x3B, 0xDC, 0x8F, 0xBA, 0x93, 0x11, 0x5E, 0x36, 0xBA, 0xB4, 0x0F, 0x6C, 0xBC, 0x2B,
    0x11, 0xB8, 0xC3, 0x77, 0xE5, 0xB4, 0x43, 0x66, 0xDA, 0x82, 0x72, 0x7A, 0xEA, 0xBD, 0x5E, 0x56,
    0x76, 0xBA, 0xA0, 0xB6, 0xEA, 0x19, 0x37, 0x99, 0x22, 0x2C, 0xB3, 0x69, 0xAF, 0xB3, 0xE4, 0x1E,
    0x45, 0x0A, 0x80, 0x5A, 0x01, 0x99, 0x0A, 0x66, 0x8B, 0x17, 0xF3, 0xA4, 0x99, 0x6C, 0xCD, 0xE3,
    0x08, 0x52, 0xF4, 0x68, 0x1E, 0x6A, 0x35, 0xC1, 0xD7, 0x45, 0x6B, 0x14, 0x93, 0xDC, 0xB9, 0xE2,
    0xB1, 0xDE, 0x1B, 0x03, 0xF6, 0xC8, 0x67, 0xB2, 0x9D, 0xBF, 0x09, 0x25, 0xE9, 0x7B, 0xC8, 0x25,
    0x12, 0xAD, 0xD6, 0xF6, 0x5A, 0xB8, 0x89, 0x65, 0x32, 0xD8, 0xBD, 0x0C, 0x58, 0x4F, 0x23, 0xB2,
    0xA8, 0x5D, 0x83, 0x95, 0x80, 0x16, 0x97, 0x4F, 0xA0, 0xB0, 0xBA, 0x00, 0x21, 0x3E, 0xB7, 0xA2,
    0xF6, 0xD9, 0x38, 0xD7, 0xAA, 0x32, 0x7A, 0x67, 0xC6, 0xFA, 0x41, 0xE6, 0x68, 0x18, 0x81, 0xFC,
    0x25, 0x63, 0x2A, 0x94, 0xB1, 0xBC, 0x32, 0xC9, 0x13, 0xF3, 0x7A, 0x56, 0x3C, 0xCA, 0xCA, 0xF5,
    0xCE, 0xCA, 0x4E, 0xD9, 0x9C, 0x8E, 0xA7, 0x0D, 0xDD, 0x61, 0xB4, 0x9B, 0x6A, 0x15, 0x74, 0x99,
    0x86, 0x0D, 0xF9, 0xCC, 0xC2, 0x17, 0x33, 0x3E, 0xB0, 0x7B, 0x39, 0xFB, 0x1E, 0x73, 0x65, 0xBB,
    0x45, 0x2B, 0x58, 0xE7, 0xF5, 0x7D, 0x6D, 0x1B, 0xAF, 0xFB, 0xDB, 0x8A, 0xAA, 0x86, 0x65, 0x07,
    0xF1, 0xFA, 0x01, 0xDB, 0x65, 0x1A, 0x7B, 0x11, 0x79, 0x6B, 0x45, 0xA9, 0xD0, 0x47, 0x56, 0x43,
    0x99, 0x34, 0x6C, 0x2D, 0x9E, 0xBA, 0x2F, 0xC1, 0x5C, 0xE2, 0x31, 0x70, 0x99, 0xF8, 0x4C, 0x9C,
    0xE6, 0xEC, 0x2E, 0xFA, 0x3B, 0x77, 0x1B, 0x77, 0x3B, 0x51, 0x8D, 0xE8, 0x46, 0x94, 0x23, 0xDA,
    0x11, 0xF5, 0xEE, 0x44, 0xC4, 0xD4, 0x22, 0x02, 0xD1, 0x93, 0x08, 0xE1, 0xE8, 0x8E, 0xEF, 0xEF,
    0x44, 0xDC, 0x93, 0x72, 0x93, 0xDA, 0x3C, 0xC0, 0xA4, 0x9B, 0xF4, 0x64, 0x5B, 0x39, 0x7C, 0x55,
    0x92, 0x72, 0xFF, 0xD9, 0xEA, 0x36, 0x5B, 0x6A, 0x6C, 0x55, 0xD5, 0x67, 0x3E, 0x60, 0x9F, 0xA9,
    0x2E, 0x6A, 0xF9, 0x5E, 0xF7, 0x3E, 0x9F, 0x9B, 0xC1, 0xA4, 0x99, 0xA2, 0x0F, 0x0C, 0xFA, 0xAB,
    0xDB, 0xC2, 0x4B, 0x7B, 0xAC, 0x2A, 0xDD, 0xAB, 0xC8, 0xB8, 0x88, 0x2B, 0xB2, 0xFC, 0xA1, 0x16,
    0x18, 0x23, 0x10, 0xC6, 0x5D, 0x61, 0xBC, 0x63, 0x68, 0xF6, 0xAE, 0x44, 0xC3, 0x46, 0xD6, 0xFF,
    0x3D, 0x3D, 0x83, 0xB5, 0x1A, 0x9F, 0x6D, 0x9E, 0x2E, 0x52, 0xD1, 0xD4, 0x06, 0xF9, 0xD9, 0x94,
    0x8A, 0x6A, 0x1A, 0xDF, 0x38, 0x3D, 0x22, 0x17, 0x56, 0xE5, 0x19, 0x32, 0x68, 0xF0, 0xE0, 0x30,
    0x8C, 0x00, 0x0C, 0x63, 0xEF, 0xAC, 0xB4, 0x74, 0xCB, 0xA5, 0x8D, 0xA9, 0x66, 0x38, 0xCC, 0xF5,
    0x3B, 0x06, 0x3B, 0xE7, 0x40, 0x2A, 0xD6, 0x26, 0x5D, 0x5B, 0xA0, 0x9C, 0xD8, 0x95, 0xD7, 0x22,
    0x07, 0xF7, 0x9A, 0xF8, 0xA7, 0xA3, 0x57, 0x47, 0x3F, 0xDB, 0xF8, 0x75, 0xF8, 0xE9, 0x57, 0x7E,
    0x15, 0x7E, 0x7A, 0xFD, 0xF3, 0x2A, 0xFC, 0xFC, 0xF2, 0xB2, 0x0A, 0xAE, 0x3F, 0xBA, 0xCE, 0x83,
    0x2F, 0xBC, 0x2F, 0x72, 0x7F, 0xE3, 0x9A, 0xD4, 0x1B, 0x00, 0x45, 0xDE, 0x00, 0x04, 0xF0, 0x88,
    0xB2, 0x6E, 0x2B, 0x67, 0x92, 0xE9, 0x33, 0x33, 0xFB, 0xB8, 0x8C, 0xCF, 0xA7, 0x3B, 0x0C, 0x67,
    0xB5, 0x2A, 0x75, 0x67, 0x6F, 0xB6, 0xBA, 0x74, 0xF3, 0x2F, 0x4D, 0x38, 0xB7, 0x41, 0x90, 0xF6,
    0x38, 0x88, 0x7F, 0x58, 0x1B, 0xC9, 0xB7, 0x85, 0x2F, 0xDE, 0xC8, 0x68, 0x83, 0x82, 0x51, 0x2B,
    0x93, 0x47, 0x96, 0xEA, 0x5B, 0x3E, 0x6F, 0xED, 0xF9, 0x0C, 0x56, 0x1F, 0xEC, 0x8F, 0x64, 0x05,
    0x9F, 0xF4, 0x24, 0xFA, 0x20, 0xF2, 0x17, 0x0C, 0xF7, 0xBE, 0xD2, 0xA8, 0x9E, 0x36, 0xD8, 0xCC,
    0xD5, 0x61, 0x0D, 0x2A, 0x59, 0xE4, 0x55, 0xBB, 0xE8, 0x79, 0x9C, 0xE8, 0xD3, 0x2D, 0x55, 0x8A,
    0x25, 0xF5, 0x18, 0x5E, 0x33, 0x93, 0xE8, 0xC3, 0x58, 0xCC, 0x11, 0xBB, 0x54, 0x13, 0xCD, 0xF9,
    0x71, 0x4F, 0x62, 0x2F, 0x6D, 0x9F, 0xD1, 0x34, 0xD3, 0x33, 0x1A, 0xF4, 0x99, 0x09, 0x9E, 0x51,
    0xC1, 0x43, 0xF4, 0x19, 0xF0, 0x5E, 0xF1, 0xFC, 0x1E, 0x62, 0xF1, 0x99, 0x32, 0x99, 0x9B, 0x93,
    0xF8, 0xDB, 0xE9, 0x8F, 0xEC, 0xAF, 0xA1, 0x32, 0xD1, 0x14, 0xE3, 0x9E, 0x98, 0x6A, 0xB8, 0xEF,
    0x95, 0x30, 0x31, 0x31, 0x53, 0x4C, 0xBD, 0x8D, 0xA5, 0x8F, 0x20, 0x35, 0xE1, 0x38, 0x3D, 0xE0,
    0x23, 0x8D, 0xF6, 0xDA, 0x51, 0x75, 0xB8, 0x46, 0xED, 0x4A, 0xBB, 0xF3, 0x71, 0x89, 0x7B, 0x23,
    0x0F, 0xB0, 0x4C, 0x79, 0x98, 0xC6, 0xA6, 0x43, 0xC2, 0xE7, 0xE3, 0xB0, 0xFB, 0x98, 0xB5, 0xB5,
    0x77, 0x05, 0xF8, 0xFF, 0x3F, 0xC5, 0x59, 0x3F, 0x73, 0xDC, 0xD6, 0x11, 0x5F, 0x00, 0x99, 0x83,
    0x64, 0x68, 0xE6, 0x35, 0x9E, 0x0C, 0x1D, 0x7A, 0x02, 0x17, 0x2A, 0xE4, 0x42, 0x81, 0x8A, 0x34,
    0x9E, 0xA1, 0x0E, 0x98, 0xB8, 0x70, 0xA9, 0x0F, 0x90, 0x46, 0x1F, 0x20, 0x33, 0x6A, 0x5C, 0x52,
    0x07, 0x38, 0x8D, 0x8B, 0x34, 0xEC, 0xD3, 0xF8, 0x1B, 0xA4, 0x55, 0x41, 0x12, 0x48, 0xED, 0x22,
    0x98, 0x49, 0x91, 0x22, 0x45, 0x50, 0xA8, 0x48, 0x27, 0x14, 0x28, 0xC0, 0x11, 0x80, 0x97, 0xDF,
    0x6F, 0x01, 0x1C, 0xEF, 0x4E, 0x24, 0xC5, 0x24, 0xA4, 0xEE, 0xEE, 0x76, 0xEF, 0x0E, 0x78, 0x6F,
    0x77, 0xDF, 0x7B, 0xFB, 0x1F, 0x26, 0x8B, 0x6B, 0xBE, 0x4D, 0x21, 0xFA, 0x0A, 0x32, 0x93, 0x99,
    0x62, 0xFB, 0x1D, 0x6E, 0xBC, 0x45, 0x5E, 0x73, 0xD8, 0x15, 0x68, 0x61, 0xDF, 0x8A, 0xA4, 0x76,
    0x10, 0xD7, 0xDA, 0x5E, 0x82, 0x21, 0xF9, 0x52, 0x4C, 0x8D, 0xEB, 0x11, 0x29, 0xC7, 0x19, 0x51,
    0x42, 0x24, 0xDB, 0x28, 0x9B, 0x87, 0xE8, 0x60, 0x4C, 0xFB, 0x15, 0x09, 0x58, 0x91, 0x9C, 0xC8,
    0xB7, 0x17, 0x72, 0x3D, 0x4B, 0x27, 0x07, 0x4B, 0x03, 0x96, 0x12, 0x83, 0xA5, 0xA4, 0xE5, 0x97,
    0x98, 0xC6, 0x9B, 0x3D, 0x51, 0x77, 0x0D, 0x4A, 0xAD, 0x2D, 0x37, 0xD0, 0xCE, 0x5D, 0x47, 0x51,
    0x3B, 0x23, 0x57, 0x11, 0x04, 0x4A, 0xBC, 0x35, 0x3A, 0x10, 0x79, 0x28, 0x2B, 0x88, 0x9D, 0x44,
    0xBF, 0xBF, 0x38, 0x87, 0x00, 0xB6, 0x13, 0xAF, 0x0D, 0x6A, 0x09, 0x4A, 0xA7, 0x11, 0xEC, 0x64,
    0x27, 0x26, 0x93, 0xD3, 0x4D, 0xC4, 0x6B, 0xB8, 0xDB, 0x8E, 0xE3, 0x74, 0x46, 0xF4, 0x67, 0xCC,
    0x55, 0x2A, 0x4A, 0x0F, 0xBB, 0xE1, 0x35, 0x51, 0x26, 0x41, 0x85, 0xC1, 0xA6, 0x08, 0x2A, 0x89,
    0x32, 0xAF, 0xC6, 0x65, 0x48, 0x70, 0x4E, 0xD1, 0x20, 0xD7, 0xCA, 0x6D, 0xB0, 0xD4, 0x6F, 0xB1,
    0x51, 0xE1, 0xCF, 0x10, 0xDC, 0xBC, 0xC3, 0xBE, 0x79, 0xD8, 0xA5, 0x00, 0x52, 0x65, 0x97, 0x68,
    0x67, 0x49, 0x37, 0xDF, 0xED, 0x36, 0x5F, 0xA3, 0x0E, 0xEC, 0x5C, 0x8B, 0x86, 0x04, 0x1B, 0x50,
    0xF9, 0xD8, 0x2C, 0x53, 0x2D, 0x0A, 0x6A, 0x8A, 0x02, 0x24, 0x08, 0x7A, 0x0A, 0xF0, 0x16, 0x30,
    0x88, 0xF9, 0xA7, 0x2D, 0xA2, 0xE4, 0x55, 0xBD, 0x14, 0xBF, 0x5E, 0x89, 0xDB, 0x10, 0x62, 0x2C,
    0x21, 0x6E, 0xB0, 0x24, 0xF0, 0x75, 0x78, 0x9E, 0xA1, 0x85, 0x0E, 0xE4, 0x9C, 0x5D, 0xE1, 0x70,
    0x01, 0x41, 0xF5, 0xB5, 0x44, 0x65, 0x6C, 0x6D, 0x01, 0x50, 0x1D, 0x7A, 0xEE, 0xD6, 0xB9, 0xD7,
    0xE2, 0x83, 0x1F, 0x72, 0x88, 0xE3, 0x77, 0x78, 0x4A, 0x7E, 0xE3, 0x37, 0xE3, 0x5E, 0x46, 0x7E,
    0xB7, 0x94, 0xA3, 0xB0, 0x33, 0x72, 0xBC, 0x14, 0x93, 0xBC, 0x39, 0x86, 0xCE, 0xBE, 0x39, 0x5D,
    0x23, 0xFE, 0xD5, 0x1B, 0x3A, 0x24, 0xF2, 0xDB, 0xE5, 0x38, 0x4D, 0x09, 0x80, 0x14, 0x78, 0x93,
    0x68, 0x60, 0x13, 0x63, 0xAB, 0x5F, 0x80, 0x85, 0xE0, 0x84, 0xDB, 0x85, 0x6D, 0x23, 0xDB, 0xAE,
    0xA4, 0x3D, 0x16, 0xE2, 0xD8, 0xB6, 0x14, 0xE5, 0xA5, 0x9B, 0x49, 0xEB, 0x97, 0x1E, 0xAC, 0x23,
    0x28, 0xA3, 0xC4, 0x14, 0x2B, 0xE8, 0x70, 0x27, 0x29, 0x8E, 0x84, 0xDF, 0xFC, 0x8F, 0xEB, 0xC2,
    0xFB, 0x1C, 0xC7, 0xF1, 0x29, 0x75, 0xF7, 0x12, 0x51, 0xB9, 0x6F, 0x8D, 0x72, 0x9B, 0x8D, 0x9F,
    0x2B, 0x97, 0x1D, 0x61, 0x25, 0x47, 0xD1, 0x80, 0x65, 0x3F, 0x0D, 0xB1, 0xEC, 0xA7, 0x21, 0x16,
    0x1B, 0x0D, 0x44, 0x1D, 0xD0, 0xD3, 0x23, 0x2C, 0xFB, 0xE9, 0xAF, 0xB1, 0xEC, 0xA7, 0xE6, 0x05,
    0x09, 0x5E, 0xBD, 0xEC, 0xD4, 0x36, 0xF8, 0xB8, 0x38, 0x2D, 0x6C, 0xB8, 0x57, 0x3F, 0x77, 0xEA,
    0x23, 0x21, 0xC6, 0x6F, 0x5C, 0xC1, 0x75, 0x2C, 0x46, 0x3E, 0x82, 0xB8, 0xB0, 0xE4, 0x12, 0xDD,
    0x62, 0xC6, 0xE5, 0x6B, 0x67, 0xAE, 0x3F, 0xC0, 0x72, 0x8B, 0x2F, 0xA0, 0x08, 0x9E, 0x7E, 0x82,
    0x02, 0xE6, 0x00, 0xEB, 0xF5, 0x1A, 0xAA, 0x57, 0x98, 0x48, 0x64, 0x9B, 0xD8, 0x36, 0xC1, 0x34,
    0xAC, 0x14, 0xAF, 0xC4, 0x18, 0xD7, 0xC2, 0x22, 0x0B, 0xA8, 0x99, 0x38, 0xFC, 0x3C, 0xF6, 0xEB,
    0xD8, 0x96, 0x87, 0x90, 0xFD, 0xC4, 0x69, 0xBC, 0xC6, 0xE0, 0xA4, 0x56, 0xF2, 0x44, 0x52, 0x50,
    0xF9, 0xAF, 0x20, 0x01, 0x64, 0x80, 0x0A, 0x60, 0xED, 0x08, 0xD1, 0x70, 0x92, 0x52, 0xEC, 0x2B,
    0x40, 0x0E, 0xED, 0x05, 0x36, 0xD6, 0x42, 0xB7, 0x6D, 0x64, 0xEB, 0x28, 0x05, 0xE4, 0x00, 0xBB,
    0x01, 0xF9, 0x74, 0x3D, 0x06, 0x84, 0x00, 0x1F, 0x20, 0xAF, 0x00, 0xEE, 0xFF, 0x0E, 0xA6, 0x84,
    0xBF, 0x6E, 0xE0, 0xB1, 0x4B, 0xA9, 0x5D, 0xC8, 0x0A, 0x87, 0x75, 0x1A, 0x77, 0x51, 0x25, 0x47,
    0xF4, 0x5D, 0x61, 0x27, 0xF1, 0xA9, 0x3C, 0x39, 0x12, 0xF9, 0xE0, 0x03, 0xA5, 0xC6, 0xC7, 0xC9,
    0x4F, 0xA0, 0xFC, 0x2D, 0xBC, 0xCB, 0x39, 0x74, 0x24, 0x92, 0x63, 0x98, 0x0A, 0xBD, 0x14, 0x81,
    0xBF, 0x79, 0x8D, 0xF7, 0x38, 0x86, 0x63, 0x9F, 0xC8, 0x89, 0xBC, 0x76, 0xE9, 0x88, 0x40, 0x3C,
    0xA3, 0xC2, 0xC7, 0x38, 0xD3, 0xB0, 0x70, 0x5B, 0x53, 0xF2, 0x9B, 0xFF, 0x79, 0x9D, 0xF7, 0x39,
    0x8E, 0xE3, 0xA5, 0xC6, 0x61, 0x1E, 0xC2, 0x1F, 0x16, 0x31, 0x9C, 0x5D, 0xF6, 0x4D, 0x4D, 0x85,
    0xAC, 0xE9, 0xB2, 0x6B, 0x5A, 0x5B, 0x4D, 0xAB, 0xAB, 0x71, 0xDC, 0x52, 0xE3, 0xC0, 0xA5, 0x0E,
    0x19, 0x17, 0x96, 0xDC, 0xD2, 0x53, 0x22, 0xF5, 0xB8, 0xD4, 0x1A, 0xBF, 0x44, 0x60, 0x30, 0x59,
    0x0A, 0xA5, 0x90, 0xF7, 0x85, 0x2C, 0xBD, 0x7F, 0x14, 0x72, 0xEA, 0xFF, 0x58, 0x38, 0x8D, 0xF1,
    0x0B, 0xAF, 0xC2, 0x86, 0x06, 0x05, 0x10, 0xF4, 0xDC, 0x2F, 0xC0, 0xC0, 0x2F, 0xE4, 0x0D, 0xE6,
    0x04, 0x2D, 0x0C, 0x33, 0x6E, 0x25, 0x94, 0xAF, 0x5B, 0x52, 0x6D, 0x49, 0xB5, 0x85, 0x63, 0x96,
    0x96, 0xBA, 0xD8, 0x62, 0x98, 0xB4, 0x98, 0x23, 0x6D, 0xB4, 0x0E, 0x26, 0xEA, 0xF3, 0x55, 0x5B,
    0x2B, 0x06, 0xA1, 0x22, 0x4F, 0x24, 0xFC, 0x16, 0xE6, 0x17, 0x3B, 0x7F, 0xAC, 0xB1, 0x43, 0x0E,
    0xC5, 0xF6, 0x2A, 0x08, 0x65, 0x0A, 0x28, 0xE1, 0x0A, 0x5F, 0xF0, 0xC4, 0x21, 0xDC, 0x5E, 0xB3,
    0x24, 0x52, 0xD5, 0x3E, 0x6C, 0xB0, 0x2F, 0x71, 0x0F, 0x09, 0x1E, 0xFF, 0x86, 0xB6, 0xF7, 0x1C,
    0x52, 0xFB, 0x1D, 0x24, 0x80, 0x92, 0x83, 0x7E, 0x08, 0x09, 0x1E, 0x87, 0xA0, 0x1F, 0x0F, 0xD4,
    0xF2, 0xC6, 0xAC, 0x83, 0xE1, 0xEB, 0xAD, 0x45, 0x7B, 0xBA, 0xE8, 0x02, 0x8B, 0x0E, 0x93, 0xCD,
    0x45, 0x8B, 0x2E, 0xBA, 0xC6, 0x7A, 0xFD, 0x72, 0x7B, 0xD1, 0x5C, 0x4B, 0x0C, 0xB9, 0xB1, 0xD7,
    0xFA, 0xCD, 0xFF, 0x9B, 0xAF, 0x60, 0x72, 0xD8, 0x61, 0x36, 0x32, 0xA4, 0xCF, 0x6E, 0x46, 0xFF,
    0x1D, 0x4D, 0x97, 0x36, 0xF5, 0x3A, 0x2E, 0x0F, 0x61, 0x76, 0x36, 0x41, 0xB0, 0x48, 0x34, 0xC0,
    0x4A, 0x36, 0x6F, 0x0C, 0xA7, 0x8D, 0x01, 0x72, 0xB4, 0x00, 0x3D, 0xB8, 0xC5, 0xCC, 0x87, 0xDE,
    0x43, 0xC3, 0x11, 0xA2, 0x36, 0x6E, 0x04, 0xFF, 0x22, 0xDF, 0xBF, 0x91, 0xF1, 0x9F, 0xC8, 0x8A,
    0x61, 0x2B, 0xE6, 0x09, 0x68, 0x14, 0x3B, 0x63, 0x74, 0xD5, 0xA0, 0xD6, 0xCA, 0x19, 0x22, 0x05,
    0x36, 0x55, 0xA3, 0x9D, 0x22, 0xDF, 0x8E, 0xFC, 0x6D, 0x46, 0xE3, 0x2A, 0x34, 0x20, 0x42, 0x7A,
    0xA8, 0x5A, 0x02, 0xAB, 0x67, 0xA4, 0xAC, 0x53, 0x4A, 0x83, 0xB8, 0xE8, 0x81, 0xCC, 0x83, 0xB5,
    0x2C, 0x69, 0x32, 0x05, 0x7F, 0x95, 0x14, 0x47, 0x05, 0xA9, 0x92, 0xBD, 0xCB, 0xF7, 0x6C, 0x56,
    0x31, 0x65, 0xAE, 0x51, 0x5B, 0x19, 0x1D, 0xD0, 0x54, 0xF6, 0x2A, 0x9A, 0xA9, 0xBE, 0xA7, 0x4F,
    0x06, 0xE5, 0xEF, 0xA3, 0x62, 0x53, 0x67, 0xF6, 0x25, 0x10, 0x63, 0xBE, 0xE4, 0xDC, 0x34, 0x45,
    0xFA, 0x77, 0xFF, 0x52, 0x39, 0xFD, 0xCC, 0xD2, 0x7C, 0x47, 0x96, 0xDE, 0x8C, 0x82, 0xEF, 0xB2,
    0x49, 0xA0, 0x2B, 0xA5, 0xFA, 0x91, 0x52, 0x79, 0x57, 0x4B, 0xE5, 0xDC, 0x52, 0xAA, 0x68, 0x96,
    0xAA, 0xDA, 0x95, 0xCA, 0x63, 0x54, 0x57, 0x14, 0x10, 0x19, 0x66, 0xBE, 0x21, 0xED, 0x32, 0xA2,
    0x49, 0x2F, 0x89, 0x5E, 0x13, 0x9D, 0x12, 0x75, 0x31, 0x13, 0xDA, 0x18, 0x91, 0x13, 0xC1, 0x92,
    0x8E, 0x0A, 0x88, 0x14, 0x7D, 0xB8, 0x6F, 0xCE, 0x67, 0x1E, 0xAD, 0xF9, 0x99, 0x65, 0x46, 0x1A,
    0xD3, 0x2D, 0xCC, 0x08, 0xBE, 0xDD, 0x96, 0x67, 0x44, 0x1D, 0x11, 0xB2, 0x89, 0xB7, 0xD3, 0x40,
    0xA6, 0xE8, 0xAE, 0x45, 0xC6, 0xEE, 0xB7, 0x73, 0x02, 0xCF, 0x0A, 0x41, 0xDD, 0xCA, 0xD5, 0xD9,
    0xFE, 0x0E, 0x4A, 0xE6, 0xC1, 0x3A, 0xCD, 0xA8, 0xF3, 0x6D, 0x75, 0x37, 0x41, 0x54, 0x34, 0x81,
    0xA2, 0x2B, 0x02, 0x13, 0xFA, 0xA1, 0xE7, 0x9C, 0xB3, 0x52, 0x63, 0xE7, 0x1C, 0xA3, 0xD9, 0x2F,
    0x0F, 0x80, 0x6A, 0xF1, 0xD5, 0x14, 0x3E, 0x86, 0x89, 0xAE, 0xDE, 0xA5, 0x44, 0xA3, 0x5E, 0x43,
    0xD4, 0x6A, 0x06, 0x6C, 0x9F, 0x5C, 0x07, 0xB8, 0x9F, 0xCC, 0x70, 0xD3, 0xB8, 0x69, 0x6C, 0x33,
    0x83, 0xD0, 0x96, 0x19, 0x64, 0xD6, 0xAE, 0x35, 0x19, 0x3D, 0xFB, 0x13, 0xF9, 0x34, 0xFC, 0x17,
    0xD3, 0xB6, 0xA4, 0x95, 0x38, 0x03, 0xA3, 0x15, 0xF2, 0xEF, 0xEC, 0xD1, 0x27, 0xE1, 0xED, 0x97,
    0x08, 0x78, 0x75, 0x9A, 0x10, 0xF8, 0x7B, 0x7E, 0xDD, 0xFB, 0x9A, 0xBF, 0x9A, 0x02, 0x67, 0x3F,
    0x29, 0x14, 0xB5, 0x88, 0x45, 0x85, 0x93, 0xCD, 0xFC, 0xB3, 0x19, 0xF4, 0xFE, 0x1D, 0xC0, 0x16,
    0x4D, 0x46, 0x46, 0x06, 0x46, 0x2A, 0x2E, 0xFD, 0x67, 0x3A, 0xF9, 0xF9, 0x67, 0xF2, 0x69, 0xF8,
    0x3F, 0x9A, 0xAE, 0xD3, 0x0F, 0xBC, 0x67, 0x72, 0xD2, 0x41, 0x0D, 0x1E, 0x7F, 0x12, 0xDE, 0x4C,
    0x1A, 0xA3, 0x62, 0x50, 0xE0, 0xEF, 0x8D, 0x33, 0xBF, 0x57, 0xBE, 0x2E, 0x1B, 0x02, 0x3E, 0xFD,
    0x9D, 0x4F, 0x0D, 0xF0, 0xEB, 0xC3, 0x8E, 0x85, 0x80, 0x25, 0x82, 0xF6, 0x21, 0xD3, 0xCC, 0x80,
    0xC2, 0xC2, 0xD7, 0x5C, 0x0D, 0xA8, 0x4C, 0x6D, 0xA5, 0x28, 0x18, 0x91, 0x5E, 0x5B, 0xA3, 0x62,
    0x1E, 0xAC, 0xD3, 0xE2, 0x64, 0x22, 0x15, 0x74, 0x13, 0x79, 0x32, 0x52, 0x96, 0x32, 0xF8, 0x09,
    0xFE, 0x89, 0xFF, 0xBB, 0x6E, 0xBD, 0x56, 0xB8, 0x9A, 0xCE, 0x12, 0x32, 0x00, 0x2A, 0x7C, 0x5B,
    0x49, 0x37, 0xD4, 0xA8, 0x9E, 0x5B, 0xC0, 0x29, 0x60, 0x09, 0x88, 0x00, 0x26, 0xEB, 0xBA, 0xA0,
    0xE8, 0x3A, 0xAF, 0x02, 0xD4, 0x5D, 0xE7, 0x34, 0x28, 0xAB, 0x59, 0x5A, 0x1F, 0x03, 0x96, 0x2C,
    0xB1, 0x01, 0x06, 0x10, 0x00, 0x7C, 0x80, 0x07, 0x40, 0x9E, 0xE5, 0x92, 0x8B, 0xA6, 0x73, 0xF4,
    0x28, 0xA3, 0x3B, 0x1B, 0xD3, 0x2F, 0xF5, 0x82, 0x07, 0xB3, 0x20, 0xAC, 0xEC, 0x64, 0x8A, 0x06,
    0x58, 0x54, 0x83, 0xB4, 0x13, 0xA6, 0xD0, 0xD3, 0x0F, 0xE6, 0xA3, 0x1B, 0x4F, 0xE9, 0x14, 0xCF,
    0xE9, 0x6C, 0x7B, 0x9A, 0xC9, 0xB5, 0x48, 0x87, 0xE8, 0xE0, 0xD1, 0xFB, 0x93, 0x80, 0x92, 0x52,
    0xA2, 0x4A, 0x5E, 0xEB, 0x52, 0x09, 0x2F, 0xD6, 0x12, 0x2C, 0xA7, 0xBD, 0x18, 0x7B, 0x25, 0x7E,
    0x3D, 0xB9, 0xE6, 0x51, 0xFA, 0xFD, 0xCA, 0x57, 0xCC, 0xBB, 0x66, 0xB8, 0x6B, 0x31, 0x23, 0x64,
    0x47, 0xD9, 0x5E, 0xAE, 0xB3, 0xC2, 0x7D, 0x89, 0x16, 0xFF, 0x50, 0x8E, 0x65, 0xB9, 0x53, 0xE6,
    0x5B, 0xD9, 0xFA, 0xBE, 0x04, 0x6A, 0x50, 0x26, 0xB8, 0x1D, 0x3C, 0x99, 0x22, 0xFD, 0xBB, 0x7F,
    0xA9, 0xE0, 0xE0, 0x8A, 0xB1, 0xDC, 0x34, 0x65, 0x50, 0xC7, 0x99, 0xDB, 0x43, 0xCF, 0xF2, 0x76,
    0xAA, 0x75, 0x6A, 0xFD, 0xCD, 0x6B, 0xBC, 0xC7, 0x31, 0x1C, 0xFB, 0x68, 0x3C, 0xF6, 0xDF, 0x52,
    0xE8, 0xD7, 0x14, 0x5A, 0xA9, 0xB6, 0xB3, 0xD0, 0x3E, 0x84, 0x46, 0x7A, 0x05, 0xD6, 0x61, 0x0E,
    0xA1, 0xE3, 0x08, 0x42, 0xAF, 0xC2, 0xEC, 0x4C, 0x3A, 0x08, 0xE8, 0xB4, 0x40, 0x64, 0xD7, 0xA3,
    0xBC, 0x2C, 0x7A, 0x94, 0x97, 0x45, 0x6F, 0x40, 0xF9, 0x4C, 0x6B, 0xE2, 0x25, 0xA4, 0x5D, 0x9D,
    0x52, 0xE8, 0x0E, 0x42, 0x47, 0x0D, 0x85, 0xAE, 0x41, 0x34, 0xD0, 0x3D, 0xA1, 0xD0, 0xD1, 0x5F,
    0x2E, 0xE6, 0x82, 0x68, 0xB1, 0x2E, 0x4A, 0x34, 0xB7, 0x51, 0xB3, 0xD0, 0x8E, 0xE2, 0x58, 0xEF,
    0x4D, 0x69, 0x81, 0x6C, 0x65, 0x5A, 0x77, 0x8B, 0x32, 0x0A, 0x59, 0xC0, 0x32, 0x75, 0xE5, 0x01,
    0xF7, 0x80, 0x7D, 0x3C, 0xEC, 0xFF, 0x70, 0x7B, 0xDB, 0xDD, 0x9F, 0x7C, 0x1F, 0xB5, 0xDD, 0xBD,
    0x89, 0x76, 0xA3, 0xA9, 0xEC, 0x6F, 0xC3, 0x16, 0xEB, 0x68, 0xA1, 0x4D, 0xF5, 0xF3, 0x39, 0x58,
    0x8C, 0x1D, 0xB8, 0xB9, 0x29, 0xA0, 0x05, 0x04, 0x06, 0x04, 0x35, 0xFB, 0x0C, 0x15, 0xDB, 0x6C,
    0x45, 0x80, 0xD0, 0x97, 0x21, 0x71, 0x8D, 0xB1, 0x22, 0xCE, 0xEB, 0x99, 0xC5, 0xE4, 0x54, 0x09,
    0x6D, 0x36, 0x47, 0x3F, 0x57, 0x53, 0xD9, 0x1A, 0xB0, 0xC0, 0xD1, 0x52, 0xC7, 0xB9, 0xB1, 0xC5,
    0x7E, 0x05, 0xFA, 0x20, 0xAE, 0x43, 0xFA, 0x18, 0x01, 0x1D, 0x80, 0x7A, 0x2B, 0x6C, 0x61, 0xBA,
    0xAC, 0x51, 0x08, 0xFD, 0xF4, 0x0D, 0x70, 0x00, 0x1E, 0xEE, 0xBD, 0x42, 0xC1, 0x62, 0xD9, 0x26,
    0x4E, 0x62, 0x94, 0x02, 0x57, 0xE5, 0x09, 0x92, 0xBE, 0x15, 0xED, 0x43, 0xD3, 0x12, 0x33, 0x09,
    0xAB, 0xB8, 0xA0, 0xA1, 0x03, 0xC9, 0x8C, 0x52, 0x6E, 0x4C, 0x8A, 0x00, 0x2F, 0xA9, 0x07, 0x89,
    0xD2, 0x80, 0xCD, 0x4C, 0x46, 0xD6, 0x09, 0x21, 0x73, 0x4F, 0x7D, 0x10, 0x48, 0x1D, 0x3E, 0x1B,
    0x90, 0xA8, 0x05, 0x72, 0x7B, 0xEE, 0x58, 0xAE, 0xEE, 0x6D, 0x8D, 0x52, 0x49, 0x1F, 0x3A, 0x03,
    0x66, 0xD8, 0x9E, 0xA8, 0x91, 0x74, 0xC1, 0x6C, 0xF0, 0x60, 0x32, 0xEE, 0x74, 0x33, 0x15, 0x65,
    0x23, 0xE2, 0xA7, 0xB5, 0x76, 0x2C, 0xE8, 0x88, 0x2C, 0x7B, 0xCF, 0xB6, 0xFC, 0x2C, 0x09, 0xEB,
    0xF1, 0x74, 0x58, 0x33, 0xA0, 0x14, 0xCC, 0xDF, 0x37, 0x38, 0xD4, 0x26, 0x66, 0xE3, 0xB1, 0x64,
    0x95, 0xE7, 0x36, 0x3D, 0x80, 0xDF, 0xE9, 0x89, 0xAB, 0xD7, 0x31, 0xAF, 0x71, 0xF2, 0xE1, 0x64,
    0x5D, 0xEF, 0xF0, 0x84, 0x49, 0x82, 0x96, 0xC1, 0x7E, 0xD6, 0x43, 0xB9, 0x7B, 0x5E, 0x34, 0xB8,
    0x80, 0x25, 0x0D, 0xA6, 0x9E, 0x73, 0x14, 0x18, 0x95, 0x8B, 0xBB, 0xE7, 0x73, 0x45, 0x8A, 0x75,
    0x97, 0xF4, 0xBD, 0x32, 0xD2, 0x40, 0x41, 0xE0, 0xEF, 0xFB, 0xE0, 0x21, 0x21, 0x35, 0x09, 0xD3,
    0x9A, 0x63, 0x91, 0xFA, 0x68, 0x04, 0xFE, 0xE6, 0x35, 0xDE, 0xBB, 0x63, 0x7E, 0x41, 0xEB, 0x37,
    0x28, 0x91, 0x5F, 0xF4, 0x2C, 0xC8, 0xAD, 0x7C, 0x6E, 0x7A, 0xD4, 0x9D, 0x1E, 0xDB, 0x9B, 0x5E,
    0x03, 0x95, 0xF0, 0x6A, 0x76, 0xCB, 0x11, 0xB7, 0x79, 0x97, 0x4F, 0x58, 0x6C, 0x91, 0x93, 0xD1,
    0x29, 0xFB, 0x2A, 0x1D, 0xFB, 0x11, 0x93, 0xA9, 0x5B, 0x37, 0xE1, 0xDD, 0x24, 0xB4, 0xEF, 0x90,
    0x63, 0x0F, 0x6C, 0xB4, 0x2C, 0xEC, 0xBF, 0xD7, 0xCF, 0xF3, 0x06, 0xF1, 0x87, 0xE4, 0x8B, 0xFF,
    0xEF, 0x79, 0x5E, 0x4A, 0xA4, 0x0F, 0x09, 0xA5, 0x59, 0x3B, 0x86, 0x74, 0x9E, 0x68, 0xE8, 0xC2,
    0x4C, 0x7B, 0xFB, 0xC0, 0x39, 0xE5, 0x25, 0x83, 0xE6, 0x25, 0xD5, 0x14, 0xE2, 0xDB, 0x31, 0x2F,
    0x39, 0xA7, 0x68, 0x93, 0xD7, 0x5C, 0x3F, 0x8B, 0x19, 0x9F, 0x38, 0xAC, 0x76, 0x9A, 0x0F, 0x3C,
    0x12, 0x73, 0x01, 0xAA, 0x1E, 0x13, 0x05, 0x94, 0x1A, 0xFA, 0xC0, 0x8C, 0x7D, 0xB9, 0x07, 0xEB,
    0x27, 0x33, 0xE9, 0xBA, 0x7F, 0x57, 0x4F, 0xED, 0xD4, 0x8D, 0xAE, 0xE2, 0x7D, 0x8B, 0xF1, 0xD3,
    0x1C, 0x9C, 0x03, 0xF2, 0x88, 0xE8, 0x67, 0x56, 0x34, 0xC6, 0xC7, 0x4E, 0xF6, 0x69, 0x24, 0x38,
    0xF6, 0x70, 0x6B, 0xA0, 0xAF, 0x54, 0xA4, 0x7F, 0x77, 0x5E, 0xF7, 0xC7, 0xFC, 0x64, 0xEC, 0x8A,
    0xBB, 0xDD, 0x14, 0xD0, 0xA2, 0xA9, 0xB3, 0x73, 0x59, 0x5B, 0x08, 0xFB, 0x43, 0x33, 0x28, 0xB9,
    0xDB, 0x00, 0x9B, 0x4E, 0x61, 0xF5, 0x39, 0x6C, 0x90, 0x95, 0x1E, 0x59, 0x56, 0x7A, 0xA6, 0x6C,
    0x19, 0x33, 0x18, 0x70, 0xCC, 0xD9, 0xA4, 0x77, 0x2F, 0xEF, 0x81, 0xD7, 0xC1, 0x58, 0xC3, 0x39,
    0x38, 0x4E, 0xFF, 0x7D, 0x25, 0xE6, 0x87, 0x16, 0x9E, 0xFB, 0xD9, 0x9D, 0xF3, 0x09, 0xE5, 0x8D,
    0xC4, 0x7F, 0xED, 0x15, 0xF8, 0x7B, 0xF3, 0x75, 0x67, 0x6B, 0xF9, 0x6C, 0xB2, 0x78, 0x53, 0xFF,
    0x01, 0xE7, 0xD7, 0xCB, 0x21, 0x6C, 0x3C, 0x87, 0xAD, 0x7F, 0xC3, 0xC1, 0x3C, 0x2C, 0x6C, 0x6A,
    0xFE, 0x77, 0x3E, 0x3F, 0xAE, 0x0D, 0x83, 0x7D, 0x19, 0xD5, 0x71, 0xE2, 0x35, 0x39, 0xDC, 0xD9,
    0xD9, 0xE4, 0xDA, 0x90, 0xA2, 0xE3, 0xDB, 0xAB, 0x09, 0x39, 0x9D, 0x74, 0x62, 0xCA, 0xA8, 0x4C,
    0x0B, 0xA3, 0x8F, 0xDC, 0x7B, 0xED, 0x6A, 0x5D, 0x17, 0x1E, 0x7E, 0x09, 0x76, 0xE9, 0xA8, 0x58,
    0x05, 0x82, 0x76, 0x95, 0x62, 0x7E, 0xAA, 0x9D, 0xD2, 0xF9, 0xD9, 0x9E, 0x7B, 0x2B, 0xF8, 0xA0,
    0xDA, 0xBE, 0xF4, 0x52, 0x9A, 0x25, 0x3F, 0xB8, 0xBA, 0x4C, 0xD3, 0x3E, 0x81, 0x26, 0x64, 0x9A,
    0x9A, 0xED, 0x14, 0x44, 0x3B, 0xE8, 0xB2, 0xE4, 0xB9, 0xCC, 0xE3, 0xB8, 0x2F, 0x23, 0xA9, 0x91,
    0xE8, 0x6D, 0x8B, 0xEA, 0xFB, 0x16, 0xE3, 0xE3, 0xB5, 0xF3, 0x3D, 0x4B, 0x70, 0x6D, 0x89, 0x7C,
    0xCF, 0x7C, 0x6F, 0xAE, 0x84, 0xEF, 0x99, 0xB9, 0xAB, 0x3D, 0xF0, 0x66, 0x6E, 0x84, 0xEB, 0x2F,
    0xBD, 0xB6, 0xFD, 0xDA, 0x7D, 0x06, 0xBF, 0xF3, 0xBA, 0x81, 0xCA, 0x43, 0x32, 0x8A, 0xC8, 0x72,
    0x20, 0xF3, 0x6E, 0x96, 0x9E, 0x8F, 0xE2, 0x13, 0xAD, 0x8B, 0x63, 0x4A, 0x7F, 0x0A, 0x99, 0x91,
    0x6A, 0x24, 0xA9, 0x5F, 0x01, 0x99, 0x0C, 0xD2, 0xC7, 0x1B, 0x95, 0xEF, 0x24, 0x3D, 0xED, 0x99,
    0x1D, 0xFA, 0x42, 0x9E, 0x53, 0xFA, 0xB1, 0x21, 0x75, 0x8B, 0x34, 0x78, 0x05, 0xEB, 0xBA, 0x0D,
    0xCC, 0x36, 0x1C, 0x6B, 0xCD, 0xE2, 0x35, 0x51, 0xE5, 0x69, 0xEA, 0xE3, 0x71, 0xDB, 0x53, 0xA6,
    0xC1, 0x2F, 0xC7, 0x16, 0x30, 0x1F, 0x16, 0x05, 0xD5, 0xC8, 0x2F, 0xDE, 0x36, 0xD6, 0x3B, 0xE3,
    0xE5, 0x4D, 0x36, 0xC8, 0xBE, 0xC3, 0xD0, 0xF1, 0x19, 0x8A, 0x38, 0xD9, 0xC3, 0x3B, 0xE7, 0x73,
    0x53, 0x9A, 0x7A, 0x77, 0xFB, 0xF6, 0x60, 0x1D, 0x81, 0xF3, 0xAD, 0x3A, 0x51, 0x9D, 0x8C, 0xB7,
    0xC5, 0x94, 0x51, 0x3C, 0x89, 0xD8, 0xCD, 0x0D, 0x59, 0x43, 0x19, 0x46, 0x76, 0x18, 0x46, 0x4F,
    0xAF, 0xC4, 0x6D, 0x40, 0x90, 0x74, 0x5B, 0xF8, 0x4F, 0xA7, 0x23, 0x85, 0x9E, 0xE8, 0x9C, 0x19,
    0x4A, 0xAC, 0x35, 0xC9, 0x0B, 0x46, 0x86, 0x77, 0x0C, 0xDB, 0xFA, 0x84, 0x4C, 0x9F, 0xE0, 0xF5,
    0x33, 0x4B, 0xB7, 0x99, 0x9D, 0x1B, 0x53, 0x80, 0x98, 0xC9, 0x4D, 0x3A, 0x4C, 0xB5, 0x9C, 0xE6,
    0x5E, 0xE9, 0x4D, 0xC0, 0x02, 0x6D, 0xB4, 0x80, 0x32, 0x2D, 0x43, 0x3A, 0xFC, 0x36, 0x05, 0x5D,
    0xDC, 0x23, 0xF4, 0x3B, 0xD0, 0x8D, 0xF7, 0x30, 0x86, 0x63, 0x39, 0x87, 0x73, 0x5F, 0xB5, 0xD7,
    0xD2, 0x47, 0xAA, 0x53, 0x6D, 0x67, 0x3E, 0x1F, 0xD8, 0xE1, 0xBE, 0xB6, 0xE6, 0x3F, 0xCD, 0x5B,
    0xBD, 0x8E, 0xDC, 0xD6, 0x15, 0x3E, 0x1C, 0xC2, 0x4B, 0xCB, 0x4C, 0xC0, 0x26, 0x30, 0x36, 0x12,
    0x1C, 0xAA, 0x50, 0xE1, 0x00, 0xC6, 0xD2, 0xAD, 0x01, 0x69, 0xC9, 0xC8, 0x45, 0x10, 0xB8, 0xF0,
    0x2B, 0xE8, 0x01, 0x0C, 0x6C, 0x9B, 0xC2, 0x1A, 0xD2, 0x71, 0xE9, 0x66, 0x8B, 0x3C, 0x80, 0x9E,
    0x20, 0x69, 0x5C, 0xB8, 0xD8, 0x9D, 0xA1, 0x6B, 0x17, 0xE2, 0x1B, 0x98, 0x85, 0x80, 0xA4, 0x8A,
    0x58, 0x30, 0x00, 0xD7, 0xE2, 0x4F, 0xBE, 0xEF, 0x5C, 0x72, 0xFE, 0xB4, 0x3B, 0x3B, 0x6B, 0xCD,
    0x4F, 0x46, 0x38, 0x47, 0xB3, 0xE4, 0xBD, 0xE7, 0x9E, 0x73, 0xEE, 0xBD, 0xE7, 0xEF, 0xDE, 0x91,
    0xB8, 0x2B, 0x45, 0x14, 0xAD, 0x7C, 0x46, 0x2D, 0x90, 0xDD, 0x01, 0x39, 0x5D, 0x24, 0xE2, 0xFE,
    0x9C, 0x8A, 0x78, 0x2F, 0x81, 0xFC, 0xEF, 0x32, 0x91, 0xE0, 0xF3, 0x42, 0x24, 0xB4, 0x81, 0xC6,
    0x23, 0xF4, 0xBD, 0xB4, 0x2A, 0x91, 0x1A, 0xFF, 0xA4, 0x92, 0x4B, 0xC1, 0x93, 0xB1, 0xE0, 0x5D,
    0x68, 0x90, 0xD3, 0x75, 0x5D, 0xE4, 0x02, 0x25, 0x1E, 0x50, 0xEA, 0xA5, 0xE2, 0xA5, 0x7E, 0x22,
    0x6E, 0x16, 0x46, 0xE2, 0x14, 0x21, 0x46, 0x29, 0x62, 0xA0, 0x72, 0x02, 0x54, 0xD9, 0x68, 0x46,
    0x58, 0x65, 0xE7, 0xA8, 0xAB, 0x04, 0xDD, 0x23, 0x40, 0xF6, 0x41, 0xE4, 0x17, 0xEC, 0xC5, 0x4E,
    0xC2, 0xD1, 0xA6, 0x6F, 0x4A, 0xD0, 0x2F, 0x43, 0x40, 0x9C, 0x91, 0xD0, 0xA8, 0x6C, 0x00, 0xFC,
    0x3F, 0x3E, 0x1F, 0xE9, 0x73, 0xF4, 0x2B, 0xAD, 0x69, 0x7B, 0x2E, 0x8F, 0x65, 0xE0, 0xDC, 0xEB,
    0xD2, 0x5E, 0xCC, 0xC3, 0x4B, 0x9D, 0x7A, 0xF8, 0x1B, 0x0F, 0x3B, 0x10, 0x0B, 0xF2, 0xDD, 0x48,
    0xBE, 0x27, 0xD9, 0xF2, 0x99, 0x6C, 0xC5, 0xC4, 0xF0, 0xA9, 0x0C, 0x8B, 0xC7, 0x39, 0x0D, 0x28,
    0x51, 0xA8, 0x08, 0xF4, 0xC5, 0xAD, 0xB6, 0x23, 0x1D, 0xD7, 0xAF, 0x07, 0x21, 0x30, 0x3E, 0x18,
    0x35, 0x10, 0xE2, 0x99, 0x4F, 0x3A, 0x11, 0x25, 0xCE, 0xC4, 0xB4, 0xD0, 0x26, 0x02, 0xC6, 0x84,
    0x02, 0x8A, 0x3C, 0x1B, 0xD4, 0x6C, 0x75, 0xAF, 0xD0, 0xBE, 0x83, 0x7A, 0xA6, 0x40, 0xA3, 0x2E,
    0xBA, 0x2F, 0x0E, 0x5B, 0x78, 0xE4, 0xDD, 0x4F, 0xC9, 0x7B, 0x32, 0x74, 0x0F, 0x65, 0x2D, 0x8A,
    0x86, 0xC6, 0xDA, 0xCD, 0xCB, 0x55, 0x50, 0xD5, 0x3D, 0x88, 0x4A, 0xC7, 0x31, 0x02, 0x88, 0x8C,
    0x41, 0x5E, 0x71, 0xC9, 0xB1, 0x8F, 0x9B, 0x0E, 0xCD, 0x95, 0x44, 0xCD, 0xE7, 0x1C, 0x58, 0xCE,
    0x57, 0xD6, 0xC2, 0xBF, 0xB9, 0x5B, 0x5B, 0x74, 0x05, 0x72, 0xDA, 0xE8, 0xF7, 0x86, 0xBF, 0x40,
    0x7B, 0xDE, 0xC8, 0x5F, 0x32, 0x34, 0xD1, 0xC6, 0x6E, 0x0B, 0x36, 0x46, 0xCA, 0x46, 0x4C, 0xA4,
    0x44, 0xE5, 0xFD, 0x59, 0x73, 0x6E, 0x0B, 0xFB, 0x0D, 0x37, 0x48, 0x5A, 0x93, 0xBD, 0x47, 0x87,
    0xD6, 0xD0, 0x75, 0xAC, 0xFD, 0x08, 0xD6, 0x8E, 0xE4, 0xD3, 0x3D, 0x29, 0xE7, 0x84, 0x2D, 0xA7,
    0x6C, 0x39, 0x4D, 0x87, 0x6F, 0x27, 0x4B, 0x33, 0x73, 0x30, 0xE5, 0xDC, 0xCE, 0xDA, 0x8E, 0x95,
    0x73, 0xC4, 0x05, 0xA2, 0x4B, 0x45, 0x67, 0x46, 0xE7, 0xC8, 0xF4, 0x7E, 0xFF, 0xD0, 0xCA, 0xD1,
    0x05, 0xE2, 0xFD, 0x58, 0xAD, 0x61, 0x6D, 0xB7, 0xCA, 0xB9, 0x07, 0x06, 0xBC, 0x6F, 0x2A, 0x71,
    0xDE, 0xE4, 0x50, 0x42, 0x62, 0x0C, 0xD3, 0xB1, 0x19, 0xF4, 0xAC, 0x8D, 0xC0, 0x6F, 0xA5, 0x3C,
    0xD7, 0xD6, 0x14, 0x0A, 0xF4, 0xF3, 0x1A, 0xAE, 0xA1, 0x86, 0x3F, 0xA8, 0xC5, 0xAA, 0xA1, 0x50,
    0x42, 0xD3, 0xC3, 0xE5, 0xC2, 0xF7, 0xC6, 0xBC, 0x63, 0x1B, 0xB6, 0x65, 0x1F, 0xF4, 0x05, 0x0D,
    0xD2, 0x22, 0x4D, 0xD2, 0xC6, 0xD6, 0x05, 0x3D, 0x7D, 0x09, 0x54, 0xCD, 0x50, 0xB9, 0x8C, 0x0A,
    0x39, 0xFB, 0x57, 0x41, 0xBE, 0x0B, 0x9A, 0xF5, 0x02, 0xB2, 0x04, 0x05, 0xA4, 0x72, 0x60, 0xE7,
    0x13, 0x47, 0x8D, 0xFD, 0x0D, 0x28, 0x1A, 0x9A, 0xF8, 0x6C, 0xEC, 0x95, 0x4E, 0x4F, 0xC0, 0x22,
    0x92, 0xA0, 0xE5, 0x1C, 0x5C, 0xD1, 0xD7, 0x40, 0xEB, 0x40, 0x25, 0x3A, 0x3D, 0x20, 0xAF, 0xD2,
    0x11, 0xC5, 0xEC, 0x1E, 0xCC, 0xBB, 0x2B, 0xCA, 0xE2, 0x2E, 0x57, 0xE4, 0x1A, 0xA4, 0xCF, 0x66,
    0x28, 0x1D, 0x1A, 0x6B, 0x37, 0x1D, 0x9F, 0xA4, 0xDC, 0xBA, 0x27, 0xCF, 0x81, 0x74, 0x48, 0x7C,
    0x7E, 0x18, 0x0C, 0x3C, 0x51, 0xC8, 0x37, 0x73, 0x34, 0x7F, 0x11, 0xFC, 0xB7, 0x22, 0xBB, 0x15,
    0xFB, 0xC2, 0x0D, 0x95, 0x58, 0x49, 0x41, 0x8A, 0x17, 0x61, 0x44, 0xC4, 0x26, 0xF1, 0x35, 0x48,
    0x5F, 0x68, 0x13, 0x6D, 0xEC, 0x55, 0xA3, 0x9E, 0x80, 0x92, 0x92, 0x07, 0xDD, 0xB9, 0xC0, 0x6B,
    0x29, 0x2C, 0x7E, 0xB0, 0xF4, 0xF3, 0x01, 0x26, 0xBD, 0x0F, 0xBA, 0x0E, 0xF0, 0x3E, 0x1A, 0x60,
    0x5D, 0xBB, 0xBE, 0x6D, 0x39, 0x00, 0x26, 0x3E, 0x17, 0x83, 0xAE, 0xFB, 0x3C, 0xA0, 0xF7, 0xE7,
    0x5B, 0x5B, 0x65, 0xAD, 0x9C, 0x9A, 0x5B, 0x68, 0xC2, 0x95, 0x1D, 0x72, 0x3D, 0x87, 0x5C, 0xB5,
    0x9D, 0xA2, 0x48, 0xD1, 0x78, 0x65, 0xD3, 0xA9, 0x07, 0xBD, 0x92, 0x8F, 0x49, 0xA0, 0xE6, 0xD0,
    0x40, 0x2E, 0x64, 0x75, 0xD2, 0x3F, 0x88, 0x9D, 0x3F, 0x87, 0xF4, 0x78, 0x70, 0x96, 0xED, 0x4F,
    0xDE, 0xEF, 0x6D, 0x0C, 0xF6, 0x9C, 0x9E, 0x33, 0xE4, 0xD6, 0x72, 0xAE, 0xF6, 0x28, 0xB4, 0x46,
    0x33, 0x7C, 0x1B, 0xE6, 0xE6, 0x7F, 0x2F, 0xD9, 0x9F, 0xE0, 0x16, 0xCD, 0x8D, 0xCD, 0x18, 0xC1,
    0xA9, 0x87, 0x6F, 0x56, 0xB9, 0x47, 0xE9, 0x77, 0x2E, 0x21, 0xA2, 0x48, 0x58, 0xF8, 0xC8, 0x30,
    0x13, 0xCE, 0x83, 0xB9, 0x1D, 0x49, 0x44, 0xDD, 0xB9, 0x7C, 0x15, 0xAC, 0x98, 0x79, 0x8D, 0x51,
    0xA1, 0xF0, 0xE4, 0x9E, 0x09, 0xCF, 0x5B, 0x34, 0x0F, 0x35, 0x32, 0x82, 0xDA, 0xF7, 0x34, 0xDB,
    0x9F, 0x5A, 0x58, 0x5A, 0x97, 0x5C, 0xE6, 0xC1, 0x94, 0x61, 0x7B, 0x23, 0x1A, 0x1B, 0xBF, 0x15,
    0x1B, 0xEE, 0x6E, 0xAD, 0x1B, 0x8F, 0x35, 0x56, 0x47, 0xCE, 0x8D, 0x06, 0x67, 0xA6, 0x5E, 0x4D,
    0x3E, 0x98, 0x05, 0x60, 0x16, 0xCD, 0x4E, 0x00, 0xE7, 0x39, 0x78, 0xF8, 0x31, 0x3D, 0xFC, 0x7B,
    0x1B, 0x7A, 0xF8, 0x30, 0x5A, 0x40, 0x60, 0x37, 0x42, 0xE3, 0x30, 0x42, 0xB7, 0x30, 0x82, 0x87,
    0x0F, 0x23, 0x97, 0xF6, 0x16, 0x1E, 0x3E, 0xA4, 0xC7, 0x84, 0x73, 0x5F, 0x08, 0x7F, 0x52, 0x93,
    0x30, 0x78, 0x9C, 0x98, 0x29, 0xBC, 0x22, 0x66, 0xE6, 0x99, 0x46, 0xFC, 0xBD, 0x52, 0xBA, 0xBF,
    0xC3, 0x2A, 0x37, 0x30, 0xCF, 0x8D, 0x57, 0x4A, 0x03, 0x6F, 0xDD, 0x80, 0x48, 0x83, 0xEC, 0xE4,
    0x2D, 0xE0, 0xF3, 0x10, 0xEF, 0xFD, 0xF2, 0xA8, 0x81, 0xED, 0x6E, 0xE0, 0x12, 0x1B, 0x09, 0xAE,
    0x9A, 0x3E, 0x1C, 0x67, 0x28, 0x5C, 0xFF, 0x56, 0x1E, 0x94, 0x88, 0x63, 0x0A, 0x40, 0xC2, 0xCC,
    0x45, 0x3C, 0xE4, 0x93, 0x08, 0xDE, 0x2F, 0x18, 0x80, 0x14, 0x43, 0xF8, 0xB5, 0x10, 0x14, 0x1E,
    0x46, 0x2B, 0x85, 0x9D, 0xAA, 0x26, 0xC2, 0xAE, 0x8F, 0x8E, 0x16, 0x97, 0xC9, 0x8E, 0x35, 0x22,
    0xA7, 0x1A, 0xA8, 0x47, 0x4B, 0xE8, 0x54, 0xFE, 0x1F, 0xD4, 0x32, 0xCA, 0x8D, 0x3A, 0x06, 0x18,
    0xE5, 0xFB, 0x55, 0xCD, 0xC1, 0x36, 0xC9, 0xFC, 0x13, 0xCF, 0x10, 0xAD, 0x05, 0x77, 0x8D, 0xB8,
    0xAA, 0x85, 0x4F, 0xCC, 0xA3, 0x51, 0x6D, 0x92, 0x6F, 0xBB, 0x4F, 0xC4, 0xF7, 0xBA, 0x72, 0xD2,
    0x59, 0xA9, 0x80, 0x8D, 0xB8, 0x9D, 0x75, 0x15, 0xCF, 0x37, 0x74, 0x4C, 0xD9, 0xEF, 0x86, 0x66,
    0xD6, 0xCE, 0xA0, 0xBB, 0x13, 0xD0, 0xF9, 0x78, 0x61, 0x5C, 0x6D, 0x00, 0x8D, 0x9E, 0x82, 0xA3,
    0x47, 0x3D, 0x43, 0x34, 0xCA, 0xFE, 0x3A, 0x78, 0xDD, 0x30, 0xED, 0x49, 0x55, 0xCC, 0xCC, 0xAD,
    0xFC, 0x74, 0x54, 0xE3, 0x39, 0xA1, 0xE9, 0xE1, 0x72, 0x13, 0x98, 0x85, 0xDB, 0x06, 0x51, 0x94,
    0x52, 0xD1, 0xCA, 0x8B, 0x05, 0x44, 0x69, 0x17, 0xD0, 0x8D, 0xED, 0xD6, 0x22, 0xEB, 0xFB, 0xC1,
    0xD7, 0x28, 0x0A, 0x59, 0x97, 0x53, 0x34, 0x7F, 0x66, 0xD0, 0x2F, 0x7C, 0x46, 0x67, 0x35, 0xA2,
    0xEB, 0x18, 0x5D, 0x59, 0xAD, 0x96, 0x6F, 0x88, 0x42, 0x45, 0xD1, 0x80, 0x82, 0xBB, 0x21, 0xBB,
    0xFA, 0x08, 0x1A, 0xAC, 0xE5, 0x23, 0xB7, 0x58, 0x8C, 0xAF, 0x92, 0x01, 0xE6, 0x01, 0xC2, 0xBB,
    0xC1, 0x22, 0x4D, 0xE7, 0xD5, 0xC7, 0x98, 0xE9, 0x5A, 0x3E, 0x79, 0xB0, 0x6C, 0x1F, 0xB8, 0x9F,
    0x06, 0xD0, 0x4D, 0xBA, 0x09, 0x70, 0x47, 0xFB, 0xF9, 0xEF, 0xC4, 0xEB, 0x98, 0xA6, 0xD0, 0xAD,
    0xE6, 0x7E, 0xC7, 0x55, 0xD1, 0xAC, 0x26, 0x07, 0x3B, 0x95, 0x89, 0xF2, 0x10, 0x56, 0x3F, 0xDB,
    0x92, 0x89, 0x7E, 0x90, 0x35, 0x00, 0xF5, 0x82, 0xD3, 0x64, 0x6F, 0x72, 0xF9, 0xF2, 0x57, 0x84,
    0x22, 0x4C, 0xFE, 0x90, 0x78, 0x4E, 0xA3, 0x9D, 0xC8, 0xB6, 0x6B, 0x19, 0xE4, 0xD2, 0x6C, 0x23,
    0x3B, 0x37, 0x71, 0x2F, 0x6C, 0x38, 0x5C, 0x05, 0x78, 0x79, 0x4E, 0x97, 0x21, 0xFA, 0x9D, 0xFF,
    0xF3, 0xEF, 0x1D, 0xC8, 0x57, 0x9A, 0xD8, 0x37, 0x58, 0x8C, 0xB6, 0x8D, 0x83, 0x3C, 0xE9, 0x03,
    0x9A, 0x01, 0x4E, 0xF6, 0xB7, 0x5E, 0xB7, 0x35, 0x77, 0x63, 0x1A, 0xE2, 0x1D, 0x22, 0x0B, 0x83,
    0x8E, 0xDD, 0x64, 0x1A, 0x8D, 0x3D, 0xB8, 0xF4, 0xB1, 0x8B, 0x51, 0xC7, 0x32, 0xCD, 0x24, 0x40,
    0xC8, 0x33, 0x4D, 0x21, 0x0B, 0x20, 0x58, 0x09, 0x7F, 0xC2, 0x2D, 0xFD, 0x33, 0x8E, 0x1C, 0xF9,
    0xC2, 0xA8, 0x31, 0x07, 0x07, 0xCC, 0x63, 0xF4, 0xE4, 0xE4, 0xA1, 0xF1, 0xB1, 0xAC, 0xF5, 0x7B,
    0xAF, 0x11, 0x20, 0xC0, 0x98, 0x1F, 0xAB, 0x77, 0x65, 0x68, 0x5F, 0x0C, 0x30, 0xF7, 0xF2, 0x77,
    0x05, 0xD0, 0x43, 0xD8, 0xF0, 0x50, 0xBC, 0x6C, 0x2C, 0x31, 0x8B, 0x4E, 0x51, 0x08, 0x7B, 0x76,
    0xD4, 0x61, 0x19, 0x31, 0x59, 0xD1, 0xE4, 0x0D, 0xE3, 0xC7, 0x0C, 0xC8, 0xFD, 0x44, 0x9E, 0xD9,
    0x33, 0xD9, 0x11, 0x0C, 0x24, 0x03, 0x98, 0x09, 0x7B, 0x17, 0x08, 0xA3, 0x3F, 0x62, 0x63, 0x84,
    0x88, 0xA8, 0x42, 0x04, 0x10, 0x47, 0xC8, 0x55, 0x26, 0x8C, 0x62, 0x26, 0x4C, 0x89, 0x27, 0x02,
    0x97, 0x31, 0x11, 0x3F, 0x63, 0x0A, 0x94, 0x00, 0x41, 0x19, 0x13, 0x86, 0x37, 0x13, 0x07, 0x6A,
    0x9A, 0xF8, 0xE0, 0x71, 0xC2, 0x0A, 0xDE, 0x84, 0x3B, 0x6B, 0x5A, 0xEB, 0x9A, 0xA6, 0x3A, 0xE3,
    0x94, 0x6F, 0x21, 0xE0, 0x84, 0x79, 0xF5, 0x84, 0x1B, 0x6F, 0x22, 0x31, 0x09, 0x04, 0xD9, 0x40,
    0x54, 0xC9, 0x5B, 0x0D, 0x47, 0xEB, 0x88, 0xC2, 0x45, 0xC3, 0xA3, 0x89, 0xA4, 0x3B, 0x3B, 0x6F,
    0xD0, 0x9A, 0x63, 0x3B, 0x1C, 0x7D, 0xC4, 0x9B, 0x20, 0x70, 0x19, 0x73, 0xA0, 0x98, 0x43, 0xC6,
    0x02, 0xB3, 0x16, 0x73, 0x8A, 0x63, 0x8F, 0x47, 0x75, 0x08, 0xAB, 0x90, 0xC3, 0xB1, 0x1D, 0x3D,
    0x48, 0xCC, 0xFD, 0x11, 0x33, 0x75, 0x8B, 0x59, 0x51, 0x8D, 0xE1, 0x78, 0xD1, 0x03, 0xEC, 0xC6,
    0x94, 0x3C, 0x16, 0xC8, 0xDA, 0xD3, 0x93, 0xA5, 0x6A, 0xD4, 0x4D, 0x4C, 0xEE, 0x70, 0x70, 0x2E,
    0xCA, 0x0B, 0x13, 0x61, 0x3A, 0x7D, 0x0A, 0x1D, 0x2C, 0x54, 0x62, 0x27, 0x3B, 0x80, 0xE5, 0x9A,
    0xC2, 0x0B, 0x33, 0x70, 0x0C, 0x7E, 0xC9, 0xFD, 0x8B, 0x77, 0xB0, 0xA2, 0x1B, 0x59, 0xA2, 0xEC,
    0x78, 0xD1, 0x12, 0xED, 0x5E, 0xBE, 0xFE, 0x43, 0xC5, 0xAA, 0x72, 0x59, 0x0D, 0x8D, 0xB8, 0x4C,
    0xF7, 0x23, 0xA3, 0x35, 0xCD, 0x17, 0x6D, 0x9C, 0x0C, 0x16, 0xCA, 0x01, 0x03, 0x58, 0x09, 0x13,
    0x58, 0x85, 0x89, 0x93, 0x2D, 0x40, 0xBA, 0x0C, 0xEF, 0x2C, 0xBF, 0x5D, 0x74, 0xDD, 0xE7, 0x84,
    0x9C, 0x20, 0xE1, 0xE7, 0x59, 0x0F, 0xA9, 0x81, 0xED, 0xC9, 0xB9, 0x19, 0x7F, 0x01, 0x0D, 0x47,
    0x3A, 0x87, 0x60, 0x63, 0x59, 0x74, 0x9E, 0xE6, 0xA8, 0xCF, 0x08, 0x37, 0x41, 0x36, 0x33, 0x41,
    0xAF, 0x5C, 0x42, 0xFA, 0xEC, 0x86, 0x1E, 0xE6, 0x28, 0x05, 0xD2, 0xA9, 0x78, 0x66, 0xAD, 0xEA,
    0x44, 0x5E, 0x72, 0x16, 0x6F, 0x41, 0x47, 0x44, 0x31, 0xC8, 0x4C, 0x69, 0x3A, 0xD8, 0x8B, 0x0B,
    0x4E, 0x7C, 0xEE, 0xAE, 0x90, 0xE8, 0x78, 0x03, 0x2A, 0x90, 0x37, 0x9B, 0xA3, 0xDB, 0x57, 0xEA,
    0x5F, 0x4C, 0x66, 0x48, 0xFA, 0xD8, 0xC9, 0x3C, 0xC9, 0xF6, 0x00, 0x1F, 0xDC, 0x3E, 0x83, 0x4B,
    0x71, 0x81, 0x39, 0xF8, 0xE5, 0xC1, 0x50, 0x65, 0x32, 0x60, 0xA6, 0x6B, 0xE1, 0xDC, 0x1C, 0x41,
    0xA0, 0xBA, 0x23, 0x24, 0x00, 0x64, 0x6C, 0xC8, 0xDC, 0xEB, 0xB6, 0x90, 0xBA, 0xAE, 0x00, 0x17,
    0x80, 0x53, 0x40, 0x00, 0xF0, 0x92, 0xBA, 0x76, 0xD3, 0xBA, 0xB6, 0x73, 0x40, 0x51, 0xD7, 0x56,
    0x59, 0xD7, 0x78, 0x5C, 0xCB, 0xD7, 0x80, 0x53, 0x40, 0x00, 0xF0, 0x00, 0x2E, 0xC0, 0xE1, 0x81,
    0x8D, 0x1E, 0xDC, 0xDC, 0x36, 0x3E, 0x3F, 0x1F, 0x22, 0x77, 0x8F, 0x4D, 0xE6, 0x9A, 0xC2, 0x1A,
    0xE7, 0x34, 0xCB, 0xB1, 0x1E, 0xAD, 0xDB, 0xA5, 0x81, 0xD1, 0x46, 0xB0, 0x7B, 0x59, 0xFA, 0x8F,
    0xD3, 0x87, 0x06, 0x3C, 0x95, 0xA3, 0x47, 0x99, 0x6C, 0x4F, 0x86, 0x25, 0xC7, 0x45, 0xA0, 0xDB,
    0xE2, 0x18, 0xAD, 0xAC, 0xAD, 0xCE, 0xEE, 0x5A, 0xF6, 0x75, 0x63, 0x6F, 0x73, 0x0E, 0x7D, 0xDD,
    0xA7, 0x8A, 0xA2, 0xA5, 0x6B, 0x14, 0x9A, 0x13, 0x7C, 0x3C, 0x2F, 0xAD, 0xF1, 0xE4, 0x6F, 0x38,
    0x0E, 0xE3, 0x69, 0xDB, 0xA8, 0xE5, 0x94, 0x4C, 0x57, 0x8E, 0xED, 0xF4, 0xF0, 0xED, 0x6E, 0x68,
    0xAD, 0x26, 0x2F, 0x01, 0x21, 0x35, 0x19, 0x41, 0x93, 0xD0, 0xA2, 0x9B, 0x19, 0x4D, 0x8E, 0xA0,
    0x49, 0xA9, 0x00, 0x17, 0x0B, 0x5A, 0xF4, 0x7B, 0x4D, 0xCE, 0xB5, 0x58, 0xCF, 0xCA, 0x42, 0x5A,
    0x1A, 0xAA, 0x4C, 0x56, 0x32, 0xD5, 0x54, 0xF2, 0x43, 0xC8, 0x72, 0x8D, 0x06, 0xEF, 0xA4, 0x3D,
    0xB3, 0x82, 0xEC, 0x1E, 0x5C, 0x9E, 0x51, 0xF2, 0xC8, 0x33, 0x13, 0xAB, 0x8D, 0x2C, 0x9A, 0x1E,
    0x45, 0x6F, 0x1D, 0x9F, 0x5C, 0x69, 0x78, 0x90, 0x6A, 0xD0, 0xCC, 0x03, 0x4E, 0x2D, 0xA8, 0x37,
    0x34, 0x29, 0xD3, 0xBE, 0xA0, 0x4E, 0xFB, 0x32, 0xA1, 0x81, 0x69, 0xB8, 0x83, 0x6F, 0x44, 0xDA,
    0x24, 0x1E, 0xAA, 0x77, 0x86, 0x80, 0x92, 0x52, 0xA2, 0x76, 0x7F, 0x6A, 0x0A, 0x0E, 0xFC, 0x2B,
    0x91, 0x9B, 0x19, 0x5A, 0xE6, 0x4A, 0x67, 0x59, 0x09, 0xC0, 0xD3, 0xB7, 0xAB, 0x5C, 0xAD, 0xA0,
    0xF9, 0xB8, 0xDA, 0x58, 0xBB, 0xE9, 0x69, 0xAD, 0x92, 0x32, 0x44, 0x59, 0x35, 0x36, 0x05, 0x37,
    0xD6, 0x8D, 0x57, 0x0B, 0xC7, 0x07, 0xD2, 0xC6, 0x2D, 0x5C, 0xED, 0x58, 0x25, 0x56, 0xF2, 0x90,
    0x79, 0xF9, 0xD7, 0xB4, 0xD1, 0x58, 0x99, 0xFE, 0xDF, 0xB0, 0x7C, 0x42, 0xDE, 0x25, 0xBA, 0xE0,
    0x79, 0xDF, 0xA3, 0xA3, 0x43, 0x2B, 0x67, 0x53, 0xFE, 0x76, 0xAC, 0xA6, 0x33, 0x7C, 0xE5, 0xCD,
    0x87, 0xD4, 0xD5, 0xEB, 0x60, 0xBC, 0x01, 0x16, 0xA4, 0xA6, 0x23, 0x43, 0xC0, 0x90, 0xAE, 0x20,
    0xA4, 0xBF, 0x0F, 0xB9, 0xC1, 0x0D, 0xEA, 0x96, 0x51, 0xFF, 0xA2, 0x99, 0xB5, 0x1B, 0xCB, 0x40,
    0x20, 0x4C, 0x42, 0xE6, 0xF5, 0xA1, 0x66, 0x8F, 0x5D, 0xC6, 0x81, 0x32, 0x0E, 0x99, 0x8D, 0x2A,
    0x6C, 0x6B, 0xAF, 0xF3, 0x5A, 0x09, 0xBA, 0x7F, 0x22, 0x0F, 0xFC, 0xB2, 0x0D, 0xA2, 0xB1, 0x0D,
    0x53, 0x7E, 0x69, 0x57, 0x5E, 0x7A, 0x61, 0x57, 0x30, 0xE8, 0x68, 0xBD, 0x84, 0x78, 0xB5, 0x8D,
    0x06, 0xE6, 0x39, 0xB3, 0xBB, 0xD8, 0x86, 0xCE, 0xC3, 0x2F, 0xBA, 0xA7, 0x91, 0xDF, 0x9D, 0xF1,
    0x0E, 0x9A, 0xD7, 0x25, 0x20, 0xDA, 0x9A, 0xB3, 0x35, 0xAB, 0xB7, 0x17, 0x5E, 0x5F, 0x1D, 0x19,
    0xCF, 0x2D, 0xED, 0x59, 0xF7, 0x42, 0x78, 0x55, 0x84, 0x57, 0xE0, 0x1A, 0xC4, 0x21, 0x0D, 0x8C,
    0x4A, 0x03, 0xB3, 0x0E, 0x28, 0x17, 0xA0, 0x30, 0xCF, 0xE3, 0x8C, 0x29, 0x32, 0x4B, 0xE0, 0x54,
    0x7C, 0x03, 0x8F, 0xC9, 0xD4, 0x91, 0xA2, 0x36, 0xB0, 0xE9, 0x98, 0x5A, 0xF4, 0x77, 0xFA, 0xBE,
    0x56, 0xDD, 0x68, 0x7A, 0x92, 0x98, 0x0B, 0x60, 0x43, 0xA6, 0x14, 0x9A, 0xE4, 0x69, 0x76, 0x17,
    0x8B, 0x97, 0x56, 0xA6, 0x6D, 0x64, 0xE8, 0x76, 0x51, 0x1B, 0x1D, 0x2D, 0x5A, 0xD0, 0x3B, 0xC1,
    0xEE, 0x65, 0xE9, 0x3F, 0x43, 0x55, 0x1C, 0x59, 0x37, 0x2B, 0x13, 0x9C, 0x05, 0xB9, 0xDF, 0x5D,
    0x61, 0x4D, 0x37, 0x0A, 0x57, 0x72, 0xFC, 0x6B, 0x0B, 0x12, 0xC3, 0x67, 0xB1, 0x40, 0x11, 0x23,
    0x0A, 0x61, 0x70, 0xCA, 0xFB, 0x49, 0x5A, 0x9A, 0xE4, 0x15, 0xA0, 0xAE, 0xD7, 0xE5, 0x6F, 0xF6,
    0x33, 0x8F, 0xA3, 0xE8, 0x58, 0x9C, 0xEC, 0x42, 0x46, 0x6F, 0xE8, 0xCF, 0xFA, 0x75, 0x74, 0x6F,
    0xFB, 0x73, 0x38, 0xCB, 0xAE, 0x19, 0x8D, 0xD9, 0x0B, 0xD9, 0xF5, 0x30, 0xD6, 0xD9, 0x2F, 0x11,
    0x6D, 0x87, 0xD7, 0x75, 0x79, 0x90, 0xBF, 0x97, 0x32, 0x2A, 0x8E, 0xFB, 0x82, 0x83, 0xA6, 0x6A,
    0x6C, 0x4E, 0xD7, 0x08, 0xEF, 0x6E, 0xF1, 0x2C, 0x26, 0xD0, 0x2F, 0x8C, 0x4B, 0x0B, 0x13, 0xA3,
    0x5A, 0xFD, 0x50, 0x56, 0xFD, 0x10, 0x7F, 0x8F, 0x23, 0x9F, 0x89, 0x4A, 0x0E, 0xA7, 0x9C, 0x8C,
    0xF4, 0x86, 0xDC, 0xED, 0xE1, 0x2C, 0xB2, 0x04, 0x1E, 0x46, 0xE4, 0x3E, 0x76, 0x6E, 0x98, 0x59,
    0xE9, 0xAC, 0xF2, 0xC7, 0xE6, 0x1D, 0xA3, 0x16, 0xD6, 0x10, 0xF4, 0x20, 0x61, 0x18, 0x57, 0x37,
    0xE0, 0x67, 0xD0, 0x7D, 0x08, 0xDE, 0x63, 0x3D, 0x27, 0xBA, 0x32, 0x17, 0x3A, 0xB5, 0x62, 0xC9,
    0x3A, 0x0E, 0xEF, 0x83, 0x42, 0xD0, 0xEC, 0x68, 0x3F, 0x72, 0xAE, 0x1B, 0x7B, 0x9B, 0x32, 0xDE,
    0x5D, 0x0E, 0xD6, 0x88, 0xB3, 0x5B, 0xE4, 0x20, 0xFD, 0x54, 0xE9, 0x7B, 0x91, 0x09, 0x27, 0xB5,
    0xDE, 0xCC, 0x7D, 0x91, 0x9B, 0xD2, 0xE1, 0x32, 0xFF, 0xC9, 0xA6, 0xFC, 0x9F, 0x46, 0x2E, 0x0F,
    0xA4, 0xE6, 0xF4, 0xFD, 0xCC, 0xDC, 0x63, 0xE6, 0x46, 0x64, 0x5D, 0x9B, 0xAC, 0x31, 0xA5, 0x7B,
    0x81, 0xD8, 0xB8, 0xC2, 0xC0, 0x31, 0xFC, 0x9C, 0x5F, 0x99, 0xF1, 0xAD, 0x64, 0x3F, 0x73, 0x77,
    0x7E, 0x04, 0x93, 0x1E, 0xE8, 0xBC, 0x19, 0x42, 0x59, 0x7F, 0x39, 0x78, 0xBB, 0x73, 0x37, 0xED,
    0x4C, 0x0D, 0xBB, 0x47, 0xC6, 0x3E, 0xED, 0x05, 0x31, 0x62, 0xA4, 0x42, 0xFB, 0xAB, 0xCD, 0xF5,
    0x70, 0x83, 0x85, 0x12, 0xC8, 0x57, 0x6F, 0x9B, 0x0D, 0xF0, 0x57, 0x0D, 0x70, 0xAB, 0x89, 0x69,
    0x7A, 0x60, 0xAD, 0x22, 0x4E, 0x8E, 0xE1, 0xB6, 0x6B, 0x3D, 0x99, 0x53, 0x6D, 0xFC, 0xD0, 0xBF,
    0x8C, 0x4D, 0x6E, 0xE2, 0xF5, 0xF7, 0x0E, 0xF4, 0xE0, 0xD6, 0xC4, 0x6E, 0xD3, 0xE1, 0x58, 0xD7,
    0x98, 0xEB, 0x74, 0x7E, 0x8E, 0x70, 0x18, 0x65, 0x99, 0x32, 0x59, 0xD2, 0x43, 0x24, 0x5F, 0x01,
    0x6A, 0x4F, 0x0C, 0x6C, 0x57, 0x3D, 0x77, 0x97, 0xD1, 0xE5, 0x88, 0x73, 0xF4, 0x6B, 0x65, 0xBC,
    0xE3, 0x94, 0xBF, 0xF5, 0xFC, 0x3A, 0x99, 0xBC, 0x7E, 0xCA, 0xC3, 0x6F, 0x34, 0x49, 0x49, 0xC5,
    0xCA, 0xA6, 0xCB, 0x87, 0x1B, 0xC3, 0x6D, 0xA3, 0xAD, 0xA3, 0x64, 0x29, 0x06, 0x55, 0xCD, 0x8C,
    0xF4, 0xBA, 0x63, 0xC0, 0x80, 0xAD, 0x75, 0xB8, 0x7B, 0xC5, 0x79, 0xBA, 0x7C, 0xC8, 0x39, 0xC6,
    0x0E, 0xDD, 0x04, 0x86, 0x94, 0x32, 0x24, 0x24, 0x76, 0x19, 0xE4, 0xB6, 0xFE, 0xB6, 0xC0, 0xA6,
    0xAB, 0x8F, 0xDB, 0xF3, 0x1B, 0xB3, 0xB2, 0x43, 0x09, 0xEC, 0x98, 0xB3, 0xFD, 0x68, 0x95, 0x9F,
    0x6D, 0x09, 0xBC, 0x3E, 0xF1, 0x3A, 0x94, 0xD4, 0xEB, 0x7E, 0x28, 0xB3, 0x35, 0xC9, 0x79, 0x40,
    0x64, 0xAA, 0x98, 0x4F, 0x7C, 0xA0, 0xC7, 0xDE, 0x80, 0xF4, 0x4F, 0x7D, 0xE1, 0x94, 0x87, 0x5E,
    0xEF, 0xF4, 0xB0, 0x31, 0xB8, 0x28, 0x91, 0xFC, 0x15, 0x8F, 0x0D, 0xF0, 0x3B, 0x9F, 0xF9, 0xD9,
    0xF6, 0x95, 0x32, 0x8A, 0x10, 0x62, 0x3A, 0xE9, 0x0F, 0xFD, 0x6F, 0x2F, 0xF4, 0xE7, 0x42, 0x63,
    0x5E, 0x80, 0xA9, 0x58, 0x91, 0x7A, 0x76, 0xEF, 0xD0, 0xFA, 0xB8, 0x87, 0x94, 0xC9, 0x1F, 0xE5,
    0x7A, 0xD8, 0x79, 0xE9, 0xA5, 0x56, 0x15, 0x98, 0x5B, 0xC9, 0xC9, 0xA3, 0xAD, 0xEB, 0x62, 0xF7,
    0x32, 0x36, 0x33, 0x19, 0xF5, 0x4A, 0x4D, 0xDA, 0xCB, 0xA8, 0x7E, 0x5D, 0x4D, 0xBB, 0xBA, 0x79,
    0xA7, 0x30, 0x3F, 0x7C, 0xA0, 0x1F, 0x8D, 0xB6, 0x24, 0x5D, 0xB7, 0x90, 0x70, 0x5E, 0x0E, 0xB6,
    0xBF, 0x30, 0xF1, 0xCE, 0xAD, 0xF7, 0xB3, 0xB4, 0x82, 0x71, 0xC9, 0xC8, 0xF2, 0x26, 0x14, 0x3D,
    0x9F, 0x23, 0xBB, 0x00, 0x72, 0x4A, 0x5F, 0x9E, 0xB8, 0x95, 0x2F, 0xA7, 0xDE, 0x45, 0x20, 0xA7,
    0xFE, 0x63, 0xA0, 0x93, 0x13, 0xA0, 0x27, 0x3E, 0xD0, 0x63, 0x0F, 0xE8, 0xC2, 0xFB, 0x87, 0x9C,
    0x94, 0xEE, 0x7F, 0x24, 0x28, 0xEC, 0x96, 0x08, 0xD9, 0x56, 0x3E, 0x02, 0xCA, 0x10, 0xF0, 0x61,
    0xFC, 0xBA, 0x4F, 0x7F, 0xF4, 0x8B, 0xFE, 0xBE, 0x8D, 0x87, 0xDE, 0xBA, 0x10, 0xE4, 0x58, 0x16,
    0x2F, 0x64, 0x9E, 0x32, 0xA9, 0x0E, 0x7B, 0x64, 0x0F, 0xE8, 0xC2, 0x2E, 0x02, 0xA9, 0xED, 0x3C,
    0xF8, 0x53, 0x63, 0x67, 0xFE, 0xD3, 0xD6, 0xC9, 0xBC, 0x6F, 0x5F, 0x3B, 0xA9, 0xF7, 0xED, 0xCB,
    0x2F, 0x52, 0xEF, 0xA7, 0xEF, 0xBE, 0x4B, 0xDD, 0x97, 0x7F, 0x7E, 0x99, 0xB8, 0x3F, 0xDB, 0x3F,
    0x27, 0x4E, 0x3B, 0xEA, 0x22, 0xBB, 0xB6, 0x3A, 0x1E, 0x01, 0x77, 0x0C, 0x00, 0x27, 0x4C, 0xD3,
    0x9F, 0x80, 0xF6, 0xA7, 0xD7, 0x70, 0x60, 0x2B, 0x07, 0xE7, 0xB3, 0xCB, 0x6B, 0x54, 0x38, 0xA2,
    0x45, 0x4C, 0xB0, 0x97, 0x7B, 0x19, 0x74, 0xE5, 0xF2, 0x27, 0x14, 0xB6, 0x5E, 0x92, 0xE2, 0x91,
    0x32, 0x14, 0x48, 0x3F, 0xCC, 0xCC, 0x38, 0xE4, 0xFE, 0x0A, 0x7E, 0xCA, 0x7B, 0x52, 0x2E, 0x67,
    0x59, 0x29, 0x5B, 0xCD, 0x30, 0xD0, 0xC6, 0xE8, 0xD6, 0x79, 0x93, 0xFE, 0x12, 0xB0, 0xB9, 0x53,
    0xC8, 0xE4, 0x2D, 0xA6, 0x62, 0x27, 0xAC, 0xE4, 0x33, 0xA5, 0x05, 0x19, 0xBB, 0xC0, 0xE2, 0xD3,
    0x82, 0x8B, 0x55, 0x93, 0x56, 0x43, 0x34, 0x61, 0x08, 0x1D, 0x6A, 0xAE, 0xF9, 0x25, 0xC3, 0xA9,
    0xD7, 0x91, 0x89, 0xFD, 0xC4, 0xD1, 0x9F, 0x1A, 0x92, 0x53, 0x8D, 0xC9, 0xB5, 0x7E, 0xAF, 0xAB,
    0x55, 0xAF, 0xCC, 0x33, 0xD1, 0x88, 0xF5, 0xB4, 0x59, 0x2F, 0x27, 0x9E, 0xF0, 0x3E, 0xFB, 0x94,
    0x01, 0xBC, 0x22, 0xFD, 0x73, 0xF1, 0xC2, 0xE2, 0x81, 0xB4, 0xB6, 0x3E, 0xA3, 0x45, 0xB4, 0x5F,
    0x0F, 0xD0, 0x97, 0x95, 0x87, 0x46, 0x91, 0xEE, 0x1A, 0xAB, 0x9E, 0x55, 0x9B, 0xCD, 0x86, 0x4A,
    0x4C, 0x78, 0xDC, 0xF4, 0x97, 0x2C, 0xFB, 0x73, 0x92, 0xA1, 0x47, 0xAC, 0xB5, 0xB9, 0xAE, 0x19,
    0x60, 0x93, 0x8C, 0x3A, 0x40, 0xD6, 0x31, 0x40, 0xEF, 0x10, 0x22, 0x3D, 0xF2, 0xD0, 0x3E, 0xC5,
    0x9C, 0x78, 0xBB, 0x70, 0xEC, 0x9E, 0x9B, 0xDF, 0x2C, 0x31, 0x63, 0x19, 0x40, 0xDC, 0xC4, 0x38,
    0xD3, 0x01, 0xDC, 0xF9, 0xA6, 0xD9, 0xB9, 0x9C, 0x6B, 0xC6, 0xDE, 0xA6, 0x8C, 0xEB, 0x0E, 0x6A,
    0x76, 0x2D, 0xE3, 0x6D, 0x87, 0x44, 0x5B, 0x93, 0x71, 0xFA, 0x4A, 0x7F, 0x75, 0x04, 0x3A, 0x12,
    0x66, 0xF7, 0x65, 0xBA, 0x10, 0xC3, 0xD7, 0x5B, 0x84, 0xFF, 0x01, 0xCD, 0x5A, 0x3B, 0x8F, 0xDC,
    0xD6, 0x15, 0x3E, 0x24, 0xA1, 0xA5, 0x65, 0xDA, 0x61, 0x23, 0x04, 0x02, 0x94, 0x80, 0x2A, 0x54,
    0xD8, 0x40, 0x60, 0xBA, 0x48, 0x61, 0x03, 0xD2, 0x92, 0x88, 0x0A, 0x17, 0x2E, 0xF2, 0x17, 0xD4,
    0xA4, 0x4A, 0x00, 0x35, 0x2E, 0x52, 0x68, 0x97, 0x74, 0x5C, 0xA4, 0x48, 0x91, 0x45, 0x90, 0x1F,
    0xA0, 0x22, 0xBD, 0x5D, 0x6E, 0xEC, 0x99, 0x21, 0xE5, 0x2D, 0x5D, 0x98, 0x80, 0x7E, 0x80, 0x19,
    0x3B, 0x45, 0x3A, 0x11, 0x0E, 0x11, 0x73, 0x6D, 0x72, 0x98, 0xEF, 0x3B, 0x97, 0x9C, 0x97, 0xB5,
    0x0F, 0xC9, 0xB3, 0x5A, 0x8D, 0x74, 0xBE, 0x9D, 0x19, 0x92, 0xF7, 0x9E, 0x7B, 0xEE, 0x79, 0xDF,
    0x11, 0x11, 0xB7, 0x12, 0x40, 0x69, 0xE0, 0xC6, 0xB1, 0x57, 0x48, 0xDF, 0x7F, 0x95, 0x3B, 0x7D,
    0xDF, 0xC7, 0x7E, 0xED, 0x76, 0x12, 0xE4, 0xD2, 0x49, 0x14, 0x4B, 0x26, 0x91, 0xE0, 0x7F, 0x02,
    0x88, 0x67, 0x22, 0x61, 0xDA, 0x09, 0xAE, 0x9D, 0x08, 0x7A, 0x8B, 0xDE, 0x1C, 0x29, 0x70, 0x00,
    0x0C, 0x35, 0x17, 0x0C, 0xDA, 0x0A, 0x86, 0xAF, 0xC4, 0xEA, 0xFB, 0x02, 0xB7, 0x1E, 0x0B, 0x5F,
    0x7E, 0xBE, 0x02, 0x37, 0x8E, 0xFD, 0x54, 0xC8, 0x81, 0xDB, 0xF7, 0xC3, 0x13, 0x21, 0x9F, 0xDD,
    0x60, 0x63, 0x03, 0xF4, 0x82, 0xDE, 0x12, 0x2E, 0x26, 0xC2, 0x00, 0xB5, 0x60, 0x28, 0x0C, 0x7C,
    0xC3, 0x4C, 0xB4, 0xB6, 0x5E, 0xCC, 0x56, 0x44, 0xE0, 0x26, 0x05, 0x60, 0x78, 0x71, 0xAA, 0xAD,
    0x42, 0x8C, 0xC9, 0xC2, 0xD4, 0x2B, 0x25, 0x28, 0xC3, 0x42, 0x7C, 0xB2, 0x81, 0x95, 0x63, 0xD6,
    0xA4, 0x56, 0x5E, 0xA2, 0x75, 0xD8, 0xC7, 0xBF, 0xB0, 0x25, 0x94, 0x84, 0xF4, 0xDC, 0x90, 0x10,
    0x22, 0x85, 0x18, 0x10, 0x16, 0x00, 0xCC, 0x96, 0x72, 0xF9, 0xA9, 0x48, 0xA6, 0x2B, 0x7F, 0x45,
    0x0E, 0x20, 0x6D, 0x1B, 0x8B, 0xF6, 0xBE, 0x80, 0x38, 0x6C, 0xF2, 0x21, 0x2D, 0xE1, 0xA6, 0x2C,
    0x5F, 0x59, 0xE1, 0xF6, 0x79, 0xDF, 0x10, 0x3A, 0x40, 0x93, 0x88, 0x97, 0x37, 0x61, 0xEC, 0xA7,
    0x8D, 0x9F, 0x06, 0x71, 0xE3, 0xE7, 0xA1, 0x34, 0x5E, 0x1E, 0x11, 0x76, 0x09, 0x7B, 0xD2, 0xB8,
    0xF9, 0x04, 0x50, 0xB4, 0x84, 0x06, 0xF0, 0xA8, 0xC6, 0x85, 0xCF, 0x2B, 0xC0, 0x91, 0x42, 0x29,
    0x8D, 0x7F, 0x54, 0x00, 0xFE, 0x9C, 0x4B, 0x13, 0xBE, 0x0F, 0x48, 0xB8, 0xBD, 0x9D, 0xCF, 0x89,
    0x00, 0x59, 0xE1, 0x73, 0x7F, 0xAC, 0xF4, 0x5E, 0x56, 0xD8, 0xDF, 0x56, 0x7D, 0x23, 0x19, 0x26,
    0x17, 0x4C, 0x94, 0x80, 0x69, 0x4C, 0x2E, 0x78, 0x36, 0x25, 0x1C, 0xF5, 0x05, 0xC6, 0x5B, 0x40,
    0xEE, 0xE6, 0x98, 0xDC, 0x4B, 0x31, 0xAF, 0x1F, 0x03, 0x02, 0xF2, 0xA2, 0x5C, 0xDD, 0x26, 0x3C,
    0x20, 0x1C, 0xE2, 0xB1, 0x1C, 0x0C, 0xF9, 0x1F, 0x82, 0x97, 0xF0, 0x37, 0x80, 0xC4, 0x81, 0x8A,
    0x77, 0x4E, 0x5F, 0xF4, 0x0D, 0x20, 0x2B, 0x00, 0x62, 0x7D, 0x82, 0xA5, 0x3B, 0xD5, 0xBD, 0xEB,
    0x80, 0xC9, 0x04, 0x10, 0x56, 0x00, 0x0F, 0xDB, 0x55, 0xD9, 0xBC, 0x20, 0x06, 0xEC, 0xEF, 0xAA,
    0xAC, 0xF6, 0xFB, 0x2A, 0xAB, 0x42, 0x42, 0x84, 0xED, 0x2D, 0xF7, 0x9C, 0xCA, 0x2A, 0x26, 0xB8,
    0x2F, 0x07, 0x38, 0x69, 0x0B, 0x88, 0x01, 0xAE, 0x00, 0x7C, 0xC2, 0xCF, 0x04, 0x17, 0x7E, 0x29,
    0x53, 0xA7, 0xFA, 0x95, 0xEC, 0x3B, 0xD5, 0x6D, 0x89, 0xEE, 0x02, 0x82, 0xBE, 0x4A, 0x1A, 0x0F,
    0xA3, 0x34, 0x76, 0x9F, 0xF6, 0xCD, 0x94, 0x7A, 0x7F, 0xA1, 0x10, 0x10, 0x92, 0x34, 0xEB, 0xFF,
    0xDA, 0xC7, 0x80, 0xB9, 0x00, 0xFE, 0xCD, 0x1D, 0x9F, 0x80, 0xE6, 0x2D, 0xAC, 0xB1, 0xD5, 0xBF,
    0x32, 0x69, 0x07, 0xBD, 0x18, 0xA8, 0x7B, 0x5E, 0x82, 0x79, 0x2F, 0xC8, 0x0C, 0x65, 0x81, 0x60,
    0x94, 0x36, 0x6C, 0xD2, 0xEE, 0x4B, 0xB1, 0xE7, 0x71, 0x88, 0x6D, 0x86, 0xD1, 0xC2, 0xFE, 0x12,
    0x28, 0x55, 0x82, 0xBF, 0xA1, 0xDA, 0xC2, 0x92, 0x68, 0xD7, 0xCF, 0x41, 0x29, 0xA8, 0x8A, 0xE2,
    0xA0, 0x8C, 0xE2, 0x9D, 0x02, 0x4E, 0x41, 0x47, 0x83, 0x9B, 0xB0, 0xA0, 0xF6, 0x19, 0xD8, 0x81,
    0x96, 0x49, 0x76, 0x80, 0xAD, 0x29, 0xBC, 0x7C, 0x4A, 0x98, 0x11, 0xB2, 0x25, 0xDC, 0x25, 0x7C,
    0x44, 0x38, 0x02, 0x7C, 0xA6, 0xF0, 0x18, 0xF0, 0xE9, 0x37, 0x80, 0x7F, 0xFE, 0x17, 0x70, 0xA8,
    0xF0, 0x1D, 0xE1, 0x53, 0xC2, 0x3E, 0x21, 0x5A, 0x40, 0x58, 0xF8, 0xF9, 0x61, 0x40, 0xF0, 0x61,
    0x8F, 0x87, 0xFE, 0xE3, 0x5E, 0x0E, 0xDD, 0xC7, 0x73, 0x39, 0x74, 0x1E, 0xAB, 0xDC, 0x83, 0x18,
    0x93, 0x47, 0x9C, 0x3C, 0xE2, 0xE4, 0x41, 0x8C, 0x79, 0xC1, 0x93, 0xC2, 0x5D, 0xC2, 0x47, 0xFC,
    0xEE, 0x08, 0xF0, 0x99, 0xC2, 0x63, 0x00, 0x26, 0x0F, 0x62, 0x4C, 0x1E, 0xC4, 0x87, 0x0A, 0xDF,
    0x11, 0x3E, 0x25, 0xEC, 0x13, 0xA2, 0x05, 0x84, 0x84, 0x80, 0xE0, 0x2F, 0xC0, 0x25, 0x70, 0x22,
    0x4C, 0x1E, 0x2E, 0x9C, 0x4E, 0xC6, 0x37, 0xDC, 0x9F, 0xA4, 0x21, 0x14, 0xB2, 0xB8, 0x9A, 0xF2,
    0x73, 0x3E, 0xBE, 0x0B, 0x65, 0xE3, 0x75, 0x63, 0x2E, 0x21, 0x34, 0x29, 0x27, 0x14, 0x61, 0x3C,
    0xF5, 0xCB, 0x10, 0x2B, 0xAA, 0xB6, 0x00, 0x6B, 0xFC, 0xD1, 0x4D, 0x71, 0xC3, 0x24, 0x23, 0x7F,
    0xD8, 0x32, 0xB9, 0x4E, 0x47, 0x16, 0xD1, 0x1E, 0xFD, 0x27, 0x60, 0xCF, 0x59, 0x3A, 0xB2, 0xB7,
    0x47, 0xDE, 0xEC, 0xB9, 0x0C, 0x17, 0xDC, 0x1E, 0xC3, 0x79, 0x5F, 0xE1, 0x3E, 0xFF, 0x4B, 0x40,
    0xF0, 0x17, 0x2C, 0x30, 0xBC, 0x5B, 0x0D, 0x03, 0xEC, 0xDB, 0x70, 0xC4, 0x53, 0xAB, 0xE1, 0xF3,
    0x18, 0xA1, 0x91, 0xA9, 0xE0, 0x9B, 0xFD, 0x15, 0x37, 0xEE, 0x32, 0x0C, 0x79, 0x80, 0x14, 0x0E,
    0xB5, 0xCF, 0x11, 0x9C, 0xFC, 0x3C, 0x48, 0xC5, 0xA3, 0x4E, 0xB9, 0x55, 0x44, 0xBF, 0x00, 0xAD,
    0x72, 0x6A, 0xC4, 0x3B, 0xA7, 0xB1, 0xD2, 0xAB, 0xF8, 0x1C, 0x19, 0x3B, 0x8A, 0x2A, 0x13, 0xD0,
    0x9C, 0xA5, 0xC8, 0x76, 0xA0, 0x75, 0x3E, 0x03, 0x2B, 0x4C, 0xE2, 0xD5, 0x38, 0xA8, 0x8C, 0x57,
    0x71, 0xC0, 0x03, 0x66, 0xCD, 0x7E, 0xA8, 0x31, 0x4F, 0x1D, 0x81, 0x92, 0x82, 0x03, 0xDA, 0x75,
    0x07, 0xE2, 0xDF, 0xE4, 0xC0, 0xD6, 0xEF, 0xF1, 0x5C, 0x6D, 0x65, 0xF3, 0x83, 0x1D, 0xB9, 0x85,
    0xA1, 0x11, 0x46, 0x7F, 0xC0, 0xE3, 0xF4, 0x9D, 0x94, 0xD4, 0x6B, 0x83, 0x03, 0x07, 0xAB, 0x23,
    0x6D, 0x98, 0xD2, 0x73, 0xD3, 0xEA, 0x98, 0x57, 0x21, 0x65, 0xFF, 0xC3, 0x46, 0xDC, 0x1F, 0x4A,
    0x18, 0x53, 0xCA, 0xA8, 0xC5, 0x2D, 0x59, 0xBC, 0xB0, 0xBC, 0x05, 0x49, 0x74, 0x4E, 0x42, 0xBC,
    0x42, 0x8C, 0xBC, 0x06, 0xE1, 0x30, 0x64, 0x43, 0x78, 0x59, 0x29, 0xF7, 0x6C, 0x5C, 0x68, 0x29,
    0xC1, 0x88, 0x3A, 0xEA, 0xB7, 0x83, 0x13, 0x16, 0xC9, 0x17, 0x2A, 0x78, 0x2C, 0x26, 0xB8, 0x6B,
    0x3E, 0xA1, 0x01, 0x7F, 0x2B, 0xE9, 0x8A, 0x8C, 0xE9, 0x4A, 0xF7, 0xF4, 0x74, 0xE5, 0x1C, 0xAC,
    0xAD, 0xF3, 0xA7, 0x69, 0xC8, 0x4F, 0xCC, 0x63, 0xAA, 0xD5, 0x3C, 0xE6, 0x6C, 0x0E, 0xCC, 0x28,
    0x17, 0x02, 0xE9, 0x1A, 0x6B, 0x50, 0xDA, 0x06, 0xEE, 0x1C, 0xFE, 0x5C, 0xC2, 0x39, 0xC3, 0xF8,
    0xE9, 0x36, 0x00, 0xE3, 0xAA, 0xCF, 0x43, 0xC9, 0x40, 0x11, 0x29, 0x75, 0xEA, 0xB0, 0x74, 0x54,
    0xFF, 0x1D, 0x8A, 0x32, 0x99, 0x1F, 0x18, 0x61, 0x28, 0xE8, 0xAB, 0x76, 0x73, 0xB1, 0x5B, 0xBF,
    0x34, 0xA0, 0x1F, 0x97, 0xAF, 0x17, 0x26, 0x0C, 0xDD, 0x68, 0xA3, 0x29, 0x14, 0x06, 0xB3, 0x3D,
    0x93, 0xF1, 0xE1, 0x3D, 0xF2, 0x13, 0xAF, 0x8A, 0x52, 0x12, 0xDF, 0x6F, 0x5D, 0x20, 0x26, 0x8F,
    0x43, 0x38, 0x77, 0x1F, 0x35, 0xD0, 0xB6, 0x6F, 0xBE, 0x6E, 0xC5, 0xFF, 0xD7, 0x9F, 0xC0, 0x53,
    0x2E, 0xF5, 0xE5, 0xEA, 0x84, 0x61, 0x0D, 0x9C, 0xD1, 0xD3, 0x52, 0x4D, 0x91, 0x59, 0xB9, 0x47,
    0x7E, 0x8C, 0x90, 0x91, 0x93, 0xDC, 0xDC, 0x8F, 0xB7, 0x2E, 0x8E, 0xD7, 0x7F, 0xC1, 0x20, 0xCB,
    0xC8, 0xE1, 0x37, 0x94, 0x49, 0x01, 0x99, 0x94, 0x76, 0x6B, 0xE0, 0x25, 0x90, 0x49, 0x7E, 0x1D,
    0xE2, 0x40, 0x4E, 0x46, 0x77, 0x87, 0x84, 0x5F, 0x5C, 0x04, 0x94, 0xFC, 0x82, 0x65, 0x62, 0x6B,
    0xA9, 0x05, 0x67, 0xEB, 0x7E, 0x41, 0x71, 0x7C, 0xFD, 0x2D, 0xC5, 0xF1, 0xB7, 0x97, 0x42, 0x1C,
    0xD4, 0x10, 0x46, 0xF8, 0xE9, 0x10, 0x76, 0xC0, 0xE5, 0x45, 0xAB, 0x88, 0xC5, 0x94, 0x42, 0xEB,
    0x24, 0x9F, 0xEE, 0xF5, 0xD5, 0xF8, 0x06, 0xDD, 0xA8, 0xD5, 0x8D, 0x69, 0xD1, 0x50, 0x9A, 0xC5,
    0x09, 0x73, 0x00, 0x85, 0x48, 0x61, 0x58, 0x52, 0xC2, 0xD5, 0x30, 0x42, 0x78, 0xBA, 0x9A, 0x8A,
    0xAB, 0x81, 0xD3, 0x09, 0xE9, 0x9F, 0x23, 0xBA, 0x6B, 0x05, 0x7D, 0xDD, 0xB1, 0x2A, 0xA6, 0x76,
    0xCD, 0x00, 0xFA, 0x71, 0xF9, 0xDA, 0xCC, 0x56, 0x9E, 0xA4, 0x6B, 0xD9, 0xCA, 0x7B, 0xE5, 0x90,
    0xAD, 0x24, 0xEB, 0xD9, 0x4A, 0x8B, 0xC9, 0xED, 0x46, 0x66, 0xB4, 0xA8, 0xE4, 0xE4, 0x6C, 0x85,
    0xB5, 0x20, 0xB2, 0x60, 0xFA, 0x1E, 0x56, 0xBF, 0xCB, 0x6C, 0xE5, 0x3C, 0xCE, 0x69, 0x5B, 0x19,
    0xCB, 0xA6, 0x40, 0xE4, 0x70, 0x94, 0xB4, 0x11, 0xF7, 0xA1, 0xBC, 0x64, 0x02, 0x11, 0x8F, 0x29,
    0x49, 0x61, 0x88, 0xEF, 0xB7, 0x2D, 0x10, 0x87, 0x7A, 0xA7, 0xB0, 0xF1, 0x72, 0x86, 0x84, 0x26,
    0xA7, 0x52, 0x81, 0x5F, 0x6A, 0x62, 0x90, 0x30, 0x27, 0xA6, 0x3A, 0xEE, 0x12, 0xF6, 0x08, 0x13,
    0x42, 0x1B, 0xD1, 0xA9, 0x46, 0xBD, 0xD8, 0x15, 0xC0, 0x51, 0x28, 0xB9, 0xAC, 0x02, 0xE0, 0x71,
    0x2D, 0x3E, 0x21, 0x20, 0x84, 0xF1, 0x9A, 0x45, 0xEE, 0x63, 0x3B, 0x8A, 0x29, 0xA1, 0x25, 0x88,
    0x9A, 0xA2, 0xC2, 0x53, 0x5E, 0x5E, 0xE3, 0xD6, 0x12, 0xF6, 0xBF, 0xED, 0x38, 0x54, 0x2F, 0xD7,
    0xFC, 0x0E, 0x69, 0xBA, 0xC3, 0xB2, 0x1C, 0x26, 0x95, 0x6B, 0xAD, 0x6C, 0x53, 0xC0, 0xBC, 0x9A,
    0xD3, 0x4A, 0x50, 0x45, 0x41, 0x2E, 0x13, 0x1B, 0xD0, 0x72, 0x97, 0x3A, 0x6E, 0x50, 0x66, 0xF7,
    0xB6, 0xB1, 0xA1, 0xA0, 0x7F, 0xD2, 0xA7, 0xF6, 0x9C, 0x1B, 0xBD, 0x43, 0x11, 0x84, 0xAC, 0xC7,
    0x7A, 0xB8, 0x42, 0x67, 0x6E, 0x1D, 0x0A, 0xE6, 0x42, 0x2E, 0x48, 0x4E, 0x02, 0x46, 0x71, 0x66,
    0x87, 0x9A, 0x26, 0xAE, 0x37, 0x4C, 0xBA, 0x35, 0x08, 0x31, 0x6F, 0x0C, 0x08, 0x53, 0x80, 0x49,
    0xDD, 0x4A, 0x80, 0x57, 0x03, 0x9C, 0x39, 0x00, 0x51, 0xB9, 0xA3, 0x0A, 0x76, 0x9C, 0xF2, 0x21,
    0xBD, 0xCE, 0x01, 0xBF, 0x6B, 0xA8, 0x23, 0xD8, 0xD3, 0x1A, 0x9A, 0x13, 0xE6, 0x80, 0x28, 0x06,
    0x24, 0xB2, 0x04, 0xEC, 0xF4, 0x00, 0xE3, 0xD5, 0x88, 0xF7, 0x05, 0xB5, 0xAB, 0xAA, 0xA0, 0x5E,
    0x0C, 0xDC, 0xDF, 0xFF, 0x1F, 0xDD, 0x97, 0x4D, 0xA0, 0x3A, 0xB0, 0xD1, 0xF4, 0xBA, 0x40, 0x41,
    0x02, 0x66, 0x03, 0x01, 0xD3, 0xE1, 0x9D, 0x9E, 0x85, 0x1F, 0x93, 0x77, 0xCD, 0xDE, 0x4D, 0xFA,
    0xAE, 0xF9, 0xBB, 0x59, 0xD3, 0x2B, 0xA3, 0xB4, 0x2D, 0xF5, 0x8A, 0xFD, 0x5C, 0x33, 0x6F, 0x0C,
    0x1F, 0xEF, 0x0B, 0xE6, 0xBA, 0x22, 0x7E, 0x75, 0x86, 0x48, 0x8C, 0xFF, 0x8E, 0xA3, 0xD5, 0xBE,
    0x9B, 0xB6, 0x84, 0x50, 0x09, 0xE7, 0x00, 0x88, 0x24, 0x8A, 0x3D, 0xAE, 0xC2, 0xE9, 0x79, 0x8D,
    0x5B, 0x81, 0x89, 0x00, 0x36, 0x79, 0x7B, 0x03, 0xD9, 0xE3, 0xAE, 0x5B, 0x4A, 0x00, 0x83, 0x73,
    0xE7, 0x26, 0x5C, 0xCB, 0xBD, 0x95, 0x7C, 0xB6, 0xFF, 0x3B, 0xA5, 0x08, 0x81, 0x75, 0x3E, 0xE4,
    0x4A, 0xF7, 0x87, 0x41, 0x3A, 0x28, 0xE7, 0x8F, 0x88, 0xDF, 0x47, 0xB8, 0x1E, 0xD4, 0x3B, 0x1D,
    0xF4, 0xB0, 0xB3, 0x29, 0xFD, 0xF0, 0xB8, 0x5B, 0xF6, 0x15, 0xEC, 0xF6, 0x75, 0xB9, 0x51, 0x43,
    0x30, 0x15, 0x28, 0xA5, 0x5D, 0x31, 0x75, 0x34, 0xB9, 0xA3, 0x26, 0x8F, 0x9A, 0x3D, 0x9A, 0x9E,
    0xE0, 0x22, 0x7F, 0x84, 0x9D, 0xCE, 0x69, 0xE0, 0x2D, 0xC0, 0xAB, 0x00, 0x30, 0xCF, 0x19, 0x43,
    0xCB, 0x8C, 0x85, 0xE2, 0x0C, 0x91, 0x5D, 0x66, 0xD0, 0x1E, 0x99, 0x05, 0x90, 0xE0, 0x8C, 0x85,
    0xEB, 0x4C, 0x0B, 0xC8, 0x56, 0x2B, 0x23, 0x0E, 0xC0, 0x8A, 0x76, 0x46, 0xBB, 0x9D, 0x39, 0xBC,
    0x99, 0xFD, 0x80, 0x99, 0x24, 0x1C, 0x20, 0x2C, 0xC6, 0x41, 0x75, 0x78, 0x38, 0xA6, 0x19, 0xCB,
    0xCF, 0x19, 0xE5, 0x78, 0x8B, 0xF9, 0x76, 0x44, 0xD1, 0x87, 0xF4, 0x48, 0xAE, 0x96, 0x9B, 0xEB,
    0xA6, 0xE2, 0xE5, 0xE3, 0xE6, 0x9C, 0x09, 0xAC, 0x2D, 0x6C, 0xD6, 0x2A, 0xD0, 0xCE, 0x20, 0xC7,
    0xBC, 0x41, 0x9E, 0xC5, 0x12, 0x1C, 0xB1, 0x14, 0xF9, 0xB2, 0xA2, 0xB9, 0xD2, 0xD7, 0x71, 0xA2,
    0x40, 0x6B, 0x8E, 0x2F, 0xB0, 0xA2, 0xE0, 0xD1, 0x9C, 0xCF, 0x82, 0xD3, 0x20, 0xC7, 0xE2, 0x82,
    0xDC, 0xE5, 0xB3, 0x56, 0x37, 0x8E, 0x07, 0xA5, 0x3C, 0xA1, 0x1E, 0x9A, 0x9B, 0xD0, 0x1B, 0x2D,
    0x0A, 0x8C, 0x67, 0xA9, 0x87, 0xD2, 0x51, 0x8D, 0x92, 0x13, 0xDA, 0xB7, 0x8B, 0xEA, 0x5B, 0xCB,
    0x0F, 0x97, 0xFD, 0x03, 0x4F, 0xBB, 0xAB, 0xBD, 0x98, 0x6E, 0xCB, 0x16, 0xAB, 0x20, 0x67, 0xD9,
    0xCD, 0x0D, 0x18, 0x22, 0xEC, 0x7A, 0x9C, 0x72, 0xA5, 0x7D, 0x3C, 0x1F, 0x02, 0x88, 0xF2, 0x67,
    0x98, 0xDC, 0xEC, 0x5C, 0xBC, 0x8C, 0x62, 0x3A, 0x99, 0xDD, 0x2D, 0x97, 0x92, 0xCF, 0x24, 0xC4,
    0x73, 0x34, 0x5B, 0x4C, 0x60, 0x5D, 0xC0, 0x90, 0x3B, 0xB1, 0xD5, 0x47, 0x3F, 0xCE, 0x0E, 0xFB,
    0xE8, 0xAA, 0x34, 0xAA, 0xD3, 0xA5, 0x78, 0x74, 0xF9, 0x1E, 0x9D, 0xA6, 0x86, 0x28, 0x13, 0x02,
    0xC8, 0xE2, 0x70, 0xB7, 0x4A, 0xC6, 0x33, 0xED, 0xF9, 0xEB, 0xBC, 0x10, 0x1E, 0x58, 0x7D, 0x1A,
    0xF1, 0x30, 0x20, 0x30, 0xBE, 0x76, 0x1E, 0x9B, 0x1A, 0x98, 0x25, 0x30, 0x2B, 0x60, 0x16, 0xC0,
    0x2A, 0xD9, 0x65, 0xD5, 0x07, 0xB7, 0xD6, 0x0C, 0x54, 0x9B, 0xD1, 0x68, 0x7E, 0x64, 0xA4, 0x33,
    0x6C, 0xC0, 0xD4, 0x75, 0xCE, 0xA8, 0x61, 0x58, 0x48, 0x4D, 0x76, 0x72, 0x9F, 0x15, 0x0A, 0x79,
    0xEF, 0x56, 0x88, 0x83, 0xB7, 0x6F, 0xC2, 0xE3, 0x83, 0x85, 0x12, 0x14, 0xBF, 0x4A, 0x6F, 0x79,
    0xCB, 0x4A, 0x65, 0x0F, 0x56, 0x1F, 0xC2, 0x76, 0xBD, 0x6E, 0x10, 0xE4, 0xC1, 0xD2, 0x1F, 0xC0,
    0xAB, 0x8D, 0x64, 0x1C, 0xF6, 0x4F, 0xA1, 0x28, 0x7E, 0x13, 0x5A, 0x12, 0x41, 0x02, 0x11, 0x04,
    0xB0, 0xD3, 0x1F, 0x5C, 0x5A, 0xA7, 0x3E, 0xE3, 0x0E, 0x71, 0x13, 0x84, 0xA1, 0x94, 0x4D, 0x7A,
    0x79, 0xA1, 0x4D, 0xFA, 0xB3, 0x80, 0x4D, 0xFA, 0x86, 0x4D, 0xFA, 0x86, 0x4D, 0xFA, 0x86, 0x4D,
    0xFA, 0x9A, 0x4D, 0xFA, 0x8A, 0x4D, 0xFA, 0x92, 0x4D, 0xFA, 0x82, 0xFD, 0xF9, 0x9C, 0xFD, 0x79,
    0xB6, 0xEB, 0x7D, 0xB6, 0xEB, 0x03, 0x36, 0xE9, 0xDF, 0x62, 0x93, 0xFE, 0x0E, 0x9B, 0xF4, 0x0F,
    0xD8, 0xA4, 0x9F, 0xB0, 0x49, 0xDF, 0xB3, 0x49, 0xDF, 0x9B, 0x26, 0x3D, 0xB4, 0x3A, 0x5E, 0xD8,
    0x4A, 0x39, 0x36, 0x46, 0x67, 0x32, 0x54, 0x2E, 0xCB, 0x48, 0x79, 0x59, 0xF1, 0x5B, 0xEB, 0x3B,
    0x1A, 0x30, 0xD5, 0x3A, 0x19, 0x14, 0x77, 0xDD, 0x2A, 0x2E, 0x3A, 0x86, 0x4F, 0x39, 0xDF, 0x69,
    0x10, 0xA4, 0x1B, 0x90, 0xF5, 0x6B, 0xF0, 0xB4, 0x5B, 0x0C, 0xD8, 0xB5, 0x42, 0x18, 0x4F, 0xAD,
    0x36, 0x8A, 0xA7, 0x58, 0x3C, 0x8A, 0xC5, 0xAC, 0x03, 0x04, 0xB5, 0xB0, 0x96, 0x83, 0x20, 0x52,
    0xB5, 0xD0, 0x38, 0x64, 0xCD, 0x87, 0xDC, 0xD8, 0x62, 0x7E, 0xDC, 0x0D, 0x34, 0x1D, 0x68, 0xFC,
    0x3C, 0x5C, 0x67, 0x7D, 0xC8, 0x4E, 0x2E, 0x4F, 0x02, 0xE1, 0xC7, 0x69, 0x65, 0x28, 0xE8, 0xA2,
    0x04, 0xA2, 0x86, 0x5C, 0xD5, 0x39, 0xA4, 0x27, 0x77, 0x47, 0xB5, 0xF5, 0xB9, 0x67, 0xCE, 0x16,
    0x74, 0x6B, 0x79, 0xAA, 0x68, 0xD1, 0x13, 0x3C, 0x54, 0x71, 0x43, 0x07, 0xDA, 0x9E, 0x94, 0x82,
    0x72, 0x50, 0x29, 0xED, 0xBC, 0x92, 0xB6, 0x6D, 0x40, 0x13, 0xD0, 0x2E, 0x28, 0x04, 0x41, 0x17,
    0x5B, 0x2F, 0x6F, 0x5B, 0xA7, 0x04, 0x55, 0x6D, 0x6B, 0xD5, 0x2D, 0x8A, 0x1A, 0xD0, 0x03, 0xD0,
    0x2E, 0x28, 0x04, 0xF9, 0x20, 0x0F, 0xE4, 0x82, 0x1C, 0x10, 0xBC, 0xEC, 0xCD, 0x61, 0x37, 0xE6,
    0x83, 0x42, 0x69, 0xBB, 0x6D, 0x7D, 0xCF, 0x7F, 0x0E, 0xDD, 0x48, 0x4C, 0x09, 0x9B, 0xA3, 0x68,
    0x2D, 0xE1, 0x29, 0xAA, 0x44, 0x1B, 0xD7, 0x63, 0x8D, 0x6C, 0x9F, 0x8B, 0xB0, 0x38, 0x2A, 0x37,
    0xDC, 0x9D, 0x38, 0x54, 0x02, 0x7B, 0x51, 0xBB, 0x68, 0x11, 0xE7, 0xBC, 0xC7, 0x5A, 0xCD, 0xA1,
    0x6B, 0x7F, 0x2F, 0x1D, 0x42, 0x85, 0x29, 0xE2, 0x9E, 0xC4, 0x43, 0xFD, 0xE6, 0xBF, 0x4F, 0xE5,
    0x74, 0x20, 0xA2, 0x5D, 0xF2, 0x78, 0x87, 0xE5, 0xC1, 0x84, 0xC6, 0xD3, 0x70, 0x0D, 0x35, 0xDE,
    0xE3, 0x9B, 0xDD, 0xA1, 0xFD, 0xCE, 0x42, 0x43, 0xEB, 0xB7, 0x8D, 0xCE, 0x3B, 0x7C, 0x8D, 0x5B,
    0x2E, 0x3A, 0xEF, 0xD5, 0xCC, 0x78, 0x73, 0x18, 0x1F, 0x47, 0x0B, 0xC1, 0x65, 0x04, 0x03, 0x7D,
    0x67, 0xE0, 0x8C, 0xE5, 0xDB, 0x07, 0x1F, 0x88, 0x7C, 0xF2, 0x8E, 0xF9, 0x1B, 0x14, 0xDB, 0x2F,
    0xE5, 0x96, 0x9D, 0xB7, 0x41, 0x10, 0x8B, 0xB0, 0xA7, 0x67, 0x2D, 0x57, 0x2F, 0xBB, 0xB2, 0x43,
    0xC9, 0x31, 0xB4, 0x7D, 0x96, 0x1E, 0x4B, 0x53, 0x7B, 0xD5, 0x13, 0x2B, 0x7D, 0x41, 0x85, 0x9E,
    0xA9, 0x6F, 0xF4, 0x64, 0x87, 0x8B, 0x96, 0x85, 0xA8, 0x3C, 0x8A, 0xCA, 0x8E, 0x97, 0x4C, 0xFC,
    0x9A, 0xF9, 0xCE, 0xDE, 0x50, 0x10, 0x9A, 0xEA, 0x4C, 0x73, 0x34, 0x17, 0x85, 0x1E, 0x0A, 0x79,
    0xAC, 0x31, 0xC8, 0x30, 0x46, 0x14, 0x22, 0x47, 0xDB, 0x87, 0x53, 0x90, 0x16, 0xF9, 0x98, 0xD5,
    0x00, 0xE0, 0x28, 0x00, 0x25, 0xC0, 0x43, 0x11, 0xD8, 0x21, 0x12, 0xE6, 0xD3, 0x10, 0xDE, 0x76,
    0xB6, 0x0B, 0xE3, 0xD8, 0x9F, 0x50, 0x3E, 0x2D, 0xB3, 0x21, 0x56, 0x85, 0x7E, 0xE5, 0x0E, 0x8D,
    0x1B, 0x6A, 0x80, 0x84, 0x1F, 0x1F, 0x0F, 0x92, 0x1A, 0x38, 0xD5, 0x2E, 0x48, 0x12, 0xAF, 0x72,
    0xEA, 0x6E, 0x72, 0x7A, 0x95, 0x9C, 0x86, 0xE4, 0x74, 0x4E, 0x5D, 0x6D, 0xC7, 0xCC, 0xCC, 0x65,
    0x66, 0xA6, 0x9C, 0x46, 0xCC, 0xCC, 0x26, 0xC8, 0xC7, 0xA0, 0x34, 0x71, 0x02, 0xC5, 0x8D, 0x11,
    0x53, 0xE1, 0xD8, 0xA3, 0x15, 0x5E, 0x86, 0xCC, 0x4C, 0xBB, 0x50, 0x21, 0x55, 0xE3, 0x0E, 0xD3,
    0x3D, 0x73, 0xA8, 0x72, 0x93, 0x3E, 0xFD, 0x90, 0xCD, 0xAF, 0x4E, 0xDB, 0xFD, 0xF4, 0x2F, 0xFE,
    0xE7, 0xB4, 0xC5, 0x82, 0x0D, 0xD5, 0xF4, 0xD6, 0xE5, 0x1E, 0x79, 0xD9, 0xD0, 0x7D, 0x2F, 0x45,
    0x46, 0x0A, 0x5D, 0x73, 0xAA, 0x7D, 0x8C, 0x0A, 0x7D, 0x61, 0x56, 0x74, 0x7D, 0x29, 0xA6, 0xAD,
    0x19, 0x9A, 0xAE, 0x51, 0x7F, 0x2C, 0xA0, 0x4B, 0xB9, 0x2D, 0xA7, 0xB6, 0xD1, 0x5E, 0x90, 0x04,
    0xB4, 0x79, 0x4B, 0x45, 0xC5, 0x05, 0x27, 0xF7, 0xD7, 0xB2, 0xF6, 0x6D, 0xAD, 0xFC, 0x15, 0x49,
    0xE5, 0x2D, 0xA4, 0x44, 0xC8, 0x4A, 0xC4, 0x7F, 0xD4, 0x60, 0x94, 0x29, 0x82, 0x0C, 0xF4, 0xEE,
    0xDE, 0xD5, 0xF1, 0xD0, 0xAF, 0x1C, 0x69, 0x36, 0x58, 0xF8, 0xD3, 0x08, 0xD7, 0xE3, 0x91, 0x4E,
    0xBB, 0x6F, 0xB8, 0xB7, 0x1E, 0x49, 0x52, 0x58, 0x84, 0x5D, 0xDE, 0x11, 0x8D, 0x96, 0x10, 0x5C,
    0xC0, 0x90, 0x48, 0xBB, 0x0D, 0x90, 0xAD, 0xC1, 0x6A, 0x0E, 0x36, 0x4E, 0x86, 0x4D, 0x27, 0xC9,
    0xD8, 0x6E, 0x63, 0xEA, 0xAB, 0x19, 0xC3, 0xD3, 0xE0, 0xA4, 0xD8, 0x4C, 0x95, 0x65, 0x5B, 0x75,
    0x7F, 0xA5, 0xD9, 0x4A, 0x17, 0xA1, 0x09, 0xD6, 0xB1, 0xBC, 0xC1, 0x01, 0xE8, 0x4D, 0x08, 0x1E,
    0x52, 0xDE, 0x51, 0xD4, 0x76, 0x15, 0xAE, 0x89, 0xFA, 0xC2, 0x97, 0x6F, 0xD3, 0x03, 0x68, 0x55,
    0xBE, 0x4B, 0x17, 0xF0, 0xC0, 0xFA, 0x71, 0x97, 0xEC, 0xC2, 0x16, 0x7D, 0x0D, 0x0E, 0xE0, 0x81,
    0x97, 0x4A, 0x82, 0x88, 0x42, 0x25, 0x46, 0x96, 0x8F, 0x48, 0xB0, 0xA7, 0x07, 0x08, 0x2F, 0xE2,
    0xC0, 0x97, 0xBA, 0xA7, 0xCA, 0xA7, 0xDA, 0xA7, 0xEA, 0xA7, 0xFA, 0x67, 0x14, 0x70, 0xD4, 0xC0,
    0xF1, 0xA0, 0x8D, 0xE1, 0x66, 0x09, 0x26, 0x0A, 0x3E, 0x13, 0x98, 0xAA, 0xB8, 0xB9, 0x62, 0x0E,
    0xCF, 0x58, 0x11, 0x53, 0x38, 0xEC, 0x9C, 0xB3, 0x5D, 0x5A, 0x69, 0xE7, 0xCC, 0x87, 0xE9, 0xAF,
    0xEC, 0xFD, 0x85, 0x2E, 0x5F, 0x90, 0xEE, 0xB8, 0x9C, 0xF7, 0xC3, 0x1A, 0x11, 0xE1, 0x8F, 0x6B,
    0x7B, 0xBE, 0xAD, 0xB3, 0x6E, 0x2B, 0x46, 0x02, 0xE1, 0xA2, 0x0C, 0x82, 0x77, 0xD1, 0x42, 0x52,
    0xB3, 0x00, 0x06, 0x6C, 0x55, 0xB7, 0xD7, 0x16, 0x21, 0xFA, 0x92, 0x0E, 0xBC, 0xCF, 0xCD, 0xDF,
    0x05, 0x9F, 0x7A, 0x7B, 0x8D, 0xAA, 0x98, 0x0C, 0x47, 0xDF, 0x95, 0x93, 0x9F, 0xDD, 0xD6, 0xB9,
    0xF8, 0x5F, 0x03, 0x9C, 0xCE, 0xD5, 0xC5, 0x8A, 0x64, 0x0C, 0x0C, 0xE1, 0x09, 0x81, 0xE1, 0x7E,
    0xFF, 0x50, 0x73, 0x13, 0xC6, 0xB2, 0x4E, 0x92, 0xA2, 0x43, 0xEA, 0xDF, 0xE1, 0x2E, 0x50, 0xBD,
    0x42, 0x95, 0xF9, 0x3E, 0x29, 0xE8, 0x98, 0x58, 0xE5, 0x91, 0xCD, 0xCE, 0xE2, 0x81, 0xCA, 0x4C,
    0xBB, 0xEB, 0x48, 0x07, 0xF1, 0xBC, 0x8F, 0xE7, 0xDD, 0xE1, 0x59, 0xAB, 0x85, 0xA8, 0xBA, 0xB3,
    0x9C, 0x93, 0x16, 0x07, 0x1F, 0xF7, 0x07, 0x08, 0x66, 0x85, 0xD2, 0x81, 0x95, 0x3E, 0xAF, 0x61,
    0x8E, 0x1E, 0xC0, 0xDB, 0xF0, 0x00, 0x17, 0xBD, 0xC6, 0xE5, 0xBC, 0x93, 0xB5, 0x79, 0x35, 0xC0,
    0x67, 0xF3, 0xD8, 0x8C, 0xD7, 0xC7, 0xF3, 0x78, 0x47, 0x36, 0x7E, 0x3B, 0x77, 0x6E, 0x92, 0xF4,
    0x1A, 0x0F, 0xE1, 0x1E, 0x88, 0x49, 0xA2, 0x2C, 0x66, 0x51, 0xB2, 0xE7, 0x8F, 0xD5, 0xD2, 0x55,
    0x49, 0x2F, 0xF7, 0x78, 0xF6, 0x0A, 0x18, 0xE0, 0x6F, 0x47, 0x83, 0xA3, 0x1A, 0x69, 0x10, 0x23,
    0xF0, 0x2E, 0x32, 0x27, 0x94, 0x37, 0x6F, 0xEF, 0x6C, 0xFF, 0x87, 0x0C, 0xA7, 0x1A, 0xD4, 0xA5,
    0x1D, 0x50, 0x9F, 0x92, 0xE6, 0x6D, 0x6D, 0xE5, 0xF7, 0xBF, 0x8F, 0xE9, 0x5D, 0xF0, 0x5D, 0x19,
    0x96, 0x57, 0x72, 0x86, 0x8B, 0x64, 0x28, 0x97, 0xD4, 0x0A, 0x72, 0x53, 0xE0, 0xB2, 0x7F, 0x6A,
    0xB1, 0x1F, 0x15, 0xEA, 0x1B, 0xB6, 0x36, 0x2B, 0x53, 0x05, 0x5B, 0xED, 0xF8, 0x4B, 0xCB, 0x9B,
    0xF8, 0xBC, 0x1F, 0x07, 0xCC, 0x5F, 0x4A, 0xE4, 0x1B, 0xA9, 0xDD, 0xFF, 0x67, 0xC9, 0x30, 0x1B,
    0x15, 0xDA, 0x0D, 0x4D, 0x35, 0x61, 0xD6, 0x43, 0x2B, 0x68, 0x32, 0x9C, 0x4B, 0xC9, 0xE3, 0xAA,
    0xA8, 0xB0, 0xF2, 0x85, 0xE5, 0x95, 0xE6, 0x28, 0xC2, 0xE5, 0x7C, 0x09, 0xE6, 0xB3, 0x17, 0xF3,
    0xD5, 0xA4, 0x77, 0x79, 0x8E, 0x0A, 0x9E, 0x13, 0x6D, 0x00, 0x1D, 0x9F, 0x3A, 0x47, 0xD6, 0x9B,
    0xA0, 0x3A, 0xC0, 0x39, 0x9A, 0x79, 0x5B, 0x82, 0x95, 0xD3, 0xD5, 0xC5, 0x77, 0x6C, 0xFF, 0x8A,
    0x36, 0x33, 0xB5, 0xC6, 0xFB, 0xC3, 0x8F, 0xAD, 0x12, 0x4C, 0x36, 0x23, 0x9D, 0x69, 0xC1, 0x63,
    0xAF, 0x98, 0xB9, 0x63, 0x92, 0x5E, 0x87, 0xFE, 0x22, 0xFC, 0x30, 0x57, 0x5D, 0x3D, 0x51, 0x9D,
    0x0D, 0x3F, 0x70, 0xE8, 0x4C, 0xC7, 0xDA, 0x2F, 0x45, 0x45, 0x96, 0xD1, 0x9F, 0x27, 0xF4, 0xEC,
    0xEF, 0xCA, 0xCA, 0x6F, 0x10, 0x66, 0x8B, 0x52, 0x39, 0x31, 0x5A, 0x36, 0x96, 0xA2, 0xFA, 0x4B,
    0x4D, 0x8D, 0x41, 0xDC, 0x7E, 0x6C, 0x8E, 0xA5, 0x51, 0x41, 0xEE, 0xB7, 0x63, 0x19, 0xC4, 0xAC,
    0x65, 0xFC, 0xE1, 0xE6, 0xFA, 0xF1, 0xD3, 0xB2, 0xF3, 0xA8, 0x95, 0x12, 0x9E, 0xB8, 0x92, 0xD5,
    0x9C, 0x3C, 0x07, 0x1B, 0x18, 0x3D, 0xFB, 0x3E, 0x66, 0x93, 0xF0, 0x40, 0x3F, 0x31, 0x01, 0xFA,
    0x9D, 0x64, 0xB9, 0xC9, 0xCD, 0x98, 0x9A, 0x91, 0xF8, 0x1E, 0xA3, 0xEE, 0xF4, 0xB1, 0xAD, 0x0B,
    0x3C, 0xA6, 0x99, 0x80, 0x93, 0xAC, 0x34, 0x52, 0x35, 0x8A, 0x61, 0x88, 0x9F, 0x93, 0x52, 0x7E,
    0xDF, 0xA7, 0xBD, 0x8E, 0x57, 0x4A, 0xF6, 0x8F, 0x73, 0xFD, 0x7E, 0xED, 0x69, 0x01, 0xF1, 0x0C,
    0x58, 0xA4, 0xD6, 0x06, 0x9E, 0x7D, 0x80, 0xF1, 0xA4, 0x8F, 0x07, 0x7D, 0x3C, 0xE7, 0xD3, 0x63,
    0xBE, 0x87, 0xEB, 0x47, 0x7C, 0xC1, 0x69, 0xF4, 0x44, 0xDB, 0x26, 0xB9, 0x36, 0x44, 0x0B, 0xAF,
    0xE1, 0x29, 0x1F, 0xBE, 0x27, 0x75, 0x03, 0x4D, 0xCF, 0x43, 0xFF, 0x07, 0x63, 0xFA, 0xC7, 0xC0,
    0xFF, 0xFF, 0x80, 0x3D, 0xF3, 0x07, 0x1B, 0x86, 0x0F, 0x00, 0xCD, 0x5C, 0xBD, 0x8F, 0xE4, 0xE6,
    0x7D, 0x7E, 0x49, 0xC6, 0xC7, 0x44, 0x4C, 0xC4, 0x14, 0x2A, 0x14, 0x2D, 0x20, 0xAA, 0x48, 0x21,
    0xC3, 0xF0, 0x31, 0x45, 0x0A, 0x09, 0xB8, 0x1D, 0x32, 0x52, 0x91, 0xC2, 0x85, 0x52, 0xA4, 0xB7,
    0x0B, 0x75, 0x09, 0xB0, 0xAD, 0x8B, 0x9B, 0x79, 0x29, 0xBB, 0x48, 0x91, 0xC2, 0xF7, 0x1F, 0x24,
    0x7F, 0x40, 0x02, 0xA7, 0x48, 0x21, 0x04, 0x3B, 0x43, 0x9E, 0x5C, 0xBA, 0x30, 0xED, 0x36, 0x45,
    0x18, 0xE4, 0x8A, 0x00, 0x06, 0x22, 0x4A, 0xA6, 0x25, 0x9E, 0x8E, 0x1C, 0xE6, 0x79, 0x7E, 0x2F,
    0xBF, 0x66, 0x76, 0x66, 0x77, 0xEF, 0x6E, 0xF7, 0x56, 0x0B, 0xFC, 0x9E, 0x9D, 0x19, 0xBE, 0x7C,
    0xBF, 0xDF, 0xDF, 0x37, 0xA9, 0xDE, 0x51, 0x4A, 0x9D, 0x83, 0xB6, 0xA0, 0x28, 0x56, 0xCA, 0xCF,
    0x94, 0x72, 0x4A, 0x7C, 0xC1, 0x7F, 0xFC, 0xA5, 0x5D, 0x57, 0x0C, 0xB4, 0xC1, 0xF7, 0x63, 0x84,
    0xEB, 0xF1, 0x40, 0x97, 0x95, 0xEB, 0xCB, 0x56, 0x03, 0xB9, 0xF9, 0x7D, 0xE5, 0x97, 0x3A, 0x26,
    0xF1, 0xF3, 0xF0, 0x77, 0xDB, 0xED, 0x6A, 0x90, 0x9A, 0x40, 0x35, 0x6C, 0xF4, 0x28, 0x6C, 0xBB,
    0x47, 0x4A, 0x75, 0x5D, 0x43, 0xE8, 0x94, 0x6A, 0x55, 0x9A, 0xE0, 0x42, 0x98, 0x01, 0x7C, 0x81,
    0x1C, 0xE0, 0xE5, 0xC3, 0x27, 0x01, 0xB9, 0xCA, 0x72, 0x11, 0xEE, 0x68, 0xA2, 0x96, 0x50, 0xA0,
    0x2E, 0x1B, 0xE4, 0x61, 0x72, 0x03, 0x50, 0x64, 0x1A, 0xB0, 0x39, 0xDF, 0x8F, 0x64, 0xDC, 0x76,
    0xD7, 0xB5, 0x23, 0xD5, 0xF8, 0x7E, 0x03, 0xD4, 0x75, 0xDB, 0x91, 0xD4, 0xBD, 0xEE, 0x09, 0xDA,
    0xC5, 0x28, 0x2C, 0x0E, 0xC5, 0xD9, 0xC6, 0x6F, 0x61, 0xFE, 0x95, 0xE9, 0x8E, 0x0A, 0x63, 0x65,
    0x3A, 0x65, 0x60, 0x45, 0xD0, 0x1C, 0x71, 0x3A, 0xC2, 0x6A, 0xBC, 0x60, 0xCA, 0xF1, 0x8E, 0x30,
    0x61, 0x05, 0x39, 0xC0, 0xC7, 0x54, 0xB2, 0xD2, 0x93, 0x7E, 0xA6, 0x42, 0x2C, 0x0B, 0xC6, 0x84,
    0x26, 0xCF, 0xBE, 0x89, 0x9D, 0xAE, 0x2B, 0x7D, 0xAC, 0x67, 0x58, 0x7C, 0x27, 0xE7, 0x7D, 0x5A,
    0x19, 0x62, 0x45, 0x11, 0x9A, 0x0F, 0x71, 0xB3, 0xD7, 0x25, 0xE8, 0x59, 0xCD, 0x3B, 0xF9, 0x01,
    0x13, 0x16, 0xA0, 0x77, 0x0E, 0x7E, 0xB0, 0x1A, 0x33, 0x59, 0x56, 0xF3, 0x0E, 0xBE, 0xAF, 0xE2,
    0x80, 0xEB, 0x58, 0xA0, 0x77, 0xC9, 0xBD, 0xEE, 0x7F, 0xD9, 0xB7, 0x64, 0x20, 0x53, 0xE1, 0xCB,
    0xD3, 0xBC, 0x4E, 0x3F, 0x3E, 0xC7, 0x8A, 0x6E, 0x85, 0xF8, 0x79, 0xB6, 0x4F, 0x6F, 0xB5, 0x5D,
    0xCE, 0xD9, 0x40, 0xE6, 0x60, 0xBE, 0x08, 0xB9, 0x20, 0xAF, 0x78, 0x07, 0x1B, 0x73, 0xA5, 0x74,
    0x86, 0x95, 0x89, 0xA3, 0xAE, 0xC5, 0x56, 0xC8, 0xB1, 0x36, 0x5B, 0x35, 0x87, 0x72, 0x71, 0x0C,
    0xA2, 0x9A, 0xD0, 0xC5, 0x84, 0x0C, 0xBF, 0x05, 0x05, 0xC0, 0x2D, 0x9D, 0x72, 0xE1, 0x5C, 0x80,
    0x02, 0xE0, 0x12, 0xFC, 0x7C, 0xE1, 0x14, 0x61, 0xB6, 0xF0, 0xF3, 0x34, 0xC1, 0x6D, 0x2B, 0xEC,
    0x3C, 0xF5, 0xB1, 0x0A, 0x6B, 0xB5, 0x54, 0x58, 0xD2, 0xEB, 0x02, 0x16, 0xF9, 0x09, 0xA1, 0x25,
    0x74, 0xFC, 0x2D, 0x4A, 0x00, 0x7E, 0x76, 0x25, 0x44, 0xF1, 0x52, 0xC9, 0x1D, 0xB8, 0x77, 0xA9,
    0xD2, 0x42, 0x3D, 0xEF, 0xB9, 0x2F, 0xF6, 0xCE, 0x7D, 0x8C, 0x0B, 0xD1, 0x78, 0xF8, 0x83, 0x89,
    0x03, 0x5C, 0x05, 0x72, 0xBE, 0x2D, 0x39, 0x1E, 0x04, 0x3F, 0x1F, 0x8E, 0xDB, 0x92, 0x0D, 0xBD,
    0x3B, 0xEC, 0xA7, 0x0D, 0x39, 0xF1, 0x46, 0x39, 0x0D, 0xC0, 0x2B, 0x01, 0x38, 0x56, 0x1B, 0xB6,
    0xB8, 0x51, 0xE8, 0xC0, 0xC6, 0x46, 0x57, 0x36, 0x2E, 0x2A, 0xD8, 0x04, 0xE8, 0xD9, 0x06, 0xBF,
    0xAB, 0x4D, 0xC7, 0x6D, 0xD8, 0xC8, 0x5E, 0x64, 0x05, 0x3A, 0xE3, 0x55, 0x2C, 0xF8, 0xC6, 0x61,
    0x61, 0x8B, 0xB7, 0x29, 0xCD, 0x0A, 0xC2, 0x7C, 0xA8, 0x54, 0xAA, 0xB7, 0x5A, 0xB6, 0xD6, 0x11,
    0x70, 0x1A, 0xFF, 0x10, 0xF7, 0x2E, 0xFA, 0x03, 0x4D, 0x5E, 0xC0, 0x2D, 0x23, 0xDD, 0xFD, 0x91,
    0x32, 0xD3, 0x61, 0x37, 0x0D, 0xEE, 0x03, 0x9B, 0x03, 0xF9, 0xA0, 0x10, 0xB4, 0x00, 0x9D, 0x83,
    0xEA, 0xA6, 0xB1, 0xCB, 0xA6, 0x71, 0x8A, 0xA6, 0xF1, 0xB2, 0xA6, 0xF1, 0x93, 0xA6, 0x09, 0xE3,
    0xA6, 0x89, 0x54, 0xD3, 0x2C, 0x41, 0x0D, 0xA8, 0x52, 0xCD, 0xB6, 0x54, 0x0D, 0x26, 0xB4, 0xE9,
    0x30, 0x25, 0x38, 0x2D, 0x0D, 0x58, 0x43, 0x43, 0xDE, 0x48, 0xD6, 0xA8, 0xFE, 0x5E, 0x81, 0x49,
    0x68, 0x6E, 0xD6, 0x90, 0x93, 0x7E, 0x6F, 0x1B, 0x9B, 0x09, 0xD1, 0x3C, 0xFD, 0xE8, 0x94, 0x53,
    0x61, 0xC6, 0xDD, 0x12, 0x33, 0xE9, 0x15, 0x5E, 0x81, 0xF9, 0x43, 0xD1, 0x20, 0x03, 0x7B, 0x0B,
    0xB9, 0x1A, 0x91, 0x0C, 0x92, 0xA7, 0x67, 0x4D, 0x76, 0x84, 0x81, 0xFB, 0x8F, 0xB1, 0x71, 0xBC,
    0xFF, 0xE1, 0x01, 0xF8, 0x1A, 0xF5, 0x59, 0x1D, 0x27, 0xBC, 0x23, 0x93, 0xD3, 0xF1, 0x9C, 0xBF,
    0x91, 0xAD, 0xFC, 0x81, 0x87, 0x81, 0xFA, 0xC2, 0x6C, 0xD0, 0x2F, 0x15, 0xD4, 0xA6, 0x40, 0x14,
    0xBF, 0x12, 0x30, 0xC7, 0x71, 0x00, 0x23, 0x7C, 0x8F, 0x82, 0x4D, 0x39, 0xED, 0x70, 0xA1, 0x5D,
    0x94, 0x55, 0xDE, 0x7F, 0x61, 0x44, 0xFE, 0xAF, 0x28, 0x4E, 0xFE, 0x11, 0x03, 0x0C, 0x3F, 0x44,
    0x99, 0x88, 0x05, 0x57, 0x36, 0x86, 0xB4, 0xB6, 0x6A, 0x4E, 0x2D, 0x46, 0x58, 0x63, 0x5E, 0xF0,
    0xCB, 0x8A, 0x95, 0x44, 0x06, 0x5C, 0xB6, 0xE6, 0x75, 0xE4, 0x6D, 0x80, 0x0C, 0x13, 0xEB, 0x67,
    0x41, 0x02, 0x29, 0x86, 0xC9, 0x76, 0xCB, 0x88, 0xED, 0x71, 0xEE, 0xAB, 0x0D, 0x17, 0x80, 0x25,
    0x06, 0xEA, 0xF9, 0xF0, 0x05, 0xE2, 0x21, 0x65, 0x9D, 0xA0, 0xA2, 0x51, 0x67, 0x25, 0xB6, 0x4B,
    0xDD, 0x60, 0x7E, 0x71, 0x6D, 0x46, 0xFC, 0xEE, 0xD4, 0x2D, 0xAE, 0xA3, 0x5C, 0xCE, 0xF2, 0x3F,
    0xC7, 0x7D, 0x67, 0x98, 0x7C, 0x23, 0xA2, 0x58, 0xBF, 0xCE, 0xB1, 0xC5, 0x70, 0xBF, 0xCB, 0x3A,
    0xFA, 0xFF, 0x3E, 0x7E, 0xD3, 0x89, 0x29, 0xD3, 0xF6, 0xE5, 0xC2, 0x03, 0x6D, 0x98, 0xFA, 0x71,
    0xAD, 0x62, 0x3F, 0x58, 0xFF, 0x19, 0xEA, 0xBF, 0x75, 0xB1, 0xEA, 0x73, 0xE9, 0x82, 0x09, 0x32,
    0x9C, 0xED, 0x20, 0xD9, 0x81, 0x70, 0x17, 0xA2, 0x78, 0x04, 0x35, 0x80, 0x26, 0x6C, 0x08, 0x2D,
    0x01, 0xA3, 0x88, 0x6D, 0x02, 0x58, 0x46, 0x18, 0xE3, 0xE4, 0x86, 0x31, 0x19, 0x60, 0x39, 0xC1,
    0x8A, 0xCB, 0x74, 0x14, 0x6E, 0x5D, 0x89, 0x52, 0x8D, 0x53, 0xE1, 0x90, 0x3B, 0x65, 0x90, 0x34,
    0x5E, 0xEE, 0x67, 0x8D, 0x9F, 0x79, 0x79, 0x13, 0xC4, 0x58, 0xB4, 0x08, 0xD2, 0xA2, 0x41, 0x2F,
    0xEA, 0x06, 0xC2, 0xF2, 0xBC, 0xC1, 0x7C, 0x2D, 0xB6, 0x72, 0xB8, 0x73, 0x9E, 0xB2, 0x9C, 0x3A,
    0x08, 0xBE, 0xAE, 0xDB, 0x9A, 0x45, 0xC0, 0x5D, 0xAA, 0x86, 0x9B, 0x13, 0xB7, 0xB1, 0x82, 0x44,
    0xAA, 0x92, 0x4A, 0xC1, 0x47, 0xB8, 0x1B, 0x1B, 0x0E, 0xA9, 0xB1, 0xAB, 0xB5, 0x6A, 0xAC, 0xDA,
    0x4A, 0x9F, 0xB2, 0x12, 0xD4, 0x12, 0x90, 0x89, 0xBF, 0x1E, 0x7B, 0xC2, 0xAD, 0xDB, 0x9E, 0x81,
    0xF6, 0xC0, 0xAF, 0xE4, 0x97, 0xD8, 0x6A, 0xEC, 0x76, 0x42, 0x88, 0x09, 0xE4, 0x6A, 0x27, 0x52,
    0x38, 0xDD, 0x55, 0x61, 0x7A, 0xF8, 0x73, 0xF2, 0x88, 0x28, 0xBE, 0xD7, 0x51, 0x46, 0x34, 0xD4,
    0x61, 0x4A, 0x65, 0xA5, 0xDB, 0xF8, 0xD6, 0x99, 0xE0, 0xBD, 0xEC, 0xF5, 0x98, 0x83, 0x15, 0x51,
    0x7C, 0xF6, 0xE4, 0x95, 0x30, 0xDE, 0x3B, 0x13, 0x38, 0x3E, 0xD7, 0x6F, 0x06, 0x99, 0x7F, 0x09,
    0x60, 0x47, 0xF4, 0x10, 0x0A, 0xC4, 0x80, 0x48, 0x40, 0x0D, 0xB0, 0x21, 0xB4, 0x00, 0x8B, 0xCC,
    0x02, 0x1A, 0xA3, 0x9F, 0xA3, 0x53, 0x7E, 0xAE, 0x73, 0x42, 0x02, 0x78, 0x8F, 0x62, 0xB7, 0xD7,
    0xD7, 0xD1, 0x17, 0x28, 0x30, 0x80, 0xD2, 0x81, 0x52, 0x47, 0xB8, 0x5F, 0xBB, 0xFF, 0xA7, 0xEE,
    0x9F, 0xFB, 0x3F, 0x57, 0x8B, 0x07, 0x7E, 0xA8, 0x16, 0xA7, 0x01, 0xE0, 0xFE, 0x7D, 0x80, 0x7F,
    0x4A, 0x38, 0x0F, 0xD4, 0xA9, 0x57, 0x07, 0x6A, 0xE9, 0x56, 0x41, 0xBC, 0xC4, 0x96, 0x87, 0x6A,
    0xA1, 0xE6, 0x00, 0xC9, 0x13, 0x24, 0x87, 0xA0, 0xA5, 0x44, 0xA5, 0x70, 0x8A, 0x9F, 0x0F, 0xC8,
    0xBC, 0x66, 0xF0, 0xFC, 0x15, 0xC8, 0x3C, 0x9F, 0x3C, 0x15, 0xDE, 0x9C, 0x29, 0x51, 0x21, 0xFD,
    0xCA, 0x15, 0xB5, 0xA5, 0xE5, 0xA5, 0x54, 0xA4, 0x9C, 0xC8, 0x4D, 0x9E, 0xFB, 0xD0, 0xF4, 0xF4,
    0x28, 0x48, 0x11, 0x3D, 0x08, 0x2E, 0x53, 0x81, 0x54, 0x25, 0x95, 0x4A, 0xF5, 0x56, 0x27, 0xE7,
    0xFB, 0xA9, 0xE8, 0x6C, 0x37, 0xD0, 0xFB, 0xE7, 0x87, 0xEF, 0x81, 0xDB, 0x47, 0x46, 0x98, 0x16,
    0x91, 0x0A, 0xC0, 0x9E, 0x1C, 0x1C, 0x07, 0x35, 0x50, 0x6B, 0xFE, 0x5B, 0x8D, 0xF9, 0x1D, 0xD7,
    0x59, 0x4E, 0xCA, 0x3F, 0xB9, 0x96, 0x7E, 0x8E, 0x21, 0x3E, 0x11, 0xE6, 0x63, 0xEC, 0x21, 0xBB,
    0x83, 0x01, 0xE5, 0x52, 0x61, 0x98, 0x59, 0x51, 0xC9, 0xC0, 0x55, 0x26, 0x53, 0xEA, 0x20, 0x4C,
    0xB6, 0x13, 0x6F, 0xF3, 0x69, 0x1D, 0x7A, 0xB5, 0xC8, 0x77, 0x54, 0xBA, 0x67, 0x40, 0xA5, 0x9D,
    0xB1, 0x08, 0x7A, 0xB8, 0x42, 0x4D, 0xB8, 0x39, 0xB8, 0x2B, 0xFD, 0xCB, 0x18, 0xC5, 0x13, 0x84,
    0x5B, 0x56, 0x82, 0x32, 0xD0, 0x5B, 0x70, 0xB6, 0xBF, 0xFA, 0x0A, 0x12, 0xF2, 0xB3, 0x12, 0x3B,
    0xF8, 0x83, 0x12, 0xFB, 0xD1, 0x2E, 0x21, 0x1A, 0x6D, 0x88, 0x21, 0x81, 0x15, 0x20, 0x9B, 0xBE,
    0xCA, 0x55, 0x96, 0x33, 0x77, 0xC8, 0xBD, 0x52, 0x8B, 0xD4, 0x27, 0x35, 0xEF, 0xB5, 0x86, 0xF5,
    0x00, 0xA7, 0x28, 0xA0, 0xE4, 0x43, 0x0D, 0x8E, 0x62, 0x8C, 0x32, 0xA5, 0x3C, 0x41, 0x57, 0x53,
    0x4A, 0xFE, 0xE8, 0xAF, 0x29, 0xC9, 0x7E, 0x55, 0xB0, 0xD3, 0x59, 0xAF, 0x89, 0x89, 0x4E, 0x66,
    0xB5, 0x83, 0x8A, 0x26, 0xBF, 0xC9, 0xD5, 0x80, 0xE5, 0xE4, 0x0E, 0x61, 0xA6, 0x0D, 0xEA, 0x71,
    0x58, 0x9F, 0xD4, 0x2C, 0x6D, 0x48, 0x6B, 0xE0, 0xAC, 0x1E, 0x15, 0xAE, 0xB5, 0x7A, 0x25, 0x40,
    0x05, 0x6A, 0x02, 0x65, 0xFC, 0x3E, 0x47, 0x60, 0x57, 0x81, 0xBB, 0x48, 0xED, 0x24, 0x4A, 0x1A,
    0xCD, 0xE3, 0x95, 0xDB, 0x0D, 0xF6, 0x6D, 0xE3, 0x51, 0x7A, 0xA6, 0xDB, 0x63, 0xFA, 0xE2, 0x48,
    0x2B, 0x5A, 0x42, 0xD7, 0x06, 0xA7, 0x7C, 0x61, 0xD8, 0xE3, 0x49, 0x2B, 0x1A, 0x5F, 0xD7, 0x06,
    0xB7, 0x78, 0x61, 0x78, 0xAE, 0xD9, 0xD6, 0xDC, 0x43, 0x13, 0xA8, 0xA3, 0x40, 0x2E, 0xA0, 0xB8,
    0x8D, 0x8D, 0x06, 0xDA, 0x5A, 0x1D, 0xD5, 0xC6, 0x48, 0x18, 0xB2, 0x40, 0x7E, 0x00, 0xB2, 0xBE,
    0x08, 0x0B, 0xCB, 0x6D, 0x52, 0xC1, 0x19, 0xAA, 0x3A, 0x2A, 0xBE, 0xF6, 0x20, 0xDD, 0x12, 0xBA,
    0x8C, 0x80, 0xC3, 0xB5, 0x76, 0x6B, 0x80, 0xD5, 0xF0, 0xAA, 0x40, 0x4B, 0x58, 0x8F, 0xD0, 0x0E,
    0x17, 0xA4, 0x08, 0x0B, 0xCB, 0x6D, 0x52, 0xC1, 0x19, 0xAB, 0xD2, 0xBD, 0x95, 0x77, 0x25, 0x74,
    0x46, 0xAA, 0xE4, 0x84, 0x1A, 0xBF, 0x41, 0x85, 0xD3, 0x38, 0xC2, 0xBC, 0xAA, 0xD5, 0x11, 0x79,
    0x20, 0x17, 0xBA, 0xBE, 0x70, 0x6F, 0xF5, 0xE7, 0xEA, 0x7B, 0xAC, 0xCA, 0xEE, 0x1D, 0x61, 0x31,
    0xA1, 0x50, 0xDF, 0x15, 0xF7, 0x13, 0x15, 0x95, 0xDE, 0x19, 0x6A, 0x5A, 0x35, 0x3C, 0x9A, 0x00,
    0xDB, 0x28, 0x12, 0x27, 0x0F, 0x57, 0x30, 0x32, 0xCB, 0x18, 0x24, 0x03, 0x4C, 0x9E, 0x33, 0x3D,
    0x54, 0x80, 0xAA, 0xA4, 0xD2, 0x88, 0x4D, 0x4A, 0x43, 0xE2, 0x7B, 0x5B, 0x51, 0x2D, 0x5A, 0x29,
    0x0C, 0x61, 0x65, 0xC1, 0x92, 0x59, 0x39, 0x75, 0x8A, 0x5D, 0x02, 0xE6, 0xB4, 0xF2, 0x0A, 0xEC,
    0x53, 0x2F, 0x07, 0xFF, 0x82, 0xCE, 0x23, 0x90, 0x09, 0xE8, 0x6E, 0x07, 0xA6, 0x0B, 0x03, 0xE0,
    0x0E, 0xB9, 0x4D, 0x2A, 0x90, 0xAA, 0xA4, 0x52, 0xA9, 0x5E, 0x1A, 0x62, 0x93, 0xEA, 0x04, 0x9F,
    0x60, 0xFE, 0x80, 0xF3, 0xB5, 0x7E, 0x8D, 0x75, 0xC9, 0xD5, 0x1A, 0xBC, 0x7B, 0x8D, 0x11, 0x8E,
    0xC4, 0xEF, 0xE0, 0x46, 0x6B, 0x5C, 0x5F, 0x3B, 0xB4, 0xB3, 0x52, 0x10, 0x5D, 0x45, 0x1A, 0xDB,
    0xA3, 0x55, 0x6B, 0x30, 0xB0, 0x35, 0x6C, 0x91, 0x35, 0x74, 0xBA, 0xB5, 0x3F, 0xDC, 0x0F, 0x7E,
    0x02, 0xEE, 0xB8, 0xBE, 0x47, 0xB6, 0x8C, 0x51, 0x52, 0x9B, 0x7B, 0x2D, 0x0E, 0x06, 0xEF, 0x13,
    0x26, 0x15, 0x86, 0x67, 0xFA, 0xAC, 0x02, 0x37, 0xA0, 0xB0, 0xAD, 0x74, 0x4E, 0x9B, 0xD2, 0xAE,
    0x5A, 0x10, 0xFF, 0xEB, 0x47, 0xB6, 0xFC, 0x8E, 0xFB, 0x2A, 0x68, 0xD9, 0x8F, 0x94, 0xFA, 0xCE,
    0xBF, 0x72, 0x75, 0x5A, 0x0A, 0x3F, 0xCC, 0x63, 0xFA, 0xCD, 0xDF, 0x80, 0xA5, 0x62, 0x7A, 0xDD,
    0x6A, 0x10, 0x92, 0x33, 0x29, 0xFB, 0x03, 0x5C, 0x89, 0x52, 0xAC, 0x5F, 0x44, 0x66, 0x13, 0x55,
    0x6E, 0x4B, 0xDD, 0x75, 0xBE, 0x29, 0x06, 0x4B, 0x3B, 0xEC, 0x3F, 0x89, 0xD1, 0x95, 0xE0, 0x1A,
    0x6A, 0xD9, 0x8E, 0xAA, 0x4B, 0x35, 0xA8, 0x2E, 0x68, 0x96, 0xDB, 0x83, 0x7E, 0x45, 0x4D, 0xFF,
    0xA2, 0x3A, 0x01, 0x57, 0x76, 0x60, 0xEA, 0xD0, 0x1C, 0x3E, 0xA1, 0xD5, 0x95, 0xF5, 0xD7, 0xF0,
    0xDD, 0xAD, 0xB1, 0x03, 0x85, 0xE7, 0x99, 0xFF, 0x5E, 0xA3, 0x8D, 0x6F, 0x39, 0x67, 0x1D, 0x94,
    0xD3, 0x03, 0x5D, 0xC9, 0x04, 0x2F, 0x21, 0x74, 0xA6, 0x99, 0xC3, 0x4A, 0x0D, 0xB0, 0x19, 0x41,
    0x84, 0x53, 0x33, 0x00, 0xEC, 0xFE, 0x86, 0x53, 0x4F, 0xF3, 0x99, 0x9E, 0xE9, 0x62, 0xF0, 0x55,
    0x75, 0x7D, 0x7F, 0x7A, 0x68, 0xB8, 0x7B, 0x0F, 0x81, 0x3A, 0xD9, 0x0A, 0x87, 0x29, 0x38, 0x37,
    0x58, 0xD7, 0xDA, 0x68, 0x8D, 0x1B, 0x9E, 0x87, 0xA8, 0xD7, 0x1A, 0xA9, 0x9F, 0xEC, 0x30, 0xD3,
    0x1D, 0xB5, 0x46, 0xBC, 0xC1, 0x4F, 0xD5, 0xBB, 0xAC, 0x80, 0x72, 0x93, 0xE0, 0x75, 0x8F, 0x14,
    0xED, 0xB9, 0x42, 0xCC, 0x3B, 0xB7, 0xB7, 0x14, 0x17, 0x4A, 0x55, 0xCD, 0x43, 0xA5, 0x1E, 0xC2,
    0x54, 0x51, 0xA7, 0xDB, 0x41, 0xAA, 0x0A, 0x88, 0x91, 0xB8, 0xD9, 0xD6, 0x34, 0xEB, 0x5B, 0xDA,
    0x87, 0x98, 0xF3, 0x02, 0x26, 0x8E, 0x54, 0x80, 0xAA, 0xBC, 0x42, 0x4C, 0xC3, 0x0D, 0x4D, 0x43,
    0x6E, 0x40, 0x88, 0x9D, 0x04, 0xBA, 0x59, 0xF1, 0x27, 0xC6, 0x6D, 0x5C, 0x19, 0x3A, 0x29, 0x45,
    0x01, 0xA6, 0x3E, 0x25, 0x8B, 0x7C, 0x52, 0xF5, 0x96, 0xA1, 0xB8, 0x93, 0xBF, 0x0B, 0xA5, 0x0B,
    0xBB, 0xA7, 0xE4, 0x99, 0xBE, 0x87, 0x65, 0x5B, 0xC3, 0xBA, 0x5F, 0x63, 0x69, 0xD7, 0x18, 0xF6,
    0x5A, 0x45, 0x20, 0x0D, 0x7A, 0x5A, 0xAF, 0xED, 0x2F, 0xEA, 0xB5, 0xFB, 0xEB, 0x7A, 0xED, 0x7F,
    0x52, 0xAF, 0x43, 0xAB, 0x5E, 0x9F, 0x82, 0xCE, 0xAD, 0x7A, 0x53, 0x59, 0x75, 0x5A, 0x80, 0x32,
    0x50, 0x02, 0xC2, 0xF4, 0xAF, 0x41, 0x76, 0xEE, 0x25, 0x4E, 0x85, 0xB9, 0x14, 0x3D, 0xAE, 0x1A,
    0x5D, 0xC6, 0x37, 0x55, 0xBF, 0xE6, 0x18, 0x34, 0xED, 0x2B, 0xCD, 0xE9, 0xD6, 0x74, 0x4E, 0x6A,
    0x98, 0x34, 0x4A, 0xD3, 0x0B, 0xAF, 0xE9, 0x51, 0xD7, 0xDD, 0x28, 0x4B, 0xA8, 0x8F, 0x68, 0xAE,
    0x8A, 0xA6, 0xB6, 0xAA, 0xAD, 0xAD, 0x1C, 0x10, 0x39, 0x07, 0xBC, 0x17, 0x87, 0xAB, 0xAF, 0x8F,
    0x66, 0x9F, 0x78, 0x33, 0x66, 0x90, 0x45, 0x73, 0x08, 0x04, 0x92, 0x88, 0x8E, 0x0C, 0x82, 0x39,
    0x53, 0x11, 0xDD, 0x17, 0x80, 0x2D, 0x15, 0x26, 0x9A, 0x17, 0x50, 0xE3, 0xC0, 0x83, 0xA9, 0xE5,
    0xC0, 0x42, 0x8C, 0xE2, 0xF7, 0x95, 0xF1, 0x76, 0xAC, 0x28, 0x7F, 0xBA, 0x1E, 0x0A, 0x1B, 0x50,
    0x42, 0x77, 0x5A, 0x54, 0xEE, 0xE7, 0x6A, 0xF9, 0xA9, 0xF7, 0x4F, 0xF1, 0xF2, 0xA1, 0xFF, 0xC3,
    0x78, 0x79, 0x1A, 0x04, 0xF1, 0x79, 0xB8, 0x08, 0x92, 0xF3, 0xE0, 0x21, 0xC0, 0x87, 0x69, 0x7B,
    0xEE, 0xD5, 0xB0, 0x6F, 0xA9, 0x82, 0x36, 0xBD, 0x56, 0x32, 0x87, 0xFE, 0x90, 0x1E, 0xA6, 0x3E,
    0xE0, 0x23, 0x74, 0x59, 0x39, 0xEE, 0x96, 0xD1, 0x5E, 0x72, 0xC9, 0x15, 0x84, 0x3F, 0x84, 0x99,
    0x8C, 0x6A, 0xC7, 0x5E, 0xDA, 0x83, 0xC9, 0x22, 0x0A, 0x47, 0xB6, 0xE2, 0x8A, 0xCF, 0x5E, 0x24,
    0xC5, 0x89, 0x91, 0x5D, 0xD7, 0xEE, 0xC5, 0x65, 0xF4, 0x96, 0x71, 0x86, 0x2B, 0x61, 0x45, 0xB0,
    0x5D, 0x0D, 0x1B, 0xB2, 0x7B, 0x36, 0xA4, 0xDA, 0x3D, 0xEA, 0x59, 0x93, 0x53, 0x6B, 0xD8, 0xC3,
    0x64, 0x4D, 0x9A, 0x47, 0xF6, 0xAC, 0x1E, 0xC3, 0x2F, 0xFB, 0xA4, 0x18, 0x4F, 0x41, 0xED, 0x5B,
    0x7A, 0xCD, 0xB6, 0xCA, 0xDD, 0xC6, 0x7F, 0x66, 0x8C, 0x9B, 0x90, 0x6C, 0x37, 0x3A, 0x6A, 0xDC,
    0x24, 0x43, 0x11, 0x29, 0xEC, 0x31, 0xB2, 0x64, 0x8B, 0x0D, 0x23, 0x11, 0x24, 0x56, 0x8A, 0x6F,
    0xCD, 0x40, 0xA2, 0xEE, 0xBC, 0x20, 0x0D, 0x3C, 0x3C, 0x22, 0x4F, 0xD2, 0xFC, 0x65, 0x43, 0xC1,
    0xD0, 0x52, 0xA7, 0x26, 0xCB, 0x03, 0xFB, 0xB3, 0x6B, 0x48, 0x1D, 0xAB, 0xA1, 0x08, 0x6A, 0x09,
    0x1B, 0x8F, 0x2E, 0x27, 0xDE, 0x1F, 0x7E, 0xC4, 0x4A, 0x3E, 0x17, 0xF5, 0x9C, 0x8A, 0xBA, 0x88,
    0xEA, 0xB6, 0xB7, 0x44, 0x28, 0xAB, 0x8C, 0xEF, 0x5B, 0x38, 0x58, 0x44, 0x15, 0x4B, 0xB3, 0x84,
    0x36, 0xDE, 0x98, 0x7F, 0xB9, 0x34, 0x5C, 0x30, 0xC2, 0xC9, 0x10, 0x2F, 0x74, 0x38, 0x01, 0x5E,
    0xDD, 0xA4, 0x89, 0x0F, 0x6E, 0x97, 0x85, 0x60, 0x5B, 0x79, 0x44, 0x0E, 0x28, 0x6C, 0x6B, 0x1F,
    0x78, 0x81, 0x45, 0x0A, 0x29, 0x2C, 0xB7, 0x49, 0x05, 0x26, 0x04, 0x21, 0x95, 0x5E, 0xDA, 0xAE,
    0x16, 0x0F, 0xA2, 0xE8, 0x7E, 0x05, 0x6C, 0x0C, 0xA7, 0xC2, 0x40, 0xAC, 0x86, 0x83, 0x4E, 0xB9,
    0x62, 0x11, 0x07, 0xE2, 0xB3, 0xB0, 0x57, 0x0D, 0x9F, 0xC4, 0xF8, 0xD1, 0xBC, 0xCA, 0x72, 0x72,
    0x87, 0x57, 0xC0, 0xC6, 0x19, 0x5C, 0x04, 0x5A, 0xBC, 0x35, 0x89, 0x11, 0x7F, 0x2F, 0x48, 0xD8,
    0x45, 0x03, 0xF5, 0x46, 0xDF, 0x0E, 0x51, 0x52, 0x1D, 0xA2, 0x56, 0x9C, 0xCF, 0xD8, 0xF3, 0x8F,
    0xDC, 0x49, 0x41, 0xE8, 0x7E, 0x5B, 0x4D, 0x7C, 0x7D, 0x97, 0x6E, 0xD0, 0x5A, 0xB8, 0x68, 0x28,
    0x9C, 0xAB, 0x7D, 0xF0, 0xF2, 0x17, 0x01, 0xD6, 0x97, 0x4C, 0xB0, 0xA3, 0x43, 0xCE, 0xE1, 0x0A,
    0x2B, 0x80, 0xBE, 0xF6, 0x41, 0x7F, 0x47, 0x2D, 0x50, 0xD0, 0x46, 0x8D, 0xDF, 0x2B, 0x06, 0x90,
    0xAF, 0x3A, 0x33, 0x45, 0xA4, 0xF0, 0xDF, 0x41, 0xA0, 0x5F, 0x6E, 0x5E, 0xE9, 0x2E, 0x21, 0xC8,
    0x1C, 0x34, 0xB4, 0xA9, 0x1B, 0x5E, 0x68, 0x09, 0x2B, 0xC2, 0x86, 0xB0, 0x06, 0xF0, 0x82, 0x29,
    0xC2, 0xC2, 0x27, 0x1D, 0x58, 0xFB, 0x31, 0x86, 0xA2, 0x53, 0xD1, 0xA7, 0x72, 0xC3, 0xF8, 0xBC,
    0x03, 0x4C, 0x6A, 0xD2, 0x9B, 0xDE, 0x82, 0x00, 0xE6, 0x46, 0x27, 0xFB, 0xA1, 0x40, 0xFE, 0x4B,
    0xA5, 0x4B, 0xA3, 0xFA, 0xF5, 0xF1, 0x5F, 0xE3, 0xFD, 0x37, 0x64, 0x26, 0xA3, 0x31, 0xC2, 0xDC,
    0xAB, 0x3E, 0x46, 0xD9, 0x14, 0xF7, 0xA4, 0xB8, 0x97, 0x75, 0x30, 0x60, 0xD0, 0xD8, 0x5D, 0xD9,
    0x38, 0x5D, 0x0D, 0x4D, 0xA1, 0xC1, 0x0E, 0x5F, 0xC3, 0x08, 0x59, 0x81, 0x22, 0x74, 0xBC, 0xF7,
    0x12, 0x19, 0x92, 0xDF, 0x78, 0x8D, 0x65, 0x7C, 0x94, 0x75, 0x71, 0x0F, 0xEF, 0xA5, 0x8C, 0x3C,
    0x11, 0xDE, 0xD5, 0x3A, 0xBD, 0xE6, 0x4C, 0x23, 0x8A, 0xE7, 0x03, 0x4B, 0x25, 0xFF, 0x21, 0x6E,
    0x5B, 0xAF, 0x0F, 0x2E, 0xA0, 0xE3, 0x2D, 0x7A, 0xD5, 0xE2, 0xF8, 0xB5, 0x38, 0x4B, 0x52, 0x16,
    0x9C, 0x8A, 0x6E, 0xA7, 0x56, 0xDD, 0xE3, 0xD2, 0x05, 0xF1, 0xA0, 0xC1, 0x0A, 0x9B, 0xB1, 0xC4,
    0xD9, 0xB1, 0x1B, 0x04, 0x94, 0xBF, 0x5B, 0xD3, 0xC0, 0xD4, 0x43, 0x07, 0x97, 0xB6, 0xD0, 0x1B,
    0x0C, 0xC8, 0xD7, 0xBD, 0xBF, 0x5B, 0x6B, 0xDC, 0xFA, 0xF7, 0x81, 0xC9, 0x0A, 0x0C, 0x16, 0x55,
    0x32, 0xFB, 0xCD, 0xC0, 0x37, 0xFC, 0x8D, 0x12, 0xD8, 0x66, 0x05, 0xF6, 0x53, 0x28, 0x2C, 0xB6,
    0xE8, 0x28, 0x30, 0xA8, 0x04, 0xE2, 0x01, 0xC2, 0xE7, 0x83, 0x51, 0x7C, 0xC5, 0x7D, 0x00, 0x20,
    0xA4, 0x18, 0x08, 0xB9, 0x93, 0xC2, 0x27, 0x26, 0x0F, 0xC3, 0xEA, 0x79, 0x0A, 0x83, 0xB4, 0x34,
    0x33, 0x38, 0xB8, 0x37, 0xA7, 0xC9, 0xB9, 0x31, 0xBD, 0x5E, 0xEC, 0xC1, 0x5E, 0xD0, 0xB6, 0x94,
    0x44, 0x6F, 0x1A, 0xFB, 0x66, 0xE6, 0x40, 0x24, 0xF7, 0x9F, 0xC1, 0x34, 0xC1, 0xA3, 0xA0, 0x75,
    0x0F, 0x08, 0x5A, 0x95, 0x6E, 0x63, 0x68, 0x1F, 0x05, 0x63, 0x24, 0x51, 0x6E, 0x65, 0xA3, 0x03,
    0x53, 0x5C, 0x6C, 0x31, 0x34, 0x13, 0x89, 0xAA, 0x73, 0x86, 0x87, 0x0C, 0x0B, 0x19, 0xF2, 0xFB,
    0xD0, 0x26, 0x23, 0x13, 0x5B, 0x4A, 0xA8, 0x0A, 0x93, 0xF9, 0xD3, 0x53, 0x40, 0x32, 0x41, 0x95,
    0xF9, 0x2C, 0xC4, 0x23, 0x49, 0x9F, 0xAE, 0x43, 0x1C, 0x59, 0x50, 0x60, 0x98, 0x1D, 0xD5, 0x23,
    0x6E, 0x8C, 0x22, 0x50, 0xD0, 0x13, 0x3F, 0x6B, 0x84, 0xF8, 0xF9, 0x86, 0xDA, 0x78, 0x63, 0xDE,
    0x06, 0x95, 0x6E, 0x8C, 0xD5, 0x10, 0x3F, 0xCF, 0xFE, 0x70, 0x72, 0x93, 0x81, 0xCC, 0xCD, 0x2F,
    0x43, 0x51, 0xFC, 0x7D, 0x0B, 0x2A, 0xAD, 0x70, 0xAF, 0x1A, 0x6B, 0x21, 0x7A, 0x80, 0x9A, 0x43,
    0x1D, 0xF1, 0xD0, 0xCF, 0x60, 0x8B, 0xFD, 0x16, 0x75, 0x19, 0x21, 0x07, 0x78, 0x25, 0xEC, 0x61,
    0xA7, 0xB4, 0xCB, 0x88, 0xD9, 0x14, 0x00, 0x97, 0x10, 0xE4, 0xB8, 0xA0, 0x33, 0x14, 0xD1, 0xD4,
    0x4A, 0xDE, 0xA3, 0x43, 0x43, 0xB4, 0x9B, 0x4B, 0x40, 0x62, 0xAA, 0x9D, 0x18, 0x7D, 0xE4, 0x97,
    0x65, 0x7A, 0x48, 0xE7, 0x20, 0xF0, 0x42, 0xC7, 0xFA, 0xD0, 0xE5, 0xC6, 0x4A, 0xF3, 0x97, 0x3D,
    0xA5, 0xE9, 0x4D, 0x9C, 0x52, 0x39, 0x70, 0x8B, 0xC1, 0x99, 0x42, 0xB7, 0x2B, 0x4C, 0xBF, 0xC1,
    0x4D, 0x76, 0x6F, 0x67, 0x09, 0x6F, 0xD1, 0x12, 0xBA, 0x22, 0x2D, 0xE2, 0x26, 0xED, 0x39, 0xF5,
    0x63, 0x8B, 0x21, 0x36, 0xB6, 0x10, 0xD1, 0x4A, 0x15, 0xCD, 0x74, 0xFC, 0xBB, 0x2B, 0x9D, 0xF7,
    0x65, 0x2C, 0x95, 0xB9, 0xC5, 0x73, 0x50, 0x97, 0xDF, 0x55, 0x61, 0xE9, 0x6F, 0x99, 0xC1, 0x41,
    0x2D, 0xB7, 0x33, 0x27, 0xAA, 0x15, 0x2E, 0xCC, 0x88, 0x6C, 0x3A, 0xE5, 0xDF, 0xD1, 0xCB, 0x21,
    0xB3, 0x61, 0xA0, 0x18, 0x3D, 0x1F, 0xD4, 0x83, 0xD2, 0xCC, 0xDC, 0x21, 0xE2, 0xE8, 0x8C, 0xB5,
    0x5C, 0x53, 0x97, 0xA7, 0x99, 0x35, 0x83, 0x8B, 0x1D, 0x2A, 0x2E, 0x68, 0x62, 0xF3, 0x84, 0xC0,
    0x21, 0x2B, 0xF0, 0x80, 0x26, 0x76, 0x24, 0x34, 0xB7, 0xA5, 0x29, 0xA5, 0x4D, 0x02, 0x8A, 0xA6,
    0x4E, 0x36, 0x0B, 0xCD, 0xA5, 0x71, 0x90, 0x61, 0x32, 0x43, 0x26, 0x62, 0x74, 0x59, 0xF7, 0x09,
    0x60, 0xAB, 0x82, 0xCF, 0x33, 0xF1, 0xCC, 0xAE, 0xE6, 0x4E, 0xAE, 0x0B, 0xFE, 0xAD, 0xDE, 0xF5,
    0xC1, 0x55, 0xDF, 0x37, 0x71, 0x3D, 0x9A, 0xB8, 0x96, 0xB4, 0x3B, 0x98, 0xB8, 0x1B, 0x09, 0x40,
    0x16, 0x3A, 0xD6, 0x9F, 0x48, 0xF4, 0x2E, 0x4C, 0x7B, 0x13, 0x37, 0x31, 0x26, 0xC6, 0x11, 0x13,
    0x97, 0xAA, 0x1A, 0xCA, 0x05, 0x0D, 0xB7, 0x6B, 0xCD, 0xED, 0xFA, 0xA7, 0xE8, 0xC6, 0x8A, 0x8B,
    0xBD, 0xDE, 0x59, 0x25, 0x6C, 0x57, 0xF0, 0xB8, 0x4A, 0x91, 0xC7, 0x61, 0x03, 0x02, 0xAC, 0x9A,
    0xC7, 0xBB, 0xE1, 0x9E, 0x15, 0x93, 0x65, 0x49, 0x58, 0x50, 0x1D, 0x8E, 0xC8, 0x0E, 0x42, 0x6A,
    0x92, 0x01, 0xE5, 0xB5, 0x2F, 0x66, 0x0C, 0xC7, 0xE1, 0x36, 0xBD, 0xC7, 0x96, 0x33, 0x94, 0xF3,
    0xC0, 0xE6, 0x0C, 0x9E, 0x67, 0x91, 0x24, 0x4C, 0x24, 0xA8, 0x0F, 0x56, 0x94, 0x44, 0x90, 0x19,
    0x61, 0x41, 0x55, 0x30, 0xAF, 0xE8, 0x96, 0x8C, 0xFA, 0x0C, 0x09, 0xAB, 0x66, 0x22, 0x1F, 0x63,
    0x18, 0xAA, 0xE5, 0x19, 0xA0, 0xAA, 0x29, 0x32, 0xB2, 0xD7, 0x5F, 0xD0, 0x81, 0x7B, 0xD9, 0xEB,
    0xCA, 0xA4, 0xC3, 0x48, 0x50, 0x7E, 0x88, 0xCA, 0xF7, 0x7F, 0x0C, 0xCE, 0x73, 0x38, 0x04, 0x9F,
    0x10, 0x10, 0x22, 0xC2, 0x8A, 0xD0, 0x12, 0x6A, 0x80, 0x0D, 0x45, 0x92, 0x51, 0x7A, 0xC5, 0x30,
    0xBD, 0x62, 0x9C, 0x5E, 0x35, 0x01, 0x5D, 0x75, 0x11, 0x61, 0x49, 0x38, 0x27, 0xD0, 0x65, 0xC7,
    0x68, 0xBD, 0x62, 0xB8, 0x9E, 0xE1, 0xB2, 0x01, 0xB0, 0x71, 0x63, 0x1A, 0x82, 0x64, 0x86, 0xDD,
    0x98, 0x82, 0xD9, 0x0C, 0x0A, 0xA4, 0x84, 0xEB, 0x24, 0xA7, 0xCC, 0x06, 0x43, 0x2E, 0xBC, 0x44,
    0x89, 0xE7, 0xC9, 0x48, 0x9C, 0xB0, 0xBE, 0xA0, 0xDF, 0xAD, 0x79, 0xF2, 0xD7, 0x9C, 0xBB, 0x35,
    0x3B, 0xBE, 0x56, 0x21, 0x61, 0x45, 0x40, 0x9F, 0xC1, 0xB9, 0xE8, 0xE8, 0xFD, 0x35, 0xC0, 0x7F,
    0x0C, 0x08, 0x58, 0x78, 0x41, 0x38, 0x07, 0x80, 0x7F, 0xE1, 0xD8, 0x95, 0x84, 0x8C, 0x90, 0x40,
    0x3B, 0x48, 0xE9, 0x88, 0x5F, 0x13, 0x06, 0x35, 0x70, 0x33, 0xF4, 0xCF, 0x1E, 0xFB, 0xA7, 0x32,
    0xF3, 0x65, 0x82, 0x3D, 0xC7, 0xE6, 0xDE, 0x55, 0x9B, 0x87, 0x5D, 0x54, 0x23, 0xAA, 0x37, 0xB1,
    0x5D, 0x5B, 0x29, 0x03, 0x8E, 0x41, 0x0E, 0x10, 0x23, 0xD5, 0x2D, 0x47, 0x28, 0x86, 0xDF, 0x78,
    0x95, 0xE5, 0x3A, 0x09, 0xCE, 0xA2, 0x56, 0x8B, 0xA9, 0x1F, 0xF3, 0x26, 0xF1, 0x75, 0x82, 0x9D,
    0xD6, 0x8A, 0x9D, 0xD6, 0x94, 0xB4, 0xE6, 0x4B, 0x6B, 0x23, 0xC8, 0x57, 0x9D, 0x99, 0x22, 0xC2,
    0x87, 0x98, 0xBA, 0x74, 0x65, 0xD0, 0xD9, 0x4E, 0x9A, 0xC8, 0x7B, 0xDC, 0x44, 0xCE, 0xEF, 0xEA,
    0xC8, 0x12, 0x57, 0x63, 0xDE, 0x97, 0x27, 0x43, 0x4F, 0x22, 0xE5, 0x65, 0x91, 0x6C, 0x4C, 0x2B,
    0x39, 0x14, 0x74, 0xBE, 0xBE, 0xCB, 0x27, 0x6B, 0x35, 0xB6, 0x99, 0xC6, 0x02, 0x6A, 0xD5, 0xD5,
    0x3A, 0xD7, 0x93, 0xC7, 0xFA, 0x8C, 0xF7, 0xBA, 0x05, 0xEE, 0x63, 0x9C, 0x31, 0xDB, 0x71, 0xF9,
    0x18, 0xA5, 0x68, 0xA4, 0x5B, 0x4F, 0x97, 0x52, 0x7E, 0x32, 0xA7, 0x9B, 0xD2, 0xA8, 0xAF, 0xDB,
    0xEF, 0x79, 0x5F, 0x9E, 0xA7, 0xDF, 0x60, 0xA4, 0xDB, 0x91, 0x0E, 0xE4, 0xD9, 0x72, 0xD3, 0x0D,
    0x74, 0x59, 0x3E, 0x2E, 0xA3, 0x07, 0x73, 0xB8, 0x3C, 0xF0, 0x95, 0x3E, 0x9D, 0xA4, 0x10, 0x0A,
    0xC7, 0x01, 0x95, 0x13, 0x9B, 0x41, 0x19, 0xB0, 0x6B, 0x3D, 0xF7, 0x48, 0x4A, 0x7A, 0xC6, 0x3E,
    0xCC, 0x82, 0x61, 0x83, 0x32, 0x45, 0xE6, 0xC9, 0x28, 0xBB, 0x4F, 0xEE, 0xED, 0x53, 0xE0, 0xFB,
    0x26, 0xCD, 0x36, 0x1B, 0xE9, 0xB0, 0x0D, 0x9F, 0x49, 0xDC, 0x23, 0x3E, 0x19, 0x76, 0x1F, 0x77,
    0xDD, 0x5A, 0x33, 0x09, 0x68, 0xA2, 0xF5, 0xDC, 0x26, 0x57, 0x8E, 0x18, 0x91, 0xE0, 0x47, 0xB8,
    0xDF, 0x2E, 0xFD, 0x3C, 0x02, 0x64, 0xE1, 0x07, 0x65, 0x10, 0xFB, 0x9F, 0x61, 0xBF, 0x03, 0x96,
    0xCA, 0xFD, 0x4D, 0x79, 0xAE, 0x9C, 0x2F, 0x4B, 0xA8, 0x91, 0x5F, 0x7E, 0x01, 0x49, 0xF0, 0xCD,
    0xEF, 0x68, 0xA0, 0x3E, 0xCB, 0x8C, 0x8D, 0x82, 0x93, 0x25, 0x91, 0x00, 0xF0, 0xE5, 0xFF, 0xF8,
    0x1A, 0x57, 0xBF, 0xFC, 0xB2, 0x66, 0x61, 0x88, 0xB5, 0xDF, 0x94, 0x1B, 0xE5, 0x7D, 0x86, 0xDD,
    0xCC, 0xAA, 0xE2, 0xE0, 0x83, 0x32, 0x4C, 0xA4, 0x7A, 0x42, 0xBD, 0xB2, 0x4B, 0x0F, 0x3A, 0x58,
    0x29, 0xC9, 0x19, 0xD6, 0x71, 0x08, 0xFF, 0xAA, 0xF6, 0xB3, 0xE0, 0x71, 0x1D, 0xC6, 0xFE, 0x63,
    0x68, 0xE4, 0xEE, 0x7F, 0x43, 0x28, 0x38, 0x5F, 0xD4, 0xB5, 0xB2, 0x9E, 0x7E, 0xC3, 0x0C, 0xB5,
    0x67, 0x79, 0xDF, 0x83, 0x90, 0x8A, 0x63, 0xC0, 0x4F, 0xCB, 0x67, 0xB8, 0xF0, 0xFB, 0xA7, 0xD0,
    0xB8, 0xBE, 0x00, 0x73, 0x87, 0x8A, 0xA7, 0x99, 0xEE, 0x10, 0xC6, 0xAC, 0xAA, 0x8C, 0x2C, 0xC0,
    0x06, 0xD2, 0xEC, 0x78, 0x56, 0xC5, 0xAB, 0xCC, 0x5F, 0x6B, 0x67, 0xF9, 0x6B, 0xCA, 0xA5, 0xEE,
    0xEC, 0xE5, 0x83, 0xCE, 0x27, 0x8A, 0x6C, 0xCA, 0x3E, 0xE9, 0x9C, 0x86, 0xE3, 0xCB, 0xC7, 0x4F,
    0x4E, 0x68, 0x34, 0x06, 0x7D, 0x3C, 0x94, 0x0D, 0xB9, 0x4C, 0x31, 0xCF, 0xC4, 0x80, 0x64, 0xA6,
    0x19, 0x33, 0xC1, 0x98, 0x12, 0xC6, 0x34, 0x33, 0x66, 0x99, 0x31, 0xC9, 0x8C, 0x69, 0x63, 0x1B,
    0x66, 0x89, 0x31, 0x5D, 0x4C, 0xC7, 0x2A, 0xC5, 0xD0, 0x84, 0x78, 0x4F, 0x84, 0xDF, 0x60, 0xE6,
    0x4A, 0x19, 0x8B, 0x89, 0x6A, 0x29, 0xD4, 0xA1, 0x28, 0xC3, 0xFD, 0x05, 0xF4, 0x5F, 0xD4, 0xE3,
    0x74, 0x1B, 0xB4, 0xB0, 0x31, 0x52, 0xF1, 0x60, 0xD2, 0x8E, 0xD9, 0xAA, 0x4C, 0xAE, 0x08, 0xB1,
    0xAD, 0x71, 0x62, 0xA8, 0xDC, 0xA3, 0x4E, 0xDA, 0x05, 0xD4, 0x73, 0x85, 0x28, 0x0F, 0x42, 0xFC,
    0x06, 0x51, 0xAE, 0x25, 0xA6, 0xAC, 0x51, 0x36, 0x00, 0xB3, 0x74, 0xB7, 0xB8, 0x1F, 0xA4, 0x0E,
    0xFA, 0x2E, 0xA9, 0x13, 0x91, 0x63, 0x6B, 0x6A, 0x47, 0xA2, 0x3B, 0xB5, 0x34, 0x7C, 0xA0, 0x03,
    0x04, 0x98, 0xB8, 0x28, 0xC0, 0xB0, 0xA2, 0x00, 0xFA, 0x67, 0x14, 0x40, 0x71, 0x8A, 0xA8, 0xBE,
    0x30, 0x9A, 0x0A, 0x68, 0x06, 0x8B, 0x3E, 0xD0, 0xBC, 0x00, 0x8D, 0x2A, 0x0A, 0xA0, 0xCE, 0x47,
    0x81, 0xCB, 0xDB, 0x1C, 0x66, 0xD4, 0x58, 0xAC, 0x8A, 0x41, 0x12, 0xD5, 0x6B, 0x83, 0x6C, 0x28,
    0xA4, 0x2D, 0xCF, 0x5C, 0x58, 0x51, 0x3C, 0x24, 0xC4, 0x87, 0xDB, 0x9A, 0x07, 0xCC, 0xC2, 0x79,
    0x40, 0x71, 0x70, 0xCA, 0x10, 0x60, 0x54, 0x8E, 0x8A, 0x29, 0x33, 0x80, 0x17, 0xCC, 0xCE, 0x78,
    0x90, 0x12, 0x98, 0xBB, 0xFE, 0x20, 0x10, 0x9D, 0x54, 0x94, 0x64, 0x89, 0x11, 0x4A, 0xC8, 0x50,
    0x22, 0x88, 0x1D, 0x59, 0x9E, 0x4F, 0x39, 0x1A, 0x52, 0xF8, 0x69, 0x4E, 0xCC, 0x16, 0xF0, 0x13,
    0x34, 0x58, 0xA3, 0x35, 0xBB, 0x46, 0x6B, 0x76, 0x1D, 0x52, 0x92, 0xA3, 0x35, 0xFB, 0x29, 0x6A,
    0xB6, 0x9F, 0x91, 0x53, 0x92, 0x93, 0x48, 0xD0, 0xD6, 0x7E, 0x4A, 0x3B, 0xBB, 0xD6, 0x2C, 0x12,
    0xB0, 0xB0, 0xC7, 0xDB, 0x1C, 0x56, 0xA0, 0x84, 0xDB, 0x6A, 0xCA, 0xD6, 0x68, 0x92, 0xE4, 0x94,
    0xDF, 0x4E, 0x35, 0x08, 0x62, 0xAC, 0x51, 0x97, 0xA4, 0x43, 0x93, 0x6E, 0x35, 0xB4, 0x96, 0xD2,
    0xDA, 0x6C, 0xC6, 0x86, 0xD8, 0xE4, 0x33, 0x3E, 0xB0, 0x00, 0x13, 0x8A, 0x45, 0xF2, 0xDD, 0x86,
    0x64, 0x1C, 0x51, 0x32, 0x8C, 0xC3, 0x2F, 0x35, 0x7D, 0xE2, 0x80, 0x90, 0xF9, 0x15, 0x11, 0xF5,
    0x74, 0x66, 0xF4, 0x30, 0x5F, 0x87, 0xAE, 0x3A, 0xD5, 0xD2, 0x11, 0xD6, 0x52, 0x81, 0x6A, 0x69,
    0x2D, 0xB6, 0x3C, 0x58, 0xE2, 0x60, 0xEC, 0x9A, 0xE1, 0x53, 0xCB, 0xBC, 0x25, 0xFA, 0xFB, 0xC4,
    0xB1, 0xA7, 0x44, 0xBE, 0xB4, 0x26, 0xF4, 0xAA, 0x95, 0x71, 0x96, 0xB7, 0x7D, 0x3A, 0x9C, 0xB8,
    0x61, 0x4B, 0x26, 0xFA, 0x54, 0x9A, 0xAA, 0x35, 0x00, 0x8A, 0x34, 0x33, 0x7F, 0xA0, 0x04, 0x72,
    0x41, 0xE8, 0xB8, 0x69, 0xA6, 0x86, 0x9A, 0x01, 0xB6, 0xDC, 0xC4, 0x0D, 0x13, 0x2A, 0x9B, 0x40,
    0x94, 0x61, 0x3E, 0xA1, 0x60, 0xB2, 0x86, 0x98, 0xAF, 0xD9, 0x3F, 0x79, 0x60, 0x56, 0xEF, 0x85,
    0x92, 0x7E, 0xDA, 0x39, 0x5C, 0xFF, 0xDE, 0x34, 0x9B, 0xE0, 0x8A, 0xEC, 0x95, 0xCB, 0x03, 0x01,
    0x13, 0x1D, 0x2E, 0xB3, 0x1D, 0xE8, 0xD0, 0x61, 0xC3, 0x61, 0xA4, 0xFB, 0x63, 0x06, 0x14, 0x9D,
    0x97, 0xC2, 0xBE, 0x9C, 0x75, 0x5F, 0x0C, 0x02, 0x9A, 0x40, 0x33, 0xC8, 0xD4, 0x3E, 0xEC, 0x1A,
    0x89, 0x07, 0x8B, 0x1C, 0x00, 0x63, 0x0E, 0x1A, 0x82, 0x51, 0x70, 0x84, 0xBA, 0x18, 0x54, 0x80,
    0xAA, 0xC6, 0xFF, 0x89, 0x49, 0xF2, 0xF5, 0x93, 0x35, 0x68, 0x09, 0x5A, 0xF5, 0xB4, 0xE8, 0x69,
    0xF8, 0xCE, 0x6B, 0xEB, 0x49, 0x35, 0x22, 0x1B, 0x27, 0x57, 0x00, 0x3F, 0x55, 0x8B, 0x2B, 0xDA,
    0x85, 0x0E, 0x06, 0xC5, 0x00, 0x54, 0xF7, 0xED, 0xB5, 0xB3, 0xB6, 0xE6, 0xED, 0x2C, 0xD5, 0x8E,
    0xB4, 0x8F, 0x2A, 0x63, 0x3D, 0x2D, 0x98, 0xE9, 0x52, 0x18, 0x2E, 0x67, 0x91, 0x03, 0x39, 0xDB,
    0xF8, 0x63, 0xF3, 0x68, 0x58, 0x30, 0x86, 0x10, 0xB5, 0x3A, 0x29, 0x98, 0x33, 0xD8, 0xA2, 0x06,
    0x30, 0xC2, 0xD6, 0x86, 0xC9, 0xD8, 0xD2, 0x68, 0x69, 0x1C, 0x48, 0xF0, 0x56, 0x80, 0xB1, 0xDE,
    0x35, 0x61, 0xE5, 0x96, 0x41, 0x16, 0x39, 0x94, 0xEF, 0x3F, 0xA5, 0xA4, 0xFF, 0x05, 0xD3, 0xF8,
    0xBE, 0xFE, 0xAA, 0x35, 0xEE, 0xE9, 0x5E, 0x28, 0xCD, 0x92, 0x76, 0x24, 0x86, 0x22, 0x5E, 0x0D,
    0xC9, 0xCA, 0x13, 0xAB, 0xE4, 0xFE, 0xE8, 0xD5, 0x66, 0xB2, 0xDE, 0xD6, 0xA8, 0x3C, 0xE6, 0xA9,
    0x35, 0xD4, 0x48, 0x7F, 0x15, 0x84, 0xCE, 0x0A, 0xFD, 0x65, 0xF6, 0x4C, 0x94, 0xAC, 0xD8, 0x03,
    0x4D, 0x88, 0x9C, 0x02, 0xF0, 0x61, 0x19, 0x24, 0xE1, 0x2F, 0xD0, 0xB8, 0xFF, 0xEC, 0x8B, 0x8E,
    0x76, 0xAF, 0x8C, 0xAD, 0x64, 0x58, 0x2E, 0xDE, 0x69, 0xD7, 0xDF, 0x6B, 0x37, 0xB8, 0xB3, 0x94,
    0x51, 0xA5, 0x4E, 0x47, 0x4B, 0x51, 0xC2, 0x4A, 0xF2, 0x6C, 0x27, 0x15, 0x09, 0x39, 0x5F, 0xB7,
    0x14, 0xE6, 0x65, 0xBB, 0xD5, 0xE8, 0x1E, 0xD1, 0xC3, 0x8D, 0xC6, 0x6A, 0xAF, 0xD5, 0xAB, 0x4C,
    0x64, 0xDD, 0xEE, 0xC0, 0xEC, 0xD1, 0xC5, 0x8B, 0xF0, 0x72, 0xA1, 0xE9, 0x7A, 0x22, 0xEB, 0x22,
    0xC9, 0x63, 0x34, 0x92, 0xDF, 0x89, 0x79, 0x63, 0x70, 0x97, 0x6E, 0x09, 0x28, 0x06, 0x89, 0x53,
    0x19, 0x65, 0x61, 0xB3, 0x93, 0x5C, 0xCA, 0x67, 0x78, 0xC2, 0x5F, 0x32, 0x0D, 0xE6, 0xF3, 0x8C,
    0xEE, 0xE9, 0x9D, 0xE4, 0xD2, 0x6B, 0x38, 0xAC, 0x46, 0x98, 0xE5, 0x6B, 0xCB, 0xF3, 0x25, 0x09,
    0x06, 0x3A, 0x08, 0xA8, 0x66, 0xB0, 0xA0, 0xD1, 0x07, 0x89, 0xFA, 0xDA, 0x0D, 0x37, 0x13, 0xE3,
    0x55, 0x50, 0xC4, 0xE8, 0x01, 0x94, 0x27, 0x33, 0xD9, 0x2E, 0x53, 0xA2, 0x4C, 0xB0, 0x58, 0x32,
    0xB0, 0xAE, 0x97, 0x32, 0x6C, 0xC6, 0x3B, 0xE4, 0xD1, 0x06, 0x26, 0x8F, 0xD6, 0xA1, 0x6B, 0x55,
    0x1C, 0x0F, 0x66, 0xBC, 0x9A, 0x5A, 0xA8, 0x8C, 0x37, 0xF8, 0x25, 0x87, 0xFA, 0x79, 0xD2, 0x0F,
    0x95, 0x29, 0xB4, 0x12, 0xF9, 0x9E, 0xE0, 0xC6, 0xC6, 0x5B, 0x0E, 0x71, 0xF1, 0xD1, 0xD3, 0xB4,
    0x11, 0x27, 0x53, 0x34, 0x44, 0xC3, 0x7D, 0x09, 0x55, 0x81, 0xAF, 0xF4, 0xF0, 0xFB, 0xBF, 0xBD,
    0x62, 0xBC, 0xBB, 0xD9, 0xC2, 0xCC, 0xEE, 0xDD, 0x70, 0x94, 0xA8, 0x66, 0x2B, 0x6C, 0x97, 0xEA,
    0x42, 0xF8, 0xB3, 0x7C, 0x5C, 0xD0, 0x9D, 0x5D, 0x29, 0x9C, 0x42, 0x4C, 0xB0, 0x80, 0xCF, 0x72,
    0x45, 0x3F, 0xA0, 0xB2, 0xCF, 0xDB, 0xC0, 0x11, 0xB9, 0x37, 0xA8, 0x44, 0xA0, 0x3E, 0x11, 0x43,
    0x7C, 0xD4, 0x81, 0x73, 0x1A, 0x94, 0x98, 0x5D, 0xFF, 0x8A, 0x75, 0x18, 0x92, 0x01, 0xA8, 0x2B,
    0x30, 0x19, 0xA0, 0xC6, 0x96, 0xB3, 0x44, 0x7F, 0xD9, 0x4F, 0x06, 0xA8, 0x07, 0x7F, 0x9A, 0x2C,
    0x77, 0x0A, 0xBD, 0xC4, 0x6A, 0xD0, 0x94, 0x53, 0x79, 0x4C, 0x06, 0x70, 0xE8, 0x94, 0xB4, 0x3A,
    0x66, 0xFA, 0xA4, 0xC9, 0x66, 0x60, 0xAE, 0x87, 0x83, 0xD6, 0x5D, 0xC5, 0x78, 0xF0, 0x00, 0xF2,
    0xFC, 0xD2, 0xED, 0x00, 0x9F, 0x7D, 0x9A, 0xC1, 0x55, 0xBB, 0x92, 0xCC, 0xA9, 0x8A, 0x66, 0x60,
    0x52, 0xD6, 0x5F, 0x10, 0xF8, 0x60, 0xD9, 0x0C, 0xFA, 0xB8, 0xC4, 0x05, 0x90, 0x87, 0x9A, 0xAE,
    0xA0, 0x21, 0x09, 0x92, 0x11, 0x93, 0x28, 0x77, 0xAB, 0x70, 0x4C, 0x84, 0x7C, 0x66, 0x12, 0x27,
    0x2F, 0x52, 0x37, 0x8B, 0x64, 0x1D, 0xB4, 0x77, 0xCC, 0x33, 0x73, 0x17, 0x89, 0xF9, 0x73, 0x5B,
    0x6E, 0x8C, 0xC4, 0x95, 0x20, 0x1F, 0xDA, 0x29, 0xED, 0xEE, 0xB7, 0xFB, 0xEE, 0x89, 0xED, 0x44,
    0x87, 0x72, 0x35, 0xAE, 0x91, 0x0A, 0xEE, 0x65, 0xCD, 0x06, 0xA4, 0x41, 0xD1, 0x7F, 0x3E, 0x1E,
    0x53, 0xC1, 0x2D, 0xA6, 0x82, 0xD3, 0xFD, 0x39, 0xA7, 0x3D, 0x1F, 0xCE, 0xD1, 0x5C, 0x10, 0xFF,
    0xA7, 0xD5, 0x06, 0xA4, 0x7F, 0xF6, 0x0F, 0xBB, 0xB9, 0x20, 0xF8, 0x6D, 0xA4, 0x59, 0x2E, 0xC8,
    0xB5, 0x93, 0x8A, 0xD3, 0xED, 0x14, 0x77, 0xA0, 0x69, 0xE2, 0x8A, 0x5E, 0xBC, 0xDD, 0xF3, 0xAD,
    0x5C, 0x1B, 0xC2, 0x63, 0x29, 0x10, 0xA3, 0x1B, 0xA5, 0x9A, 0x1C, 0x79, 0x71, 0x58, 0x18, 0xBB,
    0xD4, 0x29, 0xA7, 0xA8, 0x89, 0x7D, 0x2D, 0xEA, 0x53, 0x78, 0x24, 0xA0, 0x45, 0xE6, 0x68, 0x37,
    0x21, 0x25, 0xA9, 0xCF, 0x47, 0x34, 0xDC, 0xFC, 0x14, 0xA7, 0xB6, 0x58, 0xF2, 0x11, 0x8D, 0x95,
    0x9F, 0x39, 0x65, 0xF4, 0x11, 0x20, 0xE4, 0x41, 0xE1, 0xE3, 0x9E, 0xA5, 0x95, 0x4A, 0xB4, 0x61,
    0x4F, 0x73, 0xA7, 0x1E, 0xE4, 0x15, 0x43, 0x20, 0x48, 0x9E, 0x51, 0xB6, 0xB7, 0x56, 0xD2, 0x2B,
    0x57, 0xE2, 0x7D, 0x71, 0xE9, 0x42, 0xA0, 0x5D, 0x22, 0xC6, 0x0A, 0x84, 0xBE, 0x3A, 0x75, 0xAB,
    0x28, 0x5E, 0xFA, 0x85, 0x49, 0x59, 0xCE, 0xA2, 0x1F, 0x02, 0xD8, 0x50, 0xC6, 0x86, 0x72, 0x36,
    0x94, 0xF7, 0x8A, 0xCA, 0xD4, 0x86, 0xC4, 0xAC, 0xEB, 0x7B, 0xA6, 0x82, 0xFE, 0x19, 0x32, 0x09,
    0x48, 0xDC, 0xC1, 0x88, 0x44, 0xB8, 0xEE, 0xC7, 0x34, 0x77, 0xE1, 0xC5, 0xC6, 0x1B, 0x8C, 0x3D,
    0xF0, 0xC7, 0xF1, 0x3A, 0x53, 0x0C, 0x58, 0x44, 0xEA, 0x11, 0x6E, 0x75, 0xDB, 0x6F, 0x14, 0xB8,
    0xE4, 0x49, 0xEB, 0xBB, 0x79, 0x9A, 0xF3, 0x68, 0x87, 0xE4, 0xEF, 0xF6, 0xF2, 0x85, 0xE9, 0x11,
    0x4D, 0xFA, 0xC7, 0x03, 0x1C, 0x89, 0x1F, 0x53, 0x3D, 0xC1, 0x7A, 0x6B, 0x13, 0xE5, 0xA2, 0x4A,
    0xCB, 0xE0, 0x92, 0xE6, 0xC6, 0xD4, 0x34, 0x14, 0x34, 0x5D, 0x00, 0xBA, 0xAB, 0x77, 0xDC, 0xB1,
    0xEA, 0x4C, 0xDC, 0xB1, 0x33, 0x96, 0x11, 0x1F, 0x71, 0xC7, 0x0E, 0x4F, 0xE4, 0xCD, 0x3C, 0xB1,
    0x74, 0xFC, 0x39, 0x74, 0xE8, 0x39, 0x9C, 0x44, 0x67, 0x6B, 0x62, 0xD9, 0x93, 0xB7, 0x0A, 0x7D,
    0x83, 0xEC, 0xD6, 0x50, 0x2E, 0xD8, 0xB6, 0x36, 0x0F, 0x30, 0xC4, 0x92, 0x4C, 0xA5, 0xCE, 0xF6,
    0xC3, 0x00, 0xCD, 0x94, 0xF1, 0x69, 0x3C, 0x73, 0xE6, 0xC5, 0x19, 0x41, 0x49, 0x6B, 0x59, 0x9E,
    0x48, 0x72, 0xC5, 0xE7, 0x8B, 0xAE, 0xCF, 0x40, 0x1E, 0x3F, 0x3A, 0x06, 0x41, 0x32, 0x40, 0x28,
    0x10, 0x07, 0xCC, 0xBE, 0x24, 0xA8, 0x01, 0x36, 0x46, 0xC7, 0x0A, 0x18, 0x0B, 0x0A, 0x32, 0x87,
    0xA9, 0x83, 0x01, 0x1F, 0x0D, 0xD3, 0x38, 0x0A, 0x95, 0x4E, 0xD0, 0xFC, 0x7B, 0x26, 0xC5, 0x64,
    0x16, 0xBE, 0x17, 0x7D, 0x21, 0x1A, 0x7D, 0x9E, 0xEF, 0x5E, 0xD5, 0xAB, 0x20, 0x3B, 0xD2, 0x8D,
    0x3E, 0xCA, 0x19, 0x64, 0x7C, 0x94, 0x33, 0x0B, 0xD8, 0xB8, 0x2E, 0xD9, 0x2E, 0x95, 0xA4, 0xF7,
    0xFB, 0x76, 0xE5, 0x64, 0x79, 0x63, 0xE3, 0xE1, 0xD8, 0xF8, 0x1F, 0xAB, 0x3B, 0x7B, 0x2A, 0x73,
    0x6E, 0x5C, 0xA5, 0x83, 0xE6, 0x19, 0x4A, 0x46, 0x66, 0xA1, 0x6E, 0x2C, 0x97, 0xD9, 0x50, 0x29,
    0x5C, 0x97, 0x8E, 0x33, 0x07, 0x53, 0x6B, 0x76, 0xAA, 0x7E, 0x4E, 0x18, 0xB2, 0xBD, 0x7A, 0x78,
    0x8E, 0x7B, 0x19, 0x97, 0xA5, 0x33, 0x95, 0xF1, 0xEF, 0xF9, 0xCA, 0x8F, 0x01, 0x4C, 0xE1, 0xCC,
    0xEA, 0x9F, 0x8D, 0x69, 0x70, 0x05, 0xD0, 0x3A, 0x9B, 0xC1, 0x25, 0x85, 0xB9, 0x34, 0xE2, 0xC8,
    0xBD, 0x32, 0x26, 0x79, 0x3B, 0x8F, 0xB7, 0x79, 0x73, 0xCA, 0x0F, 0xD1, 0xCB, 0xE5, 0xBD, 0x06,
    0x73, 0x4A, 0xF6, 0x09, 0x42, 0xB2, 0xE2, 0x33, 0x9A, 0x15, 0xF8, 0x19, 0x0E, 0x7D, 0x50, 0x42,
    0xC9, 0x0F, 0x4B, 0xA8, 0xFB, 0xF7, 0x2B, 0xFF, 0x5C, 0xDD, 0xFF, 0xF4, 0xED, 0x87, 0x6A, 0xF1,
    0xF0, 0xFB, 0x80, 0x07, 0x0F, 0x00, 0xA7, 0x84, 0xB7, 0x7F, 0x0C, 0xF0, 0xAB, 0xA5, 0x3A, 0xF5,
    0xCB, 0xA5, 0x5A, 0x7A, 0x04, 0x3E, 0xBC, 0xB6, 0xE4, 0x52, 0x0D, 0xB0, 0xA0, 0xED, 0x36, 0x81,
    0x3C, 0xEE, 0x19, 0xE5, 0x04, 0x3E, 0x22, 0x1C, 0x5D, 0xB1, 0xC2, 0x61, 0x6C, 0xD1, 0xF3, 0x4B,
    0xEF, 0xB6, 0x40, 0x8E, 0xC9, 0x89, 0xD8, 0xAB, 0x45, 0x89, 0x5E, 0x2D, 0xAB, 0x60, 0xAD, 0x96,
    0xE7, 0x0B, 0x34, 0xF9, 0xF0, 0x74, 0xA9, 0xCE, 0x4F, 0x1F, 0x02, 0x16, 0xF5, 0x4A, 0x9D, 0x07,
    0x15, 0xC0, 0xA7, 0xC8, 0xF0, 0x0B, 0x79, 0xEE, 0x45, 0x13, 0xA2, 0x9C, 0x90, 0x35, 0x7D, 0xBB,
    0x7B, 0x67, 0x7B, 0x5C, 0x6B, 0xF5, 0x17, 0x77, 0x27, 0x52, 0xEF, 0xEA, 0x75, 0x1D, 0x87, 0x5E,
    0x24, 0x60, 0x12, 0x0E, 0x6F, 0xE8, 0x19, 0xAD, 0x53, 0x5B, 0xCC, 0xD4, 0xBA, 0x07, 0xF9, 0x3A,
    0xFD, 0xDD, 0xD1, 0xA8, 0x9D, 0x3C, 0x64, 0xFE, 0x62, 0x42, 0xE2, 0xE7, 0xF9, 0xDF, 0x8D, 0x8D,
    0xDC, 0xE9, 0xF3, 0x75, 0x32, 0xBA, 0x07, 0xD0, 0x1D, 0x32, 0xEF, 0x80, 0xF2, 0x3C, 0xE4, 0xC6,
    0x58, 0x10, 0x96, 0x84, 0x73, 0x79, 0xB7, 0x97, 0xC9, 0xF0, 0xEB, 0xE4, 0xCD, 0x49, 0x8C, 0xEF,
    0x03, 0xA0, 0x81, 0x28, 0x37, 0x8F, 0xC4, 0xC7, 0x20, 0x72, 0xAF, 0x77, 0x0D, 0x86, 0x7D, 0x82,
    0x4D, 0x0F, 0x7C, 0x55, 0x12, 0x0E, 0x16, 0xA0, 0x21, 0x78, 0x0C, 0x85, 0x84, 0xDD, 0x47, 0x2D,
    0x0B, 0x77, 0xEA, 0x0D, 0xBF, 0x85, 0x15, 0xEC, 0xD4, 0x3E, 0x13, 0x3D, 0x98, 0xB8, 0x5F, 0x7A,
    0x92, 0x93, 0x90, 0xF1, 0x6A, 0xC6, 0x17, 0xC9, 0x64, 0x29, 0x07, 0x78, 0xCE, 0x85, 0x69, 0x38,
    0xCD, 0xBD, 0x83, 0xA9, 0xB3, 0xCD, 0x6B, 0x66, 0x82, 0xEE, 0xF3, 0x2E, 0xB1, 0xB7, 0x58, 0x29,
    0x37, 0x79, 0x1B, 0xC2, 0x11, 0xE2, 0x82, 0x51, 0x0E, 0x5D, 0xBC, 0x92, 0xB7, 0xAF, 0x59, 0xFF,
    0xE6, 0x3C, 0x1A, 0x9E, 0x4C, 0xA0, 0xEB, 0x43, 0xF4, 0xFF, 0x57, 0x91, 0xFA, 0x7C, 0xF6, 0x54,
    0xF4, 0xF0, 0xDC, 0xD4, 0x6C, 0x3F, 0x32, 0x39, 0x76, 0xE9, 0xE4, 0x34, 0x3E, 0x60, 0x39, 0x88,
    0xB5, 0xDC, 0xCD, 0xA1, 0xCF, 0x08, 0xE2, 0xE3, 0x96, 0x26, 0xAF, 0x48, 0x32, 0x8C, 0xC2, 0x04,
    0x6A, 0x5A, 0x0A, 0x0B, 0xD2, 0xDE, 0x9A, 0xCC, 0x13, 0x95, 0x8A, 0x8D, 0xC1, 0x07, 0xD7, 0x53,
    0xA3, 0x78, 0x25, 0x84, 0x52, 0xBD, 0x16, 0x9F, 0x34, 0xA3, 0x43, 0x2F, 0x9D, 0xF5, 0x7D, 0x1A,
    0x91, 0x79, 0x21, 0x50, 0xBF, 0x17, 0x86, 0x87, 0x3A, 0x98, 0xA8, 0xE5, 0xB1, 0x02, 0x5B, 0x32,
    0xAE, 0x42, 0xCE, 0xDA, 0xA7, 0x92, 0xCC, 0x4D, 0x2B, 0x43, 0xE0, 0xD3, 0xDD, 0x64, 0xEE, 0xBB,
    0x1A, 0x6F, 0xC5, 0x0C, 0xA4, 0x06, 0x3A, 0xB3, 0x80, 0x7C, 0xDD, 0xFB, 0xBB, 0xC5, 0x29, 0xB9,
    0x94, 0x39, 0xDD, 0x99, 0x95, 0x73, 0x39, 0xCB, 0xBC, 0x5D, 0x53, 0xE7, 0xF2, 0xF5, 0xB8, 0xAB,
    0xD7, 0xE9, 0x1C, 0x7B, 0xF7, 0xE3, 0xC0, 0xAF, 0x6F, 0xE2, 0x61, 0x4E, 0x23, 0x36, 0x46, 0xE8,
    0x3B, 0x69, 0x8D, 0xDE, 0x6C, 0x3F, 0x1F, 0xBA, 0x2C, 0x32, 0xAB, 0x56, 0xE6, 0x15, 0x84, 0x80,
    0xBA, 0xE7, 0xD0, 0xE8, 0xCA, 0x14, 0xF2, 0x18, 0x4F, 0x8A, 0x31, 0x27, 0xF2, 0x37, 0x79, 0x21,
    0x7C, 0x44, 0xF7, 0x28, 0x83, 0x28, 0x81, 0x79, 0x9A, 0x1E, 0x63, 0x43, 0xDF, 0xEB, 0x9E, 0x2A,
    0x53, 0x5A, 0xDE, 0xF7, 0x18, 0xCB, 0x3C, 0xB2, 0x19, 0xFA, 0x41, 0x58, 0x67, 0x54, 0x9B, 0x94,
    0x5B, 0x59, 0xCE, 0xB3, 0xBA, 0x7F, 0x02, 0xBD, 0x9D, 0x11, 0xCD, 0x38, 0x8C, 0x6B, 0x7A, 0x55,
    0xC9, 0x6B, 0xDD, 0x13, 0x0A, 0x46, 0x66, 0xF8, 0xC7, 0xFB, 0xD9, 0x88, 0xB7, 0xF9, 0xAA, 0xA0,
    0x43, 0x6D, 0xDE, 0x64, 0x02, 0xF4, 0x31, 0xF9, 0x7D, 0xDB, 0xE3, 0xBA, 0x4C, 0x6F, 0xB8, 0xB1,
    0xE4, 0xEE, 0xCA, 0xCB, 0x4C, 0x8C, 0xC5, 0x04, 0x5A, 0xF8, 0x75, 0x2E, 0xF1, 0xEE, 0xE6, 0x25,
    0x3D, 0x57, 0xF4, 0x6A, 0xB7, 0x6B, 0x37, 0xFD, 0x3C, 0xEC, 0xF1, 0xF4, 0xE7, 0x78, 0x48, 0x7F,
    0x96, 0x8C, 0xE6, 0xE9, 0x1D, 0x4A, 0x5D, 0xFF, 0x0A, 0xBA, 0x1E, 0x8E, 0x0D, 0x3A, 0x96, 0x3C,
    0xE6, 0xEB, 0xA7, 0x3F, 0xCF, 0x46, 0xA4, 0xE7, 0x23, 0xDA, 0xB5, 0xF4, 0x27, 0xED, 0x2C, 0x94,
    0xDC, 0xFB, 0x43, 0x23, 0x7A, 0x91, 0x45, 0xBE, 0xFD, 0xF1, 0xBE, 0xDC, 0x22, 0xBF, 0xDC, 0x94,
    0xD8, 0x85, 0x4F, 0x3D, 0x15, 0x16, 0x9A, 0x80, 0x7C, 0x9D, 0x19, 0x0A, 0x77, 0xF4, 0x0E, 0x0E,
    0x2F, 0x39, 0x55, 0x7E, 0xD1, 0x09, 0xF1, 0xF3, 0xCE, 0x54, 0xDC, 0xD0, 0xD3, 0x87, 0xF2, 0x00,
    0x90, 0x01, 0xB5, 0xF7, 0xB4, 0xCA, 0x1D, 0xBD, 0x51, 0x29, 0xED, 0xCA, 0x1E, 0x0E, 0xFC, 0xDD,
    0xD9, 0x33, 0xD5, 0xF7, 0x99, 0x2D, 0xA0, 0x3F, 0x6C, 0x7A, 0xB8, 0xAF, 0xAA, 0x6F, 0xC3, 0x5C,
    0x2D, 0x6D, 0x66, 0xCF, 0x71, 0xE5, 0x05, 0xE4, 0xEB, 0xB7, 0x64, 0xC2, 0xD4, 0x8F, 0xF8, 0x50,
    0x52, 0x1D, 0xD0, 0x8D, 0x45, 0xD5, 0xBC, 0x58, 0x73, 0xBC, 0xB8, 0x25, 0x74, 0xD0, 0xC9, 0x3F,
    0xB2, 0x92, 0x3B, 0x9E, 0x3A, 0x95, 0xBC, 0xC1, 0xB7, 0x68, 0x9D, 0x72, 0x08, 0xEB, 0xBE, 0xBE,
    0x90, 0xC3, 0x5F, 0x92, 0xF1, 0xBC, 0x6B, 0x7F, 0x1B, 0x26, 0xF1, 0xB8, 0xAA, 0x71, 0xBB, 0xAF,
    0xBA, 0xBA, 0x4C, 0xD5, 0xB8, 0xA9, 0xE7, 0xE0, 0x6F, 0x3F, 0x79, 0x7F, 0x75, 0x90, 0x5E, 0x26,
    0x89, 0x9F, 0xFB, 0x6B, 0xA0, 0x43, 0x19, 0x36, 0x97, 0xCB, 0xB0, 0xBB, 0x7A, 0x75, 0xD5, 0x35,
    0x24, 0xEB, 0xED, 0x3D, 0x6D, 0xFF, 0xFF, 0x95, 0x90, 0x31, 0x0E, 0xC2, 0x30, 0x10, 0x04, 0x37,
    0xB6, 0x44, 0x24, 0x5C, 0xF8, 0x09, 0x69, 0xE9, 0xFC, 0x04, 0x47, 0xE2, 0x01, 0xBC, 0x08, 0xEC,
    0x97, 0x05, 0xF7, 0x34, 0x79, 0x42, 0x0A, 0x7A, 0x5C, 0xA4, 0x48, 0x61, 0x13, 0xF6, 0x04, 0x44,
    0xB4, 0x9C, 0xAC, 0x29, 0xAC, 0xDB, 0xBD, 0xBD, 0x43, 0x13, 0x01, 0xB4, 0xA3, 0x20, 0x13, 0x4D,
    0x21, 0x70, 0x11, 0x74, 0x3D, 0xB1, 0xC7, 0xBB, 0x02, 0xA0, 0x67, 0x1F, 0x61, 0xB2, 0x4B, 0xB0,
    0x93, 0x1D, 0xD1, 0x25, 0x93, 0xE1, 0xA3, 0x9E, 0xE1, 0xA1, 0x0A, 0x06, 0xA0, 0x82, 0xE2, 0xAB,
    0x5A, 0x00, 0x7F, 0xA4, 0x97, 0xBB, 0x4D, 0x80, 0x7D, 0x24, 0xC0, 0xAC, 0xB4, 0xD2, 0xAB, 0xD8,
    0x57, 0x31, 0x2B, 0x7F, 0x60, 0xB7, 0x45, 0xE9, 0xD2, 0x16, 0x72, 0x91, 0xCF, 0xB3, 0xE0, 0x80,
    0x9F, 0xF2, 0x3D, 0x9F, 0x8B, 0x0C, 0xC4, 0xDE, 0x00, 0x9B, 0x98, 0xCA, 0x4E, 0xCC, 0x45, 0x55,
    0x81, 0xCE, 0xD4, 0xA9, 0x45, 0xCD, 0x5C, 0x52, 0xD3, 0xA6, 0x0A, 0x06, 0xC3, 0xD5, 0x3D, 0x3B,
    0xE1, 0x4E, 0x49, 0xE2, 0x72, 0x92, 0x95, 0xA4, 0xED, 0x93, 0xD0, 0xF5, 0x7B, 0x12, 0xAA, 0x3E,
    0xC3, 0x9D, 0x08, 0x56, 0x5E, 0x2D, 0x48, 0x47, 0xB8, 0x13, 0x2F, 0xAD, 0x52, 0x31, 0x4E, 0xC4,
    0x30, 0x10, 0x9C, 0x38, 0x12, 0x2E, 0x22, 0x91, 0x07, 0x5C, 0xE1, 0x86, 0x22, 0x5D, 0x6A, 0xA4,
    0x80, 0xF3, 0x14, 0x1E, 0xC0, 0x03, 0xAE, 0xE1, 0x9C, 0x47, 0xA5, 0xA0, 0x38, 0x48, 0x9E, 0x10,
    0xF1, 0x82, 0x14, 0x3C, 0xC0, 0x85, 0x8B, 0x20, 0x39, 0x67, 0xC6, 0x39, 0x04, 0x1C, 0xDC, 0x1D,
    0x0D, 0x51, 0x76, 0x64, 0xED, 0xCE, 0xEC, 0x38, 0xD9, 0x35, 0x21, 0x38, 0xF3, 0x11, 0x81, 0x8F,
    0x3F, 0x09, 0x58, 0x21, 0x09, 0x90, 0x13, 0x54, 0x0F, 0x0D, 0xE8, 0x01, 0xC6, 0x42, 0x3B, 0x68,
    0x8B, 0xBC, 0x07, 0x3C, 0x52, 0x56, 0x03, 0xB1, 0x26, 0x0D, 0x26, 0x66, 0x32, 0x17, 0x69, 0xD7,
    0xF8, 0xAB, 0x7A, 0xCF, 0xDE, 0xE9, 0x8C, 0x50, 0xE7, 0xAF, 0xE9, 0x1B, 0xCA, 0x26, 0x1F, 0xE8,
    0xA0, 0x1A, 0x98, 0x46, 0x8D, 0x30, 0x63, 0xE9, 0x68, 0xA5, 0x26, 0xE8, 0x31, 0x77, 0xC8, 0x1B,
    0x39, 0x42, 0x38, 0x6C, 0x21, 0xBD, 0x08, 0xC8, 0x66, 0xB6, 0x94, 0x3B, 0x11, 0x6A, 0x31, 0xA3,
    0x03, 0x9E, 0xA8, 0x4C, 0x3C, 0x9E, 0xB1, 0xB2, 0x17, 0x1E, 0xA6, 0x57, 0x96, 0x0E, 0x97, 0x75,
    0x54, 0x3C, 0x1D, 0x53, 0xD4, 0x6C, 0xB4, 0x28, 0x36, 0x3F, 0x15, 0xCB, 0x57, 0x9D, 0x08, 0xF3,
    0xED, 0xAF, 0x9D, 0xE3, 0x9D, 0x8D, 0xAC, 0xF9, 0x0A, 0x59, 0xEF, 0xE3, 0x1F, 0x3C, 0xCF, 0xF2,
    0x8E, 0x78, 0x8A, 0x1D, 0xF2, 0xD0, 0xEB, 0x60, 0x4D, 0x70, 0x5D, 0x98, 0xF6, 0x2F, 0xCF, 0xCC,
    0x30, 0xCF, 0xEA, 0x8D, 0x18, 0x15, 0xBA, 0xD4, 0xE9, 0x26, 0x48, 0xA7, 0xFB, 0xE5, 0xB4, 0xE4,
    0xB2, 0x81, 0xB3, 0x2B, 0x2D, 0xA1, 0x6A, 0x09, 0xEB, 0x35, 0x70, 0x47, 0x10, 0x8E, 0xA0, 0x46,
    0x42, 0xA8, 0xAB, 0x96, 0x0B, 0x53, 0x5A, 0xCE, 0x39, 0x7B, 0xD9, 0x91, 0xA3, 0x22, 0xBB, 0x8B,
    0xC6, 0x3E, 0x6A, 0x63, 0x83, 0x4D, 0x36, 0xA8, 0xE6, 0x8A, 0x9C, 0x11, 0xD5, 0xE3, 0xDA, 0xA2,
    0xAA, 0xDA, 0xF6, 0x17, 0xC4, 0xC2, 0x42, 0x89, 0x64, 0x14, 0x9C, 0x96, 0x17, 0x93, 0xB4, 0xF9,
    0xA0, 0x7B, 0x53, 0xEB, 0x3E, 0x1F, 0xA4, 0x15, 0x13, 0xE2, 0x14, 0x8B, 0x62, 0xD9, 0x81, 0xB8,
    0x44, 0xD2, 0xA6, 0x3E, 0x99, 0x53, 0x1F, 0x79, 0x65, 0xA3, 0x99, 0x2F, 0xE8, 0x87, 0x74, 0x24,
    0x64, 0xFC, 0x19, 0xDC, 0xA5, 0x78, 0x89, 0x98, 0x7B, 0x88, 0x30, 0x31, 0x84, 0x3D, 0x60, 0x28,
    0x5E, 0x15, 0xB7, 0xB1, 0xB8, 0x3D, 0x60, 0xC8, 0xE1, 0x40, 0xFE, 0xC9, 0x48, 0xDC, 0x09, 0x83,
    0x77, 0xE5, 0x51, 0x31, 0x4E, 0xC4, 0x30, 0x10, 0x1C, 0xDB, 0x12, 0x2E, 0x52, 0xB8, 0x46, 0x29,
    0xD2, 0x50, 0xD0, 0xE5, 0x03, 0xC9, 0x39, 0x82, 0xE2, 0x3E, 0x44, 0x99, 0x22, 0xFC, 0x2B, 0x87,
    0xFC, 0x04, 0xDF, 0x0F, 0xFC, 0x84, 0x45, 0x72, 0x61, 0x44, 0x2E, 0xCB, 0x1A, 0xEE, 0x1A, 0x2A,
    0x7A, 0xA4, 0x91, 0x65, 0xEF, 0xAC, 0x66, 0x67, 0xC7, 0x7A, 0x87, 0xE3, 0xE0, 0x8F, 0x69, 0x54,
    0x34, 0x23, 0xAF, 0x2F, 0x65, 0xDD, 0x8A, 0x9C, 0x72, 0x97, 0x8A, 0x3F, 0x92, 0xB0, 0x7A, 0x07,
    0x0C, 0xC1, 0x11, 0x7A, 0xC2, 0x1B, 0xA9, 0x77, 0x32, 0x67, 0x72, 0xAF, 0xD4, 0x49, 0x03, 0xEF,
    0x02, 0x28, 0xFA, 0x41, 0xC3, 0x49, 0xE0, 0x26, 0x54, 0x00, 0xEE, 0xA3, 0x8A, 0xA3, 0xBD, 0xB2,
    0x0F, 0x46, 0xFA, 0x63, 0x2B, 0x6A, 0x6D, 0x52, 0x9C, 0xAC, 0xB0, 0x01, 0x3D, 0xE0, 0x79, 0xF1,
    0x4C, 0xA3, 0xCE, 0x03, 0xCA, 0x88, 0xD2, 0x3F, 0x65, 0xC7, 0x49, 0xF3, 0xC4, 0x4C, 0x02, 0x34,
    0x01, 0xDD, 0x84, 0x03, 0x30, 0x03, 0xA5, 0x2A, 0x89, 0x17, 0x13, 0x61, 0x43, 0x65, 0xDC, 0x02,
    0xBD, 0x4F, 0x1D, 0xC7, 0x83, 0xA6, 0x6A, 0xF8, 0x39, 0x39, 0x5E, 0x1C, 0x47, 0xDF, 0xD2, 0xAC,
    0xB2, 0x6C, 0x21, 0xF5, 0x9E, 0xD3, 0xDD, 0x3E, 0x35, 0x97, 0x3A, 0xE8, 0x64, 0x63, 0x31, 0xA9,
    0x68, 0x3A, 0x69, 0x31, 0x43, 0xCD, 0x67, 0xAA, 0x5A, 0x2E, 0x28, 0x86, 0x2F, 0xF0, 0x55, 0xED,
    0x6F, 0x81, 0x0C, 0x50, 0x1B, 0xBA, 0x0D, 0x7E, 0xC5, 0xE3, 0x50, 0x9F, 0xBF, 0xE0, 0xB9, 0x08,
    0xEC, 0x2E, 0x97, 0x70, 0x6F, 0x65, 0xCA, 0x37, 0xC4, 0x71, 0x3F, 0xE1, 0x02, 0x93, 0xE1, 0x62,
    0x5D, 0xAB, 0xE7, 0xEC, 0x39, 0x37, 0xD7, 0xB6, 0x58, 0xCD, 0x34, 0x41, 0x33, 0xB4, 0xE4, 0x66,
    0x6F, 0xB9, 0xD9, 0x5B, 0x6E, 0xFF, 0xE6, 0x17, 0xBE, 0x00, 0x8D, 0x91, 0xC1, 0x0D, 0x82, 0x40,
    0x14, 0x44, 0x47, 0x38, 0x70, 0xE0, 0xC0, 0x5D, 0x0F, 0x96, 0x60, 0x09, 0x92, 0xD8, 0x8E, 0x89,
    0x76, 0xA0, 0x25, 0x70, 0xB0, 0x9F, 0xB5, 0x04, 0x4A, 0xB0, 0x04, 0x0F, 0x24, 0x6A, 0x02, 0xAC,
    0x6F, 0xD6, 0x04, 0x8C, 0x27, 0x49, 0xE6, 0x85, 0xDD, 0xFF, 0x77, 0x98, 0xBF, 0x48, 0xE1, 0x25,
    0x15, 0x31, 0x4A, 0x9B, 0x38, 0x4A, 0xA7, 0x76, 0x29, 0xB1, 0xD0, 0xA2, 0x07, 0xD9, 0x13, 0xE4,
    0x1D, 0x08, 0x31, 0xDE, 0x8D, 0x9B, 0xD1, 0xAA, 0xB8, 0xB3, 0x97, 0xC0, 0xF2, 0x3C, 0xA1, 0xFE,
    0x34, 0xA7, 0x63, 0xC9, 0x40, 0xA3, 0x11, 0xDA, 0xC2, 0xF6, 0x94, 0x4B, 0x37, 0xFA, 0x93, 0x91,
    0xE7, 0x3C, 0x43, 0xB9, 0xBD, 0xBE, 0x71, 0x04, 0x0F, 0x7C, 0xF2, 0xD8, 0x39, 0x5F, 0x4D, 0xB4,
    0xF4, 0x42, 0xB5, 0x7C, 0x80, 0x7C, 0xF7, 0x4F, 0xCB, 0x8F, 0x29, 0x38, 0x7C, 0xC6, 0xBD, 0x72,
    0x8A, 0xC6, 0xAC, 0x29, 0xE7, 0xAC, 0xC3, 0x84, 0x3E, 0xE5, 0xBB, 0xCE, 0x20, 0x33, 0x2A, 0x5D,
    0x0C, 0x8D, 0x7E, 0xAB, 0x15, 0x35, 0xAD, 0x27, 0x54, 0x9D, 0xF6, 0x9E, 0x74, 0x54, 0x66, 0x30,
    0x79, 0xE3, 0xCB, 0x89, 0x68, 0xB4, 0xB4, 0xB0, 0xCF, 0x16, 0x6D, 0x6A, 0xD6, 0x3D, 0x7A, 0x22,
    0xB2, 0x6F, 0x99, 0x21, 0x48, 0xAB, 0x81, 0xFE, 0x0E, 0x71, 0xA9, 0x17, 0x76, 0x31, 0xAD, 0x3C,
    0x8F, 0x53, 0xFA, 0xDF, 0xA4, 0x8D, 0x1B, 0x73, 0x90, 0x3D, 0x79, 0x05, 0xBD, 0x01, 0xB5, 0x54,
    0x31, 0x8E, 0xDB, 0x30, 0x10, 0x1C, 0x49, 0x80, 0x09, 0x1C, 0x0B, 0xB6, 0x07, 0x5C, 0xA1, 0x36,
    0x1D, 0xAB, 0x94, 0x31, 0xD5, 0xE7, 0x31, 0xF7, 0x81, 0xB3, 0xA5, 0x27, 0xE4, 0x41, 0x8E, 0xAD,
    0x1F, 0x44, 0x3F, 0x88, 0x8A, 0x7B, 0x00, 0x0B, 0x15, 0x32, 0x20, 0x9B, 0x99, 0x5D, 0xD9, 0x72,
    0x7C, 0x46, 0x90, 0x26, 0x31, 0xB0, 0x6B, 0x8A, 0x3B, 0x3B, 0xB3, 0xDC, 0xA5, 0x94, 0xA5, 0x77,
    0xD8, 0x74, 0x86, 0x49, 0xA9, 0x5D, 0xE1, 0x35, 0x02, 0x66, 0x00, 0xF2, 0x09, 0x80, 0xD8, 0x77,
    0xDA, 0x16, 0xE5, 0xB1, 0xCE, 0x52, 0x4A, 0xC4, 0x24, 0x37, 0xAE, 0x92, 0x6F, 0x51, 0x87, 0x0A,
    0xA1, 0x06, 0xEA, 0x2D, 0xE3, 0x7B, 0x60, 0x4F, 0x3B, 0x71, 0x3D, 0x05, 0xE4, 0x63, 0x68, 0x4C,
    0x2C, 0x7B, 0xDF, 0x3B, 0x72, 0x16, 0xE4, 0x46, 0xFD, 0x4E, 0x4A, 0xFE, 0xA3, 0x48, 0x74, 0x26,
    0x55, 0x80, 0xFD, 0xD9, 0x02, 0xEE, 0x07, 0x5D, 0xF9, 0xB5, 0x03, 0xBC, 0xA1, 0x72, 0x28, 0xE8,
    0xB6, 0x39, 0xF5, 0x77, 0xD9, 0x28, 0xFA, 0xAC, 0x60, 0x64, 0x09, 0xDC, 0xD9, 0x82, 0xB1, 0x30,
    0x3B, 0xD3, 0xC3, 0x57, 0xB6, 0x43, 0xD9, 0xB8, 0x16, 0xAE, 0x55, 0x57, 0x36, 0xB0, 0x3D, 0x6B,
    0x32, 0x31, 0xB0, 0xC8, 0x58, 0xD3, 0x0D, 0x07, 0xBA, 0x91, 0x36, 0x5D, 0xED, 0x84, 0xEC, 0xBF,
    0x9B, 0xC8, 0x5F, 0xAD, 0xE4, 0xE9, 0x6C, 0xCF, 0x53, 0xF3, 0x44, 0x99, 0x74, 0x93, 0x4D, 0x02,
    0x8B, 0xC4, 0x43, 0xE0, 0x34, 0xFF, 0xCB, 0xB3, 0xEB, 0xE7, 0xB8, 0xE0, 0xF6, 0xB7, 0x6D, 0xCB,
    0xD6, 0x38, 0x69, 0x94, 0x84, 0x7E, 0xD3, 0x90, 0x93, 0x56, 0x37, 0x27, 0x3D, 0x26, 0x01, 0x2C,
    0x61, 0x70, 0x0D, 0x9D, 0xA7, 0x61, 0x23, 0x8E, 0x2D, 0x45, 0x1E, 0xEF, 0x10, 0xA5, 0x24, 0xAC,
    0x25, 0xB8, 0xBB, 0x43, 0x98, 0xEE, 0x2E, 0x7D, 0x41, 0x64, 0xC3, 0x1F, 0x04, 0x5C, 0x17, 0x62,
    0x18, 0x42, 0x94, 0x12, 0x2F, 0xB1, 0x05, 0xA0, 0x22, 0x8A, 0x0A, 0x0B, 0xD9, 0xE6, 0x4E, 0x13,
    0x42, 0x9B, 0xC5, 0x59, 0x3D, 0xEB, 0x28, 0x50, 0xF7, 0x45, 0x87, 0x43, 0x34, 0x2D, 0x3E, 0x0F,
    0x42, 0x37, 0x0A, 0xD3, 0xCE, 0x91, 0x69, 0x23, 0x4C, 0x6B, 0x21, 0xF1, 0x5F, 0x84, 0x5C, 0x48,
    0x9C, 0xF4, 0xD0, 0x0A, 0x93, 0xD1, 0x02, 0xF5, 0x16, 0x73, 0xE9, 0xCF, 0xFE, 0x8C, 0x6D, 0x79,
    0xF2, 0xD5, 0xCE, 0x0C, 0xAE, 0x19, 0x8B, 0x68, 0x5B, 0x75, 0xFA, 0xA8, 0x01, 0x85, 0x28, 0x98,
    0x84, 0x14, 0x4F, 0x91, 0x97, 0x34, 0x2A, 0x99, 0x4C, 0x42, 0x4E, 0xF1, 0xAF, 0x4C, 0xA6, 0x2A,
    0xE3, 0x3B, 0x34, 0x9C, 0x20, 0x9B, 0xC1, 0xA1, 0x07, 0x4A, 0xE4, 0x47, 0x3C, 0xC1, 0xA5, 0xC6,
    0x55, 0x3E, 0x0D, 0x1E, 0x6B, 0xC3, 0x37, 0xE6, 0x0D, 0x87, 0x09, 0x9F, 0xF0, 0x22, 0x9D, 0xBE,
    0xFE, 0xFE, 0x86, 0xCB, 0x9A, 0xCB, 0xD1, 0x61, 0x2F, 0xD3, 0x7B, 0xB8, 0x1B, 0xD3, 0x32, 0xC2,
    0xDB, 0x90, 0x59, 0xD0, 0x47, 0x9C, 0x4E, 0x7A, 0xBC, 0xC2, 0xF0, 0x6D, 0xD6, 0x7F, 0x92, 0x5D,
    0x79, 0x7F, 0x3D, 0x5D, 0x9E, 0x8E, 0x92, 0x57, 0xF1, 0xDB, 0x41, 0xED, 0xC0, 0x07, 0xD4, 0x32,
    0x70, 0x5D, 0xE9, 0x9E, 0x46, 0xB1, 0x12, 0x9C, 0x66, 0xCC, 0xB9, 0xCA, 0x82, 0x07, 0xC9, 0x67,
    0xBD, 0x1D, 0x52, 0x4F, 0x90, 0xCF, 0xC4, 0x0B, 0x3F, 0x4A, 0x17, 0x82, 0x3C, 0x8D, 0xBA, 0x21,
    0x77, 0x48, 0x9C, 0xAC, 0x74, 0x4F, 0xA2, 0x8A, 0xD3, 0x0C, 0xCD, 0x7D, 0x5E, 0x7A, 0xF5, 0x81,
    0xFE, 0x17, 0x63, 0x90, 0xFE, 0xCB, 0xC0, 0xC0, 0xF0, 0xFF, 0xAF, 0x1E, 0x03, 0xF3, 0xFF, 0x3F,
    0xF5, 0x0E, 0xEC, 0x3F, 0x18, 0xEA, 0x1D, 0xB8, 0x3F, 0x30, 0xE8, 0x31, 0xF0, 0x5F, 0x00, 0x8A,
    0x43, 0x88, 0x03, 0x20, 0x15, 0xFF, 0x3F, 0xD8, 0x23, 0x11, 0x40, 0x31, 0x6A, 0x11, 0x0C, 0xD2,
    0x40, 0xCB, 0x81, 0x2E, 0xA8, 0x03, 0xB9, 0xA0, 0x8E, 0x01, 0xE8, 0x82, 0x3A, 0x06, 0xA0, 0x0B,
    0xEA, 0x40, 0x96, 0xC3, 0x88, 0x03, 0x40, 0x02, 0x68, 0x2F, 0x32, 0x01, 0x16, 0x23, 0x95, 0xA8,
    0x07, 0x13, 0x0E, 0x20, 0x7B, 0x1F, 0x00, 0x09, 0xFD, 0x0B, 0x40, 0x82, 0xFD, 0x02, 0x00, 0x2D,
    0x8C, 0xB1, 0x0D, 0x80, 0x30, 0x10, 0x03, 0x8D, 0x52, 0x50, 0x50, 0xFC, 0x0A, 0x2C, 0x82, 0xBE,
    0xA0, 0xCC, 0x4A, 0xEC, 0x96, 0x67, 0xA3, 0x2F, 0x53, 0x44, 0x18, 0x07, 0x61, 0xC9, 0x2E, 0x2C,
    0xDD, 0x01, 0x3B, 0x94, 0xA1, 0x16, 0x6A, 0x8C, 0x01, 0x1C, 0x4B, 0xCE, 0xEB, 0x42, 0x79, 0xBA,
    0xEB, 0x1A, 0x1E, 0xCE, 0x6C, 0xD9, 0x78, 0xB3, 0x3B, 0x4F, 0xA6, 0x71, 0x63, 0x14, 0x52, 0x08,
    0xAB, 0x60, 0x5F, 0x45, 0x58, 0x8D, 0xDF, 0xF2, 0xF9, 0xA6, 0xF9, 0x05,
};

static const EpdGlyph ubuntumono_18_regularGlyphs[] = {
    { 0, 0, 300, 0, 0, 0, 0 }, // U+0000
    { 0, 0, 300, 0, 0, 0, 0 }, // U+0008
    { 0, 0, 300, 0, 0, 0, 0 }, // U+0009
    { 0, 0, 300, 0, 0, 0, 0 }, // U+000D
    { 0, 0, 300, 0, 0, 0, 0 }, // U+001D
    { 0, 0, 300, 0, 0, 0, 0 }, // U+0020
    { 6, 24, 300, 6, 24, 36, 0 }, // !
    { 11, 9, 300, 4, 26, 25, 36 }, // "
    { 17, 24, 300, 1, 24, 102, 61 }, // #
    { 15, 30, 300, 2, 26, 113, 163 }, // $
    { 19, 24, 300, 0, 24, 114, 276 }, // %
    { 17, 24, 300, 1, 24, 102, 390 }, // &
    { 5, 10, 300, 7, 26, 13, 492 }, // '
    { 11, 33, 300, 4, 27, 91, 505 }, // (
    { 11, 33, 300, 4, 27, 91, 596 }, // )
    { 15, 15, 300, 2, 24, 57, 687 }, // *
    { 17, 17, 300, 1, 19, 73, 744 }, // +
    { 9, 10, 300, 5, 5, 23, 817 }, // ,
    { 9, 3, 300, 5, 11, 7, 840 }, // -
    { 7, 5, 300, 6, 5, 9, 847 }, // .
    { 15, 33, 300, 2, 27, 124, 856 }, // /
    { 17, 24, 300, 1, 24, 102, 980 }, // 0
    { 15, 24, 300, 2, 24, 90, 1082 }, // 1
    { 15, 24, 300, 2, 24, 90, 1172 }, // 2
    { 15, 24, 300, 2, 24, 90, 1262 }, // 3
    { 17, 24, 300, 1, 24, 102, 1352 }, // 4
    { 15, 24, 300, 2, 24, 90, 1454 }, // 5
    { 16, 24, 300, 2, 24, 96, 1544 }, // 6
    { 16, 24, 300, 2, 24, 96, 1640 }, // 7
    { 17, 24, 300, 1, 24, 102, 1736 }, // 8
    { 16, 24, 300, 1, 24, 96, 1838 }, // 9
    { 7, 17, 300, 6, 17, 30, 1934 }, // :
    { 9, 22, 300, 4, 17, 50, 1964 }, // ;
    { 17, 15, 300, 1, 17, 64, 2014 }, // <
    { 17, 11, 300, 1, 16, 47, 2078 }, // =
    { 17, 15, 300, 1, 17, 64, 2125 }, // >
    { 13, 24, 300, 3, 24, 78, 2189 }, // ?
    { 17, 29, 300, 1, 24, 124, 2267 }, // @
    { 19, 24, 300, 0, 24, 114, 2391 }, // A
    { 16, 24, 300, 2, 24, 96, 2505 }, // B
    { 17, 24, 300, 1, 24, 102, 2601 }, // C
    { 16, 24, 300, 2, 24, 96, 2703 }, // D
    { 15, 24, 300, 3, 24, 90, 2799 }, // E
    { 14, 24, 300, 3, 24, 84, 2889 }, // F
    { 17, 24, 300, 1, 24, 102, 2973 }, // G
    { 17, 24, 300, 1, 24, 102, 3075 }, // H
    { 13, 24, 300, 3, 24, 78, 3177 }, // I
    { 14, 24, 300, 2, 24, 84, 3255 }, // J
    { 17, 24, 300, 2, 24, 102, 3339 }, // K
    { 15, 24, 300, 3, 24, 90, 3441 }, // L
    { 17, 24, 300, 1, 24, 102, 3531 }, // M
    { 15, 24, 300, 2, 24, 90, 3633 }, // N
    { 17, 24, 300, 1, 24, 102, 3723 }, // O
    { 16, 24, 300, 2, 24, 96, 3825 }, // P
    { 17, 30, 300, 1, 24, 128, 3921 }, // Q
    { 16, 24, 300, 2, 24, 96, 4049 }, // R
    { 15, 24, 300, 2, 24, 90, 4145 }, // S
    { 17, 24, 300, 1, 24, 102, 4235 }, // T
    { 17, 24, 300, 1, 24, 102, 4337 }, // U
    { 19, 24, 300, 0, 24, 114, 4439 }, // V
    { 17, 24, 300, 1, 24, 102, 4553 }, // W
    { 19, 24, 300, 0, 24, 114, 4655 }, // X
    { 19, 24, 300, 0, 24, 114, 4769 }, // Y
    { 16, 24, 300, 2, 24, 96, 4883 }, // Z
    { 10, 33, 300, 5, 27, 83, 4979 }, // [
    { 15, 33, 300, 2, 27, 124, 5062 }, // <backslash>
    { 10, 33, 300, 4, 27, 83, 5186 }, // ]
    { 17, 13, 300, 1, 24, 56, 5269 }, // ^
    { 19, 3, 300, 0, -4, 15, 5325 }, // _
    { 7, 7, 300, 6, 27, 13, 5340 }, // `
    { 15, 18, 300, 2, 18, 68, 5353 }, // a
    { 16, 26, 300, 2, 26, 104, 5421 }, // b
    { 17, 18, 300, 1, 18, 77, 5525 }, // c
    { 16, 26, 300, 1, 26, 104, 5602 }, // d
    { 17, 18, 300, 1, 18, 77, 5706 }, // e
    { 17, 26, 300, 2, 26, 111, 5783 }, // f
    { 16, 24, 300, 1, 18, 96, 5894 }, // g
    { 15, 26, 300, 2, 26, 98, 5990 }, // h
    { 16, 25, 300, 2, 25, 100, 6088 }, // i
    { 13, 31, 300, 2, 25, 101, 6188 }, // j
    { 17, 26, 300, 2, 26, 111, 6289 }, // k
    { 16, 26, 300, 2, 26, 104, 6400 }, // l
    { 17, 18, 300, 1, 18, 77, 6504 }, // m
    { 15, 18, 300, 2, 18, 68, 6581 }, // n
    { 17, 18, 300, 1, 18, 77, 6649 }, // o
    { 16, 24, 300, 2, 18, 96, 6726 }, // p
    { 16, 24, 300, 1, 18, 96, 6822 }, // q
    { 13, 18, 300, 4, 18, 59, 6918 }, // r
    { 15, 18, 300, 2, 18, 68, 6977 }, // s
    { 16, 23, 300, 2, 23, 92, 7045 }, // t
    { 15, 18, 300, 2, 18, 68, 7137 }, // u
    { 17, 18, 300, 1, 18, 77, 7205 }, // v
    { 19, 18, 300, 0, 18, 86, 7282 }, // w
    { 17, 18, 300, 1, 18, 77, 7368 }, // x
    { 17, 24, 300, 1, 18, 102, 7445 }, // y
    { 15, 18, 300, 2, 18, 68, 7547 }, // z
    { 14, 33, 300, 3, 27, 116, 7615 }, // {
    { 3, 33, 300, 8, 27, 25, 7731 }, // |
    { 14, 33, 300, 2, 27, 116, 7756 }, // }
    { 17, 6, 300, 1, 13, 26, 7872 }, // ~
    { 0, 0, 300, 0, 0, 0, 0 }, // U+00A0
    { 7, 24, 300, 6, 18, 42, 0 }, // U+00A1
    { 17, 28, 300, 1, 24, 119, 42 }, // U+00A2
    { 17, 24, 300, 1, 24, 102, 161 }, // U+00A3
    { 17, 17, 300, 1, 20, 73, 263 }, // U+00A4
    { 19, 24, 300, 0, 24, 114, 336 }, // U+00A5
    { 3, 33, 300, 8, 27, 25, 450 }, // U+00A6
    { 15, 28, 300, 2, 24, 105, 475 }, // U+00A7
    { 11, 4, 300, 4, 25, 11, 580 }, // U+00A8
    { 17, 18, 300, 1, 18, 77, 591 }, // U+00A9
    { 11, 12, 300, 4, 24, 33, 668 }, // U+00AA
    { 14, 13, 300, 2, 16, 46, 701 }, // U+00AB
    { 17, 12, 300, 1, 14, 51, 747 }, // U+00AC
    { 9, 3, 300, 5, 11, 7, 798 }, // U+00AD
    { 17, 18, 300, 1, 18, 77, 805 }, // U+00AE
    { 11, 2, 300, 4, 24, 6, 882 }, // U+00AF
    { 11, 9, 300, 4, 26, 25, 888 }, // U+00B0
    { 17, 22, 300, 1, 22, 94, 913 }, // U+00B1
    { 11, 13, 300, 4, 24, 36, 1007 }, // U+00B2
    { 11, 13, 300, 4, 24, 36, 1043 }, // U+00B3
    { 7, 7, 300, 6, 27, 13, 1079 }, // U+00B4
    { 15, 24, 300, 2, 18, 90, 1092 }, // U+00B5
    { 16, 30, 300, 1, 24, 120, 1182 }, // U+00B6
    { 7, 5, 300, 6, 12, 9, 1302 }, // U+00B7
    { 8, 7, 300, 5, 1, 14, 1311 }, // U+00B8
    { 11, 13, 300, 4, 24, 36, 1325 }, // U+00B9
    { 13, 12, 300, 3, 24, 39, 1361 }, // U+00BA
    { 14, 13, 300, 3, 16, 46, 1400 }, // U+00BB
    { 19, 24, 300, 0, 24, 114, 1446 }, // U+00BC
    { 19, 25, 300, 0, 24, 119, 1560 }, // U+00BD
    { 19, 24, 300, 0, 24, 114, 1679 }, // U+00BE
    { 13, 24, 300, 3, 18, 78, 1793 }, // U+00BF
    { 19, 32, 300, 0, 32, 152, 1871 }, // U+00C0
    { 19, 32, 300, 0, 32, 152, 2023 }, // U+00C1
    { 19, 31, 300, 0, 31, 148, 2175 }, // U+00C2
    { 19, 29, 300, 0, 29, 138, 2323 }, // U+00C3
    { 19, 30, 300, 0, 30, 143, 2461 }, // U+00C4
    { 19, 30, 300, 0, 30, 143, 2604 }, // U+00C5
    { 18, 24, 300, 1, 24, 108, 2747 }, // U+00C6
    { 17, 30, 300, 1, 24, 128, 2855 }, // U+00C7
    { 15, 32, 300, 3, 32, 120, 2983 }, // U+00C8
    { 15, 32, 300, 3, 32, 120, 3103 }, // U+00C9
    { 15, 31, 300, 3, 31, 117, 3223 }, // U+00CA
    { 15, 30, 300, 3, 30, 113, 3340 }, // U+00CB
    { 13, 32, 300, 3, 32, 104, 3453 }, // U+00CC
    { 13, 32, 300, 3, 32, 104, 3557 }, // U+00CD
    { 13, 31, 300, 3, 31, 101, 3661 }, // U+00CE
    { 13, 30, 300, 3, 30, 98, 3762 }, // U+00CF
    { 18, 24, 300, 0, 24, 108, 3860 }, // U+00D0
    { 15, 29, 300, 2, 29, 109, 3968 }, // U+00D1
    { 17, 32, 300, 1, 32, 136, 4077 }, // U+00D2
    { 17, 32, 300, 1, 32, 136, 4213 }, // U+00D3
    { 17, 31, 300, 1, 31, 132, 4349 }, // U+00D4
    { 17, 29, 300, 1, 29, 124, 4481 }, // U+00D5
    { 17, 30, 300, 1, 30, 128, 4605 }, // U+00D6
    { 15, 14, 300, 2, 17, 53, 4733 }, // U+00D7
    { 17, 26, 300, 1, 25, 111, 4786 }, // U+00D8
    { 17, 32, 300, 1, 32, 136, 4897 }, // U+00D9
    { 17, 32, 300, 1, 32, 136, 5033 }, // U+00DA
    { 17, 31, 300, 1, 31, 132, 5169 }, // U+00DB
    { 17, 30, 300, 1, 30, 128, 5301 }, // U+00DC
    { 19, 32, 300, 0, 32, 152, 5429 }, // U+00DD
    { 16, 24, 300, 2, 24, 96, 5581 }, // U+00DE
    { 17, 26, 300, 2, 26, 111, 5677 }, // U+00DF
    { 15, 27, 300, 2, 27, 102, 5788 }, // U+00E0
    { 15, 27, 300, 2, 27, 102, 5890 }, // U+00E1
    { 15, 26, 300, 2, 26, 98, 5992 }, // U+00E2
    { 15, 24, 300, 2, 24, 90, 6090 }, // U+00E3
    { 15, 25, 300, 2, 25, 94, 6180 }, // U+00E4
    { 15, 28, 300, 2, 28, 105, 6274 }, // U+00E5
    { 18, 18, 300, 1, 18, 81, 6379 }, // U+00E6
    { 17, 24, 300, 1, 18, 102, 6460 }, // U+00E7
    { 17, 27, 300, 1, 27, 115, 6562 }, // U+00E8
    { 17, 27, 300, 1, 27, 115, 6677 }, // U+00E9
    { 17, 26, 300, 1, 26, 111, 6792 }, // U+00EA
    { 17, 25, 300, 1, 25, 107, 6903 }, // U+00EB
    { 16, 27, 300, 2, 27, 108, 7010 }, // U+00EC
    { 16, 27, 300, 2, 27, 108, 7118 }, // U+00ED
    { 16, 26, 300, 2, 26, 104, 7226 }, // U+00EE
    { 16, 25, 300, 2, 25, 100, 7330 }, // U+00EF
    { 16, 26, 300, 2, 26, 104, 7430 }, // U+00F0
    { 15, 24, 300, 2, 24, 90, 7534 }, // U+00F1
    { 17, 27, 300, 1, 27, 115, 7624 }, // U+00F2
    { 17, 27, 300, 1, 27, 115, 7739 }, // U+00F3
    { 17, 26, 300, 1, 26, 111, 7854 }, // U+00F4
    { 17, 24, 300, 1, 24, 102, 7965 }, // U+00F5
    { 17, 25, 300, 1, 25, 107, 8067 }, // U+00F6
    { 17, 19, 300, 1, 20, 81, 8174 }, // U+00F7
    { 17, 20, 300, 1, 19, 85, 8255 }, // U+00F8
    { 15, 27, 300, 2, 27, 102, 8340 }, // U+00F9
    { 15, 27, 300, 2, 27, 102, 8442 }, // U+00FA
    { 15, 26, 300, 2, 26, 98, 8544 }, // U+00FB
    { 15, 25, 300, 2, 25, 94, 8642 }, // U+00FC
    { 17, 33, 300, 1, 27, 141, 8736 }, // U+00FD
    { 16, 32, 300, 2, 26, 128, 8877 }, // U+00FE
    { 17, 31, 300, 1, 25, 132, 9005 }, // U+00FF
    { 19, 29, 300, 0, 29, 138, 0 }, // U+0100
    { 15, 24, 300, 2, 24, 90, 138 }, // U+0101
    { 19, 30, 300, 0, 30, 143, 228 }, // U+0102
    { 15, 25, 300, 2, 25, 94, 371 }, // U+0103
    { 19, 30, 300, 0, 24, 143, 465 }, // U+0104
    { 15, 24, 300, 2, 18, 90, 608 }, // U+0105
    { 17, 32, 300, 1, 32, 136, 698 }, // U+0106
    { 17, 27, 300, 1, 27, 115, 834 }, // U+0107
    { 17, 31, 300, 1, 31, 132, 949 }, // U+0108
    { 17, 26, 300, 1, 26, 111, 1081 }, // U+0109
    { 17, 31, 300, 1, 31, 132, 1192 }, // U+010A
    { 17, 26, 300, 1, 26, 111, 1324 }, // U+010B
    { 17, 31, 300, 1, 31, 132, 1435 }, // U+010C
    { 17, 26, 300, 1, 26, 111, 1567 }, // U+010D
    { 16, 31, 300, 2, 31, 124, 1678 }, // U+010E
    { 19, 26, 300, 0, 26, 124, 1802 }, // U+010F
    { 18, 24, 300, 0, 24, 108, 1926 }, // U+0110
    { 18, 26, 300, 1, 26, 117, 2034 }, // U+0111
    { 15, 29, 300, 3, 29, 109, 2151 }, // U+0112
    { 17, 24, 300, 1, 24, 102, 2260 }, // U+0113
    { 15, 30, 300, 3, 30, 113, 2362 }, // U+0114
    { 17, 25, 300, 1, 25, 107, 2475 }, // U+0115
    { 15, 31, 300, 3, 31, 117, 2582 }, // U+0116
    { 17, 26, 300, 1, 26, 111, 2699 }, // U+0117
    { 15, 30, 300, 3, 24, 113, 2810 }, // U+0118
    { 17, 24, 300, 1, 18, 102, 2923 }, // U+0119
    { 15, 31, 300, 3, 31, 117, 3025 }, // U+011A
    { 17, 26, 300, 1, 26, 111, 3142 }, // U+011B
    { 17, 31, 300, 1, 31, 132, 3253 }, // U+011C
    { 16, 32, 300, 1, 26, 128, 3385 }, // U+011D
    { 17, 30, 300, 1, 30, 128, 3513 }, // U+011E
    { 16, 31, 300, 1, 25, 124, 3641 }, // U+011F
    { 17, 31, 300, 1, 31, 132, 3765 }, // U+0120
    { 16, 32, 300, 1, 26, 128, 3897 }, // U+0121
    { 17, 31, 300, 1, 24, 132, 4025 }, // U+0122
    { 16, 33, 300, 1, 27, 132, 4157 }, // U+0123
    { 17, 31, 300, 1, 31, 132, 4289 }, // U+0124
    { 16, 32, 300, 1, 32, 128, 4421 }, // U+0125
    { 19, 24, 300, 0, 24, 114, 4549 }, // U+0126
    { 17, 26, 300, 0, 26, 111, 4663 }, // U+0127
    { 13, 29, 300, 3, 29, 95, 4774 }, // U+0128
    { 16, 24, 300, 2, 24, 96, 4869 }, // U+0129
    { 13, 29, 300, 3, 29, 95, 4965 }, // U+012A
    { 16, 24, 300, 2, 24, 96, 5060 }, // U+012B
    { 13, 30, 300, 3, 30, 98, 5156 }, // U+012C
    { 16, 25, 300, 2, 25, 100, 5254 }, // U+012D
    { 13, 30, 300, 3, 24, 98, 5354 }, // U+012E
    { 16, 32, 300, 2, 26, 128, 5452 }, // U+012F
    { 13, 31, 300, 3, 31, 101, 5580 }, // U+0130
    { 16, 18, 300, 2, 18, 72, 5681 }, // U+0131
    { 17, 24, 300, 1, 24, 102, 5753 }, // U+0132
    { 13, 31, 300, 3, 25, 101, 5855 }, // U+0133
    { 14, 31, 300, 2, 31, 109, 5956 }, // U+0134
    { 13, 32, 300, 2, 26, 104, 6065 }, // U+0135
    { 17, 31, 300, 2, 24, 132, 6169 }, // U+0136
    { 17, 33, 300, 2, 26, 141, 6301 }, // U+0137
    { 17, 18, 300, 2, 18, 77, 6442 }, // U+0138
    { 15, 32, 300, 3, 32, 120, 6519 }, // U+0139
    { 16, 32, 300, 2, 32, 128, 6639 }, // U+013A
    { 15, 31, 300, 3, 24, 117, 6767 }, // U+013B
    { 16, 33, 300, 2, 26, 132, 6884 }, // U+013C
    { 15, 24, 300, 3, 24, 90, 7016 }, // U+013D
    { 16, 27, 300, 2, 27, 108, 7106 }, // U+013E
    { 15, 24, 300, 3, 24, 90, 7214 }, // U+013F
    { 19, 26, 300, 2, 26, 124, 7304 }, // U+0140
    { 18, 24, 300, 0, 24, 108, 7428 }, // U+0141
    { 16, 26, 300, 2, 26, 104, 7536 }, // U+0142
    { 15, 32, 300, 2, 32, 120, 7640 }, // U+0143
    { 15, 27, 300, 2, 27, 102, 7760 }, // U+0144
    { 15, 31, 300, 2, 24, 117, 7862 }, // U+0145
    { 15, 25, 300, 2, 18, 94, 7979 }, // U+0146
    { 15, 31, 300, 2, 31, 117, 8073 }, // U+0147
    { 15, 26, 300, 2, 26, 98, 8190 }, // U+0148
    { 17, 26, 300, 0, 26, 111, 8288 }, // U+0149
    { 15, 30, 300, 2, 24, 113, 8399 }, // U+014A
    { 15, 24, 300, 2, 18, 90, 8512 }, // U+014B
    { 17, 29, 300, 1, 29, 124, 8602 }, // U+014C
    { 17, 24, 300, 1, 24, 102, 8726 }, // U+014D
    { 17, 30, 300, 1, 30, 128, 8828 }, // U+014E
    { 17, 25, 300, 1, 25, 107, 8956 }, // U+014F
    { 17, 32, 300, 1, 32, 136, 9063 }, // U+0150
    { 17, 27, 300, 1, 27, 115, 9199 }, // U+0151
    { 18, 24, 300, 1, 24, 108, 9314 }, // U+0152
    { 18, 18, 300, 1, 18, 81, 9422 }, // U+0153
    { 16, 32, 300, 2, 32, 128, 9503 }, // U+0154
    { 13, 27, 300, 4, 27, 88, 9631 }, // U+0155
    { 16, 31, 300, 2, 24, 124, 9719 }, // U+0156
    { 16, 25, 300, 1, 18, 100, 9843 }, // U+0157
    { 16, 31, 300, 2, 31, 124, 9943 }, // U+0158
    { 13, 26, 300, 4, 26, 85, 10067 }, // U+0159
    { 15, 32, 300, 2, 32, 120, 10152 }, // U+015A
    { 15, 27, 300, 2, 27, 102, 10272 }, // U+015B
    { 15, 31, 300, 2, 31, 117, 10374 }, // U+015C
    { 15, 26, 300, 2, 26, 98, 10491 }, // U+015D
    { 15, 30, 300, 2, 24, 113, 10589 }, // U+015E
    { 15, 24, 300, 2, 18, 90, 10702 }, // U+015F
    { 15, 31, 300, 2, 31, 117, 10792 }, // U+0160
    { 15, 26, 300, 2, 26, 98, 10909 }, // U+0161
    { 17, 30, 300, 1, 24, 128, 11007 }, // U+0162
    { 16, 29, 300, 2, 23, 116, 11135 }, // U+0163
    { 17, 31, 300, 1, 31, 132, 11251 }, // U+0164
    { 16, 27, 300, 2, 27, 108, 11383 }, // U+0165
    { 17, 24, 300, 1, 24, 102, 11491 }, // U+0166
    { 16, 23, 300, 2, 23, 92, 11593 }, // U+0167
    { 17, 29, 300, 1, 29, 124, 11685 }, // U+0168
    { 15, 24, 300, 2, 24, 90, 11809 }, // U+0169
    { 17, 29, 300, 1, 29, 124, 11899 }, // U+016A
    { 15, 24, 300, 2, 24, 90, 12023 }, // U+016B
    { 17, 30, 300, 1, 30, 128, 12113 }, // U+016C
    { 15, 25, 300, 2, 25, 94, 12241 }, // U+016D
    { 17, 33, 300, 1, 33, 141, 12335 }, // U+016E
    { 15, 28, 300, 2, 28, 105, 12476 }, // U+016F
    { 17, 32, 300, 1, 32, 136, 12581 }, // U+0170
    { 15, 27, 300, 2, 27, 102, 12717 }, // U+0171
    { 17, 30, 300, 1, 24, 128, 12819 }, // U+0172
    { 15, 24, 300, 2, 18, 90, 12947 }, // U+0173
    { 17, 31, 300, 1, 31, 132, 13037 }, // U+0174
    { 19, 26, 300, 0, 26, 124, 13169 }, // U+0175
    { 19, 31, 300, 0, 31, 148, 13293 }, // U+0176
    { 17, 32, 300, 1, 26, 136, 13441 }, // U+0177
    { 19, 30, 300, 0, 30, 143, 13577 }, // U+0178
    { 16, 32, 300, 2, 32, 128, 13720 }, // U+0179
    { 15, 27, 300, 2, 27, 102, 13848 }, // U+017A
    { 16, 31, 300, 2, 31, 124, 13950 }, // U+017B
    { 15, 26, 300, 2, 26, 98, 14074 }, // U+017C
    { 16, 31, 300, 2, 31, 124, 14172 }, // U+017D
    { 15, 26, 300, 2, 26, 98, 14296 }, // U+017E
    { 13, 26, 300, 6, 26, 85, 14394 }, // U+017F
    { 18, 27, 300, 1, 27, 122, 0 }, // U+01A0
    { 18, 21, 300, 1, 21, 95, 122 }, // U+01A1
    { 18, 28, 300, 1, 28, 126, 217 }, // U+01AF
    { 17, 22, 300, 2, 22, 94, 343 }, // U+01B0
    { 18, 32, 300, 1, 32, 144, 437 }, // U+01C4
    { 19, 25, 300, 1, 25, 119, 581 }, // U+01C5
    { 20, 26, 300, 0, 26, 130, 700 }, // U+01C6
    { 17, 24, 300, 1, 24, 102, 830 }, // U+01C7
    { 16, 32, 300, 2, 26, 128, 932 }, // U+01C8
    { 13, 32, 300, 3, 26, 104, 1060 }, // U+01C9
    { 17, 24, 300, 1, 24, 102, 1164 }, // U+01CA
    { 18, 31, 300, 1, 25, 140, 1266 }, // U+01CB
    { 17, 32, 300, 1, 26, 136, 1406 }, // U+01CC
    { 19, 31, 300, 0, 31, 148, 1542 }, // U+01CD
    { 15, 26, 300, 2, 26, 98, 1690 }, // U+01CE
    { 13, 31, 300, 3, 31, 101, 1788 }, // U+01CF
    { 16, 26, 300, 2, 26, 104, 1889 }, // U+01D0
    { 17, 31, 300, 1, 31, 132, 1993 }, // U+01D1
    { 17, 26, 300, 1, 26, 111, 2125 }, // U+01D2
    { 17, 31, 300, 1, 31, 132, 2236 }, // U+01D3
    { 15, 26, 300, 2, 26, 98, 2368 }, // U+01D4
    { 17, 33, 300, 1, 33, 141, 2466 }, // U+01D5
    { 15, 27, 300, 2, 27, 102, 2607 }, // U+01D6
    { 17, 31, 300, 1, 31, 132, 2709 }, // U+01D7
    { 15, 29, 300, 2, 29, 109, 2841 }, // U+01D8
    { 17, 32, 300, 1, 32, 136, 2950 }, // U+01D9
    { 15, 29, 300, 2, 29, 109, 3086 }, // U+01DA
    { 17, 31, 300, 1, 31, 132, 3195 }, // U+01DB
    { 15, 29, 300, 2, 29, 109, 3327 }, // U+01DC
    { 17, 18, 300, 1, 18, 77, 3436 }, // U+01DD
    { 19, 33, 300, 0, 33, 157, 3513 }, // U+01DE
    { 15, 27, 300, 2, 27, 102, 3670 }, // U+01DF
    { 19, 33, 300, 0, 33, 157, 3772 }, // U+01E0
    { 15, 27, 300, 2, 27, 102, 3929 }, // U+01E1
    { 18, 29, 300, 1, 29, 131, 4031 }, // U+01E2
    { 18, 24, 300, 1, 24, 108, 4162 }, // U+01E3
    { 18, 24, 300, 1, 24, 108, 4270 }, // U+01E4
    { 18, 24, 300, 1, 18, 108, 4378 }, // U+01E5
    { 17, 31, 300, 1, 31, 132, 4486 }, // U+01E6
    { 16, 32, 300, 1, 26, 128, 4618 }, // U+01E7
    { 17, 31, 300, 2, 31, 132, 4746 }, // U+01E8
    { 18, 33, 300, 1, 33, 149, 4878 }, // U+01E9
    { 17, 30, 300, 1, 24, 128, 5027 }, // U+01EA
    { 17, 24, 300, 1, 18, 102, 5155 }, // U+01EB
    { 17, 35, 300, 1, 29, 149, 5257 }, // U+01EC
    { 17, 30, 300, 1, 24, 128, 5406 }, // U+01ED
    { 18, 31, 300, 0, 31, 140, 5534 }, // U+01EE
    { 16, 32, 300, 1, 26, 128, 5674 }, // U+01EF
    { 14, 32, 300, 2, 26, 112, 5802 }, // U+01F0
    { 18, 24, 300, 1, 24, 108, 5914 }, // U+01F1
    { 18, 24, 300, 1, 24, 108, 6022 }, // U+01F2
    { 19, 26, 300, 0, 26, 124, 6130 }, // U+01F3
    { 17, 32, 300, 1, 32, 136, 6254 }, // U+01F4
    { 16, 33, 300, 1, 27, 132, 6390 }, // U+01F5
    { 17, 24, 300, 1, 24, 102, 6522 }, // U+01F6
    { 16, 30, 300, 2, 24, 120, 6624 }, // U+01F7
    { 15, 32, 300, 2, 32, 120, 6744 }, // U+01F8
    { 15, 27, 300, 2, 27, 102, 6864 }, // U+01F9
    { 19, 31, 300, 0, 31, 148, 6966 }, // U+01FA
    { 15, 31, 300, 2, 31, 117, 7114 }, // U+01FB
    { 18, 32, 300, 1, 32, 144, 7231 }, // U+01FC
    { 18, 27, 300, 1, 27, 122, 7375 }, // U+01FD
    { 17, 34, 300, 1, 33, 145, 7497 }, // U+01FE
    { 17, 28, 300, 1, 27, 119, 7642 }, // U+01FF
    { 19, 32, 300, 0, 32, 152, 7761 }, // U+0200
    { 15, 27, 300, 2, 27, 102, 7913 }, // U+0201
    { 19, 30, 300, 0, 30, 143, 8015 }, // U+0202
    { 15, 25, 300, 2, 25, 94, 8158 }, // U+0203
    { 15, 32, 300, 3, 32, 120, 8252 }, // U+0204
    { 17, 27, 300, 1, 27, 115, 8372 }, // U+0205
    { 15, 30, 300, 3, 30, 113, 8487 }, // U+0206
    { 17, 25, 300, 1, 25, 107, 8600 }, // U+0207
    { 13, 32, 300, 3, 32, 104, 8707 }, // U+0208
    { 17, 27, 300, 1, 27, 115, 8811 }, // U+0209
    { 13, 30, 300, 3, 30, 98, 8926 }, // U+020A
    { 16, 25, 300, 2, 25, 100, 9024 }, // U+020B
    { 17, 32, 300, 1, 32, 136, 9124 }, // U+020C
    { 17, 27, 300, 1, 27, 115, 9260 }, // U+020D
    { 17, 30, 300, 1, 30, 128, 9375 }, // U+020E
    { 17, 25, 300, 1, 25, 107, 9503 }, // U+020F
    { 16, 32, 300, 2, 32, 128, 9610 }, // U+0210
    { 14, 27, 300, 3, 27, 95, 9738 }, // U+0211
    { 16, 30, 300, 2, 30, 120, 9833 }, // U+0212
    { 13, 25, 300, 4, 25, 82, 9953 }, // U+0213
    { 17, 32, 300, 1, 32, 136, 10035 }, // U+0214
    { 15, 27, 300, 2, 27, 102, 10171 }, // U+0215
    { 17, 30, 300, 1, 30, 128, 10273 }, // U+0216
    { 15, 25, 300, 2, 25, 94, 10401 }, // U+0217
    { 15, 31, 300, 2, 24, 117, 10495 }, // U+0218
    { 15, 25, 300, 2, 18, 94, 10612 }, // U+0219
    { 17, 31, 300, 1, 24, 132, 10706 }, // U+021A
    { 16, 30, 300, 2, 23, 120, 10838 }, // U+021B
    { 17, 30, 300, 1, 24, 128, 10958 }, // U+021C
    { 15, 24, 300, 2, 18, 90, 11086 }, // U+021D
    { 17, 31, 300, 1, 31, 132, 11176 }, // U+021E
    { 16, 33, 300, 1, 33, 132, 11308 }, // U+021F
    { 11, 4, 300, 4, 25, 11, 0 }, // U+0311
    { 15, 32, 300, 3, 32, 120, 0 }, // U+0400
    { 15, 30, 300, 3, 30, 113, 120 }, // U+0401
    { 18, 24, 300, 0, 24, 108, 233 }, // U+0402
    { 16, 32, 300, 2, 32, 128, 341 }, // U+0403
    { 17, 24, 300, 1, 24, 102, 469 }, // U+0404
    { 15, 24, 300, 2, 24, 90, 571 }, // U+0405
    { 13, 24, 300, 3, 24, 78, 661 }, // U+0406
    { 13, 30, 300, 3, 30, 98, 739 }, // U+0407
    { 14, 24, 300, 2, 24, 84, 837 }, // U+0408
    { 19, 24, 300, 0, 24, 114, 921 }, // U+0409
    { 18, 24, 300, 1, 24, 108, 1035 }, // U+040A
    { 17, 24, 300, 0, 24, 102, 1143 }, // U+040B
    { 17, 32, 300, 2, 32, 136, 1245 }, // U+040C
    { 15, 32, 300, 2, 32, 120, 1381 }, // U+040D
    { 19, 29, 300, 0, 29, 138, 1501 }, // U+040E
    { 17, 30, 300, 1, 24, 128, 1639 }, // U+040F
    { 19, 24, 300, 0, 24, 114, 1767 }, // U+0410
    { 16, 24, 300, 2, 24, 96, 1881 }, // U+0411
    { 16, 24, 300, 2, 24, 96, 1977 }, // U+0412
    { 16, 24, 300, 2, 24, 96, 2073 }, // U+0413
    { 18, 30, 300, 0, 24, 135, 2169 }, // U+0414
    { 15, 24, 300, 3, 24, 90, 2304 }, // U+0415
    { 19, 24, 300, 0, 24, 114, 2394 }, // U+0416
    { 17, 24, 300, 1, 24, 102, 2508 }, // U+0417
    { 15, 24, 300, 2, 24, 90, 2610 }, // U+0418
    { 15, 29, 300, 2, 29, 109, 2700 }, // U+0419
    { 17, 24, 300, 2, 24, 102, 2809 }, // U+041A
    { 18, 24, 300, 0, 24, 108, 2911 }, // U+041B
    { 17, 24, 300, 1, 24, 102, 3019 }, // U+041C
    { 17, 24, 300, 1, 24, 102, 3121 }, // U+041D
    { 17, 24, 300, 1, 24, 102, 3223 }, // U+041E
    { 17, 24, 300, 1, 24, 102, 3325 }, // U+041F
    { 16, 24, 300, 2, 24, 96, 3427 }, // U+0420
    { 17, 24, 300, 1, 24, 102, 3523 }, // U+0421
    { 17, 24, 300, 1, 24, 102, 3625 }, // U+0422
    { 19, 24, 300, 0, 24, 114, 3727 }, // U+0423
    { 17, 25, 300, 1, 25, 107, 3841 }, // U+0424
    { 19, 24, 300, 0, 24, 114, 3948 }, // U+0425
    { 17, 30, 300, 1, 24, 128, 4062 }, // U+0426
    { 15, 24, 300, 2, 24, 90, 4190 }, // U+0427
    { 17, 24, 300, 1, 24, 102, 4280 }, // U+0428
    { 17, 30, 300, 1, 24, 128, 4382 }, // U+0429
    { 18, 24, 300, 0, 24, 108, 4510 }, // U+042A
    { 17, 24, 300, 1, 24, 102, 4618 }, // U+042B
    { 17, 24, 300, 1, 24, 102, 4720 }, // U+042C
    { 17, 24, 300, 1, 24, 102, 4822 }, // U+042D
    { 17, 24, 300, 1, 24, 102, 4924 }, // U+042E
    { 16, 24, 300, 2, 24, 96, 5026 }, // U+042F
    { 15, 18, 300, 2, 18, 68, 5122 }, // U+0430
    { 17, 26, 300, 1, 26, 111, 5190 }, // U+0431
    { 16, 18, 300, 2, 18, 72, 5301 }, // U+0432
    { 13, 18, 300, 4, 18, 59, 5373 }, // U+0433
    { 17, 23, 300, 1, 18, 98, 5432 }, // U+0434
    { 17, 18, 300, 1, 18, 77, 5530 }, // U+0435
    { 19, 18, 300, 0, 18, 86, 5607 }, // U+0436
    { 15, 18, 300, 2, 18, 68, 5693 }, // U+0437
    { 15, 18, 300, 2, 18, 68, 5761 }, // U+0438
    { 15, 24, 300, 2, 24, 90, 5829 }, // U+0439
    { 17, 18, 300, 2, 18, 77, 5919 }, // U+043A
    { 17, 18, 300, 0, 18, 77, 5996 }, // U+043B
    { 17, 18, 300, 1, 18, 77, 6073 }, // U+043C
    { 15, 18, 300, 2, 18, 68, 6150 }, // U+043D
    { 17, 18, 300, 1, 18, 77, 6218 }, // U+043E
    { 15, 18, 300, 2, 18, 68, 6295 }, // U+043F
    { 16, 24, 300, 2, 18, 96, 6363 }, // U+0440
    { 17, 18, 300, 1, 18, 77, 6459 }, // U+0441
    { 15, 18, 300, 2, 18, 68, 6536 }, // U+0442
    { 17, 24, 300, 1, 18, 102, 6604 }, // U+0443
    { 19, 32, 300, 0, 26, 152, 6706 }, // U+0444
    { 17, 18, 300, 1, 18, 77, 6858 }, // U+0445
    { 16, 23, 300, 2, 18, 92, 6935 }, // U+0446
    { 15, 18, 300, 2, 18, 68, 7027 }, // U+0447
    { 17, 18, 300, 1, 18, 77, 7095 }, // U+0448
    { 17, 23, 300, 1, 18, 98, 7172 }, // U+0449
    { 18, 18, 300, 0, 18, 81, 7270 }, // U+044A
    { 17, 18, 300, 1, 18, 77, 7351 }, // U+044B
    { 16, 18, 300, 2, 18, 72, 7428 }, // U+044C
    { 16, 18, 300, 2, 18, 72, 7500 }, // U+044D
    { 16, 18, 300, 2, 18, 72, 7572 }, // U+044E
    { 16, 18, 300, 1, 18, 72, 7644 }, // U+044F
    { 17, 27, 300, 1, 27, 115, 7716 }, // U+0450
    { 17, 25, 300, 1, 25, 107, 7831 }, // U+0451
    { 17, 32, 300, 0, 26, 136, 7938 }, // U+0452
    { 13, 27, 300, 4, 27, 88, 8074 }, // U+0453
    { 17, 18, 300, 1, 18, 77, 8162 }, // U+0454
    { 15, 18, 300, 2, 18, 68, 8239 }, // U+0455
    { 16, 25, 300, 2, 25, 100, 8307 }, // U+0456
    { 16, 25, 300, 2, 25, 100, 8407 }, // U+0457
    { 13, 31, 300, 2, 25, 101, 8507 }, // U+0458
    { 19, 18, 300, 0, 18, 86, 8608 }, // U+0459
    { 17, 18, 300, 2, 18, 77, 8694 }, // U+045A
    { 17, 26, 300, 0, 26, 111, 8771 }, // U+045B
    { 17, 27, 300, 2, 27, 115, 8882 }, // U+045C
    { 15, 27, 300, 2, 27, 102, 8997 }, // U+045D
    { 17, 30, 300, 1, 24, 128, 9099 }, // U+045E
    { 15, 23, 300, 2, 18, 87, 9227 }, // U+045F
    { 18, 25, 300, 0, 25, 113, 9314 }, // U+0462
    { 18, 26, 300, 0, 26, 117, 9427 }, // U+0463
    { 17, 24, 300, 1, 24, 102, 9544 }, // U+0472
    { 17, 18, 300, 1, 18, 77, 9646 }, // U+0473
    { 20, 24, 300, 0, 24, 120, 9723 }, // U+0474
    { 18, 18, 300, 1, 18, 81, 9843 }, // U+0475
    { 17, 36, 300, 2, 30, 153, 9924 }, // U+048A
    { 17, 31, 300, 2, 25, 132, 10077 }, // U+048B
    { 18, 24, 300, 0, 24, 108, 10209 }, // U+048C
    { 18, 19, 300, 0, 19, 86, 10317 }, // U+048D
    { 16, 24, 300, 2, 24, 96, 10403 }, // U+048E
    { 16, 24, 300, 2, 18, 96, 10499 }, // U+048F
    { 16, 28, 300, 2, 28, 112, 10595 }, // U+0490
    { 13, 22, 300, 4, 22, 72, 10707 }, // U+0491
    { 16, 24, 300, 2, 24, 96, 10779 }, // U+0492
    { 16, 18, 300, 1, 18, 72, 10875 }, // U+0493
    { 17, 30, 300, 1, 24, 128, 10947 }, // U+0494
    { 16, 24, 300, 2, 18, 96, 11075 }, // U+0495
    { 19, 30, 300, 0, 24, 143, 11171 }, // U+0496
    { 19, 23, 300, 0, 18, 110, 11314 }, // U+0497
    { 17, 30, 300, 1, 24, 128, 11424 }, // U+0498
    { 15, 24, 300, 2, 18, 90, 11552 }, // U+0499
    { 16, 30, 300, 2, 24, 120, 11642 }, // U+049A
    { 16, 23, 300, 2, 18, 92, 11762 }, // U+049B
    { 18, 24, 300, 1, 24, 108, 11854 }, // U+049C
    { 17, 18, 300, 2, 18, 77, 11962 }, // U+049D
    { 19, 24, 300, 0, 24, 114, 12039 }, // U+049E
    { 19, 19, 300, 0, 19, 91, 12153 }, // U+049F
    { 19, 24, 300, 0, 24, 114, 12244 }, // U+04A0
    { 19, 18, 300, 0, 18, 86, 12358 }, // U+04A1
    { 17, 30, 300, 1, 24, 128, 12444 }, // U+04A2
    { 16, 23, 300, 2, 18, 92, 12572 }, // U+04A3
    { 18, 24, 300, 1, 24, 108, 12664 }, // U+04A4
    { 17, 18, 300, 2, 18, 77, 12772 }, // U+04A5
    { 16, 30, 300, 2, 24, 120, 12849 }, // U+04A6
    { 16, 24, 300, 2, 18, 96, 12969 }, // U+04A7
    { 17, 30, 300, 1, 24, 128, 13065 }, // U+04A8
    { 17, 24, 300, 1, 18, 102, 13193 }, // U+04A9
    { 17, 30, 300, 1, 24, 128, 13295 }, // U+04AA
    { 17, 24, 300, 1, 18, 102, 13423 }, // U+04AB
    { 17, 30, 300, 1, 24, 128, 13525 }, // U+04AC
    { 15, 23, 300, 2, 18, 87, 13653 }, // U+04AD
    { 19, 24, 300, 0, 24, 114, 13740 }, // U+04AE
    { 17, 24, 300, 1, 18, 102, 13854 }, // U+04AF
    { 19, 24, 300, 0, 24, 114, 13956 }, // U+04B0
    { 17, 24, 300, 1, 18, 102, 14070 }, // U+04B1
    { 18, 30, 300, 0, 24, 135, 14172 }, // U+04B2
    { 17, 23, 300, 1, 18, 98, 14307 }, // U+04B3
    { 18, 30, 300, 0, 24, 135, 14405 }, // U+04B4
    { 18, 24, 300, 0, 19, 108, 14540 }, // U+04B5
    { 16, 30, 300, 2, 24, 120, 14648 }, // U+04B6
    { 16, 23, 300, 2, 18, 92, 14768 }, // U+04B7
    { 15, 24, 300, 2, 24, 90, 14860 }, // U+04B8
    { 15, 18, 300, 2, 18, 68, 14950 }, // U+04B9
    { 17, 24, 300, 1, 24, 102, 15018 }, // U+04BA
    { 15, 26, 300, 2, 26, 98, 15120 }, // U+04BB
    { 19, 24, 300, 0, 24, 114, 15218 }, // U+04BC
    { 18, 18, 300, 0, 18, 81, 15332 }, // U+04BD
    { 19, 30, 300, 0, 24, 143, 15413 }, // U+04BE
    { 18, 23, 300, 0, 18, 104, 15556 }, // U+04BF
    { 13, 24, 300, 3, 24, 78, 15660 }, // U+04C0
    { 19, 29, 300, 0, 29, 138, 15738 }, // U+04C1
    { 19, 24, 300, 0, 24, 114, 15876 }, // U+04C2
    { 17, 30, 300, 1, 24, 128, 15990 }, // U+04C3
    { 16, 24, 300, 2, 18, 96, 16118 }, // U+04C4
    { 19, 30, 300, 0, 24, 143, 16214 }, // U+04C5
    { 19, 24, 300, 0, 18, 114, 16357 }, // U+04C6
    { 17, 30, 300, 1, 24, 128, 16471 }, // U+04C7
    { 15, 24, 300, 2, 18, 90, 16599 }, // U+04C8
    { 18, 30, 300, 1, 24, 135, 16689 }, // U+04C9
    { 17, 24, 300, 2, 18, 102, 16824 }, // U+04CA
    { 15, 30, 300, 2, 24, 113, 16926 }, // U+04CB
    { 15, 23, 300, 2, 18, 87, 17039 }, // U+04CC
    { 18, 30, 300, 1, 24, 135, 17126 }, // U+04CD
    { 18, 24, 300, 1, 18, 108, 17261 }, // U+04CE
    { 13, 24, 300, 3, 24, 78, 17369 }, // U+04CF
    { 19, 29, 300, 0, 29, 138, 17447 }, // U+04D0
    { 15, 24, 300, 2, 24, 90, 17585 }, // U+04D1
    { 19, 30, 300, 0, 30, 143, 17675 }, // U+04D2
    { 15, 25, 300, 2, 25, 94, 17818 }, // U+04D3
    { 18, 24, 300, 1, 24, 108, 17912 }, // U+04D4
    { 18, 18, 300, 1, 18, 81, 18020 }, // U+04D5
    { 15, 29, 300, 3, 29, 109, 18101 }, // U+04D6
    { 17, 24, 300, 1, 24, 102, 18210 }, // U+04D7
    { 18, 24, 300, 0, 24, 108, 18312 }, // U+04D8
    { 17, 18, 300, 1, 18, 77, 18420 }, // U+04D9
    { 18, 30, 300, 0, 30, 135, 18497 }, // U+04DA
    { 17, 25, 300, 1, 25, 107, 18632 }, // U+04DB
    { 19, 30, 300, 0, 30, 143, 18739 }, // U+04DC
    { 19, 25, 300, 0, 25, 119, 18882 }, // U+04DD
    { 17, 30, 300, 1, 30, 128, 19001 }, // U+04DE
    { 15, 25, 300, 2, 25, 94, 19129 }, // U+04DF
    { 18, 24, 300, 0, 24, 108, 19223 }, // U+04E0
    { 16, 24, 300, 1, 18, 96, 19331 }, // U+04E1
    { 15, 29, 300, 2, 29, 109, 19427 }, // U+04E2
    { 15, 24, 300, 2, 24, 90, 19536 }, // U+04E3
    { 15, 30, 300, 2, 30, 113, 19626 }, // U+04E4
    { 15, 25, 300, 2, 25, 94, 19739 }, // U+04E5
    { 17, 30, 300, 1, 30, 128, 19833 }, // U+04E6
    { 17, 25, 300, 1, 25, 107, 19961 }, // U+04E7
    { 17, 24, 300, 1, 24, 102, 20068 }, // U+04E8
    { 17, 18, 300, 1, 18, 77, 20170 }, // U+04E9
    { 17, 30, 300, 1, 30, 128, 20247 }, // U+04EA
    { 17, 25, 300, 1, 25, 107, 20375 }, // U+04EB
    { 17, 30, 300, 1, 30, 128, 20482 }, // U+04EC
    { 16, 25, 300, 2, 25, 100, 20610 }, // U+04ED
    { 19, 29, 300, 0, 29, 138, 20710 }, // U+04EE
    { 17, 30, 300, 1, 24, 128, 20848 }, // U+04EF
    { 19, 30, 300, 0, 30, 143, 20976 }, // U+04F0
    { 17, 31, 300, 1, 25, 132, 21119 }, // U+04F1
    { 19, 32, 300, 0, 32, 152, 21251 }, // U+04F2
    { 17, 33, 300, 1, 27, 141, 21403 }, // U+04F3
    { 15, 30, 300, 2, 30, 113, 21544 }, // U+04F4
    { 15, 25, 300, 2, 25, 94, 21657 }, // U+04F5
    { 16, 30, 300, 2, 24, 120, 21751 }, // U+04F6
    { 13, 23, 300, 4, 18, 75, 21871 }, // U+04F7
    { 17, 30, 300, 1, 30, 128, 21946 }, // U+04F8
    { 17, 25, 300, 1, 25, 107, 22074 }, // U+04F9
    { 19, 32, 300, 0, 32, 152, 0 }, // U+1EF2
    { 17, 33, 300, 1, 27, 141, 152 }, // U+1EF3
    { 15, 3, 300, 2, 12, 12, 0 }, // U+2013
    { 19, 3, 300, 0, 12, 15, 12 }, // U+2014
    { 19, 3, 300, 0, 12, 15, 27 }, // U+2015
    { 9, 10, 300, 5, 27, 23, 42 }, // U+2018
    { 9, 10, 300, 5, 27, 23, 65 }, // U+2019
    { 9, 10, 300, 5, 5, 23, 88 }, // U+201A
    { 17, 10, 300, 1, 24, 43, 111 }, // U+201C
    { 17, 10, 300, 1, 24, 43, 154 }, // U+201D
    { 17, 10, 300, 1, 5, 43, 197 }, // U+201E
    { 15, 29, 300, 2, 24, 109, 240 }, // U+2020
    { 15, 29, 300, 2, 24, 109, 349 }, // U+2021
    { 11, 11, 300, 4, 18, 31, 458 }, // U+2022
    { 17, 5, 300, 1, 5, 22, 489 }, // U+2026
    { 19, 24, 300, 0, 24, 114, 511 }, // U+2030
    { 8, 15, 300, 5, 17, 30, 625 }, // U+2039
    { 8, 15, 300, 6, 17, 30, 655 }, // U+203A
    { 19, 24, 300, 0, 24, 114, 685 }, // U+2044
    { 11, 13, 300, 4, 24, 36, 0 }, // U+2070
    { 12, 13, 300, 3, 24, 39, 36 }, // U+2074
    { 11, 13, 300, 4, 24, 36, 75 }, // U+2075
    { 11, 13, 300, 4, 24, 36, 111 }, // U+2076
    { 10, 13, 300, 5, 24, 33, 147 }, // U+2077
    { 11, 13, 300, 4, 24, 36, 180 }, // U+2078
    { 10, 13, 300, 5, 24, 33, 216 }, // U+2079
    { 11, 13, 300, 4, 13, 36, 249 }, // U+2080
    { 11, 13, 300, 4, 13, 36, 285 }, // U+2081
    { 11, 13, 300, 4, 13, 36, 321 }, // U+2082
    { 11, 13, 300, 4, 13, 36, 357 }, // U+2083
    { 12, 13, 300, 3, 13, 39, 393 }, // U+2084
    { 11, 13, 300, 4, 13, 36, 432 }, // U+2085
    { 11, 13, 300, 4, 13, 36, 468 }, // U+2086
    { 10, 13, 300, 5, 13, 33, 504 }, // U+2087
    { 11, 13, 300, 4, 13, 36, 537 }, // U+2088
    { 10, 13, 300, 5, 13, 33, 573 }, // U+2089
    { 17, 24, 300, 1, 24, 102, 0 }, // U+20AC
    { 17, 24, 300, 1, 24, 102, 102 }, // U+20AE
    { 17, 24, 300, 1, 24, 102, 204 }, // U+20B4
    { 16, 24, 300, 2, 24, 96, 306 }, // U+20B9
    { 16, 26, 300, 1, 26, 104, 0 }, // U+2202
    { 19, 24, 300, 0, 24, 114, 104 }, // U+2206
    { 15, 28, 300, 2, 24, 105, 218 }, // U+220F
    { 16, 28, 300, 1, 24, 112, 323 }, // U+2211
    { 17, 3, 300, 1, 12, 13, 435 }, // U+2212
    { 19, 24, 300, 0, 24, 114, 448 }, // U+2215
    { 7, 5, 300, 6, 13, 9, 562 }, // U+2219
    { 18, 27, 300, 1, 27, 122, 571 }, // U+221A
    { 17, 10, 300, 1, 15, 43, 693 }, // U+221E
    { 15, 30, 300, 2, 24, 113, 736 }, // U+222B
    { 17, 14, 300, 1, 17, 60, 849 }, // U+2248
    { 17, 19, 300, 1, 20, 81, 909 }, // U+2260
    { 17, 19, 300, 1, 19, 81, 990 }, // U+2264
    { 17, 19, 300, 1, 19, 81, 1071 }, // U+2265
    { 17, 26, 300, 1, 26, 111, 0 }, // U+FB01
    { 18, 26, 300, 1, 26, 117, 111 }, // U+FB02
    { 19, 19, 300, 0, 18, 91, 0 }, // U+FFFD
};

static const EpdUnicodeInterval ubuntumono_18_regularIntervals[] = {
    { 0x0, 0x0, 0x0 },
    { 0x8, 0x9, 0x1 },
    { 0xD, 0xD, 0x3 },
    { 0x1D, 0x1D, 0x4 },
    { 0x20, 0x7E, 0x5 },
    { 0xA0, 0xFF, 0x64 },
    { 0x100, 0x17F, 0xC4 },
    { 0x1A0, 0x1A1, 0x144 },
    { 0x1AF, 0x1B0, 0x146 },
    { 0x1C4, 0x21F, 0x148 },
    { 0x311, 0x311, 0x1A4 },
    { 0x400, 0x45F, 0x1A5 },
    { 0x462, 0x463, 0x205 },
    { 0x472, 0x475, 0x207 },
    { 0x48A, 0x4F9, 0x20B },
    { 0x1EF2, 0x1EF3, 0x27B },
    { 0x2013, 0x2015, 0x27D },
    { 0x2018, 0x201A, 0x280 },
    { 0x201C, 0x201E, 0x283 },
    { 0x2020, 0x2022, 0x286 },
    { 0x2026, 0x2026, 0x289 },
    { 0x2030, 0x2030, 0x28A },
    { 0x2039, 0x203A, 0x28B },
    { 0x2044, 0x2044, 0x28D },
    { 0x2070, 0x2070, 0x28E },
    { 0x2074, 0x2079, 0x28F },
    { 0x2080, 0x2089, 0x295 },
    { 0x20AC, 0x20AC, 0x29F },
    { 0x20AE, 0x20AE, 0x2A0 },
    { 0x20B4, 0x20B4, 0x2A1 },
    { 0x20B9, 0x20B9, 0x2A2 },
    { 0x2202, 0x2202, 0x2A3 },
    { 0x2206, 0x2206, 0x2A4 },
    { 0x220F, 0x220F, 0x2A5 },
    { 0x2211, 0x2212, 0x2A6 },
    { 0x2215, 0x2215, 0x2A8 },
    { 0x2219, 0x221A, 0x2A9 },
    { 0x221E, 0x221E, 0x2AB },
    { 0x222B, 0x222B, 0x2AC },
    { 0x2248, 0x2248, 0x2AD },
    { 0x2260, 0x2260, 0x2AE },
    { 0x2264, 0x2265, 0x2AF },
    { 0xFB01, 0xFB02, 0x2B1 },
    { 0xFFFD, 0xFFFD, 0x2B3 },
};

static const EpdFontGroup ubuntumono_18_regularGroups[] = {
    { 0, 3189, 8752, 100, 0 },
    { 3189, 2681, 10166, 96, 100 },
    { 5870, 3245, 15925, 128, 196 },
    { 9115, 3409, 12695, 96, 324 },
    { 12524, 14, 12, 1, 420 },
    { 12538, 6301, 24506, 214, 421 },
    { 18839, 180, 325, 2, 635 },
    { 19019, 358, 872, 17, 637 },
    { 19377, 265, 663, 17, 654 },
    { 19642, 212, 456, 4, 671 },
    { 19854, 500, 1253, 14, 675 },
    { 20354, 93, 260, 2, 689 },
    { 20447, 77, 95, 1, 691 },
};

static const EpdFontData ubuntumono_18_regular = {
    ubuntumono_18_regularBitmaps,
    ubuntumono_18_regularGlyphs,
    ubuntumono_18_regularIntervals,
    44,
    38,
    32,
    -7,
    true,
    ubuntumono_18_regularGroups,
    13,
    nullptr,
    nullptr,
    nullptr,
    nullptr,
    0,
    0,
    0,
    0,
    nullptr,
    0,
};
