/**
 * generated by fontconvert.py
 * name: ubuntumono_12_bold
 * size: 12
 * mode: 2-bit  compressed: true
 * Command used: fontconvert.py ubuntumono_12_bold 12 ../builtinFonts/source/UbuntuMono/UbuntuMono-Bold.ttf --2bit --compress
 */
#pragma once
#include "EpdFontData.h"

static const uint8_t ubuntumono_12_boldBitmaps[12394] = {
    0x8D, 0x57, 0xBF, 0x8F, 0xDC, 0xC6, 0x15, 0x7E, 0x5C, 0xC6, 0x47, 0x04, 0x44, 0x4C, 0x17, 0x2E,
    0x94, 0x5C, 0x00, 0x36, 0x6A, 0x02, 0x44, 0x66, 0xA3, 0x22, 0x85, 0xC8, 0x59, 0xC0, 0x85, 0x8B,
    0x34, 0xEE, 0xD3, 0xBA, 0x48, 0x80, 0x00, 0xF2, 0x1F, 0xB0, 0xC7, 0xE1, 0xC1, 0x85, 0x4B, 0xA9,
    0x4B, 0xAB, 0x3E, 0x4D, 0x8A, 0x18, 0x10, 0x10, 0x71, 0x49, 0x49, 0x7F, 0x80, 0x19, 0xBB, 0x48,
    0x91, 0x22, 0x4C, 0x4E, 0x7F, 0xC0, 0x04, 0x1E, 0xE0, 0x28, 0x68, 0xC8, 0x97, 0xEF, 0x0D, 0xC9,
    0xBD, 0xBD, 0xD3, 0x49, 0x0E, 0xF9, 0xCD, 0x82, 0x1C, 0xCE, 0xBC, 0x79, 0xF3, 0x7E, 0x7C, 0x6F,
    0xB6, 0xA1, 0xE6, 0x70, 0x6B, 0xDC, 0x05, 0x6E, 0xB9, 0x4A, 0xE2, 0x6D, 0x49, 0xA3, 0xDA, 0x02,
    0x35, 0x90, 0xD1, 0xB3, 0x8C, 0x76, 0x29, 0x3D, 0xF8, 0x90, 0x68, 0xD8, 0x11, 0xD9, 0x67, 0x14,
    0x18, 0x87, 0x36, 0x50, 0xC3, 0x7C, 0x68, 0xD1, 0x4B, 0x73, 0xED, 0x3D, 0xF9, 0x6D, 0x4B, 0x69,
    0xD2, 0x52, 0x96, 0x54, 0x68, 0x5B, 0x12, 0xE9, 0x05, 0x05, 0xFC, 0x38, 0x66, 0x97, 0xB2, 0xCB,
    0xDA, 0x8F, 0x33, 0x0C, 0x98, 0x28, 0xE1, 0x7E, 0xC3, 0x8E, 0x4E, 0x47, 0xA2, 0xE9, 0xE7, 0x34,
    0x65, 0x3C, 0x2A, 0x76, 0x11, 0xF7, 0xA4, 0x96, 0x29, 0x69, 0x95, 0x90, 0xEE, 0x72, 0xFA, 0xC6,
    0xEC, 0xE8, 0x2F, 0xC6, 0xD0, 0x37, 0x17, 0x1D, 0xE9, 0x7F, 0x56, 0x94, 0x3E, 0x82, 0xB2, 0x39,
    0xDA, 0x53, 0x47, 0xF4, 0x03, 0x53, 0xF8, 0x8F, 0x6F, 0x29, 0xFE, 0xFA, 0x11, 0xA5, 0xD1, 0xB7,
    0x94, 0x87, 0x4C, 0x4F, 0x09, 0x4A, 0x4E, 0x44, 0x31, 0x63, 0x1D, 0xEE, 0x28, 0xFD, 0xAC, 0xA3,
    0xE4, 0x51, 0x8B, 0x77, 0xA2, 0x68, 0xC8, 0x29, 0x75, 0x39, 0x29, 0xBD, 0xA3, 0x5D, 0xE2, 0x68,
    0x17, 0x0D, 0x54, 0x46, 0x96, 0xB0, 0x34, 0xC6, 0x8E, 0x14, 0x8D, 0x8A, 0xB4, 0xD6, 0xAA, 0xC8,
    0xEF, 0xD1, 0x4F, 0x09, 0xC6, 0x81, 0xA0, 0xD0, 0x52, 0xD2, 0x53, 0xDA, 0x8A, 0x62, 0x4A, 0xCC,
    0x44, 0x35, 0xD1, 0x33, 0x0F, 0x3C, 0x9C, 0x79, 0x6D, 0xD1, 0x9F, 0x56, 0x94, 0x74, 0x04, 0x59,
    0xC1, 0x28, 0x13, 0x31, 0xFD, 0x2E, 0xD1, 0x1E, 0x8F, 0xAD, 0x4C, 0x87, 0x90, 0xC0, 0xF9, 0x09,
    0x25, 0x2D, 0x82, 0xB2, 0x15, 0xF3, 0x2B, 0x3E, 0x39, 0xDA, 0x58, 0x8A, 0x0D, 0xA9, 0x56, 0x04,
    0x60, 0x3A, 0x0D, 0x82, 0xFB, 0xF6, 0x89, 0xFE, 0x9B, 0x69, 0xD8, 0x6E, 0x46, 0x4A, 0xFE, 0xB5,
    0x4D, 0x1F, 0xB5, 0xD1, 0xC9, 0xF2, 0x69, 0x06, 0xF3, 0x30, 0xE3, 0xB8, 0x33, 0xA9, 0xB2, 0x2E,
    0xEB, 0x93, 0x3E, 0xEC, 0xD2, 0xB6, 0xA1, 0xBF, 0x92, 0x9A, 0xE4, 0x16, 0x27, 0x8B, 0x9B, 0x29,
    0x34, 0x14, 0x19, 0x8A, 0x61, 0x9A, 0x56, 0xF6, 0x96, 0x55, 0xA2, 0x83, 0xF6, 0x1A, 0x3B, 0x51,
    0x75, 0x33, 0xAC, 0x43, 0xFA, 0x5B, 0x86, 0x50, 0x53, 0x45, 0x6C, 0x12, 0x1E, 0xB2, 0xE7, 0x4E,
    0x51, 0xAD, 0xEE, 0x9D, 0x15, 0xB8, 0xEE, 0x15, 0x88, 0x25, 0x45, 0x67, 0xE8, 0x41, 0x3F, 0xBE,
    0x62, 0x4C, 0xD0, 0x54, 0xB0, 0x11, 0x34, 0xCF, 0x46, 0x6A, 0x46, 0xCA, 0x6B, 0xBF, 0xD3, 0xB7,
    0xA0, 0xD8, 0xCE, 0x88, 0x46, 0x3C, 0xB7, 0x0D, 0xF7, 0x79, 0xE2, 0x97, 0x8F, 0xBC, 0x86, 0x5A,
    0x54, 0xC2, 0x5B, 0xE2, 0xBD, 0xA0, 0x79, 0x68, 0x3C, 0xE2, 0x11, 0xCF, 0x95, 0xE6, 0xEE, 0x2E,
    0x4C, 0x0C, 0x45, 0xD3, 0x2E, 0xE2, 0x6D, 0xC4, 0x95, 0x84, 0x11, 0xEC, 0x18, 0xDA, 0xCF, 0x63,
    0xD8, 0xCD, 0x30, 0xB7, 0x58, 0x5D, 0xF6, 0x03, 0x99, 0xCA, 0x10, 0x9B, 0xCD, 0xA5, 0x89, 0xBE,
    0x37, 0xC9, 0x57, 0x46, 0x85, 0x46, 0x33, 0xCF, 0x90, 0x01, 0x2B, 0x22, 0x51, 0x5E, 0x10, 0x23,
    0x70, 0x00, 0x1F, 0xAF, 0x09, 0x5B, 0x8A, 0x9C, 0x18, 0x88, 0xDC, 0xC7, 0x1B, 0xA7, 0x78, 0x50,
    0xDC, 0x9F, 0x4E, 0x5B, 0x3A, 0xED, 0x03, 0xEE, 0x63, 0xEE, 0x53, 0x44, 0x52, 0x45, 0xFA, 0x0F,
    0x48, 0x04, 0x6C, 0xC1, 0x4C, 0xBF, 0x33, 0x2E, 0xB4, 0xF5, 0xC6, 0xEA, 0xC8, 0x60, 0x64, 0xCA,
    0xED, 0xC9, 0x04, 0x67, 0xD9, 0x19, 0xA2, 0x61, 0xB2, 0x9A, 0x75, 0x36, 0xFB, 0x20, 0x01, 0x70,
    0x30, 0x3B, 0x9C, 0x13, 0x70, 0x15, 0xB3, 0x95, 0xB4, 0x39, 0x77, 0xD9, 0xD6, 0xA5, 0xED, 0x10,
    0xBF, 0x31, 0x21, 0x77, 0xC9, 0xD7, 0x43, 0x06, 0xB3, 0x53, 0xA9, 0x2A, 0x64, 0x0E, 0x4C, 0x6D,
    0x37, 0x5C, 0x9D, 0x8C, 0x88, 0xE1, 0x16, 0x0B, 0xED, 0x23, 0x59, 0x77, 0xDC, 0xD8, 0xE6, 0x4F,
    0x56, 0xCB, 0x74, 0x13, 0xFC, 0x19, 0x6B, 0xF5, 0x41, 0x83, 0xAF, 0xA4, 0x06, 0x51, 0xF2, 0x10,
    0x08, 0xCB, 0xB5, 0xBE, 0x47, 0x7D, 0x62, 0x13, 0x1B, 0xF5, 0x6B, 0xFF, 0xF2, 0x6E, 0xC9, 0x44,
    0xBD, 0xAA, 0xEE, 0xA1, 0xE7, 0x4B, 0x28, 0x1E, 0xB0, 0xCD, 0xB8, 0xE2, 0x57, 0x98, 0x44, 0xF8,
    0x4D, 0xB9, 0x0A, 0xE6, 0x0D, 0xD1, 0x97, 0x57, 0xC1, 0xE8, 0xAF, 0xC3, 0xEB, 0x17, 0x08, 0x1A,
    0x0C, 0x1E, 0xE8, 0x14, 0x39, 0xD9, 0x60, 0xB0, 0xC5, 0xEF, 0x29, 0x3F, 0x46, 0x0F, 0xFA, 0xF1,
    0x15, 0x36, 0x56, 0x5E, 0xFD, 0x3B, 0xE2, 0xF9, 0x5E, 0xB2, 0x09, 0x7A, 0x4E, 0x4B, 0x24, 0xCE,
    0xD7, 0xC6, 0x3B, 0x00, 0xBF, 0xD4, 0x3C, 0x0E, 0xD9, 0x26, 0x2D, 0x28, 0x2A, 0xCF, 0xE3, 0xE9,
    0x81, 0x9A, 0x76, 0x7A, 0xDA, 0xD5, 0xC5, 0x53, 0x27, 0xD8, 0x01, 0x75, 0xF1, 0x40, 0x4F, 0x79,
    0x36, 0xA5, 0xF1, 0x80, 0xE0, 0x10, 0xAA, 0x79, 0xE8, 0xC0, 0x78, 0x24, 0x2A, 0x13, 0xA8, 0x21,
    0x78, 0xD3, 0x52, 0x78, 0xD9, 0x51, 0x78, 0xD1, 0x13, 0x62, 0x81, 0xE2, 0x17, 0xC8, 0xF3, 0xE7,
    0x03, 0xF6, 0xE2, 0x08, 0x26, 0x85, 0x2E, 0x88, 0x44, 0xF8, 0x45, 0x28, 0x72, 0x8F, 0x27, 0x3D,
    0xCD, 0x5E, 0xED, 0xEB, 0xC8, 0xD4, 0xA1, 0xA9, 0xE3, 0xBE, 0xE1, 0x6A, 0xF6, 0x73, 0x1D, 0x0E,
    0x75, 0x30, 0xE0, 0x17, 0xCF, 0x18, 0xF0, 0x10, 0xE4, 0xF3, 0x70, 0xD8, 0xF0, 0x14, 0xF3, 0x98,
    0xF6, 0xBF, 0x54, 0x6B, 0xDE, 0xCC, 0x90, 0x6C, 0x07, 0x33, 0x62, 0x97, 0x3C, 0x86, 0x3C, 0x91,
    0x1E, 0xB4, 0x10, 0x6A, 0x25, 0x92, 0x63, 0x88, 0x42, 0xBC, 0x40, 0x9A, 0x5B, 0x80, 0x67, 0xF4,
    0xA4, 0x10, 0xDB, 0x35, 0xBC, 0xC5, 0x48, 0xCD, 0x66, 0x46, 0xE9, 0xA9, 0x44, 0x73, 0x3B, 0x63,
    0x7E, 0x5D, 0x3B, 0x87, 0x15, 0xD7, 0x06, 0xFB, 0x4F, 0xDD, 0x8C, 0xE3, 0xF1, 0x33, 0xE8, 0x21,
    0xF4, 0x19, 0x13, 0xB0, 0x74, 0x7F, 0xE7, 0x48, 0xE7, 0x3D, 0x00, 0x3B, 0xA8, 0xED, 0x3E, 0xEB,
    0xF6, 0x09, 0x4F, 0xA2, 0x73, 0x33, 0xB9, 0x8D, 0x3D, 0xC6, 0x21, 0xA8, 0x6F, 0xF4, 0xCF, 0xF0,
    0x66, 0x11, 0x04, 0x9E, 0x5A, 0x6E, 0xC5, 0x61, 0x4C, 0xBA, 0xE2, 0x38, 0x1D, 0xAF, 0x10, 0x99,
    0xFB, 0x69, 0xAF, 0xC5, 0x1A, 0x55, 0xFA, 0x9A, 0x10, 0xE6, 0x2E, 0x36, 0x2E, 0x69, 0x9D, 0xAA,
    0x9C, 0xA6, 0xD1, 0x11, 0xC2, 0x10, 0x98, 0x46, 0x72, 0x0D, 0xA1, 0xD8, 0xB8, 0xA4, 0x77, 0x92,
    0x0D, 0x83, 0x0B, 0x9C, 0x5A, 0xA9, 0xF6, 0x7D, 0x90, 0x9C, 0x16, 0x48, 0xF5, 0xAB, 0x9C, 0x02,
    0xBD, 0xBD, 0x18, 0x8B, 0xEF, 0xC7, 0xFC, 0xB2, 0xCE, 0xB9, 0xCC, 0x9B, 0x22, 0xD7, 0x45, 0x9E,
    0x17, 0xA8, 0x20, 0x67, 0x47, 0x70, 0x81, 0x9D, 0x02, 0xCB, 0xC0, 0xB9, 0xE5, 0xE7, 0x96, 0xFF,
    0x6D, 0xC7, 0xFF, 0x5A, 0x37, 0x5A, 0x57, 0x58, 0x97, 0x59, 0x97, 0x40, 0x49, 0xEB, 0x22, 0x2B,
    0xDA, 0x06, 0x36, 0xB8, 0xC6, 0x9D, 0xB0, 0x6D, 0x89, 0x10, 0x9B, 0x21, 0x09, 0x4D, 0x7B, 0xF4,
    0xA7, 0x20, 0x1E, 0xCF, 0x9D, 0x8D, 0x44, 0x1D, 0x22, 0xCD, 0xD6, 0xD1, 0x1A, 0x15, 0xD1, 0x1C,
    0x66, 0x1D, 0x3E, 0xDD, 0xA0, 0xD1, 0xE0, 0x06, 0x2B, 0xBF, 0x25, 0x59, 0x3D, 0x1F, 0x11, 0xDE,
    0x22, 0x99, 0xE1, 0xE0, 0xCF, 0x29, 0x9B, 0x08, 0x14, 0x4A, 0x7F, 0x6C, 0x5E, 0xAF, 0xB1, 0x1D,
    0xFB, 0xD8, 0x96, 0xF0, 0x36, 0x7E, 0x5D, 0x74, 0x82, 0xCC, 0xAB, 0x3A, 0xE9, 0x7C, 0xD8, 0x5B,
    0x28, 0x70, 0x32, 0x6D, 0x33, 0x16, 0x17, 0xEC, 0x83, 0x76, 0x94, 0x44, 0x44, 0x69, 0x91, 0x42,
    0x1B, 0xC0, 0x65, 0x48, 0xEA, 0x8D, 0xFD, 0x22, 0xB2, 0x9E, 0x74, 0x3B, 0x54, 0xF9, 0x2B, 0x72,
    0xD5, 0xF4, 0xA3, 0x50, 0x73, 0xA4, 0xBD, 0x13, 0xB5, 0x3A, 0x17, 0xFD, 0x67, 0xB6, 0xF3, 0x39,
    0xE9, 0x27, 0x95, 0x68, 0x35, 0x81, 0x1E, 0x51, 0x83, 0x9D, 0xCF, 0xE1, 0x04, 0xB9, 0x2C, 0x39,
    0x2D, 0xB9, 0x2D, 0x39, 0xBE, 0x41, 0xAE, 0x13, 0xB6, 0xEC, 0x73, 0xBF, 0x91, 0xA2, 0x7D, 0xEC,
    0xBE, 0x22, 0xFF, 0x55, 0x91, 0x17, 0xDE, 0xB3, 0x70, 0xF1, 0x65, 0x5D, 0x5C, 0x8C, 0x70, 0x3A,
    0x6C, 0x85, 0x00, 0x40, 0x18, 0xC8, 0x02, 0xD9, 0x22, 0x38, 0xBA, 0x80, 0xD0, 0x37, 0xC2, 0xCB,
    0xED, 0x22, 0x6C, 0x26, 0x93, 0xF0, 0x4D, 0xEF, 0xBF, 0x25, 0x2F, 0x06, 0xAF, 0x04, 0xB2, 0x65,
    0x39, 0x5D, 0x29, 0x4F, 0x22, 0x7E, 0x7E, 0x8B, 0xF6, 0x9D, 0xBD, 0x2E, 0x43, 0xE6, 0x63, 0xEF,
    0xB7, 0xB5, 0x43, 0x46, 0xF8, 0x2A, 0xB1, 0x95, 0x63, 0x06, 0x32, 0xC5, 0xD7, 0x07, 0x54, 0xA4,
    0x64, 0xCE, 0xD0, 0x35, 0xEF, 0x14, 0xFB, 0x9B, 0xDE, 0x7B, 0xFB, 0x31, 0xFB, 0x95, 0x85, 0x50,
    0x78, 0x50, 0xD5, 0x21, 0x1B, 0xA5, 0x26, 0xF2, 0xB9, 0x05, 0xA6, 0x0D, 0xE6, 0xF2, 0xF6, 0xEE,
    0x41, 0x7A, 0x92, 0x1B, 0x26, 0x79, 0xCF, 0xBD, 0x8C, 0x91, 0x7D, 0xC0, 0xE8, 0x1B, 0xF0, 0x7D,
    0x74, 0x89, 0x5D, 0x7C, 0x37, 0x50, 0x86, 0x88, 0x11, 0xAB, 0xFC, 0x82, 0x7E, 0x83, 0xCA, 0x80,
    0x8A, 0xB3, 0xB4, 0x9F, 0x61, 0xA1, 0xD4, 0x04, 0x4F, 0x4E, 0x27, 0x70, 0x6F, 0x8B, 0xF0, 0xC2,
    0x62, 0x08, 0x53, 0xE5, 0xF7, 0x3F, 0x86, 0x82, 0xC6, 0xBF, 0xC6, 0xFC, 0xE4, 0x26, 0x73, 0x35,
    0x5B, 0xCF, 0x68, 0x46, 0x7F, 0x66, 0xCB, 0xCD, 0x50, 0x06, 0x1E, 0x78, 0x88, 0xAC, 0xE7, 0xBE,
    0x16, 0x41, 0x1E, 0x34, 0x52, 0xBB, 0x31, 0x5D, 0x57, 0x1F, 0x61, 0x6B, 0xA3, 0x87, 0xEC, 0xB1,
    0xFA, 0x08, 0x47, 0x0E, 0x24, 0x4C, 0xD0, 0xBC, 0xBA, 0x41, 0x48, 0x9B, 0xD7, 0x88, 0x33, 0x87,
    0x42, 0xA0, 0xBE, 0x72, 0x2A, 0x70, 0xDA, 0x03, 0x0F, 0x60, 0x84, 0x4C, 0x52, 0xC8, 0x05, 0xA8,
    0x7B, 0x87, 0x7C, 0x3B, 0x77, 0x72, 0xEC, 0xE1, 0x69, 0xC1, 0xF6, 0x4E, 0x2A, 0x87, 0x07, 0xB0,
    0xDA, 0x2B, 0x7F, 0xC0, 0x45, 0x12, 0x61, 0xBB, 0x90, 0xFA, 0x81, 0xD8, 0x78, 0x2E, 0x2D, 0x4B,
    0x93, 0xF7, 0x1F, 0x6B, 0xD0, 0x6E, 0x3E, 0x3C, 0x2B, 0xF0, 0x1C, 0xAD, 0x38, 0x77, 0xBE, 0xF2,
    0xBB, 0xCD, 0x24, 0x3E, 0xBB, 0x13, 0x0E, 0x99, 0x6C, 0x51, 0xCE, 0x23, 0x37, 0x2C, 0x24, 0xAE,
    0x90, 0x1A, 0xD1, 0x97, 0xB1, 0x29, 0xC3, 0xDB, 0x41, 0x48, 0x5C, 0x27, 0xC0, 0x03, 0x2E, 0xE5,
    0x16, 0xD0, 0x31, 0xC4, 0x68, 0x1F, 0xC8, 0x29, 0x0E, 0x09, 0x1F, 0x0F, 0xFE, 0xE8, 0x5A, 0xF9,
    0x62, 0xE6, 0xA7, 0x48, 0xED, 0x16, 0x48, 0xB4, 0xBC, 0x03, 0xF7, 0x33, 0xA8, 0x81, 0x4A, 0x47,
    0xA7, 0xC3, 0xCD, 0xEA, 0x03, 0x77, 0x95, 0x49, 0x57, 0x66, 0x95, 0x70, 0x96, 0x23, 0x6D, 0x49,
    0x8F, 0xC2, 0x5F, 0x65, 0xDA, 0x96, 0x49, 0x5F, 0x86, 0xF0, 0xAD, 0xBB, 0x5D, 0xAB, 0xB7, 0x95,
    0x9C, 0xAE, 0x94, 0xCC, 0x2E, 0x11, 0x05, 0xA3, 0xE6, 0x69, 0x77, 0x56, 0xEC, 0x72, 0xB5, 0xCB,
    0xB3, 0x5D, 0x91, 0xED, 0xE8, 0x1A, 0xB2, 0xFF, 0xC3, 0x3E, 0xA0, 0xD6, 0x58, 0xAA, 0x12, 0xFC,
    0x3F, 0x7A, 0x2E, 0xD2, 0x1E, 0xFB, 0x99, 0x91, 0x66, 0xAE, 0x5E, 0xE5, 0x18, 0xD9, 0xCB, 0x51,
    0x24, 0xEA, 0x25, 0x12, 0x3B, 0xDD, 0x5C, 0x73, 0xCD, 0xED, 0x6E, 0x25, 0x29, 0x65, 0x8B, 0x67,
    0xF9, 0xDA, 0xDE, 0x4E, 0x71, 0xE2, 0xE2, 0x0E, 0x87, 0xD9, 0x91, 0xB6, 0xE3, 0x1A, 0xC5, 0x37,
    0x70, 0xC2, 0x55, 0xC6, 0x9D, 0xC2, 0x5A, 0x54, 0xA9, 0x2D, 0xA5, 0x08, 0x30, 0x78, 0x24, 0x36,
    0x77, 0xE5, 0x9C, 0x2B, 0x55, 0x03, 0x19, 0x46, 0xBF, 0x97, 0x93, 0x26, 0x70, 0x08, 0xD8, 0xF9,
    0xF5, 0x0A, 0xEE, 0x27, 0x84, 0x2A, 0x0F, 0x64, 0xAF, 0xF7, 0xA1, 0x79, 0x1B, 0x30, 0x88, 0xFE,
    0x54, 0xD2, 0x31, 0x63, 0x9C, 0x94, 0x1F, 0xEF, 0x3D, 0xBD, 0x80, 0x86, 0xB7, 0xF5, 0x81, 0x29,
    0x93, 0x97, 0x38, 0xE2, 0x2D, 0x4C, 0x27, 0x2A, 0x04, 0x9E, 0x7E, 0xFD, 0x41, 0x13, 0xFF, 0x9C,
    0x52, 0xDF, 0xE0, 0x8A, 0xB9, 0xE9, 0x4F, 0xE8, 0x41, 0xF3, 0x09, 0xE5, 0x0C, 0x32, 0xBE, 0x84,
    0x8C, 0x0B, 0x1C, 0xC1, 0x5E, 0x82, 0xCE, 0x45, 0x4E, 0x65, 0x3D, 0x83, 0xA6, 0x60, 0xCF, 0x59,
    0x5E, 0x7F, 0xC5, 0x9C, 0xC7, 0xEC, 0x02, 0xE6, 0x95, 0x12, 0xA0, 0xE6, 0x92, 0x80, 0x92, 0x85,
    0x19, 0xA0, 0xDC, 0xF8, 0xEF, 0x43, 0xF4, 0x1F, 0x13, 0xFE, 0x60, 0x02, 0x4C, 0xC4, 0xBC, 0x06,
    0xFF, 0x20, 0xB6, 0xC2, 0x6C, 0x93, 0x04, 0x92, 0x84, 0x19, 0x8E, 0x99, 0xDC, 0x7B, 0x74, 0x42,
    0xB3, 0xA5, 0x18, 0x3B, 0x9C, 0xFF, 0x1A, 0x21, 0xBA, 0xD7, 0x13, 0x14, 0x69, 0xFF, 0xBF, 0x01,
    0xC0, 0x21, 0xDD, 0x5C, 0x01, 0x23, 0x75, 0x4F, 0x7A, 0x2B, 0xBF, 0xA1, 0xB9, 0xF6, 0x49, 0x46,
    0xB2, 0xCC, 0xC2, 0x5C, 0x7D, 0xEB, 0x85, 0x89, 0x83, 0x44, 0xBB, 0xB8, 0xF7, 0xD9, 0x11, 0x40,
    0x4D, 0x6A, 0xFD, 0xB3, 0xB2, 0xBF, 0xFE, 0xC9, 0xF9, 0xEC, 0x18, 0x64, 0xB9, 0xA8, 0xFF, 0x10,
    0x0E, 0xCE, 0xC4, 0x8D, 0x74, 0x96, 0x39, 0xFA, 0x35, 0xD6, 0xFC, 0x1F, 0xAD, 0x57, 0xB1, 0x6E,
    0xDC, 0x46, 0x10, 0x1D, 0x92, 0x8E, 0xE9, 0x84, 0x36, 0x98, 0xC2, 0x85, 0x00, 0x29, 0x60, 0x11,
    0x37, 0x29, 0x8C, 0x4D, 0xE1, 0xC2, 0x45, 0xEE, 0x96, 0x89, 0x0B, 0x17, 0x29, 0xF4, 0x09, 0xF1,
    0x0F, 0x18, 0x6E, 0x94, 0x4E, 0x3A, 0x52, 0x50, 0x91, 0xC2, 0x85, 0xF5, 0x07, 0xD6, 0x0F, 0x04,
    0x4E, 0x91, 0xF2, 0xEE, 0x48, 0x59, 0x85, 0x8B, 0x34, 0xB4, 0x55, 0xBA, 0x08, 0x1D, 0x05, 0x48,
    0x11, 0x18, 0x66, 0xE0, 0x05, 0x42, 0xC0, 0x4B, 0x6E, 0xDE, 0x2C, 0xCF, 0x97, 0x33, 0xA5, 0x58,
    0x77, 0x88, 0x8F, 0xB3, 0x3C, 0xEE, 0x72, 0xDF, 0xEE, 0x72, 0x67, 0xE6, 0xCD, 0xEC, 0x88, 0x4C,
    0x3C, 0x22, 0xFE, 0x0D, 0x71, 0x25, 0xF6, 0xCA, 0x16, 0x2E, 0x92, 0x33, 0x71, 0x4D, 0x15, 0x9A,
    0x4A, 0x9A, 0x32, 0x49, 0x69, 0x4A, 0xD4, 0x58, 0xC1, 0x43, 0x92, 0x7E, 0x2A, 0xED, 0x2B, 0x74,
    0x98, 0x77, 0x26, 0xA1, 0xC8, 0x68, 0xD7, 0xD4, 0x5E, 0x7D, 0xD5, 0xAB, 0xA8, 0x13, 0x60, 0x3B,
    0xE1, 0x6A, 0x49, 0xBE, 0x69, 0x20, 0x81, 0x69, 0xAE, 0xD0, 0x35, 0x92, 0x59, 0x8B, 0xF7, 0x2D,
    0x85, 0xA6, 0xA6, 0xF0, 0x50, 0x53, 0x94, 0x6A, 0xFB, 0xCF, 0x75, 0x6E, 0xE7, 0xF7, 0x97, 0xD1,
    0x2F, 0xC1, 0xE0, 0x12, 0xD3, 0x0A, 0xFB, 0xBE, 0xA6, 0xE0, 0x19, 0xC6, 0x7A, 0x5D, 0x92, 0x63,
    0x72, 0x12, 0x46, 0xDB, 0x82, 0x4E, 0xB6, 0xF4, 0xEB, 0xC9, 0xDB, 0x1F, 0x2D, 0x3C, 0xBB, 0x26,
    0x8D, 0xEC, 0x67, 0xC9, 0xDD, 0x7D, 0x91, 0x52, 0xC8, 0xCB, 0x28, 0x46, 0xEB, 0xD5, 0xD8, 0xAD,
    0x92, 0xBD, 0x4A, 0x98, 0xD2, 0xC5, 0xC8, 0x51, 0x79, 0x23, 0xA8, 0x12, 0x53, 0x65, 0xA6, 0x58,
    0x6F, 0xE3, 0xED, 0x88, 0x1A, 0xC9, 0x77, 0x27, 0x4B, 0x03, 0x53, 0x45, 0xB1, 0xFE, 0x2A, 0xB9,
    0x7E, 0xD3, 0x84, 0xDF, 0x17, 0x2C, 0x78, 0x40, 0x35, 0x8A, 0xC7, 0x78, 0x85, 0x0E, 0x51, 0x4D,
    0x51, 0x8B, 0xB5, 0xD0, 0xC5, 0x47, 0x34, 0xBC, 0x47, 0x3B, 0x11, 0xC6, 0xE7, 0x16, 0x37, 0xDE,
    0xF7, 0x0F, 0xAB, 0x70, 0xAF, 0x14, 0x41, 0x3E, 0x08, 0xE3, 0xB1, 0x20, 0xDC, 0x23, 0x3F, 0x47,
    0x8B, 0x77, 0x58, 0xE1, 0xAD, 0x31, 0x55, 0x27, 0xE4, 0xBC, 0x23, 0xB2, 0xE5, 0xEB, 0xDF, 0xA9,
    0xA7, 0x98, 0xFA, 0xC1, 0xD6, 0xC9, 0x83, 0x2D, 0x63, 0xA7, 0x3E, 0xF9, 0x71, 0x3E, 0x75, 0x62,
    0x12, 0x13, 0x28, 0xD1, 0x0C, 0xC4, 0x76, 0x34, 0x10, 0xA2, 0x09, 0x14, 0xD5, 0x34, 0x17, 0x63,
    0xEA, 0x4E, 0x16, 0x1B, 0xF1, 0x9B, 0xB7, 0x07, 0x4A, 0xEA, 0xB5, 0x1D, 0xDA, 0x71, 0x6A, 0xBF,
    0x0C, 0x53, 0x81, 0x49, 0xD7, 0x4B, 0xB4, 0x6C, 0xD3, 0xB6, 0x5F, 0xFB, 0xCD, 0xB5, 0xA1, 0x6C,
    0xA0, 0xE4, 0x3C, 0xA8, 0x64, 0xF1, 0x19, 0x4D, 0xBD, 0xEA, 0x4C, 0xC9, 0x6E, 0x61, 0xCF, 0x3A,
    0xD9, 0x9F, 0x58, 0x73, 0xE9, 0xC4, 0x31, 0x75, 0x68, 0x1A, 0x69, 0x9A, 0x44, 0x0F, 0x32, 0x3D,
    0xC0, 0x5D, 0xEA, 0x81, 0xD0, 0x83, 0x8B, 0x7A, 0x40, 0xE3, 0xF7, 0xC9, 0x08, 0xE6, 0xCA, 0x06,
    0xEB, 0xA7, 0x6E, 0x29, 0x31, 0xB5, 0x5F, 0x8A, 0x32, 0x2B, 0x3F, 0x2F, 0x3D, 0x7B, 0x65, 0x6D,
    0xD6, 0xBA, 0x0D, 0x8C, 0x26, 0x16, 0x26, 0x97, 0x41, 0x31, 0xF4, 0xCA, 0x81, 0x57, 0xE2, 0x8E,
    0x67, 0xB4, 0xA0, 0x1D, 0x6F, 0xBF, 0xBC, 0x4C, 0xD0, 0xDD, 0x30, 0x4C, 0x23, 0xBF, 0x08, 0x1E,
    0x57, 0x90, 0xE8, 0x76, 0x81, 0x2A, 0x1A, 0xF1, 0x2A, 0x88, 0xC7, 0x94, 0xC4, 0x8A, 0xBE, 0xFB,
    0xA6, 0xA2, 0xF0, 0x56, 0x41, 0xE1, 0xB7, 0x39, 0x85, 0x9B, 0x31, 0x6B, 0x90, 0x68, 0x9B, 0xEC,
    0x26, 0x39, 0xD5, 0x0E, 0x0C, 0xF8, 0x25, 0xF9, 0x47, 0x77, 0x29, 0xFC, 0xC1, 0xC4, 0x51, 0x60,
    0xE2, 0x21, 0x5D, 0x27, 0xA8, 0x91, 0x32, 0x60, 0x1F, 0xBD, 0x17, 0xDB, 0x90, 0x77, 0x62, 0xC8,
    0x3F, 0xDC, 0xA4, 0x30, 0x1D, 0x51, 0xE4, 0x2A, 0x1A, 0x7A, 0x58, 0x70, 0x3A, 0xA0, 0xA4, 0x18,
    0x93, 0xC8, 0x15, 0x45, 0x30, 0x6A, 0xF7, 0xA4, 0xA0, 0xE4, 0x55, 0x4A, 0xC9, 0x43, 0xEB, 0x9A,
    0x33, 0xFC, 0x0E, 0xF0, 0x2F, 0x81, 0xBF, 0x4B, 0xFE, 0x13, 0x38, 0xCB, 0x7D, 0xE0, 0x30, 0x2F,
    0x61, 0x6B, 0x8D, 0xBD, 0x77, 0xBF, 0x1D, 0xF6, 0x4D, 0x4F, 0x53, 0x50, 0x91, 0x28, 0x48, 0xC6,
    0x6C, 0xFC, 0x72, 0x37, 0x87, 0x61, 0x47, 0xB0, 0xE7, 0x36, 0xA6, 0x3B, 0x64, 0xBD, 0x97, 0xB2,
    0x94, 0xC8, 0x9F, 0x81, 0x32, 0xD6, 0x3D, 0xD6, 0x0A, 0x73, 0x77, 0xDE, 0xE4, 0xE4, 0xFD, 0x5D,
    0x60, 0x1E, 0x78, 0xE9, 0x71, 0x45, 0xC1, 0x63, 0x65, 0x9D, 0x2D, 0x9A, 0x39, 0x14, 0xF4, 0x66,
    0x9D, 0x90, 0xB9, 0x62, 0xCA, 0xDE, 0x7E, 0x11, 0x58, 0x99, 0x76, 0xF8, 0x83, 0x0F, 0x30, 0xDE,
    0x5A, 0xE7, 0xB0, 0xEC, 0xD4, 0xDE, 0x1F, 0x70, 0xEE, 0x34, 0xFD, 0xDF, 0x63, 0x3A, 0xEA, 0x00,
    0x8C, 0x53, 0x91, 0x1F, 0xE4, 0x34, 0xFF, 0xFD, 0x8F, 0xF1, 0xE0, 0xBC, 0x14, 0x1E, 0x2B, 0xFB,
    0xFF, 0x21, 0xC6, 0xA3, 0x2F, 0x3A, 0xAC, 0x73, 0x0C, 0xEC, 0xC9, 0x6C, 0x2F, 0x33, 0x1E, 0x2B,
    0xB5, 0xFB, 0xE0, 0xCE, 0xC7, 0xC3, 0x58, 0x47, 0x98, 0xFB, 0xBC, 0xF1, 0x40, 0x33, 0x94, 0x19,
    0xF6, 0x67, 0xBB, 0x16, 0x8B, 0xFF, 0x33, 0x27, 0xFF, 0x79, 0x43, 0xC1, 0x2F, 0xF0, 0x11, 0x94,
    0xC8, 0x92, 0x66, 0x8E, 0xAE, 0x28, 0xB0, 0xE1, 0x04, 0x65, 0x8A, 0x42, 0xF7, 0x6A, 0xD7, 0xB4,
    0x60, 0xE6, 0xA8, 0xDC, 0x80, 0x5A, 0x3B, 0x46, 0x4F, 0xAC, 0x48, 0xAB, 0x68, 0x51, 0x5E, 0x08,
    0x99, 0xBD, 0x5B, 0xCA, 0x60, 0xAD, 0xB0, 0xA1, 0x9C, 0x3F, 0x19, 0x13, 0xA5, 0xE4, 0x29, 0x72,
    0xC1, 0x77, 0x1B, 0xBC, 0x1D, 0x60, 0xCC, 0x4E, 0x10, 0x60, 0x46, 0x5C, 0xCD, 0x3B, 0xE9, 0xAA,
    0x6F, 0x1B, 0xEB, 0x4E, 0x58, 0xE9, 0x2D, 0x79, 0x0D, 0xB9, 0xE9, 0xEA, 0xD8, 0x3B, 0xE4, 0x68,
    0xA8, 0x97, 0xC2, 0x87, 0xE9, 0x45, 0x77, 0x65, 0x38, 0x68, 0x57, 0x6E, 0x16, 0xB8, 0x77, 0x5A,
    0x5C, 0x09, 0xDB, 0xFB, 0xE4, 0xB7, 0x6C, 0x57, 0x61, 0x3D, 0xFF, 0x25, 0xF3, 0x3E, 0xBD, 0x4F,
    0x5E, 0x0D, 0x7B, 0xEA, 0x93, 0x57, 0x82, 0xF7, 0x3E, 0x79, 0x25, 0x6C, 0xD0, 0xC6, 0xA1, 0x29,
    0x11, 0x99, 0xC3, 0xC7, 0x3A, 0xCC, 0x9B, 0x30, 0x9F, 0x66, 0x3A, 0x81, 0x84, 0x39, 0x64, 0xCA,
    0x2D, 0x47, 0x3A, 0x34, 0x8A, 0xFB, 0xB4, 0xE4, 0x3F, 0x43, 0x7C, 0xCD, 0x37, 0xC4, 0xCC, 0x43,
    0xB4, 0xA3, 0x5A, 0x47, 0x19, 0xC8, 0xAE, 0x32, 0x87, 0xCA, 0xBC, 0x50, 0xCD, 0x5F, 0x4A, 0x37,
    0x4A, 0x0F, 0x95, 0x16, 0x4A, 0x87, 0x4A, 0x07, 0x4A, 0xFB, 0x4A, 0x7B, 0x0A, 0x3D, 0x99, 0xA7,
    0x1A, 0xCB, 0x52, 0x96, 0xA4, 0x10, 0xD2, 0x7C, 0xCE, 0x34, 0x6A, 0x71, 0xA8, 0x61, 0xEA, 0x92,
    0x46, 0x30, 0xF6, 0x4E, 0xF0, 0x8C, 0x16, 0xB4, 0x47, 0x88, 0x5B, 0x36, 0xF8, 0x31, 0x27, 0xC1,
    0x52, 0x61, 0xCC, 0x07, 0xAB, 0x63, 0xD7, 0xD8, 0xD6, 0xE1, 0x75, 0x20, 0x9F, 0x8E, 0x7B, 0x56,
    0x82, 0x83, 0x6A, 0xD0, 0x79, 0x4E, 0x34, 0x2B, 0x61, 0x39, 0x27, 0x38, 0x56, 0x73, 0x52, 0x59,
    0x09, 0x7B, 0x89, 0x03, 0x45, 0x21, 0x6F, 0x97, 0xE1, 0xAB, 0xDC, 0x33, 0x84, 0x50, 0x07, 0x5F,
    0x16, 0xBF, 0x16, 0x89, 0x57, 0x6D, 0x38, 0xDD, 0x62, 0x6E, 0x38, 0xD9, 0xD8, 0x67, 0xD5, 0x68,
    0x71, 0xD4, 0xC8, 0xA0, 0x95, 0x61, 0x9B, 0x88, 0x24, 0x19, 0x24, 0xC9, 0x38, 0x91, 0xD5, 0x48,
    0x96, 0x13, 0x69, 0x07, 0x44, 0x3A, 0x27, 0xB2, 0xF4, 0x63, 0x20, 0xF6, 0x59, 0xF5, 0x4C, 0x44,
    0x01, 0xE3, 0xED, 0x1A, 0xDE, 0x23, 0x13, 0xB9, 0xDB, 0x80, 0x91, 0xA0, 0x7D, 0xE4, 0x55, 0xE4,
    0x21, 0xF2, 0xE5, 0xAC, 0x82, 0xAD, 0xD5, 0xB1, 0xA7, 0x54, 0xB0, 0x12, 0xBC, 0xB7, 0x8D, 0x2B,
    0x2F, 0x9B, 0xD7, 0x6D, 0x19, 0x78, 0x6B, 0x46, 0x09, 0x8B, 0x69, 0x67, 0x8E, 0xF2, 0x0C, 0xCC,
    0x0F, 0x26, 0xF6, 0xDE, 0x14, 0x96, 0x9D, 0x2D, 0x53, 0xCF, 0xD2, 0xCC, 0x7E, 0x99, 0x58, 0x41,
    0xFE, 0x8A, 0xEC, 0x11, 0xDE, 0x33, 0xF1, 0xEB, 0x89, 0x5B, 0x4F, 0x1C, 0xCD, 0x77, 0x5F, 0x59,
    0x97, 0x2A, 0xF0, 0xB6, 0xEB, 0xE6, 0x62, 0x52, 0x38, 0x0E, 0x68, 0x19, 0xF9, 0xF2, 0x1E, 0x8A,
    0x37, 0x2B, 0xB0, 0x26, 0x19, 0xA5, 0xB3, 0x82, 0xA0, 0x1E, 0x20, 0x2F, 0x06, 0x79, 0xF0, 0xB2,
    0xE4, 0x55, 0x14, 0x61, 0x48, 0x4A, 0xD4, 0x91, 0x6F, 0xF6, 0x28, 0x69, 0xBD, 0x65, 0x92, 0x47,
    0x26, 0x4B, 0x7E, 0x15, 0x70, 0xAA, 0xCB, 0x3E, 0xDC, 0x78, 0x2C, 0x99, 0xAD, 0x06, 0xE6, 0x00,
    0xB9, 0x35, 0x82, 0x17, 0x98, 0xC8, 0x29, 0x96, 0x86, 0x9C, 0x22, 0xA0, 0x65, 0x50, 0x3D, 0x3A,
    0x58, 0x06, 0xD2, 0xA3, 0xAA, 0x65, 0x20, 0x4E, 0x4D, 0x1E, 0xA8, 0x67, 0x93, 0x05, 0x0F, 0x4E,
    0xBD, 0x2C, 0x30, 0x78, 0x81, 0x78, 0x66, 0x38, 0x32, 0x1A, 0xBA, 0x20, 0x11, 0xD9, 0x44, 0x08,
    0x27, 0xC2, 0xD6, 0xA2, 0x6C, 0x63, 0xD1, 0xDB, 0x22, 0xB6, 0xC7, 0x11, 0x81, 0x12, 0xBC, 0xC0,
    0x76, 0x65, 0xA5, 0x3D, 0x14, 0x55, 0x8B, 0x87, 0xA2, 0xD6, 0x52, 0x96, 0x34, 0x2A, 0x62, 0x7B,
    0x52, 0x9C, 0xB9, 0x45, 0x04, 0x87, 0x44, 0x46, 0xD6, 0x63, 0x34, 0x9A, 0xBB, 0xF7, 0x2E, 0xDC,
    0x7B, 0x07, 0x23, 0xCF, 0x24, 0x5E, 0x83, 0x13, 0xFA, 0x08, 0xEB, 0xD9, 0xEF, 0x38, 0x29, 0x50,
    0x94, 0x33, 0x64, 0x6B, 0x69, 0xC8, 0x25, 0x1B, 0xA8, 0xE1, 0x3C, 0x38, 0x19, 0x75, 0xB9, 0xD3,
    0x12, 0xA8, 0x9E, 0xCF, 0x2C, 0x35, 0x51, 0x41, 0x2E, 0xEC, 0x0D, 0x59, 0xC6, 0x27, 0xD6, 0xCD,
    0xF4, 0x4C, 0x68, 0x51, 0xF8, 0x98, 0xF8, 0x11, 0x65, 0x48, 0x4F, 0xB0, 0x67, 0x75, 0x8F, 0x97,
    0x97, 0x82, 0x5C, 0x63, 0xD7, 0x80, 0x67, 0xF8, 0xCF, 0x73, 0xF7, 0xEB, 0x78, 0x49, 0x54, 0xB0,
    0x57, 0x46, 0x4F, 0xF8, 0x80, 0x35, 0xA3, 0x80, 0x65, 0x26, 0x62, 0x93, 0xBE, 0xEA, 0x18, 0xED,
    0xB0, 0xE2, 0x72, 0xE7, 0x7E, 0xB1, 0x60, 0x2A, 0xAA, 0xF5, 0x38, 0x2C, 0xB1, 0xB5, 0xF0, 0x59,
    0x90, 0xCF, 0x13, 0x7E, 0xD3, 0x0F, 0x6F, 0xA2, 0xED, 0xD2, 0x85, 0x72, 0x14, 0x54, 0x23, 0xEF,
    0x6C, 0x39, 0x1D, 0xD5, 0xF8, 0x24, 0x67, 0xB4, 0x3C, 0x6C, 0x2C, 0x19, 0x25, 0x56, 0xA6, 0x1D,
    0x25, 0xCD, 0x02, 0x12, 0x7A, 0x8A, 0x77, 0x82, 0xD9, 0xF9, 0x90, 0xB3, 0x62, 0xD8, 0xB9, 0xA8,
    0xD3, 0xA1, 0xEB, 0x5C, 0xC8, 0xE9, 0x88, 0x75, 0xFE, 0xDA, 0xD4, 0x2C, 0xA5, 0xC0, 0xC3, 0xE2,
    0x89, 0x93, 0x2B, 0x3F, 0xBF, 0xF3, 0xCA, 0xC9, 0x26, 0x81, 0xD1, 0x3C, 0x1A, 0xC2, 0x95, 0x3F,
    0x95, 0x57, 0x12, 0x79, 0x33, 0x91, 0x3F, 0xB5, 0xF2, 0x29, 0x8F, 0x86, 0x83, 0xFB, 0x30, 0x4B,
    0x2F, 0x50, 0x9F, 0xF1, 0xCE, 0x3C, 0x8A, 0x62, 0xE7, 0x93, 0x5B, 0xAC, 0x4A, 0x50, 0xAB, 0x6F,
    0xF6, 0x7B, 0xB9, 0xD7, 0x52, 0x90, 0x53, 0x8C, 0xB7, 0x0C, 0xAA, 0x47, 0x5F, 0x4B, 0x4D, 0xD4,
    0xF3, 0x11, 0x1A, 0x89, 0x74, 0x12, 0xE5, 0x48, 0xB6, 0x74, 0xF0, 0xB4, 0xF6, 0x7F, 0xAB, 0xBC,
    0xD7, 0x95, 0xF3, 0xA6, 0xE4, 0x9C, 0x3B, 0xCB, 0xF9, 0x7C, 0x27, 0xF9, 0x5B, 0x60, 0xDB, 0x89,
    0xC2, 0x19, 0x92, 0x16, 0xF3, 0x54, 0x4E, 0x55, 0x67, 0x36, 0x59, 0x8D, 0x7C, 0x35, 0x72, 0xEB,
    0x91, 0x63, 0xC5, 0xAD, 0x13, 0x5F, 0xD9, 0x34, 0xB7, 0x48, 0xB2, 0x78, 0xB1, 0xFF, 0xA9, 0xD8,
    0xB9, 0xDA, 0xEC, 0xFF, 0x00, 0xAD, 0x59, 0xBD, 0x72, 0xDC, 0xC8, 0x11, 0x6E, 0x00, 0x27, 0x82,
    0x3E, 0x5C, 0x15, 0x2E, 0x71, 0x15, 0xAB, 0xA8, 0x2A, 0x28, 0x50, 0x72, 0x09, 0x91, 0x5C, 0xE0,
    0x40, 0xBB, 0x03, 0x97, 0x43, 0x07, 0x7A, 0x05, 0x05, 0x17, 0x38, 0x70, 0xD5, 0x25, 0x0E, 0xA9,
    0xC5, 0xB0, 0xEE, 0x05, 0xF8, 0x06, 0xD6, 0x63, 0x38, 0xE0, 0x2E, 0x40, 0x29, 0x70, 0x68, 0xF8,
    0x14, 0x3A, 0x81, 0x8E, 0xAC, 0x72, 0x68, 0xD8, 0x9A, 0x2B, 0x41, 0xE6, 0x00, 0xE3, 0xAF, 0x07,
    0x8B, 0xFD, 0x27, 0x09, 0xD8, 0x5E, 0x75, 0x53, 0x83, 0x59, 0x74, 0x7F, 0x33, 0x40, 0xFF, 0xCE,
    0xFA, 0xA6, 0x22, 0x1F, 0xBC, 0xFA, 0x64, 0x60, 0x93, 0x80, 0x73, 0x72, 0xEE, 0x72, 0xF2, 0x3E,
    0x15, 0xE4, 0xDD, 0x94, 0xE4, 0xBF, 0xAF, 0x28, 0x78, 0xAB, 0x28, 0xBC, 0xAE, 0x29, 0x32, 0x9A,
    0x62, 0xB0, 0x30, 0x0D, 0x09, 0x5A, 0x50, 0x8A, 0x7F, 0x0B, 0x8C, 0x22, 0x93, 0x83, 0x3A, 0x35,
    0xA7, 0x2D, 0x6E, 0xC9, 0x63, 0x03, 0xC9, 0x2A, 0x30, 0x95, 0x30, 0x55, 0x66, 0xAA, 0xC6, 0x63,
    0xCA, 0xEC, 0x65, 0x60, 0xDE, 0xF8, 0xD7, 0x15, 0x79, 0xEF, 0x4B, 0x72, 0x59, 0x28, 0xFB, 0x3F,
    0xE0, 0xFB, 0x79, 0xF8, 0x52, 0x06, 0x86, 0x5C, 0x3D, 0x74, 0x09, 0x07, 0xE1, 0xB0, 0x24, 0xFF,
    0xDD, 0xE3, 0x70, 0x44, 0x53, 0xF0, 0x15, 0x2B, 0x90, 0x44, 0x69, 0x32, 0x00, 0x0F, 0x4A, 0x73,
    0x8A, 0x88, 0xE2, 0x37, 0x14, 0x96, 0xE4, 0xE4, 0x14, 0x94, 0x24, 0x0A, 0xFA, 0xC6, 0xEE, 0xFC,
    0xFB, 0xDA, 0x35, 0x6D, 0x60, 0x9A, 0xA8, 0x7C, 0x2A, 0x24, 0xEB, 0x4F, 0x7B, 0xC2, 0x18, 0x33,
    0x71, 0x79, 0x12, 0x9A, 0xC6, 0x33, 0x2D, 0xA5, 0x35, 0x1D, 0xF1, 0x94, 0xD3, 0x26, 0xF4, 0x86,
    0x45, 0x9D, 0xAC, 0x0C, 0x8D, 0x02, 0x44, 0x2A, 0xBF, 0x5E, 0x10, 0x35, 0x96, 0x30, 0xC0, 0xA5,
    0x30, 0x2A, 0x34, 0xB5, 0x93, 0xDD, 0x92, 0x4B, 0x14, 0xE6, 0x24, 0x2A, 0xBA, 0xBA, 0xA2, 0x67,
    0xCF, 0x47, 0x23, 0x1E, 0xDB, 0x59, 0x93, 0x7B, 0x1F, 0x4B, 0x92, 0x72, 0x28, 0x68, 0x20, 0x29,
    0x2C, 0x98, 0x02, 0x39, 0x1A, 0xF1, 0x0C, 0x53, 0x09, 0xD3, 0xD9, 0xE0, 0x3D, 0x3E, 0x7B, 0x46,
    0x57, 0x9A, 0xF7, 0x88, 0x9D, 0xBA, 0xE3, 0x9F, 0xAA, 0x94, 0xEE, 0xC7, 0x8A, 0x6D, 0x01, 0xDF,
    0x1D, 0x0F, 0x05, 0x3D, 0x3E, 0x26, 0x31, 0xA5, 0x50, 0x93, 0x07, 0x37, 0xB2, 0xBB, 0x84, 0xA6,
    0xCC, 0xC8, 0xCC, 0x94, 0xF3, 0xA0, 0x9A, 0x7B, 0x6A, 0xEE, 0xD6, 0x73, 0x47, 0x2F, 0x09, 0x63,
    0xCC, 0x44, 0x30, 0x89, 0x22, 0x33, 0x09, 0xEE, 0xA4, 0xF0, 0x2F, 0x39, 0x58, 0x2E, 0x39, 0x61,
    0x0E, 0xFE, 0x91, 0xB3, 0x2D, 0xC1, 0xE4, 0x72, 0x4A, 0xB1, 0x95, 0x05, 0x78, 0xBE, 0x64, 0x1E,
    0xA7, 0x2F, 0xBB, 0xEF, 0xD8, 0xDD, 0x8E, 0x60, 0x7D, 0x41, 0x9B, 0x84, 0x06, 0x2B, 0xAD, 0xC3,
    0xB7, 0x3A, 0xCC, 0x9B, 0x30, 0x5F, 0x64, 0x3A, 0x05, 0x85, 0x39, 0x68, 0xC1, 0x33, 0xEF, 0x74,
    0xC8, 0xEB, 0x2D, 0xC3, 0x16, 0x9B, 0xAA, 0x3B, 0xCE, 0x4C, 0xC7, 0x18, 0xBB, 0xFF, 0xAE, 0x09,
    0xE2, 0x00, 0xAD, 0x49, 0xFC, 0x00, 0xC6, 0x5C, 0xBA, 0x64, 0x1E, 0x8B, 0x8B, 0xEE, 0x3B, 0xBE,
    0xC7, 0x31, 0xB7, 0x5B, 0xAE, 0x9E, 0xE2, 0xE9, 0x58, 0x9A, 0x11, 0xCD, 0xF8, 0x32, 0xEF, 0xA8,
    0xBB, 0xEC, 0x27, 0xEB, 0x8E, 0x10, 0x6B, 0xD6, 0xE1, 0x26, 0x93, 0x18, 0x43, 0x65, 0x7C, 0xA1,
    0x05, 0xBD, 0x16, 0xA6, 0x5D, 0x52, 0x72, 0x12, 0xF1, 0x9D, 0x9A, 0xB2, 0xDB, 0x1D, 0x9F, 0x1E,
    0x87, 0x75, 0x5D, 0xC1, 0x97, 0x39, 0xBA, 0x64, 0x43, 0xE1, 0x48, 0x91, 0xA3, 0x99, 0x30, 0x18,
    0x0B, 0x47, 0x93, 0xDE, 0xB2, 0x26, 0x43, 0xE1, 0xC6, 0xE8, 0x57, 0xE4, 0x16, 0xE4, 0x23, 0x64,
    0xD4, 0xE4, 0xD5, 0x0F, 0x2A, 0xD7, 0x56, 0x39, 0x62, 0x6B, 0xCE, 0xE1, 0x26, 0xAC, 0xC9, 0x57,
    0x47, 0x2E, 0x85, 0x7F, 0x84, 0x88, 0xDD, 0xDA, 0xAB, 0xD1, 0x5B, 0x73, 0xA4, 0xF4, 0xFE, 0x5E,
    0x3A, 0x6C, 0x8D, 0x44, 0x27, 0x83, 0x1F, 0xE6, 0x2A, 0xE2, 0xE8, 0x9A, 0x3D, 0x93, 0xBD, 0x11,
    0x9E, 0xD6, 0x84, 0x46, 0x47, 0xE5, 0xC9, 0x86, 0x37, 0x2E, 0x40, 0x88, 0xAC, 0x22, 0x59, 0xC4,
    0xC5, 0x22, 0x34, 0x2D, 0x7B, 0x63, 0xD6, 0x32, 0x50, 0x0A, 0x6B, 0xCB, 0x19, 0x7A, 0x19, 0x71,
    0x6E, 0x03, 0xC8, 0x1A, 0x2D, 0x72, 0x80, 0xF6, 0x74, 0xA1, 0x11, 0x9D, 0xA1, 0xD3, 0x6D, 0xB1,
    0x37, 0x7D, 0xE2, 0xD5, 0x31, 0x7B, 0x6C, 0x79, 0x8A, 0xE0, 0x58, 0x9D, 0x93, 0xBA, 0xA2, 0x4C,
    0x51, 0x54, 0x8C, 0x45, 0xDF, 0x31, 0x9E, 0xD1, 0xD0, 0x41, 0x42, 0x51, 0xCE, 0x84, 0xC1, 0xD8,
    0x8D, 0x6F, 0x1B, 0xD2, 0x68, 0xE8, 0x51, 0x58, 0xF8, 0x84, 0x09, 0xEF, 0x11, 0x81, 0xCD, 0x97,
    0xBC, 0x60, 0x61, 0x43, 0x23, 0xFD, 0x57, 0xD0, 0xAF, 0xD8, 0xC0, 0x60, 0x66, 0x30, 0xB6, 0x23,
    0x1B, 0x7F, 0xB5, 0xAB, 0x36, 0xC9, 0x98, 0x25, 0xED, 0xCC, 0x77, 0x04, 0x7C, 0xA1, 0xE8, 0x57,
    0x7F, 0x58, 0xA2, 0x9F, 0x6D, 0x9A, 0x62, 0xDB, 0x99, 0x68, 0x39, 0x0B, 0xAA, 0x99, 0x77, 0x98,
    0x22, 0xA9, 0x89, 0x39, 0x33, 0x66, 0xC5, 0xFD, 0x1C, 0x27, 0xF1, 0x15, 0xCB, 0x7D, 0x86, 0x9D,
    0x72, 0x5C, 0x45, 0x44, 0x36, 0x09, 0x8F, 0x8D, 0x0C, 0xAD, 0x79, 0xDB, 0x80, 0x7A, 0x98, 0xFC,
    0x1F, 0x25, 0x62, 0xE0, 0xD3, 0xB8, 0x0F, 0x66, 0x36, 0xDF, 0x83, 0xBA, 0x00, 0x72, 0x90, 0x56,
    0xF7, 0xB8, 0x65, 0x81, 0x60, 0xFC, 0x65, 0x24, 0x3B, 0x59, 0xA1, 0x97, 0x44, 0x9B, 0xC4, 0xA9,
    0xE6, 0x09, 0x65, 0xA8, 0x3A, 0x5A, 0x78, 0xFD, 0x66, 0xC8, 0x1D, 0x85, 0x15, 0x1A, 0x60, 0x15,
    0x23, 0x80, 0xB6, 0x43, 0xEE, 0x38, 0xAC, 0x1F, 0x8A, 0xE0, 0xCF, 0xB9, 0x87, 0x94, 0xB4, 0x18,
    0x0A, 0x37, 0x4A, 0xBF, 0xA3, 0xC8, 0x43, 0x85, 0xA6, 0xED, 0xDA, 0x14, 0xFF, 0x75, 0xFB, 0x58,
    0xFD, 0x10, 0x56, 0xDA, 0x61, 0x35, 0xC4, 0xF2, 0x25, 0x79, 0x18, 0x34, 0x3B, 0xA1, 0x7E, 0xEC,
    0x4E, 0x87, 0x6C, 0x6D, 0x46, 0xE2, 0x11, 0xFA, 0x3A, 0x9B, 0x89, 0x76, 0x96, 0xEA, 0x59, 0x5C,
    0x4E, 0xFD, 0x22, 0x0B, 0x2B, 0x10, 0x06, 0xBC, 0x1D, 0xBF, 0x7C, 0x94, 0x50, 0x44, 0x3A, 0xA6,
    0x40, 0x84, 0x74, 0x5A, 0x5A, 0xD5, 0x67, 0xEE, 0xBF, 0x2A, 0x92, 0x97, 0xD0, 0x10, 0x99, 0xAA,
    0x23, 0x2E, 0x4C, 0xF6, 0xC9, 0xAF, 0xBE, 0x8D, 0xCA, 0x94, 0xAB, 0x10, 0x19, 0x7D, 0x26, 0x7A,
    0xCE, 0x8B, 0xF7, 0x4C, 0x12, 0xFC, 0x2D, 0x77, 0x5D, 0x0E, 0x59, 0xA8, 0x2F, 0x3A, 0x5A, 0xFA,
    0xC6, 0x21, 0xFA, 0x36, 0x86, 0x4B, 0xA2, 0xD0, 0xA1, 0xD3, 0x9A, 0xB4, 0xA7, 0x74, 0x50, 0xB1,
    0x63, 0x08, 0xA9, 0x53, 0x6A, 0x34, 0x21, 0x65, 0x81, 0xDA, 0x86, 0x74, 0x46, 0x3A, 0x86, 0xCF,
    0x94, 0xDA, 0xAF, 0xB4, 0x57, 0x6B, 0xC7, 0x1A, 0xD6, 0x15, 0xBF, 0x3B, 0xBF, 0xA2, 0xCD, 0x8C,
    0xC3, 0xE4, 0xAB, 0x59, 0x58, 0xCC, 0x62, 0x39, 0x43, 0xA1, 0xAD, 0x29, 0x55, 0xFC, 0xF6, 0x30,
    0x9E, 0x45, 0xF9, 0x2C, 0x2C, 0x67, 0x9E, 0x9A, 0xB9, 0xDB, 0xE2, 0xF7, 0xDD, 0x1F, 0x6F, 0xDC,
    0xFF, 0x8A, 0x73, 0x66, 0x74, 0x4B, 0x5F, 0x76, 0x5E, 0x30, 0x84, 0x4C, 0xDD, 0x11, 0x67, 0xB1,
    0x58, 0xBA, 0x26, 0x71, 0x8A, 0xB5, 0x99, 0xFD, 0x72, 0xE7, 0xBD, 0xDF, 0x6F, 0x03, 0xE3, 0xB0,
    0x88, 0x63, 0x3E, 0xD6, 0xEB, 0xA9, 0x7B, 0xEC, 0x79, 0x1F, 0xAB, 0x5D, 0x63, 0xB1, 0x38, 0xDC,
    0x03, 0xC9, 0x2E, 0x96, 0x22, 0xCC, 0x45, 0x88, 0xBF, 0x89, 0xA5, 0x47, 0x70, 0x85, 0x16, 0x42,
    0x4F, 0x41, 0xA4, 0x27, 0xA4, 0x5F, 0x0C, 0xC1, 0xDA, 0xD2, 0xE3, 0x95, 0x22, 0x50, 0x4C, 0x18,
    0x1C, 0xD6, 0x6F, 0x1F, 0x9C, 0x65, 0xDA, 0x62, 0xD8, 0xBA, 0x0E, 0xAB, 0x8E, 0x79, 0xBC, 0x9C,
    0x07, 0x16, 0x83, 0x31, 0x1A, 0xC3, 0xD9, 0xA2, 0x07, 0x6E, 0xBA, 0xC5, 0x3F, 0x5F, 0xC2, 0x5E,
    0x61, 0xCA, 0x88, 0x6D, 0x11, 0xDF, 0x86, 0xB9, 0x68, 0xF3, 0x7B, 0x63, 0x64, 0xCF, 0xBB, 0xCF,
    0xB2, 0xCD, 0xC9, 0x20, 0xB7, 0x27, 0x28, 0xDA, 0x83, 0x7B, 0xDE, 0x1B, 0x7D, 0xC5, 0xBD, 0x28,
    0x47, 0x0A, 0xFB, 0xDA, 0xB5, 0xA3, 0x5A, 0x47, 0x19, 0xD0, 0x85, 0x32, 0xD7, 0xCA, 0x7C, 0x50,
    0xCD, 0x3F, 0x95, 0x6E, 0x94, 0x9E, 0x2A, 0x1D, 0x2B, 0x1D, 0xC2, 0xF6, 0x95, 0xF6, 0x15, 0x3B,
    0x01, 0x62, 0xCC, 0x53, 0x6E, 0x12, 0x20, 0xEB, 0xDA, 0xF8, 0x1E, 0x0F, 0xC8, 0x5D, 0xE3, 0xF4,
    0x6F, 0x98, 0xFF, 0x10, 0xE5, 0x7C, 0x3F, 0x5A, 0x46, 0x14, 0x82, 0x25, 0xED, 0x57, 0x82, 0xA3,
    0xA0, 0xF7, 0xC5, 0x87, 0x2C, 0x40, 0x74, 0x4E, 0x67, 0x1B, 0xE6, 0xD7, 0xE0, 0xDF, 0xAF, 0xEA,
    0x0B, 0xC4, 0x63, 0xC3, 0x71, 0xC7, 0x20, 0x24, 0xA5, 0x89, 0x57, 0xC5, 0x0F, 0xF2, 0x81, 0xA5,
    0xFE, 0xAC, 0xF4, 0x7C, 0x7B, 0xA9, 0x9E, 0xAD, 0x26, 0xF0, 0x94, 0x5C, 0x45, 0x71, 0x45, 0x02,
    0x2D, 0xB6, 0x1C, 0xF4, 0x94, 0xF0, 0x34, 0x53, 0x50, 0x81, 0x5E, 0x7E, 0xB3, 0x4D, 0x71, 0x56,
    0xA5, 0xEE, 0xB5, 0xE6, 0x02, 0x8A, 0x83, 0x4B, 0xDA, 0x11, 0xC6, 0x98, 0xC1, 0x3C, 0x6A, 0x5E,
    0x74, 0xF7, 0xDD, 0x9D, 0x9B, 0x82, 0x01, 0x07, 0x60, 0x2D, 0xAE, 0x1B, 0x2B, 0x98, 0x5A, 0x5A,
    0x88, 0x8B, 0x06, 0x93, 0xCB, 0xFB, 0x77, 0xCB, 0xCC, 0x31, 0x58, 0x7B, 0xB2, 0x8F, 0xC2, 0xD1,
    0xB3, 0x13, 0xBA, 0x9A, 0x38, 0x75, 0xE3, 0xFD, 0x54, 0xB9, 0x89, 0x1C, 0x8B, 0x78, 0x50, 0xFC,
    0x51, 0x50, 0x17, 0x6F, 0x37, 0x04, 0xC7, 0x60, 0xF1, 0xDB, 0x9C, 0x66, 0xE8, 0x4A, 0x5E, 0x83,
    0xE7, 0x48, 0xC8, 0x3D, 0xF3, 0x35, 0xCF, 0xF3, 0xF7, 0xB8, 0x0F, 0xED, 0xAC, 0x49, 0x20, 0x97,
    0x04, 0x1F, 0x50, 0xBC, 0xDF, 0xC1, 0x27, 0x21, 0x3B, 0x11, 0x11, 0x9D, 0x23, 0x96, 0x9D, 0xC7,
    0xA6, 0x63, 0x98, 0xD4, 0x84, 0x4F, 0x08, 0x60, 0x41, 0xF1, 0x1D, 0x9C, 0xF6, 0x43, 0x63, 0xBB,
    0x93, 0x76, 0xED, 0x7A, 0xD9, 0x67, 0x64, 0xEC, 0xBC, 0xEF, 0xC4, 0x2D, 0x05, 0xC8, 0xDE, 0xA5,
    0x9D, 0xA4, 0x79, 0x2C, 0xE7, 0x61, 0x31, 0xF7, 0x6D, 0x93, 0x0E, 0x83, 0xB6, 0xB2, 0xFE, 0xE7,
    0xA5, 0xEC, 0xA9, 0x91, 0xC6, 0x14, 0xC6, 0xE4, 0x0D, 0x25, 0x4D, 0xDF, 0xFB, 0xEF, 0xD0, 0x38,
    0xFD, 0x1B, 0x6E, 0xEB, 0x64, 0x75, 0x68, 0x8B, 0xF4, 0xB0, 0xF8, 0xA2, 0x3B, 0x20, 0xD9, 0x27,
    0x7C, 0xD0, 0xEF, 0xC5, 0x39, 0x1F, 0x81, 0x1C, 0xFF, 0x82, 0xA2, 0xEF, 0xB9, 0x82, 0x81, 0x51,
    0xD3, 0xE5, 0xE8, 0xAD, 0x3D, 0x61, 0xB7, 0x4D, 0xFC, 0xD6, 0xF6, 0xFD, 0xAF, 0x86, 0xEE, 0x6E,
    0x1D, 0xC7, 0x2C, 0xE2, 0x51, 0x9B, 0xC4, 0x86, 0x4B, 0x86, 0x85, 0x93, 0xF3, 0xDE, 0x2F, 0x39,
    0x52, 0x46, 0x5C, 0x80, 0x54, 0x14, 0xB0, 0xBB, 0x7D, 0xE7, 0x2B, 0x54, 0x46, 0x50, 0x1B, 0xB5,
    0x7B, 0xB2, 0x46, 0xC6, 0xA6, 0x10, 0xA6, 0x48, 0x49, 0x62, 0x3B, 0x08, 0xD8, 0x6C, 0xB7, 0x41,
    0xF5, 0xDC, 0xE3, 0x1E, 0x34, 0x33, 0xC5, 0x69, 0x4B, 0xFB, 0xDD, 0xC3, 0x38, 0xC4, 0x7D, 0xF1,
    0x01, 0xA0, 0x9B, 0x10, 0xD0, 0x81, 0xAE, 0x55, 0xC0, 0xEA, 0x90, 0x53, 0x10, 0x0A, 0xFC, 0x2D,
    0x88, 0xB8, 0x4D, 0x1C, 0x78, 0xF6, 0x39, 0x1F, 0xF5, 0x20, 0x5D, 0xAD, 0x95, 0x3B, 0xB9, 0xB8,
    0xE4, 0x30, 0xE8, 0xF3, 0x89, 0x4C, 0xF5, 0x5D, 0xAF, 0x3C, 0xEA, 0xEF, 0x3F, 0xD2, 0xBC, 0xD8,
    0xFD, 0xC8, 0x39, 0x6A, 0x77, 0x07, 0xC4, 0x07, 0xEC, 0x2E, 0x35, 0xA6, 0xA3, 0xF5, 0xB1, 0xD7,
    0x03, 0xF4, 0x02, 0x19, 0x14, 0x0D, 0x37, 0xB9, 0x58, 0xCD, 0x9F, 0xD8, 0x54, 0xF8, 0xE4, 0xA7,
    0xEF, 0xEC, 0xBB, 0xCB, 0x35, 0x61, 0x19, 0xF0, 0x3B, 0x34, 0x91, 0x71, 0xC3, 0x66, 0x8A, 0xAD,
    0xA2, 0xD1, 0x8F, 0xF3, 0xFD, 0xA3, 0x82, 0x71, 0x6B, 0x40, 0xA2, 0x02, 0xFD, 0x4E, 0x39, 0x75,
    0xF5, 0x20, 0xFA, 0x17, 0x0C, 0xCD, 0xE8, 0x9F, 0x0F, 0xEA, 0x8F, 0x6C, 0xDB, 0xCA, 0xDD, 0xDE,
    0x8E, 0xFE, 0x7B, 0xF6, 0xB5, 0xBE, 0xD4, 0x4F, 0x9C, 0x5E, 0xB3, 0xA3, 0xDE, 0x70, 0x3C, 0x0F,
    0x96, 0x5D, 0x97, 0xE8, 0x1A, 0xE8, 0x7B, 0x69, 0xDE, 0x05, 0xBD, 0xD0, 0x28, 0xD7, 0xC8, 0x9D,
    0xEE, 0x70, 0xE1, 0x55, 0xFB, 0x84, 0xA4, 0x93, 0xFE, 0x86, 0x4F, 0x86, 0x63, 0xCE, 0x1A, 0x97,
    0x9B, 0xB9, 0x63, 0x14, 0xD6, 0x66, 0x6B, 0x38, 0x08, 0x68, 0x3B, 0x71, 0x8C, 0xC3, 0xDA, 0xEE,
    0x0E, 0x87, 0xC0, 0x71, 0x55, 0x6F, 0xA4, 0xF3, 0x3E, 0x07, 0xF1, 0x59, 0xF9, 0x8C, 0x1E, 0x81,
    0x4B, 0xD6, 0x88, 0x0E, 0x04, 0x51, 0xFB, 0xC1, 0xB9, 0x5E, 0x32, 0x79, 0x36, 0x82, 0x0D, 0x02,
    0xDD, 0x4B, 0x55, 0xA3, 0xB6, 0x89, 0x16, 0xCA, 0xFB, 0x50, 0x05, 0x37, 0x55, 0xF4, 0x52, 0x7E,
    0x75, 0x34, 0x74, 0xA7, 0x83, 0x21, 0x6A, 0xD7, 0x94, 0x14, 0x25, 0x5C, 0x10, 0x21, 0x76, 0x44,
    0xC5, 0x00, 0xE5, 0xE8, 0xF6, 0x24, 0xC5, 0xFD, 0x6F, 0x07, 0x7B, 0x67, 0x63, 0xAF, 0x49, 0x6C,
    0xD0, 0x74, 0xF2, 0xCD, 0x74, 0x32, 0x9D, 0x4E, 0xD2, 0xE9, 0xC4, 0xCC, 0x26, 0x9F, 0xE6, 0xD3,
    0x9B, 0x46, 0xBC, 0x6D, 0x90, 0xA3, 0x63, 0xA9, 0x63, 0x24, 0x21, 0x76, 0x4C, 0x38, 0x03, 0xBB,
    0x29, 0x34, 0x50, 0xA7, 0x82, 0xB3, 0x53, 0x64, 0xF9, 0x7C, 0x1A, 0x77, 0x9C, 0x9E, 0xD1, 0x8B,
    0xEC, 0x8C, 0x26, 0x06, 0x2A, 0x3F, 0xCD, 0x29, 0xBE, 0xD1, 0x14, 0xBF, 0xD3, 0x14, 0x5D, 0xD7,
    0x58, 0x8D, 0xA2, 0xFB, 0xF4, 0xA4, 0x78, 0xD8, 0xFC, 0x53, 0x49, 0x6C, 0x4F, 0x56, 0xC0, 0x3F,
    0x2A, 0xF2, 0x6F, 0x50, 0xAB, 0xDF, 0x15, 0xF6, 0x5E, 0xCA, 0x92, 0xCE, 0xD9, 0x0F, 0xF1, 0xDE,
    0xD6, 0x50, 0x87, 0x20, 0x9B, 0x45, 0xF6, 0xD0, 0x25, 0xF8, 0x6B, 0xED, 0xFF, 0x54, 0x79, 0x1F,
    0x2B, 0xE7, 0xAE, 0xE4, 0x83, 0xFA, 0xCC, 0x66, 0x47, 0xC1, 0x89, 0x5B, 0x74, 0xCD, 0x5F, 0x41,
    0xFC, 0xBB, 0x52, 0xF8, 0x5E, 0xD9, 0xFF, 0xFB, 0xCF, 0xFF, 0xB4, 0xA2, 0xED, 0x56, 0x60, 0x75,
    0x04, 0xC0, 0x3D, 0x70, 0x6C, 0xDF, 0xA1, 0xB6, 0x07, 0x0B, 0xF6, 0xD7, 0x9D, 0xB0, 0x3B, 0x71,
    0xEB, 0xCF, 0xB9, 0x76, 0x64, 0x85, 0x29, 0x2D, 0x15, 0x2C, 0x38, 0x63, 0x41, 0x96, 0x2A, 0xAC,
    0x54, 0x7F, 0x20, 0xBB, 0x73, 0x30, 0x31, 0x0E, 0x6E, 0x5B, 0x76, 0x08, 0xDC, 0x7E, 0x62, 0x19,
    0x85, 0xB8, 0x2F, 0x3E, 0x08, 0xD4, 0x06, 0x2D, 0x81, 0x92, 0xFC, 0xD7, 0xC9, 0xC2, 0xFE, 0xA2,
    0xF2, 0x28, 0xFD, 0x07, 0xAD, 0x58, 0x31, 0x93, 0xDC, 0x48, 0x15, 0x7E, 0x92, 0xCC, 0x6A, 0x8D,
    0x8E, 0x6A, 0xC2, 0xA1, 0x96, 0x2A, 0x11, 0x38, 0x30, 0x45, 0x79, 0x95, 0x38, 0xB8, 0x60, 0x76,
    0x5B, 0x40, 0x40, 0x15, 0x04, 0x47, 0x48, 0x40, 0x40, 0x51, 0x14, 0x75, 0x99, 0x09, 0x1C, 0x1C,
    0x55, 0xB3, 0x23, 0xAD, 0x09, 0x29, 0xEA, 0xF6, 0x1F, 0xE0, 0x80, 0x1C, 0x02, 0x07, 0xB2, 0x6F,
    0x66, 0x24, 0x9B, 0xD0, 0x89, 0xA8, 0x0B, 0x08, 0x2E, 0x91, 0xB9, 0x2B, 0x2E, 0x20, 0xD1, 0x71,
    0xCD, 0xA1, 0x85, 0x96, 0x9A, 0xEF, 0xB5, 0x66, 0xD6, 0xB3, 0x33, 0x3B, 0xB7, 0x33, 0x6B, 0x66,
    0xBF, 0x37, 0xBB, 0xA3, 0xE9, 0xEE, 0xF7, 0xFA, 0xF5, 0x7B, 0xDF, 0x7B, 0xBD, 0x44, 0x61, 0x4C,
    0xBD, 0x90, 0x93, 0x3F, 0x20, 0xDF, 0x68, 0x12, 0x90, 0xE8, 0x79, 0x4B, 0x92, 0x66, 0x90, 0xE4,
    0xD2, 0x8F, 0xA4, 0x31, 0x64, 0x8A, 0xEF, 0x35, 0x85, 0xA6, 0xA1, 0xC0, 0xD4, 0x98, 0x97, 0xD2,
    0x7C, 0x8D, 0xD8, 0xC9, 0xFF, 0x88, 0x67, 0x1D, 0xBE, 0xD3, 0x24, 0x2F, 0xD6, 0x18, 0xDB, 0x75,
    0xEC, 0xDF, 0xA7, 0xAD, 0xFD, 0xEE, 0xF5, 0x3C, 0x51, 0xF4, 0x12, 0xA6, 0xD2, 0xED, 0x48, 0xBA,
    0xF5, 0xF5, 0xE2, 0x41, 0x7E, 0x50, 0x53, 0x64, 0x2A, 0xD8, 0x5A, 0x10, 0xA6, 0xE1, 0x35, 0x22,
    0x9A, 0xE8, 0x50, 0xEB, 0xB0, 0xD2, 0x61, 0xBA, 0x82, 0x36, 0x4C, 0x73, 0x93, 0x4A, 0x93, 0x06,
    0x5D, 0x4C, 0xEE, 0x77, 0x53, 0x72, 0xFF, 0x0A, 0xD5, 0x33, 0xCC, 0xBA, 0xCB, 0x53, 0x29, 0x39,
    0x35, 0x71, 0xFE, 0x99, 0x89, 0x33, 0x25, 0x28, 0x7B, 0x2F, 0xA4, 0x6C, 0x74, 0x48, 0xD9, 0xF0,
    0x08, 0x32, 0x84, 0x8C, 0x20, 0x19, 0x44, 0xE1, 0x79, 0x4D, 0xD9, 0x53, 0xC8, 0x17, 0x15, 0xE5,
    0x9F, 0x9B, 0x38, 0xF9, 0x8D, 0xB9, 0x58, 0x2F, 0x49, 0x67, 0x94, 0xD7, 0x77, 0x29, 0x53, 0x44,
    0xD9, 0xAF, 0xB1, 0xD6, 0x09, 0x64, 0x88, 0xB5, 0x86, 0xD1, 0xD2, 0x5A, 0x13, 0xAC, 0x81, 0x75,
    0x32, 0xAC, 0xF1, 0xAF, 0x9A, 0xF2, 0x7F, 0x62, 0x8D, 0x47, 0x58, 0xE3, 0x19, 0xD6, 0x78, 0x06,
    0x9B, 0x32, 0xD8, 0x94, 0xC1, 0xA6, 0x0C, 0xFE, 0x38, 0x37, 0xB1, 0x84, 0x8C, 0x32, 0xAC, 0x91,
    0x61, 0x8D, 0xEC, 0x88, 0x54, 0x36, 0x84, 0x4C, 0xE8, 0x49, 0xD6, 0xAF, 0x31, 0x84, 0x2D, 0xF2,
    0x3F, 0x26, 0x0E, 0xFE, 0x0E, 0x5D, 0x04, 0xDB, 0xB7, 0x96, 0x88, 0xF2, 0x2F, 0x0C, 0xA4, 0x85,
    0xC0, 0x60, 0x56, 0xA8, 0x95, 0xB5, 0xDD, 0x22, 0xDB, 0x04, 0xD3, 0xCC, 0xC1, 0xA3, 0x24, 0x00,
    0x03, 0xD2, 0xF7, 0x9C, 0x3A, 0x73, 0x9B, 0x0C, 0xEF, 0x76, 0xA1, 0x8C, 0xEA, 0x4D, 0x38, 0xA1,
    0x5A, 0x96, 0x75, 0x50, 0xD4, 0x44, 0x35, 0xE1, 0x28, 0x93, 0x92, 0x92, 0xF8, 0xC9, 0x08, 0x16,
    0x41, 0x26, 0x73, 0x99, 0x42, 0x72, 0xC8, 0x07, 0x2C, 0x13, 0x41, 0xCF, 0xB4, 0xA0, 0xA7, 0x90,
    0x6C, 0x21, 0x13, 0x78, 0xE3, 0xA4, 0xA5, 0xEC, 0x48, 0xF5, 0xE7, 0x3E, 0x7B, 0x32, 0x1A, 0x65,
    0x23, 0xCC, 0x05, 0x86, 0xD3, 0xD1, 0x30, 0x1F, 0x0D, 0x3F, 0x00, 0x26, 0xC3, 0x67, 0x7A, 0xF8,
    0x54, 0x0F, 0xB3, 0x1E, 0x93, 0x61, 0x36, 0x1A, 0xF2, 0x29, 0x10, 0x30, 0xA1, 0x50, 0x51, 0x58,
    0x12, 0x1D, 0x62, 0x09, 0x49, 0xFD, 0x6F, 0xA2, 0x48, 0x1D, 0x52, 0xAE, 0x71, 0xF8, 0x47, 0x90,
    0xC3, 0xEB, 0x85, 0xE8, 0x1E, 0xE4, 0x08, 0x11, 0xAC, 0x21, 0x15, 0x39, 0x69, 0x4A, 0xDE, 0xA7,
    0xF8, 0x8D, 0xB0, 0x44, 0xC4, 0x13, 0x0D, 0xA8, 0x7F, 0xE5, 0x10, 0x9C, 0x33, 0xE1, 0xB9, 0xF3,
    0xDF, 0x82, 0xBC, 0x7F, 0x97, 0xE4, 0x7D, 0x5C, 0x91, 0xFF, 0x61, 0x4D, 0xC1, 0x0B, 0x45, 0xE2,
    0x79, 0x63, 0xD3, 0x22, 0xE2, 0xB4, 0x31, 0x7D, 0xDA, 0x70, 0xBA, 0x71, 0xF2, 0xEC, 0xB9, 0x24,
    0x7E, 0x9F, 0xFA, 0x86, 0x1C, 0xE8, 0xF8, 0x19, 0x2F, 0x76, 0xD0, 0x61, 0x60, 0xC1, 0xE1, 0xEF,
    0xD7, 0x48, 0x24, 0x69, 0xEA, 0xDC, 0xD4, 0xAD, 0xC7, 0xC8, 0xED, 0xC7, 0xC0, 0x3C, 0x5E, 0x9F,
    0x95, 0xDB, 0x61, 0x00, 0x9E, 0x6C, 0xC2, 0xC5, 0x18, 0xD7, 0x8D, 0xFD, 0x8F, 0x0A, 0x17, 0x26,
    0x4F, 0x89, 0xEE, 0xF0, 0x74, 0xA9, 0xE7, 0xA0, 0x65, 0xB4, 0xF0, 0xFE, 0x57, 0x28, 0x87, 0xC5,
    0x1D, 0x05, 0x0D, 0xB6, 0x8F, 0xDD, 0xF3, 0xE6, 0x93, 0xF9, 0xD6, 0x91, 0xE3, 0xBE, 0xA9, 0x85,
    0x69, 0x40, 0x18, 0xD8, 0x14, 0xA8, 0x00, 0xDB, 0xEA, 0x81, 0xBF, 0xF1, 0x04, 0xCF, 0xC1, 0x23,
    0xD8, 0x05, 0x46, 0x5E, 0x39, 0x1D, 0x5F, 0xC1, 0x33, 0xE0, 0x12, 0x3B, 0x3D, 0xB1, 0x98, 0x81,
    0x46, 0xF0, 0x70, 0xD3, 0x2C, 0x3B, 0xF2, 0x4B, 0x30, 0xED, 0xA7, 0x0B, 0xA3, 0x5C, 0x93, 0xAE,
    0x3B, 0x6A, 0xE6, 0xD5, 0xEB, 0x18, 0x7B, 0x75, 0xF2, 0x7D, 0xF6, 0x6D, 0x64, 0x6A, 0xDF, 0x9C,
    0xB9, 0x06, 0xCE, 0xC1, 0x19, 0x93, 0xF7, 0xA2, 0xC4, 0x41, 0xE2, 0xFD, 0x3A, 0xBD, 0x97, 0x94,
    0x06, 0x06, 0x0C, 0xC8, 0xBA, 0x44, 0x10, 0x8B, 0xF7, 0x53, 0xBC, 0x6F, 0xA9, 0x97, 0x6E, 0xB3,
    0x9A, 0xE0, 0xDD, 0x5A, 0xA4, 0x4D, 0x10, 0xD7, 0x7D, 0x70, 0x5D, 0xAB, 0x37, 0x5A, 0xE8, 0xA5,
    0x7D, 0x26, 0x7A, 0x0E, 0xD8, 0x86, 0xEE, 0xFD, 0xBC, 0x38, 0xF6, 0xAA, 0x7B, 0x5E, 0xB9, 0xAD,
    0xEA, 0x5F, 0x72, 0x48, 0x07, 0x3F, 0xB9, 0xA1, 0x6A, 0xFF, 0x87, 0xBC, 0x65, 0x57, 0xEF, 0xAE,
    0x17, 0xE1, 0x77, 0x42, 0xC1, 0x4F, 0x6F, 0xA8, 0xD7, 0x8D, 0x29, 0x40, 0xC2, 0x55, 0x4C, 0x58,
    0xBB, 0xAA, 0x46, 0xB9, 0x08, 0x39, 0xFC, 0x9A, 0x5B, 0xB0, 0x1B, 0xCB, 0x9A, 0x8E, 0xC1, 0xEB,
    0xEB, 0xC8, 0x34, 0x02, 0xE1, 0x67, 0x62, 0x0E, 0x83, 0x3E, 0x14, 0x6C, 0x30, 0xD8, 0xB4, 0xEE,
    0xC3, 0xE1, 0x72, 0xDA, 0xBB, 0x9C, 0xF6, 0x9F, 0xE2, 0x7B, 0x9B, 0xF2, 0x35, 0x52, 0x5E, 0xF5,
    0x95, 0xF6, 0x8A, 0x94, 0xBF, 0x32, 0x3C, 0xB6, 0xC9, 0xFA, 0x65, 0x63, 0x2C, 0x35, 0x1D, 0xCF,
    0x7F, 0xFF, 0x3F, 0x8C, 0xA1, 0x27, 0x1C, 0x36, 0xFC, 0xBE, 0x9D, 0x31, 0x94, 0xA3, 0x30, 0xE7,
    0x1D, 0x5D, 0xBC, 0xA4, 0x61, 0x16, 0x82, 0x01, 0xC6, 0x92, 0xA0, 0x35, 0xE2, 0x1F, 0x05, 0xF9,
    0x1F, 0xB5, 0x14, 0xBC, 0x6C, 0x49, 0xBC, 0xE4, 0xDE, 0xA0, 0xE0, 0x85, 0x31, 0x14, 0x12, 0xA0,
    0x3A, 0x42, 0x66, 0x10, 0x0F, 0xFD, 0x02, 0xCB, 0xE2, 0x15, 0xBC, 0x02, 0x7D, 0x1B, 0x1E, 0x6F,
    0xE8, 0x96, 0x44, 0x48, 0x47, 0x02, 0x56, 0x1A, 0xCC, 0x33, 0x34, 0x8A, 0x50, 0x15, 0xA2, 0x18,
    0x7F, 0xB3, 0x91, 0xE0, 0xA5, 0x57, 0x60, 0xA9, 0xA4, 0xF2, 0x38, 0x22, 0x9A, 0xA8, 0xBA, 0x23,
    0x53, 0x66, 0xFC, 0x84, 0xA1, 0x13, 0x61, 0x24, 0x10, 0xEB, 0xA8, 0xC4, 0xB7, 0x9A, 0xDB, 0x9F,
    0xFC, 0x13, 0x27, 0xAF, 0x02, 0xD3, 0xE0, 0xD8, 0xE5, 0x8B, 0x46, 0x86, 0x86, 0xE1, 0x36, 0xF2,
    0x51, 0x63, 0xCF, 0xBC, 0x71, 0x8D, 0x22, 0x57, 0x0D, 0x7C, 0x8E, 0x11, 0x98, 0x09, 0x4F, 0xD0,
    0x8F, 0xBF, 0x45, 0xE7, 0x0A, 0x2A, 0xD0, 0xC4, 0xD0, 0x9E, 0xB5, 0xEF, 0x41, 0xEB, 0x99, 0x16,
    0x0B, 0x86, 0xD5, 0x60, 0x49, 0xDD, 0x2C, 0xE9, 0x23, 0x34, 0x9E, 0x45, 0xE5, 0x4C, 0x98, 0xCE,
    0x83, 0x75, 0x70, 0x10, 0x08, 0xEC, 0xF3, 0x8A, 0x8F, 0x05, 0xE3, 0xDE, 0xEA, 0x69, 0xEF, 0x93,
    0x00, 0x73, 0x41, 0x7B, 0x05, 0x58, 0x73, 0x01, 0x0E, 0x3A, 0x36, 0xD2, 0xED, 0x98, 0x7B, 0x07,
    0x1E, 0xEC, 0x51, 0xD2, 0x54, 0x07, 0x5D, 0xBC, 0xCE, 0x61, 0xDA, 0x53, 0x3A, 0xA8, 0xB5, 0xC0,
    0xFC, 0x54, 0x27, 0xD4, 0x6A, 0x82, 0xD5, 0x40, 0xD7, 0x92, 0xCE, 0x49, 0x47, 0x85, 0x16, 0x95,
    0xF6, 0x6B, 0xED, 0x35, 0xDA, 0xD1, 0xF7, 0x1F, 0x72, 0x29, 0xF7, 0xD3, 0xD7, 0x27, 0x35, 0xBE,
    0x80, 0xAF, 0xC6, 0xA2, 0x1A, 0x47, 0x05, 0xB8, 0x7A, 0xDC, 0x52, 0xD2, 0x30, 0xC6, 0x1D, 0xA8,
    0x3B, 0x1D, 0x8B, 0x72, 0xEC, 0xD7, 0x63, 0x57, 0x2F, 0x38, 0x5E, 0x6F, 0xE0, 0xF8, 0xE9, 0x82,
    0xE3, 0x41, 0xD2, 0x29, 0x73, 0xCF, 0x04, 0x21, 0x90, 0x52, 0x92, 0x6E, 0x66, 0xF7, 0xA5, 0xF1,
    0x87, 0xB6, 0xC4, 0xE7, 0x70, 0x0E, 0x6B, 0xF1, 0x17, 0x31, 0x70, 0x63, 0xA5, 0x2B, 0x8B, 0xEC,
    0x64, 0xC0, 0xA6, 0xF2, 0xCE, 0x91, 0xD6, 0x0B, 0xFC, 0x8F, 0xB6, 0x86, 0x19, 0xC7, 0x76, 0x15,
    0x06, 0x3C, 0xC0, 0xCF, 0x1C, 0xCE, 0x82, 0xC4, 0xF2, 0xD6, 0xB7, 0x1D, 0x33, 0x1F, 0xCB, 0xDD,
    0xF3, 0x19, 0xAD, 0x97, 0x2F, 0x9C, 0xB2, 0x05, 0x8E, 0xA4, 0xE2, 0xD6, 0x58, 0x72, 0x99, 0x05,
    0xD3, 0x20, 0xD5, 0xC8, 0x69, 0xB8, 0xEC, 0x3A, 0xFA, 0xAE, 0xAF, 0xB1, 0x00, 0xF2, 0xEC, 0xCA,
    0xD3, 0x47, 0x58, 0xF6, 0xE0, 0xE9, 0x1B, 0x70, 0x3F, 0x2A, 0x12, 0x83, 0xB6, 0x98, 0x0E, 0x9A,
    0x37, 0xEA, 0x7F, 0x13, 0x84, 0x4D, 0x8E, 0x2D, 0xDF, 0xA8, 0xEF, 0xCD, 0xFA, 0xD6, 0x73, 0x59,
    0x76, 0xED, 0x7B, 0x09, 0x04, 0x1F, 0x16, 0x84, 0xBB, 0xC4, 0xC3, 0xDD, 0x33, 0xCF, 0x83, 0xB7,
    0x0B, 0x26, 0xC5, 0x87, 0x37, 0x49, 0xBB, 0xD1, 0x31, 0x2D, 0x10, 0xF6, 0x48, 0x3A, 0xC6, 0xFC,
    0xE3, 0x21, 0x10, 0x8D, 0xA2, 0xC3, 0x91, 0x68, 0x47, 0xBE, 0xFA, 0x4E, 0x17, 0xE7, 0xA6, 0x04,
    0x39, 0xCE, 0xFC, 0x66, 0xEA, 0xEA, 0xA9, 0xD3, 0xA3, 0x99, 0x7A, 0x6A, 0xEA, 0xD7, 0x53, 0x51,
    0x4D, 0x93, 0x02, 0xA7, 0x91, 0x37, 0x1C, 0x6A, 0x68, 0xBA, 0x2E, 0xE0, 0x20, 0xE6, 0x94, 0xBD,
    0xE4, 0x7C, 0xD3, 0x66, 0xB6, 0xA3, 0x3A, 0x47, 0x19, 0xE0, 0x54, 0x99, 0xE7, 0xCA, 0xBC, 0x52,
    0xED, 0x67, 0x4A, 0xB7, 0x4A, 0x1F, 0x2B, 0x1D, 0x29, 0x2D, 0x90, 0xF7, 0x4A, 0xFB, 0x8A, 0x09,
    0xC0, 0x51, 0x1E, 0x8A, 0x1F, 0x28, 0x5A, 0xCF, 0x2F, 0x3A, 0x51, 0x47, 0x89, 0xC1, 0xB1, 0x57,
    0xE3, 0x80, 0x4B, 0xDD, 0x95, 0x20, 0x7F, 0x1E, 0xAA, 0x7F, 0x98, 0x97, 0x0F, 0x2E, 0x19, 0x1F,
    0xCF, 0x65, 0xB9, 0x7C, 0x5C, 0x6A, 0x61, 0xFB, 0x12, 0xB2, 0xA9, 0x85, 0x85, 0xE5, 0x88, 0x4D,
    0xF7, 0xCC, 0x3A, 0xB9, 0x21, 0xEF, 0x77, 0x0C, 0x0E, 0xE5, 0x2D, 0x0B, 0x09, 0xFD, 0x0A, 0x69,
    0x85, 0xE1, 0x02, 0x31, 0xF6, 0xD5, 0x37, 0x2F, 0x26, 0xE4, 0x22, 0x66, 0xB9, 0xF9, 0xE7, 0xD8,
    0x7D, 0xFB, 0x86, 0x05, 0xE5, 0x52, 0xE8, 0xDC, 0x77, 0xF2, 0x89, 0x6F, 0x14, 0xD3, 0xD1, 0x9F,
    0x5B, 0x19, 0x74, 0x52, 0x74, 0x49, 0x94, 0x24, 0x47, 0x49, 0x32, 0x49, 0x64, 0x3D, 0x96, 0xD5,
    0x54, 0x5A, 0x3A, 0x42, 0xCB, 0x10, 0xE5, 0xE9, 0x6D, 0xA2, 0xB5, 0xC8, 0x9B, 0xCE, 0x23, 0x0F,
    0xD3, 0xFD, 0x99, 0xFC, 0x5A, 0x22, 0xDF, 0x4E, 0xE4, 0x9F, 0x3A, 0xF9, 0x17, 0xEE, 0x19, 0xD1,
    0x83, 0x1C, 0xE7, 0xE9, 0x2D, 0xE2, 0xAB, 0x00, 0x89, 0xF7, 0xB1, 0xC9, 0x0F, 0xD1, 0xCE, 0x94,
    0x8F, 0xDF, 0xF8, 0x6A, 0xB1, 0xBF, 0x4F, 0x32, 0x22, 0xF1, 0xDB, 0xC2, 0x7D, 0x94, 0x6E, 0x5D,
    0xD4, 0xC9, 0x76, 0x18, 0x1E, 0x4C, 0xF0, 0x9F, 0xD7, 0x6F, 0x6C, 0x82, 0xCB, 0xFF, 0x0B, 0x20,
    0xF1, 0x4E, 0x1A, 0xFA, 0xC5, 0x96, 0x26, 0x0C, 0xF6, 0xE9, 0x58, 0x52, 0xF8, 0x4E, 0xEA, 0x7D,
    0x8F, 0xAD, 0x4E, 0x4C, 0xDD, 0xA3, 0xAF, 0x58, 0x36, 0xC0, 0x19, 0xE3, 0xA5, 0x32, 0x96, 0x98,
    0xA6, 0x87, 0x0B, 0xAE, 0x7C, 0x59, 0x78, 0x7F, 0xAB, 0xE9, 0xB1, 0x75, 0xDF, 0xC5, 0xF5, 0xE4,
    0x14, 0xB9, 0x7E, 0x32, 0x6F, 0xF0, 0x80, 0x78, 0x80, 0xD3, 0x9A, 0x77, 0x03, 0x2D, 0xF9, 0x26,
    0x86, 0x93, 0x84, 0x57, 0xEC, 0xAA, 0x0E, 0x9E, 0x81, 0xB3, 0xE0, 0xAB, 0xB9, 0xAB, 0xB6, 0x50,
    0xB7, 0xB2, 0xBB, 0x9D, 0x6E, 0x6D, 0xFB, 0xB7, 0x29, 0x0A, 0xE3, 0xE0, 0x65, 0xE1, 0x9E, 0x16,
    0x5B, 0x5E, 0xD9, 0x56, 0xFC, 0xBF, 0x93, 0x3A, 0x78, 0x06, 0xD9, 0x24, 0x7E, 0x54, 0x08, 0x7F,
    0x5B, 0x75, 0x7B, 0x1E, 0x07, 0x30, 0xC7, 0xAF, 0x0D, 0xDF, 0x9D, 0xAE, 0x87, 0xEB, 0x73, 0xAF,
    0xBD, 0x1B, 0xAE, 0xF8, 0x7F, 0x27, 0x75, 0xEB, 0x73, 0xAF, 0x55, 0x77, 0x67, 0x40, 0x93, 0x13,
    0x3E, 0x82, 0x3D, 0x9F, 0x3B, 0xF6, 0xFC, 0x1C, 0xBE, 0x02, 0xA9, 0x57, 0xD3, 0xA0, 0x9E, 0x7A,
    0x16, 0x01, 0xFC, 0x56, 0xD9, 0x87, 0xE8, 0x50, 0xD2, 0xA9, 0x28, 0x99, 0xFB, 0x51, 0x01, 0x1C,
    0xBD, 0x72, 0x76, 0x7B, 0xA6, 0x92, 0x5C, 0x67, 0x6A, 0x19, 0x7F, 0x5D, 0x82, 0x7A, 0xAE, 0x02,
    0x28, 0x51, 0x20, 0x5F, 0x42, 0x3A, 0x16, 0x3B, 0xAB, 0xE3, 0xB9, 0x06, 0x24, 0x17, 0x1F, 0x0A,
    0x9B, 0xFA, 0x26, 0x35, 0xA6, 0x34, 0xA6, 0x68, 0x29, 0x6E, 0xED, 0xA1, 0xAD, 0x63, 0xC5, 0xFF,
    0x3B, 0xDD, 0xB2, 0x07, 0x6F, 0x5D, 0x8A, 0xEA, 0xAD, 0xEE, 0x7D, 0x97, 0xFD, 0xBF, 0x93, 0xBA,
    0x95, 0xA8, 0xDE, 0x46, 0xDD, 0x5E, 0x17, 0x83, 0x76, 0x12, 0x53, 0xCE, 0x1C, 0x38, 0x81, 0xF2,
    0x33, 0x0E, 0xD8, 0xD0, 0x94, 0x0E, 0x9A, 0xC5, 0x80, 0x3B, 0xFE, 0x5F, 0xF8, 0x0A, 0x31, 0x0F,
    0x2F, 0x85, 0xFD, 0x95, 0x06, 0xED, 0x99, 0xE2, 0xEA, 0xBA, 0x67, 0xD2, 0xC8, 0x94, 0xD2, 0x94,
    0x09, 0xA5, 0x38, 0x94, 0xB0, 0xB5, 0xFC, 0x18, 0xD4, 0x77, 0x3C, 0x66, 0x09, 0xD4, 0xFC, 0x83,
    0xCB, 0xE3, 0x13, 0x63, 0x7A, 0xF4, 0x9D, 0xC9, 0x35, 0xB0, 0x45, 0xD8, 0x99, 0xD9, 0x6A, 0xF9,
    0x2E, 0xBF, 0x03, 0x17, 0xBC, 0xD1, 0x7F, 0x7C, 0x0D, 0x7D, 0x8B, 0x50, 0x9E, 0xB8, 0x4A, 0x9D,
    0xDB, 0xEB, 0x68, 0xC9, 0x35, 0x46, 0xC6, 0xB8, 0xC6, 0xA2, 0x61, 0x41, 0xDB, 0xF2, 0x0D, 0x7F,
    0x91, 0x96, 0x7E, 0x83, 0xDB, 0x94, 0x07, 0xF7, 0x62, 0x77, 0x7B, 0xDA, 0xF6, 0x19, 0x63, 0xFB,
    0x1F, 0xD1, 0x96, 0x0E, 0xB4, 0x0D, 0xBC, 0x42, 0x9E, 0xD3, 0x41, 0xCB, 0xB5, 0x13, 0xBB, 0x1B,
    0x88, 0x8A, 0x4D, 0x0F, 0x31, 0x3E, 0xB6, 0x28, 0x49, 0xE0, 0x42, 0x56, 0x73, 0x4B, 0xFA, 0xA0,
    0xE2, 0xC1, 0x68, 0x68, 0xCF, 0xAE, 0xF8, 0x57, 0x95, 0x76, 0xD5, 0x32, 0x8C, 0x99, 0x63, 0xE5,
    0x79, 0x8F, 0x2F, 0xB9, 0x87, 0x24, 0x5B, 0x74, 0x2E, 0xFF, 0x03, 0xE3, 0xFE, 0xA0, 0xFF, 0xC7,
    0xD6, 0xAE, 0x46, 0x1E, 0x00, 0xA5, 0x5A, 0x3D, 0xAF, 0xDC, 0xC6, 0x15, 0xBD, 0x5C, 0x3A, 0x22,
    0x6C, 0x26, 0x61, 0x0A, 0x17, 0x42, 0x64, 0x80, 0x29, 0x5C, 0xC4, 0x80, 0xF3, 0xD8, 0xB8, 0x48,
    0x80, 0xC7, 0x1D, 0x3A, 0x2E, 0x5D, 0xF8, 0x2F, 0xB8, 0x48, 0x19, 0x44, 0x29, 0x1C, 0xA4, 0xD9,
    0x25, 0x57, 0x72, 0x91, 0x22, 0x45, 0xF4, 0x0F, 0xA2, 0x9F, 0x90, 0x38, 0x06, 0xA2, 0x20, 0x6F,
    0x97, 0x94, 0x55, 0xA4, 0x70, 0x61, 0xDA, 0x42, 0xE0, 0xC2, 0x85, 0x29, 0x5B, 0xA9, 0x5C, 0x98,
    0x86, 0x27, 0x10, 0x0D, 0x0D, 0x39, 0x39, 0x77, 0x86, 0xE4, 0x7E, 0x68, 0xDF, 0x7B, 0xBB, 0x79,
    0x7A, 0xE7, 0xAE, 0x76, 0x67, 0x67, 0x86, 0xC3, 0x99, 0x7B, 0xCF, 0xFD, 0xE0, 0x52, 0x49, 0x93,
    0x86, 0x1C, 0x4D, 0xF4, 0x63, 0xC2, 0xBF, 0x4C, 0xD7, 0x16, 0x29, 0x51, 0xCA, 0x1F, 0x0B, 0x0B,
    0xFB, 0x71, 0x68, 0x6C, 0x2C, 0x42, 0xAF, 0x10, 0x6F, 0x95, 0x78, 0x25, 0x3A, 0x7A, 0x6C, 0xAE,
    0x6B, 0x1A, 0xC4, 0xAF, 0xC8, 0x8A, 0xAE, 0x20, 0x0A, 0xD2, 0xE1, 0x73, 0x0E, 0x11, 0xBD, 0x64,
    0xE4, 0x7F, 0xA9, 0x21, 0x2D, 0x44, 0xE2, 0x52, 0x77, 0x89, 0x3C, 0xFC, 0x1F, 0x62, 0xD0, 0x0F,
    0xED, 0xC5, 0x5D, 0xAD, 0xD7, 0x52, 0xD3, 0xA5, 0x22, 0x70, 0xAD, 0x41, 0xE8, 0xE6, 0xE3, 0x89,
    0xEE, 0x7C, 0xDD, 0x86, 0xD5, 0x4B, 0x22, 0x21, 0xB1, 0xB1, 0x76, 0xBC, 0x47, 0x4B, 0x54, 0x5E,
    0x0F, 0x74, 0xEB, 0x62, 0x59, 0xD9, 0xE3, 0x6B, 0x5D, 0x12, 0xE9, 0x2A, 0xD3, 0xE5, 0xCA, 0x29,
    0x5A, 0xA2, 0xFC, 0x0E, 0x89, 0x8E, 0x42, 0x5D, 0x3A, 0x7C, 0x23, 0x92, 0x26, 0xF2, 0x57, 0x9E,
    0xC4, 0x4D, 0x69, 0x5D, 0x86, 0x1D, 0xDF, 0x9D, 0x85, 0xA3, 0xE8, 0x3C, 0x8C, 0x7D, 0x76, 0xB6,
    0xF3, 0xB8, 0xB1, 0x03, 0xF8, 0xE6, 0x9E, 0x85, 0x57, 0xBF, 0x16, 0xF2, 0x9A, 0x73, 0xBD, 0x08,
    0xBF, 0xA3, 0xA0, 0x33, 0x38, 0x19, 0x10, 0xD5, 0x41, 0xA4, 0x82, 0x93, 0x69, 0x70, 0x12, 0x85,
    0x27, 0x21, 0x10, 0x9D, 0x44, 0xF3, 0x93, 0xA9, 0x8A, 0xD4, 0xDD, 0xB0, 0x92, 0xF7, 0x68, 0x0B,
    0x79, 0xA1, 0x71, 0x77, 0x4D, 0x23, 0xEF, 0x9D, 0xC9, 0x7B, 0x33, 0x03, 0xBC, 0x69, 0x64, 0x5E,
    0xCB, 0x6C, 0x31, 0xAE, 0x07, 0xC7, 0xD9, 0x43, 0x57, 0xBE, 0x6E, 0x70, 0xAA, 0x7E, 0xD5, 0x1A,
    0x2C, 0x47, 0xD0, 0xF7, 0x71, 0x93, 0xE4, 0xB6, 0xE4, 0x94, 0x7C, 0xBF, 0xCA, 0x95, 0xCA, 0xAF,
    0x55, 0x50, 0x28, 0xB1, 0x50, 0x19, 0xB5, 0x8A, 0xB4, 0x64, 0x74, 0x2D, 0xA9, 0x9C, 0x54, 0x54,
    0xA8, 0xA0, 0x52, 0x5E, 0xAD, 0xDC, 0x46, 0xE1, 0xCE, 0xB7, 0xD5, 0x56, 0x39, 0xD2, 0x0C, 0x97,
    0x2A, 0x90, 0x2A, 0x92, 0x4A, 0x48, 0xB5, 0x94, 0xEA, 0xBF, 0xB2, 0x7B, 0x24, 0xF5, 0x7D, 0xA9,
    0x6F, 0x49, 0xED, 0x30, 0x5A, 0x74, 0x73, 0xE4, 0xB5, 0xFB, 0x15, 0x79, 0x9F, 0x60, 0x5F, 0x34,
    0xAE, 0x9B, 0x27, 0x66, 0xB3, 0x57, 0x94, 0xE1, 0xDC, 0x73, 0x8A, 0x16, 0x2D, 0x61, 0x05, 0xE4,
    0x7F, 0xAC, 0xC8, 0xFD, 0x56, 0x92, 0xF3, 0x14, 0xBA, 0xC2, 0x2A, 0x22, 0xD0, 0x37, 0x2A, 0x8C,
    0x36, 0xA0, 0x1B, 0x09, 0x1C, 0xBD, 0x68, 0xD0, 0x84, 0xAF, 0xD4, 0x44, 0x5E, 0x0A, 0xAD, 0x7B,
    0x10, 0x06, 0x8D, 0xC0, 0x44, 0xA4, 0x31, 0xA1, 0x2E, 0x70, 0xA1, 0x82, 0xDC, 0x27, 0x25, 0xB9,
    0x5F, 0x62, 0x71, 0x0F, 0xA1, 0x4A, 0x1F, 0x48, 0x0A, 0xEE, 0x37, 0xD0, 0x2C, 0x45, 0x11, 0x44,
    0xE8, 0x16, 0x0B, 0xE4, 0x65, 0x66, 0x78, 0xC5, 0x52, 0x75, 0x61, 0xB1, 0x24, 0x02, 0x72, 0xD6,
    0x35, 0x1C, 0x6F, 0xBD, 0xF4, 0x9A, 0xA5, 0x63, 0xE0, 0x35, 0xE6, 0x28, 0xCA, 0x9B, 0xD0, 0xDA,
    0xCE, 0xF6, 0xAF, 0x96, 0x5E, 0xBD, 0x74, 0x6B, 0x6C, 0x3E, 0x14, 0xC1, 0xB4, 0xE0, 0xA3, 0xE9,
    0xEC, 0xDA, 0xCE, 0x15, 0x3A, 0x5F, 0xC5, 0x92, 0x5C, 0xAC, 0x74, 0x94, 0xBA, 0x97, 0xCA, 0x8A,
    0x57, 0x62, 0x5B, 0x59, 0xB0, 0xBD, 0xBC, 0xC5, 0x61, 0xC2, 0xFA, 0xAB, 0x47, 0x39, 0xC3, 0x5D,
    0x6D, 0xCA, 0x51, 0x74, 0x72, 0x16, 0x87, 0x74, 0x1A, 0x9F, 0xD0, 0x49, 0x7C, 0x4A, 0x61, 0x3C,
    0xA3, 0x60, 0x2E, 0xB1, 0x88, 0x9A, 0x26, 0x38, 0x63, 0x3E, 0x67, 0x0F, 0xEF, 0xB9, 0x2D, 0x8C,
    0xCF, 0x68, 0x1A, 0xC7, 0x14, 0xC7, 0x53, 0x9A, 0xC5, 0x11, 0xF1, 0xB8, 0x6B, 0x7A, 0x11, 0x69,
    0x89, 0x8D, 0xFE, 0x81, 0x31, 0x2A, 0xAC, 0x1D, 0x23, 0x5D, 0x1C, 0x95, 0x83, 0x43, 0xCE, 0x80,
    0x57, 0x1C, 0x2D, 0x74, 0x27, 0x74, 0x73, 0x4D, 0xDF, 0x39, 0x4A, 0xD3, 0x6E, 0x78, 0x8B, 0xF0,
    0xCD, 0x22, 0xD0, 0xC9, 0xA4, 0x3D, 0x5A, 0x4B, 0x8F, 0x32, 0x07, 0xD0, 0x57, 0x0F, 0x99, 0x4E,
    0x6A, 0x86, 0x3B, 0xC0, 0xAB, 0xD2, 0xA0, 0x4C, 0xA3, 0x22, 0xCD, 0x17, 0x69, 0x4E, 0xE9, 0x3B,
    0x94, 0xE2, 0xAE, 0xA3, 0x85, 0x12, 0xF7, 0x95, 0xF8, 0xA0, 0x9D, 0x3E, 0x6C, 0xE3, 0x27, 0xCB,
    0x58, 0xA7, 0x71, 0x3E, 0x8D, 0x33, 0xEC, 0xCC, 0x34, 0x26, 0x31, 0xDF, 0xC0, 0x79, 0x7A, 0xBC,
    0x57, 0xCB, 0x9D, 0x7C, 0x81, 0x8D, 0x0E, 0x74, 0x13, 0x61, 0x72, 0x5A, 0x09, 0x4A, 0xA1, 0xAE,
    0x16, 0x78, 0x8F, 0x16, 0xB4, 0x87, 0xCC, 0x06, 0x35, 0x7A, 0x5E, 0x3C, 0xD5, 0x0E, 0x8C, 0x7E,
    0x43, 0x6B, 0xA5, 0xD1, 0x6F, 0xC5, 0x18, 0xF4, 0x1B, 0x5F, 0x59, 0x1B, 0x18, 0x41, 0x37, 0x9B,
    0x35, 0x9F, 0x2F, 0x0C, 0x9F, 0x0F, 0x60, 0x3E, 0x5F, 0xC0, 0x6A, 0x47, 0x3E, 0x87, 0xF2, 0x68,
    0x8B, 0x75, 0xA7, 0xF3, 0x71, 0x15, 0x9A, 0xA0, 0x98, 0x31, 0xD1, 0x77, 0x02, 0x2D, 0xA3, 0xF4,
    0x6C, 0x1A, 0x4F, 0x67, 0xF1, 0x09, 0x74, 0xD0, 0x80, 0x77, 0x1E, 0x8D, 0xF8, 0x0A, 0x1D, 0x6C,
    0x4F, 0xEC, 0x18, 0xAE, 0xA3, 0x0C, 0x0B, 0x78, 0x5F, 0x82, 0xAE, 0x9E, 0x96, 0x20, 0xBC, 0xC2,
    0x32, 0x46, 0x6E, 0x59, 0xC3, 0x7D, 0x5A, 0x99, 0xEF, 0x82, 0x0F, 0xC0, 0x14, 0xE8, 0x2B, 0x92,
    0x15, 0x2E, 0x9B, 0x81, 0x4B, 0xEB, 0x4B, 0xA1, 0xB5, 0xB2, 0x80, 0x62, 0x8E, 0xD8, 0xD9, 0xF6,
    0x16, 0x3B, 0x3F, 0x91, 0x99, 0x96, 0x42, 0x4B, 0x5F, 0xB3, 0x77, 0xDB, 0xC4, 0x8C, 0xA2, 0x2D,
    0xC4, 0x7B, 0x30, 0x6E, 0xEF, 0x0C, 0xB7, 0xF4, 0x8C, 0x9C, 0x9E, 0x2F, 0x18, 0x92, 0x0C, 0x42,
    0x14, 0x6C, 0x49, 0x5E, 0x91, 0xC5, 0xE0, 0x63, 0xEE, 0xF8, 0xBC, 0x3E, 0xE5, 0x3F, 0xEA, 0xFC,
    0x6A, 0xC5, 0x78, 0xD4, 0xF2, 0x47, 0x2D, 0x3D, 0xBD, 0x88, 0x61, 0xF0, 0x03, 0x44, 0x35, 0x15,
    0x6A, 0x2A, 0xF4, 0x34, 0x16, 0xD3, 0x38, 0x9C, 0xC6, 0x41, 0xCA, 0xAF, 0x82, 0x5B, 0xD0, 0x1E,
    0xC9, 0xE9, 0x8E, 0x26, 0x6D, 0xD1, 0xEA, 0xC4, 0xC0, 0x78, 0x77, 0x4B, 0xAB, 0x37, 0xBE, 0xC3,
    0xB7, 0x8B, 0x4C, 0x57, 0xAF, 0xB1, 0xE3, 0x6F, 0xD8, 0x85, 0xE9, 0x1E, 0xBC, 0x9B, 0x93, 0xE6,
    0x6D, 0x9F, 0x39, 0x55, 0x83, 0x5F, 0xBE, 0xA3, 0x99, 0x57, 0xCF, 0x42, 0x35, 0x13, 0xED, 0x6C,
    0x6A, 0x0E, 0xFE, 0x34, 0xCA, 0x54, 0x8F, 0xD9, 0x2C, 0xE2, 0x16, 0xB4, 0xE3, 0x5B, 0xF4, 0xF1,
    0x11, 0x16, 0x61, 0x92, 0x36, 0x60, 0x0D, 0x5E, 0x86, 0x05, 0x23, 0x28, 0x97, 0x50, 0xE8, 0x89,
    0x81, 0x2B, 0x97, 0x81, 0x69, 0x17, 0x8B, 0x65, 0x46, 0xCB, 0x1B, 0x1D, 0x3C, 0x44, 0x81, 0xA0,
    0x04, 0x6E, 0x1E, 0xA6, 0x25, 0x8C, 0x03, 0x6E, 0x5D, 0x46, 0x6E, 0x3E, 0xFA, 0xFA, 0x2E, 0x5D,
    0xFB, 0x0B, 0xE5, 0x78, 0x23, 0xC3, 0xFF, 0x18, 0x7B, 0x58, 0xB1, 0x43, 0x80, 0x23, 0xEF, 0x7C,
    0x74, 0x93, 0xAD, 0xDB, 0xE0, 0xB5, 0x73, 0x65, 0xFE, 0x26, 0xFA, 0x57, 0xA1, 0x2E, 0xAE, 0x61,
    0xCE, 0x0E, 0x7B, 0x5F, 0x32, 0x05, 0x7B, 0x75, 0xE6, 0x56, 0x86, 0x7C, 0xEB, 0x0C, 0xDA, 0x60,
    0x14, 0x02, 0x77, 0x8D, 0x0E, 0x9A, 0x27, 0x61, 0x40, 0xCF, 0xCF, 0xC3, 0x44, 0x83, 0x9E, 0xCC,
    0xB6, 0x40, 0xEB, 0x2A, 0xE5, 0x96, 0x0A, 0x9E, 0x00, 0xC6, 0x13, 0x80, 0xD6, 0x06, 0xE5, 0x18,
    0xE9, 0x86, 0x46, 0x06, 0xB9, 0x05, 0x06, 0x99, 0x1B, 0xDA, 0x35, 0x48, 0xAE, 0x83, 0x38, 0x3C,
    0x6C, 0x6C, 0xFE, 0x98, 0x79, 0x9B, 0x39, 0x7C, 0xE0, 0x79, 0xE6, 0x76, 0xD7, 0xF0, 0x7C, 0x45,
    0xC1, 0x0A, 0x6E, 0x33, 0xBE, 0x47, 0x11, 0xBE, 0x1B, 0x38, 0x1E, 0x71, 0x18, 0x47, 0x72, 0xBA,
    0x7C, 0xCD, 0x2F, 0xE1, 0x7D, 0x7C, 0x9D, 0xF8, 0xEC, 0x11, 0xAA, 0x97, 0x71, 0x5F, 0xCC, 0x29,
    0x05, 0x3A, 0xCC, 0xDD, 0x7A, 0xEE, 0xD7, 0xF3, 0xB0, 0x9E, 0x8B, 0x7A, 0x9E, 0xD5, 0xF3, 0xA7,
    0x75, 0xF6, 0x6D, 0x9D, 0x3D, 0xAC, 0xB3, 0x07, 0x75, 0xF6, 0x06, 0x6E, 0xBF, 0x46, 0x87, 0x1D,
    0x36, 0x3F, 0x64, 0x48, 0xEA, 0xC9, 0x34, 0xA8, 0x98, 0x7D, 0x41, 0x81, 0x0A, 0x6C, 0x43, 0x59,
    0xCB, 0xA4, 0xC8, 0x2D, 0x68, 0x77, 0xC1, 0xD6, 0x6B, 0x9D, 0x59, 0xDB, 0x26, 0x88, 0xBD, 0x52,
    0x41, 0xA9, 0xB2, 0x42, 0x65, 0x89, 0xFA, 0x05, 0xD8, 0xBE, 0xA7, 0xEC, 0x16, 0x94, 0x2D, 0x1E,
    0xB6, 0xD3, 0x27, 0x5D, 0xFC, 0xD4, 0x52, 0xB6, 0x98, 0x4F, 0xFB, 0xAD, 0x5B, 0xB9, 0xF5, 0x26,
    0xC6, 0x50, 0x6C, 0xB3, 0x11, 0xB4, 0xEB, 0x73, 0x98, 0x68, 0xA6, 0x62, 0x82, 0xCE, 0x0C, 0x56,
    0xE2, 0x56, 0x1B, 0xB2, 0xBD, 0x70, 0x87, 0xB5, 0xDF, 0x75, 0xCF, 0x45, 0xD4, 0x59, 0x7F, 0x6C,
    0x6E, 0x70, 0xD2, 0xA4, 0x8E, 0xC1, 0xA4, 0xC9, 0x3C, 0x69, 0xC6, 0x96, 0x59, 0x9E, 0x6C, 0xFA,
    0x69, 0x27, 0xAF, 0x02, 0x26, 0x91, 0x3A, 0x5B, 0xFC, 0x68, 0x35, 0x28, 0x06, 0xDE, 0xE0, 0x23,
    0x98, 0x05, 0xC7, 0xED, 0xE4, 0x8F, 0xC7, 0xB3, 0xBE, 0x80, 0x7F, 0xC1, 0x89, 0xD1, 0x02, 0x9A,
    0xCF, 0xFA, 0xE3, 0x7F, 0xDC, 0x78, 0x5F, 0xD4, 0xEE, 0xB7, 0xB5, 0x03, 0x12, 0x04, 0x17, 0xE6,
    0x05, 0xD9, 0xE0, 0xBD, 0x83, 0xD7, 0xA2, 0x4C, 0x52, 0x06, 0x2E, 0x7E, 0xBE, 0xA7, 0xDD, 0x11,
    0x3D, 0xFF, 0xC6, 0x67, 0xF1, 0x06, 0xFF, 0x9E, 0xC6, 0x11, 0xF3, 0x6F, 0xBC, 0xC5, 0xBF, 0x03,
    0x0B, 0xAF, 0x28, 0x64, 0xA6, 0x37, 0x0C, 0x5C, 0x59, 0x06, 0x36, 0xEC, 0xBB, 0x30, 0xC1, 0x85,
    0xF7, 0xC4, 0xB2, 0x6F, 0x84, 0x68, 0x06, 0x7B, 0x49, 0xA9, 0x5F, 0x9D, 0x07, 0x63, 0x35, 0x0C,
    0x72, 0x7A, 0x6C, 0xD2, 0x71, 0xB7, 0xB6, 0xD6, 0xAD, 0xD8, 0xFD, 0x94, 0x4E, 0x7A, 0xC4, 0xBB,
    0x18, 0x77, 0xEC, 0x14, 0x6C, 0x3A, 0xCA, 0xE9, 0x7E, 0x11, 0xF0, 0x70, 0x83, 0x20, 0x73, 0x1A,
    0x65, 0x8B, 0x4B, 0x39, 0x58, 0x87, 0x1A, 0xB4, 0x3D, 0x8B, 0x6A, 0x66, 0xD1, 0x6B, 0xBA, 0x5A,
    0xF3, 0xA7, 0x9C, 0x8A, 0xD6, 0xF0, 0x67, 0x64, 0xF8, 0x33, 0x32, 0xCC, 0xD9, 0x6E, 0x31, 0x67,
    0xAE, 0x93, 0xDE, 0x55, 0xAF, 0x43, 0x4B, 0xE6, 0xCC, 0x9B, 0x3A, 0x01, 0x53, 0x81, 0x5E, 0x10,
    0x6C, 0xBD, 0xC8, 0x21, 0x4B, 0xCF, 0x66, 0xD0, 0x85, 0x97, 0x3D, 0x25, 0x0C, 0xA5, 0xA0, 0x03,
    0xB3, 0xDF, 0x2C, 0x52, 0x34, 0x43, 0x5A, 0x35, 0x9B, 0x0B, 0x02, 0x39, 0xC2, 0x74, 0xC2, 0x5E,
    0x22, 0xDB, 0xC6, 0xDF, 0x71, 0x1F, 0xF4, 0x75, 0x74, 0xC3, 0x3C, 0xA9, 0x5B, 0x28, 0x06, 0xEB,
    0x06, 0xAF, 0x19, 0xAE, 0x9D, 0x33, 0x8D, 0x00, 0x0C, 0x99, 0x2C, 0x05, 0x16, 0xF5, 0xB6, 0x51,
    0xB8, 0x7C, 0x41, 0x9E, 0x4D, 0xAD, 0x2E, 0x27, 0x19, 0xEF, 0x7E, 0x1D, 0x3C, 0x94, 0x78, 0x25,
    0x3A, 0x74, 0x88, 0x53, 0x20, 0x26, 0x80, 0x5D, 0x80, 0x36, 0x13, 0xBC, 0x09, 0xF4, 0x22, 0x30,
    0x43, 0x82, 0x0F, 0x0C, 0xDD, 0xED, 0x03, 0x4D, 0x14, 0xC7, 0x07, 0xA2, 0x86, 0x25, 0xD0, 0x75,
    0x56, 0x5D, 0xA4, 0x43, 0x93, 0x05, 0x5F, 0xF0, 0x10, 0x6A, 0x45, 0xA0, 0x63, 0xDC, 0x84, 0x42,
    0x7C, 0xC1, 0xBA, 0xCF, 0x2C, 0xC7, 0x88, 0xEE, 0x50, 0x1F, 0xDF, 0xDC, 0x6C, 0x4D, 0x74, 0x5B,
    0x82, 0xFD, 0x32, 0x5A, 0xA0, 0x4F, 0x88, 0xF9, 0xA1, 0xC2, 0x7E, 0xFD, 0xB2, 0xCB, 0x36, 0x0E,
    0x47, 0x86, 0x3D, 0x27, 0xC9, 0x0B, 0x01, 0x88, 0x93, 0x6B, 0x36, 0x1F, 0x0B, 0xDA, 0x04, 0x5B,
    0xEC, 0xF7, 0x28, 0x6F, 0x39, 0xDF, 0xF5, 0x1B, 0xFF, 0xDD, 0x2A, 0xFC, 0x57, 0x1D, 0xBC, 0x5B,
    0xD9, 0xED, 0x39, 0x64, 0x08, 0x45, 0x26, 0xF8, 0xE2, 0xF8, 0xCB, 0x0C, 0x19, 0x56, 0xCB, 0xBB,
    0x76, 0x0E, 0x5E, 0x8B, 0x40, 0x32, 0xC8, 0x54, 0xE8, 0x46, 0xC3, 0x29, 0xEB, 0x5A, 0x4E, 0x20,
    0x11, 0xDA, 0x22, 0xC4, 0x61, 0x27, 0x82, 0x90, 0xB3, 0x92, 0x80, 0x74, 0x78, 0xBF, 0x44, 0xDB,
    0xFB, 0xA1, 0xDC, 0xC9, 0x5A, 0x2B, 0x8E, 0x35, 0x1B, 0x35, 0xA4, 0xAC, 0x4A, 0xE6, 0x52, 0x66,
    0x65, 0xF0, 0x7F, 0x1C, 0xD9, 0xF3, 0x4C, 0x44, 0x13, 0x2C, 0xC2, 0x64, 0xAD, 0x87, 0x30, 0xBC,
    0xB3, 0x20, 0x57, 0x9A, 0x21, 0x2F, 0x1D, 0xEA, 0x38, 0x90, 0xA3, 0x22, 0x45, 0x65, 0xAF, 0x66,
    0x12, 0xD4, 0x63, 0x79, 0xEF, 0x02, 0xEA, 0x1E, 0xE9, 0x7D, 0x4C, 0x43, 0x71, 0xE3, 0x63, 0x36,
    0xD9, 0x6F, 0x3C, 0x93, 0x24, 0xCC, 0x4A, 0x05, 0xF7, 0xBB, 0xA0, 0x58, 0x31, 0xF0, 0x06, 0x1F,
    0x39, 0xCA, 0x5A, 0xBC, 0xB0, 0x7D, 0x4A, 0x76, 0x60, 0xF8, 0x6F, 0xBB, 0x81, 0x95, 0xE9, 0xD6,
    0x06, 0xA5, 0x19, 0xA5, 0x79, 0x14, 0x08, 0x64, 0x4F, 0x62, 0xD0, 0x64, 0xEC, 0xFA, 0x7D, 0xFD,
    0x6C, 0x62, 0xB0, 0xEB, 0xA4, 0xB4, 0x16, 0xA1, 0xE6, 0x37, 0xF7, 0xD7, 0x4E, 0xAA, 0x35, 0xA1,
    0x2E, 0x92, 0x41, 0x07, 0x8C, 0x86, 0x60, 0x54, 0x80, 0x2B, 0x23, 0x48, 0xF8, 0x06, 0x62, 0x80,
    0x3F, 0x94, 0x14, 0x7C, 0x08, 0x1D, 0xFF, 0xA8, 0x20, 0xEF, 0xF3, 0x04, 0x71, 0x01, 0x19, 0xE1,
    0x03, 0xB0, 0x7E, 0x27, 0x4F, 0x32, 0x47, 0x2F, 0xC4, 0xA4, 0x4B, 0xA2, 0x37, 0x30, 0xE6, 0x0F,
    0x18, 0xF3, 0x21, 0xC6, 0x70, 0xFF, 0xAF, 0x71, 0x56, 0x08, 0x38, 0x27, 0xE8, 0xCF, 0xE9, 0x1F,
    0x6B, 0xF1, 0x8E, 0xDF, 0xDF, 0x93, 0xC8, 0x4D, 0xA5, 0xFA, 0x87, 0x54, 0xDF, 0x6C, 0x25, 0x72,
    0x9D, 0xA3, 0x5A, 0x47, 0x71, 0xA9, 0x02, 0x5B, 0xEC, 0x80, 0xC9, 0x2B, 0x18, 0xF6, 0x31, 0x21,
    0x84, 0xCA, 0xDC, 0x66, 0xEE, 0xDA, 0xB1, 0x35, 0xB2, 0x67, 0x9A, 0xF0, 0x0E, 0xE7, 0x4D, 0x8F,
    0x41, 0x5D, 0xE5, 0xF6, 0x31, 0xB5, 0xE3, 0x31, 0x99, 0xA3, 0x01, 0x15, 0x6F, 0x9F, 0x4B, 0xB1,
    0x3E, 0x97, 0x17, 0x74, 0x95, 0xED, 0xA4, 0x55, 0x3F, 0x6B, 0x96, 0x62, 0x48, 0xAB, 0x74, 0xB5,
    0x9C, 0xD4, 0x4B, 0xAA, 0x46, 0x62, 0xDF, 0xEF, 0xF4, 0x63, 0x1C, 0xE4, 0xE0, 0xF4, 0x71, 0x1E,
    0xD0, 0x31, 0xA7, 0xB2, 0x4E, 0xDF, 0x66, 0x5B, 0x80, 0xAB, 0x75, 0x8F, 0x73, 0xCA, 0x53, 0x00,
    0xFC, 0x82, 0x05, 0x22, 0x34, 0xE0, 0x10, 0xF6, 0xBB, 0xA8, 0x50, 0xB1, 0x55, 0x94, 0xD8, 0xD3,
    0x66, 0x76, 0xC3, 0x00, 0xE7, 0x6E, 0x90, 0x73, 0x15, 0x82, 0xC6, 0x8F, 0x00, 0xD7, 0xB9, 0x0C,
    0x2C, 0x99, 0x81, 0x4D, 0xCD, 0x92, 0xEA, 0xD6, 0x43, 0x7E, 0xDE, 0x28, 0x24, 0x4B, 0x23, 0x9C,
    0x86, 0x7C, 0x69, 0xAA, 0x06, 0x05, 0x08, 0x7C, 0xA7, 0x54, 0x91, 0xF1, 0xBE, 0x95, 0xFD, 0xBE,
    0x61, 0xC7, 0x88, 0xF7, 0x8D, 0x19, 0x21, 0xAF, 0x09, 0x06, 0xDE, 0x25, 0xC7, 0x17, 0x2F, 0x04,
    0x07, 0xB6, 0x3C, 0xEE, 0x99, 0xD4, 0x88, 0x03, 0xDE, 0x78, 0x6F, 0x70, 0x5C, 0x93, 0x6F, 0x82,
    0xE3, 0x33, 0x04, 0xC7, 0x59, 0x82, 0x39, 0xB8, 0xEF, 0xD6, 0xD8, 0xF3, 0x0B, 0x21, 0xCA, 0xDE,
    0xC8, 0x50, 0x08, 0x51, 0x1E, 0xB6, 0x30, 0xE6, 0x21, 0x8E, 0x4E, 0x9C, 0xEE, 0xA0, 0x08, 0x9B,
    0x5D, 0xCB, 0x29, 0xF9, 0x8A, 0x8B, 0xA4, 0x5C, 0xB7, 0x40, 0x78, 0x0B, 0x3E, 0x13, 0x89, 0x5A,
    0x51, 0xA7, 0x08, 0xAB, 0x5B, 0xD7, 0x36, 0x44, 0xA1, 0x42, 0xA4, 0x08, 0x4A, 0x79, 0x4A, 0xB9,
    0x5B, 0x2E, 0x85, 0x29, 0x35, 0x2C, 0x40, 0x18, 0xE9, 0xD2, 0x50, 0x6D, 0xCD, 0x9C, 0xCB, 0x6C,
    0x2B, 0x16, 0x69, 0x28, 0x53, 0x5F, 0x62, 0x8B, 0xC7, 0xE8, 0x2A, 0xE5, 0x70, 0x0C, 0x8A, 0x9B,
    0x62, 0x68, 0xFA, 0xD7, 0x86, 0xD2, 0xBF, 0xD5, 0x94, 0xFE, 0xB3, 0xE4, 0xA5, 0x42, 0x16, 0x94,
    0x82, 0x39, 0xD3, 0xBF, 0xA3, 0xED, 0x3D, 0x69, 0xFB, 0x98, 0xBE, 0xC2, 0x48, 0x66, 0xFE, 0x70,
    0x91, 0xDF, 0xE1, 0x2A, 0xBF, 0xC7, 0x65, 0xB2, 0xD2, 0x8C, 0xC1, 0x41, 0xDA, 0xCF, 0xDC, 0xFE,
    0x8E, 0x32, 0x57, 0xE0, 0xB0, 0x14, 0x36, 0x66, 0x04, 0xA6, 0x00, 0x81, 0x53, 0xBA, 0x8F, 0xC4,
    0xFD, 0x01, 0xB6, 0xFB, 0x43, 0xE8, 0xDA, 0xE7, 0x6C, 0x80, 0x64, 0xE5, 0x6B, 0xBC, 0xFF, 0x08,
    0x6D, 0x0F, 0x6A, 0xDB, 0xA7, 0xE0, 0x42, 0x42, 0x0E, 0x81, 0x13, 0x83, 0xDF, 0xCF, 0x25, 0x76,
    0xF3, 0xB6, 0x02, 0x27, 0x81, 0x97, 0xFE, 0x54, 0x50, 0x88, 0x31, 0x70, 0xD9, 0xF8, 0x1F, 0xAE,
    0xFB, 0xCF, 0xF8, 0xFC, 0x47, 0xB4, 0xBF, 0xCB, 0xC9, 0x7E, 0x0B, 0xC9, 0xA1, 0x42, 0x60, 0xB3,
    0xBA, 0xA5, 0xFC, 0x1B, 0x45, 0xDE, 0xB7, 0x38, 0xEE, 0x27, 0xC8, 0x02, 0x71, 0x7F, 0x1E, 0xFA,
    0x5B, 0x29, 0x4C, 0x88, 0x6A, 0xBE, 0xE3, 0x3E, 0xE8, 0xEB, 0x61, 0x0C, 0x0E, 0x86, 0xF2, 0x12,
    0xE3, 0x3E, 0x01, 0x99, 0x70, 0xB9, 0xF1, 0x73, 0x1C, 0x1C, 0xFA, 0xFB, 0x9A, 0xCB, 0xF0, 0xB0,
    0xC0, 0xCF, 0x60, 0x88, 0xDC, 0xFE, 0x09, 0x17, 0xED, 0x5A, 0x48, 0x4E, 0xFB, 0x4A, 0x08, 0x83,
    0x85, 0xAC, 0x1B, 0x95, 0xC5, 0xE6, 0xA9, 0xAD, 0x70, 0xC5, 0x0D, 0xAC, 0x33, 0x13, 0xFE, 0xD8,
    0x58, 0x8C, 0x55, 0x51, 0x15, 0x2A, 0x83, 0xC2, 0x62, 0x24, 0x82, 0xB1, 0x65, 0x13, 0xAB, 0x40,
    0x0D, 0x28, 0x46, 0x1F, 0xB6, 0x0A, 0xB6, 0x20, 0x5A, 0x2E, 0xC3, 0x18, 0xB3, 0x19, 0x20, 0xEA,
    0x58, 0xA8, 0x38, 0x9E, 0x73, 0xB9, 0x8B, 0x43, 0xFF, 0x70, 0x00, 0x02, 0x93, 0x29, 0x68, 0x99,
    0x5C, 0x2E, 0x59, 0xEE, 0x0E, 0xEC, 0x47, 0xD9, 0x21, 0xD1, 0xD0, 0x3F, 0x62, 0xD3, 0x30, 0xFD,
    0xCD, 0x33, 0x90, 0xC7, 0xC4, 0x06, 0x83, 0x28, 0x82, 0x22, 0xC4, 0x07, 0x02, 0xEA, 0x98, 0xE2,
    0xFC, 0x10, 0x30, 0xD2, 0x52, 0x20, 0x36, 0x99, 0x87, 0x94, 0x42, 0xC4, 0x3C, 0x22, 0xB1, 0x9C,
    0xC2, 0x70, 0xCE, 0x70, 0x44, 0x50, 0xD6, 0x9C, 0xF5, 0x07, 0x03, 0x3C, 0xEC, 0x17, 0x5B, 0x1B,
    0x02, 0x79, 0x27, 0xE7, 0x23, 0x29, 0x39, 0xB7, 0xE7, 0x98, 0x09, 0x91, 0x46, 0x83, 0xD8, 0xA6,
    0xC3, 0x3C, 0x9A, 0xD2, 0x94, 0xC7, 0x47, 0x14, 0xB5, 0xA9, 0x79, 0x62, 0xE2, 0x70, 0xED, 0x29,
    0x18, 0x7C, 0xDC, 0x6F, 0xF6, 0x54, 0xC0, 0xC4, 0x6E, 0x05, 0xEC, 0x39, 0x78, 0x03, 0x0F, 0x9C,
    0x96, 0x4B, 0x4E, 0x04, 0xBC, 0x82, 0x43, 0x09, 0x6D, 0x13, 0xB5, 0xDA, 0x24, 0x6A, 0x34, 0x26,
    0x6A, 0x9D, 0x09, 0x9D, 0x05, 0x53, 0x03, 0xD2, 0x23, 0x89, 0xB5, 0x61, 0x08, 0x3C, 0x2A, 0xEE,
    0xFA, 0xB0, 0xEA, 0x59, 0xD5, 0xC3, 0x5B, 0xE3, 0xC2, 0x6C, 0xEF, 0xAE, 0xB1, 0xEC, 0xB5, 0x77,
    0x60, 0x0B, 0xE3, 0x44, 0xCC, 0x94, 0xC3, 0xB8, 0x7C, 0xFC, 0x89, 0xDC, 0x2E, 0x89, 0x71, 0x90,
    0x94, 0xD1, 0x5E, 0x59, 0x99, 0xB1, 0xB0, 0xE9, 0x64, 0x39, 0x96, 0xD3, 0x02, 0x68, 0xF6, 0x30,
    0x7E, 0x32, 0x96, 0xD4, 0xC8, 0x7A, 0xAD, 0x1D, 0xB9, 0xFC, 0xDA, 0x64, 0x8A, 0xF4, 0x2C, 0xE7,
    0x5E, 0x9B, 0x36, 0xAE, 0x0D, 0x56, 0x18, 0x92, 0x49, 0xBE, 0x36, 0x02, 0x11, 0x9C, 0x9C, 0x34,
    0xB2, 0x7B, 0x6D, 0x41, 0x6D, 0x74, 0xAB, 0x01, 0x57, 0xF8, 0x9F, 0x56, 0x70, 0x2D, 0x13, 0x74,
    0xC5, 0x19, 0x6B, 0x8C, 0x5B, 0xE0, 0x23, 0x1A, 0xF1, 0x55, 0x74, 0x1B, 0x41, 0x92, 0xCE, 0x4D,
    0xB5, 0x71, 0x84, 0x20, 0x15, 0xDD, 0x96, 0xF8, 0x76, 0x63, 0x54, 0x82, 0xF7, 0xDE, 0x67, 0x75,
    0xF0, 0xA0, 0x8D, 0x5E, 0xC7, 0x90, 0x76, 0xCC, 0x71, 0x73, 0xB8, 0xB0, 0x41, 0xC0, 0xCA, 0x97,
    0x0B, 0x4E, 0x7B, 0x10, 0x73, 0xB9, 0x0D, 0xC9, 0x9B, 0x33, 0x20, 0x2C, 0xCF, 0x82, 0xE2, 0x19,
    0x68, 0x6D, 0x31, 0xAE, 0x72, 0x87, 0x4D, 0xB8, 0x5E, 0xC5, 0x0E, 0x63, 0x27, 0x09, 0x56, 0x3D,
    0x36, 0xAB, 0x94, 0x7E, 0x35, 0xA2, 0xE3, 0x87, 0x19, 0x1C, 0x38, 0x98, 0xA7, 0x87, 0x15, 0xBB,
    0x17, 0x8B, 0xC1, 0x0D, 0x80, 0xC6, 0xD7, 0x78, 0x95, 0x21, 0x7E, 0x0D, 0x1B, 0xE2, 0xEA, 0x1A,
    0x67, 0x9F, 0xAF, 0x2E, 0x7B, 0x98, 0x28, 0x67, 0x5D, 0xFC, 0x7C, 0x4F, 0x76, 0xEF, 0x21, 0x6D,
    0x1D, 0x2A, 0x9F, 0xEF, 0x19, 0x98, 0xB2, 0xE7, 0x33, 0x35, 0xC2, 0x64, 0xA8, 0x11, 0x4A, 0x2E,
    0x10, 0x3A, 0x5B, 0xD8, 0xAC, 0x82, 0x0C, 0xB1, 0x00, 0x42, 0x83, 0x2A, 0xF5, 0xCF, 0x8D, 0xD0,
    0xCD, 0xB3, 0x50, 0x4E, 0xA5, 0x90, 0x38, 0xBD, 0x8F, 0x70, 0xF9, 0x7D, 0x19, 0xD1, 0xB2, 0xCF,
    0xDC, 0x7D, 0x88, 0xC3, 0x49, 0x1A, 0x4B, 0x43, 0x26, 0xBF, 0xC2, 0x17, 0xA0, 0x21, 0x08, 0xB3,
    0x28, 0x48, 0x44, 0x34, 0xEF, 0x6B, 0x75, 0xAF, 0x59, 0xAE, 0x6A, 0x64, 0xE7, 0x20, 0x81, 0x6E,
    0x82, 0x2C, 0x59, 0xBD, 0x48, 0xBA, 0x61, 0x6F, 0xC9, 0x9B, 0xB3, 0x3D, 0x7F, 0x83, 0xF9, 0xF3,
    0x8B, 0xE6, 0xCF, 0xFA, 0xF9, 0x91, 0xC2, 0x19, 0x9A, 0x1B, 0x64, 0xBC, 0x96, 0x9C, 0xAF, 0x8C,
    0x2D, 0xDF, 0xD0, 0x9D, 0xB3, 0x79, 0x2D, 0x64, 0x61, 0x20, 0x16, 0x83, 0xA3, 0x9E, 0x66, 0xEE,
    0x7B, 0x42, 0x77, 0xA5, 0x27, 0x3C, 0x7B, 0xE6, 0x3B, 0xB6, 0x8A, 0x88, 0x48, 0x9E, 0xD5, 0x14,
    0x06, 0x10, 0x25, 0x6A, 0x49, 0x9D, 0xB4, 0x01, 0x61, 0xC9, 0xDE, 0xCF, 0xE3, 0x67, 0x30, 0x5B,
    0xD1, 0x20, 0x78, 0x5F, 0xDB, 0xE8, 0x8E, 0x38, 0x07, 0x0C, 0xCA, 0x54, 0x24, 0xA9, 0xDA, 0x17,
    0x0A, 0xDA, 0x68, 0x70, 0xA3, 0xBF, 0xA3, 0x55, 0x0F, 0xF3, 0x18, 0xC8, 0x6A, 0xA3, 0xB5, 0x11,
    0x0E, 0x9B, 0x2A, 0x7E, 0xF4, 0x93, 0x2F, 0x60, 0xF1, 0xDD, 0x3B, 0x6C, 0xC4, 0x33, 0x3E, 0x27,
    0x9C, 0x30, 0x95, 0x7B, 0x0B, 0x89, 0xB0, 0x11, 0xC4, 0x52, 0x79, 0xA1, 0x33, 0xEA, 0x7E, 0xCE,
    0x4C, 0x3E, 0x33, 0xA5, 0x69, 0x1C, 0xEF, 0x9D, 0xA3, 0x1E, 0xED, 0x0C, 0xF1, 0x2A, 0x52, 0xCE,
    0xE4, 0xD2, 0x32, 0xE3, 0x8A, 0x95, 0x98, 0x3B, 0x83, 0x20, 0x11, 0x1E, 0x1E, 0x10, 0x35, 0xD8,
    0xC0, 0xA1, 0x41, 0x56, 0xD5, 0xE7, 0x4A, 0xC8, 0x02, 0xBC, 0x8B, 0x2F, 0xA4, 0x56, 0x6E, 0xB3,
    0xDA, 0xCE, 0x8F, 0x0E, 0x7D, 0x7A, 0x11, 0x5A, 0x24, 0x23, 0x2E, 0x2A, 0xC4, 0x65, 0x03, 0x06,
    0x23, 0x8E, 0xB0, 0xE1, 0xD1, 0xEB, 0x0D, 0x09, 0xC4, 0x69, 0xE2, 0x01, 0xE4, 0x53, 0x68, 0xDC,
    0x57, 0xD0, 0x14, 0x7D, 0x0A, 0x32, 0x85, 0xA4, 0xA7, 0x26, 0x04, 0xE7, 0xBF, 0xB9, 0x11, 0x91,
    0x70, 0x69, 0x7B, 0x6E, 0x38, 0x72, 0xCA, 0xBA, 0xDC, 0x1B, 0xD7, 0x5D, 0x33, 0x4F, 0x74, 0xBB,
    0xB1, 0xF3, 0x0C, 0x73, 0x7D, 0x86, 0xB9, 0xBE, 0xE6, 0xB9, 0x30, 0xC3, 0x1C, 0xE3, 0x4F, 0xED,
    0xD8, 0x67, 0xC7, 0xFF, 0x96, 0xAE, 0x6C, 0x56, 0x57, 0x79, 0x06, 0xBD, 0x93, 0xCD, 0x1E, 0xF2,
    0x1C, 0x82, 0x0B, 0x6A, 0xC1, 0x43, 0x58, 0xDB, 0x58, 0x58, 0xBB, 0xDA, 0x12, 0x76, 0x7E, 0x33,
    0x71, 0xD0, 0xA3, 0x10, 0xA6, 0xCB, 0x9C, 0x3D, 0xA2, 0x36, 0x97, 0x9B, 0xF0, 0x25, 0xBF, 0x82,
    0xBA, 0x7D, 0x86, 0x30, 0xF7, 0x43, 0x84, 0xE3, 0x90, 0x10, 0x4B, 0x31, 0x71, 0x17, 0x0B, 0xE2,
    0xE2, 0x0C, 0xB2, 0xE2, 0xB4, 0xE6, 0x11, 0xD4, 0x46, 0xF3, 0xF7, 0x9A, 0x9E, 0x13, 0x88, 0x9B,
    0xA2, 0xC0, 0x50, 0x26, 0x53, 0xE7, 0x0C, 0x91, 0xE0, 0x2C, 0xE2, 0x2A, 0x1C, 0x2F, 0xA2, 0x23,
    0xFF, 0x11, 0x42, 0xED, 0x5F, 0xDE, 0xF1, 0x1F, 0xB0, 0xEB, 0xE6, 0x60, 0xEA, 0xC8, 0x5F, 0xC8,
    0x4C, 0x8A, 0xCA, 0xFD, 0xA2, 0x9E, 0xE0, 0x5E, 0xB2, 0xE4, 0xC0, 0x0A, 0xA4, 0xCF, 0xF5, 0xD5,
    0x12, 0x39, 0xDC, 0x75, 0xCF, 0x56, 0xDF, 0x30, 0xDF, 0x34, 0xD3, 0x9D, 0xC5, 0x14, 0xA3, 0x5E,
    0xB7, 0x65, 0x16, 0x18, 0x66, 0xE2, 0x77, 0x89, 0xF9, 0xC9, 0x48, 0xF3, 0x3C, 0x17, 0xFE, 0x96,
    0xC3, 0x84, 0x2D, 0x52, 0xB2, 0x88, 0x8B, 0x3F, 0x35, 0xF7, 0xD9, 0xAE, 0xF2, 0x1D, 0x37, 0xFF,
    0xED, 0x0A, 0x71, 0x16, 0x5E, 0x87, 0xB1, 0x97, 0x5F, 0x6E, 0x9F, 0x76, 0x5C, 0x85, 0xF7, 0xF7,
    0xCD, 0x77, 0x2C, 0xEF, 0xEF, 0x14, 0x82, 0x8F, 0xFA, 0xB1, 0xC0, 0x89, 0xBF, 0x10, 0x6F, 0x15,
    0x78, 0xB5, 0x63, 0x0F, 0x49, 0x93, 0x59, 0x7B, 0xAC, 0x60, 0x97, 0x98, 0xD6, 0xFD, 0xC2, 0xC6,
    0x56, 0x6C, 0xB3, 0xDC, 0xE6, 0x74, 0x7D, 0x7C, 0x29, 0xE8, 0x15, 0x2E, 0x7E, 0x99, 0xBE, 0x0D,
    0x3F, 0x03, 0x65, 0x03, 0x31, 0x90, 0x1C, 0x62, 0x23, 0x1B, 0x15, 0x7C, 0x46, 0x0E, 0x67, 0x81,
    0x70, 0xCA, 0xFC, 0x78, 0x12, 0x0B, 0xFE, 0x29, 0x97, 0xDA, 0x1B, 0x58, 0xC2, 0x0D, 0x3E, 0x8F,
    0x82, 0x15, 0x9D, 0x8E, 0xFE, 0x6D, 0xC2, 0xE6, 0xC0, 0x43, 0xAA, 0x99, 0x3B, 0x56, 0x7A, 0xDC,
    0xB5, 0xB6, 0xC7, 0x1E, 0x72, 0xB9, 0x9D, 0x23, 0x3B, 0xEA, 0x57, 0x09, 0xCF, 0x8E, 0xBD, 0xF4,
    0x81, 0xD9, 0x9E, 0xF9, 0x87, 0xAC, 0xA8, 0x9F, 0xFF, 0xD6, 0x85, 0xC5, 0x4D, 0xAD, 0x77, 0x26,
    0xBC, 0x7C, 0xFD, 0xE7, 0xCF, 0x7F, 0xC9, 0xFA, 0xF7, 0x5D, 0x6E, 0x47, 0x4B, 0x8F, 0x7A, 0xAA,
    0xBD, 0x63, 0xE4, 0x87, 0x3C, 0xE0, 0x61, 0x83, 0x63, 0x19, 0xFE, 0x5D, 0xE5, 0x37, 0x15, 0x98,
    0x67, 0x9C, 0xEA, 0xD8, 0x1A, 0xF9, 0x3E, 0x72, 0xB8, 0xD2, 0x5A, 0x3E, 0x96, 0xFE, 0x17, 0x0D,
    0x5E, 0xFF, 0xBF, 0xE5, 0xD0, 0x4F, 0xAE, 0x33, 0xD9, 0xC1, 0x50, 0x5B, 0x02, 0xEF, 0x23, 0x9A,
    0x59, 0x5C, 0x79, 0x49, 0x3C, 0xE7, 0x59, 0x8C, 0x19, 0xD9, 0x91, 0x98, 0xF9, 0x8E, 0x5D, 0xD5,
    0xAE, 0xE5, 0x1E, 0xF3, 0xF3, 0x90, 0xDD, 0xB1, 0x07, 0x3C, 0xEC, 0xBC, 0xD2, 0xAF, 0x38, 0xBD,
    0xB5, 0x5C, 0x50, 0x3E, 0xE6, 0x08, 0xD6, 0x60, 0x5D, 0x8C, 0xD8, 0x36, 0x99, 0xA3, 0x7E, 0x2F,
    0x72, 0xDE, 0xD8, 0x0B, 0x1E, 0x94, 0xFE, 0x0F, 0x6D, 0x8C, 0xC1, 0x0D, 0x40, 0x40, 0x14, 0x05,
    0x67, 0x39, 0x48, 0x38, 0x28, 0x41, 0x09, 0x4A, 0x58, 0x95, 0x59, 0x25, 0x68, 0x08, 0x5B, 0xC2,
    0x52, 0x81, 0xD0, 0xC0, 0x26, 0x1C, 0x24, 0x36, 0xF8, 0x9C, 0xBD, 0x97, 0xB9, 0x4D, 0x06, 0x07,
    0xD1, 0x01, 0xEA, 0x06, 0x52, 0xBE, 0x19, 0xB4, 0xBC, 0xA7, 0x6C, 0x02, 0xB9, 0x15, 0xA6, 0x9D,
    0x64, 0xF5, 0xC4, 0xA7, 0x13, 0xCF, 0xC2, 0x50, 0xBD, 0xD2, 0x3F, 0x2D, 0x2A, 0xA0, 0xC4, 0xC8,
    0xDE, 0x94, 0xA6, 0x2E, 0x9B, 0xAE, 0xB0, 0x41, 0x3A, 0xD9, 0x78, 0x24, 0x8B, 0x8F, 0x37, 0xAF,
    0xCE, 0x19, 0xC9, 0x0C, 0x16, 0x5D, 0x89, 0xC1, 0x85, 0x0E, 0x98, 0x1D, 0xE3, 0x78, 0x00, 0x55,
    0x90, 0x31, 0x4E, 0x03, 0x31, 0x10, 0x45, 0x7F, 0x62, 0x09, 0x4B, 0xD9, 0x62, 0x0A, 0xCA, 0x14,
    0x7B, 0x82, 0xC8, 0x2D, 0xA0, 0x24, 0xB6, 0xC4, 0x95, 0x28, 0x28, 0x56, 0xD8, 0x9C, 0x83, 0x4B,
    0x44, 0x28, 0x05, 0x12, 0x24, 0x3B, 0xA2, 0xA5, 0x31, 0x37, 0xF0, 0x11, 0x5C, 0x2C, 0x12, 0x85,
    0xB3, 0xC6, 0x6C, 0x02, 0xCA, 0x4A, 0xFF, 0x5B, 0x9E, 0xE7, 0xF1, 0xE8, 0xDB, 0x6D, 0x8E, 0x6D,
    0x8E, 0x39, 0x67, 0x77, 0xEE, 0xC9, 0xA6, 0x8A, 0xCA, 0xAC, 0x60, 0x9D, 0x65, 0xCD, 0xCA, 0x48,
    0x4F, 0xB1, 0x8E, 0x14, 0xA7, 0x51, 0x7A, 0x6B, 0xAE, 0x40, 0x4E, 0x79, 0x15, 0xEA, 0x20, 0xFC,
    0x9C, 0x5B, 0x6C, 0x21, 0xF9, 0x5E, 0xBD, 0xA7, 0x46, 0xBA, 0x17, 0x72, 0x3D, 0xF9, 0x9E, 0x42,
    0x23, 0x59, 0x72, 0x43, 0xA1, 0xA7, 0xD8, 0x4F, 0xC3, 0x4A, 0xF0, 0x52, 0xDF, 0x76, 0xD7, 0xC2,
    0x01, 0x20, 0x4E, 0xF5, 0x67, 0x22, 0x9F, 0x0A, 0x9C, 0x3F, 0x76, 0xFB, 0x2A, 0xDC, 0x49, 0x83,
    0x6F, 0xFC, 0xCB, 0xE6, 0x78, 0xD4, 0x39, 0x1C, 0xA9, 0x1B, 0xB4, 0x1D, 0xC1, 0x76, 0x78, 0x49,
    0x7B, 0x76, 0x6B, 0x44, 0xBA, 0x3F, 0x45, 0xC8, 0xA0, 0x92, 0x3E, 0xE8, 0x5E, 0x1F, 0x54, 0x92,
    0x61, 0xB9, 0x58, 0x3C, 0xAC, 0x75, 0x59, 0x55, 0xC9, 0x66, 0x19, 0x78, 0x1E, 0x7C, 0x81, 0x57,
    0xDE, 0x43, 0x3F, 0x05, 0x54, 0x07, 0x40, 0x79, 0x60, 0x57, 0xCE, 0x2F, 0xC3, 0x0E, 0xF4, 0x95,
    0x41, 0x37, 0x1F, 0x47, 0x97, 0xBD, 0x28, 0x6C, 0xE2, 0x44, 0x57, 0x45, 0xF2, 0x9A, 0xAD, 0xB1,
    0x46, 0x33, 0xF9, 0x2A, 0x8A, 0x6E, 0xE2, 0x66, 0xD0, 0x46, 0x31, 0x85, 0x52, 0x25, 0x91, 0x4A,
    0x47, 0x50, 0xAC, 0xCD, 0xAC, 0x4C, 0x5A, 0x03, 0x6F, 0xBF, 0x79, 0xA6, 0x25, 0x0F, 0x97, 0x0F,
    0x45, 0x0D, 0xAC, 0x4E, 0x4C, 0x84, 0x13, 0x53, 0x03, 0xFB, 0x01, 0xBD, 0x8E, 0xB1, 0x0D, 0xC2,
    0x30, 0x10, 0x45, 0x2F, 0xA4, 0x70, 0xE1, 0x22, 0x2D, 0x12, 0x12, 0x2E, 0xA0, 0xE6, 0x16, 0x48,
    0x7C, 0x19, 0xCC, 0x8E, 0x19, 0x81, 0x71, 0x5C, 0x04, 0x92, 0x11, 0xD8, 0x80, 0x2B, 0x18, 0x20,
    0x85, 0x0B, 0x17, 0x87, 0x21, 0xA2, 0xA6, 0x46, 0xBF, 0xFB, 0x7A, 0xFA, 0xEF, 0xEB, 0x05, 0xC5,
    0x5A, 0x87, 0xFE, 0xE1, 0x1F, 0x0E, 0x3B, 0x8B, 0xA2, 0x17, 0xC8, 0x75, 0x6E, 0xF2, 0x29, 0xB6,
    0x71, 0x2A, 0xEF, 0x02, 0x11, 0x62, 0x23, 0x46, 0xF6, 0x60, 0x9E, 0x28, 0xE0, 0xA1, 0x23, 0xA1,
    0x54, 0xAD, 0x04, 0xF5, 0xC3, 0x25, 0xC8, 0xD8, 0xBA, 0x96, 0x44, 0x73, 0x28, 0xA1, 0xC0, 0x08,
    0x69, 0xB3, 0xD4, 0xAC, 0x66, 0x3D, 0x37, 0x67, 0x9D, 0xE8, 0xDA, 0x59, 0x72, 0x26, 0x77, 0x83,
    0x43, 0xBA, 0x99, 0x6C, 0xEE, 0x21, 0xC5, 0x31, 0xBA, 0x20, 0x28, 0x55, 0x22, 0xB6, 0xBD, 0xFE,
    0xE1, 0x57, 0x8C, 0x3C, 0xF1, 0x81, 0xEB, 0x6F, 0xA6, 0x32, 0x95, 0x75, 0x49, 0xB6, 0x1E, 0x7C,
    0x95, 0x15, 0x37, 0x67, 0x2C, 0x54, 0x76, 0xBC, 0x36, 0x0E, 0x9C, 0xCA, 0xEA, 0x75, 0xB4, 0xF4,
    0xC2, 0xF4, 0xCF, 0xD7, 0x1F, 0x4D, 0x8D, 0xB1, 0x0D, 0xC2, 0x30, 0x14, 0x44, 0x5F, 0x92, 0x22,
    0x82, 0x14, 0x19, 0x80, 0xC2, 0x2D, 0x1D, 0x23, 0xD8, 0x23, 0xB1, 0x81, 0x33, 0x02, 0x13, 0xE1,
    0x8C, 0x90, 0x21, 0x18, 0xC0, 0x45, 0x0A, 0x17, 0x0E, 0xC7, 0x27, 0x91, 0x10, 0xD2, 0x3B, 0xE9,
    0xA4, 0xFF, 0xEF, 0x8E, 0xCB, 0x46, 0xDA, 0x1A, 0xD5, 0xAE, 0xD0, 0x67, 0xBC, 0xB2, 0x31, 0x2E,
    0x18, 0x5E, 0x8B, 0xD7, 0xDC, 0xAF, 0xA7, 0x4E, 0x6F, 0x24, 0x5C, 0x89, 0xD2, 0x01, 0x11, 0xE2,
    0x9D, 0x58, 0x48, 0xCB, 0x20, 0x06, 0xFD, 0x7B, 0xF6, 0x2B, 0xAD, 0x26, 0x46, 0x65, 0x53, 0xE1,
    0xDC, 0x56, 0xA0, 0xB2, 0x47, 0x4D, 0x8D, 0xC2, 0xCF, 0xDF, 0x02, 0xB8, 0xF9, 0x6A, 0x7F, 0xD5,
    0xC2, 0x1B, 0x4D, 0x7A, 0xD9, 0x5A, 0x3D, 0x20, 0x06, 0xDC, 0x24, 0x15, 0x69, 0x35, 0xF0, 0x81,
    0x27, 0x7A, 0x90, 0x66, 0x5C, 0xE6, 0xDB, 0x1A, 0xF9, 0x00, 0x8D, 0x51, 0x3B, 0x4E, 0xC3, 0x40,
    0x10, 0x7D, 0xB6, 0x0B, 0x17, 0x96, 0xD8, 0x03, 0x44, 0xC8, 0x25, 0x0D, 0xD2, 0x36, 0x69, 0xB1,
    0xDD, 0x71, 0x04, 0x4E, 0x93, 0x38, 0x11, 0x17, 0xC8, 0x51, 0x28, 0x29, 0x42, 0x6C, 0xDC, 0xD0,
    0x5A, 0xA2, 0xA4, 0xB1, 0xC4, 0x05, 0x5C, 0xAC, 0x84, 0x25, 0xD6, 0x3B, 0xBC, 0xDD, 0x04, 0xD2,
    0x50, 0xC4, 0x7A, 0x23, 0xCF, 0xCC, 0xBE, 0x7D, 0xF3, 0xD9, 0xCC, 0x41, 0x49, 0xAF, 0x64, 0x44,
    0x3A, 0x01, 0x36, 0x3A, 0xD8, 0x4C, 0x6C, 0x2E, 0x73, 0xB9, 0x9D, 0x4B, 0xBC, 0x14, 0xD8, 0xAF,
    0x60, 0x8B, 0x68, 0x2A, 0xEF, 0x8D, 0x96, 0x51, 0x49, 0x1B, 0x3B, 0xA0, 0x01, 0x20, 0x15, 0xAD,
    0x45, 0xF4, 0xD5, 0x22, 0xF9, 0xEC, 0x91, 0xBC, 0x0F, 0x48, 0xBB, 0x11, 0xD9, 0xAB, 0x81, 0xDA,
    0x4E, 0xC8, 0x2B, 0x0B, 0x0D, 0x0B, 0x6A, 0xA0, 0x14, 0x87, 0x5A, 0x04, 0x0D, 0x4D, 0xC4, 0x10,
    0xF3, 0x83, 0xB1, 0xF1, 0xA5, 0xE0, 0x75, 0x42, 0x8B, 0x53, 0x2C, 0x35, 0x20, 0x36, 0x6C, 0x13,
    0x28, 0x80, 0xB2, 0xC2, 0xC1, 0xFB, 0x09, 0x7B, 0xEF, 0xA1, 0x36, 0xD0, 0x81, 0x49, 0x88, 0x4C,
    0x47, 0x04, 0xDE, 0x1E, 0x30, 0x88, 0x49, 0x6A, 0x3D, 0x29, 0x07, 0xEE, 0x4E, 0x39, 0xAA, 0x1D,
    0x73, 0x3A, 0xE4, 0xD6, 0x1C, 0x6A, 0xCD, 0xD1, 0xCA, 0x93, 0x51, 0x1C, 0x33, 0x42, 0xB5, 0x88,
    0x4A, 0xBE, 0x30, 0x4B, 0x2D, 0x1E, 0x47, 0x34, 0x6F, 0x03, 0xEA, 0x8F, 0x1E, 0x37, 0xDC, 0x40,
    0x22, 0x1B, 0x44, 0x61, 0x1B, 0x38, 0x6E, 0x86, 0x12, 0xAA, 0x33, 0x28, 0xBF, 0x1D, 0xF6, 0x4D,
    0x8E, 0xE7, 0x42, 0x85, 0xBF, 0x8F, 0x55, 0x47, 0x9D, 0x85, 0x41, 0x6D, 0x20, 0x86, 0xDA, 0x91,
    0xBD, 0x08, 0xC9, 0xE4, 0xE9, 0x7C, 0x22, 0x96, 0x4A, 0x87, 0x2B, 0xE4, 0xB3, 0x0E, 0x4B, 0x5D,
    0x69, 0x8B, 0x5B, 0x0E, 0xE6, 0xBF, 0x7F, 0xF3, 0x71, 0x85, 0xA4, 0x45, 0xB6, 0x39, 0xEF, 0x83,
    0x73, 0x53, 0xE6, 0x37, 0xE4, 0x2E, 0xAE, 0xFD, 0xE5, 0x27, 0xE4, 0x63, 0x2C, 0xA6, 0x76, 0x95,
    0xEC, 0x40, 0xD0, 0x61, 0xC8, 0xA4, 0x3F, 0xC2, 0x99, 0xBF, 0xE4, 0x84, 0x3B, 0x34, 0x0E, 0xA9,
    0x3F, 0xE5, 0x2B, 0x4F, 0x74, 0x18, 0x32, 0xB9, 0x0C, 0x5D, 0xFC, 0x31, 0x7F, 0x00, 0x63, 0xFC,
    0x6B, 0xCB, 0xFE, 0x77, 0x3F, 0xFF, 0x9F, 0xFD, 0xFC, 0x07, 0x6C, 0xF9, 0x1B, 0x18, 0xF6, 0xFF,
    0xA9, 0x85, 0x20, 0xFE, 0x06, 0x9C, 0x88, 0xF1, 0x6F, 0x0E, 0x03, 0xFB, 0xDF, 0x3D, 0x0C, 0xFC,
    0x7F, 0x80, 0xF8, 0x00, 0x10, 0x37, 0xEC, 0x01, 0xEA, 0x43, 0x60, 0x10, 0x1F, 0x13, 0xEF, 0x03,
    0xE2, 0x7A, 0x07, 0xFE, 0x06, 0x7B, 0x20, 0xE6, 0x66, 0x00, 0x00, 0x63, 0x90, 0x60, 0x60, 0x60,
    0xA8, 0x63, 0x60, 0x60, 0x7C, 0x7D, 0x80, 0x81, 0xDD, 0x61, 0x03, 0x83, 0xFC, 0x9F, 0x1A, 0x86,
    0xFA, 0x1F, 0xFB, 0x19, 0xEA, 0x3F, 0xFD, 0x67, 0x90, 0xBF, 0xFC, 0x87, 0x81, 0xFD, 0xF7, 0x07,
    0x06, 0xC6, 0xCB, 0x07, 0xC0, 0x6A, 0x18, 0x80, 0x6A, 0x01,
};

static const EpdGlyph ubuntumono_12_boldGlyphs[] = {
    { 0, 0, 200, 0, 0, 0, 0 }, // U+0000
    { 0, 0, 200, 0, 0, 0, 0 }, // U+0008
    { 0, 0, 200, 0, 0, 0, 0 }, // U+0009
    { 0, 0, 200, 0, 0, 0, 0 }, // U+000D
    { 0, 0, 200, 0, 0, 0, 0 }, // U+001D
    { 0, 0, 200, 0, 0, 0, 0 }, // U+0020
    { 5, 15, 200, 4, 15, 19, 0 }, // !
    { 9, 7, 200, 2, 17, 16, 19 }, // "
    { 13, 15, 200, 0, 15, 49, 35 }, // #
    { 12, 19, 200, 0, 17, 57, 84 }, // $
    { 13, 15, 200, 0, 15, 49, 141 }, // %
    { 13, 15, 200, 0, 15, 49, 190 }, // &
    { 4, 7, 200, 4, 17, 7, 239 }, // '
    { 9, 22, 200, 2, 18, 50, 246 }, // (
    { 9, 22, 200, 2, 18, 50, 296 }, // )
    { 11, 9, 200, 1, 15, 25, 346 }, // *
    { 11, 11, 200, 1, 12, 31, 371 }, // +
    { 6, 8, 200, 3, 4, 12, 402 }, // ,
    { 8, 3, 200, 2, 8, 6, 414 }, // -
    { 5, 4, 200, 4, 4, 5, 420 }, // .
    { 11, 21, 200, 1, 17, 58, 425 }, // /
    { 12, 15, 200, 0, 15, 45, 483 }, // 0
    { 11, 15, 200, 1, 15, 42, 528 }, // 1
    { 11, 15, 200, 1, 15, 42, 570 }, // 2
    { 11, 15, 200, 1, 15, 42, 612 }, // 3
    { 12, 15, 200, 0, 15, 45, 654 }, // 4
    { 12, 15, 200, 0, 15, 45, 699 }, // 5
    { 11, 15, 200, 1, 15, 42, 744 }, // 6
    { 11, 15, 200, 1, 15, 42, 786 }, // 7
    { 12, 15, 200, 0, 15, 45, 828 }, // 8
    { 11, 15, 200, 1, 15, 42, 873 }, // 9
    { 5, 12, 200, 4, 12, 15, 915 }, // :
    { 7, 16, 200, 2, 12, 28, 930 }, // ;
    { 11, 11, 200, 1, 12, 31, 958 }, // <
    { 11, 8, 200, 1, 10, 22, 989 }, // =
    { 11, 11, 200, 1, 12, 31, 1011 }, // >
    { 10, 15, 200, 1, 15, 38, 1042 }, // ?
    { 12, 18, 200, 0, 15, 54, 1080 }, // @
    { 13, 15, 200, 0, 15, 49, 1134 }, // A
    { 11, 15, 200, 1, 15, 42, 1183 }, // B
    { 12, 15, 200, 0, 15, 45, 1225 }, // C
    { 11, 15, 200, 1, 15, 42, 1270 }, // D
    { 11, 15, 200, 1, 15, 42, 1312 }, // E
    { 11, 15, 200, 1, 15, 42, 1354 }, // F
    { 12, 15, 200, 0, 15, 45, 1396 }, // G
    { 11, 15, 200, 1, 15, 42, 1441 }, // H
    { 11, 15, 200, 1, 15, 42, 1483 }, // I
    { 10, 15, 200, 1, 15, 38, 1525 }, // J
    { 12, 15, 200, 1, 15, 45, 1563 }, // K
    { 11, 15, 200, 1, 15, 42, 1608 }, // L
    { 12, 15, 200, 0, 15, 45, 1650 }, // M
    { 11, 15, 200, 1, 15, 42, 1695 }, // N
    { 12, 15, 200, 0, 15, 45, 1737 }, // O
    { 11, 15, 200, 1, 15, 42, 1782 }, // P
    { 12, 19, 200, 0, 15, 57, 1824 }, // Q
    { 12, 15, 200, 1, 15, 45, 1881 }, // R
    { 11, 15, 200, 1, 15, 42, 1926 }, // S
    { 12, 15, 200, 0, 15, 45, 1968 }, // T
    { 12, 15, 200, 0, 15, 45, 2013 }, // U
    { 13, 15, 200, 0, 15, 49, 2058 }, // V
    { 12, 15, 200, 0, 15, 45, 2107 }, // W
    { 13, 15, 200, 0, 15, 49, 2152 }, // X
    { 13, 15, 200, 0, 15, 49, 2201 }, // Y
    { 11, 15, 200, 1, 15, 42, 2250 }, // Z
    { 8, 21, 200, 2, 17, 42, 2292 }, // [
    { 11, 21, 200, 1, 17, 58, 2334 }, // <backslash>
    { 8, 21, 200, 2, 17, 42, 2392 }, // ]
    { 13, 8, 200, 0, 15, 26, 2434 }, // ^
    { 13, 3, 200, 0, -1, 10, 2460 }, // _
    { 7, 4, 200, 3, 17, 7, 2470 }, // `
    { 11, 12, 200, 1, 12, 33, 2477 }, // a
    { 11, 17, 200, 1, 17, 47, 2510 }, // b
    { 11, 12, 200, 1, 12, 33, 2557 }, // c
    { 11, 17, 200, 0, 17, 47, 2590 }, // d
    { 12, 12, 200, 0, 12, 36, 2637 }, // e
    { 13, 17, 200, 0, 17, 56, 2673 }, // f
    { 11, 16, 200, 0, 12, 44, 2729 }, // g
    { 11, 17, 200, 1, 17, 47, 2773 }, // h
    { 12, 17, 200, 0, 17, 51, 2820 }, // i
    { 9, 21, 200, 1, 17, 48, 2871 }, // j
    { 12, 17, 200, 1, 17, 51, 2919 }, // k
    { 12, 17, 200, 0, 17, 51, 2970 }, // l
    { 12, 12, 200, 0, 12, 36, 3021 }, // m
    { 11, 12, 200, 1, 12, 33, 3057 }, // n
    { 12, 12, 200, 0, 12, 36, 3090 }, // o
    { 11, 16, 200, 1, 12, 44, 3126 }, // p
    { 11, 16, 200, 0, 12, 44, 3170 }, // q
    { 10, 12, 200, 2, 12, 30, 3214 }, // r
    { 11, 12, 200, 1, 12, 33, 3244 }, // s
    { 12, 15, 200, 0, 15, 45, 3277 }, // t
    { 10, 12, 200, 1, 12, 30, 3322 }, // u
    { 13, 12, 200, 0, 12, 39, 3352 }, // v
    { 13, 12, 200, 0, 12, 39, 3391 }, // w
    { 13, 12, 200, 0, 12, 39, 3430 }, // x
    { 12, 16, 200, 0, 12, 48, 3469 }, // y
    { 10, 12, 200, 1, 12, 30, 3517 }, // z
    { 10, 21, 200, 1, 17, 53, 3547 }, // {
    { 4, 21, 200, 4, 17, 21, 3600 }, // |
    { 10, 21, 200, 1, 17, 53, 3621 }, // }
    { 13, 5, 200, 0, 9, 17, 3674 }, // ~
    { 0, 0, 200, 0, 0, 0, 0 }, // U+00A0
    { 5, 16, 200, 4, 12, 20, 0 }, // U+00A1
    { 11, 18, 200, 1, 15, 50, 20 }, // U+00A2
    { 12, 15, 200, 0, 15, 45, 70 }, // U+00A3
    { 13, 11, 200, 0, 13, 36, 115 }, // U+00A4
    { 13, 15, 200, 0, 15, 49, 151 }, // U+00A5
    { 4, 21, 200, 4, 17, 21, 200 }, // U+00A6
    { 11, 17, 200, 1, 15, 47, 221 }, // U+00A7
    { 9, 3, 200, 2, 17, 7, 268 }, // U+00A8
    { 12, 12, 200, 0, 12, 36, 275 }, // U+00A9
    { 9, 8, 200, 2, 15, 18, 311 }, // U+00AA
    { 11, 11, 200, 1, 12, 31, 329 }, // U+00AB
    { 11, 8, 200, 1, 9, 22, 360 }, // U+00AC
    { 8, 3, 200, 2, 8, 6, 382 }, // U+00AD
    { 12, 12, 200, 0, 12, 36, 388 }, // U+00AE
    { 8, 2, 200, 2, 16, 4, 424 }, // U+00AF
    { 8, 7, 200, 2, 17, 14, 428 }, // U+00B0
    { 11, 15, 200, 1, 15, 42, 442 }, // U+00B1
    { 8, 9, 200, 2, 16, 18, 484 }, // U+00B2
    { 8, 9, 200, 2, 16, 18, 502 }, // U+00B3
    { 7, 4, 200, 3, 17, 7, 520 }, // U+00B4
    { 10, 16, 200, 1, 12, 40, 527 }, // U+00B5
    { 12, 19, 200, 0, 15, 57, 567 }, // U+00B6
    { 5, 4, 200, 4, 9, 5, 624 }, // U+00B7
    { 6, 4, 200, 3, 0, 6, 629 }, // U+00B8
    { 8, 9, 200, 3, 15, 18, 635 }, // U+00B9
    { 10, 11, 200, 1, 16, 28, 653 }, // U+00BA
    { 11, 10, 200, 1, 12, 28, 681 }, // U+00BB
    { 13, 15, 200, 0, 15, 49, 709 }, // U+00BC
    { 13, 15, 200, 0, 15, 49, 758 }, // U+00BD
    { 13, 15, 200, 0, 15, 49, 807 }, // U+00BE
    { 10, 16, 200, 1, 12, 40, 856 }, // U+00BF
    { 13, 20, 200, 0, 20, 65, 896 }, // U+00C0
    { 13, 20, 200, 0, 20, 65, 961 }, // U+00C1
    { 13, 21, 200, 0, 21, 69, 1026 }, // U+00C2
    { 13, 20, 200, 0, 20, 65, 1095 }, // U+00C3
    { 13, 20, 200, 0, 20, 65, 1160 }, // U+00C4
    { 13, 20, 200, 0, 20, 65, 1225 }, // U+00C5
    { 13, 15, 200, 0, 15, 49, 1290 }, // U+00C6
    { 12, 19, 200, 0, 15, 57, 1339 }, // U+00C7
    { 11, 20, 200, 1, 20, 55, 1396 }, // U+00C8
    { 11, 20, 200, 1, 20, 55, 1451 }, // U+00C9
    { 11, 21, 200, 1, 21, 58, 1506 }, // U+00CA
    { 11, 20, 200, 1, 20, 55, 1564 }, // U+00CB
    { 11, 20, 200, 1, 20, 55, 1619 }, // U+00CC
    { 11, 20, 200, 1, 20, 55, 1674 }, // U+00CD
    { 11, 21, 200, 1, 21, 58, 1729 }, // U+00CE
    { 11, 20, 200, 1, 20, 55, 1787 }, // U+00CF
    { 12, 15, 200, 0, 15, 45, 1842 }, // U+00D0
    { 11, 20, 200, 1, 20, 55, 1887 }, // U+00D1
    { 12, 20, 200, 0, 20, 60, 1942 }, // U+00D2
    { 12, 20, 200, 0, 20, 60, 2002 }, // U+00D3
    { 12, 21, 200, 0, 21, 63, 2062 }, // U+00D4
    { 12, 20, 200, 0, 20, 60, 2125 }, // U+00D5
    { 12, 20, 200, 0, 20, 60, 2185 }, // U+00D6
    { 11, 11, 200, 1, 12, 31, 2245 }, // U+00D7
    { 12, 17, 200, 0, 16, 51, 2276 }, // U+00D8
    { 12, 20, 200, 0, 20, 60, 2327 }, // U+00D9
    { 12, 20, 200, 0, 20, 60, 2387 }, // U+00DA
    { 12, 21, 200, 0, 21, 63, 2447 }, // U+00DB
    { 12, 20, 200, 0, 20, 60, 2510 }, // U+00DC
    { 13, 20, 200, 0, 20, 65, 2570 }, // U+00DD
    { 11, 15, 200, 1, 15, 42, 2635 }, // U+00DE
    { 13, 17, 200, 0, 17, 56, 2677 }, // U+00DF
    { 11, 17, 200, 1, 17, 47, 2733 }, // U+00E0
    { 11, 17, 200, 1, 17, 47, 2780 }, // U+00E1
    { 11, 18, 200, 1, 18, 50, 2827 }, // U+00E2
    { 11, 17, 200, 1, 17, 47, 2877 }, // U+00E3
    { 11, 17, 200, 1, 17, 47, 2924 }, // U+00E4
    { 11, 19, 200, 1, 19, 53, 2971 }, // U+00E5
    { 13, 12, 200, 0, 12, 39, 3024 }, // U+00E6
    { 11, 16, 200, 1, 12, 44, 3063 }, // U+00E7
    { 12, 17, 200, 0, 17, 51, 3107 }, // U+00E8
    { 12, 17, 200, 0, 17, 51, 3158 }, // U+00E9
    { 12, 18, 200, 0, 18, 54, 3209 }, // U+00EA
    { 12, 17, 200, 0, 17, 51, 3263 }, // U+00EB
    { 12, 17, 200, 0, 17, 51, 3314 }, // U+00EC
    { 12, 17, 200, 0, 17, 51, 3365 }, // U+00ED
    { 12, 18, 200, 0, 18, 54, 3416 }, // U+00EE
    { 12, 17, 200, 0, 17, 51, 3470 }, // U+00EF
    { 11, 17, 200, 1, 17, 47, 3521 }, // U+00F0
    { 11, 17, 200, 1, 17, 47, 3568 }, // U+00F1
    { 12, 17, 200, 0, 17, 51, 3615 }, // U+00F2
    { 12, 17, 200, 0, 17, 51, 3666 }, // U+00F3
    { 12, 18, 200, 0, 18, 54, 3717 }, // U+00F4
    { 12, 17, 200, 0, 17, 51, 3771 }, // U+00F5
    { 12, 17, 200, 0, 17, 51, 3822 }, // U+00F6
    { 11, 13, 200, 1, 13, 36, 3873 }, // U+00F7
    { 12, 14, 200, 0, 13, 42, 3909 }, // U+00F8
    { 10, 17, 200, 1, 17, 43, 3951 }, // U+00F9
    { 10, 17, 200, 1, 17, 43, 3994 }, // U+00FA
    { 10, 18, 200, 1, 18, 45, 4037 }, // U+00FB
    { 10, 17, 200, 1, 17, 43, 4082 }, // U+00FC
    { 12, 21, 200, 0, 17, 63, 4125 }, // U+00FD
    { 11, 21, 200, 1, 17, 58, 4188 }, // U+00FE
    { 12, 21, 200, 0, 17, 63, 4246 }, // U+00FF
    { 13, 19, 200, 0, 19, 62, 0 }, // U+0100
    { 11, 16, 200, 1, 16, 44, 62 }, // U+0101
    { 13, 20, 200, 0, 20, 65, 106 }, // U+0102
    { 11, 17, 200, 1, 17, 47, 171 }, // U+0103
    { 13, 19, 200, 0, 15, 62, 218 }, // U+0104
    { 11, 16, 200, 1, 12, 44, 280 }, // U+0105
    { 12, 20, 200, 0, 20, 60, 324 }, // U+0106
    { 11, 17, 200, 1, 17, 47, 384 }, // U+0107
    { 12, 21, 200, 0, 21, 63, 431 }, // U+0108
    { 11, 18, 200, 1, 18, 50, 494 }, // U+0109
    { 12, 20, 200, 0, 20, 60, 544 }, // U+010A
    { 11, 17, 200, 1, 17, 47, 604 }, // U+010B
    { 12, 21, 200, 0, 21, 63, 651 }, // U+010C
    { 11, 18, 200, 1, 18, 50, 714 }, // U+010D
    { 11, 21, 200, 1, 21, 58, 764 }, // U+010E
    { 13, 17, 200, 0, 17, 56, 822 }, // U+010F
    { 12, 15, 200, 0, 15, 45, 878 }, // U+0110
    { 13, 17, 200, 0, 17, 56, 923 }, // U+0111
    { 11, 19, 200, 1, 19, 53, 979 }, // U+0112
    { 12, 16, 200, 0, 16, 48, 1032 }, // U+0113
    { 11, 20, 200, 1, 20, 55, 1080 }, // U+0114
    { 12, 17, 200, 0, 17, 51, 1135 }, // U+0115
    { 11, 20, 200, 1, 20, 55, 1186 }, // U+0116
    { 12, 17, 200, 0, 17, 51, 1241 }, // U+0117
    { 11, 19, 200, 1, 15, 53, 1292 }, // U+0118
    { 12, 16, 200, 0, 12, 48, 1345 }, // U+0119
    { 11, 21, 200, 1, 21, 58, 1393 }, // U+011A
    { 12, 18, 200, 0, 18, 54, 1451 }, // U+011B
    { 12, 21, 200, 0, 21, 63, 1505 }, // U+011C
    { 11, 22, 200, 0, 18, 61, 1568 }, // U+011D
    { 12, 20, 200, 0, 20, 60, 1629 }, // U+011E
    { 11, 21, 200, 0, 17, 58, 1689 }, // U+011F
    { 12, 20, 200, 0, 20, 60, 1747 }, // U+0120
    { 11, 21, 200, 0, 17, 58, 1807 }, // U+0121
    { 12, 19, 200, 0, 15, 57, 1865 }, // U+0122
    { 11, 22, 200, 0, 18, 61, 1922 }, // U+0123
    { 11, 21, 200, 1, 21, 58, 1983 }, // U+0124
    { 11, 21, 200, 1, 21, 58, 2041 }, // U+0125
    { 13, 15, 200, 0, 15, 49, 2099 }, // U+0126
    { 12, 17, 200, 0, 17, 51, 2148 }, // U+0127
    { 11, 20, 200, 1, 20, 55, 2199 }, // U+0128
    { 12, 17, 200, 0, 17, 51, 2254 }, // U+0129
    { 11, 19, 200, 1, 19, 53, 2305 }, // U+012A
    { 12, 16, 200, 0, 16, 48, 2358 }, // U+012B
    { 11, 20, 200, 1, 20, 55, 2406 }, // U+012C
    { 12, 17, 200, 0, 17, 51, 2461 }, // U+012D
    { 11, 19, 200, 1, 15, 53, 2512 }, // U+012E
    { 12, 21, 200, 0, 17, 63, 2565 }, // U+012F
    { 11, 21, 200, 1, 21, 58, 2628 }, // U+0130
    { 12, 12, 200, 0, 12, 36, 2686 }, // U+0131
    { 12, 15, 200, 0, 15, 45, 2722 }, // U+0132
    { 11, 21, 200, 1, 17, 58, 2767 }, // U+0133
    { 11, 21, 200, 1, 21, 58, 2825 }, // U+0134
    { 10, 22, 200, 1, 18, 55, 2883 }, // U+0135
    { 12, 19, 200, 1, 15, 57, 2938 }, // U+0136
    { 12, 21, 200, 1, 17, 63, 2995 }, // U+0137
    { 12, 12, 200, 1, 12, 36, 3058 }, // U+0138
    { 11, 20, 200, 1, 20, 55, 3094 }, // U+0139
    { 12, 21, 200, 0, 21, 63, 3149 }, // U+013A
    { 11, 19, 200, 1, 15, 53, 3212 }, // U+013B
    { 12, 21, 200, 0, 17, 63, 3265 }, // U+013C
    { 11, 15, 200, 1, 15, 42, 3328 }, // U+013D
    { 12, 17, 200, 0, 17, 51, 3370 }, // U+013E
    { 11, 15, 200, 1, 15, 42, 3421 }, // U+013F
    { 15, 17, 200, 0, 17, 64, 3463 }, // U+0140
    { 13, 15, 200, -1, 15, 49, 3527 }, // U+0141
    { 12, 17, 200, 0, 17, 51, 3576 }, // U+0142
    { 11, 20, 200, 1, 20, 55, 3627 }, // U+0143
    { 11, 17, 200, 1, 17, 47, 3682 }, // U+0144
    { 11, 19, 200, 1, 15, 53, 3729 }, // U+0145
    { 11, 16, 200, 1, 12, 44, 3782 }, // U+0146
    { 11, 21, 200, 1, 21, 58, 3826 }, // U+0147
    { 11, 18, 200, 1, 18, 50, 3884 }, // U+0148
    { 13, 18, 200, -1, 18, 59, 3934 }, // U+0149
    { 11, 19, 200, 1, 15, 53, 3993 }, // U+014A
    { 11, 16, 200, 1, 12, 44, 4046 }, // U+014B
    { 12, 19, 200, 0, 19, 57, 4090 }, // U+014C
    { 12, 16, 200, 0, 16, 48, 4147 }, // U+014D
    { 12, 20, 200, 0, 20, 60, 4195 }, // U+014E
    { 12, 17, 200, 0, 17, 51, 4255 }, // U+014F
    { 12, 21, 200, 0, 21, 63, 4306 }, // U+0150
    { 12, 18, 200, 0, 18, 54, 4369 }, // U+0151
    { 13, 15, 200, 0, 15, 49, 4423 }, // U+0152
    { 13, 12, 200, 0, 12, 39, 4472 }, // U+0153
    { 12, 20, 200, 1, 20, 60, 4511 }, // U+0154
    { 10, 17, 200, 2, 17, 43, 4571 }, // U+0155
    { 12, 19, 200, 1, 15, 57, 4614 }, // U+0156
    { 12, 16, 200, 0, 12, 48, 4671 }, // U+0157
    { 12, 21, 200, 1, 21, 63, 4719 }, // U+0158
    { 10, 18, 200, 2, 18, 45, 4782 }, // U+0159
    { 11, 20, 200, 1, 20, 55, 4827 }, // U+015A
    { 11, 17, 200, 1, 17, 47, 4882 }, // U+015B
    { 11, 21, 200, 1, 21, 58, 4929 }, // U+015C
    { 11, 18, 200, 1, 18, 50, 4987 }, // U+015D
    { 11, 19, 200, 1, 15, 53, 5037 }, // U+015E
    { 11, 16, 200, 1, 12, 44, 5090 }, // U+015F
    { 11, 21, 200, 1, 21, 58, 5134 }, // U+0160
    { 11, 18, 200, 1, 18, 50, 5192 }, // U+0161
    { 12, 19, 200, 0, 15, 57, 5242 }, // U+0162
    { 12, 19, 200, 0, 15, 57, 5299 }, // U+0163
    { 12, 21, 200, 0, 21, 63, 5356 }, // U+0164
    { 12, 17, 200, 0, 17, 51, 5419 }, // U+0165
    { 12, 15, 200, 0, 15, 45, 5470 }, // U+0166
    { 12, 15, 200, 0, 15, 45, 5515 }, // U+0167
    { 12, 20, 200, 0, 20, 60, 5560 }, // U+0168
    { 10, 17, 200, 1, 17, 43, 5620 }, // U+0169
    { 12, 19, 200, 0, 19, 57, 5663 }, // U+016A
    { 10, 16, 200, 1, 16, 40, 5720 }, // U+016B
    { 12, 20, 200, 0, 20, 60, 5760 }, // U+016C
    { 10, 17, 200, 1, 17, 43, 5820 }, // U+016D
    { 12, 21, 200, 0, 21, 63, 5863 }, // U+016E
    { 10, 18, 200, 1, 18, 45, 5926 }, // U+016F
    { 12, 21, 200, 0, 21, 63, 5971 }, // U+0170
    { 11, 18, 200, 1, 18, 50, 6034 }, // U+0171
    { 12, 19, 200, 0, 15, 57, 6084 }, // U+0172
    { 10, 16, 200, 1, 12, 40, 6141 }, // U+0173
    { 12, 21, 200, 0, 21, 63, 6181 }, // U+0174
    { 13, 18, 200, 0, 18, 59, 6244 }, // U+0175
    { 13, 21, 200, 0, 21, 69, 6303 }, // U+0176
    { 12, 22, 200, 0, 18, 66, 6372 }, // U+0177
    { 13, 20, 200, 0, 20, 65, 6438 }, // U+0178
    { 11, 20, 200, 1, 20, 55, 6503 }, // U+0179
    { 10, 17, 200, 1, 17, 43, 6558 }, // U+017A
    { 11, 20, 200, 1, 20, 55, 6601 }, // U+017B
    { 10, 17, 200, 1, 17, 43, 6656 }, // U+017C
    { 11, 21, 200, 1, 21, 58, 6699 }, // U+017D
    { 10, 18, 200, 1, 18, 45, 6757 }, // U+017E
    { 10, 17, 200, 3, 17, 43, 6802 }, // U+017F
    { 13, 18, 200, 0, 18, 59, 0 }, // U+01A0
    { 13, 14, 200, 0, 14, 46, 59 }, // U+01A1
    { 13, 18, 200, 0, 18, 59, 105 }, // U+01AF
    { 12, 14, 200, 1, 14, 42, 164 }, // U+01B0
    { 14, 20, 200, 0, 20, 70, 206 }, // U+01C4
    { 14, 17, 200, 0, 17, 60, 276 }, // U+01C5
    { 14, 17, 200, 0, 17, 60, 336 }, // U+01C6
    { 13, 15, 200, 0, 15, 49, 396 }, // U+01C7
    { 12, 21, 200, 1, 17, 63, 445 }, // U+01C8
    { 11, 21, 200, 1, 17, 58, 508 }, // U+01C9
    { 13, 15, 200, 0, 15, 49, 566 }, // U+01CA
    { 12, 21, 200, 0, 17, 63, 615 }, // U+01CB
    { 13, 20, 200, 0, 16, 65, 678 }, // U+01CC
    { 13, 21, 200, 0, 21, 69, 743 }, // U+01CD
    { 11, 18, 200, 1, 18, 50, 812 }, // U+01CE
    { 11, 21, 200, 1, 21, 58, 862 }, // U+01CF
    { 12, 18, 200, 0, 18, 54, 920 }, // U+01D0
    { 12, 21, 200, 0, 21, 63, 974 }, // U+01D1
    { 12, 18, 200, 0, 18, 54, 1037 }, // U+01D2
    { 12, 21, 200, 0, 21, 63, 1091 }, // U+01D3
    { 10, 18, 200, 1, 18, 45, 1154 }, // U+01D4
    { 12, 21, 200, 0, 21, 63, 1199 }, // U+01D5
    { 10, 19, 200, 1, 19, 48, 1262 }, // U+01D6
    { 12, 21, 200, 0, 21, 63, 1310 }, // U+01D7
    { 10, 20, 200, 1, 20, 50, 1373 }, // U+01D8
    { 12, 21, 200, 0, 21, 63, 1423 }, // U+01D9
    { 10, 19, 200, 1, 19, 48, 1486 }, // U+01DA
    { 12, 21, 200, 0, 21, 63, 1534 }, // U+01DB
    { 10, 20, 200, 1, 20, 50, 1597 }, // U+01DC
    { 12, 12, 200, 0, 12, 36, 1647 }, // U+01DD
    { 13, 21, 200, 0, 21, 69, 1683 }, // U+01DE
    { 11, 19, 200, 1, 19, 53, 1752 }, // U+01DF
    { 13, 21, 200, 0, 21, 69, 1805 }, // U+01E0
    { 11, 19, 200, 1, 19, 53, 1874 }, // U+01E1
    { 13, 19, 200, 0, 19, 62, 1927 }, // U+01E2
    { 13, 16, 200, 0, 16, 52, 1989 }, // U+01E3
    { 12, 15, 200, 0, 15, 45, 2041 }, // U+01E4
    { 12, 16, 200, 0, 12, 48, 2086 }, // U+01E5
    { 12, 21, 200, 0, 21, 63, 2134 }, // U+01E6
    { 11, 22, 200, 0, 18, 61, 2197 }, // U+01E7
    { 12, 21, 200, 1, 21, 63, 2258 }, // U+01E8
    { 12, 21, 200, 1, 21, 63, 2321 }, // U+01E9
    { 12, 19, 200, 0, 15, 57, 2384 }, // U+01EA
    { 12, 16, 200, 0, 12, 48, 2441 }, // U+01EB
    { 12, 23, 200, 0, 19, 69, 2489 }, // U+01EC
    { 12, 20, 200, 0, 16, 60, 2558 }, // U+01ED
    { 13, 21, 200, 0, 21, 69, 2618 }, // U+01EE
    { 12, 22, 200, 0, 18, 66, 2687 }, // U+01EF
    { 9, 22, 200, 1, 18, 50, 2753 }, // U+01F0
    { 13, 15, 200, 0, 15, 49, 2803 }, // U+01F1
    { 13, 15, 200, 0, 15, 49, 2852 }, // U+01F2
    { 13, 17, 200, 0, 17, 56, 2901 }, // U+01F3
    { 12, 20, 200, 0, 20, 60, 2957 }, // U+01F4
    { 11, 21, 200, 0, 17, 58, 3017 }, // U+01F5
    { 12, 15, 200, 0, 15, 45, 3075 }, // U+01F6
    { 11, 19, 200, 1, 15, 53, 3120 }, // U+01F7
    { 11, 20, 200, 1, 20, 55, 3173 }, // U+01F8
    { 11, 17, 200, 1, 17, 47, 3228 }, // U+01F9
    { 13, 21, 200, 0, 21, 69, 3275 }, // U+01FA
    { 11, 21, 200, 1, 21, 58, 3344 }, // U+01FB
    { 13, 20, 200, 0, 20, 65, 3402 }, // U+01FC
    { 13, 17, 200, 0, 17, 56, 3467 }, // U+01FD
    { 12, 21, 200, 0, 20, 63, 3523 }, // U+01FE
    { 12, 18, 200, 0, 17, 54, 3586 }, // U+01FF
    { 13, 20, 200, 0, 20, 65, 3640 }, // U+0200
    { 11, 17, 200, 1, 17, 47, 3705 }, // U+0201
    { 13, 20, 200, 0, 20, 65, 3752 }, // U+0202
    { 11, 17, 200, 1, 17, 47, 3817 }, // U+0203
    { 11, 20, 200, 1, 20, 55, 3864 }, // U+0204
    { 12, 17, 200, 0, 17, 51, 3919 }, // U+0205
    { 11, 20, 200, 1, 20, 55, 3970 }, // U+0206
    { 12, 17, 200, 0, 17, 51, 4025 }, // U+0207
    { 11, 20, 200, 1, 20, 55, 4076 }, // U+0208
    { 12, 17, 200, 0, 17, 51, 4131 }, // U+0209
    { 11, 20, 200, 1, 20, 55, 4182 }, // U+020A
    { 12, 17, 200, 0, 17, 51, 4237 }, // U+020B
    { 12, 20, 200, 0, 20, 60, 4288 }, // U+020C
    { 12, 17, 200, 0, 17, 51, 4348 }, // U+020D
    { 12, 20, 200, 0, 20, 60, 4399 }, // U+020E
    { 12, 17, 200, 0, 17, 51, 4459 }, // U+020F
    { 12, 20, 200, 1, 20, 60, 4510 }, // U+0210
    { 11, 17, 200, 1, 17, 47, 4570 }, // U+0211
    { 12, 20, 200, 1, 20, 60, 4617 }, // U+0212
    { 10, 17, 200, 2, 17, 43, 4677 }, // U+0213
    { 12, 20, 200, 0, 20, 60, 4720 }, // U+0214
    { 10, 17, 200, 1, 17, 43, 4780 }, // U+0215
    { 12, 20, 200, 0, 20, 60, 4823 }, // U+0216
    { 10, 17, 200, 1, 17, 43, 4883 }, // U+0217
    { 11, 19, 200, 1, 15, 53, 4926 }, // U+0218
    { 11, 16, 200, 1, 12, 44, 4979 }, // U+0219
    { 12, 19, 200, 0, 15, 57, 5023 }, // U+021A
    { 12, 19, 200, 0, 15, 57, 5080 }, // U+021B
    { 12, 19, 200, 0, 15, 57, 5137 }, // U+021C
    { 11, 16, 200, 1, 12, 44, 5194 }, // U+021D
    { 11, 21, 200, 1, 21, 58, 5238 }, // U+021E
    { 11, 21, 200, 1, 21, 58, 5296 }, // U+021F
    { 8, 4, 200, 2, 17, 8, 0 }, // U+0311
    { 11, 20, 200, 1, 20, 55, 0 }, // U+0400
    { 11, 20, 200, 1, 20, 55, 55 }, // U+0401
    { 13, 15, 200, 0, 15, 49, 110 }, // U+0402
    { 13, 20, 200, 0, 20, 65, 159 }, // U+0403
    { 12, 15, 200, 0, 15, 45, 224 }, // U+0404
    { 11, 15, 200, 1, 15, 42, 269 }, // U+0405
    { 11, 15, 200, 1, 15, 42, 311 }, // U+0406
    { 11, 20, 200, 1, 20, 55, 353 }, // U+0407
    { 10, 15, 200, 1, 15, 38, 408 }, // U+0408
    { 12, 15, 200, 0, 15, 45, 446 }, // U+0409
    { 11, 15, 200, 1, 15, 42, 491 }, // U+040A
    { 12, 15, 200, 0, 15, 45, 533 }, // U+040B
    { 12, 20, 200, 1, 20, 60, 578 }, // U+040C
    { 11, 20, 200, 1, 20, 55, 638 }, // U+040D
    { 13, 20, 200, 0, 20, 65, 693 }, // U+040E
    { 11, 19, 200, 1, 15, 53, 758 }, // U+040F
    { 13, 15, 200, 0, 15, 49, 811 }, // U+0410
    { 11, 15, 200, 1, 15, 42, 860 }, // U+0411
    { 11, 15, 200, 1, 15, 42, 902 }, // U+0412
    { 13, 15, 200, 0, 15, 49, 944 }, // U+0413
    { 13, 19, 200, 0, 15, 62, 993 }, // U+0414
    { 11, 15, 200, 1, 15, 42, 1055 }, // U+0415
    { 13, 15, 200, 0, 15, 49, 1097 }, // U+0416
    { 12, 15, 200, 0, 15, 45, 1146 }, // U+0417
    { 11, 15, 200, 1, 15, 42, 1191 }, // U+0418
    { 11, 20, 200, 1, 20, 55, 1233 }, // U+0419
    { 12, 15, 200, 1, 15, 45, 1288 }, // U+041A
    { 12, 15, 200, 0, 15, 45, 1333 }, // U+041B
    { 12, 15, 200, 0, 15, 45, 1378 }, // U+041C
    { 11, 15, 200, 1, 15, 42, 1423 }, // U+041D
    { 12, 15, 200, 0, 15, 45, 1465 }, // U+041E
    { 11, 15, 200, 1, 15, 42, 1510 }, // U+041F
    { 11, 15, 200, 1, 15, 42, 1552 }, // U+0420
    { 12, 15, 200, 0, 15, 45, 1594 }, // U+0421
    { 12, 15, 200, 0, 15, 45, 1639 }, // U+0422
    { 13, 15, 200, 0, 15, 49, 1684 }, // U+0423
    { 12, 16, 200, 0, 16, 48, 1733 }, // U+0424
    { 13, 15, 200, 0, 15, 49, 1781 }, // U+0425
    { 11, 19, 200, 1, 15, 53, 1830 }, // U+0426
    { 11, 15, 200, 1, 15, 42, 1883 }, // U+0427
    { 12, 15, 200, 0, 15, 45, 1925 }, // U+0428
    { 13, 19, 200, 0, 15, 62, 1970 }, // U+0429
    { 12, 15, 200, 0, 15, 45, 2032 }, // U+042A
    { 12, 15, 200, 0, 15, 45, 2077 }, // U+042B
    { 11, 15, 200, 1, 15, 42, 2122 }, // U+042C
    { 12, 15, 200, 1, 15, 45, 2164 }, // U+042D
    { 12, 15, 200, 0, 15, 45, 2209 }, // U+042E
    { 12, 15, 200, 0, 15, 45, 2254 }, // U+042F
    { 11, 12, 200, 1, 12, 33, 2299 }, // U+0430
    { 11, 17, 200, 1, 17, 47, 2332 }, // U+0431
    { 11, 12, 200, 1, 12, 33, 2379 }, // U+0432
    { 10, 12, 200, 2, 12, 30, 2412 }, // U+0433
    { 12, 15, 200, 0, 12, 45, 2442 }, // U+0434
    { 12, 12, 200, 0, 12, 36, 2487 }, // U+0435
    { 13, 12, 200, 0, 12, 39, 2523 }, // U+0436
    { 10, 12, 200, 1, 12, 30, 2562 }, // U+0437
    { 10, 12, 200, 1, 12, 30, 2592 }, // U+0438
    { 10, 17, 200, 1, 17, 43, 2622 }, // U+0439
    { 12, 12, 200, 1, 12, 36, 2665 }, // U+043A
    { 11, 12, 200, 0, 12, 33, 2701 }, // U+043B
    { 12, 12, 200, 0, 12, 36, 2734 }, // U+043C
    { 10, 12, 200, 1, 12, 30, 2770 }, // U+043D
    { 12, 12, 200, 0, 12, 36, 2800 }, // U+043E
    { 10, 12, 200, 1, 12, 30, 2836 }, // U+043F
    { 11, 16, 200, 1, 12, 44, 2866 }, // U+0440
    { 11, 12, 200, 1, 12, 33, 2910 }, // U+0441
    { 12, 12, 200, 0, 12, 36, 2943 }, // U+0442
    { 12, 16, 200, 0, 12, 48, 2979 }, // U+0443
    { 12, 22, 200, 0, 18, 66, 3027 }, // U+0444
    { 13, 12, 200, 0, 12, 39, 3093 }, // U+0445
    { 11, 15, 200, 1, 12, 42, 3132 }, // U+0446
    { 10, 12, 200, 1, 12, 30, 3174 }, // U+0447
    { 12, 12, 200, 0, 12, 36, 3204 }, // U+0448
    { 13, 15, 200, 0, 12, 49, 3240 }, // U+0449
    { 12, 12, 200, 0, 12, 36, 3289 }, // U+044A
    { 12, 12, 200, 0, 12, 36, 3325 }, // U+044B
    { 11, 12, 200, 1, 12, 33, 3361 }, // U+044C
    { 12, 12, 200, 0, 12, 36, 3394 }, // U+044D
    { 13, 12, 200, 0, 12, 39, 3430 }, // U+044E
    { 12, 12, 200, 0, 12, 36, 3469 }, // U+044F
    { 12, 17, 200, 0, 17, 51, 3505 }, // U+0450
    { 12, 17, 200, 0, 17, 51, 3556 }, // U+0451
    { 12, 21, 200, 0, 17, 63, 3607 }, // U+0452
    { 10, 17, 200, 2, 17, 43, 3670 }, // U+0453
    { 12, 12, 200, 0, 12, 36, 3713 }, // U+0454
    { 11, 12, 200, 1, 12, 33, 3749 }, // U+0455
    { 12, 17, 200, 0, 17, 51, 3782 }, // U+0456
    { 12, 17, 200, 0, 17, 51, 3833 }, // U+0457
    { 9, 21, 200, 1, 17, 48, 3884 }, // U+0458
    { 13, 12, 200, 0, 12, 39, 3932 }, // U+0459
    { 12, 12, 200, 1, 12, 36, 3971 }, // U+045A
    { 12, 17, 200, 0, 17, 51, 4007 }, // U+045B
    { 12, 17, 200, 1, 17, 51, 4058 }, // U+045C
    { 10, 17, 200, 1, 17, 43, 4109 }, // U+045D
    { 12, 21, 200, 0, 17, 63, 4152 }, // U+045E
    { 10, 15, 200, 1, 12, 38, 4215 }, // U+045F
    { 12, 16, 200, 0, 16, 48, 4253 }, // U+0462
    { 12, 17, 200, 0, 17, 51, 4301 }, // U+0463
    { 12, 15, 200, 0, 15, 45, 4352 }, // U+0472
    { 12, 12, 200, 0, 12, 36, 4397 }, // U+0473
    { 14, 15, 200, 0, 15, 53, 4433 }, // U+0474
    { 13, 12, 200, 0, 12, 39, 4486 }, // U+0475
    { 12, 25, 200, 1, 21, 75, 4525 }, // U+048A
    { 11, 21, 200, 1, 17, 58, 4600 }, // U+048B
    { 12, 15, 200, 0, 15, 45, 4658 }, // U+048C
    { 12, 12, 200, 0, 12, 36, 4703 }, // U+048D
    { 11, 15, 200, 1, 15, 42, 4739 }, // U+048E
    { 11, 16, 200, 1, 12, 44, 4781 }, // U+048F
    { 12, 18, 200, 0, 18, 54, 4825 }, // U+0490
    { 10, 14, 200, 2, 14, 35, 4879 }, // U+0491
    { 13, 15, 200, 0, 15, 49, 4914 }, // U+0492
    { 12, 12, 200, 0, 12, 36, 4963 }, // U+0493
    { 11, 19, 200, 1, 15, 53, 4999 }, // U+0494
    { 11, 16, 200, 1, 12, 44, 5052 }, // U+0495
    { 13, 19, 200, 0, 15, 62, 5096 }, // U+0496
    { 13, 15, 200, 0, 12, 49, 5158 }, // U+0497
    { 12, 19, 200, 0, 15, 57, 5207 }, // U+0498
    { 10, 16, 200, 1, 12, 40, 5264 }, // U+0499
    { 11, 19, 200, 1, 15, 53, 5304 }, // U+049A
    { 11, 15, 200, 1, 12, 42, 5357 }, // U+049B
    { 13, 15, 200, 0, 15, 49, 5399 }, // U+049C
    { 13, 12, 200, 0, 12, 39, 5448 }, // U+049D
    { 13, 17, 200, 0, 17, 56, 5487 }, // U+049E
    { 13, 13, 200, 0, 13, 43, 5543 }, // U+049F
    { 13, 15, 200, 0, 15, 49, 5586 }, // U+04A0
    { 13, 12, 200, 0, 12, 39, 5635 }, // U+04A1
    { 11, 19, 200, 1, 15, 53, 5674 }, // U+04A2
    { 11, 15, 200, 1, 12, 42, 5727 }, // U+04A3
    { 12, 15, 200, 1, 15, 45, 5769 }, // U+04A4
    { 12, 12, 200, 1, 12, 36, 5814 }, // U+04A5
    { 12, 19, 200, 0, 15, 57, 5850 }, // U+04A6
    { 12, 17, 200, 0, 12, 51, 5907 }, // U+04A7
    { 13, 19, 200, 0, 15, 62, 5958 }, // U+04A8
    { 13, 15, 200, 0, 12, 49, 6020 }, // U+04A9
    { 12, 19, 200, 0, 15, 57, 6069 }, // U+04AA
    { 11, 16, 200, 1, 12, 44, 6126 }, // U+04AB
    { 12, 19, 200, 0, 15, 57, 6170 }, // U+04AC
    { 12, 15, 200, 0, 12, 45, 6227 }, // U+04AD
    { 13, 15, 200, 0, 15, 49, 6272 }, // U+04AE
    { 13, 16, 200, 0, 12, 52, 6321 }, // U+04AF
    { 13, 15, 200, 0, 15, 49, 6373 }, // U+04B0
    { 13, 16, 200, 0, 12, 52, 6422 }, // U+04B1
    { 12, 19, 200, 0, 15, 57, 6474 }, // U+04B2
    { 12, 15, 200, 0, 12, 45, 6531 }, // U+04B3
    { 13, 19, 200, 0, 15, 62, 6576 }, // U+04B4
    { 12, 15, 200, 0, 12, 45, 6638 }, // U+04B5
    { 11, 19, 200, 1, 15, 53, 6683 }, // U+04B6
    { 11, 15, 200, 1, 12, 42, 6736 }, // U+04B7
    { 12, 15, 200, 0, 15, 45, 6778 }, // U+04B8
    { 11, 12, 200, 1, 12, 33, 6823 }, // U+04B9
    { 11, 15, 200, 1, 15, 42, 6856 }, // U+04BA
    { 11, 17, 200, 1, 17, 47, 6898 }, // U+04BB
    { 13, 15, 200, 0, 15, 49, 6945 }, // U+04BC
    { 12, 12, 200, 0, 12, 36, 6994 }, // U+04BD
    { 13, 18, 200, 0, 15, 59, 7030 }, // U+04BE
    { 12, 15, 200, 0, 12, 45, 7089 }, // U+04BF
    { 11, 15, 200, 1, 15, 42, 7134 }, // U+04C0
    { 13, 20, 200, 0, 20, 65, 7176 }, // U+04C1
    { 13, 17, 200, 0, 17, 56, 7241 }, // U+04C2
    { 12, 19, 200, 1, 15, 57, 7297 }, // U+04C3
    { 11, 16, 200, 1, 12, 44, 7354 }, // U+04C4
    { 12, 19, 200, 0, 15, 57, 7398 }, // U+04C5
    { 12, 16, 200, 0, 12, 48, 7455 }, // U+04C6
    { 11, 19, 200, 1, 15, 53, 7503 }, // U+04C7
    { 10, 16, 200, 1, 12, 40, 7556 }, // U+04C8
    { 11, 19, 200, 1, 15, 53, 7596 }, // U+04C9
    { 11, 16, 200, 1, 12, 44, 7649 }, // U+04CA
    { 11, 19, 200, 1, 15, 53, 7693 }, // U+04CB
    { 10, 15, 200, 1, 12, 38, 7746 }, // U+04CC
    { 13, 19, 200, 0, 15, 62, 7784 }, // U+04CD
    { 13, 16, 200, 0, 12, 52, 7846 }, // U+04CE
    { 11, 15, 200, 1, 15, 42, 7898 }, // U+04CF
    { 13, 20, 200, 0, 20, 65, 7940 }, // U+04D0
    { 11, 17, 200, 1, 17, 47, 8005 }, // U+04D1
    { 13, 20, 200, 0, 20, 65, 8052 }, // U+04D2
    { 11, 17, 200, 1, 17, 47, 8117 }, // U+04D3
    { 13, 15, 200, 0, 15, 49, 8164 }, // U+04D4
    { 13, 12, 200, 0, 12, 39, 8213 }, // U+04D5
    { 11, 20, 200, 1, 20, 55, 8252 }, // U+04D6
    { 12, 17, 200, 0, 17, 51, 8307 }, // U+04D7
    { 12, 15, 200, 0, 15, 45, 8358 }, // U+04D8
    { 12, 12, 200, 0, 12, 36, 8403 }, // U+04D9
    { 12, 20, 200, 0, 20, 60, 8439 }, // U+04DA
    { 12, 17, 200, 0, 17, 51, 8499 }, // U+04DB
    { 13, 20, 200, 0, 20, 65, 8550 }, // U+04DC
    { 13, 17, 200, 0, 17, 56, 8615 }, // U+04DD
    { 12, 20, 200, 0, 20, 60, 8671 }, // U+04DE
    { 10, 17, 200, 1, 17, 43, 8731 }, // U+04DF
    { 13, 15, 200, 0, 15, 49, 8774 }, // U+04E0
    { 12, 16, 200, 0, 12, 48, 8823 }, // U+04E1
    { 11, 19, 200, 1, 19, 53, 8871 }, // U+04E2
    { 10, 16, 200, 1, 16, 40, 8924 }, // U+04E3
    { 11, 20, 200, 1, 20, 55, 8964 }, // U+04E4
    { 10, 17, 200, 1, 17, 43, 9019 }, // U+04E5
    { 12, 20, 200, 0, 20, 60, 9062 }, // U+04E6
    { 12, 17, 200, 0, 17, 51, 9122 }, // U+04E7
    { 12, 15, 200, 0, 15, 45, 9173 }, // U+04E8
    { 12, 12, 200, 0, 12, 36, 9218 }, // U+04E9
    { 12, 20, 200, 0, 20, 60, 9254 }, // U+04EA
    { 12, 17, 200, 0, 17, 51, 9314 }, // U+04EB
    { 12, 20, 200, 1, 20, 60, 9365 }, // U+04EC
    { 12, 17, 200, 0, 17, 51, 9425 }, // U+04ED
    { 13, 19, 200, 0, 19, 62, 9476 }, // U+04EE
    { 12, 20, 200, 0, 16, 60, 9538 }, // U+04EF
    { 13, 20, 200, 0, 20, 65, 9598 }, // U+04F0
    { 12, 21, 200, 0, 17, 63, 9663 }, // U+04F1
    { 13, 21, 200, 0, 21, 69, 9726 }, // U+04F2
    { 12, 22, 200, 0, 18, 66, 9795 }, // U+04F3
    { 11, 20, 200, 1, 20, 55, 9861 }, // U+04F4
    { 10, 17, 200, 1, 17, 43, 9916 }, // U+04F5
    { 13, 18, 200, 0, 15, 59, 9959 }, // U+04F6
    { 10, 15, 200, 2, 12, 38, 10018 }, // U+04F7
    { 12, 20, 200, 0, 20, 60, 10056 }, // U+04F8
    { 12, 17, 200, 0, 17, 51, 10116 }, // U+04F9
    { 13, 20, 200, 0, 20, 65, 0 }, // U+1EF2
    { 12, 21, 200, 0, 17, 63, 65 }, // U+1EF3
    { 11, 2, 200, 1, 8, 6, 0 }, // U+2013
    { 13, 2, 200, 0, 8, 7, 6 }, // U+2014
    { 13, 2, 200, 0, 8, 7, 13 }, // U+2015
    { 7, 8, 200, 3, 18, 14, 20 }, // U+2018
    { 7, 8, 200, 3, 18, 14, 34 }, // U+2019
    { 6, 8, 200, 3, 4, 12, 48 }, // U+201A
    { 11, 7, 200, 1, 17, 20, 60 }, // U+201C
    { 12, 7, 200, 0, 18, 21, 80 }, // U+201D
    { 12, 8, 200, 0, 4, 24, 101 }, // U+201E
    { 10, 18, 200, 1, 15, 45, 125 }, // U+2020
    { 10, 18, 200, 1, 15, 45, 170 }, // U+2021
    { 8, 7, 200, 2, 12, 14, 215 }, // U+2022
    { 12, 3, 200, 0, 3, 9, 229 }, // U+2026
    { 13, 15, 200, 0, 15, 49, 238 }, // U+2030
    { 7, 12, 200, 3, 12, 21, 287 }, // U+2039
    { 8, 12, 200, 3, 13, 24, 308 }, // U+203A
    { 12, 15, 200, 0, 15, 45, 332 }, // U+2044
    { 8, 10, 200, 2, 17, 20, 0 }, // U+2070
    { 8, 9, 200, 2, 15, 18, 20 }, // U+2074
    { 8, 9, 200, 2, 15, 18, 38 }, // U+2075
    { 8, 9, 200, 2, 15, 18, 56 }, // U+2076
    { 8, 9, 200, 2, 15, 18, 74 }, // U+2077
    { 8, 9, 200, 2, 15, 18, 92 }, // U+2078
    { 8, 9, 200, 3, 15, 18, 110 }, // U+2079
    { 8, 10, 200, 2, 10, 20, 128 }, // U+2080
    { 8, 9, 200, 3, 8, 18, 148 }, // U+2081
    { 8, 9, 200, 2, 9, 18, 166 }, // U+2082
    { 8, 9, 200, 2, 9, 18, 184 }, // U+2083
    { 8, 9, 200, 2, 8, 18, 202 }, // U+2084
    { 8, 9, 200, 2, 8, 18, 220 }, // U+2085
    { 8, 9, 200, 2, 8, 18, 238 }, // U+2086
    { 8, 9, 200, 2, 8, 18, 256 }, // U+2087
    { 8, 9, 200, 2, 8, 18, 274 }, // U+2088
    { 8, 9, 200, 3, 8, 18, 292 }, // U+2089
    { 12, 15, 200, 0, 15, 45, 0 }, // U+20AC
    { 12, 15, 200, 0, 15, 45, 45 }, // U+20AE
    { 13, 15, 200, 0, 15, 49, 90 }, // U+20B4
    { 12, 15, 200, 1, 15, 45, 139 }, // U+20B9
    { 12, 17, 200, 0, 17, 51, 0 }, // U+2202
    { 13, 15, 200, 0, 15, 49, 51 }, // U+2206
    { 11, 17, 200, 1, 15, 47, 100 }, // U+220F
    { 12, 17, 200, 0, 15, 51, 147 }, // U+2211
    { 11, 3, 200, 1, 8, 9, 198 }, // U+2212
    { 12, 15, 200, 0, 15, 45, 207 }, // U+2215
    { 5, 3, 200, 4, 9, 4, 252 }, // U+2219
    { 13, 17, 200, 0, 17, 56, 256 }, // U+221A
    { 13, 7, 200, 0, 10, 23, 312 }, // U+221E
    { 11, 21, 200, 1, 17, 58, 335 }, // U+222B
    { 13, 11, 200, 0, 12, 36, 393 }, // U+2248
    { 11, 13, 200, 1, 13, 36, 429 }, // U+2260
    { 11, 14, 200, 1, 14, 39, 465 }, // U+2264
    { 11, 14, 200, 1, 14, 39, 504 }, // U+2265
    { 12, 17, 200, 0, 17, 51, 0 }, // U+FB01
    { 13, 17, 200, 0, 17, 56, 51 }, // U+FB02
    { 13, 12, 200, 0, 12, 39, 0 }, // U+FFFD
};

static const EpdUnicodeInterval ubuntumono_12_boldIntervals[] = {
    { 0x0, 0x0, 0x0 },
    { 0x8, 0x9, 0x1 },
    { 0xD, 0xD, 0x3 },
    { 0x1D, 0x1D, 0x4 },
    { 0x20, 0x7E, 0x5 },
    { 0xA0, 0xFF, 0x64 },
    { 0x100, 0x17F, 0xC4 },
    { 0x1A0, 0x1A1, 0x144 },
    { 0x1AF, 0x1B0, 0x146 },
    { 0x1C4, 0x21F, 0x148 },
    { 0x311, 0x311, 0x1A4 },
    { 0x400, 0x45F, 0x1A5 },
    { 0x462, 0x463, 0x205 },
    { 0x472, 0x475, 0x207 },
    { 0x48A, 0x4F9, 0x20B },
    { 0x1EF2, 0x1EF3, 0x27B },
    { 0x2013, 0x2015, 0x27D },
    { 0x2018, 0x201A, 0x280 },
    { 0x201C, 0x201E, 0x283 },
    { 0x2020, 0x2022, 0x286 },
    { 0x2026, 0x2026, 0x289 },
    { 0x2030, 0x2030, 0x28A },
    { 0x2039, 0x203A, 0x28B },
    { 0x2044, 0x2044, 0x28D },
    { 0x2070, 0x2070, 0x28E },
    { 0x2074, 0x2079, 0x28F },
    { 0x2080, 0x2089, 0x295 },
    { 0x20AC, 0x20AC, 0x29F },
    { 0x20AE, 0x20AE, 0x2A0 },
    { 0x20B4, 0x20B4, 0x2A1 },
    { 0x20B9, 0x20B9, 0x2A2 },
    { 0x2202, 0x2202, 0x2A3 },
    { 0x2206, 0x2206, 0x2A4 },
    { 0x220F, 0x220F, 0x2A5 },
    { 0x2211, 0x2212, 0x2A6 },
    { 0x2215, 0x2215, 0x2A8 },
    { 0x2219, 0x221A, 0x2A9 },
    { 0x221E, 0x221E, 0x2AB },
    { 0x222B, 0x222B, 0x2AC },
    { 0x2248, 0x2248, 0x2AD },
    { 0x2260, 0x2260, 0x2AE },
    { 0x2264, 0x2265, 0x2AF },
    { 0xFB01, 0xFB02, 0x2B1 },
    { 0xFFFD, 0xFFFD, 0x2B3 },
};

static const EpdFontGroup ubuntumono_12_boldGroups[] = {
    { 0, 1916, 4061, 100, 0 },
    { 1916, 1625, 4689, 96, 100 },
    { 3541, 2063, 7338, 128, 196 },
    { 5604, 1991, 5836, 96, 324 },
    { 7595, 10, 8, 1, 420 },
    { 7605, 3683, 11122, 214, 421 },
    { 11288, 103, 143, 2, 635 },
    { 11391, 268, 420, 17, 637 },
    { 11659, 170, 310, 17, 654 },
    { 11829, 133, 195, 4, 671 },
    { 11962, 324, 599, 14, 675 },
    { 12286, 61, 119, 2, 689 },
    { 12347, 47, 48, 1, 691 },
};

static const EpdFontData ubuntumono_12_bold = {
    ubuntumono_12_boldBitmaps,
    ubuntumono_12_boldGlyphs,
    ubuntumono_12_boldIntervals,
    44,
    25,
    21,
    -5,
    true,
    ubuntumono_12_boldGroups,
    13,
    nullptr,
    nullptr,
    nullptr,
    nullptr,
    0,
    0,
    0,
    0,
    nullptr,
    0,
};
