/**
 * generated by fontconvert.py
 * name: ubuntumono_14_italic
 * size: 14
 * mode: 2-bit  compressed: true
 * Command used: fontconvert.py ubuntumono_14_italic 14 ../builtinFonts/source/UbuntuMono/UbuntuMono-Italic.ttf --2bit --compress
 */
#pragma once
#include "EpdFontData.h"

static const uint8_t ubuntumono_14_italicBitmaps[19380] = {
    0xA5, 0x58, 0x31, 0x8F, 0xDC, 0xD6, 0x11, 0x1E, 0x92, 0xC8, 0xB1, 0x20, 0x9C, 0x97, 0xD2, 0xC0,
    0xC1, 0xC7, 0x46, 0x85, 0x02, 0xF8, 0x96, 0x8D, 0x0B, 0x15, 0xDC, 0x25, 0x63, 0x15, 0x2E, 0x5C,
    0xF8, 0x2F, 0xB8, 0x70, 0x1D, 0xB9, 0x30, 0x90, 0x83, 0xC1, 0xD3, 0xBE, 0x58, 0x45, 0x8A, 0x14,
    0xBA, 0x3F, 0x10, 0x24, 0x85, 0xDB, 0xC4, 0x2A, 0x54, 0xAC, 0xE1, 0x95, 0x96, 0xB6, 0x0B, 0x17,
    0x2A, 0x42, 0xBB, 0x71, 0x61, 0xC0, 0xA0, 0x2D, 0xF7, 0xC7, 0xC0, 0x04, 0xCC, 0xB3, 0x76, 0x97,
    0xF9, 0xBE, 0x79, 0xE4, 0xDD, 0xEA, 0x74, 0xB2, 0x1C, 0xE4, 0x76, 0x1F, 0xEF, 0x6E, 0xF7, 0x71,
    0xDE, 0xCC, 0x37, 0x33, 0xDF, 0xCC, 0x50, 0x96, 0xD2, 0x49, 0xEB, 0x35, 0x7E, 0x13, 0xD4, 0x41,
    0x15, 0x96, 0x91, 0x8D, 0x72, 0x23, 0xEE, 0xE7, 0x58, 0x7A, 0xD9, 0x4A, 0x21, 0x71, 0x64, 0x27,
    0x26, 0x4F, 0x8D, 0xA4, 0x07, 0x72, 0xF4, 0x8A, 0xBC, 0xFB, 0xAA, 0xDC, 0xBB, 0x2E, 0xE2, 0x35,
    0x53, 0xF1, 0xAB, 0x42, 0x82, 0xF2, 0xBE, 0x84, 0xB6, 0x11, 0xF3, 0x7A, 0x1D, 0xF5, 0xFD, 0xDA,
    0x60, 0x49, 0x61, 0x72, 0x69, 0x63, 0xDD, 0x12, 0x60, 0xCB, 0xBC, 0xEF, 0xEB, 0x55, 0xDF, 0x57,
    0xC6, 0xAF, 0xE5, 0x20, 0x28, 0x65, 0x1A, 0x5A, 0x49, 0xB1, 0x65, 0x11, 0xF3, 0x98, 0x02, 0x6B,
    0x81, 0xD5, 0x8A, 0x44, 0xDB, 0x1C, 0x9B, 0x2B, 0xAF, 0xF3, 0x2C, 0xB6, 0xE2, 0x5E, 0x2C, 0xFC,
    0xF6, 0xF1, 0x15, 0x34, 0x11, 0x49, 0xF8, 0xCF, 0x1A, 0x7F, 0x3C, 0xC0, 0x9A, 0x0D, 0xEB, 0x58,
    0x5E, 0xF3, 0xD6, 0xB2, 0xEA, 0x1B, 0xD9, 0xC7, 0xED, 0xD2, 0x50, 0x35, 0x6C, 0xAB, 0xB9, 0x3F,
    0xC7, 0x69, 0x7D, 0x69, 0x72, 0xEF, 0xFB, 0xEA, 0x50, 0x82, 0x4F, 0xAB, 0x05, 0x2E, 0x5F, 0xD6,
    0x12, 0xDC, 0xF9, 0xA2, 0x94, 0xE0, 0x8B, 0xBB, 0x10, 0xDF, 0xF3, 0xF8, 0x35, 0x0F, 0xF0, 0xBF,
    0xC6, 0x2D, 0xE1, 0xDF, 0x3B, 0x91, 0x83, 0xF4, 0x48, 0x24, 0x7D, 0x2F, 0x85, 0xB0, 0x7B, 0x37,
    0x60, 0xE0, 0xBD, 0xF7, 0x24, 0xCA, 0xEF, 0x37, 0x32, 0x91, 0x55, 0x25, 0x47, 0x90, 0x2A, 0xB2,
    0xB7, 0x81, 0xF4, 0x1E, 0x87, 0xC3, 0x8C, 0x8E, 0xD6, 0x02, 0xB4, 0x76, 0x2A, 0xF2, 0x31, 0x6E,
    0x9F, 0x43, 0xED, 0x3E, 0x28, 0xC3, 0xD3, 0x37, 0x4A, 0xF3, 0xE6, 0xA3, 0x7C, 0x12, 0x9C, 0xCA,
    0xD4, 0x23, 0x90, 0x6B, 0x5D, 0x59, 0xB8, 0xC5, 0xAD, 0xB7, 0x24, 0xEC, 0x62, 0x31, 0x79, 0x2C,
    0x09, 0xE4, 0x4E, 0x25, 0x95, 0x1B, 0xF2, 0x1A, 0xB4, 0xB8, 0x06, 0x6D, 0x24, 0x68, 0x25, 0x2E,
    0x25, 0xE3, 0x9F, 0x7E, 0x23, 0x61, 0x25, 0xC6, 0x4A, 0xAC, 0xD6, 0xA6, 0x8A, 0xD7, 0xE2, 0xE9,
    0x37, 0x3E, 0x99, 0xEA, 0xB7, 0x71, 0x2E, 0xA6, 0x24, 0x64, 0x9E, 0x85, 0x3D, 0xC0, 0xD3, 0xFD,
    0x03, 0x38, 0x3A, 0xDD, 0x95, 0x8E, 0x1B, 0x27, 0xFA, 0xC7, 0x74, 0x94, 0xD7, 0x71, 0x0F, 0x76,
    0x86, 0x25, 0x4F, 0xD2, 0x73, 0x83, 0x86, 0x2A, 0xCC, 0x54, 0x21, 0x59, 0xEA, 0x31, 0x47, 0xF2,
    0xF6, 0xD1, 0xF5, 0xED, 0xFB, 0xEB, 0xFD, 0xFE, 0x44, 0x36, 0x12, 0x9C, 0xE6, 0xE6, 0x51, 0x19,
    0xDF, 0xAC, 0xF7, 0xFC, 0x1C, 0x18, 0x09, 0x6F, 0x96, 0x08, 0xE7, 0x02, 0x0D, 0x01, 0x1A, 0x59,
    0xDF, 0xE7, 0x70, 0xBC, 0x9E, 0xC2, 0x63, 0x76, 0xFD, 0x1C, 0xD4, 0xA6, 0x31, 0x6D, 0x88, 0xA8,
    0x8B, 0xCB, 0x5E, 0x3E, 0x94, 0xF9, 0xBA, 0xEF, 0x66, 0x88, 0xB6, 0x1E, 0xCE, 0x14, 0x27, 0x45,
    0x34, 0x0A, 0x67, 0x63, 0x80, 0xF0, 0x2E, 0x35, 0x44, 0x83, 0x82, 0x86, 0x0D, 0x3B, 0x26, 0xE7,
    0x3B, 0xBA, 0x2B, 0x76, 0xE4, 0xBF, 0x6A, 0x47, 0x22, 0x83, 0x8A, 0x30, 0x62, 0x43, 0xCD, 0x73,
    0xD9, 0x98, 0x32, 0x68, 0xC2, 0x92, 0x2F, 0x63, 0x83, 0x32, 0x86, 0x75, 0x89, 0x09, 0xCB, 0x69,
    0xF2, 0xD7, 0x32, 0xCD, 0xEE, 0xDA, 0x22, 0x36, 0x39, 0x12, 0x03, 0xC0, 0xCC, 0xB0, 0x96, 0x52,
    0x78, 0xAD, 0xCC, 0xC2, 0x1A, 0x7E, 0xB5, 0x12, 0x9E, 0x39, 0x71, 0x08, 0xCA, 0xA8, 0x93, 0x55,
    0xEB, 0x9F, 0x35, 0xDE, 0x9F, 0x1B, 0x06, 0x24, 0x8E, 0x05, 0x50, 0xC0, 0x09, 0x06, 0xE2, 0x60,
    0xBC, 0x63, 0x3D, 0x7C, 0x86, 0x23, 0xBB, 0xAC, 0x6F, 0x65, 0x1F, 0x1A, 0x02, 0x36, 0xAF, 0x05,
    0xF4, 0x36, 0x1C, 0x31, 0xC5, 0x82, 0x57, 0xE8, 0x16, 0xC0, 0x2E, 0x21, 0x90, 0x48, 0x4A, 0xCD,
    0x07, 0x84, 0x09, 0xFD, 0xAD, 0xFA, 0x13, 0xE5, 0x15, 0x52, 0xAF, 0xEF, 0x3B, 0xE6, 0x11, 0xAD,
    0x28, 0xE5, 0x7A, 0xC8, 0x84, 0x69, 0xDC, 0x62, 0x26, 0x51, 0xDE, 0x2D, 0x9C, 0x0C, 0x39, 0x31,
    0xF3, 0x68, 0x2E, 0x4E, 0xF6, 0xB8, 0xE2, 0xFC, 0xBA, 0xF7, 0x90, 0xDA, 0xC8, 0x7E, 0x4F, 0x27,
    0xF0, 0xFE, 0x18, 0x60, 0xAD, 0x4A, 0xF1, 0x9F, 0x40, 0xEF, 0x47, 0x56, 0x12, 0xA8, 0x5D, 0x18,
    0xE0, 0x18, 0xC3, 0x98, 0x09, 0x8C, 0x98, 0x02, 0xE1, 0x94, 0xEE, 0x2E, 0xE1, 0xEE, 0xD2, 0x79,
    0xAA, 0x75, 0x40, 0x8F, 0x89, 0x18, 0x41, 0x31, 0x03, 0xA1, 0xF4, 0x18, 0x73, 0xFE, 0x70, 0x27,
    0x24, 0x56, 0x27, 0xB0, 0x19, 0xBA, 0xFC, 0xA6, 0xD7, 0x84, 0xDD, 0xD1, 0x27, 0xA7, 0x65, 0xD7,
    0xBD, 0x8D, 0x28, 0x34, 0xCC, 0x6D, 0xD9, 0x07, 0x8E, 0x7D, 0x2D, 0xA6, 0x55, 0xD5, 0xBD, 0xCE,
    0x59, 0xA5, 0x08, 0x7D, 0x84, 0x9C, 0xE9, 0xB1, 0x37, 0xCF, 0x80, 0x05, 0xB5, 0x02, 0x65, 0xE1,
    0xC0, 0x14, 0x07, 0x4E, 0x81, 0x70, 0xF2, 0x07, 0xAA, 0x80, 0xDB, 0x21, 0x27, 0x86, 0x9E, 0x58,
    0xD6, 0x21, 0x87, 0xE0, 0xF6, 0x5A, 0x17, 0x13, 0x66, 0xF8, 0xA8, 0x70, 0xC1, 0xA2, 0xA8, 0x55,
    0x83, 0xFC, 0xFC, 0x02, 0xE7, 0xE1, 0x6B, 0x7C, 0x01, 0x1C, 0xE7, 0x90, 0xB3, 0x8E, 0x2A, 0x47,
    0xA0, 0x58, 0x25, 0xAF, 0xA6, 0xF4, 0x3B, 0xF8, 0x0B, 0x7A, 0x07, 0x4F, 0x5A, 0x88, 0x7D, 0x40,
    0x1F, 0xE3, 0xBE, 0x04, 0x19, 0x90, 0xE0, 0xC4, 0xA9, 0xDC, 0x06, 0x8F, 0x65, 0xD0, 0x27, 0xA4,
    0x5D, 0xFB, 0x67, 0x74, 0x5E, 0xEE, 0x77, 0xA6, 0x0C, 0xAB, 0xA0, 0x8A, 0x20, 0xC3, 0xE4, 0x3B,
    0xAB, 0xDA, 0x2F, 0x03, 0x62, 0xBB, 0xFA, 0x68, 0xD0, 0xE2, 0xD8, 0x19, 0x1F, 0x36, 0xE2, 0xAD,
    0xAC, 0xAC, 0xA0, 0xC6, 0xC3, 0x9C, 0xFA, 0x46, 0x6D, 0xD4, 0x12, 0x91, 0xF1, 0xE7, 0x3C, 0xA9,
    0x70, 0xD3, 0x2A, 0xE7, 0x7B, 0x26, 0x97, 0x7E, 0xB0, 0xDD, 0x34, 0x44, 0x14, 0xC2, 0x7C, 0x4D,
    0x7A, 0x38, 0xE2, 0x43, 0x7E, 0xE3, 0xC3, 0xEC, 0x79, 0x09, 0xE4, 0x65, 0x0F, 0x36, 0x66, 0x3F,
    0xE0, 0x10, 0x71, 0xEC, 0x16, 0x92, 0x8C, 0xE7, 0xF8, 0x20, 0x64, 0x10, 0xBD, 0x23, 0x61, 0xDF,
    0x37, 0x20, 0xFF, 0x66, 0x57, 0x2E, 0x03, 0x02, 0xCB, 0xFA, 0xC0, 0x34, 0x80, 0xAE, 0x1E, 0x58,
    0x43, 0xF6, 0x37, 0xA2, 0xC1, 0x24, 0xA6, 0x82, 0xE6, 0xA5, 0xDC, 0xEA, 0xD4, 0xB1, 0x19, 0xBE,
    0x22, 0xF9, 0x79, 0xAB, 0x2A, 0xE8, 0x5B, 0x3F, 0x5F, 0x0F, 0x2C, 0x87, 0xF8, 0x89, 0x94, 0x07,
    0x3B, 0xFA, 0x81, 0xC1, 0x3B, 0xFE, 0x20, 0x8A, 0xB2, 0x9C, 0x6F, 0x66, 0xB7, 0xBF, 0x25, 0x19,
    0x57, 0xF2, 0x30, 0x00, 0xA3, 0x48, 0x03, 0xBE, 0x6C, 0xE0, 0x49, 0x04, 0xE8, 0xAA, 0x99, 0x85,
    0x7D, 0x9D, 0xC6, 0x77, 0xAA, 0x62, 0x16, 0x94, 0x8B, 0x22, 0x2C, 0xDB, 0x45, 0x84, 0x65, 0x2C,
    0x56, 0xDE, 0x1E, 0xC7, 0xD2, 0x66, 0xBD, 0x2C, 0x90, 0xB1, 0xC5, 0x40, 0x36, 0x89, 0x65, 0xB4,
    0x96, 0xD0, 0x84, 0xE1, 0x06, 0x2D, 0x25, 0x06, 0x9C, 0x33, 0xAC, 0x8F, 0xB1, 0xFE, 0x03, 0x96,
    0xFC, 0x12, 0x3E, 0x2B, 0x01, 0x18, 0x0A, 0xCD, 0x01, 0x56, 0x8A, 0xB5, 0x40, 0xBC, 0xF7, 0xD0,
    0x1B, 0x0B, 0xF9, 0xDD, 0x22, 0xBB, 0x59, 0x0E, 0x3A, 0xA8, 0xD6, 0x4D, 0xA9, 0xFB, 0x6A, 0xCB,
    0xB4, 0xAE, 0x04, 0x8C, 0xE7, 0x35, 0xAC, 0xB5, 0x1E, 0x82, 0x05, 0xAB, 0x62, 0xC5, 0x8D, 0x6D,
    0x84, 0xB0, 0x8D, 0xFA, 0x2D, 0x8B, 0x81, 0x35, 0x10, 0x4E, 0xB2, 0x99, 0xC0, 0x70, 0x84, 0xB0,
    0x4D, 0x65, 0x85, 0x08, 0xA3, 0x08, 0x32, 0x3A, 0x20, 0x8C, 0x11, 0x53, 0x0F, 0xF3, 0xB7, 0x59,
    0x12, 0xC3, 0x21, 0x62, 0xE3, 0x81, 0xE4, 0x76, 0x89, 0x76, 0x5C, 0xC7, 0xE7, 0x76, 0xBD, 0x8C,
    0xF0, 0x5F, 0xC3, 0x0B, 0xFF, 0x80, 0x03, 0x06, 0x9A, 0x01, 0xFB, 0x6A, 0xD8, 0xD6, 0xB8, 0x56,
    0x1E, 0xE8, 0xCE, 0x6B, 0x22, 0x2C, 0x63, 0xB1, 0x72, 0xBF, 0x31, 0x88, 0x0D, 0xA7, 0x8B, 0x81,
    0x2E, 0x09, 0x64, 0x3F, 0x94, 0x22, 0x84, 0x2E, 0x30, 0x65, 0x75, 0xA6, 0x7C, 0x43, 0xBB, 0x9B,
    0xDD, 0x92, 0x1B, 0x0C, 0x65, 0x5B, 0x89, 0x8B, 0x36, 0xC1, 0x36, 0xA6, 0x4E, 0x3C, 0xD0, 0xEC,
    0x6C, 0x27, 0x85, 0x1C, 0x5D, 0xAD, 0xFF, 0x6F, 0x39, 0xCB, 0x31, 0x1D, 0x7D, 0x84, 0x69, 0x02,
    0x39, 0x5B, 0xEF, 0x04, 0xE5, 0xEB, 0x99, 0xB4, 0x75, 0xD8, 0x98, 0x7C, 0xA9, 0xC4, 0x9D, 0x0C,
    0xE4, 0x3D, 0x05, 0x46, 0xA0, 0x2F, 0x7C, 0x4A, 0x86, 0x22, 0xC4, 0x10, 0x36, 0x83, 0x47, 0xA7,
    0xD0, 0x25, 0xC5, 0x2A, 0xA0, 0xCF, 0x02, 0xBA, 0xB4, 0x58, 0x0E, 0x23, 0xB4, 0x33, 0x86, 0xED,
    0x4C, 0x3E, 0x14, 0x06, 0xF0, 0xF9, 0xCC, 0x51, 0x8E, 0x14, 0x83, 0x6C, 0x8A, 0x80, 0x5D, 0xB5,
    0xFA, 0x7D, 0xD7, 0x98, 0x4B, 0x55, 0xF2, 0x4A, 0xE7, 0x0D, 0x55, 0x72, 0xBC, 0xFD, 0x9C, 0x3E,
    0x1D, 0xB7, 0xEE, 0xA2, 0xC4, 0x06, 0xE9, 0x52, 0x99, 0x18, 0x51, 0x72, 0xAD, 0xD1, 0x4B, 0xDE,
    0x40, 0x33, 0xA8, 0x69, 0x50, 0xEC, 0x36, 0x8C, 0x23, 0x71, 0xB4, 0x24, 0xF6, 0x26, 0xB6, 0x90,
    0x84, 0x8F, 0xFC, 0xEF, 0xC8, 0x7F, 0xDF, 0x50, 0x18, 0xB7, 0xB1, 0x06, 0xE2, 0x4C, 0xC6, 0xFF,
    0x5B, 0x14, 0xC8, 0x38, 0x8B, 0xC9, 0x85, 0x13, 0xC2, 0x4C, 0xCC, 0x94, 0x51, 0x95, 0xCE, 0xF0,
    0x0F, 0x0F, 0x3C, 0x6F, 0x4B, 0x5A, 0xEA, 0xE7, 0x5D, 0xAA, 0x76, 0xDA, 0x55, 0xEC, 0x54, 0x3B,
    0x68, 0xB4, 0x9E, 0xD3, 0x26, 0x74, 0x3F, 0x28, 0x39, 0x19, 0xC3, 0x13, 0x74, 0x9E, 0x59, 0x9C,
    0xF9, 0xA7, 0x0F, 0xBE, 0x15, 0xF9, 0xF1, 0xF3, 0xBF, 0xE1, 0xF2, 0xE8, 0x50, 0xBC, 0xC7, 0xDF,
    0xA6, 0xE2, 0x7F, 0xB5, 0x4E, 0x25, 0xF8, 0xAC, 0x2D, 0x24, 0xFC, 0xAC, 0x59, 0x10, 0xBD, 0xFB,
    0x84, 0xAE, 0x71, 0x97, 0x03, 0x1E, 0x37, 0xE5, 0x81, 0x29, 0x8F, 0x2C, 0x14, 0x90, 0x25, 0x74,
    0xDD, 0xA0, 0xCC, 0x6C, 0xE1, 0xC1, 0x5E, 0x52, 0xFF, 0x54, 0x8E, 0x82, 0x6F, 0xF2, 0xFB, 0xC1,
    0x17, 0xB6, 0x09, 0x3F, 0x2F, 0x9B, 0xE8, 0xCE, 0xA7, 0x8D, 0x79, 0xFD, 0xAB, 0xDA, 0x78, 0x8F,
    0xAB, 0x58, 0x7E, 0x44, 0x84, 0xFF, 0x84, 0x08, 0xFF, 0x04, 0xD9, 0x36, 0x47, 0xD1, 0x98, 0xA3,
    0xD3, 0xC9, 0x70, 0xC6, 0xEC, 0xA2, 0x1D, 0x00, 0x31, 0x93, 0xDE, 0x41, 0xCC, 0x35, 0x32, 0x03,
    0x59, 0x11, 0xD4, 0x33, 0x2C, 0xD7, 0xDE, 0x06, 0xE5, 0x12, 0x36, 0x12, 0x88, 0xC5, 0xD0, 0x12,
    0x14, 0xB8, 0x66, 0x24, 0x53, 0x30, 0x89, 0xA2, 0x99, 0x68, 0x63, 0x8B, 0x38, 0x42, 0xF5, 0x6E,
    0x81, 0x22, 0x38, 0x03, 0x5A, 0x77, 0x50, 0x1A, 0x51, 0x15, 0x34, 0x88, 0xA3, 0x12, 0x1C, 0x0A,
    0xD0, 0x7F, 0xB8, 0x32, 0x30, 0xC6, 0x48, 0xFF, 0x1F, 0xF5, 0xB1, 0x4F, 0xEB, 0xC3, 0x02, 0x59,
    0x29, 0x77, 0x6B, 0x6D, 0x66, 0x3C, 0xD1, 0xDD, 0x19, 0x42, 0x61, 0x8F, 0x7D, 0xC1, 0x56, 0x34,
    0xB5, 0xC1, 0x52, 0xA2, 0x3C, 0x25, 0x2D, 0xF4, 0x53, 0x66, 0x40, 0x51, 0xAB, 0x11, 0xE7, 0xD6,
    0x65, 0x22, 0x80, 0xC7, 0x97, 0xE0, 0x4E, 0xE8, 0xE7, 0xA4, 0x4F, 0xF1, 0x2A, 0xF4, 0xBF, 0xD8,
    0xB1, 0x54, 0x82, 0x68, 0xBD, 0x2D, 0xEF, 0xCA, 0x18, 0xB3, 0x5C, 0xDA, 0x6F, 0xE4, 0x43, 0x13,
    0xBF, 0x19, 0x9B, 0x8F, 0x7C, 0x37, 0x6A, 0x7F, 0x2F, 0x63, 0xF3, 0x71, 0x32, 0x36, 0x14, 0xF6,
    0xCA, 0x54, 0x1F, 0xFA, 0x0B, 0xFF, 0xAA, 0x3C, 0xB8, 0x94, 0x5C, 0x48, 0xBE, 0x8E, 0xD9, 0xEB,
    0xD8, 0x0D, 0xAC, 0x66, 0x89, 0x59, 0x50, 0x0D, 0x99, 0x4B, 0x76, 0xB3, 0xAE, 0x59, 0x88, 0x35,
    0xA2, 0x47, 0x56, 0x20, 0x66, 0x33, 0x60, 0x96, 0x0C, 0x98, 0x4D, 0x95, 0xCD, 0x7D, 0x8E, 0x34,
    0xC0, 0x39, 0x2C, 0x91, 0xF1, 0xC8, 0xFA, 0x18, 0xBB, 0xA7, 0x8A, 0xC1, 0x84, 0x78, 0x40, 0xA9,
    0x09, 0x0E, 0x8B, 0x11, 0xF2, 0x31, 0x14, 0x88, 0xE1, 0x40, 0x83, 0xDC, 0x60, 0xBF, 0x82, 0x22,
    0xAB, 0xF5, 0x04, 0x5B, 0xE8, 0x32, 0xA1, 0xCF, 0x70, 0x13, 0x76, 0x4F, 0xA9, 0x7B, 0x4A, 0xE5,
    0x0B, 0x6A, 0x8F, 0x08, 0xBF, 0x59, 0x61, 0x53, 0xC4, 0x8B, 0xF9, 0xAE, 0x96, 0xDF, 0xBE, 0xFA,
    0x7D, 0x25, 0xAF, 0xDC, 0x78, 0x5C, 0xCA, 0x61, 0xF3, 0xA3, 0x95, 0xC3, 0xEA, 0x09, 0x2A, 0x5F,
    0xB9, 0x62, 0x05, 0x7C, 0xC8, 0xB6, 0xF0, 0x01, 0xF3, 0xAF, 0x50, 0x62, 0x44, 0xAA, 0xC6, 0x9A,
    0x6C, 0x50, 0x4D, 0x63, 0x40, 0xC2, 0x2F, 0xD9, 0xC4, 0x3C, 0xAE, 0xE8, 0x17, 0xA0, 0xE2, 0xB1,
    0x72, 0xAB, 0x2B, 0x82, 0xF5, 0xD0, 0xC0, 0x48, 0xFC, 0x47, 0x5C, 0x6E, 0x13, 0x2F, 0x4E, 0x32,
    0x01, 0x50, 0xC2, 0xAD, 0xD0, 0x06, 0xD3, 0x53, 0x05, 0x2F, 0x42, 0x4D, 0x8C, 0x4D, 0x35, 0x74,
    0x2B, 0x0B, 0x65, 0x39, 0x5A, 0xBC, 0x54, 0x5B, 0x0D, 0x36, 0x90, 0x23, 0xA2, 0x7F, 0xB9, 0x56,
    0x20, 0x68, 0x2E, 0x31, 0xF7, 0x25, 0x7F, 0x20, 0x07, 0x36, 0x4A, 0xFB, 0xEA, 0x45, 0xEE, 0x64,
    0xFB, 0x9A, 0x39, 0xC7, 0xD2, 0x99, 0x4A, 0x35, 0xB9, 0x23, 0xAF, 0xA1, 0x01, 0xA3, 0x9C, 0xF1,
    0x23, 0x0C, 0x91, 0x60, 0x44, 0x76, 0xBE, 0xC8, 0x25, 0x54, 0xF6, 0x5F, 0xCB, 0xA4, 0xCF, 0xE5,
    0xCC, 0x2B, 0x6E, 0x47, 0x43, 0xA0, 0x4B, 0xDB, 0x7A, 0x7D, 0xA5, 0x1A, 0xDF, 0xB4, 0x7B, 0x86,
    0x1D, 0x89, 0xBE, 0x62, 0x7D, 0x19, 0xDC, 0xAD, 0x2F, 0x6B, 0x2C, 0x64, 0xA9, 0x46, 0xFD, 0x0B,
    0xE4, 0xFF, 0x1A, 0xF5, 0x9E, 0x85, 0x6F, 0xD4, 0x4A, 0x87, 0xC1, 0x5A, 0xB2, 0x46, 0x96, 0xC8,
    0x50, 0x94, 0xA5, 0x02, 0x3D, 0x42, 0x22, 0x53, 0x64, 0xDE, 0x35, 0x79, 0x69, 0x1C, 0xB4, 0x5F,
    0x86, 0xA6, 0x71, 0x8E, 0xAD, 0xDA, 0xBD, 0x01, 0x32, 0x1B, 0xB6, 0xAE, 0xBB, 0xC8, 0xA0, 0x7B,
    0x81, 0x6F, 0x17, 0xD0, 0xA3, 0xC3, 0x5F, 0xAD, 0xF0, 0x01, 0x40, 0x27, 0x0F, 0x50, 0xD7, 0x99,
    0x79, 0xD1, 0x19, 0x46, 0xDF, 0x83, 0xE7, 0x14, 0x58, 0x66, 0xDD, 0xCF, 0x1B, 0xF4, 0x10, 0xE8,
    0xEA, 0xBA, 0xA8, 0x1A, 0xDA, 0x5D, 0x30, 0x43, 0x50, 0x47, 0x96, 0xAD, 0x2A, 0x86, 0x25, 0x84,
    0x5E, 0x8C, 0x53, 0x26, 0xDA, 0xDE, 0x42, 0x51, 0xC6, 0x1B, 0x5A, 0x3C, 0xDE, 0x13, 0xB5, 0xA1,
    0xA0, 0xE4, 0xA8, 0xE8, 0xD1, 0xFA, 0x6E, 0x58, 0x0C, 0x89, 0xDB, 0xF9, 0x35, 0x25, 0x8E, 0xBD,
    0x5E, 0x3B, 0xD8, 0xA3, 0xE7, 0xFA, 0x8E, 0x0D, 0xDA, 0xAA, 0xB7, 0x41, 0x17, 0x59, 0x83, 0xE1,
    0x3E, 0x01, 0xBE, 0xD3, 0xC1, 0xAE, 0xA5, 0xC6, 0x66, 0xA1, 0xDE, 0x73, 0x2D, 0x36, 0xA6, 0xB0,
    0x33, 0xE0, 0x9D, 0xB0, 0xB6, 0x83, 0x61, 0xEB, 0x38, 0x8F, 0x73, 0x66, 0x7C, 0x9C, 0x17, 0xDE,
    0x0A, 0x62, 0x3A, 0xE9, 0x7F, 0xCE, 0xF5, 0xA0, 0x4E, 0x75, 0x78, 0x67, 0xD0, 0xE1, 0x44, 0xFB,
    0xD1, 0xA1, 0x1D, 0xD4, 0x08, 0xDC, 0x99, 0x46, 0x97, 0xE3, 0x38, 0x99, 0xF5, 0x3A, 0x6A, 0x6D,
    0x5C, 0xAC, 0x6A, 0x48, 0xBB, 0xE9, 0x92, 0x21, 0xE0, 0x3A, 0x56, 0x37, 0x67, 0xDA, 0x71, 0xD8,
    0x8C, 0x65, 0xBC, 0xE8, 0x60, 0x3A, 0x1D, 0x65, 0x2A, 0x1F, 0xCF, 0x29, 0x64, 0x6E, 0xB5, 0xC5,
    0x45, 0x97, 0xC6, 0xC2, 0x9F, 0x9D, 0x2C, 0x81, 0x4E, 0x07, 0xF1, 0xAD, 0x6B, 0xD2, 0x7C, 0x02,
    0x8E, 0xC6, 0x31, 0x28, 0xC3, 0x3A, 0xE1, 0x5C, 0x80, 0x01, 0xE0, 0xEE, 0x10, 0x64, 0x2E, 0xC0,
    0xAE, 0x7B, 0x9D, 0x82, 0xAF, 0x33, 0xD3, 0xE1, 0x8E, 0x13, 0x17, 0x97, 0xE8, 0xF3, 0x09, 0xFA,
    0x6A, 0x80, 0x82, 0x36, 0x8F, 0xAE, 0xB3, 0x51, 0x19, 0xF1, 0x6A, 0x19, 0xD2, 0x7C, 0x36, 0x91,
    0x28, 0xBD, 0x4D, 0x06, 0x7A, 0x4F, 0x15, 0x54, 0xED, 0xBC, 0xED, 0xD8, 0x79, 0x6B, 0xA3, 0x8F,
    0xA1, 0x6B, 0x7D, 0x55, 0xFD, 0xD7, 0x37, 0xF4, 0xF6, 0x90, 0x12, 0x98, 0x23, 0xF4, 0x48, 0x8E,
    0xAC, 0x9C, 0x60, 0xFD, 0x8B, 0x21, 0xC5, 0x40, 0xD3, 0xF8, 0x45, 0x59, 0x73, 0x39, 0x1C, 0x9D,
    0x05, 0xD7, 0xD0, 0xC6, 0x70, 0xCE, 0xE5, 0xFC, 0x24, 0xFB, 0xBF, 0x94, 0x60, 0x7E, 0x8B, 0x9E,
    0x16, 0xD0, 0x81, 0xCE, 0xBE, 0xC2, 0x50, 0x76, 0x6A, 0x95, 0xD3, 0xA3, 0x53, 0xCC, 0xC2, 0x6F,
    0xA2, 0x3D, 0xB9, 0x89, 0x7A, 0x86, 0x21, 0xD0, 0xB1, 0xFF, 0x4C, 0xA3, 0x69, 0xBE, 0x5E, 0x3D,
    0xFD, 0x64, 0x0C, 0xD0, 0x00, 0x18, 0x68, 0xE4, 0x1E, 0xD7, 0xA4, 0x32, 0xDB, 0xCB, 0xFA, 0xE8,
    0x4C, 0x6E, 0x7D, 0xDD, 0xB0, 0x8D, 0xF5, 0x9A, 0x0E, 0x9D, 0x62, 0x93, 0x06, 0x65, 0x53, 0x04,
    0x9F, 0x36, 0x8B, 0xF0, 0x83, 0xAA, 0x8D, 0x6E, 0x96, 0x0D, 0x47, 0x65, 0x03, 0x7B, 0x0F, 0x10,
    0x17, 0x87, 0xB0, 0x51, 0x89, 0xFE, 0xD6, 0x46, 0xB3, 0x12, 0xD5, 0xA8, 0x1C, 0x46, 0x46, 0x75,
    0x68, 0xA4, 0x8F, 0x1B, 0xCE, 0x1D, 0x20, 0xBB, 0x0E, 0x90, 0xA4, 0x05, 0x92, 0x5B, 0x44, 0x70,
    0xA2, 0x7C, 0x93, 0xB9, 0xBA, 0x65, 0x2F, 0x3A, 0xDA, 0xD9, 0x10, 0xF5, 0x2D, 0x30, 0xA9, 0xF4,
    0x19, 0x00, 0x0A, 0xA9, 0xEB, 0x3B, 0x96, 0xFE, 0xD8, 0x77, 0x74, 0x17, 0x7D, 0xC7, 0x58, 0xD7,
    0x4D, 0x19, 0xD9, 0x55, 0x6E, 0xB4, 0xC9, 0x3C, 0xB9, 0x92, 0xA7, 0x10, 0x88, 0x08, 0xB2, 0xBE,
    0x44, 0xC6, 0x61, 0xB7, 0xB1, 0x89, 0xD6, 0x01, 0xD6, 0xCB, 0x6C, 0x38, 0x77, 0xCC, 0xB8, 0x4E,
    0x87, 0xF5, 0xE8, 0xE7, 0x9D, 0x67, 0x0E, 0xBB, 0x84, 0xBB, 0xDF, 0x5B, 0x65, 0x8F, 0xF6, 0xE2,
    0xE3, 0xCB, 0x7D, 0xEB, 0xE5, 0xEE, 0x5E, 0x62, 0x65, 0x30, 0x44, 0xCE, 0xDE, 0xC5, 0x03, 0xC1,
    0xCD, 0x38, 0x88, 0x8E, 0x79, 0xBB, 0x90, 0xD7, 0xE0, 0xBF, 0xF9, 0x18, 0xF4, 0x1A, 0x89, 0x9E,
    0x0E, 0xB4, 0x28, 0x37, 0x7D, 0xDF, 0x5D, 0xD9, 0x86, 0xB2, 0x13, 0xF5, 0x6C, 0x0C, 0x76, 0xDC,
    0xE6, 0x11, 0xA2, 0x5F, 0x89, 0x5C, 0xBB, 0xD2, 0x58, 0x89, 0xDE, 0x15, 0xF6, 0x54, 0x8B, 0x80,
    0x2B, 0x07, 0xE8, 0x6A, 0x46, 0xA2, 0xEC, 0x8A, 0xE1, 0x39, 0x43, 0x32, 0x14, 0x87, 0x42, 0xA7,
    0x06, 0x96, 0xC5, 0x44, 0x5B, 0x00, 0x2B, 0x31, 0x4E, 0x32, 0x98, 0xC0, 0x0C, 0xD2, 0x23, 0x1A,
    0x06, 0x12, 0x40, 0xBB, 0x80, 0x69, 0x4D, 0x0A, 0xF5, 0xD2, 0xC8, 0xAF, 0xD2, 0xF8, 0x66, 0x59,
    0x64, 0x6F, 0xD8, 0xA3, 0xF9, 0x5B, 0xF9, 0xD1, 0x4F, 0x77, 0xE5, 0xFD, 0xCF, 0xFF, 0x29, 0x9F,
    0xDC, 0x59, 0xCB, 0x0A, 0x33, 0xF3, 0x03, 0xD4, 0xD3, 0xC5, 0x98, 0x29, 0x7C, 0x78, 0x78, 0x4C,
    0xE1, 0xAC, 0x00, 0x6F, 0xE5, 0x5A, 0xBA, 0x39, 0x57, 0xB3, 0xE6, 0x1A, 0xF6, 0xE5, 0x7C, 0x8E,
    0x37, 0xD3, 0x91, 0x8D, 0xA4, 0x98, 0xF1, 0x34, 0x2A, 0xC8, 0x52, 0x20, 0x1A, 0xD5, 0x1A, 0x48,
    0x1A, 0xE3, 0xDA, 0xBC, 0x69, 0x17, 0x87, 0xD0, 0xE7, 0x14, 0xF9, 0x17, 0x3A, 0xE2, 0xDF, 0xEC,
    0xFD, 0x4F, 0xC9, 0x5D, 0x84, 0xD7, 0x27, 0xAC, 0x4A, 0x6A, 0x74, 0xDC, 0xEF, 0xE8, 0x96, 0x6C,
    0x3D, 0xC0, 0x4E, 0x87, 0x0C, 0xB3, 0x09, 0x89, 0xF1, 0xD8, 0x3D, 0xA2, 0x8D, 0x2A, 0xE7, 0xBD,
    0x07, 0xEE, 0x81, 0x8A, 0x8E, 0xA7, 0xB9, 0x36, 0xFB, 0xBA, 0x86, 0x08, 0x6E, 0xCE, 0x1F, 0x44,
    0x3D, 0xAF, 0x32, 0x2E, 0x1C, 0x55, 0x64, 0x7C, 0xFC, 0x50, 0x3B, 0x03, 0xBD, 0xFA, 0xF9, 0xC5,
    0x9B, 0xBF, 0x43, 0x8E, 0xEC, 0x7C, 0xA0, 0x33, 0x3C, 0x59, 0x53, 0xA1, 0x93, 0x9D, 0x27, 0x9C,
    0x2F, 0x1A, 0x4D, 0x9E, 0xBD, 0x43, 0x41, 0x8D, 0x59, 0x72, 0x69, 0xE2, 0xA8, 0xAB, 0xB9, 0xA4,
    0xEB, 0xB8, 0x74, 0xC6, 0x86, 0xA2, 0xAB, 0x5A, 0x89, 0xFC, 0x97, 0x1A, 0x0D, 0x0C, 0x5C, 0x2B,
    0xA0, 0xC1, 0x22, 0x17, 0xB6, 0x81, 0x4D, 0xB6, 0x91, 0x2D, 0x92, 0x5E, 0xDE, 0x05, 0xE0, 0xFF,
    0x05, 0xBD, 0x59, 0x3F, 0x73, 0x1B, 0xC7, 0x15, 0x7F, 0xB7, 0x37, 0xE1, 0x91, 0x73, 0x19, 0x6E,
    0x0A, 0x15, 0x9A, 0x89, 0xC5, 0x53, 0xA1, 0x82, 0x85, 0x88, 0x4B, 0xE1, 0x12, 0xC0, 0x6D, 0xCC,
    0xC2, 0x85, 0x0B, 0xE5, 0x13, 0x64, 0x54, 0xA4, 0x97, 0x0B, 0x15, 0x9C, 0x09, 0xC4, 0x5B, 0x49,
    0x85, 0x0A, 0x37, 0xCC, 0x27, 0x88, 0x3E, 0x81, 0x47, 0x99, 0x41, 0x01, 0x4F, 0x20, 0xE2, 0x24,
    0x15, 0x2A, 0x5C, 0xF8, 0x44, 0x97, 0x9E, 0x49, 0x2E, 0x63, 0xF7, 0x5A, 0xD9, 0xE7, 0xC9, 0x29,
    0x01, 0xB1, 0xF9, 0xBD, 0xDD, 0x03, 0x01, 0xD2, 0xB4, 0xC6, 0x21, 0x61, 0x03, 0x7C, 0x00, 0xEF,
    0x6E, 0xF7, 0xFD, 0xFF, 0xBB, 0xA0, 0x51, 0x30, 0x15, 0x53, 0xAA, 0xC9, 0xBD, 0x44, 0x11, 0x16,
    0x51, 0x21, 0xB5, 0x54, 0x09, 0xA5, 0xD4, 0xA7, 0x1E, 0x0D, 0x68, 0x8C, 0xFB, 0x7B, 0x80, 0x21,
    0xC0, 0x78, 0x88, 0xAC, 0xA2, 0xDC, 0x52, 0x70, 0x8C, 0x7F, 0x2B, 0x22, 0xA9, 0x89, 0x12, 0x3C,
    0xE9, 0x03, 0x7A, 0x80, 0xEE, 0x12, 0xF0, 0xBD, 0x54, 0x5F, 0x21, 0x69, 0x1B, 0x0A, 0x2C, 0x16,
    0x8F, 0x70, 0xA3, 0x5E, 0xA0, 0xA2, 0x60, 0x52, 0x51, 0x6C, 0x0D, 0x25, 0xFA, 0xB1, 0x5B, 0x3C,
    0x00, 0x34, 0x7E, 0x4D, 0x80, 0xE7, 0x99, 0x9D, 0x02, 0x1A, 0x0A, 0x4B, 0xD0, 0x2A, 0x88, 0xE2,
    0xC2, 0xD3, 0x93, 0x8C, 0x97, 0xFC, 0xF3, 0x1C, 0x70, 0x95, 0x42, 0xEA, 0xE7, 0x7F, 0xD5, 0x89,
    0xB5, 0x14, 0x97, 0x63, 0x3C, 0xEF, 0x00, 0x36, 0x5B, 0xE8, 0xB8, 0x7B, 0xFC, 0x8C, 0xD7, 0xF0,
    0x5A, 0xE0, 0xE9, 0x01, 0x5F, 0x13, 0x96, 0xC2, 0x88, 0x2A, 0x2A, 0x03, 0x23, 0x15, 0x19, 0x30,
    0x30, 0x82, 0xBC, 0xF7, 0x98, 0x70, 0xC9, 0xEB, 0x55, 0x8A, 0x3D, 0x73, 0xC1, 0x26, 0xA0, 0x63,
    0x01, 0x73, 0xFE, 0x1C, 0xFF, 0xB1, 0x26, 0xEC, 0x94, 0x4E, 0x03, 0x1D, 0xB7, 0xAC, 0xEB, 0x84,
    0x18, 0xD1, 0x5C, 0xA9, 0x8B, 0x17, 0x08, 0x2E, 0x2F, 0x3F, 0xB3, 0x03, 0xFA, 0x29, 0xA1, 0x27,
    0x43, 0xA9, 0xFA, 0x83, 0xD3, 0x23, 0x43, 0xA6, 0x20, 0x27, 0x10, 0x1D, 0x5A, 0x12, 0x55, 0xAA,
    0xA3, 0x22, 0xD6, 0xEE, 0x5D, 0x48, 0x15, 0xD5, 0x1D, 0x12, 0x50, 0x0D, 0xA5, 0xE0, 0x43, 0xD4,
    0xAD, 0xDE, 0x1A, 0xBA, 0x21, 0x0C, 0x54, 0x52, 0x52, 0x3A, 0x23, 0xDA, 0x8A, 0x75, 0x26, 0x8B,
    0x9D, 0x58, 0x05, 0x13, 0x0D, 0x35, 0xD7, 0xC0, 0xFD, 0x14, 0xE4, 0x12, 0x1A, 0xE6, 0x1F, 0xD1,
    0x1B, 0x1B, 0xA9, 0x6F, 0xCB, 0x50, 0x33, 0xBC, 0xB1, 0x1F, 0x2A, 0xBE, 0xC7, 0xCF, 0x52, 0x35,
    0x76, 0x6B, 0x79, 0x0F, 0x20, 0xB6, 0x45, 0xBA, 0xAB, 0x07, 0x31, 0x0D, 0x25, 0x99, 0x4D, 0x1A,
    0xF6, 0x29, 0x9F, 0x51, 0xFA, 0x0F, 0xA2, 0x83, 0xAB, 0xA2, 0x1A, 0x44, 0x85, 0x49, 0xC2, 0xB2,
    0x27, 0xF5, 0x28, 0xA5, 0x81, 0xA4, 0x5E, 0xAC, 0xB7, 0xC2, 0x62, 0x43, 0xE8, 0xCC, 0xDA, 0x02,
    0x00, 0x53, 0xC5, 0xCA, 0x9B, 0x8B, 0x61, 0x8B, 0x9C, 0xCC, 0xAD, 0x9B, 0xE4, 0x53, 0xDB, 0xFC,
    0x80, 0x31, 0xFB, 0x11, 0x99, 0xA3, 0x97, 0xCA, 0x1C, 0xBD, 0xD0, 0xC6, 0xEE, 0x6A, 0xF3, 0xE5,
    0x23, 0x35, 0x3C, 0xFA, 0xFC, 0x07, 0x8C, 0x65, 0x56, 0x65, 0x30, 0x75, 0x95, 0x4E, 0x07, 0x3B,
    0x77, 0x37, 0xEF, 0x6E, 0x0E, 0x76, 0xD2, 0x69, 0x5C, 0x2D, 0x63, 0xF7, 0x4A, 0x1D, 0x41, 0x47,
    0x76, 0x1A, 0xB2, 0xDD, 0xD8, 0x9F, 0x04, 0x96, 0xB0, 0x2F, 0x85, 0x85, 0xF7, 0xA7, 0xF6, 0x95,
    0xB6, 0xDC, 0x8A, 0x63, 0x58, 0x80, 0x36, 0xC0, 0x72, 0x4C, 0x74, 0x8D, 0xE8, 0x09, 0x45, 0x8A,
    0x6E, 0xC2, 0x0C, 0xC7, 0x34, 0x01, 0x82, 0x19, 0xBB, 0xBE, 0x88, 0xF8, 0x29, 0x82, 0x86, 0x0D,
    0x28, 0xE9, 0x7A, 0x4A, 0x93, 0x63, 0x4A, 0x81, 0xF7, 0x40, 0x18, 0x59, 0x66, 0xB4, 0xCD, 0x44,
    0x47, 0xB0, 0x7E, 0x0D, 0x07, 0x31, 0x01, 0xDE, 0xA2, 0x12, 0x55, 0x58, 0xE2, 0x8D, 0xE0, 0xE2,
    0x77, 0x0C, 0x2B, 0x4A, 0x86, 0x32, 0x2D, 0xE0, 0x64, 0xA6, 0x93, 0xFF, 0xA5, 0x9A, 0x1B, 0x9C,
    0x79, 0x1E, 0xB7, 0xB6, 0x84, 0xB0, 0x15, 0x3C, 0xCE, 0x44, 0xB6, 0x34, 0x89, 0x7D, 0x56, 0x65,
    0xF6, 0x79, 0x99, 0xD9, 0x87, 0x85, 0x87, 0x0F, 0xA1, 0xE3, 0x58, 0x25, 0x56, 0xD2, 0xDA, 0x0C,
    0xBA, 0xED, 0x41, 0xB7, 0xDD, 0x1D, 0x20, 0x80, 0xE4, 0x23, 0xC0, 0x10, 0x41, 0x6B, 0x10, 0xB4,
    0xC6, 0x50, 0x50, 0x19, 0x12, 0xAF, 0x0C, 0x85, 0xCF, 0x2A, 0x0A, 0x9F, 0x97, 0x14, 0x3D, 0x2C,
    0x10, 0x3C, 0xB9, 0x9E, 0xA8, 0x3E, 0x05, 0x8E, 0xAB, 0xB0, 0xCA, 0xCA, 0x9C, 0x25, 0x1D, 0x47,
    0xCD, 0xC6, 0xD0, 0xF1, 0x5D, 0x89, 0x32, 0x3F, 0x9E, 0x4C, 0x03, 0x28, 0x99, 0x1D, 0xA0, 0xEC,
    0x06, 0xE5, 0x9E, 0x28, 0x87, 0x61, 0x31, 0x4A, 0x74, 0x36, 0xA3, 0xE4, 0x1B, 0x12, 0xFA, 0x76,
    0x58, 0x0C, 0x83, 0x6A, 0x40, 0xA6, 0x47, 0x4D, 0x1A, 0x18, 0x38, 0x43, 0x2D, 0x77, 0x4B, 0xF8,
    0xC0, 0xF6, 0x1A, 0x54, 0x0C, 0x3F, 0x85, 0xC9, 0xA0, 0xA4, 0xD7, 0x6C, 0x0D, 0xC9, 0xF1, 0xB0,
    0xC9, 0xFA, 0xBF, 0x16, 0xC1, 0x2B, 0x6E, 0x72, 0xC6, 0x70, 0x56, 0x72, 0x71, 0xC2, 0xF7, 0xBD,
    0x41, 0xDC, 0xBA, 0x5E, 0x08, 0x5B, 0x8D, 0x36, 0x99, 0xF5, 0x9B, 0x15, 0xEE, 0xFF, 0x0D, 0x91,
    0x11, 0x20, 0x34, 0x7A, 0xCE, 0x70, 0x21, 0x12, 0x14, 0x30, 0x77, 0x18, 0xF3, 0x80, 0x77, 0x60,
    0xF1, 0x26, 0x5B, 0xF5, 0x5A, 0xCC, 0x98, 0xD9, 0x05, 0x9C, 0x1E, 0x5D, 0x80, 0xF2, 0x7D, 0x0E,
    0x3B, 0x98, 0x2B, 0x01, 0x91, 0xEE, 0x95, 0x8F, 0x99, 0xE2, 0x13, 0x12, 0x25, 0x72, 0x57, 0xAC,
    0x53, 0x0D, 0x33, 0x8E, 0x98, 0x13, 0xCE, 0x4E, 0x13, 0x85, 0x95, 0xA1, 0x06, 0x6F, 0xA1, 0x02,
    0x6F, 0x13, 0xE6, 0x25, 0x66, 0xDE, 0x62, 0xF0, 0x1C, 0x35, 0x97, 0xE0, 0x19, 0xCE, 0x17, 0xD6,
    0xFC, 0xE7, 0x76, 0xB5, 0xAF, 0x98, 0x89, 0xD3, 0x3D, 0x8E, 0x5E, 0x24, 0xB5, 0xBE, 0xB3, 0x3C,
    0x78, 0x79, 0x2A, 0xE0, 0xDB, 0x2A, 0x46, 0x7A, 0xA5, 0x35, 0xF2, 0xF9, 0x2E, 0x82, 0x14, 0x01,
    0x13, 0xFD, 0xD8, 0xEF, 0x94, 0xB8, 0x66, 0x71, 0xFA, 0x80, 0xCF, 0x00, 0x6F, 0x80, 0x1E, 0x16,
    0x46, 0x34, 0x3A, 0x75, 0x6C, 0x01, 0xBA, 0x00, 0x76, 0x43, 0x6B, 0x6B, 0x84, 0x40, 0x0D, 0x26,
    0x6A, 0xD0, 0xAB, 0xE1, 0x2A, 0x0D, 0x34, 0xD4, 0xF4, 0xBC, 0x8F, 0x6D, 0x50, 0x9B, 0x49, 0x89,
    0xC9, 0xB1, 0x08, 0xB0, 0xEB, 0x9C, 0x3F, 0xA6, 0xE2, 0xC8, 0x38, 0x3A, 0x8E, 0x10, 0x53, 0x72,
    0xA4, 0x1C, 0x2D, 0xAF, 0x7B, 0xA6, 0xE6, 0xC8, 0x39, 0x7A, 0x4C, 0x90, 0x83, 0xAE, 0x66, 0xB9,
    0x6B, 0x96, 0xB1, 0xE6, 0xD8, 0x6F, 0x38, 0x34, 0x1B, 0x6A, 0xC9, 0xD2, 0x6D, 0x2F, 0x4F, 0x8C,
    0x30, 0xEA, 0xC0, 0x73, 0xAF, 0x6C, 0xAC, 0x56, 0xAE, 0xE4, 0x01, 0x84, 0xC8, 0x39, 0xFD, 0xDC,
    0x3E, 0x3C, 0x95, 0x83, 0x7F, 0x3E, 0x91, 0xB6, 0x38, 0xD1, 0x21, 0xDB, 0x12, 0xED, 0xF0, 0x7F,
    0xBF, 0x04, 0xC9, 0x18, 0x98, 0xDF, 0x7B, 0x9F, 0x68, 0x7B, 0xDB, 0x7F, 0x4B, 0x6C, 0x4E, 0x5B,
    0xED, 0x7D, 0x5F, 0x51, 0x70, 0x46, 0x7B, 0x9D, 0x77, 0x6A, 0xAF, 0x5E, 0x68, 0x4F, 0xA2, 0x7C,
    0x20, 0xC3, 0x42, 0x94, 0x3F, 0xB3, 0x7B, 0xFF, 0x1B, 0x1F, 0xE2, 0x2B, 0xE8, 0x32, 0xFC, 0x82,
    0x73, 0xF9, 0x2D, 0x16, 0x96, 0x43, 0xA1, 0x9B, 0xC2, 0x7A, 0x7B, 0x19, 0x36, 0x20, 0x01, 0xA0,
    0x7C, 0xE1, 0x2A, 0xE4, 0x8F, 0x58, 0x37, 0x6D, 0x4C, 0x74, 0x38, 0xE7, 0x76, 0x05, 0xA2, 0x60,
    0x1C, 0x72, 0x7C, 0x09, 0x7B, 0x80, 0xB2, 0x5A, 0xD3, 0xA1, 0x7A, 0xC2, 0x15, 0x8B, 0xBD, 0x7A,
    0xDE, 0x3D, 0x9C, 0x4D, 0xDC, 0x73, 0xB8, 0x77, 0xD2, 0x45, 0x6C, 0x83, 0xAF, 0xA9, 0xEF, 0x22,
    0xEE, 0xB6, 0x19, 0xB2, 0xEB, 0x3D, 0x28, 0x36, 0x4B, 0x2E, 0x45, 0x4F, 0xC9, 0x63, 0x5C, 0xF3,
    0xEA, 0x9F, 0x58, 0x96, 0xD6, 0xB0, 0x62, 0x4F, 0x2A, 0x40, 0x5B, 0x05, 0x5C, 0x47, 0x61, 0x67,
    0xC0, 0x7B, 0xCC, 0x65, 0xD9, 0xED, 0x4A, 0x97, 0x3A, 0x99, 0x01, 0x2D, 0x55, 0x7D, 0x12, 0xCA,
    0xF7, 0x1F, 0x29, 0xBE, 0xF9, 0xFA, 0xF1, 0x8A, 0xF1, 0xAF, 0x73, 0xBD, 0x07, 0xC0, 0x6B, 0xC3,
    0x2F, 0x4B, 0x12, 0xA4, 0x57, 0x8A, 0x3F, 0x7A, 0x50, 0x91, 0x7C, 0x61, 0x28, 0xFE, 0xA0, 0x3C,
    0x71, 0xCD, 0x55, 0xE1, 0x0E, 0xB4, 0xDF, 0xE8, 0xF4, 0xCF, 0x16, 0xFB, 0xF5, 0x1C, 0x3F, 0x17,
    0xB0, 0xF2, 0x14, 0x52, 0x87, 0x98, 0x5B, 0xB8, 0xB6, 0x2F, 0x38, 0xCF, 0xF8, 0x6D, 0x97, 0x38,
    0xDF, 0x0E, 0xCE, 0xDA, 0x3C, 0x98, 0x83, 0x06, 0x1B, 0xBE, 0x5C, 0x31, 0xFE, 0xAB, 0x9E, 0x6F,
    0x54, 0x3B, 0x8A, 0x1F, 0x69, 0x5A, 0x13, 0x6A, 0xA5, 0xF8, 0xCF, 0xD7, 0xFD, 0x6A, 0x70, 0xA7,
    0x6F, 0x39, 0x56, 0x15, 0xBA, 0xAF, 0x02, 0x51, 0x56, 0x51, 0x83, 0xFE, 0xAF, 0x0E, 0xDA, 0xD6,
    0x23, 0x30, 0x99, 0x65, 0x10, 0x26, 0x44, 0x91, 0x47, 0xA1, 0x2F, 0x7D, 0xF3, 0x98, 0x28, 0x49,
    0xFB, 0x94, 0xAC, 0x4D, 0xD1, 0xFA, 0x54, 0x94, 0x72, 0xEE, 0x0F, 0x9A, 0x6D, 0xB4, 0x37, 0x0D,
    0x45, 0xF1, 0xA2, 0x42, 0x8D, 0x41, 0xFD, 0x98, 0x76, 0x68, 0x46, 0x5D, 0xA8, 0xA6, 0x2B, 0x5E,
    0xD3, 0x5E, 0xF8, 0x95, 0x1A, 0x86, 0x2F, 0xB5, 0x89, 0x5E, 0x14, 0x26, 0x7E, 0xF8, 0xCC, 0xC8,
    0x0F, 0x8E, 0x2A, 0x19, 0x7C, 0x5D, 0x26, 0xF4, 0x5D, 0xD1, 0x41, 0xAA, 0xE8, 0xD1, 0xDF, 0x35,
    0x5A, 0x3B, 0x94, 0xCF, 0x1C, 0x73, 0x43, 0x86, 0xB9, 0x81, 0x3D, 0x46, 0xB7, 0xB5, 0xA5, 0x69,
    0x85, 0x69, 0xFD, 0x23, 0x3A, 0xF6, 0xBC, 0x37, 0x12, 0xDC, 0x81, 0x37, 0x7C, 0x4A, 0x25, 0xAA,
    0x04, 0x4A, 0xE9, 0x03, 0x50, 0x3A, 0xCB, 0x01, 0x12, 0x20, 0xDA, 0x3E, 0x80, 0x54, 0x23, 0x28,
    0x64, 0x0C, 0x7C, 0x3C, 0x95, 0x64, 0x10, 0x33, 0x41, 0x8A, 0x62, 0x14, 0xDE, 0x3F, 0x38, 0x36,
    0xB3, 0x36, 0x36, 0x0F, 0x56, 0x8C, 0x7F, 0x7D, 0xE1, 0x1F, 0xD1, 0xCB, 0x82, 0xD6, 0x02, 0xBD,
    0x52, 0xFC, 0xD1, 0x37, 0x8F, 0x11, 0x68, 0x15, 0xBD, 0x97, 0xE8, 0xC5, 0xB4, 0xB0, 0x2A, 0xDC,
    0xF7, 0xBD, 0xEF, 0x45, 0x0F, 0xCA, 0x55, 0xE3, 0x16, 0x2A, 0x44, 0x0E, 0x4F, 0x94, 0x30, 0xC8,
    0xB9, 0x96, 0xA7, 0x26, 0xCD, 0x3D, 0x14, 0x85, 0xFF, 0x2D, 0x28, 0x79, 0x6E, 0xB0, 0x03, 0xE3,
    0x08, 0x5D, 0x27, 0x17, 0x60, 0x62, 0xD6, 0x75, 0xB9, 0x7F, 0x1F, 0x8E, 0x50, 0x87, 0x06, 0x14,
    0xEB, 0xA8, 0xE8, 0xA0, 0xFA, 0x0C, 0x6A, 0xF9, 0x7B, 0x53, 0x63, 0x8A, 0x30, 0x1D, 0x79, 0xDF,
    0xF4, 0x3B, 0xA2, 0xEA, 0x0D, 0xC2, 0xA2, 0x6F, 0xE2, 0x22, 0x2B, 0xA5, 0x4A, 0x75, 0x9F, 0x92,
    0xFB, 0x3C, 0x05, 0x1A, 0xFA, 0x0C, 0x2C, 0x3B, 0x6C, 0x21, 0xA7, 0x83, 0xC2, 0xE7, 0x1C, 0xE7,
    0x53, 0xEF, 0x3B, 0xB1, 0xD8, 0xFB, 0x11, 0x4A, 0xC0, 0x1B, 0x60, 0x37, 0xDA, 0x71, 0xCD, 0x72,
    0x85, 0xF0, 0xCD, 0xA8, 0x48, 0x21, 0x0B, 0x66, 0x42, 0xDD, 0x83, 0x3C, 0x3C, 0x4C, 0x0C, 0x90,
    0xCD, 0x58, 0xA6, 0x71, 0x3B, 0xE5, 0xF6, 0x51, 0x90, 0x52, 0xC4, 0x53, 0x34, 0xA3, 0x73, 0x72,
    0xFD, 0xED, 0x15, 0xE3, 0x3F, 0x3F, 0xDF, 0xAC, 0x0C, 0xFF, 0x39, 0xF9, 0x66, 0xE5, 0xBC, 0x8B,
    0xC6, 0x37, 0x20, 0xC2, 0xE3, 0x1F, 0x81, 0xC2, 0x00, 0x78, 0x06, 0xC0, 0xD1, 0x73, 0x67, 0x07,
    0x63, 0x57, 0xFE, 0x25, 0x88, 0xCA, 0x5B, 0x18, 0xF2, 0x3E, 0x05, 0x5B, 0x53, 0x9F, 0x06, 0x4E,
    0xD5, 0x98, 0x33, 0x29, 0xEF, 0x64, 0x02, 0xE2, 0x3C, 0x87, 0xDA, 0x83, 0x24, 0xC7, 0x1C, 0xF3,
    0x08, 0x65, 0x78, 0x5A, 0x0F, 0xC1, 0x3B, 0x0F, 0x2C, 0x3E, 0x8F, 0xE5, 0x8A, 0xEB, 0x53, 0x82,
    0xB6, 0x62, 0x9E, 0x26, 0xE7, 0xB5, 0x89, 0x95, 0xCB, 0x46, 0xE4, 0x14, 0x99, 0xEC, 0x82, 0x68,
    0xDF, 0xF7, 0x22, 0xF8, 0x18, 0x33, 0xED, 0x86, 0x43, 0xAD, 0xDE, 0xE7, 0xC2, 0xC7, 0x67, 0x0D,
    0xDF, 0x72, 0x77, 0xF2, 0x35, 0xF3, 0x75, 0xD4, 0xF0, 0x78, 0x38, 0x61, 0xEE, 0x12, 0x0C, 0xEC,
    0x05, 0x9A, 0x14, 0xE8, 0x0A, 0x1F, 0x50, 0x16, 0x25, 0x57, 0x70, 0x2F, 0xCD, 0xF8, 0x50, 0x20,
    0x6D, 0x3C, 0x31, 0x3F, 0xBB, 0xB3, 0x13, 0xE6, 0x9C, 0xE1, 0x72, 0xBD, 0xEC, 0x3F, 0x4C, 0xCE,
    0x49, 0x73, 0x63, 0xD1, 0x0F, 0xFE, 0x76, 0xC6, 0x42, 0xE9, 0xA8, 0x46, 0x1A, 0xD6, 0x12, 0x29,
    0x12, 0x93, 0x33, 0x14, 0x36, 0x02, 0xB6, 0x06, 0xFF, 0xD5, 0x58, 0xDF, 0xE0, 0xFD, 0x34, 0x6A,
    0xDC, 0xD1, 0x47, 0xFC, 0x76, 0xEF, 0xC7, 0x0B, 0xE0, 0x85, 0xF1, 0x71, 0x18, 0xB1, 0x35, 0x66,
    0xDC, 0xD0, 0x29, 0x5A, 0x17, 0x97, 0xC3, 0x17, 0x57, 0xA5, 0xF3, 0x90, 0xED, 0xF4, 0x54, 0xEB,
    0x7B, 0x31, 0x5C, 0x70, 0x5A, 0xF9, 0x02, 0x0E, 0xBC, 0x5B, 0x5C, 0x1A, 0x97, 0x93, 0xF1, 0x13,
    0x40, 0xE8, 0xBF, 0x5D, 0x30, 0x5F, 0x1C, 0x9F, 0x98, 0x46, 0x55, 0x64, 0xD3, 0xE6, 0x57, 0xB2,
    0x19, 0x53, 0x54, 0x8D, 0xE0, 0x23, 0x75, 0x30, 0x79, 0x69, 0x62, 0x38, 0x69, 0x7A, 0xEB, 0x2D,
    0x6A, 0xB0, 0xA2, 0x11, 0x46, 0xCA, 0x71, 0xFE, 0x4A, 0xE5, 0xDF, 0x59, 0x24, 0xAF, 0x43, 0xA6,
    0xA3, 0x02, 0xD0, 0x89, 0xEB, 0x88, 0xD8, 0xE7, 0xFA, 0x4B, 0x75, 0xBC, 0x69, 0x81, 0xB9, 0xDA,
    0x57, 0x37, 0xA0, 0xC2, 0x06, 0x3D, 0x72, 0x45, 0xF3, 0x86, 0xCC, 0x35, 0xE3, 0x70, 0xCF, 0xA4,
    0x3C, 0xCF, 0xA7, 0xB6, 0x17, 0xB2, 0xA4, 0xBC, 0x8F, 0xCF, 0x43, 0x12, 0x2E, 0xED, 0x08, 0xE4,
    0x44, 0x0D, 0x82, 0x09, 0x9A, 0x84, 0x86, 0xEC, 0x7F, 0x14, 0xCD, 0x4F, 0x87, 0xF6, 0xD5, 0x9F,
    0x1C, 0x8D, 0x35, 0x7B, 0xD0, 0xCE, 0x7E, 0xA9, 0x9F, 0xFC, 0x38, 0x2A, 0x17, 0x73, 0xDF, 0x05,
    0xF1, 0x5D, 0xF7, 0x77, 0xB9, 0x32, 0x24, 0x08, 0xE5, 0xF5, 0xB5, 0xCB, 0xE1, 0x63, 0xFB, 0x27,
    0x8F, 0xE0, 0x0B, 0xE1, 0x69, 0x3F, 0xB8, 0x08, 0xAE, 0xDB, 0xEE, 0x1E, 0xB2, 0x56, 0xA2, 0x5C,
    0xF1, 0xE0, 0x57, 0x76, 0x4C, 0xD9, 0x74, 0xE9, 0xB0, 0xCE, 0xB0, 0xCA, 0xD1, 0x02, 0x87, 0xEE,
    0x0F, 0x5A, 0xE6, 0x03, 0xB9, 0xBC, 0xE0, 0x66, 0x02, 0x17, 0x48, 0x75, 0xD9, 0x42, 0xE5, 0x3F,
    0x75, 0xEF, 0x9A, 0xA3, 0x98, 0x17, 0xE2, 0x5F, 0x55, 0xA0, 0x0F, 0xFE, 0xAF, 0xBD, 0x41, 0x35,
    0x0A, 0xCD, 0x54, 0x94, 0xC3, 0x13, 0xC1, 0x7F, 0x2A, 0xD1, 0x80, 0xB3, 0xF2, 0xF7, 0x4F, 0x70,
    0x89, 0x99, 0x11, 0x49, 0x70, 0xF3, 0x4E, 0xDB, 0x4A, 0xC2, 0x3B, 0xEF, 0xFC, 0x53, 0x85, 0xD6,
    0x2A, 0x59, 0xA6, 0x2A, 0x75, 0x99, 0x5A, 0x02, 0x1F, 0x57, 0xF7, 0xD4, 0x65, 0xFB, 0xB1, 0xCB,
    0xF7, 0x0D, 0xF5, 0xA3, 0xE5, 0x0E, 0xA2, 0x7A, 0x8C, 0x8B, 0x8A, 0xAE, 0xA6, 0xFA, 0x94, 0x21,
    0xEE, 0xB8, 0xEC, 0xAC, 0x51, 0x4B, 0xB8, 0x8B, 0x28, 0xF8, 0x88, 0x0B, 0x99, 0xB9, 0x88, 0xDD,
    0x19, 0x72, 0xAC, 0xA5, 0xE2, 0x73, 0x64, 0x09, 0xCC, 0x09, 0x9C, 0xBE, 0x03, 0xEC, 0xBD, 0x1F,
    0xAD, 0xDC, 0xDE, 0xB0, 0x35, 0x58, 0x9E, 0xF1, 0xA1, 0x1E, 0xCC, 0x2A, 0x75, 0xE6, 0x2B, 0x92,
    0xE6, 0x8A, 0x32, 0x6E, 0x3B, 0x90, 0x31, 0xDE, 0xFB, 0xA8, 0x46, 0x19, 0x24, 0x8D, 0x5D, 0x35,
    0x7A, 0x97, 0x13, 0x5F, 0x04, 0xDF, 0xBB, 0x9C, 0xF8, 0x02, 0xF8, 0x92, 0x57, 0xDA, 0x4D, 0xD2,
    0xBF, 0xDB, 0x3F, 0x7D, 0x16, 0x7C, 0x21, 0x5C, 0x91, 0x76, 0x07, 0x0C, 0x5B, 0xB1, 0xBE, 0x34,
    0x2E, 0x3E, 0x83, 0x63, 0x3B, 0x38, 0x58, 0xE4, 0x6C, 0x3E, 0x04, 0xCD, 0xAD, 0x5D, 0xDC, 0xE8,
    0xB6, 0x27, 0x43, 0xC7, 0x6D, 0xC6, 0x72, 0x0A, 0x17, 0xF6, 0x8F, 0xE0, 0x86, 0x07, 0xBF, 0x43,
    0x1E, 0xE3, 0x1B, 0x64, 0xC8, 0xD0, 0x24, 0xE8, 0x00, 0xCA, 0x11, 0xE6, 0x87, 0xE7, 0x55, 0x4D,
    0xF1, 0x27, 0xF7, 0x11, 0x32, 0x9F, 0xC2, 0xCA, 0x71, 0x8D, 0x9C, 0x15, 0x81, 0x35, 0x37, 0x49,
    0xD2, 0x4E, 0x5E, 0xCD, 0x8B, 0xE1, 0xDC, 0x72, 0x72, 0x9E, 0xD3, 0x0E, 0x96, 0x0E, 0xC6, 0xB8,
    0xB8, 0x43, 0x18, 0x62, 0x17, 0x4A, 0xE0, 0x3C, 0x29, 0xF5, 0x5C, 0x03, 0xDA, 0x05, 0x0C, 0x9C,
    0x38, 0x03, 0x98, 0x69, 0x7F, 0x9E, 0x9B, 0x9B, 0x41, 0xDB, 0xA4, 0xF3, 0x41, 0xC4, 0xD4, 0x9F,
    0x2C, 0x84, 0x74, 0x49, 0x7C, 0x07, 0x9E, 0x2F, 0x3E, 0x61, 0xE8, 0xEF, 0x80, 0xEB, 0xF5, 0xCB,
    0xE1, 0xEB, 0xC2, 0x9D, 0xEE, 0x41, 0x0F, 0xDD, 0xE4, 0x94, 0xF5, 0x2E, 0xC6, 0x9B, 0xF3, 0x53,
    0x37, 0x6E, 0xF3, 0x4F, 0x30, 0x9C, 0x64, 0x4E, 0x86, 0xAA, 0xF6, 0xC5, 0xCD, 0x1C, 0xD0, 0x24,
    0x5C, 0x71, 0xFA, 0xE4, 0xE2, 0xCF, 0x05, 0x39, 0xEE, 0x60, 0x9B, 0xE4, 0xF2, 0x22, 0x77, 0xF9,
    0x00, 0xE6, 0x11, 0x77, 0x60, 0x7C, 0xB2, 0x13, 0xBD, 0xE6, 0x3E, 0x91, 0x2D, 0xCD, 0xBD, 0x9D,
    0xB7, 0x09, 0xB7, 0x68, 0xBF, 0x71, 0xBF, 0xB4, 0x70, 0x8D, 0xCA, 0x5D, 0xDB, 0xE1, 0x7C, 0xA7,
    0x6D, 0xD9, 0xCE, 0x1E, 0x0B, 0xEC, 0xA3, 0xFD, 0xE7, 0xD1, 0x74, 0x26, 0xF8, 0x00, 0xBC, 0x01,
    0x15, 0x07, 0xC8, 0x52, 0x75, 0x58, 0x06, 0xED, 0x14, 0xCA, 0x87, 0xDF, 0x13, 0xF7, 0x9B, 0x90,
    0xB4, 0xFA, 0xDC, 0x21, 0x17, 0xC9, 0xAD, 0xCB, 0xF2, 0xF1, 0x59, 0x8E, 0xD9, 0x3B, 0xFB, 0x43,
    0xCA, 0xCF, 0x27, 0xDB, 0xFF, 0x00, 0xBD, 0x5A, 0xBF, 0x73, 0x1B, 0xC7, 0x15, 0x7E, 0xB8, 0x9B,
    0xE1, 0x49, 0xB9, 0xB1, 0x36, 0x45, 0x0A, 0xCD, 0x48, 0xF6, 0xB1, 0x60, 0x91, 0xCC, 0x98, 0xBC,
    0x14, 0x29, 0x3C, 0x13, 0x00, 0x77, 0x13, 0x15, 0x2E, 0x5C, 0xF8, 0x5F, 0x50, 0x91, 0x22, 0x33,
    0x29, 0xE2, 0xC2, 0x05, 0x27, 0x73, 0x22, 0x2E, 0x71, 0xE1, 0xC2, 0x85, 0xF9, 0x1F, 0x58, 0xFF,
    0x40, 0x12, 0x15, 0x2A, 0x90, 0x31, 0x44, 0x9C, 0xA3, 0xC2, 0x45, 0x8A, 0xC0, 0x52, 0x91, 0xC2,
    0xCD, 0xD9, 0x4E, 0xAF, 0x73, 0x7C, 0x19, 0x83, 0x31, 0xC8, 0xCB, 0xF7, 0xBD, 0x5D, 0x10, 0x00,
    0x05, 0x50, 0x32, 0x79, 0x8E, 0xA4, 0x5B, 0x8E, 0xC0, 0xBD, 0xB7, 0xDF, 0x7B, 0xFB, 0xF6, 0x7B,
    0x3F, 0x16, 0x22, 0x49, 0x93, 0x0A, 0x06, 0x79, 0xEE, 0x8F, 0x99, 0x60, 0x88, 0x4A, 0x0C, 0x7D,
    0x0E, 0x7F, 0xE5, 0xF0, 0x75, 0x25, 0xE2, 0x7F, 0x86, 0x21, 0x28, 0x30, 0x18, 0xC1, 0xF0, 0x1A,
    0x87, 0x2E, 0x87, 0xA1, 0xD4, 0x22, 0x4D, 0x53, 0x8B, 0xC7, 0xC1, 0x2F, 0xF0, 0xDF, 0x30, 0xC7,
    0x60, 0x44, 0xA6, 0xB2, 0xC7, 0xA1, 0xC7, 0x41, 0x4C, 0x33, 0xC1, 0x53, 0x3C, 0xB7, 0xE0, 0xAD,
    0x53, 0xBE, 0x9E, 0x07, 0xB5, 0x49, 0xA3, 0xDC, 0x48, 0x22, 0xB1, 0x64, 0xD2, 0x87, 0xD8, 0x1E,
    0xDE, 0xCA, 0x20, 0x68, 0x84, 0x9F, 0x53, 0x79, 0x14, 0x4C, 0x81, 0x77, 0x2A, 0xE1, 0xF1, 0x3E,
    0x5E, 0x7A, 0xD5, 0xCF, 0x45, 0x6E, 0x18, 0xE2, 0xC5, 0xEB, 0xE2, 0x4F, 0xFF, 0x3F, 0x3A, 0x04,
    0x69, 0x29, 0xFE, 0x7B, 0x85, 0xF8, 0x0D, 0x96, 0x3F, 0x6D, 0x41, 0x0F, 0x22, 0x25, 0x50, 0xE2,
    0x24, 0x4C, 0xA0, 0x24, 0x48, 0x62, 0x24, 0x44, 0x22, 0x24, 0x40, 0xE2, 0x03, 0x32, 0xA2, 0x23,
    0x38, 0x62, 0x23, 0x34, 0x22, 0xB3, 0xC0, 0x3A, 0x78, 0x37, 0xC8, 0xA9, 0x17, 0x1E, 0x28, 0x14,
    0x96, 0x72, 0x0B, 0x3B, 0xBC, 0x16, 0x4F, 0xD7, 0xE1, 0x19, 0xAE, 0xE2, 0x99, 0x66, 0x4B, 0x62,
    0x52, 0x2B, 0x26, 0xC0, 0x23, 0x1D, 0x7C, 0x10, 0x00, 0x67, 0x8C, 0x9F, 0x8F, 0xF0, 0xFF, 0x6D,
    0xAB, 0xAF, 0xD7, 0x1C, 0x4A, 0x04, 0x6B, 0x1D, 0xA5, 0x77, 0xBD, 0xDA, 0xCE, 0x30, 0x98, 0x11,
    0xE1, 0x57, 0xC0, 0x45, 0x83, 0x61, 0x25, 0xC1, 0x4A, 0x8B, 0xE7, 0x1E, 0x77, 0x44, 0x28, 0xE9,
    0x26, 0x5C, 0x61, 0x26, 0x9D, 0xE6, 0x3E, 0x05, 0x89, 0x7D, 0x73, 0x80, 0xA5, 0xB8, 0x8F, 0x93,
    0x65, 0x9B, 0xA6, 0x1D, 0xE8, 0x10, 0xD6, 0x81, 0x44, 0xB9, 0x7D, 0x97, 0x72, 0x86, 0xA2, 0x4A,
    0xEB, 0x33, 0xC3, 0x73, 0x90, 0xEE, 0x48, 0x0C, 0x1D, 0xB6, 0x1A, 0xEE, 0xF4, 0x16, 0x37, 0x1F,
    0x0A, 0x0C, 0x0A, 0xF1, 0xBE, 0x28, 0x01, 0xFF, 0xB0, 0x5D, 0xBC, 0xDB, 0x76, 0x55, 0x1F, 0xFB,
    0x6D, 0xDE, 0x4E, 0xE5, 0x9A, 0x77, 0x45, 0xBC, 0x5C, 0x3D, 0xC1, 0xB3, 0xBB, 0x90, 0xD3, 0x1A,
    0xD6, 0xCC, 0xAD, 0x38, 0x3C, 0xEF, 0xAB, 0x97, 0xC0, 0x59, 0x40, 0xF1, 0x7F, 0xC3, 0x21, 0xC6,
    0x85, 0xC5, 0x7B, 0xAD, 0x5D, 0xAC, 0x5B, 0xF0, 0xB3, 0xE0, 0xEF, 0x85, 0xDA, 0x55, 0x11, 0xDC,
    0xBD, 0x1A, 0x5E, 0x2F, 0xCD, 0xC5, 0xFF, 0xE7, 0x04, 0xC2, 0xE1, 0x0B, 0xA3, 0x85, 0xDF, 0x8E,
    0xA7, 0x3C, 0xA7, 0x69, 0xA7, 0x8A, 0x0A, 0xAF, 0xF2, 0x4B, 0xBF, 0xC4, 0x38, 0xE9, 0x54, 0x41,
    0xD1, 0xA9, 0x42, 0x3C, 0x26, 0xC7, 0x93, 0x7A, 0x95, 0x11, 0xBF, 0x8C, 0x70, 0x10, 0xF7, 0xC4,
    0x14, 0x3D, 0x9C, 0x9D, 0xAE, 0x1C, 0x49, 0x86, 0xB3, 0x32, 0x06, 0x8D, 0x8D, 0x8F, 0x55, 0xF1,
    0x2F, 0xB1, 0x8A, 0xFF, 0x14, 0xD6, 0xF0, 0x1F, 0x63, 0x08, 0x3E, 0xC5, 0x3A, 0xE1, 0x07, 0x74,
    0xE6, 0xB7, 0xC5, 0x9E, 0xC4, 0x5B, 0xE4, 0xD7, 0x06, 0xFA, 0x04, 0x35, 0x36, 0xD7, 0x14, 0xB0,
    0x03, 0x0F, 0x21, 0x6C, 0x32, 0x14, 0x3D, 0x82, 0x18, 0x60, 0xD0, 0x51, 0x87, 0x83, 0x87, 0xE1,
    0x5E, 0x58, 0x91, 0x95, 0x79, 0x80, 0x6B, 0x1E, 0xBD, 0xF8, 0x58, 0x94, 0xA9, 0x33, 0x53, 0xC8,
    0xC8, 0x2F, 0x65, 0x8A, 0x49, 0x35, 0x66, 0x57, 0x1D, 0xFD, 0x9B, 0x34, 0x7C, 0x80, 0xBF, 0xF0,
    0xCB, 0xA0, 0xF0, 0x27, 0x61, 0x1E, 0x16, 0x38, 0xED, 0xA9, 0x91, 0x03, 0x89, 0xB6, 0x66, 0xB0,
    0x45, 0x29, 0xF1, 0x89, 0x6A, 0xFD, 0x00, 0x87, 0x0B, 0x12, 0xF1, 0x7E, 0x08, 0x40, 0xA6, 0xC1,
    0xA7, 0x3E, 0x41, 0x17, 0x00, 0x99, 0xD3, 0x1E, 0xE0, 0x09, 0x20, 0x8C, 0x00, 0xB0, 0x0F, 0x7C,
    0x5D, 0x20, 0xCB, 0x60, 0xB5, 0x21, 0x9E, 0x5A, 0x9F, 0x83, 0xA0, 0x06, 0x14, 0xF0, 0xE2, 0x14,
    0xD8, 0x83, 0x86, 0x72, 0xCA, 0x15, 0x9F, 0x1A, 0x37, 0xE4, 0xA8, 0x8A, 0x0A, 0xE9, 0x4A, 0x34,
    0x0E, 0x9F, 0x89, 0xAE, 0x72, 0xB6, 0x2C, 0xA9, 0x85, 0xBE, 0x11, 0x3B, 0x1F, 0xE8, 0xB9, 0xBD,
    0x1C, 0xC3, 0x0F, 0x1A, 0x3C, 0xF0, 0xA5, 0x02, 0xC0, 0xF3, 0xE7, 0xE2, 0x44, 0x3C, 0x25, 0x3B,
    0x83, 0xD9, 0x22, 0x6A, 0x98, 0xF7, 0x70, 0xC6, 0xB3, 0xCE, 0x18, 0xEF, 0x4D, 0xA5, 0xF9, 0x6F,
    0x4A, 0x63, 0xAA, 0x1F, 0x1C, 0xA4, 0xBF, 0x76, 0x3E, 0x70, 0x48, 0x15, 0x1F, 0x88, 0xF7, 0x49,
    0x05, 0x1F, 0x00, 0x82, 0x71, 0xDA, 0x3A, 0x56, 0xE3, 0x15, 0x12, 0xE2, 0x8D, 0x00, 0x1B, 0xED,
    0x9D, 0x5C, 0x1D, 0xAF, 0xAE, 0x70, 0xE0, 0x4E, 0x4C, 0xCB, 0x58, 0xB9, 0xA2, 0xF2, 0x6B, 0x75,
    0x75, 0x9C, 0x6D, 0x61, 0x5A, 0x13, 0xB6, 0xBE, 0x3F, 0x1E, 0xBE, 0x97, 0x33, 0x9A, 0xDB, 0x05,
    0x12, 0x00, 0x88, 0x0A, 0x86, 0xAD, 0xBB, 0xD2, 0x21, 0x5F, 0x35, 0x8E, 0x31, 0x6E, 0xB6, 0x6B,
    0xCF, 0x2D, 0x2F, 0x95, 0xF0, 0x23, 0x70, 0x0C, 0xF6, 0xBD, 0x43, 0x54, 0x87, 0x57, 0xDC, 0xFB,
    0x6B, 0x2E, 0x0E, 0x00, 0xAF, 0xFF, 0x74, 0x82, 0xB0, 0x98, 0x3B, 0x7E, 0xCD, 0x31, 0xA9, 0x92,
    0xD3, 0xCE, 0xA1, 0x4F, 0x55, 0x0B, 0x1B, 0x9E, 0xE3, 0x15, 0x6E, 0x35, 0xE9, 0x08, 0x68, 0x47,
    0xF8, 0x74, 0x04, 0xB4, 0x23, 0xFC, 0xE6, 0x1E, 0x7E, 0x93, 0xE0, 0x53, 0xD3, 0x4C, 0x95, 0xA2,
    0x01, 0x32, 0xB5, 0x6F, 0xC7, 0x4C, 0x78, 0x70, 0x88, 0x0F, 0x77, 0x96, 0x9C, 0x0C, 0x09, 0x00,
    0x94, 0x4A, 0x0E, 0x47, 0x20, 0x52, 0x65, 0x19, 0xCB, 0x89, 0x9E, 0xF2, 0x0A, 0x9E, 0x22, 0x28,
    0xE3, 0xC2, 0x07, 0x07, 0xCB, 0xF8, 0xC3, 0xD4, 0x6E, 0x98, 0x65, 0xF7, 0x9F, 0x76, 0x98, 0x3F,
    0x94, 0xA4, 0xE8, 0xCD, 0xE7, 0xAD, 0x35, 0x1D, 0xDE, 0x79, 0x55, 0xE4, 0x5D, 0x4C, 0x4F, 0x60,
    0xC2, 0x68, 0xB2, 0xEA, 0xC8, 0x2D, 0xE9, 0xB0, 0xEE, 0x0C, 0xB6, 0x86, 0x9F, 0x1E, 0x66, 0x0A,
    0xEB, 0xB0, 0x3F, 0x00, 0xF6, 0xD6, 0x70, 0x5A, 0xBA, 0x60, 0x48, 0x62, 0x76, 0x1A, 0xDB, 0x9D,
    0xFC, 0x8D, 0x75, 0xF4, 0xF9, 0x49, 0xF9, 0x21, 0x6C, 0xBF, 0x21, 0x77, 0x9B, 0x02, 0x68, 0x2D,
    0x3D, 0x9C, 0xD7, 0x2E, 0x9E, 0x0C, 0x67, 0x76, 0x08, 0x14, 0x58, 0x43, 0x6C, 0xDC, 0x6E, 0x9A,
    0xD2, 0x34, 0xCD, 0xC4, 0xA4, 0x7E, 0xC1, 0x98, 0x1D, 0xC3, 0xBE, 0x7D, 0xE8, 0xD9, 0xC3, 0x3A,
    0x99, 0xD3, 0x95, 0x22, 0x6C, 0x2A, 0x0B, 0x85, 0x76, 0xDF, 0x15, 0xD9, 0x71, 0xEE, 0xBF, 0xEB,
    0x0E, 0xF6, 0xC8, 0x1D, 0xCA, 0xDA, 0x6A, 0x49, 0xDD, 0xBD, 0xEF, 0xA6, 0x48, 0xF5, 0x1B, 0x66,
    0x02, 0x69, 0x50, 0x18, 0x44, 0xD7, 0x90, 0x63, 0x6E, 0x52, 0x44, 0x59, 0xC8, 0x8F, 0x21, 0xBB,
    0x0F, 0x3D, 0x7A, 0xF8, 0x9B, 0xC1, 0x86, 0x23, 0x0A, 0xE9, 0x71, 0xE8, 0xCE, 0x23, 0x7C, 0xD0,
    0x90, 0x07, 0x38, 0x48, 0x0D, 0xD8, 0x1D, 0xE4, 0x1A, 0xC2, 0x80, 0x4D, 0xB9, 0x3A, 0x20, 0xE9,
    0x41, 0xCC, 0xC6, 0x56, 0x19, 0xE6, 0x4D, 0x11, 0x37, 0x6C, 0x8F, 0xCC, 0xD3, 0x13, 0x4D, 0x3A,
    0x20, 0x7F, 0x9E, 0x30, 0x28, 0x52, 0x97, 0x4A, 0x05, 0x30, 0x36, 0x0D, 0xAE, 0x54, 0x72, 0x86,
    0xF4, 0x14, 0x48, 0x13, 0xCA, 0xA3, 0x38, 0xF0, 0x0E, 0x22, 0x3A, 0x70, 0x46, 0x40, 0x18, 0x43,
    0x44, 0x1F, 0x2F, 0xF7, 0x34, 0xAE, 0xDB, 0xA8, 0x0E, 0x4B, 0xDC, 0x47, 0xB4, 0x2D, 0xE5, 0x76,
    0x9C, 0x2F, 0x45, 0x9B, 0x12, 0xF4, 0x36, 0x59, 0xA1, 0xC4, 0xC0, 0x39, 0xAC, 0x71, 0x1B, 0xB7,
    0x2E, 0xB5, 0x1B, 0x5A, 0xCB, 0xCD, 0x5F, 0x97, 0x47, 0xB7, 0xFD, 0x66, 0xE6, 0xBF, 0xB9, 0x88,
    0x35, 0xC9, 0x89, 0x24, 0x33, 0x9D, 0x3B, 0xD4, 0x99, 0x15, 0xD9, 0x17, 0x16, 0xF1, 0xF5, 0x9F,
    0x47, 0xCE, 0x98, 0x70, 0xDB, 0x99, 0x56, 0xB0, 0x54, 0x5C, 0x4D, 0x2D, 0x5A, 0x01, 0xD5, 0x69,
    0x66, 0x5E, 0xB3, 0x52, 0x29, 0xBE, 0x2C, 0xA8, 0x4D, 0x75, 0x5F, 0x5B, 0xD6, 0x2A, 0x5F, 0x97,
    0x6A, 0x5F, 0x06, 0x95, 0x2C, 0xED, 0xC4, 0xCB, 0x62, 0x6B, 0x09, 0x03, 0xB3, 0x41, 0x73, 0x2E,
    0x84, 0xF2, 0xBD, 0x24, 0x07, 0x35, 0xE8, 0xCB, 0xDF, 0x07, 0x94, 0xD1, 0x75, 0x30, 0x07, 0xC9,
    0xEB, 0x60, 0x7D, 0x1D, 0xD2, 0x12, 0xEE, 0x97, 0x45, 0xD4, 0xA5, 0x86, 0x19, 0x57, 0x18, 0xBA,
    0xDA, 0x3E, 0x15, 0x16, 0xD9, 0x98, 0x1D, 0x71, 0xFE, 0x1E, 0x41, 0xF4, 0x38, 0xA9, 0xCB, 0x49,
    0x19, 0x27, 0x0D, 0x59, 0xC9, 0xB8, 0x99, 0x11, 0x67, 0xC6, 0x94, 0xD9, 0xBF, 0x09, 0x5E, 0xED,
    0x69, 0x5A, 0x7E, 0x8B, 0xDE, 0xB4, 0x8B, 0x17, 0x07, 0xC8, 0x5C, 0x8E, 0xF0, 0x74, 0x97, 0x88,
    0xB1, 0xA6, 0x70, 0xC8, 0xAE, 0x20, 0xBA, 0x84, 0xE4, 0x09, 0x05, 0x43, 0x6E, 0x41, 0xB1, 0x94,
    0x0A, 0xA1, 0x94, 0x89, 0xC5, 0xFB, 0x5C, 0xDB, 0xE5, 0xE3, 0x5A, 0x3D, 0xC5, 0xB6, 0xB1, 0x61,
    0x78, 0xBC, 0xCF, 0x0A, 0xF0, 0x88, 0x81, 0x7B, 0x1F, 0x85, 0x91, 0x65, 0x2E, 0x9E, 0x7F, 0xD3,
    0x38, 0xCA, 0x5A, 0x49, 0x67, 0x26, 0x67, 0xC9, 0xBD, 0x0D, 0x01, 0xCE, 0xA2, 0x91, 0x4B, 0x65,
    0xEE, 0xC9, 0x2B, 0x9D, 0x99, 0x96, 0x19, 0x01, 0x6B, 0x23, 0x5B, 0x80, 0xB3, 0xA8, 0xC3, 0xBB,
    0x2C, 0x3B, 0xF2, 0xED, 0x45, 0x27, 0x05, 0x56, 0x8E, 0x9A, 0x65, 0x79, 0x6B, 0x76, 0x67, 0x39,
    0x3D, 0x1A, 0x39, 0x06, 0xAD, 0x64, 0x07, 0x44, 0x9B, 0x80, 0xE3, 0x6E, 0x1D, 0xEB, 0xC7, 0x88,
    0xA8, 0x53, 0xA6, 0x9F, 0x35, 0xF9, 0xB7, 0x42, 0x15, 0xD7, 0xA9, 0xF0, 0x91, 0xF7, 0x05, 0x03,
    0xCA, 0xE7, 0x5C, 0x80, 0x50, 0x82, 0x13, 0xD5, 0x4B, 0x6B, 0x28, 0x2E, 0xA4, 0x5A, 0x93, 0x89,
    0xF7, 0x48, 0xCD, 0x7D, 0x4B, 0xAF, 0x7D, 0xAE, 0x14, 0x53, 0xA6, 0x99, 0x67, 0x18, 0x23, 0x71,
    0xE4, 0xCD, 0x24, 0x52, 0xF5, 0x45, 0xF1, 0xB5, 0xD9, 0x77, 0xA4, 0xF2, 0x50, 0x45, 0x19, 0x44,
    0xA7, 0x03, 0xF1, 0x9F, 0xD4, 0xE2, 0x3F, 0x03, 0x0B, 0xC3, 0xDC, 0xE1, 0xB3, 0x54, 0xCC, 0x5B,
    0xF0, 0xDE, 0x3B, 0xDC, 0x9A, 0xDA, 0x45, 0x48, 0xD6, 0x43, 0xB1, 0x5D, 0xA7, 0x67, 0xD7, 0x42,
    0x19, 0x28, 0x21, 0x29, 0xAA, 0x5E, 0x92, 0xF3, 0x74, 0x93, 0x9C, 0xE9, 0x39, 0x39, 0x3B, 0x94,
    0xE1, 0xD7, 0x34, 0xF9, 0x8F, 0x54, 0x6A, 0x77, 0x9D, 0xFB, 0xEA, 0x89, 0x84, 0xC5, 0xB1, 0x81,
    0xD0, 0x07, 0x9A, 0x46, 0xEA, 0x15, 0x7D, 0x16, 0x84, 0xB3, 0x01, 0xB6, 0x3E, 0x60, 0xC7, 0xA4,
    0xF3, 0x2F, 0x0A, 0x18, 0xCC, 0xB4, 0xAA, 0xAD, 0xF5, 0xDD, 0x4A, 0x5D, 0x7F, 0x72, 0xFE, 0xDD,
    0x48, 0xAD, 0xD1, 0xD3, 0xD5, 0x18, 0x56, 0xB6, 0xD8, 0xFD, 0x0B, 0x8F, 0x2F, 0xBB, 0xBA, 0x35,
    0xC6, 0x88, 0xA6, 0x80, 0x25, 0xA2, 0x46, 0xE2, 0x53, 0xFD, 0x24, 0x53, 0x03, 0x3D, 0x07, 0xC6,
    0x49, 0x53, 0x51, 0x46, 0xBD, 0xC7, 0xFC, 0x21, 0x37, 0x4D, 0xE1, 0x69, 0xD4, 0xB7, 0xD3, 0xC0,
    0x3A, 0xF4, 0xA4, 0xEE, 0x9E, 0x64, 0x88, 0x77, 0x5D, 0xA9, 0xDF, 0x90, 0xEA, 0xDD, 0x4E, 0xF5,
    0xE0, 0x65, 0xF0, 0x0C, 0x66, 0xDD, 0xF1, 0x14, 0xF1, 0xF6, 0x61, 0xA7, 0xAA, 0xBC, 0x0A, 0x45,
    0xFD, 0xE4, 0x9C, 0x05, 0xCC, 0xC5, 0x16, 0x58, 0xF5, 0x8E, 0xE5, 0xA3, 0x14, 0x61, 0xE5, 0x44,
    0xFB, 0x00, 0xE7, 0x8F, 0xD2, 0xBC, 0x32, 0x00, 0x02, 0xA1, 0x49, 0x2E, 0xDC, 0x85, 0x5D, 0x93,
    0x1E, 0x18, 0xE9, 0x6D, 0xC4, 0xD0, 0x9B, 0x6F, 0xC4, 0xC2, 0x7A, 0x87, 0xDE, 0x77, 0x25, 0x02,
    0x4E, 0x5C, 0xB3, 0xE3, 0xF2, 0xDB, 0x25, 0xEB, 0x51, 0xF7, 0x66, 0x86, 0x65, 0xD7, 0x9B, 0xFD,
    0x5B, 0xE4, 0x70, 0x69, 0x74, 0x22, 0x83, 0x52, 0x7E, 0x79, 0xA1, 0xD9, 0x0F, 0x6D, 0x96, 0x43,
    0x4F, 0x4E, 0x16, 0xF5, 0xD1, 0x08, 0x08, 0x4F, 0x90, 0x6B, 0x9C, 0x22, 0xD7, 0x6A, 0xA4, 0xEB,
    0x3D, 0x93, 0x7D, 0xFF, 0xF3, 0xF4, 0xA1, 0xFF, 0x69, 0x5E, 0x05, 0x8F, 0x8B, 0x2A, 0x7C, 0xEF,
    0x93, 0xCA, 0xFC, 0xEA, 0x49, 0x69, 0x3A, 0x5F, 0xC1, 0x36, 0xDF, 0xC0, 0x2E, 0xDF, 0x16, 0x3D,
    0xF9, 0x38, 0xEF, 0xCA, 0x20, 0xC5, 0x23, 0xFB, 0x90, 0xF5, 0x50, 0xED, 0xE2, 0xB9, 0x7A, 0x03,
    0xE1, 0x43, 0xB9, 0xFF, 0xFE, 0x82, 0xFB, 0x7F, 0x77, 0xA2, 0xBD, 0x52, 0x0F, 0x67, 0xC7, 0x2F,
    0x7D, 0x64, 0x88, 0x36, 0x47, 0x0C, 0x8B, 0x60, 0x39, 0xBF, 0x92, 0xE5, 0xFC, 0xAA, 0x3D, 0x5C,
    0x8B, 0x5C, 0x8F, 0x6C, 0xA1, 0x64, 0x71, 0x19, 0x3C, 0xEB, 0xE4, 0xC8, 0x21, 0xA8, 0xF3, 0x3F,
    0xF0, 0xA1, 0xC1, 0xC4, 0xFA, 0xC7, 0xB5, 0x76, 0x6D, 0xBA, 0xA9, 0xA7, 0x75, 0x79, 0x9B, 0x5A,
    0xDA, 0xAC, 0x5C, 0xD0, 0x58, 0xAE, 0x4A, 0x2E, 0xBF, 0x47, 0xBD, 0x85, 0x9E, 0x29, 0xF4, 0xCC,
    0xA1, 0x67, 0xE1, 0xF4, 0xFC, 0x0C, 0x7A, 0x7E, 0x59, 0x1A, 0xF9, 0xC6, 0xE9, 0xF9, 0x31, 0xF4,
    0x1C, 0xE4, 0xAC, 0x3E, 0xF0, 0x38, 0x3D, 0x97, 0x49, 0x7B, 0x68, 0xA3, 0x1E, 0xD3, 0xA2, 0x55,
    0x3C, 0x93, 0x97, 0xDB, 0xA3, 0xAE, 0xDD, 0x24, 0x26, 0xF4, 0x49, 0xA5, 0xC9, 0xCC, 0xDA, 0x04,
    0x93, 0x71, 0x87, 0x01, 0x7D, 0x6A, 0x65, 0x87, 0x18, 0x4D, 0xEA, 0x95, 0x38, 0xFB, 0x65, 0xDF,
    0x05, 0xEF, 0x0C, 0x3C, 0x30, 0x82, 0x3F, 0x33, 0xEA, 0x0C, 0xB5, 0xA6, 0xE8, 0x6B, 0x87, 0x2C,
    0xC1, 0x11, 0x62, 0xCB, 0x4A, 0x43, 0xD7, 0xC6, 0xDE, 0x15, 0x8E, 0x25, 0xB2, 0xF3, 0xB0, 0x8C,
    0x99, 0x95, 0xE7, 0x89, 0xB0, 0x27, 0x60, 0xF2, 0x45, 0x2D, 0xD6, 0xD7, 0xDA, 0xE1, 0xC0, 0x63,
    0x8F, 0x6D, 0x22, 0xA1, 0xDE, 0x69, 0xE4, 0xE0, 0x90, 0xBF, 0x21, 0x85, 0x61, 0x2D, 0x7D, 0xD4,
    0x3E, 0xD6, 0x1B, 0x1E, 0x78, 0x29, 0xC8, 0x6D, 0xEF, 0x6A, 0x76, 0x75, 0xBC, 0xB2, 0xFD, 0x13,
    0x38, 0x53, 0x26, 0xDE, 0xD7, 0xB5, 0x84, 0xEF, 0x17, 0xB2, 0xE5, 0xB7, 0x8B, 0x57, 0x72, 0xF8,
    0xFE, 0x13, 0xEC, 0xDD, 0x07, 0x88, 0x13, 0x38, 0x5B, 0x3B, 0x37, 0xAF, 0x86, 0x17, 0x95, 0x59,
    0x8A, 0xCD, 0x82, 0xF6, 0x27, 0x86, 0x44, 0x18, 0x31, 0xC9, 0xD9, 0x63, 0x86, 0xD3, 0x23, 0xC7,
    0x77, 0xC9, 0xB3, 0x19, 0xE9, 0x7A, 0x5C, 0xC1, 0x95, 0xE0, 0x34, 0x3D, 0x06, 0x07, 0xD6, 0x9F,
    0x70, 0x6C, 0x0C, 0x3D, 0x26, 0xAE, 0x4C, 0xDC, 0x24, 0x7E, 0x93, 0x91, 0x81, 0xF5, 0x5C, 0xC0,
    0x7A, 0x4E, 0x8E, 0x82, 0xCA, 0x6F, 0xFE, 0x32, 0x0B, 0x3F, 0x9D, 0x65, 0xD1, 0x9D, 0x2A, 0x8B,
    0xFD, 0x72, 0xD8, 0xF3, 0x9F, 0x54, 0x5D, 0xBF, 0x29, 0xB2, 0xE0, 0x58, 0x32, 0x90, 0x22, 0x1B,
    0xBA, 0xBD, 0xE4, 0xB3, 0x34, 0x39, 0x6E, 0x72, 0x33, 0xD1, 0xDD, 0x9D, 0x27, 0x79, 0x85, 0xED,
    0x8F, 0xFF, 0xDC, 0x9D, 0xC2, 0x53, 0xD1, 0x96, 0x73, 0x1D, 0xB8, 0xAE, 0xAF, 0x96, 0x91, 0xDA,
    0xB1, 0xB6, 0x5D, 0xDF, 0x38, 0xB7, 0x1D, 0x2B, 0xE4, 0xB2, 0x9A, 0xCA, 0xD6, 0x40, 0x6C, 0xED,
    0x67, 0xAB, 0x52, 0xFE, 0x2F, 0x7A, 0xC1, 0x2D, 0x4B, 0x93, 0xB3, 0xBB, 0xEE, 0xD5, 0x8B, 0xD4,
    0x71, 0x53, 0xAC, 0x9B, 0xA7, 0x79, 0xED, 0xE1, 0x5A, 0xC7, 0xA2, 0x14, 0x1E, 0xB0, 0x6F, 0xAE,
    0x49, 0x96, 0x66, 0x79, 0x46, 0x1C, 0x0A, 0x4B, 0xE1, 0xCA, 0xBF, 0xD9, 0x4A, 0xEA, 0xA7, 0xA1,
    0xBB, 0x73, 0x56, 0x70, 0x52, 0x13, 0x55, 0x03, 0xFC, 0xE2, 0xAE, 0x1C, 0x36, 0xF3, 0x67, 0x5B,
    0xDA, 0xB0, 0x67, 0xE7, 0x7F, 0x5E, 0x40, 0xBE, 0xAB, 0x77, 0xB6, 0xAF, 0x66, 0xE5, 0x4D, 0x5E,
    0xC1, 0x26, 0x0D, 0x1B, 0x87, 0x07, 0xF2, 0xCE, 0xBC, 0x67, 0xA1, 0x0F, 0x97, 0x1C, 0xB0, 0xE1,
    0x53, 0xBA, 0x7E, 0xF4, 0xC0, 0xD9, 0x6F, 0xB1, 0xCA, 0xCF, 0xC0, 0x25, 0xBC, 0xEF, 0xBB, 0xA5,
    0x7D, 0x9E, 0xEB, 0x6E, 0x55, 0x5E, 0x07, 0x30, 0xE5, 0x59, 0xA2, 0xAE, 0x48, 0xEF, 0x33, 0x91,
    0xA8, 0x6E, 0x59, 0xBC, 0x67, 0x22, 0x59, 0xAB, 0xCD, 0x3B, 0x98, 0x43, 0xF9, 0x05, 0xB8, 0x75,
    0xF0, 0xA2, 0xFE, 0x4D, 0x6B, 0x78, 0x57, 0xEE, 0xDE, 0x64, 0xE5, 0xEE, 0xED, 0x32, 0x78, 0xDB,
    0xC2, 0xF5, 0xC0, 0x89, 0xC7, 0xA6, 0x99, 0x99, 0x6D, 0x63, 0xBF, 0x1C, 0x9E, 0xD1, 0x19, 0x9E,
    0x88, 0x78, 0x26, 0x36, 0x23, 0x23, 0x06, 0x0D, 0x7B, 0x7A, 0x48, 0xEF, 0xA3, 0x60, 0x38, 0xC6,
    0xE4, 0x64, 0x62, 0x6D, 0x7B, 0xBD, 0x5D, 0x1F, 0xF0, 0xC5, 0xDE, 0xBB, 0x79, 0x6B, 0x7C, 0xF6,
    0x12, 0x36, 0xF5, 0x9B, 0x66, 0x06, 0x1A, 0x9C, 0xAE, 0x36, 0xD5, 0xD7, 0x38, 0xFA, 0xC6, 0xDA,
    0xCC, 0x65, 0xDF, 0xAE, 0xE0, 0x64, 0x16, 0x4E, 0xCD, 0x19, 0xBA, 0xE5, 0xF5, 0x45, 0xAD, 0x92,
    0x34, 0x27, 0x48, 0xBA, 0xCF, 0x6A, 0x83, 0xE5, 0x44, 0x5F, 0x3B, 0x69, 0x87, 0x88, 0xF1, 0x6C,
    0x87, 0x6A, 0x0F, 0x00, 0xF3, 0x61, 0x4F, 0x36, 0x8C, 0x77, 0x90, 0x91, 0xF5, 0x70, 0x92, 0xA2,
    0xDA, 0xA2, 0x72, 0x0E, 0x94, 0x80, 0xBD, 0x07, 0x24, 0xEF, 0xF3, 0xB5, 0xEC, 0xF4, 0xAC, 0x9E,
    0xB5, 0x1D, 0xC1, 0xF3, 0xE5, 0xF5, 0xB9, 0x72, 0x78, 0x9E, 0xC8, 0xEF, 0xCB, 0xF0, 0x21, 0x6A,
    0x69, 0x5B, 0x09, 0x8C, 0x9B, 0x19, 0x0C, 0xB2, 0xB6, 0x7A, 0x61, 0x01, 0xD3, 0xC9, 0xA3, 0x26,
    0x0F, 0x4E, 0xD3, 0x17, 0x61, 0x60, 0x31, 0x9D, 0xE0, 0xD7, 0x2F, 0xC4, 0x10, 0xAE, 0x5A, 0x3A,
    0x84, 0x4C, 0xC3, 0x60, 0xB7, 0x54, 0x9F, 0xC3, 0x7A, 0x5A, 0xB7, 0x50, 0xA7, 0xF9, 0x46, 0xF9,
    0xD5, 0x4D, 0x10, 0x17, 0x16, 0x1B, 0x94, 0x6B, 0x7B, 0x83, 0xBC, 0x7F, 0x64, 0xD7, 0xD5, 0xDE,
    0x94, 0x22, 0x0F, 0xCB, 0x19, 0xC9, 0x59, 0x21, 0x69, 0xC7, 0x95, 0x37, 0xA5, 0x8C, 0xBA, 0x88,
    0x9C, 0x91, 0x16, 0xE8, 0xF3, 0xEE, 0x32, 0x23, 0x79, 0x1F, 0xB4, 0x17, 0x83, 0x60, 0x59, 0x1D,
    0x4B, 0xF4, 0xC7, 0x1C, 0xEE, 0x92, 0xCB, 0xDD, 0xA3, 0x95, 0xA4, 0xC3, 0xDE, 0x5E, 0x3E, 0xDF,
    0xB5, 0xCC, 0xCE, 0x6E, 0x23, 0x47, 0x18, 0xE1, 0xF0, 0xCB, 0xDF, 0x58, 0x58, 0xF3, 0xAD, 0x92,
    0xD6, 0x70, 0x32, 0x6B, 0x59, 0xF3, 0x15, 0x99, 0x4B, 0xE1, 0xDC, 0xD0, 0x41, 0x6C, 0x0D, 0xEB,
    0x6D, 0x3F, 0x95, 0xD7, 0x8C, 0xED, 0x1A, 0x9D, 0xFB, 0x36, 0xCC, 0xA5, 0xF0, 0xF2, 0x9B, 0x1E,
    0xDE, 0xFB, 0x90, 0x75, 0x27, 0xD5, 0x9F, 0xFA, 0xCD, 0x8F, 0x16, 0xF1, 0x32, 0x0C, 0xDE, 0xB8,
    0x2D, 0xF2, 0xCA, 0x2B, 0xF6, 0xA7, 0x57, 0x5F, 0x11, 0xEF, 0xDD, 0x6D, 0x1C, 0xD2, 0xA9, 0x04,
    0x4F, 0x11, 0xA2, 0xDF, 0xCA, 0xE5, 0xDA, 0xF5, 0x96, 0xF1, 0x76, 0x72, 0x09, 0x1F, 0x23, 0xBB,
    0xC7, 0x01, 0xCE, 0x70, 0x38, 0xB7, 0x77, 0xAE, 0x84, 0xB7, 0x15, 0x5C, 0x4C, 0x62, 0x32, 0xD7,
    0xFF, 0xE7, 0x19, 0xE6, 0x45, 0xE4, 0xEC, 0xFB, 0xE2, 0x99, 0x5D, 0xF0, 0xCD, 0x9F, 0x2D, 0x71,
    0xE1, 0x9C, 0xF1, 0x5C, 0x03, 0xFA, 0x59, 0x44, 0x27, 0x23, 0x32, 0x8D, 0x17, 0xE6, 0xF1, 0x1B,
    0x9A, 0xA7, 0xE1, 0x9D, 0x09, 0x26, 0x85, 0x1C, 0x0C, 0xDE, 0xBD, 0xF1, 0xFA, 0x97, 0x13, 0x79,
    0xF5, 0x8D, 0xAF, 0x0A, 0xD9, 0xAD, 0xBE, 0xC9, 0x65, 0x77, 0xF2, 0x1D, 0x8E, 0x57, 0x31, 0x66,
    0x83, 0xE0, 0x88, 0x1D, 0x88, 0x47, 0xA2, 0x00, 0x2F, 0x8C, 0xF2, 0x08, 0x1A, 0x43, 0x58, 0xBF,
    0xEA, 0x62, 0xFD, 0x6E, 0xE8, 0x4D, 0xBA, 0xD1, 0x9D, 0x22, 0x4B, 0xDE, 0xCC, 0xF7, 0x07, 0x6F,
    0xA7, 0xFB, 0xDF, 0x7E, 0x28, 0xBF, 0x7F, 0xFC, 0x27, 0xF9, 0xF8, 0xBD, 0x99, 0x8C, 0x71, 0x06,
    0x1E, 0x21, 0xA3, 0x19, 0xD2, 0x30, 0x4C, 0xA2, 0x48, 0x72, 0xE4, 0xFC, 0x0C, 0xE4, 0xBC, 0x6D,
    0x2B, 0x87, 0x21, 0x3E, 0x64, 0x3B, 0x36, 0xD3, 0x9B, 0xA2, 0xBE, 0x5E, 0xDC, 0xEC, 0x51, 0x2D,
    0xE8, 0xC2, 0xF6, 0x63, 0xF8, 0x67, 0x98, 0x61, 0x66, 0x13, 0xA3, 0xF3, 0xC1, 0x6C, 0x99, 0x73,
    0x6D, 0xA7, 0xC3, 0xE6, 0x9A, 0x0C, 0xBA, 0x52, 0x3F, 0x74, 0x9D, 0x80, 0xC5, 0x1F, 0xEE, 0x25,
    0x96, 0x88, 0x44, 0xFB, 0x80, 0x5A, 0x9E, 0xEA, 0xAE, 0x6A, 0x2A, 0xA9, 0x39, 0xA5, 0x98, 0x3B,
    0xFC, 0xE6, 0xCC, 0xFB, 0x14, 0xFE, 0x0F, 0xB6, 0x42, 0x9F, 0x89, 0xDD, 0x52, 0xF1, 0xA6, 0xE2,
    0xD2, 0x02, 0xAE, 0xFE, 0x63, 0xC6, 0xCE, 0x64, 0xE6, 0x82, 0xB0, 0xC8, 0xC3, 0x5D, 0x04, 0x88,
    0x03, 0x35, 0xC9, 0xFC, 0x4F, 0x7B, 0x8A, 0x6D, 0x68, 0x11, 0x0D, 0x10, 0x3D, 0xC6, 0xDA, 0x04,
    0x9C, 0x5A, 0x09, 0xC6, 0x7D, 0x25, 0x68, 0x64, 0xA7, 0x07, 0x2E, 0x53, 0xE9, 0xDB, 0x19, 0xFA,
    0x51, 0xB1, 0xF8, 0x68, 0x8C, 0x94, 0xA2, 0x69, 0x4E, 0x2F, 0x6E, 0x11, 0x35, 0xF3, 0xBB, 0x11,
    0xBE, 0x75, 0xCF, 0x12, 0x44, 0xE8, 0xBA, 0x2A, 0x8F, 0x6C, 0x45, 0xAF, 0x5F, 0x35, 0x4A, 0x6D,
    0x03, 0x2E, 0x51, 0x38, 0x91, 0xBB, 0x42, 0xDF, 0x5B, 0xC8, 0x69, 0x0D, 0xEB, 0x9A, 0x6B, 0xE1,
    0x4B, 0xE3, 0xDC, 0xD0, 0x26, 0x6A, 0x0B, 0xEB, 0x45, 0x6D, 0xA2, 0x4B, 0xE1, 0xD5, 0xFB, 0x7C,
    0xC3, 0xD0, 0x15, 0xA7, 0x2B, 0xD5, 0xD7, 0x70, 0x5E, 0x78, 0xE9, 0xB7, 0x4A, 0xB4, 0xFA, 0x52,
    0x4F, 0x25, 0x78, 0x5B, 0x82, 0x31, 0x4B, 0xB1, 0xD7, 0xC5, 0x7A, 0xE7, 0x6D, 0x8B, 0xB9, 0x74,
    0x9E, 0xAA, 0xC4, 0x32, 0xDF, 0xAD, 0x33, 0x99, 0x5A, 0x9D, 0x0E, 0xAA, 0x79, 0xE1, 0xF6, 0x3F,
    0xB5, 0x5A, 0xBF, 0x6F, 0x1C, 0xD7, 0x11, 0x9E, 0xDD, 0x85, 0xB9, 0xA4, 0x57, 0xE1, 0x6B, 0x5C,
    0x08, 0xA1, 0xC9, 0x55, 0xC1, 0x22, 0x06, 0xC4, 0x5B, 0x17, 0x0A, 0xA0, 0xE2, 0xEE, 0x76, 0x25,
    0x15, 0x29, 0x0C, 0x44, 0x7F, 0x40, 0x80, 0x44, 0x01, 0xD2, 0x26, 0x74, 0xA1, 0xE2, 0x82, 0x2C,
    0x79, 0x2B, 0xB9, 0x08, 0x10, 0x17, 0xE6, 0x7F, 0x10, 0x17, 0x2E, 0x83, 0xC4, 0xC5, 0x05, 0x38,
    0x21, 0x27, 0x71, 0x65, 0x17, 0x02, 0xE2, 0x22, 0x6B, 0xA7, 0x48, 0xA1, 0x66, 0x85, 0xA4, 0x0C,
    0xA0, 0x55, 0xBC, 0x8A, 0x57, 0xC9, 0xF1, 0x36, 0xDF, 0xF7, 0xDE, 0xDE, 0x0F, 0x46, 0x14, 0x61,
    0x89, 0x27, 0x4A, 0xF7, 0x8E, 0xF7, 0x63, 0x67, 0xE6, 0xBD, 0xF9, 0x66, 0xE6, 0x9B, 0x59, 0x8A,
    0x48, 0x20, 0x22, 0x2D, 0xF1, 0xAA, 0x58, 0xFA, 0x75, 0x65, 0x55, 0x7E, 0xE6, 0x64, 0x5E, 0xAA,
    0x12, 0x37, 0x55, 0xE2, 0xA4, 0x2D, 0x71, 0xD3, 0x0E, 0x1E, 0x6D, 0xF1, 0xD2, 0x58, 0xBC, 0x64,
    0x28, 0x2A, 0x1A, 0x8A, 0x2F, 0x95, 0x74, 0x65, 0x28, 0xB1, 0x8C, 0xF0, 0xDB, 0xBE, 0x5B, 0x48,
    0x50, 0x27, 0xE2, 0x3E, 0x13, 0xFE, 0xC4, 0x78, 0x0C, 0xF1, 0x28, 0x25, 0x78, 0x54, 0xD8, 0x75,
    0x9D, 0x79, 0x79, 0x18, 0xF9, 0x91, 0x2F, 0x21, 0xAE, 0xEB, 0xE0, 0x11, 0x43, 0xE5, 0x08, 0xD7,
    0x8F, 0x64, 0x6F, 0x76, 0x7D, 0x58, 0xA7, 0xE2, 0x1D, 0xE9, 0xEB, 0xA5, 0xC0, 0xC3, 0xE2, 0xE2,
    0xE4, 0x78, 0xAA, 0x53, 0xBB, 0x90, 0x89, 0xF9, 0xDD, 0xC9, 0xF0, 0xBB, 0x9B, 0x3A, 0x39, 0xAC,
    0x71, 0x52, 0xA1, 0x91, 0xB0, 0xC7, 0x4B, 0x20, 0x54, 0x45, 0x90, 0xAA, 0x04, 0x62, 0x7D, 0x81,
    0x96, 0x96, 0x48, 0x1B, 0x4F, 0x58, 0x62, 0xBE, 0x1C, 0x89, 0x84, 0x76, 0x29, 0xA2, 0xEA, 0x4C,
    0xC4, 0x9E, 0x18, 0x3D, 0xF8, 0x18, 0x9F, 0x8B, 0x8C, 0x54, 0xE4, 0x97, 0x4A, 0x82, 0xD4, 0xC7,
    0xD5, 0x2D, 0xBC, 0xDD, 0xC1, 0x45, 0xDC, 0xDA, 0x08, 0x7B, 0x18, 0xC2, 0x9C, 0x0A, 0xAA, 0x2B,
    0x68, 0xBE, 0xEB, 0xD1, 0xD0, 0x42, 0x54, 0x49, 0xEB, 0xE4, 0xFC, 0x2A, 0x96, 0x2D, 0x6E, 0xD7,
    0xCB, 0xB1, 0xD8, 0x91, 0x11, 0x1B, 0x26, 0x61, 0x21, 0xFD, 0xA2, 0x9F, 0xCB, 0x1F, 0x0B, 0x18,
    0x59, 0x0C, 0xDC, 0x04, 0x8B, 0x12, 0x2B, 0x1F, 0x6C, 0x89, 0x9D, 0x95, 0x6D, 0x1C, 0x6B, 0xD1,
    0xE3, 0x82, 0xBD, 0xDC, 0x7A, 0x84, 0xBD, 0x5C, 0xFB, 0x2B, 0xB6, 0xE1, 0x3C, 0x48, 0x44, 0xB9,
    0x1F, 0x41, 0xA2, 0xFA, 0xA1, 0xC8, 0x4E, 0x6B, 0x07, 0xC6, 0xC5, 0x30, 0x2F, 0x2C, 0x0E, 0xA1,
    0x35, 0xA9, 0xB5, 0xCA, 0x0B, 0x17, 0xF0, 0x6B, 0x27, 0x97, 0xC3, 0xDC, 0x8F, 0xE4, 0x69, 0xB1,
    0x86, 0xC3, 0x2A, 0x79, 0x58, 0x03, 0xA8, 0xCF, 0x07, 0x75, 0xEA, 0x64, 0x05, 0x96, 0xB4, 0xF0,
    0x22, 0xE7, 0x7E, 0xB1, 0x25, 0xEE, 0xED, 0x1C, 0x8E, 0xBB, 0x96, 0x0D, 0x20, 0x3E, 0x85, 0xDD,
    0xDE, 0xED, 0x14, 0xE2, 0x61, 0xCF, 0x4E, 0x4B, 0x51, 0xFC, 0x16, 0xC5, 0x87, 0xA5, 0xF4, 0x69,
    0xB2, 0xC8, 0x77, 0xA9, 0xA2, 0x75, 0x7E, 0x1B, 0x47, 0xB3, 0xF9, 0x29, 0x3E, 0x57, 0x29, 0x16,
    0x1B, 0xEF, 0xF5, 0xF8, 0x01, 0x74, 0x60, 0x5B, 0x75, 0x6A, 0xD5, 0x45, 0x9D, 0xB8, 0x8F, 0x72,
    0x25, 0xEA, 0x76, 0xB6, 0x25, 0xBE, 0x03, 0x70, 0x74, 0x9D, 0x74, 0x20, 0x6D, 0x37, 0x29, 0xA4,
    0xED, 0x5D, 0x4B, 0x25, 0xA6, 0x8E, 0xD8, 0xA7, 0x8E, 0x16, 0x75, 0x1C, 0x41, 0x87, 0x57, 0x51,
    0x47, 0x8C, 0x7D, 0xE3, 0x4C, 0xE1, 0x37, 0xBC, 0x83, 0x73, 0x81, 0xDF, 0x70, 0xB8, 0x0A, 0xD6,
    0xC3, 0x6F, 0x4E, 0x06, 0x1F, 0xE2, 0xF3, 0x2E, 0x3F, 0xEF, 0xC0, 0xC7, 0xF8, 0xBA, 0x4A, 0xE0,
    0x06, 0x38, 0xB7, 0xA2, 0x5F, 0x01, 0x29, 0x22, 0xA3, 0x2B, 0x70, 0x06, 0x3E, 0xCF, 0xA4, 0x3F,
    0x06, 0xEE, 0x0E, 0x2B, 0x03, 0x1C, 0x2F, 0x82, 0x3B, 0x7D, 0x5E, 0xE4, 0x53, 0x87, 0xE2, 0xF7,
    0xE7, 0x70, 0xEA, 0x50, 0x47, 0x4C, 0x1D, 0x23, 0x2E, 0x55, 0x63, 0x43, 0x4A, 0xF5, 0x89, 0x4D,
    0x43, 0x9C, 0x99, 0x0D, 0x2E, 0x6D, 0x80, 0xFA, 0xB0, 0x86, 0xFA, 0xFE, 0x44, 0xD1, 0xB3, 0x3E,
    0x65, 0x31, 0x56, 0x80, 0x5A, 0xFC, 0x52, 0x71, 0xC9, 0x9A, 0x63, 0xC1, 0x79, 0x5B, 0x85, 0x0F,
    0xA0, 0x06, 0xC0, 0xA6, 0xA2, 0x0C, 0x8A, 0x80, 0x84, 0x0E, 0x64, 0x63, 0x0F, 0xD1, 0x48, 0x87,
    0x4C, 0x00, 0x85, 0x5D, 0x9A, 0x02, 0x75, 0x31, 0xB4, 0xC5, 0x34, 0x06, 0x5F, 0xDC, 0xA3, 0x2A,
    0x68, 0x7A, 0x93, 0x8A, 0xFC, 0x46, 0xCD, 0x5D, 0xA3, 0x44, 0xEB, 0xE8, 0x6D, 0xF2, 0xD4, 0x2E,
    0x62, 0xA9, 0x70, 0xC8, 0x52, 0x5D, 0x86, 0xBE, 0xEA, 0x26, 0x4E, 0x6D, 0x0C, 0x5C, 0x39, 0xA3,
    0xC2, 0xE7, 0x82, 0x50, 0x8D, 0x73, 0x9C, 0x4A, 0x27, 0x6B, 0x8B, 0xEA, 0x22, 0x5A, 0xD7, 0xC3,
    0x74, 0x28, 0x9B, 0x61, 0x32, 0x90, 0x8B, 0x61, 0x04, 0xCF, 0x84, 0x50, 0x7D, 0x39, 0x70, 0x33,
    0xE9, 0xB5, 0xC2, 0x44, 0x06, 0x3B, 0xBF, 0xD4, 0xA7, 0x06, 0xFD, 0xED, 0x75, 0x95, 0x49, 0xBC,
    0x89, 0x65, 0x74, 0x11, 0xE2, 0xC7, 0x0C, 0x8A, 0xF1, 0x65, 0x9C, 0xDA, 0xB8, 0xA7, 0x75, 0x6C,
    0x89, 0xF3, 0xCF, 0x62, 0x47, 0x9C, 0xDF, 0x15, 0x6D, 0x71, 0x7F, 0x4E, 0x48, 0xB5, 0xB2, 0x9E,
    0xA8, 0x16, 0x7C, 0xBE, 0x1E, 0x00, 0x57, 0x9B, 0x01, 0x1C, 0xBF, 0x13, 0x5C, 0xC9, 0xA5, 0xED,
    0xDB, 0x19, 0x16, 0x18, 0xDA, 0xDB, 0xC2, 0x02, 0xE9, 0x09, 0x16, 0x7D, 0x7E, 0xDC, 0x93, 0xA2,
    0xA3, 0x54, 0x3E, 0xD5, 0x8B, 0xDF, 0xB3, 0xE9, 0xA2, 0xBF, 0x38, 0xFD, 0xD9, 0xCD, 0x10, 0x2E,
    0x35, 0x00, 0x6C, 0xE7, 0x25, 0xF4, 0x66, 0x03, 0x1D, 0x33, 0x50, 0xCE, 0xC0, 0xF1, 0x6E, 0x01,
    0xEE, 0xEA, 0x6A, 0x0E, 0x97, 0x01, 0xEE, 0xB2, 0xE5, 0xDC, 0xCF, 0x65, 0xC7, 0xBD, 0x9D, 0x19,
    0xE8, 0xB5, 0xD5, 0xE9, 0x7A, 0xCF, 0xAD, 0xD0, 0x97, 0x7C, 0xD3, 0x1B, 0xEB, 0x14, 0x43, 0x74,
    0xCC, 0x74, 0x6B, 0x53, 0x7C, 0xBE, 0xD7, 0xE5, 0x72, 0x87, 0xCB, 0x13, 0x00, 0xC8, 0xF9, 0xB2,
    0xA0, 0xC5, 0x58, 0x14, 0xF1, 0xB4, 0xC5, 0xA5, 0xCD, 0x65, 0x48, 0x8C, 0xD5, 0x75, 0x29, 0x36,
    0x17, 0xA7, 0x81, 0x75, 0x49, 0xF0, 0x55, 0x4C, 0x42, 0x15, 0xB3, 0x0C, 0xDC, 0xB8, 0x02, 0x1D,
    0xEE, 0x17, 0xA9, 0x38, 0xCC, 0x3D, 0xC4, 0xCE, 0x8D, 0xF9, 0x6E, 0x37, 0x26, 0x14, 0x91, 0xB8,
    0x25, 0xF2, 0x50, 0xA2, 0x90, 0x26, 0x03, 0xE0, 0x94, 0xE9, 0xB5, 0x83, 0x6F, 0xC6, 0x10, 0xC6,
    0x24, 0x59, 0xC9, 0x5D, 0xB7, 0x02, 0x20, 0x2B, 0xF1, 0x9E, 0x21, 0x1C, 0x1D, 0x31, 0xF2, 0xEC,
    0x9A, 0xBE, 0x62, 0x66, 0x30, 0xB2, 0x0E, 0xEB, 0x1C, 0xB2, 0x32, 0xBD, 0xAF, 0x29, 0x0C, 0x35,
    0x14, 0x13, 0x73, 0x1C, 0xAA, 0x41, 0x72, 0x6B, 0x21, 0xFF, 0xCD, 0x13, 0xF6, 0xEC, 0x72, 0x39,
    0xB8, 0x20, 0x4F, 0x91, 0x17, 0x18, 0x0C, 0xB2, 0xDA, 0xD8, 0x19, 0x1E, 0x49, 0x38, 0xD6, 0x5F,
    0x1F, 0xEA, 0x2F, 0x17, 0x0C, 0x2B, 0x04, 0x95, 0xA3, 0xFF, 0x03, 0xD3, 0x16, 0xAE, 0xEC, 0xC3,
    0xA6, 0x28, 0x11, 0xE7, 0x6F, 0x19, 0x5E, 0x42, 0xE1, 0x68, 0x6E, 0x9B, 0x0B, 0x2F, 0x84, 0x78,
    0xAF, 0x52, 0x88, 0x12, 0x16, 0x19, 0xC4, 0x4A, 0x64, 0xE7, 0x00, 0x6F, 0xDE, 0xC5, 0xA3, 0x03,
    0x83, 0x99, 0x1E, 0x46, 0x88, 0x9B, 0x51, 0x53, 0x66, 0x58, 0x26, 0x98, 0x89, 0x43, 0x48, 0xF7,
    0x51, 0x22, 0x28, 0x42, 0xD6, 0x90, 0x92, 0xD4, 0x4F, 0x22, 0xFD, 0xC2, 0x66, 0x74, 0x2F, 0x40,
    0x27, 0x28, 0xA1, 0x76, 0x82, 0x84, 0x1C, 0x44, 0x2A, 0x51, 0x49, 0x88, 0xF8, 0x5B, 0x8C, 0x41,
    0x53, 0x76, 0x46, 0xB2, 0x8F, 0x62, 0x10, 0xC2, 0x5A, 0x8F, 0xEE, 0xE0, 0x59, 0x3A, 0xCF, 0x9F,
    0x25, 0xF6, 0x54, 0xE1, 0x08, 0x4B, 0x17, 0x29, 0xC2, 0x43, 0x6C, 0xAB, 0x84, 0xF6, 0x3A, 0x99,
    0x8F, 0x03, 0x0D, 0x60, 0x63, 0xCB, 0xC8, 0x8E, 0xDA, 0xC7, 0x4A, 0x5A, 0x47, 0xDB, 0xDB, 0x85,
    0xFC, 0x00, 0xF2, 0xDD, 0x49, 0x03, 0x39, 0x22, 0x8E, 0x80, 0x73, 0x8E, 0xDB, 0xEB, 0x25, 0x28,
    0xB5, 0xB4, 0x14, 0x72, 0x7C, 0xC8, 0x69, 0x41, 0x4E, 0x47, 0xEF, 0xB9, 0x3D, 0xAB, 0x41, 0xB1,
    0x2E, 0x91, 0x8D, 0xEF, 0x51, 0xA5, 0xC5, 0xA1, 0x60, 0x3A, 0x89, 0x80, 0x05, 0xE4, 0x18, 0xD2,
    0x5B, 0x8E, 0x16, 0x4A, 0x7B, 0x59, 0x73, 0xB4, 0xCD, 0x89, 0xAD, 0xED, 0x65, 0x19, 0xA7, 0xCD,
    0xA8, 0xF1, 0xDF, 0xCE, 0x5E, 0x05, 0x1F, 0xF9, 0xB5, 0x31, 0x10, 0x09, 0x40, 0x46, 0x00, 0xCC,
    0xCD, 0xF5, 0xB3, 0xD9, 0xAC, 0x41, 0xC4, 0xA2, 0xDC, 0x2B, 0x64, 0xEF, 0xA7, 0xA5, 0x5C, 0x96,
    0x7C, 0xA9, 0x67, 0xAC, 0xE5, 0x77, 0x1A, 0x20, 0xE3, 0x8C, 0x7B, 0x5F, 0xE8, 0xBA, 0x2E, 0x37,
    0xD5, 0x19, 0xED, 0xFE, 0x33, 0xD2, 0x03, 0x14, 0xB4, 0xDF, 0x87, 0xDD, 0xD6, 0xF2, 0xED, 0x5E,
    0x7B, 0x03, 0x86, 0xFD, 0x02, 0x02, 0x59, 0xAA, 0x10, 0xA7, 0x3D, 0x6F, 0x49, 0x76, 0x1F, 0x18,
    0x0E, 0xD5, 0x1E, 0xA0, 0xD4, 0x7C, 0x7F, 0xF9, 0x76, 0xDB, 0x4D, 0x7A, 0x65, 0x9E, 0xB5, 0xD3,
    0xA5, 0x9D, 0xB7, 0x75, 0xF8, 0x0F, 0xF1, 0x10, 0xBF, 0x6F, 0x46, 0xBB, 0x4C, 0x56, 0x09, 0x6B,
    0xA8, 0xEC, 0xD6, 0xA9, 0x87, 0xFC, 0x18, 0x1E, 0xA8, 0xC8, 0xD8, 0xB4, 0xD7, 0xE4, 0xC2, 0xAC,
    0xA1, 0x8C, 0x3E, 0x13, 0xCD, 0x14, 0xB1, 0x06, 0xB3, 0x32, 0x66, 0x8A, 0x47, 0xE5, 0x5A, 0x4C,
    0xEC, 0xBA, 0x96, 0x86, 0x3C, 0x88, 0x7F, 0x63, 0xB1, 0x1E, 0x31, 0xB1, 0xDF, 0x2F, 0x48, 0x1C,
    0xB0, 0xAC, 0xCF, 0x72, 0x7A, 0x8F, 0x0B, 0xD3, 0xB9, 0xF5, 0x5C, 0x4E, 0x2F, 0x17, 0x73, 0xBA,
    0x4B, 0xCE, 0x5A, 0xA7, 0x5A, 0xFE, 0x26, 0x0E, 0xA2, 0x0B, 0x5B, 0x77, 0xDC, 0xE8, 0x4C, 0x79,
    0x5D, 0x07, 0x9F, 0xD9, 0x90, 0xFE, 0xB1, 0x68, 0xB2, 0x4E, 0x1A, 0x76, 0xF6, 0x7A, 0xF7, 0x92,
    0xE9, 0xFD, 0xC8, 0x94, 0xE9, 0x55, 0x0D, 0x73, 0x3A, 0xCB, 0x5E, 0x1C, 0x92, 0x56, 0xB7, 0x5E,
    0x10, 0x33, 0xDD, 0x01, 0xB3, 0x17, 0x29, 0xBF, 0xFC, 0x8A, 0x2A, 0xBF, 0xC1, 0x62, 0x3F, 0x84,
    0xB3, 0x9D, 0xBF, 0xD0, 0xEB, 0xD7, 0x49, 0xAB, 0x59, 0xA4, 0xDA, 0x01, 0x32, 0x66, 0x2F, 0x84,
    0x29, 0x05, 0xAC, 0xB4, 0x6A, 0xE6, 0x4F, 0x2E, 0x5E, 0x52, 0xB1, 0x92, 0x21, 0x64, 0x5A, 0x1A,
    0xE3, 0x36, 0x54, 0x8C, 0x1C, 0x94, 0x2E, 0xB8, 0x23, 0x37, 0xC2, 0x8F, 0xFF, 0xD8, 0x63, 0x37,
    0x77, 0xEB, 0xA0, 0x7A, 0x43, 0x55, 0x23, 0x71, 0x73, 0xF2, 0xCF, 0xD2, 0x3A, 0x7C, 0x50, 0x00,
    0x56, 0x69, 0x70, 0xFD, 0x19, 0xF8, 0x6A, 0x24, 0xC3, 0x00, 0x4C, 0xB3, 0xFF, 0x65, 0xD4, 0xFF,
    0xBA, 0x8E, 0x82, 0xE4, 0x1E, 0x4A, 0x36, 0x9C, 0x40, 0xBC, 0x1F, 0x59, 0x29, 0x1D, 0x00, 0xE7,
    0x6A, 0xC4, 0x07, 0xB3, 0xCA, 0xB9, 0x10, 0x22, 0x4E, 0x9D, 0x8C, 0xDC, 0x3A, 0x22, 0xA0, 0xF7,
    0x70, 0x28, 0x61, 0x84, 0x13, 0x86, 0x51, 0x76, 0x7D, 0xC0, 0x9A, 0x8C, 0x33, 0xC7, 0x99, 0x84,
    0x49, 0x29, 0x63, 0xAB, 0xB0, 0x0B, 0x1B, 0xC5, 0xAF, 0x7F, 0xE4, 0xA6, 0x87, 0x63, 0x37, 0xE5,
    0x3F, 0x2F, 0x71, 0xF3, 0xDD, 0xC8, 0xA9, 0x01, 0xE0, 0xC3, 0x3F, 0x2C, 0xD4, 0xE6, 0x91, 0x6C,
    0x37, 0x65, 0x6A, 0x43, 0xA7, 0xB8, 0x14, 0x75, 0xE9, 0x5F, 0xB0, 0xE4, 0x10, 0x96, 0x84, 0x32,
    0xAB, 0xCB, 0x36, 0x28, 0x70, 0x00, 0x65, 0x13, 0xEB, 0xE0, 0x64, 0x3B, 0x59, 0xB2, 0xA7, 0xE5,
    0x6F, 0x1E, 0xD2, 0x7B, 0xF8, 0x24, 0xC4, 0xBB, 0x0A, 0xA6, 0x19, 0x3B, 0xCF, 0xA3, 0x9D, 0x68,
    0xED, 0xE3, 0x6A, 0xE2, 0x21, 0x9B, 0x37, 0x34, 0x9A, 0x57, 0xC0, 0xA7, 0x38, 0xFA, 0xF0, 0x60,
    0x84, 0x0A, 0xC9, 0x5E, 0xA8, 0x74, 0x32, 0x0B, 0x65, 0xC6, 0xCE, 0xD1, 0x8E, 0x65, 0x78, 0xA4,
    0x6E, 0x0E, 0xF2, 0x5B, 0x93, 0x8E, 0x7F, 0xD4, 0xF0, 0x0C, 0xB3, 0x8F, 0xEF, 0x59, 0x84, 0x44,
    0x8E, 0x3D, 0x44, 0x64, 0x5A, 0xE0, 0x3D, 0x36, 0x37, 0x21, 0x35, 0x0B, 0x56, 0x97, 0xB2, 0xDF,
    0x9A, 0x2A, 0x41, 0x5D, 0x06, 0xF0, 0xF0, 0x7D, 0x24, 0x28, 0x38, 0xB3, 0xF0, 0x13, 0xE4, 0x30,
    0xBC, 0x65, 0x3F, 0x82, 0xAB, 0x9D, 0x87, 0x19, 0xDD, 0x1F, 0x19, 0x1E, 0x01, 0x6B, 0x88, 0xA3,
    0xEB, 0xA4, 0x35, 0xB4, 0xD5, 0x27, 0x11, 0x68, 0x11, 0xB5, 0xDC, 0x9D, 0xCE, 0x33, 0xDA, 0x3B,
    0xA6, 0x79, 0x90, 0x55, 0x6C, 0x4D, 0x75, 0x8E, 0x97, 0xDF, 0xAD, 0x93, 0x29, 0x90, 0x14, 0x76,
    0x69, 0x15, 0x0A, 0x3B, 0xDB, 0x17, 0xE7, 0x2B, 0xC4, 0xCC, 0xE3, 0x44, 0xA7, 0x3C, 0xEF, 0x71,
    0x24, 0xEA, 0x3D, 0x34, 0x6A, 0xD7, 0x40, 0x45, 0xAC, 0xB2, 0x39, 0xC9, 0x2E, 0x44, 0xB0, 0xB4,
    0xA3, 0xF5, 0xED, 0xD7, 0x20, 0xE5, 0x0B, 0xD4, 0x06, 0xC9, 0x16, 0xDD, 0x4C, 0x46, 0x5A, 0x43,
    0xFA, 0x1A, 0x03, 0x74, 0xC3, 0xA6, 0x83, 0x66, 0x33, 0x33, 0xD4, 0x6D, 0xE9, 0xB8, 0xE9, 0x9E,
    0x53, 0xAD, 0x83, 0x68, 0x76, 0xA6, 0x6C, 0xAD, 0x6C, 0xCC, 0x6D, 0x28, 0x8D, 0xFB, 0x32, 0x94,
    0xA6, 0x5C, 0x60, 0x7F, 0x08, 0x18, 0xB6, 0xBE, 0x3A, 0x2E, 0xD4, 0x34, 0xC4, 0xA7, 0x39, 0xFA,
    0x35, 0xDA, 0x4D, 0xBE, 0x16, 0xD4, 0xC9, 0x73, 0xC1, 0xBF, 0xAC, 0xFD, 0xBC, 0x28, 0x1E, 0xFA,
    0xF5, 0x11, 0x78, 0x2C, 0xBE, 0x05, 0x27, 0x69, 0x1C, 0xA3, 0x55, 0x66, 0xCF, 0xA6, 0x5F, 0xA6,
    0x06, 0xDE, 0xBA, 0x58, 0x04, 0xA6, 0xBC, 0x34, 0xAD, 0x1A, 0xA3, 0xE6, 0x92, 0xDC, 0xC3, 0xA5,
    0x95, 0xC1, 0x2A, 0x39, 0x30, 0x49, 0x30, 0x59, 0xB0, 0x8E, 0xA6, 0xD5, 0xF9, 0x1E, 0x98, 0xE3,
    0xFA, 0x4C, 0x6C, 0xB4, 0x8A, 0x65, 0xAA, 0x6B, 0x00, 0x44, 0x14, 0xF2, 0x10, 0xD8, 0x42, 0x04,
    0x84, 0x69, 0xBF, 0xA9, 0x93, 0x53, 0xEE, 0x1D, 0xC8, 0x5B, 0x16, 0x68, 0x34, 0x72, 0xF1, 0x86,
    0xCE, 0xF1, 0xDB, 0x10, 0xDA, 0x81, 0x71, 0x7E, 0x69, 0x6C, 0xB0, 0x17, 0x93, 0x24, 0xFA, 0x51,
    0xE6, 0x32, 0xE7, 0x14, 0x0E, 0xDF, 0x6D, 0x40, 0x1C, 0x8B, 0xA1, 0xDA, 0x7A, 0x1A, 0x20, 0xDB,
    0x08, 0x1F, 0xA6, 0xD7, 0x8D, 0x67, 0xC7, 0xE6, 0x11, 0x83, 0x97, 0x9E, 0x47, 0x78, 0xA7, 0xCE,
    0x23, 0x42, 0x3A, 0xF7, 0x90, 0x35, 0xE8, 0x29, 0x1D, 0xBE, 0xFC, 0x51, 0xC4, 0x74, 0x4A, 0xA3,
    0x63, 0xD4, 0x2C, 0xCB, 0x1B, 0x45, 0xE8, 0xB3, 0x26, 0x36, 0xFA, 0x06, 0x1B, 0x92, 0x2E, 0x39,
    0x9F, 0xB2, 0x8F, 0xD0, 0xA0, 0x2B, 0x8C, 0x9E, 0x73, 0xB2, 0xF4, 0x7C, 0x1A, 0xF3, 0xFD, 0x21,
    0xC1, 0x50, 0xF1, 0xD3, 0x92, 0x65, 0x12, 0x7D, 0x32, 0x70, 0xD8, 0x66, 0x1C, 0xF7, 0x38, 0xCF,
    0x18, 0x74, 0x59, 0x88, 0x3B, 0x2C, 0xC4, 0x31, 0x9A, 0x67, 0x54, 0x3F, 0x75, 0x2D, 0x2B, 0x8D,
    0x1B, 0x7C, 0x72, 0x86, 0x96, 0xFB, 0x59, 0x2E, 0x1D, 0xF7, 0x01, 0x9A, 0x67, 0xD4, 0x31, 0x89,
    0xAD, 0x23, 0x7D, 0x0A, 0x07, 0x40, 0x5F, 0x25, 0x41, 0x74, 0x77, 0x96, 0xE6, 0x62, 0x98, 0x30,
    0xD2, 0x59, 0xB6, 0x03, 0xA0, 0xC5, 0x00, 0xDA, 0xC8, 0x2E, 0xAC, 0x12, 0xF5, 0x0C, 0xB9, 0x03,
    0x19, 0x24, 0x0D, 0xC5, 0xBD, 0x3F, 0x16, 0xEF, 0xB7, 0x48, 0x34, 0x13, 0xC3, 0x53, 0x4E, 0xEA,
    0x35, 0x35, 0x39, 0xD5, 0x8D, 0xDB, 0xB8, 0xE9, 0xCF, 0xD7, 0xA6, 0xF9, 0xBF, 0x25, 0x47, 0xB2,
    0x23, 0x13, 0x69, 0x5B, 0x35, 0xCA, 0xFA, 0x63, 0xE9, 0x39, 0x0F, 0xA3, 0x01, 0x90, 0x58, 0xB8,
    0x9F, 0x03, 0x49, 0x1F, 0xDC, 0x2F, 0xD4, 0xD5, 0xAF, 0x72, 0x65, 0xFD, 0x1D, 0x84, 0xF5, 0x6B,
    0x90, 0xD5, 0x6F, 0xD2, 0x8E, 0xFC, 0x29, 0x69, 0x4B, 0x1F, 0x84, 0xB5, 0x0F, 0x68, 0x84, 0x40,
    0x46, 0xD7, 0xF4, 0xF3, 0x6C, 0x80, 0xB5, 0x57, 0x39, 0xAD, 0x59, 0x38, 0xF9, 0xDD, 0x23, 0x4D,
    0x64, 0x40, 0x7D, 0x99, 0xF1, 0x70, 0xD6, 0xE6, 0xB4, 0x3D, 0xD4, 0x61, 0x95, 0x78, 0x09, 0x08,
    0x2B, 0xC8, 0xAA, 0x82, 0x55, 0xF3, 0x61, 0x20, 0x4B, 0x23, 0x87, 0x21, 0xF0, 0xE4, 0x41, 0xD3,
    0xC9, 0x62, 0x67, 0xE7, 0xDE, 0x15, 0x79, 0xFB, 0x92, 0x79, 0xE6, 0x68, 0x81, 0x84, 0x6C, 0x0F,
    0xCF, 0x4F, 0x72, 0x44, 0x56, 0xC1, 0x70, 0xD2, 0x5C, 0x8C, 0xF3, 0x82, 0x1D, 0x3C, 0x7A, 0x38,
    0x31, 0x50, 0x30, 0xD2, 0x30, 0xB2, 0x30, 0x4E, 0x71, 0x38, 0xD5, 0xC2, 0xF9, 0x54, 0x86, 0x81,
    0xB1, 0xDA, 0x32, 0x23, 0xDD, 0x69, 0x0C, 0x65, 0x36, 0xF9, 0x0D, 0xF6, 0xF1, 0x03, 0xF3, 0xAC,
    0xCB, 0xD3, 0x59, 0xC8, 0x98, 0x49, 0x2D, 0xCC, 0x55, 0x3A, 0x59, 0x6A, 0x82, 0x27, 0x07, 0xAF,
    0x9D, 0x91, 0xE9, 0x7D, 0x31, 0x86, 0xC2, 0xC8, 0xF8, 0xFB, 0xE3, 0xB3, 0xB1, 0x32, 0x59, 0x69,
    0xB2, 0xDF, 0x3D, 0x53, 0x06, 0xCC, 0xEC, 0xE6, 0xBC, 0xD8, 0x13, 0x10, 0x32, 0xA4, 0xD5, 0x7D,
    0x87, 0xB1, 0x54, 0xA0, 0x8E, 0xA1, 0xC9, 0x69, 0x95, 0x5E, 0x12, 0x97, 0xEA, 0x4A, 0x51, 0xFA,
    0x48, 0x47, 0x2D, 0x75, 0xAB, 0xE8, 0xB6, 0xEC, 0xBC, 0x13, 0x3B, 0x69, 0x17, 0xED, 0x4F, 0x98,
    0x29, 0xC8, 0xEC, 0x8A, 0x7F, 0x6B, 0xAC, 0xC7, 0xBA, 0x77, 0x90, 0x91, 0x4D, 0xEB, 0xAF, 0x85,
    0xEA, 0x01, 0x15, 0x3D, 0xC2, 0x51, 0xDC, 0xB1, 0x81, 0xCD, 0x1A, 0xC3, 0xE3, 0xC7, 0xAC, 0x22,
    0xD8, 0xD0, 0x3D, 0x5A, 0x51, 0xE1, 0xA8, 0x9D, 0xC2, 0x1F, 0x22, 0xDC, 0x86, 0x95, 0x20, 0x9E,
    0x90, 0x64, 0x3E, 0xBC, 0x05, 0x04, 0xFC, 0x9E, 0xB3, 0xEA, 0x12, 0xFB, 0x67, 0xB9, 0xC3, 0x29,
    0x03, 0x7D, 0x3B, 0xC8, 0xC4, 0xB2, 0x6D, 0x24, 0x1D, 0xDC, 0x40, 0xBC, 0xE2, 0xFA, 0x21, 0xA7,
    0xD4, 0x88, 0x93, 0xEF, 0xAC, 0xCD, 0x29, 0x3E, 0x6B, 0x08, 0xA7, 0x50, 0x1C, 0x42, 0x3D, 0x29,
    0xF4, 0x08, 0x8A, 0x13, 0x28, 0x02, 0x8A, 0xF3, 0x27, 0xD2, 0xFB, 0xA1, 0x01, 0x95, 0xDD, 0x80,
    0x8A, 0xCC, 0x5E, 0x99, 0x54, 0x60, 0x40, 0x75, 0x01, 0xDB, 0xC1, 0xD9, 0x4A, 0x1B, 0xAF, 0x98,
    0x02, 0x57, 0x9C, 0x33, 0x82, 0xC8, 0x2D, 0xCD, 0x30, 0xAD, 0x83, 0x54, 0x7A, 0x79, 0x7D, 0xA1,
    0x56, 0x2D, 0xC7, 0x5E, 0x7B, 0x6C, 0x88, 0x9D, 0xF2, 0x22, 0x79, 0x7B, 0xA1, 0x93, 0x7A, 0x55,
    0x7B, 0xCF, 0xE1, 0x38, 0xBB, 0x48, 0x30, 0x0A, 0x48, 0x42, 0x06, 0x81, 0x5F, 0xD3, 0x66, 0x4A,
    0x46, 0x3B, 0x0A, 0x36, 0x38, 0x84, 0xAB, 0x9D, 0xCB, 0xB1, 0x81, 0x19, 0x3B, 0x50, 0xBA, 0x6A,
    0x71, 0x1C, 0xBB, 0x58, 0x68, 0xC9, 0x2E, 0x6A, 0xFA, 0xFE, 0xB4, 0xF3, 0x0D, 0x58, 0x06, 0x6A,
    0xF1, 0x72, 0x3F, 0xF2, 0x23, 0x52, 0x1C, 0x3F, 0x8A, 0xAD, 0x43, 0x4D, 0x2F, 0xEA, 0xFF, 0x44,
    0x9A, 0x69, 0x32, 0x04, 0xF7, 0xA3, 0x9F, 0xA1, 0xDA, 0x54, 0xE8, 0x36, 0x74, 0xAB, 0x40, 0x64,
    0xA5, 0xE2, 0x7C, 0x86, 0x6E, 0x4C, 0xE6, 0x6D, 0xCC, 0xB2, 0xEC, 0xB5, 0x19, 0xA5, 0x13, 0x96,
    0x74, 0x91, 0x8B, 0xEE, 0xFF, 0xD1, 0xB2, 0x57, 0xB0, 0x77, 0x1B, 0x79, 0x31, 0x86, 0x96, 0x16,
    0xB4, 0xAA, 0xF7, 0x12, 0x71, 0xAE, 0x46, 0xCB, 0x9C, 0x42, 0xDA, 0xB6, 0xA8, 0x0F, 0x53, 0xE7,
    0xF3, 0x8C, 0x09, 0xF5, 0xE3, 0x77, 0x5F, 0x6E, 0x0A, 0xC9, 0x04, 0xC1, 0x76, 0x81, 0x24, 0x60,
    0xDD, 0x4E, 0x17, 0xCE, 0x72, 0x39, 0x13, 0x52, 0x64, 0x86, 0x3A, 0x87, 0x61, 0x76, 0xFA, 0xE9,
    0x9C, 0x16, 0x7E, 0x4B, 0xDB, 0x78, 0xE7, 0xA8, 0xD3, 0x35, 0x98, 0xF1, 0x7E, 0x9D, 0x8A, 0x7D,
    0x25, 0x59, 0xEA, 0x84, 0xF4, 0x06, 0x70, 0x59, 0xC2, 0x5B, 0xE4, 0x6B, 0x64, 0x3D, 0x6B, 0x2B,
    0x67, 0x9B, 0x90, 0x9A, 0xB3, 0x44, 0x1F, 0xF4, 0x41, 0x2A, 0x9E, 0x35, 0x3F, 0xCB, 0x65, 0xD9,
    0x7B, 0x2A, 0x2E, 0x5F, 0xC1, 0xDE, 0xD5, 0xD5, 0x93, 0xE3, 0x7E, 0x77, 0x42, 0x07, 0x72, 0xFE,
    0x85, 0x58, 0xB2, 0xF0, 0x4F, 0x40, 0x5E, 0xA4, 0x20, 0xF5, 0x02, 0x15, 0x00, 0xF5, 0x0A, 0x12,
    0x13, 0x4B, 0x48, 0x5B, 0xF8, 0xD0, 0xD7, 0x33, 0x12, 0x63, 0xB1, 0xB9, 0x2B, 0xC8, 0x57, 0xFE,
    0xE9, 0x71, 0xBF, 0x51, 0x27, 0x16, 0x09, 0x46, 0xD3, 0xB2, 0x38, 0xD3, 0xE6, 0xA2, 0x81, 0xD7,
    0x49, 0xF1, 0x69, 0xCA, 0x0C, 0x01, 0x9F, 0x21, 0x6F, 0x26, 0x73, 0x3C, 0x2D, 0xCB, 0xDE, 0x53,
    0xF3, 0xEA, 0x2B, 0xD8, 0xFB, 0x82, 0xB8, 0x5F, 0xDA, 0x74, 0xF1, 0x14, 0xFC, 0xBE, 0xDA, 0x34,
    0xF4, 0xE4, 0x5C, 0xB0, 0xBC, 0x69, 0xE8, 0x22, 0x7E, 0xBD, 0xE3, 0x1D, 0xF6, 0xAB, 0xD8, 0x4B,
    0xF2, 0xCD, 0x24, 0xBB, 0x2F, 0xEF, 0xEB, 0xA4, 0x5B, 0x36, 0x0F, 0xF2, 0xA7, 0x3E, 0x79, 0x22,
    0x72, 0x97, 0x7D, 0xAC, 0xBD, 0x9C, 0x79, 0xEB, 0x1D, 0xEC, 0x95, 0x72, 0x36, 0xEA, 0x86, 0xDB,
    0x95, 0x86, 0x6B, 0x93, 0x9E, 0x06, 0xFA, 0x3E, 0xA6, 0xAE, 0xA3, 0xE2, 0x94, 0x2B, 0xC6, 0xDF,
    0x33, 0x51, 0x99, 0x29, 0xEF, 0x5A, 0xE1, 0x50, 0x2E, 0x81, 0x3C, 0xF7, 0xA7, 0x6D, 0x86, 0x18,
    0x19, 0xFC, 0x6E, 0x98, 0x1A, 0x2C, 0xA0, 0x35, 0x19, 0xBB, 0x35, 0x14, 0x1D, 0x2B, 0x44, 0x27,
    0x00, 0xA7, 0xF5, 0xA2, 0x31, 0x4B, 0x73, 0x93, 0xDF, 0xDC, 0xB5, 0xD0, 0x97, 0xF6, 0x13, 0x43,
    0xD7, 0x4D, 0xF6, 0x64, 0xEA, 0x2C, 0x58, 0xBB, 0xA0, 0x05, 0xC2, 0x3D, 0xDE, 0xEF, 0xA7, 0x64,
    0x5F, 0xCB, 0xED, 0xEA, 0xFF, 0xA1, 0x95, 0xF8, 0xE0, 0x04, 0xDA, 0x46, 0x48, 0xC1, 0x77, 0x20,
    0x83, 0x74, 0x6D, 0x45, 0xA7, 0x68, 0xD6, 0xBC, 0x77, 0x58, 0x54, 0x9B, 0x3B, 0xB7, 0x6A, 0xB6,
    0xE8, 0xBB, 0xB9, 0xDC, 0x07, 0x69, 0xBD, 0x6C, 0xF0, 0xC6, 0x1E, 0x47, 0x15, 0xBE, 0x9E, 0x57,
    0xE8, 0x1B, 0x80, 0xBA, 0x41, 0x31, 0x77, 0x90, 0x67, 0x8B, 0x36, 0x98, 0xA3, 0x29, 0x09, 0x52,
    0xEA, 0xE0, 0xB0, 0x81, 0x35, 0x41, 0xFF, 0xE1, 0x43, 0xD0, 0x04, 0xEB, 0x27, 0xEE, 0xB4, 0x4C,
    0x17, 0xA6, 0x53, 0xD8, 0x4D, 0x58, 0x18, 0xF4, 0x43, 0x7B, 0x4F, 0x8F, 0xB5, 0x13, 0xF3, 0xDC,
    0x30, 0xD9, 0x1F, 0x31, 0x79, 0x25, 0xD2, 0xFF, 0xA4, 0x99, 0x6B, 0x58, 0x27, 0xCC, 0x35, 0xF8,
    0x27, 0x17, 0xA5, 0x74, 0x20, 0xB9, 0x8D, 0x47, 0x8C, 0x44, 0x30, 0xD4, 0xB7, 0x7B, 0xB2, 0xE6,
    0x76, 0x4F, 0x5D, 0xE7, 0x0A, 0x95, 0x09, 0x00, 0x4E, 0x1B, 0x00, 0x83, 0xDB, 0xAA, 0x08, 0x00,
    0xE6, 0x1D, 0x71, 0xDD, 0xAB, 0x52, 0x84, 0x2E, 0x3E, 0xFC, 0xAB, 0x05, 0xFE, 0xD1, 0xC2, 0x74,
    0xC4, 0x77, 0x71, 0xC1, 0x39, 0xD5, 0x6C, 0x8C, 0x20, 0xF6, 0x7F, 0x2B, 0x3A, 0x1A, 0x3E, 0xF6,
    0x23, 0xDD, 0x1F, 0xA5, 0xDE, 0x62, 0x97, 0x14, 0x2D, 0x76, 0x49, 0x04, 0x34, 0xC1, 0xFC, 0x3F,
    0x63, 0xFE, 0xC1, 0xFF, 0x57, 0x57, 0xCE, 0x82, 0x1F, 0x00, 0xBD, 0x5B, 0xBF, 0x8F, 0x1C, 0x57,
    0x72, 0x7E, 0xDD, 0x0D, 0xAB, 0x7D, 0xD7, 0x3E, 0x3D, 0x07, 0x0E, 0x74, 0xA0, 0xB5, 0xED, 0x40,
    0x80, 0x75, 0x00, 0x77, 0xFA, 0x82, 0x0B, 0x14, 0xF4, 0xCC, 0xB4, 0xC4, 0x80, 0x81, 0x02, 0xFA,
    0x1F, 0x10, 0xA0, 0xE0, 0x32, 0xC3, 0x27, 0x05, 0x02, 0xBC, 0x86, 0x7B, 0x77, 0x5A, 0x64, 0xA0,
    0x40, 0xC0, 0x89, 0xFF, 0x80, 0x71, 0x0C, 0x2E, 0x36, 0x2E, 0xD8, 0x60, 0x0E, 0x18, 0x72, 0x9A,
    0xBB, 0x01, 0x83, 0x0B, 0xD4, 0x14, 0x0D, 0x3B, 0x10, 0xA0, 0x6B, 0x89, 0x84, 0x15, 0x18, 0xB0,
    0x9A, 0xD2, 0xC3, 0x5D, 0xD3, 0x9A, 0xD9, 0xF6, 0xF7, 0xD5, 0x7B, 0xF3, 0x6B, 0x77, 0x49, 0x51,
    0xCB, 0xA5, 0x96, 0xEA, 0xE1, 0x6A, 0x38, 0x5D, 0x5D, 0xAF, 0x5E, 0xD5, 0x57, 0x5F, 0x55, 0xBD,
    0x51, 0x5E, 0xA1, 0x54, 0x50, 0x2B, 0xE5, 0x19, 0xA5, 0xD4, 0x2E, 0xAE, 0xBF, 0x52, 0xF2, 0x33,
    0xED, 0x8C, 0xEA, 0xBA, 0x46, 0x35, 0xF8, 0x27, 0x5C, 0x7E, 0x6D, 0x3F, 0x16, 0x54, 0x4A, 0x85,
    0xA5, 0x52, 0x51, 0x77, 0xA4, 0x74, 0x37, 0x57, 0x3A, 0x53, 0x2A, 0xC6, 0xC7, 0x13, 0x5C, 0x03,
    0x5C, 0x7D, 0x5C, 0xB9, 0xDC, 0x3E, 0xC3, 0xED, 0x33, 0x7C, 0xF8, 0x6A, 0xAD, 0xF4, 0x61, 0xA3,
    0xA2, 0x37, 0x2A, 0xB5, 0xF8, 0x39, 0x27, 0xD9, 0xBA, 0xEB, 0x0A, 0x5C, 0x99, 0x1A, 0xE3, 0x4D,
    0xAA, 0xBF, 0x90, 0x87, 0x2B, 0xE8, 0x1E, 0xE0, 0x9A, 0xAB, 0xB0, 0x1A, 0xAA, 0xA8, 0x8C, 0x33,
    0x5D, 0xE8, 0x8C, 0x7F, 0x62, 0x48, 0x4C, 0x20, 0x6D, 0xA0, 0x66, 0xAA, 0x3F, 0x34, 0x2A, 0x1F,
    0x16, 0xD4, 0xE8, 0x47, 0xCA, 0x3D, 0x47, 0xDD, 0xC4, 0x15, 0x40, 0x80, 0xF2, 0x0A, 0xA7, 0xAD,
    0x87, 0xC7, 0x28, 0x9F, 0xCF, 0xA1, 0x82, 0x2A, 0x80, 0x86, 0xA2, 0xA6, 0x8A, 0xF8, 0x09, 0x2A,
    0xA9, 0x34, 0x3F, 0x17, 0x2F, 0x65, 0x50, 0x59, 0xD1, 0x56, 0xD4, 0x55, 0x13, 0xBE, 0xB4, 0xCA,
    0x29, 0x39, 0xC4, 0xC2, 0xF1, 0x52, 0x8B, 0xE4, 0xEB, 0x2A, 0x86, 0x2D, 0x6E, 0x65, 0xBF, 0xF3,
    0xF1, 0x4F, 0x21, 0xC4, 0xEB, 0xC2, 0x0A, 0x1A, 0xB8, 0x4F, 0xF2, 0xCA, 0x9D, 0x20, 0x5E, 0xA9,
    0xFB, 0xB7, 0xA4, 0x78, 0x09, 0x76, 0x9A, 0x41, 0x04, 0x6E, 0xF2, 0x21, 0x27, 0xE9, 0x5A, 0xB5,
    0xA7, 0xDE, 0x95, 0xE7, 0x18, 0x77, 0xC1, 0xFC, 0x6A, 0x04, 0xFD, 0x12, 0x3C, 0xCC, 0x9F, 0xF3,
    0x7F, 0x9C, 0xC2, 0x7C, 0x8A, 0xB5, 0xEE, 0xCF, 0xD4, 0x2D, 0x3C, 0xA3, 0x55, 0x17, 0x20, 0x02,
    0x86, 0xAD, 0x61, 0xD8, 0x6A, 0x63, 0x33, 0x64, 0x43, 0xDC, 0xC7, 0xB5, 0x5B, 0x65, 0xCF, 0x2D,
    0x2F, 0x75, 0x4A, 0x39, 0xFB, 0x2F, 0x6E, 0x7F, 0xCC, 0x9E, 0x9F, 0x8F, 0xEC, 0x48, 0x36, 0xBE,
    0x3D, 0xB6, 0xE3, 0x4E, 0x68, 0xB0, 0x10, 0x5A, 0xAE, 0xAF, 0xD1, 0x5A, 0x6C, 0x57, 0xFD, 0xC4,
    0x9B, 0x89, 0x3D, 0x43, 0x6C, 0x25, 0x5E, 0x0A, 0xF9, 0x25, 0xBA, 0x82, 0x8F, 0xE1, 0xE1, 0x7A,
    0x4B, 0xA9, 0xAD, 0x6D, 0xA5, 0xB6, 0x87, 0xB5, 0x4A, 0x87, 0xAD, 0x4A, 0x77, 0x26, 0x6A, 0xBC,
    0x9F, 0x2A, 0xD3, 0xA4, 0xAA, 0x69, 0x52, 0xFF, 0xF3, 0x3A, 0x0F, 0x0E, 0xAA, 0x71, 0x74, 0xAD,
    0x6A, 0x92, 0xE0, 0xB0, 0xBE, 0x19, 0x76, 0xE5, 0xBB, 0xE1, 0x11, 0xF4, 0x0C, 0x0B, 0x95, 0x47,
    0xF0, 0x41, 0xC8, 0x30, 0xB8, 0x9A, 0x18, 0x1A, 0xF5, 0xA0, 0x51, 0x1F, 0xFE, 0xD7, 0xD5, 0xB8,
    0xDA, 0xB0, 0x1C, 0xE7, 0x61, 0x61, 0xD2, 0x28, 0x6B, 0x52, 0xED, 0xE1, 0xF2, 0xEB, 0x9D, 0xAD,
    0xA0, 0x32, 0xDB, 0xC1, 0x41, 0x93, 0x42, 0x4E, 0x0A, 0x39, 0x51, 0xD7, 0xD1, 0x9F, 0xD5, 0xE9,
    0xBE, 0x6C, 0x70, 0x1D, 0x2D, 0x7C, 0x19, 0x2B, 0xC3, 0x95, 0x25, 0x58, 0x59, 0x0F, 0xFE, 0xD6,
    0xC7, 0xEA, 0x52, 0xBC, 0xE6, 0xF8, 0xC3, 0x9B, 0x15, 0xBD, 0x92, 0xB7, 0x29, 0x4D, 0xEB, 0x0F,
    0xF9, 0xD6, 0xAB, 0x8B, 0x5D, 0x98, 0xC0, 0x47, 0x54, 0xEB, 0xC1, 0x7C, 0x26, 0xAC, 0xA9, 0x6C,
    0x81, 0xA7, 0xE0, 0x2D, 0xFF, 0x73, 0x3C, 0x33, 0xF8, 0x94, 0x26, 0x14, 0xE3, 0xD0, 0x59, 0xA2,
    0x8E, 0x32, 0xAE, 0xD0, 0x8C, 0xF4, 0xCC, 0x98, 0x32, 0x7B, 0xF4, 0xAF, 0x01, 0x3D, 0x9A, 0x8F,
    0xC5, 0x13, 0x13, 0xCA, 0x94, 0x18, 0x78, 0x7B, 0x0D, 0x43, 0x68, 0xF3, 0x17, 0xEC, 0x13, 0xC7,
    0xF8, 0x9C, 0x51, 0x73, 0xD5, 0xF8, 0x33, 0xAF, 0x09, 0x67, 0x7E, 0xAD, 0xC7, 0x41, 0x95, 0xEE,
    0x07, 0xE5, 0x7E, 0x13, 0xDE, 0x6E, 0x9A, 0xE8, 0xDA, 0xED, 0x46, 0xBF, 0xF9, 0x46, 0xAD, 0x61,
    0x90, 0x38, 0x0D, 0xCA, 0x9E, 0x09, 0xCB, 0x61, 0x1D, 0x15, 0xC3, 0x52, 0x67, 0x43, 0x38, 0xC5,
    0x1E, 0x64, 0x4D, 0xC4, 0x29, 0xDE, 0x7D, 0x91, 0xD2, 0xF8, 0xDB, 0x88, 0x7E, 0x1D, 0xD7, 0x6A,
    0xED, 0x27, 0xA7, 0xB1, 0x52, 0xFA, 0x40, 0x9F, 0x9B, 0x3F, 0xA0, 0x4A, 0x09, 0x95, 0x8B, 0xE9,
    0x48, 0x3A, 0x83, 0xD6, 0xFA, 0x7D, 0xE8, 0x1F, 0x1D, 0x72, 0x89, 0x7F, 0x80, 0x7B, 0x04, 0x5F,
    0xD1, 0x4C, 0x47, 0x8C, 0x42, 0x8A, 0xA3, 0xAD, 0x6D, 0x7C, 0xC3, 0x24, 0xEA, 0xEF, 0xF9, 0x7E,
    0x52, 0xDB, 0xB8, 0xA5, 0xFE, 0x7D, 0x8A, 0x87, 0x01, 0x72, 0xB8, 0x2F, 0xF4, 0x57, 0x06, 0x9E,
    0xD6, 0x84, 0xA5, 0xD7, 0x44, 0x05, 0x56, 0x94, 0x05, 0x95, 0x86, 0xEF, 0xC5, 0xF0, 0xBD, 0x1E,
    0x1C, 0xBA, 0x8F, 0x1D, 0x4A, 0xF1, 0xD0, 0x1C, 0x4F, 0x9F, 0x62, 0x4F, 0x3B, 0xEC, 0xDD, 0xF1,
    0x7D, 0x95, 0xE7, 0xC9, 0x0E, 0x71, 0x21, 0x03, 0x5C, 0xBF, 0xC7, 0xF5, 0xB0, 0x51, 0xC1, 0x5D,
    0x38, 0x68, 0xD9, 0x60, 0xE9, 0x8D, 0xDA, 0x52, 0x5C, 0x54, 0x83, 0x7B, 0x89, 0x97, 0x06, 0x18,
    0xC4, 0xE7, 0x1A, 0x84, 0x0C, 0x3D, 0xAD, 0x85, 0x2D, 0xDA, 0x3E, 0x35, 0x5C, 0xE0, 0xA9, 0x59,
    0xF3, 0x99, 0x45, 0x98, 0x01, 0x07, 0xC5, 0xB7, 0x8A, 0x18, 0x16, 0x0D, 0xCB, 0x35, 0x3D, 0xCB,
    0xBE, 0x8A, 0xB3, 0xD4, 0x9B, 0xAA, 0x11, 0xC2, 0x69, 0x74, 0x84, 0x3D, 0x9C, 0x42, 0x4F, 0x06,
    0x99, 0x09, 0x1B, 0x0F, 0x7F, 0x7C, 0x5C, 0x41, 0x8D, 0xAB, 0x0A, 0xAA, 0xB0, 0x8C, 0x8B, 0x08,
    0x78, 0x2A, 0xD8, 0x9C, 0xC5, 0x85, 0x86, 0x8C, 0x95, 0x1C, 0xAE, 0xD7, 0xCA, 0x99, 0x1E, 0x15,
    0xCF, 0x13, 0x31, 0xF1, 0x57, 0xE9, 0x5E, 0x72, 0x0A, 0x9B, 0x50, 0x58, 0x4B, 0x61, 0x88, 0x3B,
    0x2C, 0x3E, 0xE1, 0xCA, 0x07, 0x5C, 0x7A, 0x9F, 0x8F, 0xCC, 0x09, 0x03, 0x13, 0x3E, 0xA8, 0x65,
    0x24, 0x40, 0xD8, 0x2E, 0x0D, 0xD4, 0xC2, 0x42, 0x3E, 0x96, 0x06, 0xEB, 0x40, 0x34, 0xC2, 0xCE,
    0xA8, 0x17, 0xF9, 0xA8, 0x6D, 0xEB, 0x45, 0xBE, 0x73, 0xA5, 0xB1, 0x68, 0x7E, 0x5E, 0x89, 0x30,
    0x0E, 0xCA, 0x31, 0x22, 0xE9, 0x36, 0x1E, 0x18, 0x5E, 0xAB, 0x94, 0x8E, 0xDE, 0x2C, 0x00, 0x3E,
    0x50, 0x3D, 0xFC, 0x08, 0x9F, 0x0D, 0x3E, 0x1B, 0xD3, 0x27, 0xF9, 0x00, 0x2E, 0x2E, 0xE4, 0x4B,
    0xBC, 0x87, 0x67, 0xA4, 0xBF, 0xC7, 0x7B, 0xC6, 0x40, 0xE1, 0xBA, 0x01, 0x0C, 0xDC, 0x6E, 0xF6,
    0x95, 0xBE, 0x5A, 0x8F, 0x21, 0xAE, 0xDA, 0x51, 0xFD, 0x80, 0x4B, 0x7C, 0x01, 0xD6, 0x1E, 0x42,
    0xCB, 0x9F, 0x89, 0x27, 0x2F, 0x32, 0x05, 0x56, 0x7C, 0xA1, 0x46, 0x7A, 0x41, 0x20, 0x30, 0xA4,
    0xE3, 0xCA, 0xEA, 0xED, 0xAF, 0x39, 0x48, 0x54, 0xFD, 0x54, 0x8D, 0x8A, 0x61, 0x47, 0xF8, 0xA9,
    0xCF, 0x2F, 0x54, 0xBD, 0xF2, 0x35, 0x68, 0x8B, 0xF5, 0x70, 0xDF, 0x46, 0xC5, 0x32, 0x48, 0xCF,
    0x4B, 0xFE, 0x73, 0x04, 0x31, 0x3A, 0xAE, 0xA2, 0xE3, 0x7A, 0xF4, 0x27, 0xBF, 0xA6, 0x3F, 0x55,
    0x3D, 0xBA, 0xB0, 0xF8, 0x53, 0x4A, 0x17, 0xA6, 0x53, 0x65, 0x63, 0xEE, 0xB6, 0xA1, 0x18, 0x08,
    0x4C, 0xE9, 0x18, 0x63, 0x78, 0x06, 0xE3, 0x05, 0x96, 0x85, 0x6F, 0xC4, 0x25, 0x9C, 0x63, 0x4A,
    0x2C, 0x7A, 0xCF, 0x65, 0x22, 0xC8, 0x8B, 0xB1, 0x0E, 0x64, 0x6E, 0x64, 0xE1, 0x61, 0x01, 0xBD,
    0xFE, 0xF9, 0xEA, 0x67, 0x4A, 0x7D, 0x73, 0xF8, 0x6F, 0x78, 0xF9, 0x03, 0x5C, 0xEF, 0xFE, 0x67,
    0x70, 0xBD, 0x4F, 0x66, 0x70, 0xBD, 0x03, 0x93, 0xAB, 0xF0, 0xA0, 0x19, 0x33, 0x5E, 0xF6, 0x19,
    0x2A, 0x8D, 0x7D, 0xD9, 0xA2, 0x07, 0xF6, 0xE9, 0x82, 0xE2, 0x9F, 0xB9, 0xF8, 0xE7, 0x1A, 0x40,
    0xE1, 0xCA, 0xFD, 0x05, 0x40, 0x55, 0x0E, 0xA0, 0x90, 0x84, 0xE0, 0xE1, 0x15, 0x40, 0x4A, 0x02,
    0x36, 0x81, 0x50, 0xC2, 0x23, 0x82, 0x56, 0xE5, 0x62, 0xD1, 0x44, 0x44, 0x88, 0xB9, 0x86, 0x58,
    0x79, 0xAB, 0x4B, 0xAE, 0x20, 0xC2, 0xAB, 0xCE, 0xFC, 0x3A, 0x96, 0x80, 0x0A, 0x98, 0xCE, 0x2A,
    0x3E, 0x70, 0x82, 0x35, 0x4D, 0xC4, 0x00, 0xBC, 0x77, 0x00, 0x19, 0x13, 0x35, 0x84, 0x55, 0x63,
    0x78, 0xAC, 0x58, 0x9C, 0x68, 0xD7, 0x75, 0x73, 0xEA, 0x82, 0x6B, 0xE2, 0x3F, 0x1D, 0x60, 0x66,
    0xA9, 0xD3, 0x67, 0xBC, 0xD0, 0x27, 0x01, 0x22, 0x8D, 0xE0, 0x96, 0xE3, 0xD0, 0x60, 0x7D, 0x2D,
    0x61, 0x10, 0xF2, 0x5A, 0xC8, 0xC3, 0xDA, 0x82, 0x06, 0x77, 0x97, 0x08, 0x5F, 0x6C, 0xF0, 0x83,
    0x53, 0xF9, 0xC3, 0x22, 0xFE, 0x84, 0x1C, 0x59, 0x92, 0xF5, 0xF6, 0x71, 0x92, 0x75, 0x9C, 0x6B,
    0x2C, 0xAE, 0xDD, 0x35, 0x92, 0xA5, 0x85, 0x64, 0xDD, 0x80, 0x69, 0xBA, 0x72, 0x44, 0xF7, 0x58,
    0x0F, 0xEE, 0x89, 0x83, 0xA9, 0x35, 0xE0, 0x3D, 0x41, 0x45, 0x8E, 0xF1, 0x9B, 0xE7, 0x98, 0xAA,
    0x16, 0xF9, 0xE5, 0xC2, 0x5C, 0x7C, 0x38, 0xF8, 0xF3, 0x1F, 0x4B, 0x7D, 0x78, 0x58, 0xC5, 0xE1,
    0x61, 0x35, 0x88, 0xAE, 0xD5, 0xA9, 0xC6, 0x0E, 0xF2, 0xDA, 0x02, 0x30, 0x6E, 0xEB, 0xA2, 0x9F,
    0x26, 0x6A, 0x98, 0xCF, 0x60, 0x9C, 0x06, 0x10, 0x92, 0xC9, 0xAD, 0x72, 0x25, 0x34, 0x12, 0x69,
    0x06, 0xFE, 0x1B, 0x28, 0xD9, 0x6F, 0x15, 0xDE, 0x25, 0x66, 0xDC, 0x17, 0xB2, 0x89, 0x8F, 0x7A,
    0x7C, 0xAA, 0xF0, 0xCB, 0x80, 0x2F, 0x11, 0x37, 0x3E, 0xFE, 0x15, 0x5E, 0xF6, 0xB8, 0xCE, 0x16,
    0x4B, 0x0A, 0x1A, 0x2C, 0x2E, 0x62, 0x14, 0x24, 0xD8, 0x6D, 0x44, 0x2C, 0x01, 0x07, 0xB4, 0x0A,
    0x4A, 0xD2, 0x2F, 0xC6, 0xB0, 0x95, 0xC1, 0x5B, 0x48, 0x2E, 0x08, 0x9A, 0xD2, 0x87, 0x6F, 0x04,
    0x88, 0x75, 0xF8, 0x85, 0x24, 0x29, 0x4B, 0x73, 0x7A, 0xE2, 0xA7, 0xB4, 0x4B, 0x02, 0xB3, 0x0D,
    0x98, 0x4C, 0x8B, 0x8E, 0xD1, 0x79, 0x0A, 0x5B, 0xD4, 0x45, 0x70, 0xAA, 0x5F, 0xD1, 0xCF, 0x53,
    0x7C, 0xB6, 0x8F, 0xCF, 0x0E, 0xB1, 0xB3, 0x09, 0xF6, 0x33, 0x24, 0x1E, 0x9F, 0xCA, 0xB4, 0x6A,
    0xBE, 0xD5, 0xC3, 0x5B, 0x36, 0xE1, 0xD7, 0x48, 0xF8, 0xC8, 0x03, 0x4C, 0xBA, 0xE2, 0xBF, 0xD7,
    0xEE, 0x36, 0xD1, 0xA5, 0x83, 0x5A, 0x87, 0x07, 0x95, 0x8E, 0xAE, 0x95, 0x5B, 0xFA, 0x52, 0xB9,
    0xAD, 0xC3, 0xA2, 0x1F, 0x47, 0x59, 0xDA, 0x83, 0xFF, 0xF6, 0x35, 0x74, 0x3C, 0xB2, 0x09, 0xDF,
    0x48, 0xEA, 0x66, 0x4C, 0xEE, 0x40, 0xCE, 0x3E, 0xE3, 0x91, 0x32, 0x02, 0xC4, 0x40, 0x78, 0xED,
    0xA0, 0x8E, 0x2E, 0x1D, 0x56, 0x48, 0x04, 0xA5, 0x8E, 0x2E, 0x43, 0x4E, 0x54, 0x6C, 0x6B, 0xE8,
    0xBA, 0x05, 0x5D, 0xB7, 0x63, 0x95, 0xA7, 0xBD, 0x27, 0xAE, 0x95, 0xE6, 0xD6, 0xB3, 0x4D, 0xFF,
    0x93, 0x65, 0x20, 0x5C, 0x7C, 0xE4, 0xA2, 0xA0, 0x1A, 0x39, 0x2B, 0xE8, 0x2C, 0x2A, 0x6C, 0xD9,
    0xA3, 0x55, 0x62, 0xAD, 0x20, 0x24, 0xB8, 0x46, 0x78, 0x89, 0x2F, 0x42, 0xA5, 0x31, 0xFD, 0xD4,
    0xD0, 0x51, 0x01, 0x33, 0x99, 0x47, 0xAC, 0x81, 0xC2, 0x31, 0x41, 0xB4, 0x87, 0x17, 0x44, 0x3E,
    0xB0, 0x08, 0x0F, 0x2D, 0x80, 0x4A, 0x3A, 0x33, 0x48, 0x62, 0xC8, 0x47, 0xF8, 0xF7, 0x06, 0x80,
    0xE4, 0x81, 0xB1, 0x6C, 0x07, 0x5F, 0xD4, 0xAA, 0xAF, 0xE1, 0xAE, 0xC3, 0x0E, 0xE2, 0x46, 0x86,
    0x6E, 0x7F, 0x4A, 0x64, 0xAC, 0x28, 0x49, 0x4B, 0x4A, 0x52, 0x80, 0x92, 0x10, 0x95, 0x6A, 0xEC,
    0x98, 0xA0, 0x4C, 0x4F, 0xB2, 0xB6, 0x2E, 0x41, 0x49, 0xB2, 0x11, 0x76, 0x68, 0x44, 0x2C, 0xA6,
    0x2F, 0x4F, 0xF1, 0xCB, 0x8D, 0xC8, 0xE5, 0xAE, 0x65, 0x71, 0x63, 0xAF, 0x04, 0x91, 0x2D, 0xFC,
    0xC0, 0x73, 0x4F, 0x08, 0x1D, 0xF5, 0x1F, 0xAA, 0x57, 0xFD, 0x99, 0x00, 0xC8, 0x05, 0xAE, 0x34,
    0xF5, 0xA1, 0x4D, 0xAE, 0xF1, 0xEB, 0x24, 0x81, 0x31, 0xDB, 0x9C, 0x74, 0x1D, 0xC4, 0xC1, 0x6B,
    0x1A, 0xBC, 0x3C, 0xC4, 0x8B, 0x7F, 0xBF, 0xE2, 0x9A, 0x01, 0x90, 0x78, 0xE9, 0xA9, 0xF0, 0x0E,
    0x20, 0x3F, 0xFA, 0x10, 0x68, 0xAF, 0xDF, 0x2C, 0xB0, 0x66, 0x2C, 0x5F, 0xC5, 0xD1, 0xD5, 0x46,
    0xF5, 0xA2, 0x3B, 0x25, 0x12, 0x2F, 0x76, 0x26, 0xF5, 0x84, 0xA2, 0x30, 0xBD, 0x0A, 0xD9, 0xD1,
    0x70, 0x3E, 0xB1, 0x32, 0xB6, 0xA8, 0xA7, 0xC4, 0x63, 0x61, 0x87, 0x3E, 0x5F, 0x72, 0x16, 0x62,
    0x13, 0x25, 0x55, 0x1A, 0x16, 0x0F, 0xDD, 0xE3, 0xD7, 0xA1, 0x70, 0x9F, 0x2B, 0x6A, 0xA1, 0x36,
    0xD8, 0x48, 0x05, 0xD5, 0xA1, 0x3C, 0x76, 0xAC, 0x84, 0xF2, 0x5C, 0xC2, 0x05, 0xA1, 0x63, 0x45,
    0x68, 0x2C, 0xE1, 0x1A, 0xBA, 0x28, 0x18, 0x43, 0x64, 0x8B, 0xDF, 0x0C, 0xE4, 0xB6, 0xF8, 0x73,
    0x33, 0x6C, 0xA5, 0x84, 0x8B, 0x1E, 0xED, 0x90, 0x76, 0xEF, 0x43, 0x19, 0xA8, 0xFA, 0x28, 0x93,
    0xD2, 0x6F, 0x66, 0xAB, 0x59, 0xA2, 0x5E, 0xF4, 0xA9, 0x01, 0x9A, 0x1D, 0x81, 0x09, 0x50, 0x92,
    0xCE, 0x5C, 0x16, 0xC8, 0x72, 0x47, 0x55, 0x29, 0xBB, 0x2F, 0x68, 0xDE, 0x02, 0x13, 0x40, 0x8E,
    0x68, 0x37, 0x87, 0x25, 0xBE, 0x41, 0x3E, 0x00, 0x09, 0x94, 0x52, 0x9A, 0x6C, 0x07, 0x57, 0x2C,
    0xB0, 0xB5, 0x90, 0x33, 0x82, 0x0E, 0x33, 0xAC, 0xEF, 0xBA, 0xF2, 0xA6, 0x0F, 0x50, 0x79, 0x07,
    0xCC, 0x75, 0x30, 0xC5, 0x9E, 0xBA, 0xD0, 0x86, 0x5D, 0x95, 0x3C, 0x20, 0xAA, 0x8E, 0x59, 0x5F,
    0xFF, 0x03, 0xF6, 0x2B, 0xEA, 0x1A, 0x5F, 0x38, 0xA2, 0x71, 0xA0, 0x36, 0x74, 0x4E, 0xEE, 0xAA,
    0xD3, 0x77, 0xBE, 0x2A, 0x60, 0xD2, 0x22, 0xAA, 0xE3, 0x02, 0x0F, 0xCC, 0x92, 0xB5, 0x84, 0x95,
    0x4B, 0xD2, 0x49, 0x71, 0x21, 0x4D, 0x84, 0x0D, 0x1E, 0xE9, 0x12, 0x4F, 0xD2, 0x72, 0x1B, 0x14,
    0xEE, 0xC9, 0x58, 0xEF, 0x93, 0xDD, 0xE6, 0x60, 0xB7, 0x53, 0x98, 0xA6, 0xFB, 0xBF, 0x4C, 0xFC,
    0x85, 0xFB, 0xB5, 0x97, 0xFD, 0x52, 0xB6, 0xE1, 0x05, 0xAA, 0x5A, 0xBF, 0x88, 0x9C, 0xD4, 0x6E,
    0xC5, 0x25, 0xE2, 0x0E, 0x1B, 0x75, 0x31, 0x7D, 0x8F, 0x2F, 0xBF, 0xC3, 0xCB, 0x4E, 0xCD, 0x74,
    0x58, 0xB9, 0x97, 0x9D, 0x87, 0x70, 0xAB, 0x87, 0x5F, 0x54, 0xCA, 0xFF, 0xE2, 0x93, 0x5A, 0x0D,
    0x0F, 0x6F, 0xCF, 0xD4, 0x40, 0xB8, 0xD7, 0x3B, 0xB2, 0x47, 0xA5, 0xBA, 0x4E, 0x0B, 0xD3, 0xBB,
    0x21, 0x6A, 0x88, 0xF7, 0x46, 0x73, 0xC7, 0x05, 0x65, 0x41, 0xD9, 0x4F, 0x9D, 0x7D, 0x58, 0x66,
    0x47, 0x45, 0x84, 0xB8, 0xD4, 0xD8, 0x51, 0xDB, 0x8E, 0x58, 0x14, 0x71, 0x76, 0x51, 0xCC, 0xA7,
    0x13, 0x59, 0xDC, 0xDE, 0x62, 0x5F, 0x5B, 0x3C, 0xE7, 0x55, 0x94, 0x53, 0x29, 0x0C, 0x34, 0x84,
    0xDC, 0xC8, 0xAC, 0x97, 0x3E, 0x67, 0x93, 0x67, 0x7C, 0x83, 0x5C, 0x0C, 0xDC, 0x1D, 0xAA, 0xE0,
    0xF3, 0x56, 0x58, 0x53, 0xD8, 0x59, 0xBA, 0xA4, 0x3F, 0x82, 0x17, 0x5E, 0x02, 0x02, 0xA0, 0x9C,
    0x4B, 0x24, 0xC7, 0xD3, 0x2F, 0xC8, 0x84, 0xB0, 0x80, 0x00, 0x02, 0xC2, 0x92, 0x68, 0x01, 0x9C,
    0x80, 0x0B, 0xC7, 0x80, 0x8A, 0x01, 0xB9, 0x08, 0x22, 0x1F, 0x85, 0xAE, 0x8F, 0xFC, 0xCE, 0x42,
    0x63, 0x8A, 0xCD, 0xFA, 0x2D, 0x37, 0x34, 0x97, 0x4E, 0xCB, 0x4D, 0x35, 0xF7, 0xE6, 0xFE, 0x3C,
    0x98, 0x05, 0xFF, 0x1B, 0x4D, 0x82, 0x8F, 0xE3, 0x34, 0xFA, 0x28, 0xDD, 0xD1, 0x57, 0xF6, 0xF7,
    0xB5, 0x6E, 0x4C, 0x1C, 0x95, 0xCD, 0x00, 0x81, 0x08, 0xF6, 0x53, 0x03, 0x90, 0x6A, 0x5B, 0x7A,
    0xF8, 0x35, 0x59, 0x48, 0x50, 0x06, 0x25, 0xC3, 0x22, 0x72, 0xAD, 0x1E, 0xAC, 0x51, 0xD9, 0x16,
    0x4E, 0x4F, 0xB4, 0xEA, 0xBB, 0x35, 0xAA, 0xC4, 0x00, 0xFD, 0xC0, 0x63, 0xEB, 0x84, 0x96, 0x28,
    0x18, 0x40, 0x2C, 0x4B, 0xE8, 0xDB, 0x13, 0xC7, 0x54, 0x68, 0x87, 0x3D, 0xDF, 0xC8, 0x86, 0x46,
    0xF4, 0xED, 0x77, 0xC4, 0xB7, 0x0B, 0xBF, 0x11, 0xC6, 0x53, 0xDA, 0x32, 0x27, 0x28, 0x99, 0xB4,
    0x74, 0xB1, 0x89, 0x9B, 0x03, 0x3C, 0x8F, 0x4F, 0xC3, 0x06, 0x5A, 0x56, 0x32, 0xF1, 0x17, 0xAC,
    0xA4, 0x5D, 0xB1, 0x12, 0x66, 0xB2, 0xA0, 0xC6, 0xDD, 0x65, 0x54, 0x4C, 0x33, 0x2D, 0x9D, 0x8A,
    0xEB, 0xA7, 0x32, 0x0D, 0xC4, 0x76, 0xC6, 0x2A, 0x29, 0x32, 0xA1, 0x64, 0xF1, 0xC1, 0x5A, 0xB7,
    0xA3, 0x75, 0xD7, 0x4C, 0x9C, 0xF5, 0x15, 0xE7, 0xAC, 0x70, 0xC7, 0x77, 0xFE, 0xAB, 0x61, 0x29,
    0xE1, 0x35, 0x2D, 0x58, 0x5E, 0x03, 0x86, 0xDC, 0xE4, 0xA8, 0x07, 0xC6, 0xE1, 0xD5, 0xCA, 0x44,
    0x97, 0x4A, 0xE2, 0x18, 0x61, 0xAC, 0xDE, 0x82, 0x1F, 0x6E, 0x03, 0xD8, 0x53, 0x62, 0x21, 0x03,
    0x1C, 0xD2, 0x63, 0x25, 0xDB, 0x28, 0xAB, 0x90, 0x4D, 0xB5, 0xEC, 0x55, 0x13, 0x35, 0xF5, 0x25,
    0x52, 0xA2, 0x0F, 0xC8, 0x55, 0x3E, 0x26, 0x6D, 0x26, 0xDB, 0x08, 0xE8, 0xBE, 0x84, 0x4C, 0x8B,
    0xB9, 0x04, 0xD5, 0xBF, 0xA6, 0x37, 0x0F, 0xA5, 0xA5, 0x64, 0xBB, 0x3A, 0x5B, 0x8F, 0xE9, 0xD6,
    0xEC, 0x43, 0xF8, 0x11, 0x6B, 0xC0, 0x32, 0xFC, 0xE2, 0xCB, 0x46, 0x5F, 0xBD, 0xDB, 0x24, 0x41,
    0x69, 0x10, 0x2E, 0xA6, 0x1F, 0x16, 0x4D, 0x1A, 0xBD, 0xDE, 0x80, 0x89, 0xD4, 0x03, 0x6C, 0x7B,
    0xF2, 0xAB, 0x44, 0xD0, 0xC4, 0xE7, 0xEA, 0x28, 0x62, 0xC7, 0xDE, 0xBE, 0x64, 0x22, 0x96, 0x64,
    0xE4, 0x52, 0xB5, 0x25, 0x88, 0x30, 0x7D, 0x25, 0x93, 0xE4, 0x17, 0xB4, 0x16, 0xD6, 0x34, 0x89,
    0x3C, 0x9E, 0xDB, 0x0E, 0x24, 0x87, 0x68, 0xA9, 0x14, 0x10, 0x0D, 0xCB, 0x06, 0xC9, 0x40, 0x62,
    0xA1, 0x2F, 0xB1, 0x30, 0x76, 0x98, 0x69, 0x89, 0xE4, 0x04, 0x0B, 0xDB, 0x8D, 0x18, 0x11, 0x73,
    0x1B, 0x11, 0x6B, 0xDD, 0x26, 0xC7, 0x41, 0x0A, 0x87, 0x6E, 0x22, 0x65, 0x88, 0xDF, 0x62, 0x36,
    0x14, 0xBB, 0xD9, 0x66, 0x67, 0xCA, 0xF1, 0x07, 0xA6, 0x4F, 0x98, 0x9A, 0xBB, 0x50, 0xC7, 0xD8,
    0x92, 0x1E, 0xB6, 0xA4, 0xAF, 0xB1, 0x0B, 0x71, 0x58, 0xE4, 0xBD, 0x28, 0x1B, 0x6F, 0x6B, 0xB5,
    0x0F, 0x7E, 0x30, 0xDE, 0x4B, 0xE0, 0x40, 0x9D, 0x4A, 0x3E, 0xFC, 0xCF, 0xEF, 0x73, 0x4F, 0x31,
    0xEA, 0xBE, 0xAD, 0x93, 0x0F, 0xEF, 0x6D, 0x30, 0xCB, 0x69, 0xA5, 0x08, 0x7E, 0x25, 0x05, 0x69,
    0x50, 0xFC, 0xAE, 0x8D, 0xD5, 0xAC, 0xA7, 0x52, 0x44, 0x45, 0xAA, 0x26, 0x70, 0x51, 0x70, 0x7F,
    0x02, 0x14, 0xC2, 0x14, 0x1A, 0xF6, 0xE0, 0xA4, 0x7D, 0x84, 0x2A, 0x1C, 0x47, 0xE5, 0x61, 0x57,
    0x8C, 0x51, 0xF4, 0x19, 0x7D, 0x95, 0x09, 0xF0, 0x61, 0x13, 0x7B, 0x5F, 0xD7, 0xBD, 0xF0, 0x7E,
    0x35, 0xEC, 0x0E, 0xCB, 0x64, 0x8E, 0x30, 0xA8, 0xF8, 0x9C, 0x85, 0x68, 0x54, 0x10, 0xF3, 0x58,
    0xED, 0x01, 0x59, 0x80, 0xAA, 0x29, 0x4C, 0xEE, 0xCD, 0x50, 0x16, 0xBF, 0x43, 0x86, 0x6E, 0x18,
    0x43, 0x4A, 0x5D, 0x8F, 0x9D, 0x56, 0xB8, 0x71, 0x84, 0x00, 0x9B, 0x76, 0xE5, 0x7A, 0x2E, 0x7E,
    0xC9, 0x9B, 0x4B, 0x89, 0x1A, 0x1F, 0xB1, 0x27, 0x90, 0x14, 0x41, 0xD9, 0xD5, 0xE1, 0xED, 0x87,
    0xA8, 0xF9, 0xE0, 0xB7, 0x97, 0x0B, 0xD4, 0x7D, 0x59, 0x13, 0x77, 0xA8, 0xDF, 0x3B, 0x1F, 0x9E,
    0x01, 0x1E, 0x80, 0x6A, 0x39, 0x47, 0xD9, 0x36, 0xD6, 0x1D, 0xA0, 0x4A, 0x72, 0xE6, 0x75, 0xC8,
    0x6D, 0xBC, 0x47, 0x81, 0xC5, 0x05, 0x46, 0x2A, 0xF1, 0x8B, 0x8C, 0x7C, 0xCA, 0xAA, 0x05, 0xB9,
    0x1B, 0xD5, 0x7F, 0x54, 0x0E, 0x84, 0xE5, 0xEC, 0x72, 0x87, 0xFC, 0xCC, 0x76, 0x02, 0xC5, 0x85,
    0x49, 0x48, 0x5E, 0x59, 0x81, 0xE6, 0x19, 0x92, 0x05, 0x02, 0xA5, 0x54, 0xF1, 0x07, 0xF0, 0x42,
    0x69, 0x68, 0x3C, 0x9B, 0xAC, 0xED, 0x55, 0xD0, 0xD0, 0xA3, 0xD8, 0xD5, 0x5C, 0x38, 0x93, 0xFF,
    0x6D, 0x2B, 0xED, 0xBE, 0xA0, 0x1E, 0x2A, 0xCB, 0x85, 0x4F, 0x43, 0xF7, 0x55, 0xCB, 0x6F, 0xB2,
    0xBC, 0xD1, 0x25, 0x7A, 0x9A, 0x5E, 0xF8, 0xF9, 0x5F, 0xB2, 0x94, 0x01, 0x49, 0xC1, 0x9B, 0xC1,
    0xA2, 0x99, 0xFD, 0x74, 0xC9, 0x59, 0x70, 0x0E, 0x78, 0x1B, 0x1A, 0x9B, 0xC1, 0x6C, 0x3B, 0xBA,
    0xB6, 0x05, 0x99, 0xB3, 0x26, 0xAF, 0x21, 0xF0, 0x29, 0xEE, 0x5A, 0x1B, 0xC1, 0xB1, 0xE4, 0x42,
    0x15, 0x98, 0x17, 0x6C, 0x05, 0xB4, 0xEC, 0x3A, 0x93, 0xF4, 0x2D, 0xAC, 0x30, 0x56, 0xBF, 0x40,
    0x5E, 0xB1, 0xBC, 0xCC, 0xB6, 0x4C, 0x86, 0x05, 0xC4, 0x08, 0x92, 0x48, 0x83, 0x67, 0x2E, 0x20,
    0x93, 0x8B, 0x3E, 0x86, 0xEB, 0xF2, 0xD8, 0xFB, 0x50, 0x52, 0x58, 0x73, 0x89, 0xEC, 0x78, 0x8F,
    0x4A, 0xAF, 0x1E, 0x07, 0xCD, 0xCC, 0xAF, 0xF6, 0x97, 0xBB, 0xF0, 0x94, 0x37, 0x3A, 0xA6, 0x68,
    0xAC, 0x4A, 0xFE, 0xAA, 0x8B, 0x08, 0x2F, 0xC7, 0x52, 0x9E, 0x50, 0xB9, 0xF5, 0x8E, 0x75, 0x76,
    0x26, 0x4B, 0x7A, 0xFB, 0x4A, 0x58, 0x4B, 0x4F, 0xEA, 0xC2, 0x23, 0x7E, 0xB4, 0x53, 0x42, 0xAE,
    0x11, 0x85, 0x0C, 0x43, 0xB5, 0x83, 0xCF, 0xEE, 0x23, 0x52, 0x1B, 0x78, 0x6F, 0xDD, 0x98, 0xE0,
    0x6E, 0xB3, 0x1F, 0x1D, 0x54, 0x26, 0x09, 0x0E, 0x9A, 0x39, 0x98, 0xE6, 0x0D, 0x14, 0x76, 0xB6,
    0xB2, 0x1E, 0x6F, 0x24, 0x56, 0x66, 0xBB, 0x18, 0x18, 0xDA, 0x0B, 0x0E, 0xAB, 0x3E, 0xEA, 0x8D,
    0x34, 0xBA, 0x84, 0xEA, 0x2D, 0x2A, 0x25, 0x22, 0x80, 0x5B, 0x4F, 0xF6, 0x20, 0xF3, 0x04, 0x0F,
    0x4A, 0xDC, 0x00, 0xE4, 0xB8, 0x07, 0x2D, 0xC2, 0x65, 0x68, 0x69, 0xA3, 0xBA, 0xB1, 0xF2, 0xF0,
    0xB3, 0xB0, 0x85, 0x1F, 0x2D, 0x08, 0xD0, 0x22, 0x02, 0xAF, 0x3F, 0x1B, 0x63, 0x51, 0x37, 0x5E,
    0xE2, 0xEA, 0xF8, 0x1B, 0x59, 0xA3, 0x4A, 0x2A, 0x75, 0xFC, 0xE7, 0xB9, 0x25, 0xBB, 0xB3, 0x29,
    0x7C, 0x72, 0x36, 0xB1, 0xC8, 0x97, 0x8B, 0xA6, 0xE1, 0x89, 0x1A, 0xD4, 0x4D, 0xAD, 0x82, 0x72,
    0xC4, 0xFE, 0x6A, 0xE6, 0x9E, 0xBA, 0x46, 0x44, 0x76, 0x01, 0xE3, 0xED, 0xB2, 0x80, 0xF3, 0xA6,
    0x05, 0x3E, 0xBF, 0x6A, 0x1A, 0x5B, 0xE7, 0x41, 0x26, 0x00, 0xB1, 0x8E, 0x83, 0x7A, 0xD2, 0x03,
    0x8A, 0xF6, 0xC3, 0x72, 0x92, 0x46, 0xEF, 0x9B, 0x1C, 0x0E, 0x0E, 0xC8, 0x47, 0x02, 0x85, 0x97,
    0x8E, 0xBA, 0xCC, 0x63, 0xA3, 0x07, 0x40, 0x1A, 0x15, 0xB6, 0x04, 0xEB, 0xD1, 0x5D, 0xDA, 0x00,
    0x19, 0xE0, 0x72, 0xB9, 0x1B, 0x77, 0xE5, 0xD8, 0xEB, 0x58, 0xF7, 0x64, 0xAD, 0x34, 0x65, 0x58,
    0x18, 0xCC, 0x8E, 0xF1, 0x6D, 0x4B, 0xB9, 0xC2, 0x35, 0xCA, 0x35, 0x68, 0x63, 0x24, 0xAA, 0x2E,
    0xBB, 0x09, 0xCF, 0x18, 0xAF, 0x51, 0xAE, 0x04, 0x71, 0xC5, 0x72, 0x62, 0x17, 0x66, 0xDE, 0x55,
    0xDA, 0xE4, 0x52, 0xCA, 0x90, 0xBC, 0x4D, 0xA4, 0x23, 0xC0, 0xD6, 0x7A, 0xCA, 0xD4, 0x04, 0xDB,
    0xA7, 0xD8, 0x43, 0x32, 0x5D, 0xC6, 0x4F, 0x1F, 0x66, 0xEC, 0xB3, 0xCB, 0xC6, 0x06, 0x30, 0x6C,
    0x98, 0xC0, 0x86, 0x49, 0xC6, 0xD0, 0x8B, 0xCB, 0x09, 0x82, 0x99, 0x36, 0xCF, 0xD9, 0x96, 0xC7,
    0x7D, 0x39, 0x32, 0xCD, 0xE2, 0xBE, 0x14, 0x7B, 0x3E, 0x30, 0xB6, 0x2F, 0xC2, 0x7B, 0x62, 0xF6,
    0xF6, 0x82, 0xEC, 0x86, 0x62, 0xFB, 0x35, 0x60, 0x90, 0xDF, 0xCA, 0xD6, 0xDA, 0x92, 0x33, 0xC9,
    0x31, 0x4D, 0x00, 0x27, 0xD7, 0x20, 0x9E, 0x3D, 0x14, 0x63, 0xFF, 0x02, 0x42, 0xF8, 0x75, 0x15,
    0x1E, 0xDC, 0x2B, 0xA3, 0x0F, 0x50, 0xA4, 0x5F, 0x09, 0x0B, 0xBD, 0x0D, 0x6A, 0xFB, 0x9A, 0xCE,
    0x7A, 0xC8, 0x97, 0x43, 0x94, 0x8A, 0xC3, 0x82, 0x0D, 0x05, 0xA6, 0x9A, 0x21, 0x28, 0xE6, 0xC8,
    0x79, 0xFB, 0xAE, 0x85, 0x39, 0xC1, 0x3E, 0xE0, 0xC7, 0xAB, 0x3F, 0x5E, 0xA3, 0xED, 0x0F, 0xD6,
    0x02, 0xE0, 0x58, 0x51, 0xBE, 0x16, 0x8C, 0x0B, 0x92, 0xC2, 0x2E, 0xC9, 0x6E, 0x64, 0x2C, 0x41,
    0x99, 0x4F, 0x1C, 0xE8, 0x34, 0xCE, 0x99, 0xC4, 0x08, 0x78, 0x12, 0x36, 0x15, 0xA0, 0xE5, 0x90,
    0xAE, 0xAB, 0x40, 0xD1, 0xC3, 0xF2, 0x66, 0x54, 0x0C, 0x40, 0x7F, 0x20, 0x1C, 0x04, 0x08, 0x41,
    0x80, 0xBD, 0xEB, 0x87, 0x06, 0x59, 0x79, 0xF4, 0x68, 0x59, 0x94, 0xB3, 0xE9, 0xC3, 0x22, 0x4F,
    0xBC, 0xB3, 0x63, 0xC2, 0xE9, 0xD8, 0x1C, 0x2C, 0x22, 0xF1, 0xB7, 0xC8, 0x11, 0xA8, 0xE9, 0xB2,
    0x68, 0x79, 0x7C, 0x3B, 0xEE, 0x3A, 0x88, 0xEF, 0x7D, 0x10, 0x5F, 0xD0, 0x3D, 0x69, 0x24, 0x83,
    0xF4, 0x66, 0x17, 0xB1, 0xB2, 0x97, 0xB1, 0xB2, 0x9F, 0x9C, 0x6C, 0xC7, 0xB1, 0xA8, 0x25, 0x41,
    0x98, 0x84, 0xA4, 0xCE, 0x06, 0x72, 0x60, 0x75, 0xD8, 0x5F, 0xE6, 0x0C, 0x07, 0x4D, 0x70, 0x70,
    0xAF, 0x0A, 0x6F, 0x77, 0x65, 0xF4, 0x7E, 0x27, 0x63, 0x3E, 0xDD, 0x8D, 0xA5, 0x01, 0xD4, 0x53,
    0xAF, 0x6E, 0x12, 0x68, 0xD7, 0x02, 0xB3, 0x63, 0x85, 0xD2, 0x4D, 0x1B, 0xC8, 0x44, 0x9E, 0x3C,
    0x6D, 0xE8, 0x7D, 0xE7, 0xB4, 0x41, 0xDA, 0x6B, 0x32, 0x6D, 0xA0, 0x9A, 0x6A, 0x23, 0x17, 0x40,
    0x3E, 0x78, 0xED, 0x66, 0x37, 0xE3, 0x94, 0x71, 0xE3, 0xFA, 0x0C, 0xE0, 0xBB, 0x86, 0x21, 0x0B,
    0x1D, 0x89, 0xD7, 0x12, 0xFB, 0x4F, 0x3D, 0x0C, 0xF1, 0xA6, 0x16, 0xE5, 0xFD, 0x4C, 0x60, 0x56,
    0xFD, 0x18, 0x49, 0x3D, 0xFC, 0x76, 0x86, 0x67, 0x55, 0x2A, 0xFE, 0x6F, 0x03, 0x31, 0x17, 0x5D,
    0x37, 0xF3, 0x6D, 0xE1, 0x5E, 0xE1, 0xFA, 0x88, 0xF7, 0xB4, 0xE1, 0xA9, 0x7C, 0x06, 0xCE, 0x56,
    0x32, 0x94, 0x59, 0x76, 0x0B, 0x8F, 0x2E, 0x13, 0x69, 0x03, 0x4A, 0x3D, 0x95, 0xD9, 0x8E, 0xF1,
    0xD0, 0x3A, 0x3A, 0x0B, 0xF7, 0x88, 0xF1, 0x54, 0xA8, 0xF0, 0x91, 0x74, 0x7E, 0x4F, 0x5A, 0x07,
    0x8F, 0x13, 0x97, 0x28, 0xF6, 0x1C, 0x23, 0x8F, 0x5D, 0x3D, 0x65, 0xDD, 0xDE, 0xAE, 0x93, 0xC7,
    0x04, 0x9A, 0x15, 0x6F, 0x39, 0xF3, 0xA4, 0xA4, 0x5E, 0x4E, 0x4A, 0x1A, 0x4E, 0x4A, 0x1A, 0x4E,
    0x4A, 0x1A, 0x4E, 0x4A, 0xE6, 0x9C, 0x94, 0xCC, 0x1E, 0x63, 0x51, 0x32, 0x85, 0x13, 0x7D, 0x80,
    0x9D, 0xA7, 0xEC, 0x03, 0x74, 0xEC, 0x03, 0xDC, 0xA2, 0x94, 0xED, 0xE5, 0xAE, 0xA5, 0xEE, 0x41,
    0xE7, 0x30, 0x97, 0x91, 0xBA, 0xEF, 0x65, 0xE7, 0x13, 0x9C, 0x48, 0x74, 0x2E, 0x53, 0x9D, 0xA1,
    0xEF, 0xA0, 0x5E, 0x73, 0x1A, 0xF4, 0x6D, 0xB3, 0x5F, 0x28, 0xD9, 0x19, 0x67, 0x29, 0xF4, 0xF8,
    0x98, 0xAA, 0xF6, 0xE8, 0x41, 0x03, 0x2E, 0x8A, 0xF8, 0x85, 0xFF, 0xC0, 0xE6, 0x26, 0x82, 0xD1,
    0xC7, 0x83, 0x6E, 0x69, 0x1A, 0xC3, 0x12, 0x3F, 0x46, 0xD9, 0x7D, 0x53, 0x05, 0xF7, 0xB0, 0x51,
    0x5F, 0x65, 0x22, 0x5E, 0xC8, 0x04, 0x84, 0x33, 0x43, 0x73, 0x4C, 0x93, 0x28, 0xBA, 0xF0, 0x34,
    0xEB, 0x2F, 0x7B, 0x43, 0x6B, 0xC5, 0x66, 0x4E, 0x5A, 0xC1, 0xD1, 0x05, 0x9E, 0xBC, 0xAB, 0x04,
    0x90, 0xD4, 0xC3, 0x4F, 0xB0, 0x91, 0x5F, 0xDF, 0xC1, 0xDE, 0xDC, 0x47, 0x6A, 0x0F, 0xEE, 0x1D,
    0x59, 0x64, 0x93, 0x7E, 0x23, 0xB2, 0x3D, 0x36, 0x5D, 0xFF, 0x1A, 0x66, 0xD4, 0x6F, 0xB1, 0xD7,
    0x7E, 0x31, 0xA6, 0x99, 0x34, 0xDB, 0xF9, 0x11, 0xAB, 0x64, 0x26, 0x10, 0xB1, 0xA3, 0x61, 0xB1,
    0xE9, 0x19, 0xFF, 0x9B, 0x3B, 0x55, 0x70, 0xFF, 0x37, 0x59, 0x70, 0xE7, 0x26, 0x04, 0x34, 0xD2,
    0xB3, 0xD3, 0xBF, 0x86, 0x23, 0xBF, 0x05, 0xD7, 0xBD, 0x48, 0x0A, 0x15, 0xB3, 0x34, 0x2C, 0xA5,
    0x87, 0x9F, 0xDA, 0x31, 0x12, 0x49, 0xD8, 0x25, 0x32, 0x37, 0x52, 0x1E, 0x33, 0x64, 0x74, 0x61,
    0xE3, 0xFD, 0x6F, 0x64, 0x84, 0xCF, 0x63, 0x36, 0xB4, 0x5F, 0xF8, 0x15, 0x69, 0x16, 0xDB, 0xFA,
    0xFA, 0x5A, 0xB3, 0xE8, 0xF7, 0x5B, 0x8E, 0x22, 0x94, 0x25, 0x71, 0x34, 0x26, 0x15, 0x68, 0x68,
    0x2D, 0xF9, 0x8A, 0x8F, 0xC2, 0x2A, 0x99, 0x27, 0x19, 0x52, 0xBA, 0xD8, 0x2C, 0xFC, 0xAA, 0x90,
    0x16, 0x86, 0xFE, 0x4D, 0xA6, 0xF4, 0xE5, 0x4A, 0xCA, 0xBB, 0x84, 0xF9, 0xD9, 0x91, 0x2F, 0xD4,
    0xC8, 0x33, 0x3D, 0x43, 0x85, 0x9C, 0x43, 0xBB, 0x31, 0x76, 0xC3, 0x60, 0x4B, 0x1F, 0xB6, 0xCA,
    0xFB, 0x33, 0x1B, 0xC4, 0x85, 0x68, 0xC2, 0xA9, 0x42, 0xF8, 0x31, 0xE4, 0x7C, 0x60, 0x09, 0x1C,
    0xE9, 0x11, 0xE7, 0xA4, 0x89, 0x1B, 0xEB, 0x90, 0xDF, 0x24, 0x26, 0xAA, 0x86, 0x28, 0xAB, 0xB8,
    0x10, 0xFF, 0xCB, 0x5A, 0x7C, 0x81, 0x6C, 0x49, 0xC8, 0xDF, 0x47, 0xD8, 0xAB, 0x37, 0x59, 0x0D,
    0xE1, 0xD9, 0x9E, 0xB1, 0x27, 0x6A, 0x6C, 0x52, 0xEA, 0x33, 0xA5, 0xCB, 0x30, 0x0A, 0x75, 0x36,
    0xBC, 0xA4, 0xB5, 0x03, 0x20, 0xEF, 0x69, 0x07, 0x52, 0x65, 0x4B, 0x37, 0x3A, 0x65, 0xAC, 0xB3,
    0xD9, 0x1A, 0x92, 0xC6, 0xD0, 0xAA, 0x35, 0x24, 0xCC, 0x6C, 0xBD, 0x35, 0x34, 0x04, 0x5C, 0x8D,
    0x4E, 0xFA, 0x4E, 0x4B, 0xA0, 0x31, 0xAA, 0x2B, 0x28, 0x4D, 0x44, 0x02, 0x31, 0x98, 0x3E, 0x2B,
    0x16, 0xBD, 0x95, 0x94, 0xBD, 0x2C, 0x7C, 0x89, 0xDB, 0x72, 0xBC, 0x08, 0x40, 0xA8, 0x44, 0xB4,
    0xC8, 0x16, 0xE1, 0xC2, 0x5D, 0x6C, 0xE7, 0x69, 0x42, 0x12, 0xD7, 0x12, 0x49, 0xFC, 0x26, 0x9C,
    0x07, 0x75, 0x34, 0x0B, 0xCA, 0xB5, 0x06, 0x82, 0x63, 0x7A, 0xB1, 0xCA, 0xD7, 0xDA, 0xB7, 0x06,
    0xBF, 0xC1, 0x34, 0x8C, 0x1D, 0x06, 0x2D, 0xD9, 0xC1, 0x0E, 0xE4, 0xED, 0xE3, 0x6A, 0x80, 0x3C,
    0xCD, 0x3E, 0x10, 0xC9, 0x28, 0xBF, 0xEA, 0xCA, 0xE0, 0x6E, 0x87, 0x9C, 0xF8, 0xB9, 0x09, 0x0F,
    0x2B, 0x83, 0x62, 0xD9, 0xE8, 0xCB, 0xB8, 0xA2, 0xC2, 0xC4, 0x3A, 0x6B, 0x7A, 0xD8, 0xB2, 0x3E,
    0x42, 0x25, 0xED, 0x2D, 0x12, 0x11, 0x2D, 0x86, 0x15, 0xFB, 0x33, 0x97, 0x1D, 0x39, 0x7F, 0x46,
    0x3C, 0x90, 0x21, 0x42, 0x5E, 0x50, 0xEE, 0xBB, 0x12, 0x03, 0xD6, 0x7F, 0xBD, 0x6B, 0xB4, 0x5F,
    0x83, 0x25, 0x56, 0x2D, 0x58, 0x62, 0x0B, 0x96, 0x68, 0x52, 0xB6, 0xF8, 0x21, 0xD7, 0xA5, 0x84,
    0x52, 0x06, 0x4C, 0x9C, 0x3B, 0xB1, 0x5A, 0x22, 0x98, 0x8D, 0xBA, 0xD2, 0x9F, 0x7B, 0x19, 0x81,
    0x82, 0xCE, 0x99, 0xA0, 0xA8, 0xEF, 0x83, 0x51, 0xE6, 0xF1, 0x9B, 0xC5, 0x64, 0x10, 0x96, 0x6D,
    0x1A, 0x95, 0xED, 0x04, 0x42, 0xC6, 0x3A, 0x33, 0x46, 0xAB, 0xD6, 0xC0, 0x97, 0xC0, 0xF5, 0x76,
    0xFF, 0xB4, 0x62, 0x80, 0x02, 0x40, 0x03, 0x37, 0xBB, 0x8A, 0xA0, 0xA7, 0x37, 0xB6, 0x7F, 0x4F,
    0x5B, 0x01, 0xB6, 0x88, 0xF4, 0x3C, 0x9B, 0xAA, 0x04, 0xA5, 0x51, 0x5F, 0x5F, 0x2B, 0xFB, 0x6C,
    0x06, 0x40, 0xC1, 0x7E, 0x1F, 0xD6, 0xDC, 0x1D, 0xC9, 0x38, 0x8E, 0x13, 0x3D, 0xDB, 0x2C, 0xA6,
    0x8C, 0xDA, 0xAE, 0x97, 0xBD, 0x23, 0xFF, 0xF1, 0xE7, 0xA9, 0xBE, 0x7B, 0xD4, 0xF7, 0xAA, 0x1B,
    0xF5, 0x41, 0xDE, 0x7B, 0x2E, 0x3D, 0xA4, 0x56, 0xB5, 0xA8, 0xF9, 0xFE, 0x0D, 0x3B, 0x29, 0x88,
    0x17, 0xE7, 0x3C, 0x18, 0xE2, 0xC6, 0x42, 0xFD, 0x33, 0x8F, 0x11, 0x2D, 0xD4, 0x9F, 0x3E, 0x5A,
    0x7C, 0xBA, 0x06, 0x61, 0xB5, 0x05, 0xA9, 0xDB, 0x2A, 0x68, 0x52, 0xC9, 0xBA, 0x9B, 0x4F, 0x1A,
    0xC3, 0x53, 0x72, 0x60, 0x5A, 0x2E, 0x11, 0x69, 0x07, 0x02, 0xC4, 0x78, 0x1D, 0x54, 0x82, 0xCE,
    0xD1, 0xBF, 0xE3, 0x53, 0x6E, 0xA8, 0x70, 0x9C, 0x02, 0xAD, 0xEB, 0x63, 0x47, 0x6F, 0xB6, 0xF9,
    0x36, 0x10, 0xBF, 0x37, 0x22, 0x27, 0xE1, 0x6C, 0x1C, 0x1F, 0x8E, 0x79, 0xE4, 0x6A, 0x60, 0xC7,
    0x58, 0xB4, 0x2F, 0xF7, 0xFD, 0x34, 0x1A, 0xC5, 0x33, 0x2E, 0xB1, 0x4C, 0xE3, 0x39, 0xDA, 0x63,
    0x3D, 0x04, 0xCC, 0x00, 0x15, 0x81, 0xCB, 0xAA, 0x00, 0x80, 0xEF, 0x7F, 0x89, 0x9B, 0x98, 0xA1,
    0xE6, 0xE4, 0x6B, 0x6C, 0x2C, 0x34, 0xA7, 0x9E, 0x0A, 0x93, 0xD1, 0xA0, 0xAD, 0xA7, 0x2C, 0xAD,
    0x81, 0x8C, 0xA8, 0xE0, 0x30, 0x1B, 0x68, 0x7A, 0x88, 0xE0, 0xBF, 0x53, 0xAA, 0xE0, 0x8F, 0xB6,
    0x16, 0xB4, 0x1C, 0xA9, 0x3E, 0x79, 0xD4, 0xA3, 0x54, 0x2E, 0x69, 0x10, 0x65, 0x20, 0x72, 0x97,
    0xFA, 0x1A, 0x8E, 0x6A, 0x39, 0x78, 0xFA, 0xB4, 0x74, 0x10, 0x2F, 0x4D, 0x0F, 0x99, 0x0D, 0xB1,
    0x4F, 0x69, 0x27, 0x75, 0x09, 0xCF, 0x15, 0xEE, 0x72, 0xD3, 0x5B, 0x76, 0xD2, 0x79, 0xBA, 0x80,
    0xDD, 0x4A, 0x64, 0x4A, 0x5D, 0xC3, 0x09, 0xA3, 0x27, 0x9D, 0x93, 0x99, 0x31, 0xC9, 0x41, 0x91,
    0x01, 0xF2, 0x4A, 0x9C, 0x58, 0x81, 0xDC, 0x39, 0xC6, 0x61, 0x8C, 0xBF, 0x77, 0x01, 0xEC, 0x26,
    0x97, 0x39, 0xBD, 0x2E, 0x92, 0x6A, 0x20, 0x25, 0xF7, 0xA6, 0x83, 0xE8, 0xAE, 0x6A, 0x74, 0x77,
    0x7B, 0xA3, 0x53, 0xED, 0x66, 0xAE, 0x28, 0x02, 0x75, 0x21, 0x93, 0x42, 0x99, 0xB9, 0x2E, 0x7A,
    0x9E, 0x7D, 0x81, 0xAC, 0x9E, 0x0C, 0xB0, 0x58, 0x70, 0x1E, 0xC1, 0xB4, 0xF3, 0x93, 0xE7, 0xF2,
    0x60, 0xEB, 0x51, 0x17, 0x95, 0xD3, 0x23, 0x27, 0xC3, 0x15, 0x0E, 0x5A, 0x18, 0x1E, 0x69, 0xFB,
    0x6A, 0x62, 0x35, 0x0C, 0x38, 0x6B, 0xBE, 0xA5, 0xC2, 0x76, 0xB3, 0x63, 0xAC, 0x8B, 0x15, 0x60,
    0xAE, 0xDF, 0x4D, 0xF7, 0x49, 0x17, 0x50, 0x4E, 0xF8, 0x94, 0x2E, 0xC7, 0x69, 0x27, 0xFF, 0x5A,
    0x0B, 0x51, 0xA7, 0xEC, 0xFB, 0x66, 0x27, 0x37, 0x3E, 0xA5, 0x93, 0xBB, 0x3E, 0x42, 0x9D, 0xBB,
    0x61, 0xD4, 0xE6, 0xFA, 0x8E, 0x4F, 0x96, 0xD7, 0x13, 0x16, 0xA7, 0xB5, 0xFD, 0x14, 0x85, 0x60,
    0xDE, 0x77, 0xFA, 0xE1, 0xFE, 0x06, 0xF7, 0x36, 0x28, 0x8E, 0xEB, 0xCD, 0xC9, 0xF2, 0x89, 0xAE,
    0xF2, 0xCB, 0x28, 0x22, 0x2F, 0xF6, 0x56, 0xBA, 0xBC, 0x97, 0xDB, 0x7B, 0xD7, 0xD7, 0x77, 0x7C,
    0xC2, 0xBB, 0x58, 0x5E, 0xF7, 0x88, 0xD5, 0x4E, 0x16, 0x56, 0x71, 0x19, 0x89, 0xE5, 0x61, 0xC3,
    0xD5, 0x91, 0xAC, 0x62, 0x35, 0xDB, 0xB3, 0x27, 0x3C, 0x84, 0x9D, 0x2E, 0xA0, 0x66, 0x7C, 0x0C,
    0x6E, 0xBE, 0xB5, 0xE5, 0x5F, 0x50, 0xC7, 0x99, 0x4C, 0x3E, 0xCA, 0x68, 0x7D, 0xFE, 0x91, 0xAD,
    0xCF, 0x3F, 0x72, 0x29, 0xD9, 0x29, 0x64, 0x54, 0x08, 0xC6, 0x85, 0x9F, 0x70, 0x68, 0x2C, 0x6C,
    0xED, 0x35, 0xE4, 0xB5, 0x1D, 0xE4, 0xB5, 0x1C, 0x85, 0x21, 0x60, 0x4E, 0x12, 0xFD, 0x3A, 0x9C,
    0xF9, 0x8E, 0xE5, 0x7A, 0xE6, 0x25, 0x84, 0x2C, 0xD6, 0x9B, 0xB0, 0x20, 0x9E, 0xF2, 0x18, 0x66,
    0x73, 0x31, 0xBE, 0x6D, 0x52, 0x60, 0x44, 0x3A, 0xF1, 0xCC, 0xA0, 0xBD, 0xD0, 0xC4, 0x9C, 0x7B,
    0x62, 0xAF, 0x97, 0x47, 0xE5, 0x66, 0x2F, 0x30, 0xBE, 0x95, 0x34, 0x2F, 0xCE, 0xE5, 0xD9, 0xE6,
    0xE4, 0x60, 0xFD, 0x29, 0x74, 0x51, 0xEB, 0xBA, 0xC4, 0x8F, 0x36, 0xC3, 0xEC, 0xBC, 0x8E, 0xB8,
    0xAA, 0xBF, 0x0D, 0x70, 0x47, 0x4F, 0x6E, 0x13, 0xCA, 0xD8, 0xAE, 0x37, 0xB9, 0x9E, 0xDF, 0x39,
    0x32, 0xF5, 0x9E, 0x1C, 0xB1, 0x5C, 0xB6, 0xBE, 0x36, 0x8F, 0x58, 0x4A, 0x2D, 0xFB, 0xCC, 0xF3,
    0x52, 0x29, 0x1E, 0x5B, 0xA6, 0x4A, 0xC3, 0x14, 0xD2, 0x00, 0xAA, 0xB0, 0x63, 0xDC, 0x20, 0x26,
    0x95, 0x7B, 0xB4, 0x1C, 0xB8, 0xAD, 0xD4, 0x8D, 0x8A, 0xE7, 0x0D, 0x61, 0xB8, 0x11, 0x2D, 0x17,
    0x67, 0xF6, 0x44, 0x0A, 0x83, 0x8F, 0x9C, 0xBD, 0x60, 0x86, 0x29, 0x58, 0x07, 0x64, 0xEC, 0x06,
    0x2D, 0xAB, 0x7A, 0xEA, 0x1D, 0x2E, 0x56, 0x1F, 0x3C, 0x92, 0x1A, 0x2F, 0x00, 0xC5, 0xD3, 0xA8,
    0x37, 0xF6, 0x90, 0x31, 0x8C, 0xC8, 0x5F, 0x96, 0xA5, 0xEF, 0xF3, 0xE0, 0xDE, 0xD0, 0x35, 0x45,
    0x8F, 0x97, 0xA5, 0x70, 0x73, 0xD2, 0x08, 0x30, 0x28, 0xDB, 0x4E, 0x67, 0x77, 0x01, 0x38, 0x08,
    0xD2, 0x05, 0x5F, 0x22, 0xDE, 0x4E, 0x24, 0x0D, 0x9D, 0x36, 0x0E, 0x4D, 0xED, 0x38, 0x94, 0xC7,
    0x9D, 0x08, 0x1E, 0x31, 0x82, 0x73, 0x8A, 0xFC, 0x6F, 0xA4, 0x1B, 0xB5, 0x7E, 0xC6, 0xBB, 0xB5,
    0x8D, 0x56, 0x7B, 0xC4, 0xB7, 0x91, 0xFE, 0x54, 0xC4, 0xD3, 0xD3, 0x2C, 0x82, 0x20, 0x63, 0xC0,
    0xBA, 0x04, 0x8B, 0x6D, 0x75, 0xE6, 0x23, 0x77, 0xC7, 0x08, 0x70, 0x70, 0xA3, 0xF2, 0xB7, 0x96,
    0x1F, 0x6F, 0xCA, 0x38, 0xAF, 0x83, 0x60, 0x4B, 0x5A, 0x02, 0xB9, 0x49, 0x23, 0xFD, 0x79, 0xC7,
    0xBB, 0x9B, 0xD5, 0xF0, 0x45, 0x46, 0xB2, 0xA5, 0x9C, 0xC0, 0xCF, 0x36, 0xDB, 0xCA, 0x7D, 0xD7,
    0xC9, 0x5A, 0x62, 0x17, 0xE3, 0x6E, 0x58, 0xDB, 0x93, 0xE8, 0xEE, 0xDC, 0x82, 0x67, 0xBB, 0x47,
    0xC6, 0x5F, 0x1C, 0x00, 0xAA, 0xFC, 0x9A, 0x33, 0x27, 0x27, 0xF3, 0x44, 0x22, 0xE9, 0xBB, 0x44,
    0x02, 0xEF, 0x29, 0x5A, 0x7B, 0xA4, 0xDD, 0xE9, 0xE9, 0x06, 0x81, 0x1E, 0x75, 0x84, 0x14, 0x37,
    0x80, 0x0D, 0x1C, 0x28, 0x2E, 0x4E, 0x55, 0x6B, 0xDC, 0xBF, 0x4A, 0x28, 0xAC, 0x6D, 0xA6, 0x78,
    0x3D, 0x72, 0x31, 0xB8, 0xEA, 0xD7, 0x3D, 0x11, 0xEA, 0x9F, 0xE6, 0x10, 0x91, 0xE6, 0x55, 0x9F,
    0x1A, 0xEA, 0xA7, 0x0E, 0x15, 0xD5, 0x63, 0x86, 0x8A, 0x74, 0x61, 0xD2, 0x22, 0x7D, 0x0C, 0x3A,
    0x12, 0xC9, 0x85, 0x6C, 0x37, 0xCE, 0xD4, 0x14, 0xF9, 0xF4, 0xDB, 0x70, 0xAC, 0xFE, 0x47, 0xEF,
    0x78, 0x9F, 0xBE, 0xB5, 0xEF, 0xDF, 0xC9, 0x4D, 0x70, 0xC7, 0x34, 0xE1, 0xB5, 0xA6, 0x89, 0x2E,
    0xDD, 0xAD, 0x39, 0x0A, 0xC6, 0x3A, 0x78, 0xA8, 0x85, 0xC7, 0x59, 0xA4, 0x52, 0x4D, 0x21, 0x34,
    0x17, 0x05, 0x03, 0xC7, 0x8D, 0x13, 0xF7, 0x95, 0x87, 0x9F, 0xF3, 0xB1, 0xC6, 0x6B, 0x7D, 0xE3,
    0xB7, 0x61, 0x13, 0xCC, 0x34, 0xAE, 0x5E, 0x13, 0x4D, 0xFA, 0xB5, 0xFE, 0xA7, 0x3F, 0xD5, 0x7A,
    0xEB, 0x7E, 0x15, 0xC7, 0x87, 0x65, 0x2F, 0xBE, 0x5C, 0xF6, 0xE5, 0x1C, 0xE4, 0x52, 0x8E, 0xF3,
    0xE7, 0x81, 0x3D, 0x65, 0x7E, 0x6E, 0x10, 0x78, 0x91, 0x1D, 0xCE, 0xBE, 0x30, 0xC1, 0x93, 0x10,
    0x68, 0x4F, 0xB6, 0x0B, 0x3C, 0xF1, 0xE4, 0xB4, 0x1C, 0x9D, 0xE6, 0xD9, 0x69, 0xE9, 0x83, 0x4B,
    0x23, 0x5C, 0x8E, 0x4F, 0xCB, 0xF9, 0x69, 0x39, 0x85, 0x25, 0x27, 0xA8, 0x79, 0x84, 0x9A, 0x8D,
    0x38, 0x16, 0x42, 0xF6, 0xBC, 0x93, 0xA1, 0x3E, 0xAD, 0x70, 0x4C, 0x25, 0x07, 0xA9, 0x55, 0xA4,
    0x2A, 0x89, 0x3D, 0xE2, 0xA6, 0x3D, 0xE3, 0xB6, 0xFA, 0x39, 0xD3, 0x71, 0x9C, 0x3E, 0x57, 0xBC,
    0xC7, 0xFE, 0x73, 0xAA, 0x7F, 0xA0, 0x25, 0xBC, 0x81, 0x25, 0x7C, 0x50, 0x9F, 0x98, 0x52, 0x9E,
    0x49, 0x7D, 0x6D, 0x11, 0x1D, 0x92, 0xFE, 0x95, 0xD2, 0xFE, 0xCC, 0x59, 0xCE, 0xA7, 0x6C, 0x65,
    0x70, 0x78, 0xA2, 0xAF, 0xF0, 0x14, 0x00, 0xB7, 0x33, 0x4D, 0xE0, 0xBF, 0x3B, 0x43, 0x3C, 0x1D,
    0xD8, 0x88, 0x1A, 0x6A, 0x66, 0x0F, 0x8B, 0x40, 0x41, 0xE9, 0x6E, 0x18, 0xD7, 0x27, 0x4A, 0x59,
    0x89, 0x4E, 0x02, 0x52, 0xEB, 0x59, 0x58, 0x87, 0x5D, 0xD2, 0xFE, 0x85, 0x6E, 0x27, 0xE0, 0xB1,
    0x32, 0xFA, 0xF2, 0xA6, 0x77, 0x08, 0x52, 0x65, 0x72, 0xE5, 0x91, 0x42, 0x19, 0x8A, 0x44, 0x54,
    0xA8, 0xC9, 0xE8, 0x6E, 0x36, 0xFA, 0xA6, 0xCB, 0x92, 0xE2, 0x16, 0xAC, 0xC2, 0x06, 0xFE, 0x01,
    0x1B, 0x8E, 0x50, 0xE3, 0x96, 0x3A, 0xEF, 0xAF, 0x13, 0xA9, 0x97, 0x81, 0x00, 0xAC, 0x4D, 0xF4,
    0xA2, 0xC9, 0xF6, 0x8C, 0x33, 0xDE, 0x77, 0x64, 0xAF, 0x94, 0x7F, 0x3D, 0x29, 0x6C, 0xF1, 0x10,
    0xB8, 0x5E, 0x9D, 0xD5, 0x0E, 0x3C, 0xA5, 0x42, 0x29, 0x88, 0x6C, 0x8E, 0xB2, 0x59, 0x0A, 0x89,
    0x38, 0x6B, 0x25, 0xBA, 0x27, 0xC0, 0xFD, 0x55, 0xC9, 0xEC, 0x4D, 0x1F, 0xF0, 0xA0, 0xBA, 0x7A,
    0x21, 0x5B, 0xCA, 0x29, 0xD5, 0x3F, 0x76, 0x02, 0xC0, 0xC9, 0x7F, 0x88, 0x2E, 0xB2, 0x93, 0xBB,
    0xBE, 0x3D, 0xD9, 0x27, 0x67, 0x5B, 0xB8, 0xFB, 0x31, 0xBB, 0x33, 0xE1, 0xEA, 0xFC, 0xF5, 0x39,
    0xE9, 0xA3, 0xB6, 0xE0, 0x77, 0x43, 0x24, 0xEE, 0xED, 0x28, 0xDB, 0x20, 0x07, 0x67, 0xD1, 0x53,
    0x84, 0x89, 0xB4, 0x63, 0xE2, 0x9E, 0x23, 0xCD, 0xD9, 0xDF, 0x66, 0x79, 0xB6, 0x47, 0xD4, 0x4E,
    0xCF, 0x9F, 0xE1, 0x78, 0xCD, 0x0E, 0x52, 0xDE, 0x0C, 0x92, 0x76, 0x96, 0x52, 0xCF, 0xEB, 0x84,
    0x7E, 0x74, 0xB5, 0xB2, 0x5F, 0xAC, 0xBA, 0xB4, 0x39, 0xFC, 0x3C, 0x4B, 0x37, 0x98, 0xE5, 0x1C,
    0x5D, 0x5F, 0xBE, 0xB5, 0x23, 0x67, 0xE3, 0x33, 0xDB, 0xD5, 0x37, 0xAE, 0x97, 0xD4, 0x3A, 0xEC,
    0x5D, 0xEC, 0xE6, 0x72, 0xD2, 0x91, 0xFD, 0x02, 0xD1, 0x47, 0xCF, 0x97, 0x09, 0x3E, 0xC1, 0x42,
    0xAA, 0xEE, 0x45, 0x4A, 0x19, 0x58, 0x3C, 0xE7, 0x12, 0xB8, 0xB7, 0xC4, 0xB8, 0x64, 0xE3, 0xCB,
    0x67, 0x2E, 0x0F, 0x24, 0xEA, 0x6F, 0xDC, 0xA9, 0x10, 0x1E, 0x36, 0xC0, 0x46, 0xB6, 0x42, 0x83,
    0xD6, 0x7F, 0xCE, 0xEB, 0x1B, 0x03, 0xC3, 0xCE, 0x32, 0xF6, 0x63, 0x3F, 0x67, 0x1A, 0xEB, 0xFA,
    0x60, 0x71, 0x21, 0x87, 0xE0, 0x65, 0x73, 0xEE, 0x7A, 0x32, 0x47, 0xEC, 0x26, 0x99, 0x4A, 0xB7,
    0x9E, 0x5D, 0xCF, 0xD3, 0xF2, 0xC0, 0x79, 0x9D, 0xF1, 0x8F, 0x81, 0x2A, 0x09, 0x62, 0x76, 0x6B,
    0x0D, 0x5D, 0x94, 0x3A, 0xDB, 0x29, 0xBC, 0xF5, 0x71, 0xF4, 0x42, 0x27, 0xE8, 0x92, 0x38, 0x7D,
    0x5C, 0xC3, 0x8C, 0xA8, 0x74, 0x6C, 0x1C, 0x3D, 0x39, 0x75, 0x1C, 0x1D, 0x35, 0x6B, 0xE3, 0x68,
    0x5C, 0x1C, 0x47, 0xF3, 0x4B, 0x58, 0x13, 0xE9, 0x65, 0xE4, 0x40, 0x9F, 0xB5, 0x67, 0x87, 0x8B,
    0x78, 0x5A, 0xFB, 0xA2, 0xE2, 0x79, 0xE9, 0xF3, 0x5D, 0x36, 0xFA, 0x3E, 0x7A, 0xD2, 0xD7, 0x42,
    0xD6, 0x2E, 0xB7, 0x57, 0x25, 0xD9, 0x79, 0x9D, 0x8C, 0x7E, 0x1C, 0x5F, 0x38, 0xC3, 0xC9, 0x2E,
    0xDC, 0x20, 0xDF, 0x00, 0x99, 0x9D, 0x88, 0xB4, 0xE7, 0xF8, 0xA5, 0x07, 0x81, 0xB0, 0x53, 0x1E,
    0xF9, 0x7C, 0x4F, 0x84, 0x20, 0x01, 0x90, 0xC3, 0xCE, 0x86, 0x2E, 0x9F, 0xFC, 0x10, 0x4B, 0x65,
    0x66, 0x91, 0xD4, 0x82, 0xDC, 0x32, 0xFE, 0x21, 0x97, 0xEA, 0x67, 0x85, 0xD3, 0x37, 0xE6, 0xF4,
    0x2F, 0x27, 0x73, 0xFA, 0xBB, 0x57, 0x9E, 0xFF, 0xD6, 0xFA, 0x5E, 0xE6, 0xF4, 0x4D, 0x98, 0x9C,
    0xC6, 0x4C, 0x9A, 0x6F, 0xFF, 0xFC, 0x87, 0x59, 0x74, 0x0E, 0x08, 0x9E, 0x60, 0x77, 0x77, 0x56,
    0x50, 0x7C, 0x6E, 0x5F, 0x31, 0x21, 0xD3, 0xD9, 0xC3, 0x62, 0x8F, 0x97, 0x04, 0x67, 0x38, 0x76,
    0xFA, 0x1C, 0xBF, 0x6B, 0x79, 0x5C, 0xDE, 0x42, 0xE8, 0x89, 0x23, 0x84, 0x33, 0x5F, 0x8E, 0x10,
    0xEE, 0xB9, 0x23, 0x84, 0xBF, 0x1C, 0xD9, 0x23, 0x84, 0x1E, 0x68, 0x3E, 0x07, 0x6A, 0x94, 0xB1,
    0xEE, 0xBA, 0x3B, 0x9B, 0xD1, 0xF2, 0xBC, 0xBE, 0x81, 0xC2, 0xB3, 0x81, 0xC1, 0xB1, 0x3C, 0x6D,
    0xA7, 0xFD, 0xDF, 0xFB, 0x30, 0xEC, 0xFF, 0x03, 0x35, 0x8F, 0xBD, 0x0D, 0xC2, 0x40, 0x0C, 0x85,
    0x3F, 0xB8, 0x22, 0xC5, 0x15, 0x66, 0x83, 0x50, 0x50, 0x87, 0x09, 0xEE, 0x12, 0x89, 0x01, 0x58,
    0x28, 0x12, 0xE9, 0xD8, 0x86, 0x9A, 0x82, 0x22, 0x1B, 0x90, 0x11, 0xB2, 0x01, 0x29, 0x28, 0x28,
    0x40, 0xE2, 0x39, 0x04, 0x4B, 0xCF, 0x92, 0x7D, 0xEF, 0xC7, 0xC7, 0x0E, 0xB8, 0x09, 0x7B, 0x21,
    0xF6, 0xB0, 0x6E, 0xF0, 0xBA, 0x12, 0xC6, 0x56, 0x8B, 0x16, 0x6B, 0x12, 0x99, 0x24, 0x52, 0xB5,
    0x9A, 0xB0, 0x30, 0x60, 0xC7, 0x8E, 0x78, 0x81, 0xE2, 0x0D, 0x61, 0x12, 0x46, 0x61, 0xD0, 0xDC,
    0xFF, 0x2C, 0x62, 0x87, 0x54, 0xC2, 0xEC, 0xB4, 0x65, 0x49, 0xA0, 0xF6, 0x66, 0x7A, 0xFC, 0x87,
    0x2C, 0x95, 0x9C, 0x9D, 0x29, 0x51, 0xCB, 0x50, 0x69, 0xA1, 0x73, 0x24, 0x29, 0x79, 0x4A, 0xA0,
    0x54, 0xEC, 0x20, 0x7F, 0x3B, 0xBB, 0xF9, 0x5D, 0xDA, 0xE2, 0x21, 0x59, 0xF8, 0xB8, 0xD3, 0xCB,
    0x9B, 0x18, 0x73, 0xFA, 0xC6, 0x7F, 0x51, 0xEB, 0x2C, 0x4E, 0xE2, 0xF3, 0x05, 0x65, 0x51, 0xB1,
    0x6E, 0x14, 0x31, 0x14, 0x9C, 0x5D, 0x17, 0x2E, 0x2C, 0xE4, 0x1F, 0x48, 0xE2, 0x96, 0x22, 0xB9,
    0xA3, 0x38, 0x09, 0x22, 0xDD, 0xC5, 0x86, 0x16, 0xE5, 0x4F, 0x90, 0x50, 0xFA, 0x84, 0xF3, 0x1F,
    0xC0, 0x47, 0xA4, 0xA4, 0xA4, 0x48, 0x11, 0xE9, 0xDC, 0x51, 0xD0, 0x6C, 0x47, 0x85, 0xB4, 0x3D,
    0x8D, 0x8B, 0x2D, 0xB6, 0x30, 0x79, 0x8C, 0xBD, 0x49, 0x9A, 0x78, 0xDF, 0x78, 0xB5, 0xFB, 0xDE,
    0x9B, 0xF1, 0x1B, 0xAF, 0x45, 0xBC, 0x3C, 0x1C, 0x44, 0x8A, 0x88, 0xCC, 0x4F, 0x6F, 0x7C, 0x52,
    0xC5, 0x0E, 0x6B, 0xF8, 0xB0, 0x4F, 0x3E, 0xAD, 0xD1, 0x4D, 0xAA, 0xA8, 0xD2, 0x17, 0xCC, 0x3A,
    0xFB, 0x74, 0x0E, 0x35, 0xDA, 0x6C, 0x27, 0x9D, 0xFB, 0xEC, 0x92, 0xE0, 0x16, 0xDD, 0x37, 0x1D,
    0xCC, 0xE8, 0xC3, 0x3A, 0xFC, 0xC3, 0xB6, 0xCB, 0xD8, 0xF7, 0x33, 0xF6, 0x1F, 0x4A, 0xC3, 0x0A,
    0x33, 0x6C, 0xDC, 0xC1, 0x0D, 0x87, 0x06, 0x3B, 0x78, 0xA8, 0xE4, 0xE0, 0xC2, 0x3D, 0x1E, 0xD4,
    0x84, 0x5B, 0x15, 0xA1, 0x06, 0x07, 0x43, 0xE6, 0x0A, 0x45, 0xCE, 0x2E, 0x9B, 0x68, 0x86, 0xCF,
    0xF0, 0xEF, 0x0B, 0x5E, 0x63, 0x04, 0x2C, 0x70, 0x02, 0x9C, 0x01, 0xDB, 0x16, 0xD7, 0x38, 0xC8,
    0x2C, 0x32, 0x21, 0x83, 0x6A, 0xFD, 0x88, 0x7E, 0x20, 0x67, 0x0D, 0x1D, 0x61, 0x42, 0x2D, 0x67,
    0x1C, 0x03, 0x47, 0xC0, 0x29, 0xF0, 0x0E, 0x5C, 0x19, 0xE8, 0xC8, 0xC4, 0xCA, 0x5A, 0xD7, 0xA0,
    0x13, 0x8C, 0x48, 0xB4, 0x22, 0xAD, 0xA5, 0x81, 0x32, 0x55, 0xA7, 0xAA, 0xEC, 0xA5, 0x50, 0xA7,
    0x00, 0x3F, 0x96, 0xF6, 0x67, 0x8A, 0xB4, 0x80, 0x07, 0x87, 0x9E, 0xE1, 0x04, 0x5E, 0x82, 0x97,
    0xD8, 0x22, 0xF0, 0x93, 0x3F, 0xCF, 0xAC, 0x4A, 0x17, 0xEE, 0xE3, 0xF0, 0x85, 0xD8, 0x5A, 0x56,
    0xDE, 0xB3, 0xBF, 0xFF, 0xC3, 0x4D, 0x5D, 0x42, 0x41, 0x1F, 0xD3, 0x17, 0x73, 0x44, 0x36, 0xB3,
    0xB5, 0x01, 0x66, 0x43, 0x09, 0xF5, 0x9B, 0x7C, 0xB8, 0xC1, 0x72, 0x46, 0x9C, 0xEC, 0xF4, 0x80,
    0x37, 0x7F, 0x5F, 0x8D, 0xE8, 0x7E, 0x9E, 0x72, 0xC8, 0x5F, 0x9B, 0x11, 0xEA, 0xEB, 0x86, 0x83,
    0x5E, 0x5E, 0x71, 0xD4, 0xEF, 0x6F, 0x23, 0xFA, 0xBC, 0x42, 0x9D, 0x6E, 0xE6, 0x7D, 0x24, 0xCF,
    0xD6, 0x0B, 0x38, 0xD8, 0xA0, 0x63, 0xCF, 0x47, 0x25, 0xB2, 0x4F, 0xD4, 0xBD, 0x69, 0xF9, 0xB8,
    0xA2, 0x93, 0x5C, 0xA6, 0x8A, 0x38, 0x2C, 0x13, 0x82, 0x05, 0xA8, 0xFE, 0x2D, 0x7E, 0xB0, 0x97,
    0x5B, 0xE5, 0xA4, 0xC3, 0x8F, 0x33, 0xB7, 0xA4, 0x4E, 0x8F, 0xEE, 0x60, 0x57, 0xB7, 0xBB, 0xA7,
    0xA4, 0x1A, 0x5E, 0x32, 0xFE, 0x07, 0x65, 0x90, 0x31, 0x4B, 0xC3, 0x40, 0x14, 0xC7, 0x7F, 0x49,
    0xC0, 0x20, 0x07, 0xDE, 0x07, 0x90, 0x34, 0x8B, 0x63, 0xDB, 0x2C, 0x0E, 0x01, 0x23, 0x39, 0x70,
    0x70, 0xD4, 0x4F, 0x20, 0x7E, 0x03, 0x97, 0x0E, 0x1D, 0x5A, 0x12, 0x70, 0x74, 0xF1, 0xA3, 0x14,
    0xD1, 0x4D, 0xE9, 0xED, 0x0E, 0xED, 0xEE, 0x92, 0xAD, 0x6B, 0x40, 0x87, 0x0E, 0x69, 0xAE, 0x77,
    0x69, 0x29, 0x14, 0xE1, 0x71, 0xDC, 0xBD, 0xF7, 0xFE, 0xEF, 0xFE, 0xEF, 0xE7, 0xB5, 0x84, 0xA6,
    0x94, 0xB7, 0x7A, 0x10, 0xE8, 0xEC, 0x57, 0xA7, 0xAB, 0x72, 0x2C, 0x55, 0x96, 0x90, 0x37, 0x88,
    0x0A, 0x02, 0x8D, 0xD4, 0x5C, 0x95, 0xAC, 0xCA, 0xE0, 0x45, 0x09, 0x49, 0xF4, 0x44, 0x6E, 0x34,
    0x11, 0x64, 0xF8, 0x46, 0x07, 0x46, 0x0B, 0x85, 0xB4, 0x9D, 0x53, 0x38, 0x73, 0xF1, 0x38, 0xC4,
    0x34, 0x14, 0x36, 0x73, 0xAE, 0x3D, 0x5B, 0x7D, 0x25, 0x6E, 0x48, 0x25, 0x97, 0xC2, 0x9D, 0x87,
    0xC9, 0x89, 0x29, 0x73, 0xA3, 0xE8, 0xC1, 0x18, 0xAF, 0xEA, 0xFE, 0xE9, 0x5E, 0x99, 0x4B, 0xC0,
    0x9C, 0xE0, 0x59, 0x0B, 0x5F, 0x8B, 0x40, 0x87, 0xDF, 0x2A, 0x68, 0xE9, 0xC5, 0x64, 0xA1, 0xCA,
    0x24, 0x72, 0x8D, 0xDF, 0x20, 0x0D, 0xB1, 0x50, 0x2E, 0x13, 0xAA, 0x81, 0x40, 0xB4, 0x30, 0x61,
    0x5E, 0xD3, 0x2A, 0x2B, 0xDE, 0x37, 0x0C, 0xA5, 0xAB, 0x7E, 0xFC, 0xA8, 0xB7, 0x05, 0x75, 0xCC,
    0xFB, 0x94, 0x62, 0x4D, 0xBC, 0xC4, 0x9A, 0x9F, 0xF8, 0xCD, 0x49, 0xCA, 0x88, 0x19, 0x35, 0x55,
    0xDE, 0x16, 0xED, 0x4E, 0x71, 0x2A, 0xC1, 0x46, 0xDF, 0x39, 0xB2, 0x6B, 0xA5, 0xD6, 0x47, 0xE3,
    0xB6, 0x71, 0x76, 0x8C, 0xF6, 0x6F, 0x34, 0xA1, 0xF2, 0x36, 0x5D, 0x8F, 0x50, 0x17, 0x31, 0x79,
    0x4B, 0xFC, 0x67, 0xEF, 0x25, 0x89, 0xB2, 0x3D, 0xFE, 0x82, 0xF0, 0x8E, 0xA8, 0xC7, 0xF5, 0x17,
    0x85, 0xE9, 0xF4, 0xA3, 0x63, 0x48, 0x93, 0x3D, 0xA4, 0xFB, 0x1D, 0xA4, 0xE5, 0x3F, 0x48, 0x92,
    0xB1, 0x85, 0x34, 0x3C, 0x40, 0xD2, 0x96, 0x93, 0xC3, 0x62, 0x85, 0xB5, 0x83, 0xE4, 0xE6, 0xC0,
    0xA0, 0xE3, 0xE4, 0x6F, 0x90, 0x82, 0x28, 0x54, 0x91, 0x40, 0x3E, 0x38, 0x30, 0xE9, 0x94, 0x59,
    0xC4, 0xAC, 0x4F, 0x52, 0x75, 0x18, 0x36, 0x1D, 0x86, 0x63, 0x4E, 0xDE, 0x27, 0xF3, 0xCA, 0x71,
    0xDA, 0x02, 0x25, 0x8F, 0x31, 0x0A, 0xC2, 0x50, 0x10, 0x44, 0xDF, 0x4F, 0xC0, 0x14, 0x01, 0x6D,
    0x2C, 0x84, 0x14, 0x1E, 0xC1, 0xDA, 0x42, 0xFF, 0x3F, 0x90, 0xE0, 0x05, 0x14, 0x3D, 0x96, 0x85,
    0x60, 0x7A, 0x9B, 0x1C, 0x21, 0x85, 0x07, 0x48, 0x61, 0x11, 0x21, 0xBA, 0xCE, 0x26, 0xC5, 0x63,
    0xD9, 0x65, 0x77, 0x66, 0x16, 0xAA, 0x2F, 0xC1, 0x06, 0x8A, 0x37, 0xAC, 0xAF, 0xB0, 0x07, 0x4E,
    0xB0, 0x30, 0xAB, 0x45, 0x0A, 0x1D, 0x64, 0x2D, 0x44, 0xAD, 0x44, 0xEB, 0xC9, 0x1B, 0xC8, 0xD5,
    0x67, 0x9A, 0x87, 0x3E, 0x4B, 0x3C, 0x2C, 0x51, 0xFD, 0x28, 0xCC, 0x86, 0x52, 0x4C, 0x0B, 0x35,
    0x14, 0xA2, 0x7C, 0xBA, 0x50, 0x0A, 0xF6, 0xF1, 0xC2, 0xFC, 0x28, 0xED, 0xFD, 0x41, 0x62, 0x03,
    0xA5, 0xB5, 0x5E, 0xD8, 0xDE, 0x34, 0x93, 0x35, 0xAE, 0x27, 0x28, 0x7F, 0xB0, 0xB1, 0x9A, 0x65,
    0xD1, 0x4E, 0x4E, 0x23, 0x9E, 0xE5, 0xED, 0x30, 0xEB, 0xE1, 0x92, 0x94, 0xC5, 0x9A, 0xE8, 0x19,
    0x15, 0x79, 0xCD, 0xC4, 0xE2, 0xBA, 0x92, 0xAE, 0xBF, 0xF3, 0x22, 0x33, 0xFB, 0xE6, 0x9E, 0x27,
    0xDC, 0xDD, 0x54, 0x73, 0x6B, 0xFC, 0x27, 0xD8, 0xA9, 0x97, 0x71, 0xD5, 0x8D, 0x36, 0xF1, 0x23,
    0xBB, 0xF1, 0x56, 0x91, 0x9B, 0xE9, 0x2F, 0x64, 0xC1, 0x59, 0x44, 0xF8, 0x03, 0x5D, 0x53, 0x4D,
    0x8E, 0xD3, 0x30, 0x18, 0x7D, 0xAD, 0x25, 0x2C, 0x11, 0x21, 0x1F, 0xA0, 0xD2, 0xF8, 0x04, 0x34,
    0x17, 0xA0, 0x4D, 0x04, 0xC7, 0xE0, 0x10, 0xC3, 0x82, 0x05, 0x8B, 0x42, 0x2C, 0x36, 0x6C, 0x7B,
    0x04, 0x8E, 0xC0, 0x82, 0x45, 0x91, 0x46, 0x24, 0x12, 0x4B, 0x16, 0x64, 0x6E, 0xD0, 0x05, 0x12,
    0x0B, 0x84, 0x64, 0xA4, 0x2C, 0x2A, 0x34, 0xD4, 0xBC, 0xE7, 0x34, 0x33, 0x53, 0x12, 0x7D, 0x56,
    0xF2, 0xD9, 0xEF, 0x2F, 0x76, 0xD0, 0x7C, 0x07, 0xD2, 0x11, 0x08, 0x65, 0x0D, 0x14, 0x1D, 0x60,
    0x54, 0x3D, 0x2E, 0x7F, 0xF4, 0x26, 0xA5, 0xDE, 0xF5, 0xBE, 0x2B, 0x61, 0xBB, 0x15, 0xE7, 0x36,
    0x70, 0xF5, 0x0E, 0x1E, 0x3B, 0xAC, 0x71, 0xC5, 0xFB, 0xB5, 0x1D, 0x50, 0xA5, 0x1E, 0x05, 0xE1,
    0x80, 0xEB, 0x01, 0xBF, 0x07, 0xD6, 0xAC, 0x4F, 0x11, 0xF8, 0x1D, 0x61, 0xAE, 0x23, 0xA1, 0x91,
    0xB0, 0x48, 0x58, 0xC4, 0x13, 0xD6, 0x0E, 0x03, 0xC7, 0x61, 0xBE, 0xC7, 0x40, 0xA5, 0xA1, 0x08,
    0x18, 0x1C, 0x70, 0x28, 0x53, 0x3A, 0x54, 0x2C, 0xF0, 0xA1, 0x26, 0x6B, 0x02, 0x57, 0x7B, 0x60,
    0x83, 0x12, 0x59, 0x90, 0xB0, 0x95, 0x86, 0x0D, 0x66, 0x91, 0xDA, 0xF3, 0x88, 0x03, 0x0C, 0x49,
    0xE8, 0x75, 0x26, 0x15, 0x36, 0x8A, 0x8E, 0x0D, 0x17, 0x68, 0xDE, 0xD5, 0xB6, 0x83, 0x63, 0x97,
    0x14, 0x54, 0x58, 0xB2, 0x41, 0xB4, 0xBB, 0xE5, 0x5C, 0xD2, 0x6F, 0xC5, 0xD4, 0x55, 0xFA, 0x2B,
    0x6A, 0x69, 0x68, 0x09, 0xC1, 0x10, 0x48, 0xF9, 0xA5, 0x00, 0xA8, 0x06, 0x48, 0x08, 0x8E, 0xFD,
    0x8A, 0xAF, 0x57, 0xE3, 0x94, 0xED, 0x47, 0x88, 0xE0, 0x6D, 0xBA, 0x41, 0x62, 0xD1, 0x76, 0xDD,
    0xC8, 0x3A, 0xA4, 0x0A, 0x69, 0x49, 0x72, 0xE4, 0x00, 0x23, 0x8F, 0x5F, 0x37, 0xE3, 0xB2, 0x07,
    0x5A, 0x39, 0x89, 0xE4, 0x49, 0x9B, 0x27, 0xD5, 0x5A, 0x69, 0xD8, 0x4D, 0x93, 0xB2, 0xF3, 0x3F,
    0x63, 0x89, 0x26, 0x34, 0x61, 0x8D, 0x33, 0xC4, 0x66, 0xD2, 0x9A, 0xC5, 0x49, 0xCB, 0x86, 0x69,
    0xC5, 0x05, 0xB0, 0xA8, 0x89, 0x6D, 0xEB, 0x57, 0xC0, 0xF3, 0xA0, 0x0C, 0x6F, 0xA9, 0x6A, 0xBE,
    0x28, 0xF0, 0x57, 0x5A, 0x32, 0xDF, 0x04, 0xFA, 0xA5, 0xE1, 0x46, 0x96, 0xB2, 0x69, 0x11, 0xD9,
    0xFD, 0x1B, 0x94, 0x7F, 0x52, 0xBD, 0xA9, 0xDE, 0x85, 0x0F, 0x17, 0xA6, 0x8B, 0x8F, 0x4D, 0xF8,
    0xD8, 0xBA, 0xBA, 0xF9, 0x79, 0x44, 0xF9, 0xF4, 0x20, 0xBD, 0x56, 0x0E, 0x95, 0xDC, 0x4B, 0x6F,
    0x7D, 0xEE, 0x28, 0x07, 0x39, 0x9C, 0x79, 0x9B, 0xDF, 0x86, 0xCE, 0xE1, 0x46, 0xAB, 0xDD, 0x14,
    0xD3, 0x85, 0xE9, 0x2B, 0x79, 0x9C, 0xB6, 0x67, 0xE4, 0x14, 0xDD, 0x4C, 0x4C, 0x8D, 0xF0, 0xAD,
    0x96, 0xE1, 0x33, 0x5E, 0x98, 0x74, 0x1D, 0xDD, 0xB3, 0xD4, 0x3F, 0x44, 0x23, 0x50, 0xBE, 0xEC,
    0x30, 0x0F, 0x3E, 0xF1, 0xE4, 0xFA, 0x84, 0x97, 0x73, 0x61, 0xCC, 0x69, 0x87, 0x97, 0xB0, 0x29,
    0xC5, 0x82, 0x95, 0x37, 0x56, 0x8A, 0x5E, 0xE7, 0x21, 0x75, 0xAC, 0x90, 0x37, 0x97, 0x4E, 0xEC,
    0xC8, 0x64, 0xA5, 0xA8, 0x60, 0x97, 0xA4, 0x58, 0x1C, 0xD9, 0x4C, 0xDB, 0x93, 0x87, 0x59, 0xCA,
    0x0E, 0xC7, 0x47, 0xA5, 0xF0, 0x32, 0x85, 0x2D, 0xEE, 0x2E, 0x9E, 0xE6, 0x4E, 0xCC, 0x94, 0x78,
    0xCF, 0x57, 0xFD, 0x28, 0xFA, 0xE1, 0x1E, 0x08, 0x59, 0x72, 0xB5, 0x19, 0x72, 0x94, 0xC5, 0x91,
    0xAD, 0x2D, 0x3C, 0xA7, 0x1E, 0xDD, 0x43, 0xB7, 0x3C, 0x4B, 0x89, 0xC7, 0xF4, 0x1F, 0x55, 0xCD,
    0xB1, 0x0D, 0xC2, 0x30, 0x10, 0x05, 0xD0, 0x1F, 0xBB, 0x70, 0xE1, 0xE2, 0x46, 0x60, 0x02, 0xC2,
    0x02, 0x04, 0x3C, 0x58, 0x24, 0x3C, 0x16, 0x05, 0xC5, 0x8D, 0xE0, 0x11, 0x2C, 0x26, 0x38, 0xA4,
    0x14, 0x29, 0x20, 0xE1, 0x9F, 0x44, 0x83, 0xE4, 0xFB, 0xB6, 0x4E, 0xD6, 0x7F, 0x40, 0xD8, 0x00,
    0xC8, 0x87, 0x71, 0x2A, 0x47, 0x60, 0xC2, 0x15, 0x98, 0x79, 0xE1, 0xC1, 0x15, 0x56, 0x4E, 0xDE,
    0x6D, 0x81, 0xEC, 0xDD, 0x30, 0xD8, 0x60, 0x08, 0x3D, 0x74, 0xC4, 0x1E, 0x1B, 0x62, 0x8B, 0x8A,
    0xA4, 0x49, 0x91, 0x35, 0x57, 0x48, 0x95, 0x02, 0x29, 0xC2, 0x3A, 0x1C, 0xC0, 0x33, 0xB2, 0xD3,
    0x9B, 0x2E, 0xDE, 0x34, 0x73, 0x86, 0x37, 0xE3, 0x66, 0x1E, 0xD5, 0x77, 0xC4, 0x47, 0xC7, 0x27,
    0xC7, 0xCF, 0x8E, 0xCF, 0xFE, 0xF1, 0xEE, 0xF8, 0xE2, 0xB8, 0x11, 0x7F, 0x19, 0xF1, 0x67, 0x27,
    0x4E, 0x32, 0x74, 0x92, 0xB1, 0x25, 0x0F, 0x92, 0x49, 0x49, 0x66, 0x75, 0xB2, 0x92, 0x94, 0xE2,
    0xC1, 0x37, 0xF1, 0xDC, 0xE8, 0x07, 0x75, 0xFF, 0x87, 0xAF, 0x7F, 0xF8, 0x17, 0x63, 0x60, 0x63,
    0x60, 0x60, 0x90, 0x3F, 0xC0, 0xC0, 0x50, 0xFF, 0x81, 0x81, 0xF1, 0x81, 0x0D, 0x03, 0xFB, 0x01,
    0x7E, 0x06, 0xF9, 0xFF, 0xFC, 0x07, 0xEA, 0xFF, 0xEB, 0x7F, 0xA8, 0xFF, 0x53, 0xFF, 0x41, 0xFE,
    0xCB, 0xFF, 0x03, 0xEC, 0xFF, 0xFF, 0x33, 0x30, 0x7E, 0xF9, 0xC3, 0xC0, 0x50, 0xF2, 0x01, 0xA2,
    0x16, 0xA8, 0x07, 0x00,
};

static const EpdGlyph ubuntumono_14_italicGlyphs[] = {
    { 0, 0, 233, 0, 0, 0, 0 }, // U+0000
    { 0, 0, 233, 0, 0, 0, 0 }, // U+0008
    { 0, 0, 233, 0, 0, 0, 0 }, // U+0009
    { 0, 0, 233, 0, 0, 0, 0 }, // U+000D
    { 0, 0, 233, 0, 0, 0, 0 }, // U+001D
    { 0, 0, 233, 0, 0, 0, 0 }, // U+0020
    { 7, 18, 233, 5, 18, 32, 0 }, // !
    { 9, 7, 233, 6, 18, 16, 32 }, // "
    { 16, 18, 233, 1, 18, 72, 48 }, // #
    { 14, 23, 233, 2, 20, 81, 120 }, // $
    { 18, 18, 233, 0, 18, 81, 201 }, // %
    { 14, 18, 233, 1, 18, 63, 282 }, // &
    { 5, 8, 233, 8, 20, 10, 345 }, // '
    { 12, 25, 233, 4, 20, 75, 355 }, // (
    { 12, 25, 233, 1, 20, 75, 430 }, // )
    { 12, 11, 233, 4, 18, 33, 505 }, // *
    { 13, 12, 233, 2, 14, 39, 538 }, // +
    { 7, 8, 233, 3, 4, 14, 577 }, // ,
    { 7, 2, 233, 5, 8, 4, 591 }, // -
    { 5, 4, 233, 5, 4, 5, 595 }, // .
    { 18, 25, 233, -1, 20, 113, 600 }, // /
    { 14, 18, 233, 2, 18, 63, 713 }, // 0
    { 12, 18, 233, 2, 18, 54, 776 }, // 1
    { 14, 18, 233, 2, 18, 63, 830 }, // 2
    { 14, 18, 233, 1, 18, 63, 893 }, // 3
    { 14, 18, 233, 1, 18, 63, 956 }, // 4
    { 15, 18, 233, 1, 18, 68, 1019 }, // 5
    { 14, 18, 233, 2, 18, 63, 1087 }, // 6
    { 14, 18, 233, 4, 18, 63, 1150 }, // 7
    { 14, 18, 233, 2, 18, 63, 1213 }, // 8
    { 14, 18, 233, 2, 18, 63, 1276 }, // 9
    { 7, 13, 233, 5, 13, 23, 1339 }, // :
    { 9, 17, 233, 3, 13, 39, 1362 }, // ;
    { 14, 11, 233, 2, 13, 39, 1401 }, // <
    { 15, 7, 233, 1, 11, 27, 1440 }, // =
    { 14, 11, 233, 1, 13, 39, 1467 }, // >
    { 12, 18, 233, 4, 18, 54, 1506 }, // ?
    { 15, 22, 233, 2, 18, 83, 1560 }, // @
    { 15, 18, 233, -1, 18, 68, 1643 }, // A
    { 15, 18, 233, 1, 18, 68, 1711 }, // B
    { 15, 18, 233, 2, 18, 68, 1779 }, // C
    { 15, 18, 233, 1, 18, 68, 1847 }, // D
    { 15, 18, 233, 2, 18, 68, 1915 }, // E
    { 15, 18, 233, 2, 18, 68, 1983 }, // F
    { 15, 18, 233, 2, 18, 68, 2051 }, // G
    { 16, 18, 233, 1, 18, 72, 2119 }, // H
    { 14, 18, 233, 2, 18, 63, 2191 }, // I
    { 16, 18, 233, 1, 18, 72, 2254 }, // J
    { 17, 18, 233, 1, 18, 77, 2326 }, // K
    { 12, 18, 233, 1, 18, 54, 2403 }, // L
    { 17, 18, 233, 0, 18, 77, 2457 }, // M
    { 16, 18, 233, 1, 18, 72, 2534 }, // N
    { 14, 18, 233, 2, 18, 63, 2606 }, // O
    { 15, 18, 233, 1, 18, 68, 2669 }, // P
    { 14, 23, 233, 2, 18, 81, 2737 }, // Q
    { 15, 18, 233, 1, 18, 68, 2818 }, // R
    { 15, 18, 233, 1, 18, 68, 2886 }, // S
    { 14, 18, 233, 4, 18, 63, 2954 }, // T
    { 15, 18, 233, 2, 18, 68, 3017 }, // U
    { 15, 18, 233, 3, 18, 68, 3085 }, // V
    { 17, 18, 233, 1, 18, 77, 3153 }, // W
    { 18, 18, 233, 0, 18, 81, 3230 }, // X
    { 15, 18, 233, 4, 18, 68, 3311 }, // Y
    { 16, 18, 233, 1, 18, 72, 3379 }, // Z
    { 14, 25, 233, 2, 20, 88, 3451 }, // [
    { 5, 25, 233, 6, 20, 32, 3539 }, // <backslash>
    { 14, 25, 233, 0, 20, 88, 3571 }, // ]
    { 12, 10, 233, 3, 18, 30, 3659 }, // ^
    { 14, 2, 233, -1, -3, 7, 3689 }, // _
    { 6, 5, 233, 7, 20, 8, 3696 }, // `
    { 13, 13, 233, 2, 13, 43, 3704 }, // a
    { 14, 20, 233, 1, 20, 70, 3747 }, // b
    { 13, 13, 233, 2, 13, 43, 3817 }, // c
    { 15, 20, 233, 2, 20, 75, 3860 }, // d
    { 13, 13, 233, 2, 13, 43, 3935 }, // e
    { 18, 25, 233, 0, 20, 113, 3978 }, // f
    { 16, 18, 233, 0, 13, 72, 4091 }, // g
    { 13, 20, 233, 1, 20, 65, 4163 }, // h
    { 10, 19, 233, 3, 19, 48, 4228 }, // i
    { 15, 24, 233, 0, 19, 90, 4276 }, // j
    { 15, 20, 233, 1, 20, 75, 4366 }, // k
    { 8, 20, 233, 5, 20, 40, 4441 }, // l
    { 16, 13, 233, 0, 13, 52, 4481 }, // m
    { 14, 13, 233, 1, 13, 46, 4533 }, // n
    { 13, 13, 233, 2, 13, 43, 4579 }, // o
    { 15, 18, 233, 0, 13, 68, 4622 }, // p
    { 14, 18, 233, 2, 13, 63, 4690 }, // q
    { 14, 13, 233, 2, 13, 46, 4753 }, // r
    { 13, 13, 233, 2, 13, 43, 4799 }, // s
    { 11, 17, 233, 4, 17, 47, 4842 }, // t
    { 13, 13, 233, 2, 13, 43, 4889 }, // u
    { 13, 13, 233, 3, 13, 43, 4932 }, // v
    { 15, 13, 233, 2, 13, 49, 4975 }, // w
    { 16, 14, 233, 0, 14, 56, 5024 }, // x
    { 17, 18, 233, -1, 13, 77, 5080 }, // y
    { 14, 13, 233, 1, 13, 46, 5157 }, // z
    { 15, 25, 233, 2, 20, 94, 5203 }, // {
    { 9, 25, 233, 4, 20, 57, 5297 }, // |
    { 14, 25, 233, 0, 20, 88, 5354 }, // }
    { 14, 4, 233, 2, 11, 14, 5442 }, // ~
    { 0, 0, 233, 0, 0, 0, 0 }, // U+00A0
    { 8, 18, 233, 4, 13, 36, 0 }, // U+00A1
    { 13, 23, 233, 2, 20, 75, 36 }, // U+00A2
    { 15, 18, 233, 2, 18, 68, 111 }, // U+00A3
    { 13, 12, 233, 2, 15, 39, 179 }, // U+00A4
    { 16, 18, 233, 2, 18, 72, 218 }, // U+00A5
    { 9, 25, 233, 4, 20, 57, 290 }, // U+00A6
    { 15, 21, 233, 1, 18, 79, 347 }, // U+00A7
    { 9, 3, 233, 6, 19, 7, 426 }, // U+00A8
    { 13, 14, 233, 2, 14, 46, 433 }, // U+00A9
    { 10, 9, 233, 5, 18, 23, 479 }, // U+00AA
    { 12, 10, 233, 3, 13, 30, 502 }, // U+00AB
    { 14, 9, 233, 2, 10, 32, 532 }, // U+00AC
    { 7, 2, 233, 5, 8, 4, 564 }, // U+00AD
    { 13, 14, 233, 2, 14, 46, 568 }, // U+00AE
    { 9, 2, 233, 6, 19, 5, 614 }, // U+00AF
    { 8, 8, 233, 6, 21, 16, 619 }, // U+00B0
    { 16, 16, 233, 0, 16, 64, 635 }, // U+00B1
    { 9, 10, 233, 5, 18, 23, 699 }, // U+00B2
    { 9, 10, 233, 5, 18, 23, 722 }, // U+00B3
    { 7, 5, 233, 8, 20, 9, 745 }, // U+00B4
    { 15, 18, 233, 0, 13, 68, 754 }, // U+00B5
    { 15, 23, 233, 2, 18, 87, 822 }, // U+00B6
    { 5, 4, 233, 6, 10, 5, 909 }, // U+00B7
    { 6, 6, 233, 3, 1, 9, 914 }, // U+00B8
    { 8, 10, 233, 5, 18, 20, 923 }, // U+00B9
    { 10, 9, 233, 5, 18, 23, 943 }, // U+00BA
    { 12, 10, 233, 2, 12, 30, 966 }, // U+00BB
    { 18, 18, 233, 0, 18, 81, 996 }, // U+00BC
    { 17, 18, 233, 0, 18, 77, 1077 }, // U+00BD
    { 18, 18, 233, 0, 18, 81, 1154 }, // U+00BE
    { 11, 18, 233, 2, 13, 50, 1235 }, // U+00BF
    { 15, 24, 233, -1, 24, 90, 1285 }, // U+00C0
    { 17, 24, 233, -1, 24, 102, 1375 }, // U+00C1
    { 16, 24, 233, -1, 24, 96, 1477 }, // U+00C2
    { 17, 23, 233, -1, 23, 98, 1573 }, // U+00C3
    { 17, 23, 233, -1, 23, 98, 1671 }, // U+00C4
    { 15, 22, 233, -1, 22, 83, 1769 }, // U+00C5
    { 18, 18, 233, 0, 18, 81, 1852 }, // U+00C6
    { 15, 23, 233, 2, 18, 87, 1933 }, // U+00C7
    { 15, 24, 233, 2, 24, 90, 2020 }, // U+00C8
    { 15, 24, 233, 2, 24, 90, 2110 }, // U+00C9
    { 15, 24, 233, 2, 24, 90, 2200 }, // U+00CA
    { 15, 23, 233, 2, 23, 87, 2290 }, // U+00CB
    { 14, 24, 233, 2, 24, 84, 2377 }, // U+00CC
    { 14, 24, 233, 2, 24, 84, 2461 }, // U+00CD
    { 14, 24, 233, 2, 24, 84, 2545 }, // U+00CE
    { 14, 23, 233, 2, 23, 81, 2629 }, // U+00CF
    { 15, 18, 233, 1, 18, 68, 2710 }, // U+00D0
    { 16, 23, 233, 1, 23, 92, 2778 }, // U+00D1
    { 14, 24, 233, 2, 24, 84, 2870 }, // U+00D2
    { 14, 24, 233, 2, 24, 84, 2954 }, // U+00D3
    { 14, 24, 233, 2, 24, 84, 3038 }, // U+00D4
    { 15, 23, 233, 2, 23, 87, 3122 }, // U+00D5
    { 15, 23, 233, 2, 23, 87, 3209 }, // U+00D6
    { 13, 10, 233, 2, 12, 33, 3296 }, // U+00D7
    { 16, 20, 233, 1, 19, 80, 3329 }, // U+00D8
    { 15, 24, 233, 2, 24, 90, 3409 }, // U+00D9
    { 15, 24, 233, 2, 24, 90, 3499 }, // U+00DA
    { 15, 24, 233, 2, 24, 90, 3589 }, // U+00DB
    { 15, 23, 233, 2, 23, 87, 3679 }, // U+00DC
    { 15, 24, 233, 4, 24, 90, 3766 }, // U+00DD
    { 15, 18, 233, 1, 18, 68, 3856 }, // U+00DE
    { 18, 25, 233, -3, 20, 113, 3924 }, // U+00DF
    { 13, 20, 233, 2, 20, 65, 4037 }, // U+00E0
    { 13, 20, 233, 2, 20, 65, 4102 }, // U+00E1
    { 13, 20, 233, 2, 20, 65, 4167 }, // U+00E2
    { 14, 19, 233, 2, 19, 67, 4232 }, // U+00E3
    { 14, 19, 233, 2, 19, 67, 4299 }, // U+00E4
    { 13, 20, 233, 2, 20, 65, 4366 }, // U+00E5
    { 15, 13, 233, 1, 13, 49, 4431 }, // U+00E6
    { 13, 18, 233, 2, 13, 59, 4480 }, // U+00E7
    { 13, 20, 233, 2, 20, 65, 4539 }, // U+00E8
    { 13, 20, 233, 2, 20, 65, 4604 }, // U+00E9
    { 13, 20, 233, 2, 20, 65, 4669 }, // U+00EA
    { 14, 19, 233, 2, 19, 67, 4734 }, // U+00EB
    { 10, 20, 233, 3, 20, 50, 4801 }, // U+00EC
    { 11, 20, 233, 3, 20, 55, 4851 }, // U+00ED
    { 10, 20, 233, 3, 20, 50, 4906 }, // U+00EE
    { 11, 19, 233, 3, 19, 53, 4956 }, // U+00EF
    { 15, 20, 233, 2, 20, 75, 5009 }, // U+00F0
    { 15, 19, 233, 1, 19, 72, 5084 }, // U+00F1
    { 13, 20, 233, 2, 20, 65, 5156 }, // U+00F2
    { 13, 20, 233, 2, 20, 65, 5221 }, // U+00F3
    { 13, 20, 233, 2, 20, 65, 5286 }, // U+00F4
    { 14, 19, 233, 2, 19, 67, 5351 }, // U+00F5
    { 14, 19, 233, 2, 19, 67, 5418 }, // U+00F6
    { 13, 14, 233, 2, 15, 46, 5485 }, // U+00F7
    { 17, 15, 233, 0, 14, 64, 5531 }, // U+00F8
    { 13, 20, 233, 2, 20, 65, 5595 }, // U+00F9
    { 13, 20, 233, 2, 20, 65, 5660 }, // U+00FA
    { 13, 20, 233, 2, 20, 65, 5725 }, // U+00FB
    { 13, 19, 233, 2, 19, 62, 5790 }, // U+00FC
    { 17, 25, 233, -1, 20, 107, 5852 }, // U+00FD
    { 15, 25, 233, 0, 20, 94, 5959 }, // U+00FE
    { 17, 24, 233, -1, 19, 102, 6053 }, // U+00FF
    { 17, 23, 233, -1, 23, 98, 0 }, // U+0100
    { 14, 19, 233, 2, 19, 67, 98 }, // U+0101
    { 17, 24, 233, -1, 24, 102, 165 }, // U+0102
    { 14, 20, 233, 2, 20, 70, 267 }, // U+0103
    { 15, 23, 233, -1, 18, 87, 337 }, // U+0104
    { 13, 18, 233, 2, 13, 59, 424 }, // U+0105
    { 15, 24, 233, 2, 24, 90, 483 }, // U+0106
    { 13, 20, 233, 2, 20, 65, 573 }, // U+0107
    { 15, 24, 233, 2, 24, 90, 638 }, // U+0108
    { 13, 20, 233, 2, 20, 65, 728 }, // U+0109
    { 15, 23, 233, 2, 23, 87, 793 }, // U+010A
    { 13, 19, 233, 2, 19, 62, 880 }, // U+010B
    { 15, 24, 233, 2, 24, 90, 942 }, // U+010C
    { 14, 20, 233, 2, 20, 70, 1032 }, // U+010D
    { 15, 24, 233, 1, 24, 90, 1102 }, // U+010E
    { 18, 20, 233, 1, 20, 90, 1192 }, // U+010F
    { 15, 18, 233, 1, 18, 68, 1282 }, // U+0110
    { 16, 20, 233, 2, 20, 80, 1350 }, // U+0111
    { 15, 23, 233, 2, 23, 87, 1430 }, // U+0112
    { 14, 19, 233, 2, 19, 67, 1517 }, // U+0113
    { 15, 24, 233, 2, 24, 90, 1584 }, // U+0114
    { 14, 20, 233, 2, 20, 70, 1674 }, // U+0115
    { 15, 23, 233, 2, 23, 87, 1744 }, // U+0116
    { 13, 19, 233, 2, 19, 62, 1831 }, // U+0117
    { 15, 23, 233, 2, 18, 87, 1893 }, // U+0118
    { 13, 18, 233, 2, 13, 59, 1980 }, // U+0119
    { 15, 24, 233, 2, 24, 90, 2039 }, // U+011A
    { 13, 20, 233, 2, 20, 65, 2129 }, // U+011B
    { 15, 24, 233, 2, 24, 90, 2194 }, // U+011C
    { 16, 25, 233, 0, 20, 100, 2284 }, // U+011D
    { 15, 24, 233, 2, 24, 90, 2384 }, // U+011E
    { 16, 25, 233, 0, 20, 100, 2474 }, // U+011F
    { 15, 23, 233, 2, 23, 87, 2574 }, // U+0120
    { 16, 24, 233, 0, 19, 96, 2661 }, // U+0121
    { 15, 23, 233, 2, 18, 87, 2757 }, // U+0122
    { 16, 25, 233, 0, 20, 100, 2844 }, // U+0123
    { 16, 24, 233, 1, 24, 96, 2944 }, // U+0124
    { 13, 25, 233, 1, 25, 82, 3040 }, // U+0125
    { 17, 18, 233, 1, 18, 77, 3122 }, // U+0126
    { 13, 20, 233, 2, 20, 65, 3199 }, // U+0127
    { 15, 23, 233, 2, 23, 87, 3264 }, // U+0128
    { 12, 19, 233, 3, 19, 57, 3351 }, // U+0129
    { 14, 23, 233, 2, 23, 81, 3408 }, // U+012A
    { 11, 19, 233, 3, 19, 53, 3489 }, // U+012B
    { 14, 24, 233, 2, 24, 84, 3542 }, // U+012C
    { 12, 20, 233, 3, 20, 60, 3626 }, // U+012D
    { 14, 23, 233, 2, 18, 81, 3686 }, // U+012E
    { 10, 24, 233, 3, 19, 60, 3767 }, // U+012F
    { 14, 23, 233, 2, 23, 81, 3827 }, // U+0130
    { 10, 13, 233, 3, 13, 33, 3908 }, // U+0131
    { 18, 18, 233, 0, 18, 81, 3941 }, // U+0132
    { 14, 24, 233, 2, 19, 84, 4022 }, // U+0133
    { 16, 24, 233, 1, 24, 96, 4106 }, // U+0134
    { 15, 25, 233, 0, 20, 94, 4202 }, // U+0135
    { 17, 23, 233, 1, 18, 98, 4296 }, // U+0136
    { 15, 25, 233, 1, 20, 94, 4394 }, // U+0137
    { 15, 13, 233, 1, 13, 49, 4488 }, // U+0138
    { 12, 24, 233, 1, 24, 72, 4537 }, // U+0139
    { 9, 24, 233, 5, 24, 54, 4609 }, // U+013A
    { 12, 23, 233, 1, 18, 69, 4663 }, // U+013B
    { 9, 25, 233, 4, 20, 57, 4732 }, // U+013C
    { 12, 18, 233, 1, 18, 54, 4789 }, // U+013D
    { 12, 20, 233, 5, 20, 60, 4843 }, // U+013E
    { 13, 18, 233, 1, 18, 59, 4903 }, // U+013F
    { 12, 20, 233, 5, 20, 60, 4962 }, // U+0140
    { 12, 18, 233, 1, 18, 54, 5022 }, // U+0141
    { 9, 20, 233, 4, 20, 45, 5076 }, // U+0142
    { 16, 24, 233, 1, 24, 96, 5121 }, // U+0143
    { 14, 20, 233, 1, 20, 70, 5217 }, // U+0144
    { 16, 23, 233, 1, 18, 92, 5287 }, // U+0145
    { 14, 18, 233, 1, 13, 63, 5379 }, // U+0146
    { 16, 24, 233, 1, 24, 96, 5442 }, // U+0147
    { 14, 20, 233, 1, 20, 70, 5538 }, // U+0148
    { 14, 20, 233, 1, 20, 70, 5608 }, // U+0149
    { 16, 23, 233, 1, 18, 92, 5678 }, // U+014A
    { 14, 18, 233, 1, 13, 63, 5770 }, // U+014B
    { 14, 23, 233, 2, 23, 81, 5833 }, // U+014C
    { 14, 19, 233, 2, 19, 67, 5914 }, // U+014D
    { 14, 24, 233, 2, 24, 84, 5981 }, // U+014E
    { 14, 20, 233, 2, 20, 70, 6065 }, // U+014F
    { 16, 24, 233, 2, 24, 96, 6135 }, // U+0150
    { 14, 20, 233, 2, 20, 70, 6231 }, // U+0151
    { 17, 18, 233, 1, 18, 77, 6301 }, // U+0152
    { 16, 13, 233, 1, 13, 52, 6378 }, // U+0153
    { 15, 24, 233, 1, 24, 90, 6430 }, // U+0154
    { 14, 20, 233, 2, 20, 70, 6520 }, // U+0155
    { 15, 23, 233, 1, 18, 87, 6590 }, // U+0156
    { 17, 18, 233, -1, 13, 77, 6677 }, // U+0157
    { 15, 24, 233, 1, 24, 90, 6754 }, // U+0158
    { 14, 20, 233, 2, 20, 70, 6844 }, // U+0159
    { 15, 24, 233, 1, 24, 90, 6914 }, // U+015A
    { 13, 20, 233, 2, 20, 65, 7004 }, // U+015B
    { 15, 24, 233, 1, 24, 90, 7069 }, // U+015C
    { 13, 20, 233, 2, 20, 65, 7159 }, // U+015D
    { 15, 23, 233, 1, 18, 87, 7224 }, // U+015E
    { 13, 18, 233, 2, 13, 59, 7311 }, // U+015F
    { 15, 24, 233, 1, 24, 90, 7370 }, // U+0160
    { 14, 20, 233, 2, 20, 70, 7460 }, // U+0161
    { 16, 23, 233, 2, 18, 92, 7530 }, // U+0162
    { 12, 22, 233, 3, 17, 66, 7622 }, // U+0163
    { 14, 24, 233, 4, 24, 84, 7688 }, // U+0164
    { 12, 20, 233, 4, 20, 60, 7772 }, // U+0165
    { 14, 18, 233, 4, 18, 63, 7832 }, // U+0166
    { 13, 17, 233, 2, 17, 56, 7895 }, // U+0167
    { 15, 23, 233, 2, 23, 87, 7951 }, // U+0168
    { 14, 19, 233, 2, 19, 67, 8038 }, // U+0169
    { 15, 23, 233, 2, 23, 87, 8105 }, // U+016A
    { 13, 19, 233, 2, 19, 62, 8192 }, // U+016B
    { 15, 24, 233, 2, 24, 90, 8254 }, // U+016C
    { 13, 20, 233, 2, 20, 65, 8344 }, // U+016D
    { 15, 24, 233, 2, 24, 90, 8409 }, // U+016E
    { 13, 20, 233, 2, 20, 65, 8499 }, // U+016F
    { 15, 24, 233, 2, 24, 90, 8564 }, // U+0170
    { 14, 20, 233, 2, 20, 70, 8654 }, // U+0171
    { 15, 23, 233, 2, 18, 87, 8724 }, // U+0172
    { 13, 18, 233, 2, 13, 59, 8811 }, // U+0173
    { 17, 24, 233, 1, 24, 102, 8870 }, // U+0174
    { 15, 20, 233, 2, 20, 75, 8972 }, // U+0175
    { 15, 24, 233, 4, 24, 90, 9047 }, // U+0176
    { 17, 25, 233, -1, 20, 107, 9137 }, // U+0177
    { 15, 23, 233, 4, 23, 87, 9244 }, // U+0178
    { 16, 24, 233, 1, 24, 96, 9331 }, // U+0179
    { 14, 20, 233, 1, 20, 70, 9427 }, // U+017A
    { 16, 23, 233, 1, 23, 92, 9497 }, // U+017B
    { 14, 19, 233, 1, 19, 67, 9589 }, // U+017C
    { 16, 24, 233, 1, 24, 96, 9656 }, // U+017D
    { 14, 20, 233, 1, 20, 70, 9752 }, // U+017E
    { 18, 25, 233, 0, 20, 113, 9822 }, // U+017F
    { 16, 20, 233, 2, 20, 80, 0 }, // U+01A0
    { 15, 16, 233, 2, 16, 60, 80 }, // U+01A1
    { 19, 21, 233, 1, 21, 100, 140 }, // U+01AF
    { 16, 16, 233, 2, 16, 64, 240 }, // U+01B0
    { 20, 23, 233, 0, 23, 115, 304 }, // U+01C4
    { 19, 19, 233, 0, 19, 91, 419 }, // U+01C5
    { 19, 20, 233, 0, 20, 95, 510 }, // U+01C6
    { 18, 18, 233, 0, 18, 81, 605 }, // U+01C7
    { 17, 24, 233, 0, 19, 102, 686 }, // U+01C8
    { 13, 25, 233, 2, 20, 82, 788 }, // U+01C9
    { 18, 18, 233, 0, 18, 81, 870 }, // U+01CA
    { 18, 24, 233, 0, 19, 108, 951 }, // U+01CB
    { 18, 24, 233, 0, 19, 108, 1059 }, // U+01CC
    { 17, 24, 233, -1, 24, 102, 1167 }, // U+01CD
    { 14, 20, 233, 2, 20, 70, 1269 }, // U+01CE
    { 14, 24, 233, 2, 24, 84, 1339 }, // U+01CF
    { 11, 20, 233, 3, 20, 55, 1423 }, // U+01D0
    { 14, 24, 233, 2, 24, 84, 1478 }, // U+01D1
    { 13, 20, 233, 2, 20, 65, 1562 }, // U+01D2
    { 15, 24, 233, 2, 24, 90, 1627 }, // U+01D3
    { 13, 20, 233, 2, 20, 65, 1717 }, // U+01D4
    { 15, 24, 233, 2, 24, 90, 1782 }, // U+01D5
    { 13, 21, 233, 2, 21, 69, 1872 }, // U+01D6
    { 15, 24, 233, 2, 24, 90, 1941 }, // U+01D7
    { 13, 22, 233, 2, 22, 72, 2031 }, // U+01D8
    { 15, 24, 233, 2, 24, 90, 2103 }, // U+01D9
    { 13, 22, 233, 2, 22, 72, 2193 }, // U+01DA
    { 15, 24, 233, 2, 24, 90, 2265 }, // U+01DB
    { 13, 22, 233, 2, 22, 72, 2355 }, // U+01DC
    { 13, 13, 233, 2, 13, 43, 2427 }, // U+01DD
    { 17, 24, 233, -1, 24, 102, 2470 }, // U+01DE
    { 14, 21, 233, 2, 21, 74, 2572 }, // U+01DF
    { 17, 24, 233, -1, 24, 102, 2646 }, // U+01E0
    { 14, 21, 233, 2, 21, 74, 2748 }, // U+01E1
    { 19, 23, 233, 0, 23, 110, 2822 }, // U+01E2
    { 15, 19, 233, 1, 19, 72, 2932 }, // U+01E3
    { 14, 18, 233, 2, 18, 63, 3004 }, // U+01E4
    { 16, 18, 233, 0, 13, 72, 3067 }, // U+01E5
    { 15, 24, 233, 2, 24, 90, 3139 }, // U+01E6
    { 16, 25, 233, 0, 20, 100, 3229 }, // U+01E7
    { 17, 24, 233, 1, 24, 102, 3329 }, // U+01E8
    { 15, 24, 233, 1, 24, 90, 3431 }, // U+01E9
    { 14, 23, 233, 2, 18, 81, 3521 }, // U+01EA
    { 13, 18, 233, 2, 13, 59, 3602 }, // U+01EB
    { 14, 28, 233, 2, 23, 98, 3661 }, // U+01EC
    { 14, 24, 233, 2, 19, 84, 3759 }, // U+01ED
    { 16, 24, 233, 1, 24, 96, 3843 }, // U+01EE
    { 15, 25, 233, 0, 20, 94, 3939 }, // U+01EF
    { 16, 25, 233, 0, 20, 100, 4033 }, // U+01F0
    { 18, 18, 233, 0, 18, 81, 4133 }, // U+01F1
    { 18, 18, 233, 0, 18, 81, 4214 }, // U+01F2
    { 18, 20, 233, 0, 20, 90, 4295 }, // U+01F3
    { 15, 24, 233, 2, 24, 90, 4385 }, // U+01F4
    { 16, 25, 233, 0, 20, 100, 4475 }, // U+01F5
    { 17, 18, 233, 0, 18, 77, 4575 }, // U+01F6
    { 16, 23, 233, 0, 18, 92, 4652 }, // U+01F7
    { 16, 24, 233, 1, 24, 96, 4744 }, // U+01F8
    { 14, 20, 233, 1, 20, 70, 4840 }, // U+01F9
    { 16, 25, 233, -1, 25, 100, 4910 }, // U+01FA
    { 13, 24, 233, 2, 24, 78, 5010 }, // U+01FB
    { 18, 24, 233, 0, 24, 108, 5088 }, // U+01FC
    { 15, 20, 233, 1, 20, 75, 5196 }, // U+01FD
    { 16, 25, 233, 1, 24, 100, 5271 }, // U+01FE
    { 17, 21, 233, 0, 20, 90, 5371 }, // U+01FF
    { 16, 24, 233, -1, 24, 96, 5461 }, // U+0200
    { 13, 20, 233, 2, 20, 65, 5557 }, // U+0201
    { 16, 24, 233, -1, 24, 96, 5622 }, // U+0202
    { 13, 20, 233, 2, 20, 65, 5718 }, // U+0203
    { 15, 24, 233, 2, 24, 90, 5783 }, // U+0204
    { 13, 20, 233, 2, 20, 65, 5873 }, // U+0205
    { 15, 24, 233, 2, 24, 90, 5938 }, // U+0206
    { 13, 20, 233, 2, 20, 65, 6028 }, // U+0207
    { 14, 24, 233, 2, 24, 84, 6093 }, // U+0208
    { 11, 20, 233, 3, 20, 55, 6177 }, // U+0209
    { 14, 24, 233, 2, 24, 84, 6232 }, // U+020A
    { 11, 20, 233, 3, 20, 55, 6316 }, // U+020B
    { 14, 24, 233, 2, 24, 84, 6371 }, // U+020C
    { 13, 20, 233, 2, 20, 65, 6455 }, // U+020D
    { 14, 24, 233, 2, 24, 84, 6520 }, // U+020E
    { 13, 20, 233, 2, 20, 65, 6604 }, // U+020F
    { 15, 24, 233, 1, 24, 90, 6669 }, // U+0210
    { 14, 20, 233, 2, 20, 70, 6759 }, // U+0211
    { 15, 24, 233, 1, 24, 90, 6829 }, // U+0212
    { 14, 20, 233, 2, 20, 70, 6919 }, // U+0213
    { 15, 24, 233, 2, 24, 90, 6989 }, // U+0214
    { 13, 20, 233, 2, 20, 65, 7079 }, // U+0215
    { 15, 24, 233, 2, 24, 90, 7144 }, // U+0216
    { 13, 20, 233, 2, 20, 65, 7234 }, // U+0217
    { 15, 23, 233, 1, 18, 87, 7299 }, // U+0218
    { 13, 18, 233, 2, 13, 59, 7386 }, // U+0219
    { 16, 23, 233, 2, 18, 92, 7445 }, // U+021A
    { 11, 22, 233, 4, 17, 61, 7537 }, // U+021B
    { 17, 23, 233, -1, 18, 98, 7598 }, // U+021C
    { 14, 18, 233, 0, 13, 63, 7696 }, // U+021D
    { 16, 24, 233, 1, 24, 96, 7759 }, // U+021E
    { 13, 24, 233, 1, 24, 78, 7855 }, // U+021F
    { 8, 4, 233, 6, 20, 8, 0 }, // U+0311
    { 15, 24, 233, 2, 24, 90, 0 }, // U+0400
    { 15, 23, 233, 2, 23, 87, 90 }, // U+0401
    { 13, 18, 233, 2, 18, 59, 177 }, // U+0402
    { 17, 24, 233, 0, 24, 102, 236 }, // U+0403
    { 15, 18, 233, 2, 18, 68, 338 }, // U+0404
    { 15, 18, 233, 1, 18, 68, 406 }, // U+0405
    { 14, 18, 233, 2, 18, 63, 474 }, // U+0406
    { 14, 23, 233, 2, 23, 81, 537 }, // U+0407
    { 16, 18, 233, 1, 18, 72, 618 }, // U+0408
    { 16, 18, 233, 0, 18, 72, 690 }, // U+0409
    { 16, 18, 233, 0, 18, 72, 762 }, // U+040A
    { 13, 18, 233, 2, 18, 59, 834 }, // U+040B
    { 17, 24, 233, 1, 24, 102, 893 }, // U+040C
    { 16, 24, 233, 1, 24, 96, 995 }, // U+040D
    { 19, 24, 233, 0, 24, 114, 1091 }, // U+040E
    { 16, 23, 233, 1, 18, 92, 1205 }, // U+040F
    { 15, 18, 233, -1, 18, 68, 1297 }, // U+0410
    { 15, 18, 233, 1, 18, 68, 1365 }, // U+0411
    { 15, 18, 233, 1, 18, 68, 1433 }, // U+0412
    { 17, 18, 233, 0, 18, 77, 1501 }, // U+0413
    { 18, 23, 233, -1, 18, 104, 1578 }, // U+0414
    { 15, 18, 233, 2, 18, 68, 1682 }, // U+0415
    { 20, 18, 233, -1, 18, 90, 1750 }, // U+0416
    { 16, 18, 233, 0, 18, 72, 1840 }, // U+0417
    { 16, 18, 233, 1, 18, 72, 1912 }, // U+0418
    { 16, 24, 233, 1, 24, 96, 1984 }, // U+0419
    { 17, 18, 233, 1, 18, 77, 2080 }, // U+041A
    { 17, 18, 233, 0, 18, 77, 2157 }, // U+041B
    { 17, 18, 233, 0, 18, 77, 2234 }, // U+041C
    { 16, 18, 233, 1, 18, 72, 2311 }, // U+041D
    { 14, 18, 233, 2, 18, 63, 2383 }, // U+041E
    { 16, 18, 233, 1, 18, 72, 2446 }, // U+041F
    { 15, 18, 233, 1, 18, 68, 2518 }, // U+0420
    { 15, 18, 233, 2, 18, 68, 2586 }, // U+0421
    { 14, 18, 233, 4, 18, 63, 2654 }, // U+0422
    { 19, 18, 233, 0, 18, 86, 2717 }, // U+0423
    { 14, 18, 233, 2, 18, 63, 2803 }, // U+0424
    { 18, 18, 233, 0, 18, 81, 2866 }, // U+0425
    { 16, 23, 233, 1, 18, 92, 2947 }, // U+0426
    { 14, 18, 233, 3, 18, 63, 3039 }, // U+0427
    { 16, 18, 233, 1, 18, 72, 3102 }, // U+0428
    { 16, 23, 233, 1, 18, 92, 3174 }, // U+0429
    { 13, 18, 233, 2, 18, 59, 3266 }, // U+042A
    { 18, 18, 233, 0, 18, 81, 3325 }, // U+042B
    { 14, 18, 233, 1, 18, 63, 3406 }, // U+042C
    { 15, 18, 233, 1, 18, 68, 3469 }, // U+042D
    { 17, 18, 233, 0, 18, 77, 3537 }, // U+042E
    { 17, 18, 233, 0, 18, 77, 3614 }, // U+042F
    { 13, 13, 233, 2, 13, 43, 3691 }, // U+0430
    { 15, 20, 233, 2, 20, 75, 3734 }, // U+0431
    { 13, 13, 233, 1, 13, 43, 3809 }, // U+0432
    { 12, 13, 233, 2, 13, 39, 3852 }, // U+0433
    { 13, 20, 233, 2, 20, 65, 3891 }, // U+0434
    { 13, 13, 233, 2, 13, 43, 3956 }, // U+0435
    { 18, 13, 233, -1, 13, 59, 3999 }, // U+0436
    { 14, 13, 233, 1, 13, 46, 4058 }, // U+0437
    { 13, 13, 233, 2, 13, 43, 4104 }, // U+0438
    { 13, 20, 233, 2, 20, 65, 4147 }, // U+0439
    { 15, 13, 233, 1, 13, 49, 4212 }, // U+043A
    { 16, 13, 233, 0, 13, 52, 4261 }, // U+043B
    { 16, 13, 233, 0, 13, 52, 4313 }, // U+043C
    { 15, 13, 233, 1, 13, 49, 4365 }, // U+043D
    { 13, 13, 233, 2, 13, 43, 4414 }, // U+043E
    { 14, 13, 233, 1, 13, 46, 4457 }, // U+043F
    { 15, 18, 233, 0, 13, 68, 4503 }, // U+0440
    { 13, 13, 233, 2, 13, 43, 4571 }, // U+0441
    { 16, 13, 233, 0, 13, 52, 4614 }, // U+0442
    { 17, 18, 233, -1, 13, 77, 4666 }, // U+0443
    { 15, 25, 233, 1, 20, 94, 4743 }, // U+0444
    { 16, 14, 233, 0, 14, 56, 4837 }, // U+0445
    { 13, 16, 233, 2, 13, 52, 4893 }, // U+0446
    { 14, 13, 233, 2, 13, 46, 4945 }, // U+0447
    { 15, 13, 233, 1, 13, 49, 4991 }, // U+0448
    { 15, 16, 233, 1, 13, 60, 5040 }, // U+0449
    { 12, 13, 233, 3, 13, 39, 5100 }, // U+044A
    { 16, 13, 233, 0, 13, 52, 5139 }, // U+044B
    { 12, 13, 233, 2, 13, 39, 5191 }, // U+044C
    { 14, 13, 233, 1, 13, 46, 5230 }, // U+044D
    { 15, 13, 233, 1, 13, 49, 5276 }, // U+044E
    { 15, 13, 233, 1, 13, 49, 5325 }, // U+044F
    { 13, 20, 233, 2, 20, 65, 5374 }, // U+0450
    { 14, 19, 233, 2, 19, 67, 5439 }, // U+0451
    { 13, 25, 233, 2, 20, 82, 5506 }, // U+0452
    { 12, 20, 233, 2, 20, 60, 5588 }, // U+0453
    { 13, 13, 233, 2, 13, 43, 5648 }, // U+0454
    { 13, 13, 233, 2, 13, 43, 5691 }, // U+0455
    { 10, 19, 233, 3, 19, 48, 5734 }, // U+0456
    { 11, 19, 233, 3, 19, 53, 5782 }, // U+0457
    { 15, 24, 233, 0, 19, 90, 5835 }, // U+0458
    { 15, 13, 233, 0, 13, 49, 5925 }, // U+0459
    { 14, 13, 233, 1, 13, 46, 5974 }, // U+045A
    { 13, 20, 233, 2, 20, 65, 6020 }, // U+045B
    { 15, 20, 233, 1, 20, 75, 6085 }, // U+045C
    { 13, 20, 233, 2, 20, 65, 6160 }, // U+045D
    { 17, 25, 233, -1, 20, 107, 6225 }, // U+045E
    { 13, 18, 233, 2, 13, 59, 6332 }, // U+045F
    { 13, 20, 233, 2, 20, 65, 6391 }, // U+0462
    { 15, 13, 233, 0, 13, 49, 6456 }, // U+0463
    { 14, 18, 233, 2, 18, 63, 6505 }, // U+0472
    { 13, 13, 233, 2, 13, 43, 6568 }, // U+0473
    { 16, 18, 233, 3, 18, 72, 6611 }, // U+0474
    { 14, 13, 233, 3, 13, 46, 6683 }, // U+0475
    { 16, 29, 233, 1, 24, 116, 6729 }, // U+048A
    { 13, 23, 233, 2, 19, 75, 6845 }, // U+048B
    { 12, 18, 233, 2, 18, 54, 6920 }, // U+048C
    { 13, 14, 233, 1, 14, 46, 6974 }, // U+048D
    { 15, 18, 233, 1, 18, 68, 7020 }, // U+048E
    { 15, 18, 233, 0, 13, 68, 7088 }, // U+048F
    { 18, 21, 233, 0, 21, 95, 7156 }, // U+0490
    { 14, 16, 233, 2, 16, 56, 7251 }, // U+0491
    { 17, 18, 233, 0, 18, 77, 7307 }, // U+0492
    { 13, 13, 233, 2, 13, 43, 7384 }, // U+0493
    { 14, 23, 233, 1, 18, 81, 7427 }, // U+0494
    { 13, 18, 233, 1, 13, 59, 7508 }, // U+0495
    { 20, 23, 233, -1, 18, 115, 7567 }, // U+0496
    { 18, 17, 233, -1, 13, 77, 7682 }, // U+0497
    { 16, 23, 233, 0, 18, 92, 7759 }, // U+0498
    { 14, 18, 233, 1, 13, 63, 7851 }, // U+0499
    { 17, 23, 233, 1, 18, 98, 7914 }, // U+049A
    { 15, 17, 233, 1, 13, 64, 8012 }, // U+049B
    { 18, 18, 233, 0, 18, 81, 8076 }, // U+049C
    { 16, 13, 233, 0, 13, 52, 8157 }, // U+049D
    { 17, 18, 233, 1, 18, 77, 8209 }, // U+049E
    { 15, 14, 233, 1, 14, 53, 8286 }, // U+049F
    { 16, 18, 233, 2, 18, 72, 8339 }, // U+04A0
    { 14, 13, 233, 2, 13, 46, 8411 }, // U+04A1
    { 16, 23, 233, 1, 18, 92, 8457 }, // U+04A2
    { 15, 17, 233, 1, 13, 64, 8549 }, // U+04A3
    { 18, 18, 233, 1, 18, 81, 8613 }, // U+04A4
    { 16, 13, 233, 1, 13, 52, 8694 }, // U+04A5
    { 15, 24, 233, 0, 18, 90, 8746 }, // U+04A6
    { 15, 18, 233, 0, 13, 68, 8836 }, // U+04A7
    { 14, 23, 233, 2, 18, 81, 8904 }, // U+04A8
    { 14, 18, 233, 1, 13, 63, 8985 }, // U+04A9
    { 15, 23, 233, 2, 18, 87, 9048 }, // U+04AA
    { 13, 18, 233, 2, 13, 59, 9135 }, // U+04AB
    { 14, 23, 233, 4, 18, 81, 9194 }, // U+04AC
    { 16, 17, 233, 0, 13, 68, 9275 }, // U+04AD
    { 15, 18, 233, 4, 18, 68, 9343 }, // U+04AE
    { 13, 18, 233, 3, 13, 59, 9411 }, // U+04AF
    { 16, 18, 233, 3, 18, 72, 9470 }, // U+04B0
    { 14, 18, 233, 2, 13, 63, 9542 }, // U+04B1
    { 18, 23, 233, 0, 18, 104, 9605 }, // U+04B2
    { 16, 17, 233, 0, 13, 68, 9709 }, // U+04B3
    { 15, 23, 233, 2, 18, 87, 9777 }, // U+04B4
    { 13, 16, 233, 2, 13, 52, 9864 }, // U+04B5
    { 14, 23, 233, 3, 18, 81, 9916 }, // U+04B6
    { 14, 17, 233, 2, 13, 60, 9997 }, // U+04B7
    { 14, 18, 233, 3, 18, 63, 10057 }, // U+04B8
    { 14, 13, 233, 2, 13, 46, 10120 }, // U+04B9
    { 14, 18, 233, 1, 18, 63, 10166 }, // U+04BA
    { 13, 20, 233, 1, 20, 65, 10229 }, // U+04BB
    { 15, 18, 233, 2, 18, 68, 10294 }, // U+04BC
    { 15, 13, 233, 1, 13, 49, 10362 }, // U+04BD
    { 15, 22, 233, 2, 18, 83, 10411 }, // U+04BE
    { 15, 16, 233, 1, 13, 60, 10494 }, // U+04BF
    { 14, 18, 233, 2, 18, 63, 10554 }, // U+04C0
    { 20, 24, 233, -1, 24, 120, 10617 }, // U+04C1
    { 18, 20, 233, -1, 20, 90, 10737 }, // U+04C2
    { 17, 23, 233, 1, 18, 98, 10827 }, // U+04C3
    { 15, 18, 233, 1, 13, 68, 10925 }, // U+04C4
    { 16, 23, 233, 0, 18, 92, 10993 }, // U+04C5
    { 15, 17, 233, 0, 13, 64, 11085 }, // U+04C6
    { 16, 23, 233, 1, 18, 92, 11149 }, // U+04C7
    { 15, 18, 233, 1, 13, 68, 11241 }, // U+04C8
    { 16, 23, 233, 1, 18, 92, 11309 }, // U+04C9
    { 14, 17, 233, 1, 13, 60, 11401 }, // U+04CA
    { 14, 23, 233, 3, 18, 81, 11461 }, // U+04CB
    { 14, 17, 233, 2, 13, 60, 11542 }, // U+04CC
    { 16, 23, 233, 0, 18, 92, 11602 }, // U+04CD
    { 15, 17, 233, 0, 13, 64, 11694 }, // U+04CE
    { 14, 18, 233, 2, 18, 63, 11758 }, // U+04CF
    { 17, 24, 233, -1, 24, 102, 11821 }, // U+04D0
    { 14, 20, 233, 2, 20, 70, 11923 }, // U+04D1
    { 17, 23, 233, -1, 23, 98, 11993 }, // U+04D2
    { 14, 19, 233, 2, 19, 67, 12091 }, // U+04D3
    { 18, 18, 233, 0, 18, 81, 12158 }, // U+04D4
    { 15, 13, 233, 1, 13, 49, 12239 }, // U+04D5
    { 15, 24, 233, 2, 24, 90, 12288 }, // U+04D6
    { 14, 20, 233, 2, 20, 70, 12378 }, // U+04D7
    { 14, 18, 233, 2, 18, 63, 12448 }, // U+04D8
    { 14, 13, 233, 2, 13, 46, 12511 }, // U+04D9
    { 14, 23, 233, 2, 23, 81, 12557 }, // U+04DA
    { 14, 19, 233, 2, 19, 67, 12638 }, // U+04DB
    { 20, 23, 233, -1, 23, 115, 12705 }, // U+04DC
    { 18, 19, 233, -1, 19, 86, 12820 }, // U+04DD
    { 16, 23, 233, 0, 23, 92, 12906 }, // U+04DE
    { 14, 19, 233, 1, 19, 67, 12998 }, // U+04DF
    { 16, 18, 233, 1, 18, 72, 13065 }, // U+04E0
    { 15, 18, 233, 0, 13, 68, 13137 }, // U+04E1
    { 16, 23, 233, 1, 23, 92, 13205 }, // U+04E2
    { 13, 19, 233, 2, 19, 62, 13297 }, // U+04E3
    { 16, 23, 233, 1, 23, 92, 13359 }, // U+04E4
    { 13, 19, 233, 2, 19, 62, 13451 }, // U+04E5
    { 14, 23, 233, 2, 23, 81, 13513 }, // U+04E6
    { 14, 19, 233, 2, 19, 67, 13594 }, // U+04E7
    { 14, 18, 233, 2, 18, 63, 13661 }, // U+04E8
    { 13, 13, 233, 2, 13, 43, 13724 }, // U+04E9
    { 14, 23, 233, 2, 23, 81, 13767 }, // U+04EA
    { 14, 19, 233, 2, 19, 67, 13848 }, // U+04EB
    { 15, 23, 233, 1, 23, 87, 13915 }, // U+04EC
    { 14, 19, 233, 1, 19, 67, 14002 }, // U+04ED
    { 19, 23, 233, 0, 23, 110, 14069 }, // U+04EE
    { 17, 24, 233, -1, 19, 102, 14179 }, // U+04EF
    { 19, 23, 233, 0, 23, 110, 14281 }, // U+04F0
    { 17, 24, 233, -1, 19, 102, 14391 }, // U+04F1
    { 19, 24, 233, 0, 24, 114, 14493 }, // U+04F2
    { 18, 25, 233, -1, 20, 113, 14607 }, // U+04F3
    { 14, 23, 233, 3, 23, 81, 14720 }, // U+04F4
    { 14, 19, 233, 2, 19, 67, 14801 }, // U+04F5
    { 17, 23, 233, 0, 18, 98, 14868 }, // U+04F6
    { 12, 17, 233, 2, 13, 51, 14966 }, // U+04F7
    { 18, 23, 233, 0, 23, 104, 15017 }, // U+04F8
    { 16, 19, 233, 0, 19, 76, 15121 }, // U+04F9
    { 15, 24, 233, 4, 24, 90, 0 }, // U+1EF2
    { 17, 25, 233, -1, 20, 107, 90 }, // U+1EF3
    { 12, 2, 233, 2, 9, 6, 0 }, // U+2013
    { 16, 2, 233, 1, 9, 8, 6 }, // U+2014
    { 16, 2, 233, 1, 9, 8, 14 }, // U+2015
    { 7, 8, 233, 7, 20, 14, 22 }, // U+2018
    { 8, 8, 233, 6, 19, 16, 36 }, // U+2019
    { 7, 8, 233, 3, 4, 14, 52 }, // U+201A
    { 13, 8, 233, 4, 21, 26, 66 }, // U+201C
    { 13, 8, 233, 4, 21, 26, 92 }, // U+201D
    { 13, 8, 233, 0, 4, 26, 118 }, // U+201E
    { 11, 22, 233, 4, 18, 61, 144 }, // U+2020
    { 13, 22, 233, 2, 18, 72, 205 }, // U+2021
    { 9, 8, 233, 4, 12, 18, 277 }, // U+2022
    { 14, 4, 233, 0, 4, 14, 295 }, // U+2026
    { 17, 18, 233, 1, 18, 77, 309 }, // U+2030
    { 8, 11, 233, 5, 13, 22, 386 }, // U+2039
    { 8, 11, 233, 4, 13, 22, 408 }, // U+203A
    { 17, 20, 233, 0, 20, 85, 430 }, // U+2044
    { 9, 10, 233, 5, 18, 23, 0 }, // U+2070
    { 10, 10, 233, 4, 18, 25, 23 }, // U+2074
    { 10, 10, 233, 5, 18, 25, 48 }, // U+2075
    { 9, 10, 233, 5, 18, 23, 73 }, // U+2076
    { 9, 10, 233, 6, 18, 23, 96 }, // U+2077
    { 10, 10, 233, 5, 18, 25, 119 }, // U+2078
    { 9, 11, 233, 5, 18, 25, 144 }, // U+2079
    { 9, 10, 233, 4, 10, 23, 169 }, // U+2080
    { 8, 10, 233, 3, 10, 20, 192 }, // U+2081
    { 9, 10, 233, 4, 10, 23, 212 }, // U+2082
    { 9, 10, 233, 3, 10, 23, 235 }, // U+2083
    { 9, 10, 233, 3, 10, 23, 258 }, // U+2084
    { 10, 10, 233, 3, 10, 25, 281 }, // U+2085
    { 9, 10, 233, 3, 10, 23, 306 }, // U+2086
    { 9, 10, 233, 4, 10, 23, 329 }, // U+2087
    { 9, 10, 233, 4, 10, 23, 352 }, // U+2088
    { 9, 11, 233, 4, 11, 25, 375 }, // U+2089
    { 16, 18, 233, 1, 18, 72, 0 }, // U+20AC
    { 16, 18, 233, 2, 18, 72, 72 }, // U+20AE
    { 15, 18, 233, 1, 18, 68, 144 }, // U+20B4
    { 16, 18, 233, 2, 18, 72, 212 }, // U+20B9
    { 14, 18, 233, 2, 18, 63, 0 }, // U+2202
    { 15, 18, 233, -1, 18, 68, 63 }, // U+2206
    { 17, 21, 233, 0, 18, 90, 131 }, // U+220F
    { 16, 21, 233, 1, 18, 84, 221 }, // U+2211
    { 13, 2, 233, 2, 9, 7, 305 }, // U+2212
    { 17, 20, 233, 0, 20, 85, 312 }, // U+2215
    { 5, 4, 233, 6, 10, 5, 397 }, // U+2219
    { 17, 20, 233, 2, 20, 85, 402 }, // U+221A
    { 13, 8, 233, 2, 12, 26, 487 }, // U+221E
    { 17, 25, 233, 0, 20, 107, 513 }, // U+222B
    { 15, 10, 233, 1, 14, 38, 620 }, // U+2248
    { 15, 13, 233, 1, 15, 49, 658 }, // U+2260
    { 17, 15, 233, 0, 15, 64, 707 }, // U+2264
    { 15, 15, 233, 1, 15, 57, 771 }, // U+2265
    { 20, 25, 233, -3, 20, 125, 0 }, // U+FB01
    { 20, 25, 233, -3, 20, 125, 125 }, // U+FB02
    { 15, 14, 233, 1, 14, 53, 0 }, // U+FFFD
};

static const EpdUnicodeInterval ubuntumono_14_italicIntervals[] = {
    { 0x0, 0x0, 0x0 },
    { 0x8, 0x9, 0x1 },
    { 0xD, 0xD, 0x3 },
    { 0x1D, 0x1D, 0x4 },
    { 0x20, 0x7E, 0x5 },
    { 0xA0, 0xFF, 0x64 },
    { 0x100, 0x17F, 0xC4 },
    { 0x1A0, 0x1A1, 0x144 },
    { 0x1AF, 0x1B0, 0x146 },
    { 0x1C4, 0x21F, 0x148 },
    { 0x311, 0x311, 0x1A4 },
    { 0x400, 0x45F, 0x1A5 },
    { 0x462, 0x463, 0x205 },
    { 0x472, 0x475, 0x207 },
    { 0x48A, 0x4F9, 0x20B },
    { 0x1EF2, 0x1EF3, 0x27B },
    { 0x2013, 0x2015, 0x27D },
    { 0x2018, 0x201A, 0x280 },
    { 0x201C, 0x201E, 0x283 },
    { 0x2020, 0x2022, 0x286 },
    { 0x2026, 0x2026, 0x289 },
    { 0x2030, 0x2030, 0x28A },
    { 0x2039, 0x203A, 0x28B },
    { 0x2044, 0x2044, 0x28D },
    { 0x2070, 0x2070, 0x28E },
    { 0x2074, 0x2079, 0x28F },
    { 0x2080, 0x2089, 0x295 },
    { 0x20AC, 0x20AC, 0x29F },
    { 0x20AE, 0x20AE, 0x2A0 },
    { 0x20B4, 0x20B4, 0x2A1 },
    { 0x20B9, 0x20B9, 0x2A2 },
    { 0x2202, 0x2202, 0x2A3 },
    { 0x2206, 0x2206, 0x2A4 },
    { 0x220F, 0x220F, 0x2A5 },
    { 0x2211, 0x2212, 0x2A6 },
    { 0x2215, 0x2215, 0x2A8 },
    { 0x2219, 0x221A, 0x2A9 },
    { 0x221E, 0x221E, 0x2AB },
    { 0x222B, 0x222B, 0x2AC },
    { 0x2248, 0x2248, 0x2AD },
    { 0x2260, 0x2260, 0x2AE },
    { 0x2264, 0x2265, 0x2AF },
    { 0xFB01, 0xFB02, 0x2B1 },
    { 0xFFFD, 0xFFFD, 0x2B3 },
};

static const EpdFontGroup ubuntumono_14_italicGroups[] = {
    { 0, 2849, 6030, 100, 0 },
    { 2849, 2453, 6928, 96, 100 },
    { 5302, 3098, 10923, 128, 196 },
    { 8400, 3200, 8786, 96, 324 },
    { 11600, 10, 8, 1, 420 },
    { 11610, 6014, 16677, 214, 421 },
    { 17624, 149, 221, 2, 635 },
    { 17773, 377, 594, 17, 637 },
    { 18150, 332, 506, 17, 654 },
    { 18482, 187, 288, 4, 671 },
    { 18669, 497, 933, 14, 675 },
    { 19166, 159, 250, 2, 689 },
    { 19325, 55, 56, 1, 691 },
};

static const EpdFontData ubuntumono_14_italic = {
    ubuntumono_14_italicBitmaps,
    ubuntumono_14_italicGlyphs,
    ubuntumono_14_italicIntervals,
    44,
    29,
    25,
    -5,
    true,
    ubuntumono_14_italicGroups,
    13,
    nullptr,
    nullptr,
    nullptr,
    nullptr,
    0,
    0,
    0,
    0,
    nullptr,
    0,
};
