/**
 * generated by fontconvert.py
 * name: ubuntumono_14_bold
 * size: 14
 * mode: 2-bit  compressed: true
 * Command used: fontconvert.py ubuntumono_14_bold 14 ../builtinFonts/source/UbuntuMono/UbuntuMono-Bold.ttf --2bit --compress
 */
#pragma once
#include "EpdFontData.h"

static const uint8_t ubuntumono_14_boldBitmaps[15021] = {
    0x9D, 0x58, 0x3D, 0x93, 0xDC, 0x48, 0x19, 0x7E, 0x25, 0xB9, 0x76, 0xA8, 0x13, 0xA0, 0x84, 0xE0,
    0xAA, 0xB6, 0x28, 0x25, 0x04, 0x26, 0x30, 0x4A, 0x2E, 0xE0, 0x02, 0x4F, 0xB7, 0xCF, 0xC1, 0x05,
    0x17, 0x38, 0x22, 0x27, 0x24, 0xDB, 0x3F, 0x70, 0x5E, 0x89, 0x73, 0xE0, 0xC0, 0xC9, 0x66, 0x14,
    0x11, 0xFC, 0x02, 0x48, 0x97, 0xAA, 0xDD, 0x91, 0xCC, 0x05, 0x17, 0xA2, 0xE2, 0x02, 0x52, 0x51,
    0xB8, 0xB8, 0x54, 0x54, 0xCD, 0x71, 0xF2, 0x59, 0x52, 0xF3, 0x3C, 0x6F, 0x4B, 0x33, 0x9A, 0xFD,
    0xB0, 0x17, 0xAF, 0xFA, 0xD9, 0x19, 0x75, 0xBF, 0xFD, 0xF5, 0xF6, 0xF3, 0x7E, 0xF4, 0x98, 0xDA,
    0x2C, 0x9E, 0xAC, 0xE2, 0x93, 0xE2, 0x11, 0xFC, 0xA5, 0x85, 0x69, 0x4C, 0x93, 0x16, 0xF9, 0x93,
    0x96, 0xE5, 0xB3, 0x36, 0x8F, 0x5B, 0xB3, 0x42, 0x69, 0xD6, 0x51, 0xFD, 0x8B, 0xA8, 0x96, 0xD3,
    0xA4, 0x92, 0xA7, 0x49, 0x21, 0x97, 0x69, 0x21, 0x7D, 0x66, 0x73, 0xE7, 0xDA, 0x19, 0xE1, 0xF6,
    0x54, 0xA2, 0xF6, 0x12, 0xB8, 0x00, 0x7A, 0x59, 0xB6, 0x25, 0x7F, 0xDD, 0x4A, 0xF2, 0x65, 0x2B,
    0xE9, 0x33, 0xE0, 0x71, 0x83, 0x89, 0xAA, 0x3D, 0xCA, 0xD1, 0x46, 0xCE, 0x55, 0x89, 0x73, 0x36,
    0x69, 0x8F, 0x24, 0xAD, 0x51, 0x0D, 0x91, 0x64, 0x14, 0x89, 0xDD, 0x2B, 0x09, 0x1C, 0xBE, 0xA4,
    0xAE, 0x80, 0x20, 0x84, 0x33, 0xB6, 0xD6, 0x3F, 0xB6, 0x59, 0x9D, 0xA1, 0x8F, 0x71, 0x4E, 0x8E,
    0x5C, 0x77, 0x30, 0x5E, 0x5A, 0x07, 0xAD, 0x69, 0xA3, 0xFA, 0xA2, 0x4B, 0xAA, 0xF3, 0xF3, 0x54,
    0xCE, 0xCF, 0x1F, 0xCA, 0xE7, 0xDD, 0x85, 0x98, 0xFF, 0x60, 0xEE, 0xAF, 0x31, 0x70, 0x4C, 0x39,
    0x6C, 0x76, 0x9D, 0x15, 0x72, 0x51, 0x36, 0x41, 0xFB, 0x6D, 0x1B, 0xFD, 0xB3, 0x6D, 0xE3, 0x97,
    0x6D, 0x9B, 0xDA, 0x6F, 0xDB, 0xB5, 0x94, 0xCD, 0x85, 0xA0, 0xAD, 0x2C, 0x24, 0x72, 0x2D, 0xD6,
    0xD0, 0x49, 0xF2, 0xF7, 0x5E, 0x92, 0x0A, 0xC0, 0x3E, 0xE2, 0x6F, 0x5A, 0xD4, 0x57, 0x12, 0x8D,
    0x31, 0xD6, 0x1C, 0x57, 0xD9, 0x1F, 0xFE, 0x56, 0x99, 0xD8, 0x55, 0xA7, 0xA1, 0x2B, 0x72, 0x71,
    0x62, 0x1E, 0x39, 0x6B, 0xFC, 0x7E, 0xEA, 0xD0, 0x7D, 0xD6, 0x96, 0xE2, 0x9F, 0x1C, 0xCF, 0x1A,
    0xCF, 0x43, 0x91, 0xA0, 0x90, 0xB8, 0x11, 0x53, 0x43, 0x3A, 0xEC, 0x65, 0x05, 0xDD, 0x34, 0x5C,
    0x79, 0x56, 0x89, 0xB1, 0x5A, 0x84, 0x25, 0xD7, 0xFF, 0xBE, 0x06, 0x4D, 0x10, 0x80, 0x18, 0x84,
    0xA3, 0x41, 0xC4, 0xA1, 0xB6, 0x91, 0xA4, 0xC6, 0x50, 0x1F, 0xAA, 0x0C, 0xF4, 0x12, 0x6F, 0x39,
    0x1A, 0xC6, 0x9C, 0x3A, 0xE0, 0xA8, 0x20, 0x80, 0x89, 0x50, 0x56, 0xD8, 0x47, 0x3B, 0x7D, 0x47,
    0x65, 0x32, 0x4F, 0x86, 0x05, 0x0C, 0x12, 0x77, 0x1C, 0x0C, 0x6F, 0x3F, 0x14, 0x9D, 0x55, 0x81,
    0xA9, 0xEF, 0xAF, 0x7F, 0x2A, 0xE6, 0x4F, 0x8E, 0x27, 0xA9, 0x5A, 0x90, 0xD2, 0x4A, 0xF4, 0x06,
    0x03, 0xFC, 0x8B, 0x1A, 0xD9, 0x62, 0xEE, 0x6A, 0x2F, 0xBF, 0x80, 0xC3, 0x49, 0xCE, 0xB8, 0xA9,
    0x3D, 0x6A, 0x92, 0x2E, 0xE9, 0x93, 0x3E, 0xEA, 0xA5, 0x0B, 0xB7, 0xC7, 0x8D, 0x29, 0x3E, 0x96,
    0xD2, 0xED, 0x0B, 0x59, 0x98, 0xB7, 0xE4, 0x21, 0xA6, 0x44, 0x17, 0x9C, 0x7F, 0x80, 0x3D, 0x73,
    0x73, 0x11, 0x56, 0x01, 0x15, 0x70, 0x33, 0xD4, 0x86, 0x92, 0x05, 0x3B, 0x11, 0xC3, 0x95, 0x58,
    0x2F, 0x0E, 0x05, 0xC8, 0x2C, 0x4E, 0xCC, 0xE2, 0x53, 0x97, 0x59, 0xDC, 0x14, 0x7E, 0x41, 0x01,
    0xCE, 0x39, 0x76, 0x5B, 0xC9, 0x5C, 0x2F, 0xE6, 0xE5, 0x88, 0xBA, 0x52, 0x36, 0xD8, 0xFE, 0xF0,
    0xC0, 0xD8, 0x21, 0x37, 0xB6, 0x07, 0xF4, 0xBB, 0x78, 0xB0, 0x8D, 0x32, 0x94, 0x65, 0x1F, 0xF6,
    0x0D, 0x48, 0x4F, 0xF2, 0x2F, 0xAF, 0x94, 0x1B, 0x19, 0x90, 0x03, 0x06, 0xEF, 0x3F, 0x31, 0xF3,
    0x84, 0xB7, 0x03, 0x5C, 0xB6, 0x33, 0x40, 0x23, 0xBC, 0xB7, 0x50, 0x44, 0x2F, 0x6B, 0x9C, 0xF5,
    0x3D, 0xEE, 0x7F, 0xD6, 0x01, 0x37, 0xC4, 0x8D, 0x80, 0x3B, 0xE4, 0x00, 0xA9, 0x90, 0x6C, 0xBD,
    0x55, 0xE8, 0x50, 0xE8, 0x9F, 0x4F, 0x38, 0x22, 0x47, 0x30, 0x8E, 0xC1, 0x38, 0x0F, 0xD8, 0x8F,
    0xFD, 0x03, 0x7C, 0xAE, 0x7A, 0x09, 0x51, 0xEF, 0x81, 0xF7, 0xA3, 0x71, 0x52, 0x9A, 0x57, 0xDE,
    0xCF, 0x42, 0xE8, 0x00, 0xF5, 0x25, 0xF6, 0x75, 0x8C, 0x31, 0xB4, 0x2D, 0x74, 0x34, 0x46, 0xDA,
    0x21, 0x27, 0x11, 0xD9, 0x94, 0x18, 0xAA, 0x84, 0x9D, 0x97, 0x60, 0x54, 0x89, 0xAD, 0x43, 0x1F,
    0xB6, 0xE4, 0xFC, 0xED, 0x0C, 0x3F, 0xDE, 0x1E, 0x89, 0x1B, 0xA6, 0xE2, 0xA9, 0x09, 0x46, 0x8F,
    0x18, 0xAF, 0xA1, 0x0E, 0x8F, 0x07, 0xA8, 0x50, 0x27, 0x82, 0xAC, 0xFB, 0x75, 0x38, 0x60, 0xF3,
    0x18, 0xE2, 0x64, 0xB4, 0x12, 0x5E, 0x60, 0x46, 0x36, 0x0F, 0xB2, 0xC2, 0x2B, 0x37, 0xAF, 0x27,
    0xF8, 0x7B, 0x50, 0x0B, 0x2B, 0xA4, 0x96, 0xCA, 0xDF, 0x8D, 0x3B, 0x1B, 0x53, 0x3B, 0xB3, 0x57,
    0x4E, 0x07, 0x27, 0x5C, 0x3A, 0xB7, 0x83, 0x04, 0xA3, 0xD7, 0x24, 0x99, 0xC4, 0x01, 0x77, 0x2C,
    0x9A, 0x28, 0x31, 0x31, 0x88, 0xCA, 0xDA, 0xB1, 0xA8, 0xF3, 0x08, 0xDC, 0x19, 0x76, 0x02, 0x83,
    0xC1, 0x7A, 0xCC, 0x6F, 0xDD, 0x34, 0x23, 0xE6, 0x2B, 0x06, 0xC9, 0xFE, 0xCB, 0xF9, 0x5A, 0xB4,
    0x6F, 0xC5, 0xBC, 0x18, 0xB4, 0x9E, 0x8C, 0x19, 0xA9, 0x1B, 0x4B, 0x3B, 0xE2, 0x86, 0xA9, 0xFD,
    0x33, 0x65, 0x0C, 0x65, 0x95, 0x75, 0x5F, 0x90, 0x75, 0x6E, 0xB7, 0x7E, 0xC2, 0xFC, 0xDB, 0x91,
    0x15, 0x90, 0xC1, 0x62, 0x7E, 0x35, 0xFA, 0x85, 0xC0, 0x50, 0x83, 0xB2, 0x55, 0x76, 0x65, 0x74,
    0x8A, 0x67, 0x72, 0x60, 0x2B, 0xFE, 0x6F, 0x5F, 0xB3, 0x82, 0x9D, 0xA5, 0x7D, 0xD2, 0xAD, 0x9A,
    0xB9, 0x0D, 0x35, 0xDB, 0x14, 0xB6, 0xB7, 0xEA, 0x64, 0x1B, 0xB6, 0x69, 0x9D, 0xDB, 0x5F, 0xA2,
    0xF6, 0x03, 0x1A, 0x81, 0x9E, 0x6D, 0xE8, 0xA8, 0xB5, 0x5A, 0xCA, 0xCE, 0x7B, 0x5B, 0x7E, 0xF2,
    0x3D, 0xF4, 0x3E, 0xD8, 0xCB, 0x41, 0xFE, 0xC0, 0xC2, 0x17, 0x7F, 0xCB, 0xFA, 0x8F, 0x68, 0xEC,
    0xB4, 0xE0, 0xD7, 0xF8, 0xDC, 0x8F, 0x61, 0xB1, 0x75, 0xCB, 0xCF, 0x10, 0x1A, 0xCC, 0xA7, 0xB9,
    0x28, 0x47, 0xF9, 0xE3, 0x11, 0x43, 0xD4, 0xA5, 0x6B, 0x3F, 0x02, 0xAB, 0xB1, 0x48, 0xBA, 0xC6,
    0x56, 0x1D, 0xA5, 0x85, 0x9F, 0x82, 0xFE, 0xA3, 0x76, 0x9A, 0x29, 0x84, 0x23, 0xEE, 0x59, 0x42,
    0xD2, 0x9F, 0x16, 0xE8, 0xE0, 0xE4, 0xB2, 0x22, 0xA9, 0x92, 0x2A, 0x95, 0xB8, 0x36, 0xA1, 0x6B,
    0xD6, 0x89, 0x6B, 0x1E, 0x66, 0xAE, 0x79, 0x6A, 0x5E, 0x34, 0x9F, 0x23, 0x86, 0x2D, 0xF1, 0xD4,
    0x3C, 0x6F, 0x1E, 0x82, 0x7D, 0xEB, 0x18, 0x0C, 0xC4, 0xA1, 0xA6, 0xD8, 0x07, 0x28, 0x29, 0xD1,
    0x6B, 0xDD, 0x46, 0x05, 0xEA, 0x57, 0x6A, 0x65, 0xF0, 0x8C, 0x92, 0x93, 0xCC, 0x98, 0x67, 0x84,
    0xFE, 0x3B, 0x4E, 0xD9, 0x63, 0x21, 0x1B, 0x65, 0xFF, 0xAA, 0xC9, 0xE1, 0x55, 0x8C, 0x85, 0xB7,
    0x2F, 0x52, 0xF4, 0xD3, 0xA8, 0x54, 0xA4, 0x35, 0x6A, 0x9A, 0x1C, 0xF1, 0x0C, 0xF6, 0xD1, 0x9E,
    0xE0, 0xAC, 0x73, 0x70, 0x26, 0xE7, 0x8E, 0x03, 0x9E, 0xF5, 0x84, 0xB0, 0x57, 0x0E, 0xFB, 0x36,
    0xBC, 0x07, 0xE4, 0x93, 0xB1, 0x40, 0xA1, 0x9F, 0x81, 0xE7, 0x0C, 0xAD, 0x31, 0x03, 0x67, 0xA0,
    0x1E, 0x4B, 0xFD, 0x68, 0xB4, 0xEC, 0x82, 0x22, 0x6D, 0xF6, 0xB4, 0x55, 0xD8, 0x09, 0xF3, 0x7B,
    0x35, 0x45, 0x52, 0xC8, 0xAE, 0xD0, 0x07, 0x3A, 0xAA, 0x61, 0x74, 0x96, 0x66, 0x95, 0x83, 0x7B,
    0x1C, 0x37, 0x8F, 0x3C, 0xF7, 0x68, 0x35, 0xD3, 0xBC, 0x57, 0x61, 0x73, 0x8D, 0x5D, 0x90, 0x59,
    0x0D, 0xD3, 0x5A, 0x1B, 0x39, 0x19, 0xE9, 0x08, 0xC6, 0x3D, 0xAC, 0x1C, 0x82, 0xBC, 0x9E, 0x71,
    0xB5, 0xCD, 0x7A, 0x4F, 0xB5, 0xC0, 0x54, 0xAC, 0xEC, 0x8B, 0xEB, 0xA7, 0xB2, 0xAC, 0x5C, 0x14,
    0x9C, 0x50, 0xCD, 0x93, 0xF2, 0xDA, 0x08, 0x6F, 0xD0, 0x46, 0x52, 0xEF, 0x50, 0x00, 0x55, 0x52,
    0xA7, 0x75, 0x52, 0xC3, 0x02, 0x6A, 0x68, 0xA3, 0x56, 0x6D, 0x80, 0xDC, 0x4B, 0xAB, 0xBB, 0x86,
    0x85, 0xD7, 0x78, 0xAB, 0x1C, 0x35, 0xE4, 0x9C, 0x2F, 0xF4, 0x61, 0xEF, 0x2A, 0x3B, 0xE1, 0xC4,
    0x8D, 0xBE, 0xA8, 0x8B, 0x7F, 0x5B, 0xB9, 0xBF, 0x82, 0x36, 0x3A, 0xD8, 0x06, 0x58, 0x00, 0x5F,
    0x07, 0x60, 0x26, 0xB8, 0xA6, 0x12, 0x76, 0x52, 0xC2, 0x4A, 0x4A, 0x6C, 0xBE, 0x44, 0x0C, 0x2C,
    0x21, 0x5C, 0xC2, 0x7B, 0x95, 0xF4, 0xA6, 0x88, 0x3F, 0x65, 0xD6, 0xA0, 0x7D, 0xEB, 0x65, 0x43,
    0x7A, 0x4A, 0xDD, 0x4B, 0x01, 0x9F, 0x55, 0xBD, 0x7B, 0xD6, 0x45, 0x71, 0x6E, 0xF0, 0x25, 0xD5,
    0x7C, 0x11, 0x79, 0x23, 0x74, 0x9A, 0xB5, 0x39, 0x50, 0x56, 0xD9, 0xF6, 0x4D, 0x65, 0xFE, 0xF2,
    0x5D, 0x6D, 0x4E, 0x01, 0xF3, 0x0D, 0xF0, 0x55, 0x6D, 0xD2, 0xAF, 0x1A, 0x93, 0x3C, 0x6F, 0x0C,
    0xAC, 0x64, 0x89, 0x1C, 0x96, 0x4A, 0x5C, 0x22, 0x92, 0x96, 0x44, 0x01, 0x54, 0x00, 0x5A, 0xCB,
    0x2D, 0xD0, 0x1B, 0xD9, 0x5C, 0x02, 0x06, 0xC8, 0x72, 0xD9, 0x24, 0x88, 0xC8, 0x88, 0x3E, 0x9B,
    0x08, 0x40, 0x24, 0xDA, 0xC0, 0x2E, 0x36, 0x42, 0xE4, 0x1A, 0xA9, 0xE5, 0xA4, 0x11, 0x7A, 0x13,
    0xFA, 0x4A, 0x58, 0x5D, 0xC1, 0x8C, 0x56, 0x4F, 0xBC, 0x50, 0xCB, 0x3C, 0x04, 0xEB, 0x60, 0x9F,
    0x94, 0xA1, 0x2C, 0xFB, 0x44, 0xE8, 0x2B, 0x79, 0x83, 0x43, 0x39, 0xF3, 0x36, 0x81, 0x3A, 0xD8,
    0x1E, 0x79, 0xBF, 0xB0, 0x03, 0x7C, 0x67, 0x9D, 0xDA, 0x63, 0xE7, 0x65, 0xE5, 0xC6, 0xF4, 0xE7,
    0xBD, 0xD7, 0x93, 0x36, 0x79, 0x85, 0x3E, 0x56, 0xD7, 0x43, 0x7F, 0x43, 0x87, 0x94, 0xC0, 0x21,
    0x45, 0x8E, 0xE1, 0xBE, 0x62, 0xEA, 0x9A, 0x3B, 0x3B, 0xF9, 0x0C, 0xAC, 0x33, 0x9C, 0x6D, 0xB7,
    0xF4, 0x9F, 0x53, 0xE4, 0xF6, 0xED, 0xB5, 0x20, 0x79, 0x87, 0x7D, 0x77, 0xDE, 0xCF, 0xC8, 0x38,
    0x47, 0x16, 0xEE, 0x07, 0xBE, 0xA0, 0x61, 0x44, 0x56, 0xFB, 0xCC, 0x8B, 0xFB, 0xBB, 0x38, 0x9D,
    0xD3, 0xE5, 0xE1, 0xB0, 0xE1, 0x3A, 0x7D, 0x76, 0x70, 0x4C, 0xAF, 0xCF, 0x80, 0xC8, 0xF4, 0x0A,
    0xF1, 0x62, 0xF2, 0x49, 0x8C, 0xBB, 0xC7, 0xAA, 0xAF, 0x7D, 0x96, 0xAF, 0xE6, 0xF7, 0x9E, 0x18,
    0xA7, 0x38, 0x79, 0x57, 0x38, 0x8D, 0xF2, 0x38, 0x15, 0xC4, 0x60, 0xC6, 0xE2, 0x14, 0x67, 0xC2,
    0xB8, 0x4A, 0x7F, 0x4B, 0xBF, 0xEB, 0xF5, 0x9A, 0xD4, 0xD9, 0xC4, 0xD5, 0x59, 0xFB, 0xB8, 0xCF,
    0x28, 0xFB, 0xE8, 0xBF, 0xE9, 0xC7, 0xE9, 0xCF, 0xE9, 0xD7, 0x05, 0x3A, 0x53, 0x3F, 0x4F, 0x7F,
    0x0F, 0xC7, 0x39, 0x73, 0x34, 0xBF, 0xC2, 0x5D, 0xF3, 0xC1, 0xA7, 0x8D, 0xF2, 0x3A, 0x03, 0xBF,
    0xCD, 0x3F, 0x6A, 0xB3, 0x06, 0xD7, 0x2F, 0xC0, 0x79, 0xF0, 0x5F, 0xED, 0x80, 0xF6, 0x00, 0xBB,
    0x48, 0xA7, 0x5B, 0x15, 0x67, 0xE5, 0x37, 0xAE, 0x66, 0x85, 0x68, 0x10, 0x75, 0xC8, 0x65, 0xC6,
    0xDE, 0xCF, 0x67, 0xA6, 0x4C, 0x8E, 0xF3, 0x62, 0xFD, 0xAC, 0x8F, 0xBA, 0x51, 0x28, 0x47, 0x79,
    0xDC, 0x71, 0x2A, 0x43, 0x56, 0x60, 0x3F, 0x39, 0x57, 0x3E, 0x8F, 0x85, 0x7A, 0xEC, 0xD0, 0xEA,
    0x3E, 0x38, 0xDE, 0xD0, 0x6B, 0x7F, 0xBF, 0xFE, 0xFA, 0xAD, 0x7A, 0x56, 0x6E, 0x4F, 0x10, 0xF0,
    0x85, 0xD9, 0xA0, 0xCF, 0x81, 0xFC, 0xBE, 0x99, 0xE3, 0xCB, 0x0D, 0xE9, 0x91, 0xA6, 0x46, 0x4B,
    0x6F, 0xE8, 0xAC, 0x2F, 0x1B, 0x24, 0x83, 0xEF, 0x55, 0x76, 0x23, 0xE8, 0x6D, 0x63, 0x0E, 0x57,
    0x95, 0x4F, 0xD2, 0x39, 0x2D, 0xEE, 0x2C, 0x3E, 0xED, 0x9A, 0xD2, 0x30, 0xA6, 0x64, 0xBB, 0x3C,
    0x55, 0x63, 0xC8, 0xB4, 0x2D, 0x5C, 0x68, 0xB4, 0x03, 0xB3, 0x7C, 0xAE, 0x99, 0x9D, 0xC2, 0x29,
    0xE1, 0xD5, 0xE4, 0x19, 0x2E, 0xCF, 0x4D, 0x65, 0xBA, 0x5B, 0xFD, 0xFF, 0x65, 0x3F, 0x82, 0x06,
    0x19, 0x7F, 0x62, 0xE1, 0x80, 0xAC, 0x74, 0x8B, 0xD3, 0xC2, 0xD9, 0xD0, 0x1F, 0xE6, 0x45, 0xD2,
    0xC6, 0xB2, 0x62, 0xFE, 0xB3, 0x9D, 0xF1, 0x03, 0x46, 0xD0, 0x06, 0x97, 0xB3, 0x3F, 0xC6, 0x48,
    0x33, 0x5C, 0x97, 0xB8, 0xFE, 0x1E, 0x13, 0xD0, 0xCD, 0x91, 0x73, 0x99, 0xC6, 0x00, 0xF8, 0x72,
    0x38, 0x74, 0xFC, 0xCF, 0xB5, 0xE6, 0xC8, 0xBD, 0xBE, 0x31, 0x62, 0x12, 0x27, 0xF5, 0x14, 0x55,
    0x61, 0x03, 0x2F, 0x1D, 0x47, 0xB6, 0xC6, 0x9A, 0x62, 0x01, 0xAB, 0x75, 0x8F, 0xBC, 0x55, 0x18,
    0xCD, 0xE1, 0xA1, 0xDB, 0x13, 0x64, 0x4F, 0xF4, 0x46, 0x80, 0x79, 0x15, 0xF8, 0xBC, 0x4C, 0x0E,
    0xC1, 0x3A, 0xB6, 0xA5, 0xCC, 0xA4, 0x98, 0xD7, 0x31, 0xC4, 0xDF, 0xBC, 0x0A, 0x1B, 0x20, 0xD0,
    0x50, 0x86, 0x77, 0xF6, 0xAC, 0x29, 0xAD, 0xA9, 0xF6, 0xB3, 0x9B, 0x79, 0x45, 0xA8, 0xCB, 0x7C,
    0x66, 0xC4, 0xFB, 0x3D, 0x02, 0xD3, 0xF7, 0x4B, 0xCF, 0x68, 0x53, 0x5A, 0x8A, 0xB7, 0x90, 0x1A,
    0xB1, 0x7F, 0x0F, 0x5E, 0xA5, 0x5E, 0x1D, 0xD9, 0x58, 0xEF, 0x42, 0xBC, 0x0C, 0x8D, 0x3E, 0xF3,
    0x29, 0x35, 0x83, 0xA9, 0xC2, 0x21, 0xB0, 0x73, 0x36, 0xEE, 0xF4, 0x48, 0x3C, 0xE6, 0xBA, 0xBB,
    0x40, 0x4E, 0xBE, 0xA7, 0x3E, 0x0A, 0xCD, 0xDA, 0x70, 0x76, 0x58, 0x6B, 0x71, 0xF0, 0xE0, 0x3D,
    0x83, 0xE7, 0x66, 0x3B, 0xF6, 0x59, 0x04, 0x65, 0xB9, 0xCB, 0x2A, 0x7E, 0x04, 0x0F, 0x98, 0x3A,
    0x7F, 0xBB, 0x38, 0x82, 0xC7, 0xB9, 0x21, 0x39, 0x71, 0x67, 0x50, 0x3C, 0x53, 0x97, 0x2F, 0x06,
    0x78, 0x2B, 0x2D, 0xEE, 0xC6, 0x12, 0x6C, 0xA7, 0xDB, 0xC5, 0x04, 0xBE, 0xEF, 0x72, 0xE9, 0x61,
    0x0F, 0xB9, 0x0D, 0x2E, 0x54, 0x43, 0xC2, 0x94, 0x56, 0x62, 0x54, 0xAC, 0x6A, 0x5A, 0x42, 0xDA,
    0xF2, 0x3F, 0xBE, 0xFB, 0x0B, 0x81, 0xEB, 0x7C, 0xD1, 0x04, 0xFA, 0x6D, 0xE5, 0xE7, 0x31, 0x56,
    0x0D, 0x57, 0x5E, 0xC7, 0xA3, 0xDC, 0x4A, 0x41, 0xB8, 0x5E, 0xF3, 0x09, 0xA8, 0xF5, 0x29, 0x2E,
    0x41, 0x4F, 0x1A, 0x50, 0xB2, 0xD2, 0x1B, 0xA1, 0xD1, 0x84, 0xB0, 0xF0, 0x14, 0x7D, 0x82, 0xA4,
    0xFD, 0x31, 0x68, 0xFA, 0xC8, 0x5F, 0x7D, 0x48, 0x88, 0x3B, 0x6D, 0xE7, 0xCE, 0x5B, 0x1D, 0xE5,
    0xF8, 0xF5, 0x86, 0x49, 0x64, 0xA5, 0x94, 0xC9, 0x5E, 0x34, 0xEB, 0xF4, 0x39, 0x12, 0xFE, 0x67,
    0x87, 0x90, 0xE8, 0x1A, 0x60, 0x0E, 0xD3, 0xE1, 0x7C, 0xF2, 0x8E, 0xC3, 0x21, 0x59, 0x19, 0x8A,
    0x49, 0x60, 0x86, 0x66, 0xB8, 0xE2, 0x7A, 0x0A, 0x2B, 0x7B, 0xC0, 0xE8, 0xD9, 0x96, 0xCC, 0x61,
    0x1B, 0x69, 0x04, 0x0D, 0x8E, 0x86, 0xA7, 0x06, 0x48, 0x43, 0xF4, 0x1A, 0xB0, 0xD7, 0x8C, 0x54,
    0x43, 0xD7, 0xE8, 0x0D, 0xFA, 0xCF, 0xF5, 0x8D, 0xDA, 0xBE, 0x4A, 0xD4, 0xEC, 0x2A, 0x51, 0x77,
    0x64, 0x2D, 0x77, 0x64, 0x45, 0xD6, 0x57, 0x2C, 0xD2, 0xE0, 0x1D, 0x8E, 0x5C, 0x87, 0xEC, 0x80,
    0xC5, 0xDE, 0xCB, 0x35, 0x53, 0xB9, 0xAD, 0x04, 0xEE, 0x15, 0xBC, 0x14, 0x08, 0x6E, 0x8A, 0x0F,
    0xD1, 0xD7, 0xE0, 0x16, 0xC6, 0xDF, 0xB2, 0x3A, 0xDE, 0xD3, 0xC5, 0x7D, 0x2C, 0xC8, 0xD5, 0x07,
    0x24, 0x41, 0xF0, 0x67, 0xF2, 0x9B, 0x43, 0xC3, 0x5A, 0x5E, 0x00, 0x6F, 0x35, 0x40, 0xFA, 0xF3,
    0x21, 0xE0, 0x95, 0x8D, 0xD7, 0x19, 0x35, 0xF0, 0xDC, 0x8E, 0x37, 0x16, 0x1E, 0x4F, 0x31, 0x9A,
    0x7A, 0xCC, 0x34, 0x49, 0xC6, 0xC2, 0xE6, 0x40, 0xC8, 0xD3, 0xC8, 0x76, 0x81, 0x1D, 0xEE, 0x88,
    0xC1, 0x75, 0x3B, 0x62, 0x64, 0x04, 0x75, 0x06, 0x43, 0xFD, 0x05, 0x62, 0x1F, 0x10, 0x2F, 0xA7,
    0x1F, 0x27, 0x9F, 0x02, 0xA7, 0xC9, 0xB3, 0x76, 0x9D, 0x7E, 0xD9, 0xAC, 0x33, 0xC0, 0x7C, 0xAD,
    0x09, 0x6B, 0x76, 0xFA, 0x5D, 0x95, 0x9D, 0xBF, 0xA9, 0xD2, 0x2D, 0xAE, 0x13, 0x6D, 0xE9, 0x93,
    0x85, 0xDA, 0x08, 0xDD, 0x13, 0xCE, 0xBD, 0x8A, 0x19, 0x6C, 0x7B, 0xEE, 0xBF, 0x9F, 0xC6, 0x6D,
    0xF6, 0x61, 0x60, 0x64, 0x18, 0x58, 0x24, 0x7B, 0x4C, 0xEC, 0x2A, 0x0D, 0xD6, 0xB5, 0x06, 0x6B,
    0x70, 0x25, 0x66, 0xC0, 0x46, 0x72, 0x1B, 0x75, 0x25, 0x82, 0x13, 0x8C, 0x45, 0x83, 0x36, 0x90,
    0x77, 0x7E, 0x9C, 0xAC, 0xF5, 0x91, 0x8C, 0xE1, 0x25, 0x2F, 0xBC, 0x4D, 0xF5, 0xD3, 0x34, 0x6E,
    0xF0, 0x85, 0x17, 0x5E, 0x7F, 0x21, 0x2E, 0x2D, 0x62, 0x08, 0x34, 0x89, 0xB8, 0x82, 0xC8, 0x0D,
    0x1A, 0xF9, 0x42, 0xCB, 0x80, 0x25, 0xE2, 0x0E, 0xE0, 0xD4, 0x6A, 0x96, 0xA5, 0x67, 0x50, 0xC4,
    0x59, 0xA2, 0xB7, 0xF1, 0x3F, 0x15, 0xF6, 0xD7, 0x64, 0x78, 0x67, 0xD0, 0x11, 0xE2, 0x71, 0xFE,
    0xDD, 0xF2, 0xEE, 0x0F, 0xC7, 0x1E, 0x75, 0xE1, 0xF9, 0x75, 0x9F, 0x58, 0xE8, 0x4F, 0x92, 0x23,
    0x73, 0x0E, 0xFC, 0x47, 0x9C, 0x27, 0xB1, 0x0E, 0x65, 0x60, 0x12, 0x4E, 0x47, 0xD8, 0x42, 0x4B,
    0xE1, 0x59, 0xE2, 0x1E, 0xB7, 0x6A, 0xDD, 0xB1, 0xAB, 0x1E, 0x20, 0x63, 0xF8, 0x1F, 0xAD, 0x59,
    0x3F, 0x73, 0xDC, 0x36, 0x16, 0x7F, 0x24, 0x3D, 0xA2, 0x13, 0x66, 0x86, 0x73, 0x5D, 0x66, 0xE4,
    0x0C, 0x33, 0x19, 0x15, 0xB9, 0x26, 0xBC, 0x22, 0x37, 0xA3, 0x42, 0x16, 0x78, 0x6E, 0x3C, 0x19,
    0x17, 0x2E, 0xAF, 0x48, 0x91, 0x7C, 0x03, 0x37, 0xD7, 0x65, 0x2C, 0xC0, 0x4E, 0x99, 0x46, 0x1F,
    0x21, 0xDF, 0x20, 0x8D, 0xBB, 0x58, 0x4B, 0x5A, 0x2E, 0x52, 0x06, 0xE7, 0x94, 0x29, 0x0E, 0x97,
    0xF3, 0xCC, 0xA5, 0x33, 0x2E, 0xE1, 0x24, 0xF4, 0x0D, 0x49, 0xDC, 0xEF, 0x01, 0x94, 0x76, 0x57,
    0xDA, 0xD5, 0x49, 0xF2, 0xEE, 0xE2, 0xB7, 0x22, 0x81, 0x87, 0x07, 0xE0, 0xE1, 0xE1, 0xFD, 0x81,
    0x0A, 0x25, 0x8C, 0x30, 0x85, 0x22, 0x7C, 0x8A, 0xA6, 0x68, 0x4A, 0xFF, 0x15, 0x7A, 0xF1, 0x4B,
    0x85, 0xA6, 0x25, 0xD4, 0x23, 0x65, 0xCE, 0x51, 0xE1, 0x46, 0x12, 0xE6, 0x2D, 0x92, 0xE8, 0x5D,
    0xD3, 0x1C, 0xFC, 0x2E, 0x4C, 0x84, 0x76, 0xE7, 0xE9, 0xA8, 0x76, 0x74, 0x8E, 0x47, 0xF9, 0x9A,
    0x08, 0xFD, 0x13, 0x37, 0x50, 0xDA, 0xDD, 0xA4, 0xD4, 0x12, 0x65, 0x0B, 0x70, 0xCE, 0x9E, 0x82,
    0xDF, 0x73, 0xB3, 0x00, 0xF0, 0xCC, 0xFD, 0xF8, 0x8E, 0xDE, 0xA6, 0x84, 0xCA, 0x57, 0xAF, 0xB4,
    0x70, 0xCE, 0xA0, 0x4E, 0xE5, 0x56, 0x56, 0xB9, 0x2E, 0x95, 0x07, 0x3F, 0xA3, 0x8E, 0xDB, 0x98,
    0x86, 0x69, 0x65, 0x95, 0x59, 0xA1, 0x72, 0x53, 0x62, 0xAD, 0xA0, 0x69, 0x72, 0x2B, 0xAA, 0xD4,
    0xD6, 0x94, 0x74, 0x03, 0x45, 0x63, 0x8F, 0x81, 0x3B, 0xE6, 0xDB, 0x30, 0xA8, 0x6C, 0x88, 0x71,
    0xF6, 0x9D, 0x51, 0xAF, 0xF8, 0xCE, 0x3F, 0xAB, 0x5A, 0xA3, 0xFA, 0x25, 0xA4, 0x31, 0x62, 0xE6,
    0x3D, 0x95, 0xE6, 0x96, 0x67, 0x94, 0xB7, 0x58, 0xAD, 0x53, 0x18, 0xA1, 0x25, 0xF1, 0xD5, 0x40,
    0x12, 0x74, 0x92, 0x04, 0x89, 0x4A, 0x52, 0xD9, 0x0E, 0x68, 0xEB, 0xC0, 0x0C, 0x48, 0x07, 0x70,
    0x1D, 0xE9, 0x8F, 0x31, 0x24, 0x0E, 0x89, 0x49, 0xD4, 0x6F, 0xBB, 0x43, 0xFA, 0x28, 0xD1, 0xF2,
    0x9E, 0xAD, 0xEF, 0xD9, 0xFD, 0x44, 0xD3, 0x03, 0xE3, 0xA5, 0x89, 0x55, 0x55, 0x25, 0xA5, 0xCD,
    0xED, 0xE2, 0xB9, 0xDE, 0x93, 0xCF, 0xCC, 0xEE, 0x13, 0xB2, 0xBB, 0x96, 0xEC, 0xDE, 0x93, 0xC8,
    0xEC, 0xC9, 0x63, 0x5D, 0x14, 0xDF, 0xF1, 0xCA, 0x2B, 0xA6, 0x25, 0x69, 0xA8, 0xEC, 0xC0, 0x12,
    0x6B, 0x52, 0x94, 0xAB, 0xD2, 0x35, 0xB5, 0x6B, 0xFA, 0x9C, 0x0B, 0x1E, 0x8A, 0xB1, 0x22, 0x7D,
    0x93, 0x62, 0x5B, 0x52, 0x62, 0x1E, 0x52, 0xD6, 0xF4, 0x54, 0x3C, 0xC6, 0x4C, 0x13, 0x4B, 0x07,
    0x99, 0xF1, 0x7F, 0x8B, 0x47, 0xAD, 0xAF, 0xE7, 0xF6, 0x08, 0x74, 0x74, 0x78, 0x13, 0xDB, 0xED,
    0x42, 0x81, 0x1A, 0x9C, 0x29, 0xD0, 0x84, 0xD3, 0x72, 0x6E, 0xC2, 0xE2, 0x4B, 0xBD, 0x27, 0xFE,
    0x63, 0x76, 0x3F, 0xB6, 0x76, 0x57, 0x18, 0xBB, 0x27, 0x9E, 0x99, 0xBD, 0x3F, 0xBF, 0xD0, 0xC5,
    0xDF, 0xBE, 0x5D, 0x9A, 0xB0, 0x73, 0x15, 0x4A, 0x86, 0x79, 0x8C, 0xF4, 0xB4, 0xAC, 0xFA, 0xBC,
    0xC2, 0xAF, 0x84, 0x4A, 0x42, 0x98, 0x92, 0xCE, 0xC1, 0x79, 0xFA, 0x80, 0x55, 0xED, 0xFC, 0x59,
    0xA4, 0xD9, 0xEE, 0x08, 0xCC, 0x76, 0xC2, 0x84, 0x07, 0x28, 0x06, 0xEB, 0x9C, 0x50, 0x2C, 0x24,
    0x09, 0x9D, 0x6B, 0x49, 0x0E, 0xB4, 0x73, 0x40, 0x74, 0x40, 0x59, 0x4F, 0xD9, 0xC0, 0x64, 0xEF,
    0x0B, 0x3E, 0x12, 0x0F, 0xB0, 0x4F, 0x87, 0xA9, 0x2D, 0x5B, 0xA9, 0x3E, 0x84, 0x9E, 0x8D, 0x6B,
    0x8B, 0x1A, 0xA5, 0x1E, 0xA5, 0xF3, 0xA5, 0xFE, 0x59, 0xFA, 0x59, 0xC8, 0x6A, 0x2A, 0xE0, 0xA4,
    0xB2, 0x49, 0xE1, 0x84, 0xCB, 0x1A, 0xB9, 0x00, 0x31, 0x21, 0x07, 0x62, 0x80, 0xC4, 0xD5, 0x50,
    0xE0, 0xB0, 0x4B, 0xCB, 0xC7, 0x3D, 0x6D, 0x52, 0x13, 0xB5, 0xA2, 0xC5, 0xE1, 0xEE, 0x79, 0x1D,
    0xA2, 0xA7, 0x7D, 0x28, 0xFF, 0x42, 0x11, 0x3C, 0x7C, 0xB3, 0x35, 0x40, 0x37, 0xF1, 0x60, 0xEA,
    0xCC, 0x0E, 0x89, 0xED, 0x63, 0xFE, 0xAD, 0x53, 0x8B, 0x9A, 0xC2, 0xB7, 0xBE, 0x1B, 0x57, 0xF4,
    0x90, 0xB9, 0x27, 0x26, 0xE8, 0x82, 0x86, 0x2E, 0xD8, 0x03, 0x0F, 0x7E, 0xCE, 0x1F, 0x05, 0x7D,
    0x61, 0x1A, 0xA6, 0x4D, 0x1B, 0x68, 0x59, 0x53, 0x92, 0x6B, 0xF6, 0xE9, 0xD3, 0xE6, 0x29, 0xDE,
    0x3B, 0x4A, 0x8F, 0x2D, 0xA5, 0xCF, 0x71, 0xB0, 0x33, 0x3E, 0x12, 0xCA, 0x0B, 0x1E, 0xE2, 0xC5,
    0x2C, 0x72, 0x1D, 0x75, 0xA5, 0x4E, 0xEC, 0x17, 0x3A, 0x35, 0xBF, 0xEA, 0xFC, 0x99, 0x6B, 0x8B,
    0xC7, 0xAE, 0x15, 0x94, 0xE8, 0x45, 0x3E, 0x7F, 0xBD, 0x90, 0x0F, 0x14, 0xBB, 0x77, 0x36, 0xEA,
    0x3E, 0xB0, 0x89, 0x8D, 0x6D, 0x6A, 0xF2, 0x26, 0x47, 0x9F, 0x42, 0xD5, 0x56, 0x90, 0xB3, 0xA5,
    0xCE, 0xB4, 0x68, 0x73, 0xF5, 0x07, 0xE8, 0x6E, 0x6E, 0xF7, 0x71, 0x22, 0x9F, 0x12, 0x75, 0x50,
    0x81, 0xDF, 0x2C, 0xC9, 0x1F, 0xCE, 0xF2, 0xCA, 0x21, 0xAE, 0x12, 0x73, 0xFA, 0x02, 0x73, 0xFA,
    0x55, 0xA7, 0xFF, 0x74, 0x6D, 0x7E, 0x8C, 0x39, 0x29, 0x9C, 0xBE, 0x23, 0x8A, 0x1C, 0x17, 0x3C,
    0x9C, 0x1A, 0x01, 0x9C, 0xD8, 0x78, 0x60, 0xF1, 0x96, 0xD0, 0x1A, 0x4D, 0xD0, 0x3F, 0xB4, 0xB3,
    0x3D, 0x54, 0x5F, 0x4B, 0x0C, 0xED, 0xDA, 0x2D, 0x9C, 0xFD, 0x9D, 0x49, 0x0D, 0x1D, 0x1B, 0x46,
    0x58, 0xBA, 0x48, 0x87, 0xEE, 0xD8, 0x1A, 0x58, 0x51, 0xB4, 0xA1, 0xAE, 0x86, 0x6A, 0x8F, 0x1D,
    0x45, 0x5D, 0x4F, 0x71, 0xCB, 0x02, 0x9E, 0x01, 0x35, 0xA5, 0x46, 0x42, 0x39, 0x85, 0x37, 0x72,
    0xAC, 0x2F, 0x25, 0xEB, 0x8C, 0x2A, 0x34, 0x6A, 0x0C, 0x4C, 0x1F, 0x28, 0xD8, 0x74, 0x62, 0x01,
    0x38, 0xAC, 0x24, 0x98, 0x0F, 0x16, 0xF2, 0x31, 0x6D, 0x96, 0x7F, 0xEA, 0x3D, 0x87, 0xE7, 0xC1,
    0xFD, 0xE9, 0x70, 0x67, 0xB3, 0xFC, 0x8F, 0xDE, 0xA1, 0x18, 0xA6, 0x84, 0x4F, 0x7F, 0x04, 0xE3,
    0xB3, 0x49, 0xDE, 0xB1, 0xB9, 0x4D, 0x69, 0x8B, 0x27, 0x20, 0xC1, 0xF3, 0xE9, 0x67, 0x53, 0x73,
    0xDF, 0x56, 0x81, 0xC7, 0x13, 0xC0, 0x3E, 0x81, 0x02, 0xD9, 0xD5, 0xBC, 0x87, 0x13, 0xDE, 0x43,
    0xE0, 0x6D, 0x2F, 0xC1, 0xBB, 0x80, 0x67, 0x14, 0x13, 0x66, 0x9D, 0xE7, 0x43, 0xFF, 0xED, 0x28,
    0xFE, 0xAD, 0xA3, 0xE4, 0x17, 0xD7, 0x30, 0xD2, 0x9F, 0x5C, 0x93, 0xBF, 0x80, 0x01, 0xF3, 0x4E,
    0xAD, 0xA3, 0x12, 0x10, 0x8F, 0x81, 0x3B, 0xCE, 0x4A, 0xA0, 0x8E, 0xD1, 0x77, 0x1B, 0x46, 0xBE,
    0x76, 0x3A, 0xC1, 0x18, 0x59, 0x17, 0xA9, 0xC2, 0x04, 0x1F, 0x27, 0xD4, 0x84, 0x6A, 0xC2, 0xC9,
    0x3B, 0xFB, 0x3F, 0x76, 0xC2, 0xA0, 0x4D, 0xD1, 0x07, 0x7B, 0xA3, 0xA9, 0x04, 0x0F, 0x3E, 0x28,
    0x31, 0xEB, 0x6F, 0x1B, 0x74, 0x8D, 0xD7, 0x79, 0x88, 0x57, 0xA8, 0x44, 0x02, 0xCD, 0x27, 0x89,
    0xF6, 0xB4, 0x0A, 0xE2, 0xE5, 0xC0, 0xE1, 0x04, 0x15, 0x2D, 0xC3, 0xF5, 0x73, 0x9C, 0x6D, 0xF3,
    0xED, 0xAE, 0x3A, 0x01, 0xFC, 0xB9, 0x77, 0x5C, 0xB0, 0x02, 0x04, 0xCF, 0x48, 0x74, 0x72, 0x74,
    0x36, 0xC5, 0xFF, 0x56, 0x38, 0x9B, 0x31, 0x96, 0x98, 0xFE, 0xCB, 0x52, 0x5C, 0x1D, 0x6E, 0x94,
    0x7F, 0xA6, 0x5A, 0x2A, 0x5E, 0xC0, 0x3C, 0x00, 0xB9, 0x6A, 0xE7, 0xEA, 0xB7, 0xA9, 0xF9, 0x1F,
    0xB2, 0xF8, 0x59, 0xFA, 0x10, 0xBE, 0x97, 0xBD, 0x74, 0x2E, 0x14, 0xB6, 0x4E, 0xFF, 0xAF, 0xCC,
    0x89, 0x13, 0x2F, 0x66, 0x6C, 0xF6, 0x38, 0xC9, 0xF8, 0x9A, 0x7C, 0x6E, 0xB1, 0x38, 0x21, 0x4D,
    0x08, 0x33, 0xC8, 0xF2, 0x7A, 0x7C, 0x20, 0x37, 0x88, 0x0D, 0x52, 0x3B, 0x15, 0xDA, 0x35, 0xF9,
    0x20, 0x84, 0xE2, 0x70, 0xCC, 0x07, 0x94, 0xA6, 0x46, 0x58, 0x28, 0x9A, 0xDC, 0x14, 0x3A, 0x37,
    0x38, 0x67, 0x6E, 0x8E, 0xF9, 0x97, 0xDB, 0x98, 0xC6, 0x55, 0x21, 0x08, 0xED, 0x7C, 0xF8, 0x16,
    0xB7, 0x7F, 0xC2, 0x5F, 0xE6, 0xD3, 0xD2, 0x56, 0x16, 0x94, 0xF0, 0x08, 0x1E, 0xA3, 0x66, 0x28,
    0xA0, 0x01, 0x0C, 0x00, 0xD7, 0x55, 0xF7, 0x82, 0x66, 0x47, 0x80, 0x00, 0x4A, 0x49, 0xB3, 0xBC,
    0xA6, 0x59, 0xE6, 0x68, 0x96, 0x00, 0x31, 0x00, 0x1F, 0x32, 0x23, 0x06, 0xDA, 0xD8, 0xEB, 0xAC,
    0xF3, 0x0F, 0x88, 0x9E, 0x62, 0x37, 0xF8, 0x00, 0x1B, 0xB3, 0x54, 0x3E, 0x6C, 0x47, 0xD8, 0xCB,
    0xC1, 0x2D, 0xDB, 0x89, 0x25, 0x70, 0x1D, 0xEC, 0x07, 0xD3, 0x30, 0x6D, 0x36, 0xD9, 0x53, 0x8E,
    0xA6, 0xD6, 0xFA, 0x87, 0x4D, 0xF1, 0x5F, 0xE7, 0x1F, 0x36, 0xC5, 0x7F, 0x95, 0x7F, 0xD8, 0x10,
    0xEF, 0xB5, 0xFE, 0x61, 0x43, 0xFC, 0xDF, 0xC2, 0xE6, 0x96, 0xD5, 0x11, 0xCE, 0x3F, 0x27, 0x54,
    0xAD, 0xB7, 0x33, 0xC4, 0xFA, 0x84, 0xBF, 0xFC, 0x5E, 0xBE, 0x18, 0x70, 0xA6, 0x67, 0xA0, 0xFB,
    0x70, 0x1A, 0xF8, 0x6D, 0x8C, 0xFD, 0x4A, 0xC5, 0x21, 0xB1, 0x02, 0xF7, 0x1A, 0x5C, 0xE1, 0x1B,
    0x1E, 0x3B, 0x2D, 0xBE, 0x74, 0x46, 0xDC, 0xFB, 0x87, 0x11, 0xF7, 0xBF, 0x37, 0xE2, 0xC1, 0x7D,
    0x23, 0x6A, 0x8C, 0x3B, 0x00, 0x3D, 0xC6, 0x6E, 0x91, 0xEE, 0x58, 0xA9, 0x82, 0xCE, 0x22, 0xA4,
    0xFB, 0xC6, 0xF8, 0x6D, 0x61, 0xFB, 0x1C, 0x77, 0x8B, 0xF6, 0x39, 0x8C, 0xC2, 0x56, 0xE7, 0x2A,
    0x40, 0x64, 0x5C, 0x71, 0xE2, 0x22, 0x1F, 0x39, 0x9F, 0x9E, 0xB0, 0xAF, 0x89, 0x1D, 0x33, 0x07,
    0xDF, 0x9C, 0xF7, 0x1E, 0xFB, 0xC4, 0x63, 0x7C, 0xBD, 0x61, 0xFE, 0x6B, 0xEC, 0xF3, 0xA6, 0xF8,
    0xAF, 0xB3, 0xCF, 0x1B, 0x9B, 0x3F, 0x6F, 0x00, 0x82, 0x63, 0xCE, 0xC1, 0xBC, 0xBF, 0x9C, 0xB6,
    0x79, 0x75, 0x92, 0x2A, 0x43, 0x92, 0x3A, 0x84, 0x24, 0xD5, 0xC7, 0x0F, 0xDC, 0x67, 0x21, 0x29,
    0x3D, 0x8B, 0xA5, 0x4C, 0x07, 0xE3, 0x71, 0xDA, 0x88, 0xA4, 0x83, 0x64, 0xE4, 0x90, 0x60, 0x4A,
    0x85, 0x54, 0x73, 0x02, 0x9E, 0x23, 0x17, 0xDA, 0x3C, 0x8D, 0x5A, 0xCE, 0x90, 0x6A, 0xC8, 0xD7,
    0xDB, 0xB7, 0x81, 0x4A, 0x8D, 0x35, 0x28, 0x58, 0x36, 0x05, 0xEB, 0x54, 0x41, 0x3F, 0xEF, 0x20,
    0x9E, 0xB8, 0x8B, 0x30, 0xE4, 0xDE, 0x84, 0xBB, 0x5C, 0x87, 0xA4, 0xBB, 0x92, 0xAC, 0xFF, 0x7E,
    0xE6, 0xE2, 0x13, 0xAC, 0xE7, 0xBE, 0x63, 0x68, 0x71, 0x77, 0xF4, 0x7E, 0xA9, 0x5B, 0xF2, 0x4B,
    0xB0, 0xC4, 0x10, 0x0A, 0x6C, 0xF1, 0x8D, 0x08, 0x2E, 0x66, 0xB6, 0xE5, 0x5C, 0xE9, 0x2D, 0x74,
    0x5D, 0xD5, 0xC8, 0x9D, 0xF1, 0x2B, 0x7D, 0xCD, 0x96, 0x7B, 0xCD, 0x3A, 0x05, 0x73, 0x52, 0x6B,
    0x26, 0xF4, 0xFA, 0x74, 0x85, 0xBE, 0xE7, 0xFC, 0xCF, 0xE5, 0xFB, 0xC2, 0xC6, 0xC3, 0xC4, 0xC3,
    0xC2, 0x07, 0x03, 0x7F, 0xF9, 0x8E, 0xE7, 0x9D, 0xD5, 0x15, 0x26, 0x7C, 0x80, 0x94, 0xA2, 0x89,
    0x7F, 0xE0, 0x82, 0x07, 0x9F, 0x14, 0x5D, 0x65, 0xE8, 0x4E, 0xB0, 0x6F, 0x43, 0xBE, 0xE8, 0xCC,
    0x8D, 0x02, 0x07, 0x24, 0x3F, 0xB6, 0xA9, 0x3B, 0xB6, 0x88, 0x29, 0x91, 0xC1, 0x21, 0x06, 0xC4,
    0xD9, 0x7C, 0x98, 0x73, 0x6A, 0xC8, 0x61, 0xA4, 0xD3, 0xA8, 0x37, 0x09, 0x12, 0x2E, 0x7A, 0xF0,
    0x1A, 0xBB, 0x13, 0x2E, 0x59, 0xC4, 0xCB, 0xAD, 0x73, 0x17, 0x3C, 0xA7, 0x97, 0x3C, 0x68, 0x9B,
    0x2E, 0x79, 0x2A, 0xCE, 0x80, 0xA9, 0x9C, 0x6C, 0x7D, 0xAA, 0x7D, 0x4C, 0xE6, 0xCF, 0xFC, 0xCE,
    0x94, 0xCC, 0xAD, 0xF7, 0x5F, 0x15, 0x6C, 0x53, 0xC3, 0xBA, 0xEE, 0x6D, 0x28, 0xE6, 0x71, 0x0A,
    0x8C, 0x51, 0xBC, 0xDC, 0xAA, 0x98, 0x06, 0x36, 0x4F, 0x21, 0xCE, 0x44, 0xC7, 0xCF, 0x71, 0x66,
    0x20, 0xC9, 0xA2, 0x0F, 0xFA, 0xFF, 0x1E, 0xBD, 0x19, 0x3F, 0xEF, 0x9F, 0xF4, 0x45, 0xFE, 0xE9,
    0x4A, 0xFC, 0x2E, 0xE1, 0x33, 0xAE, 0x36, 0x3F, 0x15, 0x96, 0x9B, 0xF2, 0xD2, 0xEB, 0xCA, 0xBB,
    0x00, 0x7F, 0x65, 0x31, 0xCC, 0x41, 0x17, 0xC1, 0xC5, 0x7C, 0x01, 0x57, 0x61, 0x83, 0x2B, 0x7F,
    0x5D, 0xB1, 0x26, 0x66, 0xBE, 0x36, 0xBF, 0x1D, 0x6F, 0x10, 0x61, 0x1F, 0x14, 0xE5, 0x3F, 0x1A,
    0xDA, 0x8A, 0xD4, 0x1B, 0xF1, 0x2B, 0x90, 0x43, 0x88, 0xE7, 0x9D, 0x47, 0x71, 0xC7, 0x9E, 0x8A,
    0xEF, 0xDA, 0xF3, 0x63, 0x9B, 0x5A, 0xFB, 0x3A, 0xC8, 0x13, 0x60, 0xDB, 0xF9, 0x7B, 0xEF, 0x89,
    0xA3, 0xA3, 0xD1, 0xEB, 0x38, 0x4E, 0x0B, 0xC9, 0xBF, 0x3B, 0x7F, 0xF9, 0xC6, 0xBF, 0x01, 0xFC,
    0x0B, 0x7B, 0x78, 0x0C, 0x9B, 0xE7, 0x6D, 0x9F, 0xC5, 0x59, 0xF4, 0xB1, 0xDE, 0xA2, 0x1D, 0xD8,
    0xE6, 0xEB, 0xC5, 0x16, 0xC1, 0xB8, 0xB8, 0x33, 0xC0, 0xD8, 0xFB, 0xE2, 0x56, 0x96, 0x8B, 0x0E,
    0x82, 0xBF, 0x06, 0x63, 0xC5, 0x30, 0xB2, 0x11, 0x4D, 0x11, 0x02, 0x89, 0x45, 0x34, 0xA5, 0xE6,
    0x36, 0xA6, 0x59, 0x0A, 0xDC, 0xF8, 0xDA, 0x54, 0xB4, 0x21, 0x70, 0xDB, 0xA5, 0x37, 0xE3, 0x77,
    0x41, 0xA0, 0x76, 0x2D, 0x7E, 0x6B, 0x02, 0xB3, 0xEB, 0xF0, 0xBA, 0xE8, 0x50, 0x5D, 0x6B, 0x6E,
    0xFB, 0x0B, 0x96, 0x6C, 0x7F, 0xCE, 0x6E, 0xE9, 0xAE, 0xF0, 0xE4, 0x73, 0x8E, 0x36, 0xC2, 0xB8,
    0xFF, 0x6E, 0x92, 0x60, 0x58, 0x31, 0x2E, 0xC2, 0xFB, 0x67, 0x53, 0x00, 0xF6, 0x15, 0x82, 0xAF,
    0xCF, 0x10, 0x7C, 0x8D, 0x1C, 0x78, 0x61, 0x5C, 0x1B, 0xC6, 0x2D, 0xD8, 0x71, 0x62, 0xDC, 0x1B,
    0x21, 0xE8, 0x3A, 0xE3, 0xFC, 0xD6, 0x5D, 0x14, 0xB2, 0x32, 0xA9, 0x51, 0xE8, 0xB1, 0x74, 0x63,
    0xEE, 0xC6, 0xC8, 0xBD, 0x5C, 0x91, 0x88, 0x5D, 0xBE, 0xEF, 0xF9, 0xE4, 0xEB, 0xD2, 0x7D, 0x57,
    0x24, 0x5C, 0x97, 0x1F, 0x77, 0x4D, 0x82, 0xC1, 0x69, 0x14, 0x8C, 0xA0, 0xF6, 0x01, 0x0E, 0x76,
    0x2A, 0xE3, 0x50, 0x81, 0xEF, 0xF6, 0xBA, 0x9A, 0xE2, 0x1E, 0xEB, 0xF3, 0x81, 0x0E, 0x20, 0xBB,
    0xD0, 0xB7, 0xE4, 0x7F, 0x03, 0x4C, 0x01, 0x8F, 0xF4, 0xF7, 0xB1, 0x7C, 0x6D, 0xE9, 0xEF, 0x52,
    0x56, 0x26, 0xC2, 0x3E, 0x19, 0x66, 0xBA, 0xD6, 0x07, 0x5D, 0xE2, 0x2F, 0x70, 0x66, 0x55, 0x5D,
    0x89, 0xF0, 0x55, 0x13, 0xF0, 0x95, 0x95, 0xF0, 0x81, 0xD9, 0x18, 0x92, 0xEA, 0x6F, 0xF4, 0x4A,
    0x5E, 0xEB, 0x74, 0x70, 0x93, 0xEB, 0xF8, 0x1F, 0xB5, 0x5A, 0xBD, 0x8E, 0xDC, 0x46, 0x12, 0x2E,
    0x92, 0xBE, 0xA5, 0xD6, 0x3C, 0xA1, 0x53, 0x01, 0x32, 0x40, 0x07, 0x0A, 0x64, 0x5C, 0x40, 0x05,
    0x17, 0xF8, 0x02, 0x4F, 0xF7, 0xC9, 0x81, 0x0D, 0x5C, 0x60, 0xBF, 0x81, 0x15, 0x3A, 0x30, 0xB0,
    0x4F, 0xE0, 0x6D, 0xDE, 0xE9, 0x01, 0x6E, 0x1F, 0x41, 0x6F, 0x70, 0xA9, 0x82, 0xD5, 0x90, 0x58,
    0x07, 0x0E, 0x2E, 0x21, 0x4E, 0xC1, 0xA5, 0x04, 0x2C, 0xC0, 0x29, 0x03, 0xC2, 0xE6, 0x59, 0x24,
    0xDB, 0x5F, 0x75, 0x73, 0xFE, 0x76, 0x86, 0xB3, 0x33, 0xB3, 0xBC, 0xD9, 0xFE, 0x24, 0x4E, 0x77,
    0xB3, 0xF8, 0x75, 0xB1, 0xBB, 0xBA, 0xAA, 0x7A, 0x02, 0xD3, 0x51, 0x00, 0x6C, 0x7C, 0x64, 0x01,
    0x94, 0x44, 0xBA, 0x22, 0xCA, 0x6A, 0xA2, 0xBE, 0x21, 0xAF, 0x69, 0xC9, 0xAF, 0x5B, 0x0A, 0xAA,
    0x39, 0x90, 0x51, 0x58, 0x6A, 0x12, 0xA5, 0x54, 0xC2, 0x98, 0x34, 0x36, 0x26, 0x4F, 0x00, 0x99,
    0xC6, 0x05, 0x6A, 0x4A, 0xAD, 0x04, 0x7A, 0x44, 0x95, 0x30, 0x35, 0xCA, 0x52, 0x6A, 0x64, 0xAE,
    0x62, 0xD3, 0x08, 0xD3, 0x7E, 0xE0, 0xF5, 0x44, 0xF3, 0x33, 0x63, 0x70, 0x93, 0x36, 0x26, 0x53,
    0x59, 0x46, 0x19, 0xFE, 0xD5, 0xB6, 0xE6, 0xCC, 0xFC, 0x2F, 0xA8, 0x3E, 0x23, 0xBF, 0xBA, 0x26,
    0x32, 0x0D, 0x51, 0x52, 0x4C, 0x4F, 0x2C, 0xAF, 0xA3, 0x9B, 0x2A, 0x30, 0x25, 0x65, 0xEA, 0x58,
    0x6E, 0x53, 0x71, 0x20, 0xF4, 0x22, 0x12, 0x29, 0x06, 0x08, 0x0E, 0x09, 0x06, 0x1A, 0xD5, 0x96,
    0x45, 0x7D, 0x00, 0x8B, 0x9E, 0xFC, 0x86, 0x82, 0x92, 0xA2, 0x92, 0x42, 0x5C, 0xE3, 0xF5, 0x3D,
    0x21, 0xF2, 0x5A, 0xC8, 0xC0, 0x7D, 0xF1, 0x3B, 0xA2, 0x0F, 0x07, 0x85, 0x3D, 0xEE, 0x15, 0x19,
    0x53, 0x04, 0x20, 0x20, 0x1A, 0x2F, 0x8D, 0xF1, 0xC8, 0x24, 0x07, 0xFF, 0x74, 0x80, 0x1A, 0xB0,
    0xF8, 0x8E, 0x36, 0xEE, 0xC3, 0x7D, 0x43, 0xDC, 0xE3, 0xE1, 0x5E, 0x8A, 0x21, 0x83, 0xD0, 0x10,
    0x82, 0xB3, 0xC4, 0x80, 0x33, 0x74, 0xFC, 0x74, 0x90, 0x7F, 0xC1, 0xB3, 0xC7, 0x10, 0x06, 0x4A,
    0xF2, 0x9D, 0x47, 0x1A, 0x4D, 0x19, 0x6D, 0x82, 0xEB, 0xB8, 0x0D, 0x8A, 0x20, 0xC8, 0x54, 0x74,
    0x01, 0x8E, 0x74, 0x45, 0x14, 0x60, 0xCC, 0xC2, 0xA0, 0xF1, 0x9B, 0x94, 0xFE, 0x18, 0x4E, 0xCB,
    0x37, 0x40, 0xA7, 0x18, 0x2F, 0x4A, 0xE3, 0x19, 0xED, 0x1B, 0xA2, 0x17, 0x8F, 0xEE, 0xC7, 0xD7,
    0xC3, 0xD8, 0x83, 0xD6, 0xC1, 0xAF, 0x56, 0x13, 0x72, 0x2A, 0xBE, 0x21, 0x1A, 0x44, 0xE5, 0x10,
    0xE5, 0x2B, 0xF9, 0xA7, 0xF2, 0x7D, 0x70, 0x86, 0xCA, 0x8B, 0x94, 0x44, 0xEF, 0xF4, 0xCC, 0xFA,
    0x9E, 0x92, 0xEF, 0xC7, 0xD0, 0x67, 0x37, 0x47, 0x07, 0x7E, 0x87, 0xE8, 0xE0, 0xAB, 0x7B, 0xF1,
    0x3D, 0xC7, 0xFD, 0xC9, 0x3F, 0x73, 0x2C, 0x43, 0x45, 0x3E, 0x54, 0x4C, 0x2F, 0x06, 0x71, 0x78,
    0x94, 0x36, 0x15, 0xD0, 0x92, 0x0E, 0x7A, 0xD2, 0x64, 0x00, 0xAD, 0x34, 0xD8, 0xED, 0x00, 0xEA,
    0xB5, 0xEB, 0x13, 0x76, 0xB8, 0xA7, 0x01, 0x4A, 0x37, 0xDD, 0x02, 0xAC, 0x50, 0x87, 0x66, 0x40,
    0x0D, 0x54, 0xFE, 0xFB, 0x06, 0x5C, 0x1B, 0x92, 0x8C, 0x97, 0xE8, 0x0F, 0x5D, 0x65, 0xB7, 0xA0,
    0x3F, 0x47, 0xDB, 0x0F, 0x0D, 0x25, 0xC6, 0xF5, 0xF5, 0xCC, 0x3B, 0x36, 0x17, 0xB8, 0x6E, 0xED,
    0x38, 0x45, 0x99, 0xA5, 0x58, 0xEC, 0xB9, 0x28, 0xE3, 0x42, 0x94, 0x58, 0xE0, 0x66, 0x85, 0xD5,
    0x1F, 0xB7, 0x71, 0x1F, 0xA3, 0xEC, 0x3D, 0x90, 0x13, 0x99, 0x94, 0x96, 0x1A, 0x97, 0x18, 0x24,
    0x63, 0xF8, 0xEE, 0xCD, 0xB5, 0x62, 0xDD, 0xA0, 0xAF, 0x4A, 0x70, 0x8F, 0xCC, 0xA5, 0x92, 0x29,
    0xB0, 0xF8, 0xE3, 0x6B, 0xD4, 0x25, 0xCE, 0xC8, 0xA8, 0x80, 0xF5, 0x98, 0xFD, 0x46, 0x6C, 0x6E,
    0xD7, 0x4D, 0xAE, 0xB5, 0x99, 0xB0, 0x16, 0x4B, 0x28, 0xDA, 0x04, 0xC6, 0xB0, 0xC4, 0xED, 0x36,
    0xDB, 0x8E, 0x67, 0x0F, 0x08, 0x76, 0xED, 0x14, 0x17, 0x25, 0xF9, 0xA8, 0x8B, 0xD0, 0x1E, 0x57,
    0x3A, 0x4F, 0xF2, 0x18, 0x86, 0x4E, 0x14, 0xE8, 0xBF, 0x42, 0xCA, 0x26, 0xE9, 0x4C, 0x71, 0x1F,
    0x1F, 0x06, 0x91, 0x92, 0x9E, 0x60, 0x80, 0x09, 0x16, 0x98, 0xD8, 0x04, 0x2F, 0x6D, 0xF0, 0x94,
    0x5C, 0xC7, 0x36, 0x90, 0x13, 0xF9, 0xD2, 0x6C, 0x6D, 0x02, 0xCF, 0xA6, 0xD7, 0xAD, 0xDB, 0x07,
    0x72, 0x07, 0xBE, 0xBE, 0x27, 0xDF, 0xC9, 0x78, 0xD1, 0x25, 0x48, 0x60, 0x41, 0x7A, 0xD0, 0xA3,
    0xC7, 0x13, 0x16, 0x2F, 0xEB, 0x24, 0x4E, 0x2C, 0x0B, 0x73, 0xC7, 0xC3, 0xDC, 0x0C, 0x00, 0x9F,
    0xBF, 0xA3, 0x4D, 0x5D, 0x51, 0xF8, 0x53, 0x85, 0xAF, 0x85, 0xD3, 0xED, 0xA3, 0x89, 0xF5, 0x7A,
    0xF5, 0xC4, 0x6E, 0xCE, 0x76, 0xA3, 0x66, 0xDD, 0x9E, 0xDD, 0x73, 0x1E, 0x10, 0x78, 0x86, 0x90,
    0x15, 0xE3, 0x5A, 0x62, 0xE3, 0x7E, 0x34, 0x08, 0x7C, 0x8C, 0x01, 0xC0, 0x3E, 0x3A, 0xBB, 0xEA,
    0xEF, 0xB0, 0xAB, 0xA2, 0x58, 0x82, 0x9F, 0x93, 0x8B, 0x02, 0x16, 0xA1, 0x10, 0x75, 0x5C, 0x60,
    0x9D, 0x17, 0xD6, 0xAE, 0x26, 0x00, 0x6F, 0x83, 0x71, 0x6E, 0xF9, 0x5A, 0xDE, 0xE0, 0xEF, 0xF8,
    0xFE, 0xC6, 0x76, 0x35, 0xB5, 0x0E, 0x45, 0x85, 0xD5, 0x0F, 0xB6, 0x1B, 0x7F, 0xF8, 0x9E, 0x94,
    0xDA, 0xB6, 0x43, 0x5E, 0xEA, 0x65, 0xD9, 0xF2, 0xC9, 0x0F, 0x3D, 0x03, 0x5B, 0xDB, 0x43, 0x7C,
    0x4B, 0x67, 0xB0, 0x5B, 0x74, 0x8D, 0x09, 0x76, 0x19, 0xA7, 0x50, 0x14, 0xF6, 0x9A, 0x66, 0x6D,
    0x2F, 0x9B, 0x66, 0x0C, 0xE3, 0x6B, 0x6F, 0xC2, 0x31, 0xF8, 0x20, 0x17, 0x36, 0x0E, 0x1B, 0xFB,
    0xF1, 0x44, 0xEF, 0x61, 0x74, 0x3D, 0x4E, 0x38, 0x86, 0xA9, 0xB8, 0xF2, 0x07, 0xBE, 0x20, 0x3B,
    0x83, 0xA4, 0x0B, 0xB7, 0x08, 0xE8, 0x95, 0x5B, 0x67, 0xD6, 0xA7, 0x40, 0x9D, 0xC8, 0xFF, 0x3F,
    0x63, 0xF8, 0x88, 0x37, 0x74, 0xB2, 0xEB, 0xD7, 0xAE, 0x63, 0xE5, 0xFC, 0x8C, 0x0C, 0x95, 0xA3,
    0xC0, 0xFE, 0xB7, 0xC4, 0xBE, 0x7E, 0x80, 0x97, 0xF3, 0x6A, 0x4B, 0x3A, 0x9A, 0x49, 0x7A, 0x72,
    0x4E, 0x7F, 0x52, 0x76, 0xAF, 0x5C, 0x16, 0x73, 0x25, 0x4D, 0x0D, 0x3B, 0x20, 0xFF, 0xD1, 0x49,
    0xD5, 0xDB, 0x62, 0x76, 0x96, 0x41, 0x83, 0x29, 0xFC, 0xE7, 0x6A, 0x81, 0x45, 0x9D, 0xC5, 0xA0,
    0x0F, 0x8B, 0xF5, 0xFA, 0x5B, 0x60, 0xB7, 0x9D, 0xC1, 0x7E, 0xC5, 0x02, 0xB6, 0x0E, 0x7B, 0x6E,
    0xE4, 0xEC, 0x09, 0xBE, 0x6B, 0x15, 0x55, 0xDC, 0xD7, 0x22, 0xDF, 0x07, 0xBF, 0x7E, 0x16, 0x99,
    0x16, 0x3B, 0xF6, 0x59, 0xC4, 0xEF, 0x51, 0x5B, 0x6F, 0x5F, 0x5B, 0xC5, 0xDC, 0x59, 0x96, 0x9D,
    0xC3, 0xF2, 0xCA, 0x6E, 0xFA, 0x12, 0x64, 0x1E, 0xC6, 0x6E, 0xB2, 0xF2, 0x3E, 0xBD, 0x00, 0xED,
    0x83, 0xF1, 0x21, 0xCB, 0xB0, 0x2E, 0x15, 0x45, 0x1D, 0xDD, 0x0A, 0xD9, 0x4E, 0x23, 0x14, 0xC3,
    0x91, 0x61, 0xAC, 0x7F, 0x4E, 0x26, 0xB4, 0x15, 0xAA, 0x9D, 0xC8, 0xE9, 0x79, 0x45, 0xE2, 0x25,
    0xDE, 0x96, 0xC9, 0x89, 0x83, 0xAB, 0xFB, 0xF2, 0x3A, 0x8D, 0x05, 0x6F, 0xA7, 0x1C, 0x2A, 0x62,
    0xC1, 0xA4, 0x18, 0x90, 0xDD, 0x0D, 0xDB, 0x15, 0xBC, 0xFA, 0x48, 0x62, 0x1B, 0xA4, 0x86, 0x2D,
    0xD6, 0x67, 0xA1, 0x1C, 0xAE, 0x18, 0xEE, 0x60, 0xDD, 0x15, 0xC7, 0x63, 0x76, 0xAF, 0x97, 0x7A,
    0xB2, 0xA2, 0x94, 0x5B, 0x10, 0xC7, 0x41, 0x54, 0xFA, 0xCB, 0xB8, 0xD4, 0xDF, 0x98, 0x42, 0x6B,
    0x93, 0xEA, 0xBF, 0x75, 0x14, 0xAB, 0xD7, 0xF2, 0xA6, 0xD7, 0x37, 0x06, 0xFF, 0xE2, 0x7A, 0xF0,
    0x13, 0xD2, 0xEE, 0x90, 0x42, 0x5E, 0xC7, 0x61, 0x85, 0x6E, 0x79, 0x5F, 0xCD, 0xAE, 0x38, 0x5A,
    0x41, 0xD0, 0x22, 0x5B, 0xEA, 0x2E, 0xE9, 0x19, 0x9B, 0x30, 0x61, 0x7A, 0x57, 0x10, 0xCE, 0xEF,
    0x2F, 0x4F, 0xC3, 0x16, 0xC1, 0x42, 0x66, 0x2A, 0x8E, 0xA4, 0xCE, 0x99, 0x81, 0x67, 0xCA, 0xE0,
    0x97, 0x86, 0x52, 0x0E, 0x59, 0x62, 0xD3, 0xB8, 0xC2, 0x41, 0xD7, 0x1D, 0xA5, 0xFE, 0x24, 0x82,
    0xED, 0x82, 0x29, 0x2A, 0x10, 0xB4, 0x23, 0xBC, 0x57, 0x19, 0xDE, 0x56, 0x86, 0x69, 0x90, 0x61,
    0x53, 0xCB, 0x60, 0xB8, 0x33, 0xEC, 0x06, 0x99, 0x86, 0x5F, 0x8F, 0xE7, 0x66, 0x1D, 0x2B, 0x15,
    0xD0, 0xA8, 0x4B, 0xB0, 0x18, 0x44, 0xED, 0xFA, 0xFA, 0x7C, 0xAF, 0x35, 0xA4, 0x69, 0x66, 0xC3,
    0x35, 0x7C, 0x12, 0x67, 0x94, 0x79, 0x02, 0xF8, 0x0D, 0xED, 0x76, 0x92, 0x2C, 0x10, 0xA4, 0x3D,
    0xEF, 0x48, 0x7E, 0x81, 0x00, 0xE7, 0x2B, 0xE8, 0xE3, 0x22, 0xB7, 0x3E, 0x81, 0x64, 0xDF, 0x06,
    0xF3, 0x53, 0x5E, 0x14, 0xA8, 0x47, 0x5C, 0xF2, 0x39, 0x1C, 0xAD, 0xBF, 0xB2, 0x23, 0x96, 0xD9,
    0xD0, 0x63, 0xF7, 0x33, 0x8E, 0x95, 0x65, 0x58, 0x56, 0x8E, 0x40, 0x0F, 0xF3, 0x35, 0x6E, 0x39,
    0xAB, 0xF2, 0xD0, 0x0A, 0xEE, 0x8F, 0x29, 0x98, 0x95, 0xAE, 0xD8, 0x00, 0x14, 0xBA, 0x09, 0xF0,
    0x2C, 0xFF, 0xEA, 0x84, 0xE5, 0xBD, 0x77, 0x16, 0xF7, 0xA7, 0xB2, 0x72, 0xD1, 0xC2, 0x9C, 0x10,
    0x8E, 0x62, 0x37, 0x3E, 0x99, 0xCC, 0x08, 0x29, 0xB7, 0xF3, 0x57, 0x43, 0x66, 0xA6, 0xB4, 0x9B,
    0x74, 0x1F, 0x15, 0x7D, 0x94, 0xAF, 0x95, 0xF4, 0x10, 0xA2, 0xA6, 0x8B, 0x73, 0x20, 0x05, 0x14,
    0x39, 0x90, 0xC3, 0x34, 0xEA, 0xF2, 0xEB, 0x3E, 0x6C, 0x87, 0x82, 0xEB, 0x51, 0x16, 0xFB, 0xF4,
    0x03, 0xE3, 0xD8, 0x61, 0xC6, 0x77, 0xD0, 0xA5, 0xFD, 0x9F, 0xBF, 0xEF, 0x67, 0xC1, 0x09, 0xB1,
    0x6D, 0x7C, 0x8B, 0x40, 0xA6, 0x05, 0x1A, 0xAC, 0x56, 0xC5, 0x46, 0x80, 0x12, 0xE0, 0x0F, 0xB7,
    0xFB, 0x19, 0x53, 0x2F, 0x30, 0xCA, 0x8B, 0xA3, 0x57, 0xE3, 0xA2, 0x17, 0x0E, 0x0E, 0x62, 0xD4,
    0x9D, 0x1F, 0xF2, 0xDE, 0x78, 0xB2, 0x5A, 0x2F, 0xBF, 0x70, 0x7B, 0xD1, 0x2B, 0xF7, 0x2A, 0xDF,
    0x90, 0xC4, 0x42, 0x06, 0x52, 0x20, 0x07, 0x4A, 0xA0, 0x06, 0x5A, 0x49, 0xF3, 0x37, 0x80, 0x04,
    0x12, 0x4D, 0x73, 0x91, 0xD1, 0x3C, 0x32, 0x34, 0xC7, 0xEA, 0x9B, 0xFB, 0x00, 0xBC, 0xB2, 0x39,
    0x31, 0xD0, 0x86, 0xFB, 0x29, 0xB0, 0xE2, 0x4D, 0x01, 0xE3, 0x40, 0xA5, 0x73, 0x8B, 0xD3, 0xC1,
    0x53, 0x7A, 0x7E, 0x87, 0xA7, 0x34, 0x19, 0x87, 0x1D, 0x46, 0xE2, 0x70, 0x16, 0xD6, 0xB6, 0xF3,
    0xBD, 0x41, 0xCF, 0xB6, 0x72, 0x2C, 0x4C, 0x9C, 0x8A, 0x2C, 0xE4, 0x43, 0x3C, 0x4B, 0xCF, 0x06,
    0xD9, 0x87, 0x53, 0xDD, 0xB0, 0xA8, 0xE4, 0x02, 0xE6, 0xEF, 0x16, 0xE6, 0xE7, 0x5F, 0x30, 0x4C,
    0x70, 0xEF, 0x81, 0xD2, 0x6F, 0x45, 0xE5, 0xB7, 0x21, 0xA3, 0xBE, 0x0B, 0x27, 0x8D, 0x2B, 0xD8,
    0xF5, 0x12, 0xA4, 0x7B, 0x03, 0xE8, 0x43, 0x02, 0x33, 0x11, 0xBB, 0xC6, 0x31, 0x2F, 0xC1, 0xF0,
    0xFA, 0xC4, 0xAC, 0xC6, 0x02, 0x49, 0xCA, 0x3B, 0xF2, 0x3F, 0xD8, 0x51, 0x75, 0x9A, 0x20, 0x92,
    0x1E, 0xBC, 0x65, 0xCE, 0x4C, 0x6D, 0x82, 0xEB, 0xD2, 0xB8, 0xE0, 0x3E, 0xDC, 0x97, 0xEF, 0xB1,
    0xF2, 0x74, 0x49, 0x63, 0xB2, 0xB9, 0x8E, 0xF3, 0x5B, 0x70, 0x05, 0x72, 0x99, 0xC7, 0x4E, 0xEE,
    0x3A, 0xF2, 0xA4, 0xE0, 0x36, 0x31, 0xE4, 0xA7, 0xAC, 0xAC, 0xBB, 0x73, 0x3F, 0xF7, 0xE3, 0xBA,
    0x47, 0xFE, 0x29, 0x7C, 0xE9, 0x01, 0xCC, 0x81, 0x84, 0xFF, 0xDF, 0x27, 0x88, 0x07, 0xE6, 0x44,
    0xF9, 0x9F, 0x27, 0xE5, 0xBB, 0x4F, 0xFE, 0x49, 0x7C, 0xE1, 0xFC, 0x84, 0x1C, 0x3F, 0x01, 0xC9,
    0x7F, 0xB0, 0xDD, 0x3F, 0x07, 0xB0, 0xBC, 0xB5, 0x85, 0xC9, 0x57, 0x70, 0x75, 0xDC, 0xC6, 0x7D,
    0x92, 0x1B, 0xCE, 0x9F, 0xBA, 0x7B, 0x59, 0x86, 0x8F, 0x09, 0x2D, 0x3A, 0x7B, 0x38, 0x52, 0xCA,
    0xE4, 0xA7, 0x6A, 0x26, 0x6E, 0xAA, 0xEF, 0x2D, 0xCC, 0x80, 0x9C, 0x66, 0x80, 0x4C, 0xAA, 0xAF,
    0xD1, 0xA7, 0x10, 0x3D, 0x1C, 0xAD, 0x1A, 0x0A, 0x0F, 0xD8, 0xB2, 0xC0, 0x0B, 0x81, 0x27, 0xEF,
    0x0F, 0x29, 0x19, 0xE7, 0xD6, 0x72, 0xAE, 0xB8, 0x76, 0xB9, 0x62, 0x7F, 0x91, 0x2B, 0xCE, 0xDC,
    0xFF, 0xFC, 0x9D, 0xEB, 0x6D, 0x7B, 0x41, 0x1A, 0x41, 0x1B, 0xE7, 0x7A, 0x35, 0x7B, 0x85, 0xD4,
    0x0F, 0xFD, 0x6C, 0x0E, 0x39, 0xDF, 0xB6, 0x9E, 0x67, 0xA6, 0xC1, 0xCD, 0x5C, 0xD4, 0x07, 0xDA,
    0xAE, 0xA7, 0xD1, 0x32, 0x15, 0x87, 0x1D, 0xD6, 0xD3, 0x83, 0x1F, 0xC8, 0x39, 0x73, 0x8B, 0xC2,
    0xB3, 0x1B, 0xC8, 0x21, 0xE0, 0x8F, 0x18, 0xAE, 0x39, 0x83, 0xC7, 0x2A, 0x3B, 0xF3, 0x52, 0x12,
    0xFF, 0x2E, 0x29, 0x5C, 0x54, 0x3C, 0x99, 0x56, 0x87, 0x2B, 0x83, 0xAA, 0x5D, 0x8E, 0xE0, 0x08,
    0x1D, 0x92, 0x4F, 0x3B, 0x77, 0x47, 0xF8, 0xD9, 0x98, 0x3F, 0x9D, 0xCD, 0xFB, 0xE9, 0xF4, 0xE9,
    0xEA, 0x3C, 0xA1, 0x70, 0x6E, 0xA6, 0x30, 0xBC, 0x5E, 0x5A, 0xB6, 0xDD, 0xDC, 0x99, 0x5B, 0xD8,
    0x27, 0x54, 0x9F, 0xE2, 0x5A, 0xC3, 0xB3, 0xCF, 0xD0, 0xF6, 0xD8, 0xE6, 0x8E, 0xAC, 0xF8, 0xAC,
    0x60, 0xE1, 0xAF, 0x9C, 0xE4, 0x77, 0xC2, 0xB4, 0x09, 0x4C, 0x62, 0xFA, 0x08, 0x2E, 0x94, 0xE4,
    0x1C, 0x7A, 0xE1, 0x63, 0x79, 0x3F, 0xE6, 0x4D, 0xFF, 0x2F, 0x64, 0xA4, 0xE9, 0xB4, 0x69, 0x38,
    0xE9, 0x3F, 0x92, 0xEF, 0x98, 0x8C, 0xDB, 0x47, 0x2C, 0x1E, 0xD2, 0x59, 0x7B, 0x56, 0xF6, 0xE1,
    0xDC, 0xF6, 0x73, 0x40, 0xC4, 0x83, 0x65, 0xC7, 0x9E, 0x8F, 0xDD, 0x0C, 0xE8, 0x36, 0x07, 0x33,
    0x70, 0x28, 0x9D, 0xC7, 0x32, 0x73, 0xF3, 0x2F, 0x34, 0x2E, 0xC5, 0xB6, 0xC6, 0xE2, 0x29, 0xB3,
    0x68, 0xD6, 0x59, 0xF4, 0x96, 0x45, 0x8F, 0x77, 0xCB, 0xB7, 0x5F, 0xDB, 0x1B, 0x63, 0x98, 0x0B,
    0x15, 0x74, 0xA3, 0x3B, 0xF7, 0x54, 0x0A, 0xDB, 0xDE, 0xB9, 0x0F, 0x57, 0xD8, 0x7A, 0x32, 0x68,
    0x99, 0xEC, 0x3B, 0x05, 0x31, 0xB9, 0x43, 0x3B, 0x4E, 0xC2, 0xF1, 0x38, 0xB1, 0x88, 0xBC, 0xD7,
    0xEE, 0xDC, 0x6D, 0x01, 0xC4, 0xCF, 0x6A, 0x81, 0xF5, 0xFA, 0x0D, 0xF0, 0xD9, 0x62, 0xE7, 0x2B,
    0x8F, 0x13, 0xD7, 0x8B, 0x84, 0x73, 0x58, 0xB8, 0x88, 0x9E, 0x1A, 0x77, 0xF8, 0xCA, 0xA7, 0xCF,
    0x23, 0x49, 0xED, 0xC9, 0xC6, 0x03, 0xBF, 0xCA, 0xE2, 0xDB, 0x6B, 0xF0, 0x5A, 0xE0, 0x98, 0x31,
    0x78, 0xB4, 0x3E, 0x86, 0xBB, 0x78, 0xAD, 0x27, 0xDF, 0xF6, 0xF1, 0x3A, 0x44, 0xA7, 0x5B, 0x75,
    0x3B, 0x74, 0xEA, 0xD7, 0xCF, 0xB0, 0x06, 0x5A, 0x9B, 0x33, 0x73, 0x79, 0x37, 0xB6, 0x81, 0x70,
    0x84, 0x8E, 0x00, 0x66, 0xA1, 0x62, 0x73, 0xA7, 0xFF, 0x8E, 0xB8, 0x17, 0xF3, 0x98, 0x43, 0x7E,
    0x9F, 0xE7, 0xE3, 0xAD, 0x84, 0x9E, 0xEA, 0x77, 0x16, 0xF6, 0xBA, 0xD2, 0x5E, 0x16, 0x7D, 0x62,
    0xB3, 0x0E, 0x76, 0xCE, 0x6E, 0x9F, 0xDC, 0x4D, 0x45, 0xEA, 0x76, 0x52, 0xEF, 0x70, 0x52, 0x23,
    0xC7, 0x74, 0x93, 0x11, 0xDB, 0x4E, 0xEE, 0x1D, 0xCC, 0x8D, 0x1D, 0x6D, 0x8F, 0x5D, 0x80, 0xB7,
    0x0E, 0x7C, 0xCD, 0x75, 0xA7, 0x71, 0xCB, 0xB6, 0xB8, 0x41, 0x16, 0x44, 0x42, 0x32, 0x0A, 0xCB,
    0xBE, 0x3C, 0x92, 0xDE, 0xC7, 0xE7, 0x44, 0x6D, 0x82, 0x49, 0x98, 0x51, 0x04, 0x2F, 0x29, 0xA0,
    0x69, 0x27, 0x1A, 0xBD, 0x78, 0x00, 0x9B, 0x20, 0x31, 0xE9, 0x7B, 0x12, 0x6F, 0x31, 0x91, 0x29,
    0x5F, 0x28, 0x70, 0x2F, 0xAC, 0xD4, 0x14, 0x28, 0x38, 0x8B, 0xDF, 0x73, 0xE6, 0xCB, 0x9E, 0x68,
    0xDF, 0x8F, 0x17, 0x7B, 0x26, 0x2D, 0x78, 0x55, 0x6E, 0xE7, 0x5E, 0x44, 0x1E, 0xB2, 0xB2, 0x3F,
    0x1F, 0x38, 0x58, 0x6B, 0xF6, 0x67, 0x2D, 0x61, 0x49, 0x58, 0x3B, 0x51, 0xC7, 0x3F, 0x6B, 0x19,
    0x39, 0x0E, 0xD3, 0x14, 0x56, 0x03, 0x10, 0x19, 0xAD, 0xE1, 0xC3, 0x2F, 0x4A, 0x19, 0xFF, 0x08,
    0x77, 0xF2, 0xC7, 0x42, 0xCA, 0xFF, 0x16, 0x72, 0xF6, 0x73, 0x21, 0xAF, 0x7F, 0x2D, 0x64, 0xFD,
    0x3E, 0x4F, 0xAA, 0x0C, 0xD0, 0x70, 0x68, 0xE1, 0xE8, 0xDA, 0x03, 0x3F, 0x08, 0x1E, 0x91, 0xFF,
    0x06, 0x4E, 0x3E, 0xE3, 0x7B, 0xE0, 0x52, 0xBC, 0xAC, 0x66, 0xF1, 0x0F, 0xE5, 0x2C, 0x01, 0xE4,
    0x5B, 0xC8, 0xFD, 0xB9, 0x48, 0x2E, 0x7F, 0xCD, 0x93, 0xD7, 0xEF, 0xF3, 0xB8, 0x36, 0xB9, 0xA8,
    0xEC, 0xF1, 0xBF, 0x8A, 0x0A, 0x8C, 0x78, 0x8C, 0xAF, 0x3D, 0x10, 0x10, 0x25, 0x3F, 0x55, 0xC0,
    0x49, 0x17, 0x95, 0x54, 0xCC, 0x3E, 0x68, 0x38, 0x35, 0xD9, 0xBA, 0x50, 0x82, 0x7F, 0x4F, 0xC4,
    0xD6, 0x7D, 0x9F, 0x65, 0x1E, 0x91, 0xCF, 0x3F, 0x2C, 0x80, 0xEC, 0xC2, 0xCA, 0x2E, 0xED, 0xB1,
    0x83, 0x0A, 0x6B, 0x9E, 0x1C, 0x19, 0xF9, 0x2D, 0x76, 0x11, 0xFB, 0x8C, 0xD6, 0xFD, 0x1C, 0x86,
    0x5F, 0x4A, 0x32, 0x1C, 0x0B, 0xB1, 0x4C, 0xED, 0x4E, 0x02, 0x39, 0x11, 0xC2, 0x39, 0x24, 0xBF,
    0xFC, 0x8C, 0xC2, 0x1A, 0x93, 0x16, 0x08, 0x70, 0xBD, 0xB2, 0x1A, 0x13, 0x8D, 0x61, 0x24, 0xF9,
    0xC1, 0x2E, 0xC8, 0x02, 0xD6, 0xAF, 0x0F, 0x5B, 0x77, 0x7C, 0xC5, 0xE7, 0x62, 0xEC, 0x11, 0xB3,
    0x89, 0xE8, 0x9D, 0x45, 0x0F, 0x87, 0x93, 0x2D, 0xFE, 0x85, 0x0F, 0xE7, 0x23, 0xF5, 0xDA, 0x91,
    0x12, 0xCB, 0xDF, 0x74, 0xEF, 0xB0, 0x6C, 0x5C, 0xA1, 0xA8, 0xE5, 0xDB, 0x40, 0x30, 0x53, 0x68,
    0x85, 0xA4, 0xA8, 0x66, 0xF1, 0x98, 0xBF, 0xAE, 0x8C, 0x1D, 0xF3, 0x4F, 0xC6, 0x6D, 0x2B, 0x17,
    0x7F, 0x38, 0xB7, 0x31, 0x4F, 0x6A, 0x2A, 0x6E, 0xDB, 0x9E, 0xD4, 0x11, 0xDC, 0xF8, 0x77, 0x6B,
    0x95, 0x34, 0x55, 0xA6, 0xBE, 0x36, 0x47, 0xA6, 0x70, 0x7F, 0x07, 0xB5, 0x59, 0xBF, 0x73, 0xDC,
    0xC6, 0x15, 0x7E, 0x07, 0xC8, 0x07, 0xCB, 0x88, 0x06, 0x2D, 0x3D, 0x4A, 0x06, 0x29, 0x58, 0x28,
    0x33, 0x19, 0xA3, 0x51, 0xE1, 0x14, 0xC4, 0x6E, 0xE4, 0xC2, 0x85, 0x0B, 0xFD, 0x09, 0x76, 0x99,
    0x8E, 0x2A, 0x52, 0x1E, 0xB9, 0xB0, 0x54, 0xB8, 0x48, 0xC3, 0x3F, 0x21, 0x33, 0xF9, 0x03, 0xD4,
    0xAA, 0xA0, 0x6E, 0x61, 0xB9, 0x48, 0x91, 0x22, 0x1B, 0xBB, 0x48, 0x19, 0x38, 0xF1, 0x8C, 0x4B,
    0x21, 0x1E, 0x4C, 0x06, 0xD4, 0xE0, 0xB0, 0xF9, 0xDE, 0x2E, 0xEE, 0x07, 0xC9, 0x23, 0x79, 0x3C,
    0x9E, 0x8F, 0xF8, 0x44, 0x1D, 0x80, 0x7D, 0xFB, 0xF6, 0xBD, 0xB7, 0xDF, 0x7B, 0x6F, 0x49, 0x14,
    0x34, 0xE4, 0x10, 0x36, 0x74, 0xF8, 0x9F, 0x3A, 0xB0, 0xB6, 0x8A, 0xAD, 0x2D, 0x93, 0x4A, 0x95,
    0x19, 0x7E, 0x44, 0x91, 0x18, 0xA0, 0x12, 0xF2, 0x02, 0xF8, 0x5E, 0x91, 0x1A, 0x7E, 0x07, 0xEF,
    0x16, 0x18, 0x43, 0xA1, 0x9D, 0x11, 0xA9, 0x8A, 0x20, 0xAB, 0x76, 0x80, 0xBC, 0xD0, 0xDA, 0x3A,
    0x81, 0xBC, 0x14, 0xF2, 0x44, 0x99, 0x96, 0x7E, 0xDC, 0x0A, 0xCA, 0xCC, 0xF0, 0x33, 0xBC, 0x23,
    0x2F, 0x8D, 0xA7, 0xB8, 0x9A, 0x05, 0xD6, 0x00, 0x72, 0x16, 0x74, 0xB4, 0x09, 0xFA, 0xA0, 0xA5,
    0x69, 0xD8, 0x92, 0xFA, 0xB4, 0x21, 0x61, 0x6B, 0x4A, 0xAD, 0xA1, 0x71, 0x0F, 0x91, 0x94, 0x94,
    0x8C, 0x3E, 0xB4, 0x8C, 0xA2, 0x0F, 0x7B, 0xEA, 0x31, 0xC5, 0x45, 0x4C, 0x07, 0x68, 0x80, 0xC7,
    0x67, 0x40, 0x64, 0x4F, 0x30, 0xFE, 0x8B, 0x47, 0x44, 0x93, 0x57, 0x44, 0xA9, 0x81, 0x6E, 0x92,
    0x25, 0x2A, 0x23, 0x6A, 0xD5, 0x02, 0x9D, 0xA8, 0x27, 0xC7, 0x41, 0x3D, 0x11, 0x61, 0x35, 0xC9,
    0x42, 0x33, 0x49, 0xA3, 0x72, 0x92, 0xC6, 0x40, 0x52, 0x00, 0x72, 0x92, 0xA6, 0x34, 0x49, 0x33,
    0x9A, 0x64, 0x39, 0x4D, 0xC4, 0x01, 0x4D, 0x8E, 0x27, 0xA4, 0x3A, 0x8D, 0xB1, 0x80, 0xD1, 0x58,
    0xE7, 0x17, 0xFB, 0x2C, 0x5B, 0x99, 0xD4, 0xA8, 0x36, 0x94, 0xAA, 0xC3, 0xB7, 0x63, 0x40, 0x40,
    0x6E, 0x06, 0xA4, 0x0C, 0xC8, 0x4F, 0x17, 0xB2, 0xBD, 0xDC, 0x0C, 0x72, 0xC5, 0x47, 0x78, 0xF7,
    0x00, 0xF2, 0x14, 0xE4, 0x01, 0x46, 0xD5, 0x94, 0x43, 0x5E, 0x0E, 0x5D, 0x73, 0xE8, 0x9A, 0x43,
    0xD7, 0x1C, 0xCA, 0x02, 0x71, 0x2F, 0xEA, 0x0C, 0x10, 0xC0, 0x51, 0x1E, 0xD4, 0xA7, 0x79, 0x68,
    0x4E, 0xF3, 0xA8, 0x3C, 0xCD, 0xE3, 0xE2, 0x34, 0x4F, 0xE4, 0x69, 0x9E, 0xD2, 0x69, 0xFE, 0x11,
    0x1D, 0xE5, 0x07, 0x24, 0x7A, 0x55, 0xA7, 0x40, 0x04, 0x99, 0x13, 0x0A, 0xB6, 0x44, 0x54, 0xAB,
    0x99, 0xAA, 0x80, 0x52, 0xCD, 0x8E, 0xD9, 0x07, 0xB0, 0x9B, 0x28, 0x4F, 0x1D, 0x52, 0x79, 0x8A,
    0x3B, 0x1E, 0x98, 0x7B, 0x43, 0x68, 0xBB, 0x04, 0x7C, 0xC1, 0xF2, 0x20, 0xD6, 0x02, 0x88, 0x9D,
    0xA4, 0xA1, 0xDF, 0x12, 0xEC, 0x41, 0x4A, 0x7A, 0xF0, 0xFF, 0x69, 0x40, 0x76, 0x23, 0x8E, 0x00,
    0x25, 0x33, 0x12, 0x4D, 0x46, 0x29, 0x10, 0xD4, 0x19, 0x39, 0xF9, 0x04, 0xDD, 0x53, 0xC8, 0xCF,
    0xE0, 0x98, 0xAC, 0x82, 0x1F, 0xB1, 0x36, 0xE0, 0x08, 0x38, 0x06, 0xD4, 0x1C, 0x87, 0xC0, 0x4B,
    0xDC, 0x7B, 0x8B, 0x67, 0xC0, 0xC4, 0x0E, 0xD0, 0x80, 0xE2, 0xF8, 0x88, 0x00, 0x81, 0x18, 0x11,
    0xF0, 0x21, 0x3B, 0x25, 0x2E, 0x38, 0x9E, 0xE0, 0x47, 0x20, 0x2E, 0x8E, 0x30, 0xDD, 0x31, 0xA0,
    0xB2, 0xB8, 0x74, 0x38, 0x04, 0x5E, 0xC6, 0xE5, 0xF1, 0xDB, 0xB8, 0x3C, 0x02, 0x26, 0x76, 0x80,
    0x06, 0x14, 0x20, 0x06, 0x64, 0xB1, 0x8B, 0x37, 0x1F, 0xE3, 0x69, 0x81, 0x80, 0x95, 0x14, 0xC3,
    0x26, 0x71, 0xCB, 0x7B, 0x09, 0xF1, 0x9A, 0xD4, 0x1E, 0x91, 0xE1, 0xB8, 0xCD, 0xCE, 0x42, 0xA3,
    0x2C, 0xE3, 0x05, 0xE2, 0xE9, 0x1B, 0x33, 0x49, 0x80, 0xF8, 0x66, 0xF8, 0xF1, 0x98, 0x03, 0x7B,
    0x08, 0x90, 0x14, 0xC2, 0x26, 0x27, 0xFB, 0x34, 0x6A, 0x61, 0x17, 0x0D, 0x0A, 0xC9, 0x30, 0xFD,
    0x98, 0xFC, 0x47, 0xE0, 0x55, 0x81, 0xBD, 0x8C, 0x70, 0x74, 0xCF, 0xFA, 0xD6, 0xBD, 0x17, 0x34,
    0x1D, 0x76, 0xF6, 0x14, 0xD0, 0x14, 0x55, 0x8A, 0x1C, 0x9B, 0x58, 0x5B, 0xA4, 0xE0, 0x88, 0x0C,
    0x60, 0x4E, 0x61, 0x7E, 0x51, 0x32, 0xC1, 0x1B, 0x71, 0x1D, 0xC8, 0x93, 0x88, 0x59, 0xC9, 0x90,
    0x26, 0xDA, 0x63, 0xC1, 0xB1, 0x3D, 0x49, 0x6D, 0x9B, 0xD8, 0xEE, 0xDE, 0x08, 0xFB, 0x7A, 0x3A,
    0xB6, 0x16, 0xE3, 0x94, 0xB5, 0x5A, 0x6A, 0x4D, 0x1A, 0xFF, 0x2A, 0x77, 0x67, 0x6C, 0xCF, 0x2E,
    0x8F, 0x55, 0xEE, 0x4D, 0x5C, 0x7C, 0xE7, 0xA6, 0x6B, 0xF1, 0xF2, 0x78, 0x54, 0x50, 0xF2, 0xB7,
    0x0A, 0x66, 0x85, 0xBB, 0x98, 0x4B, 0xF6, 0xFD, 0x12, 0x99, 0xAE, 0xE6, 0xA0, 0xEB, 0x60, 0x03,
    0xC8, 0x83, 0xBD, 0x04, 0xFB, 0xE5, 0x1A, 0x9B, 0x1D, 0x56, 0x14, 0x40, 0x18, 0x73, 0x29, 0x73,
    0xEA, 0xD6, 0xFC, 0x7B, 0x8D, 0x7C, 0x7E, 0x87, 0xB9, 0x76, 0xE0, 0x63, 0xB3, 0x09, 0x1F, 0xC3,
    0x8E, 0x04, 0x43, 0x12, 0x5B, 0x92, 0x4D, 0xE3, 0x6D, 0xC9, 0xA6, 0x10, 0xF2, 0x36, 0xB0, 0xD8,
    0x5D, 0x30, 0x2B, 0xA9, 0x2F, 0x2D, 0x4C, 0x31, 0x03, 0x37, 0xB7, 0x90, 0x79, 0x42, 0x6B, 0xFC,
    0x24, 0xFB, 0xB5, 0x17, 0xE4, 0x88, 0xA2, 0x17, 0xA6, 0xCF, 0x6C, 0x9F, 0xD8, 0x7E, 0x64, 0x7F,
    0x08, 0x2D, 0xAF, 0xA9, 0x72, 0xFA, 0x44, 0x5F, 0xD7, 0x94, 0x7C, 0xD7, 0xB8, 0xDF, 0xB7, 0xD5,
    0xEF, 0x2A, 0xDD, 0x20, 0xDB, 0x8B, 0x87, 0x50, 0xC8, 0xF6, 0xA2, 0x37, 0x57, 0x8F, 0xEE, 0xF3,
    0x7E, 0x1B, 0x18, 0x64, 0xFF, 0x15, 0x65, 0xB2, 0xA3, 0x94, 0x5E, 0xDD, 0x51, 0xBD, 0x7E, 0xA1,
    0x1E, 0x6C, 0xC7, 0x1B, 0x1C, 0x7B, 0x32, 0x63, 0x9A, 0x4F, 0xF7, 0x26, 0x42, 0xCE, 0x52, 0xC7,
    0xAA, 0xB7, 0x50, 0xF2, 0x2F, 0x1C, 0xA3, 0x85, 0x57, 0x72, 0x6F, 0xF7, 0x4A, 0x06, 0xB2, 0x88,
    0x7E, 0x84, 0x7F, 0x4B, 0x3C, 0xDB, 0x52, 0xC3, 0x5F, 0x0F, 0xA9, 0x42, 0x41, 0xC3, 0x5F, 0xFC,
    0x0C, 0x66, 0x2C, 0x28, 0xAC, 0x5C, 0x15, 0xD4, 0xD1, 0xD6, 0x66, 0x1C, 0x43, 0x10, 0x68, 0x89,
    0xB7, 0x17, 0xBD, 0x37, 0xD2, 0x85, 0xDF, 0x7B, 0xD8, 0x62, 0xD6, 0x7A, 0x48, 0xDE, 0x6E, 0xD8,
    0xB0, 0x46, 0x15, 0xFC, 0x4E, 0x64, 0x79, 0x8B, 0x22, 0xB6, 0xA0, 0x84, 0x03, 0x3E, 0x23, 0x24,
    0xCD, 0xB0, 0x99, 0xB9, 0xDF, 0x97, 0x68, 0xD4, 0x0E, 0x34, 0x7A, 0xC6, 0x34, 0x3A, 0x73, 0x34,
    0x8A, 0x04, 0x8B, 0x22, 0x49, 0xD0, 0x75, 0x14, 0xBA, 0x36, 0x84, 0x37, 0x67, 0xD1, 0x55, 0xF5,
    0x5C, 0x02, 0x4F, 0x4B, 0xFF, 0x7B, 0xD7, 0xEA, 0xD1, 0x81, 0xF3, 0xEF, 0xC1, 0xED, 0x48, 0x1E,
    0x7E, 0xAC, 0x1C, 0x56, 0x3F, 0xA9, 0xF5, 0xD5, 0x1B, 0x63, 0xDA, 0x3A, 0xB5, 0xE8, 0x1D, 0x5C,
    0xFD, 0xBF, 0x96, 0xC2, 0x9F, 0x6C, 0xC9, 0x88, 0xFE, 0x8D, 0x22, 0xF7, 0xDB, 0x16, 0xAA, 0xB5,
    0x2E, 0x0C, 0x32, 0x40, 0x3C, 0x07, 0x9E, 0xD8, 0x5A, 0x01, 0x3A, 0xB0, 0x5C, 0x0C, 0x13, 0x63,
    0xF5, 0x13, 0xB7, 0x6E, 0x39, 0x4C, 0x90, 0xD5, 0xBD, 0x14, 0xAC, 0x98, 0xBC, 0xA9, 0x23, 0xFB,
    0xA6, 0xC6, 0xF2, 0x6A, 0x78, 0xB9, 0x56, 0xD8, 0x8B, 0x47, 0x80, 0x88, 0x79, 0x7A, 0x6B, 0x70,
    0xBF, 0x0A, 0xDB, 0xCC, 0x50, 0x7A, 0x46, 0x23, 0x98, 0x21, 0x02, 0xB1, 0x26, 0x6D, 0x44, 0x69,
    0xE5, 0xE3, 0x43, 0x14, 0x03, 0xA4, 0x28, 0x1C, 0x3E, 0x81, 0x9C, 0x17, 0x00, 0x0C, 0x95, 0x31,
    0x3D, 0x37, 0x82, 0xC7, 0x14, 0xD0, 0xA3, 0xA0, 0xEC, 0x1D, 0x48, 0xFC, 0x0C, 0xA4, 0x64, 0x5D,
    0x94, 0x81, 0xA8, 0x51, 0x4A, 0x01, 0x05, 0xF0, 0x95, 0xAD, 0x1C, 0xF0, 0x3D, 0xAB, 0xB4, 0x7B,
    0xCE, 0x49, 0x61, 0x64, 0xB5, 0xDF, 0x37, 0x20, 0xD7, 0xFB, 0x23, 0x8C, 0x01, 0xB9, 0xF1, 0x5A,
    0x5D, 0x32, 0xDB, 0x07, 0x3D, 0x1D, 0xA3, 0xC0, 0xC9, 0x40, 0xF4, 0x11, 0x5C, 0x38, 0x2A, 0xFD,
    0x22, 0x1F, 0x82, 0x8B, 0xB1, 0xC6, 0x90, 0xD7, 0xD9, 0x06, 0xC5, 0x65, 0x5D, 0x13, 0xB3, 0x00,
    0x27, 0xA8, 0x32, 0x41, 0xE9, 0x9A, 0x98, 0xA4, 0x49, 0x0D, 0x74, 0x35, 0x58, 0xA7, 0xC1, 0x24,
    0x86, 0xFE, 0x8C, 0x9A, 0xB9, 0x7B, 0x8D, 0xE9, 0xDB, 0xA1, 0x6E, 0x9E, 0x27, 0xA2, 0x77, 0xBC,
    0x86, 0xC2, 0x85, 0x45, 0x8D, 0x35, 0x63, 0xAD, 0xE7, 0x7E, 0x78, 0xED, 0x95, 0xDB, 0x25, 0x6E,
    0xED, 0x23, 0xAD, 0x17, 0x33, 0x3F, 0x70, 0x6B, 0xE8, 0x21, 0xBE, 0xA3, 0xB1, 0x4F, 0x1E, 0x6B,
    0x93, 0x13, 0xC2, 0x04, 0x5B, 0x1D, 0x89, 0x3E, 0xEC, 0x48, 0x47, 0x2D, 0x69, 0xD4, 0x3F, 0x1A,
    0x8B, 0xD0, 0x4A, 0x92, 0x46, 0x4C, 0xE9, 0x19, 0xE7, 0x64, 0x40, 0xE1, 0x1E, 0x8A, 0x3A, 0x8D,
    0xE2, 0xD1, 0xBD, 0x1B, 0xF4, 0xE4, 0xC6, 0x91, 0x2A, 0x34, 0xAC, 0xCB, 0x26, 0xCA, 0xE7, 0x26,
    0x6A, 0x96, 0x26, 0x12, 0xF2, 0x22, 0x40, 0x29, 0x4F, 0x66, 0x24, 0x3E, 0x41, 0x0C, 0x3D, 0x85,
    0xEF, 0x3F, 0x47, 0x0C, 0x40, 0x1F, 0x81, 0xB9, 0x38, 0xEF, 0x0B, 0x5D, 0xFA, 0xFB, 0x9F, 0x76,
    0x78, 0xCF, 0x93, 0x91, 0x90, 0x98, 0x7C, 0xCB, 0xA4, 0xCF, 0x49, 0x3A, 0x76, 0x49, 0x1A, 0x13,
    0xA8, 0xC6, 0x6F, 0x4B, 0x31, 0xD4, 0xAB, 0x02, 0xBE, 0x4C, 0xEB, 0x2D, 0x12, 0x7E, 0xEF, 0x7D,
    0x95, 0x98, 0xA1, 0xB6, 0x06, 0xB2, 0xC6, 0x15, 0xD6, 0x2C, 0xC7, 0x15, 0x04, 0xAB, 0x9F, 0x9F,
    0x51, 0xF7, 0xAB, 0xE6, 0xDB, 0xD5, 0x7A, 0xAE, 0x2A, 0x92, 0xC0, 0x2A, 0xD5, 0x80, 0xD2, 0x0F,
    0x80, 0x0C, 0xC4, 0x05, 0x98, 0x6A, 0xD8, 0x04, 0x2D, 0x3B, 0x14, 0xB1, 0x78, 0x38, 0x14, 0xD6,
    0xB1, 0x2B, 0xAE, 0x3F, 0x44, 0xA5, 0xE4, 0xE8, 0x0D, 0xF3, 0x8E, 0x91, 0xB1, 0xAE, 0x92, 0x9F,
    0x7A, 0x2A, 0x64, 0x9C, 0x97, 0xCD, 0xFB, 0x43, 0x41, 0x2C, 0x53, 0x19, 0x67, 0x86, 0x91, 0x9D,
    0x47, 0x19, 0xC7, 0xBD, 0xDB, 0x7D, 0x1F, 0x8E, 0xAC, 0xC4, 0x1C, 0x98, 0xBE, 0xA3, 0x0F, 0xD6,
    0x16, 0x4E, 0x60, 0x32, 0x7F, 0x51, 0x78, 0xE3, 0xD5, 0xFC, 0x26, 0x6E, 0x40, 0x90, 0xCA, 0x9A,
    0xB8, 0xDF, 0x59, 0x2F, 0xAB, 0x8C, 0xB7, 0xF8, 0xDD, 0x7B, 0x58, 0xDF, 0xB3, 0x5E, 0xC4, 0xB6,
    0x3D, 0x2C, 0x7A, 0x6C, 0x77, 0xC4, 0x41, 0x69, 0xE7, 0xB3, 0xD6, 0xAF, 0x68, 0xB7, 0x54, 0x47,
    0x27, 0x9E, 0x42, 0x39, 0xBC, 0xD8, 0x8D, 0x8F, 0x76, 0x4F, 0x75, 0x39, 0xD2, 0xCA, 0x79, 0x7C,
    0x53, 0xCF, 0x21, 0xEC, 0x12, 0xAB, 0xF7, 0x3D, 0xFE, 0x59, 0xE5, 0xB1, 0x35, 0x39, 0xFA, 0xB6,
    0x1C, 0xF9, 0xF4, 0x21, 0x64, 0x29, 0xC8, 0xE4, 0x3E, 0x48, 0xFD, 0xDE, 0x4A, 0xD4, 0x43, 0xC5,
    0x90, 0x44, 0xE6, 0xC9, 0x84, 0x81, 0xFB, 0x5C, 0x2B, 0x21, 0x36, 0x10, 0xA2, 0x0A, 0x5B, 0x46,
    0x69, 0x83, 0x31, 0xD2, 0xFB, 0xB7, 0xF0, 0x49, 0xE5, 0x22, 0xD8, 0x0C, 0x23, 0x3C, 0xE7, 0xF6,
    0x90, 0xC0, 0x6E, 0x14, 0xF9, 0x4A, 0xE1, 0x35, 0xF6, 0xB6, 0x66, 0x14, 0x40, 0x09, 0xA0, 0x2A,
    0xD0, 0x0D, 0xD0, 0x09, 0x9A, 0xBE, 0x06, 0x04, 0x90, 0x29, 0x9A, 0x26, 0x9A, 0xA6, 0xE8, 0x5D,
    0xA7, 0x21, 0x10, 0x00, 0xB0, 0xC1, 0x94, 0x18, 0x78, 0xC6, 0xFC, 0x50, 0xB0, 0x17, 0x23, 0x26,
    0x70, 0x49, 0x1F, 0x78, 0x07, 0x16, 0xC2, 0x22, 0x90, 0x3B, 0xB0, 0xAF, 0xF0, 0x75, 0x99, 0xB4,
    0x6B, 0x2F, 0x1E, 0x8C, 0x72, 0xC4, 0x9B, 0xF7, 0x63, 0x72, 0xAD, 0xB2, 0xAB, 0x5E, 0xFE, 0x58,
    0xFB, 0xDF, 0xF3, 0x4A, 0x66, 0x0A, 0x1F, 0xCE, 0xCE, 0xF7, 0xAB, 0x2B, 0x95, 0xCC, 0xB2, 0x5F,
    0x2D, 0xD2, 0x72, 0xB5, 0x92, 0x21, 0xB4, 0x79, 0x59, 0xC1, 0x7B, 0xDA, 0x57, 0x23, 0xB9, 0xAB,
    0xAA, 0xBF, 0x2B, 0xF9, 0xB2, 0xC5, 0x2D, 0x4A, 0x1A, 0xD7, 0x35, 0xC0, 0x9A, 0x01, 0x86, 0x47,
    0xF8, 0x1A, 0x14, 0x3B, 0x2D, 0x6B, 0x88, 0x9E, 0x41, 0x26, 0xD3, 0xA2, 0x3F, 0xCF, 0xA0, 0x07,
    0x77, 0x2C, 0x6D, 0xD6, 0xC6, 0x3E, 0x9C, 0x73, 0xF8, 0x96, 0xCB, 0x16, 0x4E, 0x0F, 0xB0, 0x92,
    0x06, 0xF1, 0x83, 0x1E, 0x9F, 0xA3, 0x10, 0x7E, 0x81, 0x32, 0xE5, 0xB3, 0x7F, 0x55, 0xE2, 0xE9,
    0xDF, 0x2B, 0x71, 0xF8, 0xB4, 0x12, 0x1A, 0xB4, 0x3D, 0x03, 0x3A, 0xA4, 0x87, 0x06, 0xE9, 0xA1,
    0xF6, 0x05, 0x72, 0xC2, 0x7D, 0xD8, 0x4B, 0xF4, 0xDD, 0x34, 0x04, 0xD6, 0xA5, 0x39, 0x46, 0x98,
    0xE3, 0x47, 0xBF, 0x77, 0x5D, 0x4A, 0x40, 0x64, 0x7D, 0x3D, 0xC8, 0xFF, 0x13, 0x64, 0x7F, 0x0E,
    0xD9, 0x3D, 0xCB, 0x45, 0x4A, 0xA8, 0x7D, 0x4A, 0x70, 0xE5, 0x0F, 0x7A, 0xDA, 0x7B, 0x18, 0x1D,
    0x20, 0x1E, 0xB0, 0x3D, 0x28, 0xFE, 0x89, 0x7D, 0x0D, 0xB2, 0x7A, 0xF6, 0xCB, 0x9D, 0x9E, 0x5D,
    0xDC, 0x0F, 0x64, 0xF6, 0x59, 0x99, 0xFE, 0xB5, 0x0E, 0xEB, 0x8E, 0xCC, 0xE3, 0xDB, 0x95, 0xB5,
    0x6C, 0x56, 0xEE, 0x4E, 0xEA, 0x53, 0xCC, 0x77, 0xB0, 0x4C, 0x81, 0x3B, 0xD2, 0x0D, 0xDB, 0x07,
    0x55, 0x77, 0xFC, 0xA6, 0x4E, 0xCA, 0x66, 0xF0, 0xFE, 0xC6, 0xBA, 0xBD, 0x8F, 0x38, 0x17, 0xDC,
    0x72, 0xF2, 0x99, 0xC8, 0xF7, 0x98, 0xBF, 0x7C, 0xE6, 0x55, 0x03, 0x57, 0x2D, 0x70, 0xB1, 0x3C,
    0x02, 0xDF, 0x2C, 0x20, 0xD7, 0x94, 0x4F, 0xF0, 0xCD, 0x1C, 0x5C, 0xD2, 0xC5, 0xDF, 0xD6, 0x14,
    0xFD, 0x17, 0xF1, 0x09, 0x7E, 0xA0, 0xC7, 0x0F, 0x2E, 0x96, 0x1B, 0x92, 0xFD, 0x99, 0xF9, 0xF3,
    0xE4, 0x65, 0x83, 0xC5, 0xE0, 0x13, 0xB5, 0x1F, 0xC6, 0x92, 0xDF, 0xF1, 0x25, 0x33, 0x53, 0x05,
    0x48, 0x83, 0xCF, 0x71, 0xFF, 0xD1, 0x50, 0x5C, 0xB6, 0x4B, 0x53, 0xEE, 0x48, 0xDF, 0x2B, 0x7D,
    0xB5, 0xA5, 0xBE, 0xB0, 0x2F, 0xCC, 0x0B, 0xEB, 0xC2, 0xB8, 0xDE, 0xB6, 0xDB, 0x9D, 0x5B, 0xED,
    0xBD, 0x47, 0x74, 0x84, 0xB2, 0x87, 0x7D, 0xC5, 0x71, 0x1E, 0x48, 0x73, 0xB7, 0x73, 0xAB, 0x4B,
    0x31, 0xB3, 0x9D, 0x5E, 0x01, 0x1F, 0xD5, 0xF2, 0x52, 0x63, 0xE4, 0x30, 0x7F, 0x24, 0x79, 0x27,
    0xBD, 0x96, 0xFB, 0xB8, 0x3B, 0xBF, 0x8F, 0x77, 0x74, 0x9E, 0x76, 0x9D, 0xFC, 0x6D, 0xCE, 0xD3,
    0x36, 0x88, 0x97, 0xBB, 0x9D, 0xFF, 0x5D, 0x23, 0x7F, 0x1B, 0x7D, 0xF7, 0xC6, 0x43, 0x1C, 0x3D,
    0x35, 0x43, 0x1C, 0x9D, 0x0C, 0xDE, 0x47, 0x2D, 0x80, 0xAE, 0xDF, 0xD5, 0x12, 0x68, 0x9B, 0x14,
    0xF2, 0xB4, 0xAF, 0x19, 0xAC, 0xFF, 0xEE, 0x6A, 0x0C, 0x7E, 0x8E, 0xBA, 0x01, 0x94, 0xA3, 0xF8,
    0xEF, 0x32, 0x41, 0xE7, 0x6B, 0x0A, 0xF7, 0x9E, 0xAF, 0x39, 0x20, 0x1F, 0xE2, 0x21, 0x1D, 0xC2,
    0xBD, 0xEC, 0xB1, 0x6D, 0x31, 0x98, 0x2F, 0x79, 0x4F, 0xB9, 0x54, 0x78, 0xD5, 0xC5, 0x5C, 0x15,
    0xA3, 0x52, 0x4F, 0xBE, 0xAA, 0x28, 0x7D, 0x52, 0x2F, 0x96, 0xBA, 0x2B, 0xDD, 0x46, 0x5A, 0x46,
    0x96, 0x15, 0x4B, 0xBE, 0x1C, 0x84, 0x6F, 0xAE, 0xDB, 0x92, 0x27, 0xEB, 0x73, 0x3C, 0xB9, 0xAB,
    0x73, 0xD3, 0x39, 0x4F, 0xD4, 0x4B, 0x9E, 0xD8, 0xFC, 0x44, 0x0D, 0xE5, 0x13, 0x1F, 0xBB, 0x60,
    0x37, 0xD3, 0x62, 0x3B, 0xEF, 0x50, 0xB7, 0x35, 0x5C, 0xB1, 0xB1, 0x6E, 0x23, 0xE8, 0xC5, 0xB9,
    0x9F, 0xB9, 0x57, 0x15, 0x8F, 0x5C, 0x57, 0xEF, 0x0E, 0x31, 0x8C, 0x6F, 0xA7, 0x13, 0xCB, 0xFB,
    0xA4, 0xE3, 0xD2, 0x6F, 0x68, 0x93, 0x14, 0x17, 0x9B, 0xF2, 0x63, 0xFC, 0x5F, 0x81, 0xCB, 0x35,
    0x9E, 0x3D, 0xB4, 0x3E, 0x46, 0x5D, 0xDF, 0x30, 0x45, 0xE9, 0x30, 0xF3, 0xE5, 0x3F, 0xC4, 0x23,
    0xC5, 0xA1, 0xA2, 0x16, 0xC5, 0x1E, 0xB8, 0x57, 0x34, 0x90, 0x66, 0x02, 0x28, 0xFD, 0x90, 0x89,
    0xE7, 0x77, 0x64, 0xB1, 0x08, 0x65, 0xDB, 0xD8, 0x0F, 0xCF, 0x79, 0x2C, 0x86, 0x86, 0x1C, 0x28,
    0xDC, 0x2A, 0x79, 0xB8, 0x0E, 0x61, 0x5B, 0xCC, 0xFF, 0x16, 0xC9, 0x3D, 0xEF, 0xFC, 0x0F, 0x0A,
    0x7F, 0x20, 0xEE, 0xC8, 0x16, 0xB0, 0xD8, 0x7C, 0x73, 0xAC, 0xDE, 0x3F, 0x07, 0xAC, 0x3F, 0x98,
    0x8D, 0xF8, 0x4C, 0x49, 0xD2, 0x3C, 0xD1, 0xF1, 0x27, 0xAC, 0x86, 0x22, 0xD7, 0xB8, 0x4C, 0xC5,
    0x8D, 0x03, 0x1B, 0x92, 0x1B, 0x09, 0x34, 0x14, 0x72, 0xA5, 0xB5, 0x29, 0x9C, 0xE1, 0x02, 0xEB,
    0x48, 0x27, 0xC0, 0x66, 0x08, 0xB8, 0x5F, 0x76, 0xEF, 0xB0, 0xA2, 0xDC, 0x34, 0xCF, 0xC1, 0xCA,
    0xA2, 0x9A, 0x1F, 0x73, 0xC2, 0x63, 0xC7, 0x34, 0x24, 0xCE, 0xDC, 0x99, 0x88, 0xE2, 0x8E, 0xB7,
    0x7E, 0x8C, 0x3E, 0x38, 0x42, 0x72, 0x6D, 0xD0, 0xB9, 0x87, 0xDC, 0x4C, 0xC1, 0xF9, 0x86, 0xD2,
    0xC6, 0xF5, 0x99, 0x1D, 0x5F, 0x49, 0x3B, 0xD2, 0x35, 0xF2, 0x9D, 0x86, 0x7B, 0xAE, 0x3B, 0xB4,
    0x51, 0x57, 0x83, 0xB3, 0xCC, 0x1C, 0xD7, 0xBD, 0x07, 0xEC, 0xDF, 0xE7, 0x33, 0x1B, 0xA8, 0x07,
    0xA5, 0xFC, 0x81, 0x0D, 0x2C, 0xB1, 0xBC, 0xEC, 0xC9, 0xD0, 0x31, 0x3C, 0xBF, 0xA1, 0x63, 0xF8,
    0x3F, 0xE3, 0xFE, 0xC2, 0x60, 0xFF, 0x8F, 0x61, 0x8F, 0x3E, 0xC3, 0x1F, 0x7E, 0x07, 0x00, 0xB5,
    0x5B, 0xBF, 0x93, 0xDC, 0xC6, 0x95, 0x6E, 0xCC, 0xB8, 0x16, 0x77, 0x42, 0xA9, 0x90, 0x5A, 0xC5,
    0xBB, 0x82, 0x03, 0x07, 0x52, 0x5D, 0x9D, 0x71, 0x81, 0x03, 0xB9, 0x4E, 0xDE, 0x06, 0xC5, 0x40,
    0x81, 0x83, 0xF5, 0x7F, 0xE0, 0xBF, 0x80, 0xB5, 0x0E, 0x1C, 0xA8, 0xEE, 0x6A, 0x09, 0x9C, 0x14,
    0x38, 0x60, 0x40, 0xFE, 0x07, 0xE4, 0x7F, 0x40, 0x07, 0xBE, 0x2B, 0x5F, 0x15, 0x77, 0x81, 0x13,
    0x03, 0x06, 0x0E, 0x04, 0xCB, 0x81, 0x02, 0x07, 0x44, 0xD9, 0xAC, 0x52, 0x28, 0xD8, 0x1E, 0x99,
    0xE0, 0x09, 0x83, 0xBE, 0xEF, 0x7B, 0xDD, 0xC0, 0x00, 0x3B, 0x3F, 0x76, 0x76, 0x39, 0xC7, 0xC5,
    0xC7, 0x9D, 0x01, 0x1A, 0x0F, 0x8D, 0xEE, 0xF7, 0xDE, 0xF7, 0xDE, 0xEB, 0x5E, 0xF5, 0x3D, 0xA5,
    0xD4, 0x52, 0x29, 0xCF, 0x64, 0x4A, 0xC5, 0xA5, 0x52, 0x33, 0xFC, 0xC6, 0x3F, 0x6D, 0xBA, 0x15,
    0x12, 0x35, 0x85, 0x69, 0x57, 0xB8, 0x7C, 0x4D, 0xAE, 0x9B, 0xA4, 0x47, 0x90, 0x2D, 0x54, 0xF4,
    0x45, 0xAB, 0x62, 0x20, 0xC4, 0xE7, 0xFE, 0xDF, 0xA1, 0xE4, 0xA7, 0x66, 0xA9, 0x7A, 0xCC, 0x21,
    0x7E, 0x02, 0xF3, 0x1A, 0x30, 0x19, 0x50, 0xCE, 0x17, 0x51, 0x3D, 0x5F, 0xF8, 0x23, 0x84, 0x80,
    0xA9, 0x80, 0x62, 0xBE, 0xE8, 0xD0, 0xA3, 0x7F, 0xC1, 0xBB, 0x37, 0x4A, 0x85, 0x2D, 0xC6, 0xA1,
    0x52, 0xEA, 0x6D, 0xDB, 0x4F, 0xDF, 0x98, 0x62, 0x40, 0x8D, 0xEF, 0xD7, 0x80, 0x31, 0xF5, 0x00,
    0x75, 0xAB, 0x4B, 0x14, 0xFB, 0x01, 0x39, 0x61, 0xE3, 0x65, 0x11, 0x86, 0x3A, 0x2E, 0xF0, 0x2E,
    0x19, 0xDF, 0x67, 0xB1, 0x42, 0xE2, 0xCE, 0xE1, 0x5A, 0x84, 0x6E, 0xB0, 0x2D, 0x9F, 0xED, 0xE1,
    0x5E, 0x15, 0x75, 0x89, 0x67, 0x2A, 0x15, 0xE2, 0x5D, 0x39, 0x36, 0x69, 0xF6, 0xAE, 0xCA, 0xD1,
    0x47, 0x22, 0x85, 0x3C, 0x8D, 0xD7, 0x08, 0x71, 0x7D, 0x86, 0x6B, 0xEA, 0x96, 0xE1, 0xA4, 0xF2,
    0x4A, 0x42, 0xBC, 0x8F, 0xCF, 0x29, 0xC6, 0x3A, 0xC7, 0xB5, 0x5B, 0xE6, 0x21, 0x3E, 0x1B, 0x7B,
    0xF0, 0xEE, 0xAB, 0x8E, 0xA1, 0x31, 0x66, 0x13, 0x93, 0x89, 0xB9, 0x1C, 0xA6, 0xF2, 0x66, 0x72,
    0x42, 0xD3, 0xD9, 0x43, 0xA9, 0x2B, 0x8E, 0x77, 0xFD, 0x56, 0x9B, 0x26, 0x37, 0x35, 0xC6, 0x2F,
    0x34, 0x85, 0x12, 0x3C, 0xD8, 0x84, 0x0E, 0xC0, 0xD8, 0x3E, 0xF8, 0x6D, 0x19, 0x3E, 0x78, 0x56,
    0x01, 0x35, 0x11, 0x9D, 0x3C, 0xAB, 0xE3, 0xF0, 0x59, 0x95, 0x87, 0xBF, 0x2D, 0x9F, 0x86, 0x26,
    0x7B, 0x1C, 0x74, 0xEA, 0xA9, 0x56, 0x5B, 0x91, 0x9B, 0x06, 0x30, 0xF8, 0x1C, 0x27, 0x4F, 0x75,
    0x98, 0x01, 0xC5, 0x08, 0x99, 0x3D, 0x0F, 0x19, 0x71, 0xA3, 0x76, 0xEB, 0x5E, 0x43, 0xDD, 0xB3,
    0xFA, 0xD7, 0x68, 0xE8, 0x58, 0x0C, 0x44, 0x1B, 0xA1, 0x66, 0x98, 0x22, 0xFC, 0x52, 0x79, 0xA9,
    0x3C, 0xAA, 0xE2, 0x63, 0x3B, 0xB6, 0xB9, 0xCA, 0x93, 0x5C, 0x61, 0x64, 0xE7, 0xAD, 0xCA, 0x7D,
    0xF4, 0x2B, 0xAC, 0x55, 0x0E, 0xA5, 0xC9, 0x31, 0xA5, 0x39, 0xDA, 0xE5, 0x4B, 0xF6, 0x17, 0x48,
    0x71, 0x0E, 0x3A, 0x9B, 0x87, 0x0B, 0xDB, 0x76, 0x86, 0x79, 0xE6, 0x7D, 0xD0, 0x90, 0x9C, 0x9A,
    0xB4, 0xC5, 0xC6, 0x2F, 0x94, 0x06, 0x72, 0xC0, 0xA8, 0x8B, 0x19, 0x30, 0x07, 0x42, 0x20, 0x02,
    0x34, 0xAE, 0xDD, 0x03, 0x30, 0x28, 0x17, 0x8D, 0x56, 0x79, 0x0D, 0x54, 0x40, 0xE1, 0x90, 0x00,
    0xB8, 0xFF, 0x1C, 0xF0, 0x1E, 0xBF, 0xAF, 0xE6, 0xF5, 0x05, 0xF4, 0x0E, 0x0F, 0xC1, 0x7B, 0xCB,
    0x33, 0xD8, 0xFF, 0x24, 0xAC, 0x75, 0x16, 0xD6, 0x71, 0x11, 0x95, 0x51, 0x15, 0x17, 0xF8, 0x56,
    0xF8, 0x8B, 0x34, 0x99, 0xB5, 0xD0, 0x86, 0xA5, 0xB1, 0x2F, 0xA0, 0x69, 0x6F, 0xB4, 0x3B, 0xD8,
    0x48, 0x00, 0x84, 0xA5, 0x28, 0x7F, 0x6C, 0x12, 0xD1, 0xE7, 0x78, 0x21, 0x8A, 0x73, 0x73, 0x50,
    0x33, 0x1D, 0xF0, 0x75, 0x1D, 0x9A, 0xCF, 0x83, 0xA1, 0xA5, 0x78, 0x76, 0x8E, 0x87, 0x75, 0x8D,
    0xF2, 0x9A, 0x56, 0xCD, 0x16, 0xAD, 0xBC, 0xD3, 0xBC, 0xCE, 0x95, 0x5F, 0xA5, 0x2A, 0xAC, 0x34,
    0xF4, 0xCF, 0x64, 0x11, 0x6C, 0x31, 0x06, 0x34, 0x2C, 0x18, 0x67, 0xAA, 0x14, 0xEF, 0x98, 0xA3,
    0xE3, 0x29, 0xED, 0xB1, 0xC7, 0xF8, 0x11, 0x62, 0x6B, 0x8D, 0xD8, 0x5E, 0x4A, 0x1B, 0x84, 0x85,
    0x03, 0x99, 0x45, 0x9A, 0xA4, 0xCE, 0x2E, 0xD9, 0x26, 0x46, 0xDB, 0x53, 0xCC, 0x91, 0x6D, 0x0F,
    0xBD, 0x82, 0x32, 0xA4, 0xCA, 0x61, 0x46, 0xD9, 0x8B, 0x6D, 0xB2, 0x46, 0x72, 0x5A, 0x91, 0x73,
    0x28, 0xBF, 0xE5, 0x59, 0xDF, 0x63, 0xD1, 0xC4, 0xC5, 0x6C, 0x0C, 0xD1, 0x69, 0x07, 0xCC, 0xB2,
    0x0F, 0x04, 0x9C, 0xE7, 0x12, 0x33, 0x5E, 0xC4, 0x05, 0xC6, 0xBC, 0xEE, 0x71, 0x01, 0xC9, 0x97,
    0x71, 0x28, 0x0E, 0x38, 0x0F, 0x3F, 0xAD, 0x8F, 0xC3, 0x4F, 0xAB, 0x38, 0xBC, 0x5F, 0x84, 0x27,
    0x0F, 0x8A, 0xE0, 0xF3, 0x47, 0xC9, 0xFC, 0xC5, 0x93, 0x95, 0x3E, 0x8A, 0x2D, 0x2E, 0x95, 0xFF,
    0x22, 0x57, 0x21, 0xAE, 0x85, 0x0F, 0x1E, 0x64, 0x31, 0x9C, 0x86, 0x0E, 0x7F, 0x59, 0xF2, 0xBE,
    0x7B, 0xB8, 0x9F, 0x32, 0x66, 0xF0, 0x9D, 0x11, 0xFA, 0x82, 0x79, 0x4E, 0xDE, 0x4A, 0x60, 0x54,
    0xE2, 0xA1, 0x89, 0x3C, 0xC3, 0xFB, 0x63, 0x2C, 0x5A, 0x8E, 0x47, 0x62, 0xCF, 0x85, 0x95, 0x55,
    0xDA, 0xB0, 0xFE, 0x47, 0x95, 0x56, 0x9A, 0x3A, 0x81, 0x36, 0x47, 0xE6, 0xE5, 0xC1, 0xEC, 0xEA,
    0x28, 0x83, 0xAF, 0xFF, 0xAC, 0x51, 0x01, 0xE6, 0x7D, 0x8E, 0xBE, 0xE1, 0xE2, 0x41, 0xED, 0xF6,
    0x60, 0xFE, 0x85, 0xDC, 0xD4, 0x63, 0x09, 0x03, 0x6E, 0xA7, 0xF0, 0x1C, 0x66, 0x4D, 0x08, 0x1E,
    0xB6, 0x08, 0x6A, 0x68, 0x49, 0x15, 0x96, 0x39, 0xB4, 0x05, 0xB3, 0x52, 0x7E, 0x0C, 0x44, 0x45,
    0x24, 0x7A, 0x13, 0x97, 0xBA, 0x88, 0xEB, 0x14, 0xC8, 0x8B, 0x78, 0xF1, 0x6D, 0xA1, 0xFF, 0xFB,
    0x55, 0xA9, 0xEF, 0x01, 0xFA, 0x2B, 0xE0, 0x79, 0xA9, 0xA3, 0xE7, 0x15, 0xE6, 0x0E, 0x6F, 0xE5,
    0x4F, 0x90, 0x42, 0xA7, 0x88, 0x7D, 0xFD, 0xC1, 0x55, 0xBE, 0x43, 0x9D, 0x56, 0xA2, 0x43, 0x01,
    0xDA, 0xC2, 0xD2, 0x33, 0xF4, 0x0C, 0x76, 0x1F, 0x96, 0x00, 0xBD, 0xC1, 0x14, 0x3C, 0x07, 0x9F,
    0xC0, 0x36, 0x6C, 0x1B, 0x88, 0xEF, 0xC7, 0x00, 0xA6, 0xD5, 0xB5, 0x9E, 0xB9, 0x0B, 0xD6, 0x97,
    0xD0, 0x0F, 0x18, 0xDA, 0x3F, 0x6C, 0x3F, 0xCD, 0x46, 0xBE, 0x24, 0x93, 0x73, 0xCE, 0x97, 0x48,
    0x5B, 0xB5, 0xD9, 0xE5, 0xAD, 0xC5, 0x22, 0xD5, 0x28, 0x16, 0xC9, 0x46, 0x36, 0x96, 0xED, 0x8E,
    0x45, 0xD0, 0x8F, 0xBA, 0xC7, 0x60, 0x2A, 0x37, 0xC0, 0xA1, 0x78, 0x02, 0x01, 0xA6, 0x05, 0xFC,
    0xB8, 0x4F, 0x3B, 0x7E, 0xF1, 0x24, 0x8B, 0x4F, 0x56, 0x76, 0xEE, 0x6C, 0xBD, 0xB2, 0x9F, 0x7F,
    0x49, 0x1D, 0x2A, 0x79, 0x9D, 0xED, 0x7C, 0xF2, 0x03, 0xFD, 0xBF, 0x93, 0xC1, 0xF9, 0xA4, 0x17,
    0xE3, 0xAC, 0x52, 0xA3, 0xE6, 0xCD, 0x12, 0xDC, 0x8C, 0x3E, 0xC0, 0x16, 0x95, 0xAE, 0x2D, 0x6F,
    0x90, 0x33, 0x30, 0xD6, 0x3C, 0x3F, 0x6F, 0x3A, 0xD1, 0x3C, 0xB6, 0x8F, 0xA1, 0x05, 0xBA, 0x88,
    0x1C, 0x37, 0xD0, 0x56, 0x6E, 0x08, 0xF0, 0x4D, 0x0F, 0xBC, 0xE1, 0x1A, 0xAE, 0xD4, 0x97, 0x22,
    0xA5, 0x9F, 0xA4, 0x3F, 0x83, 0x1E, 0x9B, 0x2D, 0xDA, 0x90, 0xAA, 0x33, 0xB0, 0xDC, 0x56, 0xC0,
    0x2F, 0xEE, 0xC2, 0x58, 0x07, 0xCE, 0x54, 0x50, 0x6C, 0x45, 0xF4, 0x93, 0x9D, 0x98, 0xE8, 0x92,
    0x9A, 0xAD, 0x21, 0xC5, 0xB0, 0xF7, 0x98, 0xC6, 0x59, 0x2F, 0x57, 0x71, 0xD6, 0x22, 0x65, 0x3C,
    0x45, 0xFF, 0x52, 0x59, 0xF0, 0x33, 0xCE, 0x49, 0x0E, 0xD0, 0x61, 0x0C, 0x5E, 0xC2, 0xEB, 0xF9,
    0xE5, 0x46, 0x34, 0x80, 0xF9, 0x08, 0xA0, 0x7F, 0xF9, 0xB2, 0xD4, 0xFE, 0x57, 0x53, 0x84, 0x5F,
    0xDA, 0x6B, 0x68, 0x13, 0xA3, 0xED, 0x36, 0xDB, 0x9A, 0xF0, 0xFD, 0x8C, 0x1C, 0x9D, 0xEE, 0xE0,
    0xFB, 0x4C, 0x4C, 0x31, 0xC5, 0x2B, 0x93, 0xE7, 0xBE, 0x3F, 0xEB, 0x5C, 0x34, 0x4F, 0xAB, 0x03,
    0xBF, 0xC2, 0xD6, 0x7A, 0x38, 0x0B, 0x05, 0x52, 0x5C, 0x33, 0xEA, 0x87, 0xBE, 0xE5, 0xFA, 0x1C,
    0xBC, 0x40, 0x19, 0xC7, 0x88, 0x15, 0x8E, 0x7D, 0x93, 0x1D, 0x23, 0x40, 0x3E, 0x46, 0xAC, 0x7B,
    0x1C, 0x41, 0xC7, 0xA3, 0x3B, 0x02, 0x6D, 0x04, 0x35, 0xD1, 0x9F, 0x13, 0x88, 0x1D, 0xA0, 0x2D,
    0xEF, 0xE1, 0xBD, 0x0C, 0x3E, 0xD1, 0x29, 0xCF, 0xC5, 0x0D, 0x61, 0x43, 0xFD, 0x07, 0x4A, 0x87,
    0x3A, 0x2A, 0x02, 0x9C, 0xA3, 0xDF, 0x50, 0x0E, 0xB3, 0x25, 0xBE, 0xB7, 0xF6, 0x5A, 0x84, 0xB6,
    0xD0, 0x7B, 0xC6, 0x46, 0x45, 0x60, 0x1E, 0x46, 0xA6, 0x09, 0x4D, 0xFB, 0x1D, 0x0A, 0xBD, 0x38,
    0x32, 0x26, 0x96, 0xC8, 0x1F, 0x8C, 0x03, 0xDA, 0xC1, 0xFF, 0xA9, 0x9C, 0x39, 0x42, 0x8A, 0xA6,
    0x4E, 0xF9, 0x54, 0x32, 0xAB, 0x0A, 0xBA, 0x9F, 0x2A, 0x66, 0x46, 0xE2, 0x75, 0x9E, 0x94, 0x32,
    0x4A, 0x39, 0xBC, 0x68, 0xFE, 0x89, 0x51, 0xF6, 0x27, 0x4F, 0x8C, 0xB0, 0x16, 0x90, 0x90, 0x7F,
    0x8C, 0xD2, 0x5F, 0x74, 0xB8, 0x1D, 0xD9, 0x25, 0x2C, 0x93, 0x11, 0xEE, 0x3F, 0x61, 0x06, 0x6C,
    0xE4, 0x80, 0xA8, 0x82, 0xD7, 0x33, 0xF0, 0x65, 0xC6, 0x8C, 0xA9, 0x71, 0xE7, 0xC0, 0x59, 0x99,
    0x4E, 0xF0, 0x9B, 0xD1, 0x83, 0xB4, 0xBD, 0x65, 0xF8, 0xAC, 0xD6, 0x1D, 0x32, 0x93, 0x3B, 0x0E,
    0x45, 0x7B, 0x74, 0xF0, 0x1A, 0x2D, 0x98, 0x2D, 0x2C, 0xE6, 0xB5, 0x45, 0x40, 0x46, 0xC0, 0x48,
    0xE0, 0x35, 0xAB, 0x01, 0x2A, 0x98, 0x60, 0xC4, 0x2F, 0x49, 0x44, 0xBE, 0x93, 0xB1, 0x03, 0xBF,
    0xC0, 0xBF, 0x0E, 0xC0, 0x48, 0x44, 0x2F, 0x8F, 0x12, 0xB6, 0x99, 0xF1, 0x99, 0x71, 0xA7, 0x18,
    0xAF, 0xD0, 0x77, 0x45, 0xF4, 0x5D, 0x88, 0x67, 0x7C, 0x89, 0x75, 0x5A, 0x89, 0x4F, 0xF8, 0xDB,
    0xFF, 0x1A, 0x11, 0xE9, 0xE7, 0x8F, 0x94, 0x8D, 0x73, 0xEE, 0x8B, 0xFF, 0xE3, 0x3D, 0xB7, 0x4C,
    0x86, 0x14, 0x13, 0xEF, 0xFB, 0x1E, 0x82, 0x49, 0x85, 0xB6, 0xCD, 0xDC, 0xD4, 0x4C, 0x54, 0x3C,
    0xF8, 0xD7, 0xEE, 0x7D, 0xAF, 0xD3, 0x7C, 0xFF, 0x06, 0xE9, 0x21, 0x62, 0x07, 0xAD, 0x3A, 0x3D,
    0xEF, 0x74, 0xD0, 0xE9, 0xB0, 0xD3, 0x71, 0xA7, 0xF5, 0x85, 0x6E, 0x2F, 0x74, 0x73, 0xA1, 0xEB,
    0x0B, 0x5D, 0x5E, 0xE8, 0xE2, 0x42, 0x27, 0x68, 0x73, 0x81, 0x18, 0x05, 0x21, 0x0A, 0x22, 0x14,
    0x06, 0x28, 0x12, 0x9F, 0xEC, 0x7F, 0xAF, 0xC6, 0x5C, 0xEA, 0x0F, 0x31, 0x33, 0x1F, 0x61, 0x66,
    0x4E, 0x60, 0x03, 0x88, 0x33, 0xB4, 0xF3, 0xE7, 0xF2, 0xFB, 0xB4, 0xB4, 0xE7, 0xEF, 0x60, 0x36,
    0x6F, 0x33, 0x46, 0x44, 0xBC, 0x97, 0x48, 0xBC, 0xB1, 0x1A, 0xFF, 0x65, 0x9A, 0x79, 0xAD, 0x16,
    0xCC, 0x1A, 0x0B, 0xE4, 0x5B, 0x99, 0x8F, 0xB9, 0x88, 0x30, 0x0F, 0x88, 0xCC, 0xB2, 0x14, 0xA3,
    0xFA, 0x63, 0x45, 0xAD, 0x5C, 0x8B, 0x2F, 0x4A, 0xFD, 0xEB, 0x6F, 0x4B, 0x7D, 0x86, 0xD8, 0xE2,
    0xF8, 0xAB, 0x4A, 0xEB, 0x2F, 0xAB, 0x4B, 0xB1, 0x85, 0xC4, 0x13, 0x69, 0x62, 0x26, 0x47, 0x9F,
    0xC5, 0x5E, 0x3E, 0x8F, 0xD7, 0xC1, 0x8C, 0x92, 0xF5, 0x19, 0x41, 0xC2, 0xFF, 0xD3, 0x1A, 0x6C,
    0xB4, 0x30, 0x06, 0x9E, 0xCF, 0x6B, 0x6C, 0xD3, 0x47, 0x08, 0xD0, 0x4B, 0x77, 0x24, 0x57, 0x1C,
    0x98, 0x43, 0x57, 0x2B, 0xC0, 0xB8, 0xDD, 0xC6, 0xF8, 0xC1, 0x0E, 0xB4, 0xFD, 0xC9, 0x1C, 0xF0,
    0x93, 0x26, 0xFA, 0x3F, 0x8C, 0x8B, 0xAD, 0x5B, 0xB1, 0xA4, 0x4D, 0x31, 0xB4, 0x3A, 0x5D, 0x8A,
    0xEF, 0x24, 0x3F, 0xE8, 0x97, 0x9E, 0x78, 0x96, 0xBE, 0x9E, 0x30, 0xD4, 0x15, 0x68, 0x89, 0xB8,
    0x86, 0xBC, 0x87, 0x39, 0x45, 0xA2, 0x4E, 0x3B, 0x0C, 0xBB, 0x49, 0x7A, 0xAC, 0xDD, 0xB0, 0x03,
    0xBA, 0x10, 0x4E, 0x2D, 0x99, 0x1F, 0x70, 0x2C, 0x82, 0x5A, 0x27, 0x98, 0x27, 0x70, 0x67, 0xAE,
    0x66, 0x2D, 0x26, 0x7D, 0x49, 0x7E, 0x05, 0xD2, 0xC6, 0x72, 0x6C, 0xEC, 0x78, 0x3E, 0xB6, 0x6E,
    0x4F, 0x1B, 0x1B, 0x06, 0x30, 0x5D, 0x93, 0x1C, 0x36, 0xDC, 0x02, 0xE1, 0x7F, 0xBC, 0xD7, 0xA3,
    0x47, 0x83, 0xFE, 0xF7, 0x71, 0x7E, 0xCF, 0xFF, 0xC2, 0xFD, 0xB8, 0x16, 0xA1, 0x0D, 0xDB, 0x7A,
    0x23, 0xEE, 0x1F, 0x83, 0xF6, 0x88, 0x39, 0x2C, 0x90, 0xE1, 0xA9, 0x79, 0xBB, 0xB4, 0xFD, 0xCB,
    0x6B, 0xDB, 0x09, 0x6D, 0xF9, 0x7F, 0xD6, 0x21, 0xB7, 0x58, 0x8C, 0x62, 0x44, 0xC6, 0x83, 0xB7,
    0xA9, 0xB3, 0x7B, 0x42, 0xBC, 0x90, 0x05, 0xED, 0x67, 0x0C, 0xA3, 0xBA, 0xE1, 0xC8, 0xED, 0x91,
    0x51, 0x51, 0x62, 0xD3, 0x1D, 0x4D, 0xCB, 0x27, 0xC7, 0x6A, 0x5E, 0x4D, 0x30, 0x44, 0x3A, 0xEB,
    0xC0, 0x93, 0x06, 0x1C, 0xAB, 0xB0, 0x18, 0x10, 0x9D, 0xEC, 0x04, 0xDA, 0xD7, 0x3D, 0xC0, 0xBD,
    0x13, 0x6C, 0x64, 0x68, 0x5B, 0x81, 0x4B, 0xC8, 0x18, 0x2B, 0x66, 0x8E, 0x25, 0xF2, 0x24, 0x2B,
    0x7B, 0xF9, 0xEB, 0x75, 0x46, 0x5E, 0x8E, 0x98, 0x98, 0xAC, 0xEB, 0x3B, 0x8C, 0x19, 0x78, 0xB9,
    0x85, 0x81, 0xE1, 0x84, 0x6C, 0x45, 0x86, 0xCC, 0x9B, 0x3B, 0xE6, 0xCD, 0x13, 0xF9, 0x8E, 0xE1,
    0xBA, 0x45, 0xB6, 0x14, 0x0B, 0x22, 0xFB, 0x1A, 0xF5, 0x8E, 0x97, 0xDB, 0x6C, 0xCE, 0xB2, 0x99,
    0xCD, 0x60, 0x1C, 0xD3, 0xBE, 0xEB, 0x19, 0xC7, 0x0F, 0x8D, 0x54, 0xCC, 0xCE, 0xC0, 0xCE, 0x67,
    0x81, 0xC9, 0xCE, 0x42, 0x53, 0x9E, 0xC5, 0xF7, 0xAB, 0xB3, 0x18, 0xEF, 0x6C, 0x56, 0x38, 0xD3,
    0x00, 0xCE, 0x9D, 0x45, 0xB8, 0x06, 0x46, 0x3D, 0x03, 0xA3, 0x9E, 0x91, 0xFC, 0xF2, 0x4E, 0xDE,
    0x1F, 0x56, 0x26, 0x0C, 0x29, 0x3F, 0x64, 0x55, 0xC7, 0xB2, 0x64, 0xF7, 0x39, 0x58, 0x35, 0xA8,
    0x2D, 0xCB, 0xC6, 0x8E, 0x41, 0xD5, 0xF7, 0xF1, 0x42, 0xF7, 0xC8, 0x36, 0xE8, 0x52, 0x84, 0x21,
    0xF6, 0x6C, 0x55, 0xE5, 0xA6, 0xAC, 0x31, 0xAB, 0x7E, 0x0C, 0x2D, 0x05, 0x33, 0x00, 0x73, 0x7C,
    0x1E, 0xFE, 0xDD, 0x50, 0x5E, 0xE0, 0x02, 0x71, 0x3B, 0xE6, 0xD5, 0xF0, 0x9D, 0xD9, 0x6A, 0xE0,
    0xB2, 0xA6, 0xA0, 0xCE, 0x93, 0xA0, 0x16, 0x4B, 0x27, 0x8A, 0x5D, 0xB0, 0xAC, 0x0F, 0x33, 0x47,
    0x16, 0x8B, 0xEC, 0xC2, 0x86, 0xF4, 0x33, 0x29, 0x8C, 0xE5, 0x25, 0xC7, 0xF1, 0xB1, 0xAD, 0x37,
    0xEE, 0xCD, 0xD2, 0xA7, 0xAF, 0xC5, 0x63, 0x45, 0xE2, 0xDD, 0x8E, 0x06, 0xEF, 0xD6, 0x4F, 0x73,
    0x4E, 0xCE, 0x97, 0x02, 0xD0, 0x11, 0xBD, 0x5B, 0xE2, 0xF3, 0xBD, 0xE0, 0xDD, 0x3C, 0xF3, 0x12,
    0x61, 0x0B, 0x22, 0x0A, 0x9D, 0x7D, 0x17, 0x3D, 0xD2, 0x0B, 0xF8, 0xC7, 0x72, 0x46, 0x25, 0xA0,
    0xF5, 0xFF, 0x48, 0x19, 0xB8, 0x5E, 0xB0, 0x24, 0x02, 0x1C, 0x8F, 0x1A, 0xDE, 0xAE, 0xE0, 0xAD,
    0xCA, 0xDB, 0x4A, 0x4A, 0x0F, 0x0E, 0x6A, 0x1B, 0xCC, 0x8C, 0x09, 0x76, 0x22, 0x64, 0x17, 0x2C,
    0x55, 0x84, 0x50, 0x57, 0x3F, 0x6B, 0x04, 0xD1, 0x87, 0xF5, 0xF5, 0x64, 0x6D, 0x90, 0x07, 0x63,
    0x62, 0xBA, 0x04, 0xDD, 0xC1, 0xFF, 0xBE, 0xD3, 0x1E, 0x44, 0x65, 0xF6, 0x80, 0xDB, 0xDD, 0x7D,
    0xBC, 0x17, 0x20, 0x56, 0x80, 0x6A, 0x97, 0x41, 0xA7, 0x86, 0xD2, 0xEB, 0xA4, 0xFC, 0x6A, 0x12,
    0x5B, 0x72, 0x7D, 0x3E, 0x94, 0x5B, 0xF5, 0xC9, 0xB3, 0xDA, 0x84, 0xCF, 0xAB, 0x0B, 0x34, 0xFC,
    0xB5, 0xDF, 0x6D, 0x29, 0xB1, 0x2E, 0x5D, 0x89, 0x35, 0xBA, 0x54, 0x5E, 0xE5, 0x77, 0x9C, 0xBF,
    0xD5, 0xAC, 0x29, 0xD7, 0xA0, 0x60, 0x13, 0xE5, 0x4A, 0xF7, 0x57, 0x2E, 0x2F, 0xB3, 0x54, 0x22,
    0x29, 0x1B, 0x6C, 0xFE, 0x17, 0x6E, 0x19, 0xE2, 0xA6, 0x21, 0xC8, 0x43, 0xE5, 0xB1, 0xA8, 0x84,
    0xE0, 0xBD, 0x50, 0xFE, 0xF5, 0xC2, 0x9E, 0x6D, 0xE5, 0xD2, 0x43, 0xD2, 0xE3, 0x95, 0x71, 0xC4,
    0x10, 0x71, 0x8C, 0x6D, 0x66, 0x35, 0xEA, 0xCD, 0x80, 0x95, 0x59, 0xBF, 0xB4, 0xA3, 0x0E, 0x77,
    0x85, 0x91, 0xA7, 0xBB, 0x62, 0x11, 0xA7, 0xB2, 0xE0, 0x67, 0x9C, 0x83, 0x09, 0x05, 0x10, 0xC9,
    0x22, 0xD8, 0x51, 0x7F, 0xDF, 0x25, 0xD8, 0x22, 0xE6, 0x42, 0x9D, 0x72, 0x26, 0x07, 0xD9, 0xAF,
    0xC5, 0xFD, 0x58, 0xD9, 0xB1, 0x93, 0x1B, 0x55, 0xF2, 0xDD, 0xD1, 0xC4, 0xCE, 0x62, 0xCC, 0x45,
    0xB8, 0xA2, 0xB4, 0x4F, 0x4C, 0x1F, 0x6A, 0xD9, 0x62, 0x4C, 0x3D, 0x2D, 0xC6, 0x6C, 0x0C, 0xD1,
    0x3A, 0x77, 0xFF, 0x7D, 0x77, 0xBF, 0x14, 0x22, 0xA6, 0x21, 0x1A, 0xC2, 0x9F, 0x2A, 0x57, 0x31,
    0xFC, 0x8E, 0x6E, 0x10, 0x60, 0x7D, 0xCF, 0xA6, 0x15, 0xE7, 0x18, 0x7C, 0x18, 0x6E, 0x81, 0xF4,
    0xE3, 0x7F, 0x80, 0x2F, 0x30, 0x5E, 0x7F, 0x42, 0xF0, 0xF1, 0xD7, 0x5A, 0xCD, 0x5F, 0xD5, 0x52,
    0xB4, 0xF3, 0xE8, 0xBE, 0x99, 0xBF, 0x31, 0x87, 0x07, 0xDB, 0xA4, 0x2A, 0x5A, 0x40, 0x83, 0x10,
    0xA2, 0xA6, 0x8B, 0xB8, 0x40, 0x1F, 0x0A, 0x58, 0xD7, 0xEF, 0x5A, 0x15, 0xFC, 0x11, 0x81, 0xFB,
    0x5F, 0x17, 0xEB, 0xF7, 0xE5, 0x99, 0xC4, 0x02, 0xD7, 0x2A, 0x06, 0x06, 0xAE, 0x20, 0x18, 0xA7,
    0xB6, 0x20, 0xB8, 0xB9, 0x18, 0xC8, 0x04, 0xA8, 0x60, 0x01, 0xEF, 0xDC, 0x96, 0x78, 0xEC, 0x83,
    0x84, 0x73, 0xA0, 0x46, 0xEA, 0xE7, 0x5B, 0x9F, 0xA9, 0xE5, 0xA9, 0xB0, 0x86, 0x39, 0x00, 0xEF,
    0x00, 0x7D, 0x57, 0x50, 0x78, 0x05, 0x8D, 0x87, 0x06, 0x02, 0x0D, 0x00, 0x0D, 0x87, 0xD6, 0x43,
    0x72, 0x8E, 0xA0, 0x14, 0x90, 0x9B, 0xB5, 0xF4, 0x58, 0x79, 0x94, 0xFF, 0x2B, 0x5B, 0x42, 0x65,
    0xED, 0xBD, 0x5B, 0x41, 0xCE, 0x41, 0x7F, 0x42, 0x1B, 0x98, 0x62, 0x26, 0x73, 0x26, 0xA1, 0x65,
    0x58, 0xF5, 0x3F, 0xFC, 0x2C, 0x73, 0x93, 0x71, 0x01, 0x29, 0xE0, 0x82, 0x58, 0x2F, 0xC7, 0x79,
    0x0A, 0x2B, 0xA3, 0x91, 0x39, 0x26, 0xCD, 0xC2, 0xAE, 0xDC, 0xFD, 0x51, 0x15, 0x5A, 0x2A, 0xCE,
    0x98, 0x79, 0x9E, 0xAE, 0x15, 0xD4, 0x5C, 0xA2, 0xEE, 0xA7, 0x59, 0x1A, 0xE2, 0x7B, 0xB0, 0x2A,
    0xAA, 0x4B, 0x58, 0x21, 0x3F, 0x3F, 0x58, 0x0B, 0x3B, 0x36, 0x04, 0xE5, 0x6A, 0x12, 0x94, 0x7F,
    0x04, 0x9C, 0x62, 0xB4, 0x1F, 0x8C, 0x82, 0xF2, 0x9C, 0x85, 0xED, 0x73, 0xB6, 0x03, 0xDE, 0x5D,
    0x05, 0xE5, 0xA3, 0xCA, 0xD8, 0xC1, 0x16, 0x1F, 0x31, 0xDE, 0x72, 0xEC, 0xCF, 0x9E, 0x57, 0x3D,
    0x7A, 0x2C, 0x7E, 0xE7, 0xB5, 0x1D, 0x72, 0xFA, 0xE9, 0xDA, 0x24, 0xDF, 0x92, 0x84, 0xC3, 0x38,
    0x8D, 0xC0, 0x50, 0xE7, 0x18, 0x6A, 0x39, 0xEF, 0x49, 0x3D, 0x95, 0x83, 0x8D, 0x9C, 0x9E, 0xF5,
    0xB0, 0x18, 0xEA, 0x1C, 0x15, 0xF6, 0x77, 0x2C, 0x79, 0xBE, 0xBC, 0x0C, 0xCC, 0x42, 0x1C, 0x27,
    0x6B, 0x77, 0x42, 0x8F, 0x1B, 0xD6, 0x16, 0x5C, 0x54, 0xB8, 0x9A, 0xC2, 0x54, 0x5D, 0xCE, 0xAB,
    0xEC, 0x5A, 0x2A, 0xBD, 0x2C, 0xEB, 0x91, 0x74, 0xC2, 0x0F, 0xD5, 0x1B, 0xAE, 0x3D, 0xD4, 0xFD,
    0xDA, 0x03, 0xE6, 0x68, 0x0D, 0xBB, 0xF3, 0x7C, 0xE4, 0x6E, 0xE3, 0x3C, 0xFF, 0xE4, 0x3E, 0xDB,
    0xCA, 0x3D, 0x97, 0xE5, 0xBC, 0xE1, 0xBA, 0x06, 0x23, 0x40, 0x98, 0xCB, 0xD2, 0xE6, 0x44, 0x8C,
    0x23, 0x18, 0xF0, 0xE7, 0x95, 0xB8, 0xA6, 0x4D, 0x35, 0x85, 0x6A, 0x6E, 0x1A, 0xBE, 0xB3, 0x67,
    0x6B, 0x0A, 0x4B, 0x5B, 0x53, 0x50, 0x67, 0x90, 0x9F, 0x40, 0x06, 0x58, 0x73, 0xBE, 0xB4, 0x0B,
    0x08, 0x33, 0xFC, 0x46, 0xAC, 0x91, 0x83, 0x04, 0x72, 0x3C, 0x37, 0xD7, 0x5C, 0x7C, 0x70, 0x0B,
    0x0F, 0x6D, 0xBF, 0xF8, 0x80, 0x09, 0x07, 0x43, 0xCA, 0xE2, 0x04, 0x17, 0x29, 0xB8, 0x00, 0xE1,
    0x19, 0x4C, 0x2E, 0x91, 0x6F, 0x2C, 0x8C, 0x0A, 0xA3, 0xDF, 0x71, 0x8C, 0xFE, 0x33, 0x30, 0x7A,
    0xEA, 0x18, 0x9D, 0xF3, 0xC6, 0xF9, 0x3B, 0xC5, 0xB9, 0x13, 0xA4, 0xDD, 0x3F, 0x21, 0xB3, 0x1B,
    0x37, 0xE1, 0xEB, 0xC9, 0x97, 0xC6, 0x20, 0x00, 0x48, 0x4B, 0xC0, 0x35, 0x1F, 0x40, 0x09, 0x3E,
    0x80, 0x52, 0x7C, 0x00, 0xFB, 0x3D, 0x6E, 0x9D, 0xBD, 0xD7, 0x16, 0xFC, 0xFE, 0x01, 0x9E, 0x29,
    0xD7, 0x69, 0xD1, 0x68, 0x2F, 0xF7, 0x81, 0xC3, 0xB9, 0xD0, 0xC5, 0x02, 0x77, 0x02, 0x9E, 0xB9,
    0x0B, 0x19, 0x77, 0xA1, 0x96, 0x77, 0xDB, 0xD5, 0x82, 0xFF, 0x29, 0x3E, 0xDF, 0x85, 0xCC, 0xBB,
    0x54, 0x38, 0xF4, 0x1D, 0x8C, 0x60, 0x17, 0x15, 0x82, 0xBA, 0xE7, 0x47, 0xBD, 0xC4, 0xFD, 0x4B,
    0xDC, 0xBF, 0x94, 0x44, 0x14, 0x57, 0xE0, 0xF7, 0xFE, 0x02, 0xCE, 0x78, 0xB5, 0x10, 0xFF, 0x17,
    0x80, 0x27, 0xE4, 0x37, 0xBF, 0xF3, 0x7C, 0x3D, 0x44, 0x47, 0x3D, 0x4F, 0xD7, 0x84, 0x04, 0x40,
    0xCB, 0xB8, 0x4A, 0x97, 0xF0, 0x9F, 0x25, 0xFC, 0xEB, 0xEF, 0xC1, 0x59, 0x7F, 0xA8, 0x5D, 0x64,
    0x97, 0xC9, 0xE6, 0x81, 0xF0, 0x0F, 0x08, 0x78, 0x7F, 0x0F, 0x7E, 0xE4, 0xF5, 0x32, 0x25, 0xC3,
    0x22, 0x22, 0x01, 0x8B, 0x36, 0x60, 0xC4, 0x26, 0x2E, 0x52, 0x2E, 0x66, 0x37, 0x69, 0x32, 0x6F,
    0xC0, 0xA9, 0xAF, 0x5B, 0x35, 0xFF, 0x96, 0x0A, 0x6E, 0x39, 0x6B, 0x4E, 0x9E, 0xF8, 0x16, 0xE7,
    0x5E, 0x43, 0x39, 0x79, 0x5D, 0xDA, 0xB1, 0x3D, 0x52, 0x3E, 0xDC, 0x3F, 0x6F, 0x20, 0x67, 0xA1,
    0xCB, 0x74, 0x01, 0xFF, 0x8A, 0x84, 0xD9, 0xFF, 0x06, 0x9C, 0xF7, 0x8A, 0xC9, 0x3A, 0x9C, 0x00,
    0xF8, 0xCE, 0xA7, 0xC3, 0x78, 0x85, 0x73, 0xDF, 0x74, 0x92, 0xAA, 0x20, 0xFA, 0x29, 0x7C, 0xA4,
    0x8B, 0xFE, 0xE2, 0x8A, 0x42, 0xBA, 0x19, 0x61, 0x63, 0x9B, 0x5E, 0x5F, 0x36, 0x17, 0xD2, 0xD3,
    0x04, 0x3E, 0xFE, 0x32, 0xCC, 0x08, 0x93, 0x6B, 0x26, 0xEB, 0x31, 0x5A, 0x22, 0x11, 0xE4, 0x73,
    0x53, 0xAC, 0xC0, 0xC5, 0xB2, 0x11, 0xCC, 0x08, 0xF3, 0xDD, 0x48, 0xEF, 0x98, 0x62, 0x05, 0x70,
    0xCF, 0x9D, 0xD1, 0xE2, 0xB2, 0x71, 0xDF, 0x37, 0x80, 0x05, 0x81, 0x1E, 0xED, 0xBD, 0x11, 0x90,
    0x93, 0xB7, 0xE9, 0x12, 0x30, 0xF8, 0xAE, 0x93, 0xF6, 0x5E, 0x94, 0xB5, 0xF7, 0x42, 0xA2, 0xD8,
    0x00, 0x26, 0x7B, 0x96, 0xAB, 0x11, 0x4B, 0xD8, 0xEC, 0xA6, 0xDE, 0x2C, 0x1B, 0x91, 0x68, 0x0B,
    0xD2, 0xB6, 0x72, 0xE3, 0x64, 0x93, 0x4C, 0x17, 0x57, 0x24, 0xE2, 0x84, 0x61, 0xF7, 0x52, 0x17,
    0x90, 0x44, 0x64, 0x29, 0x4E, 0x47, 0x0A, 0x35, 0x8B, 0x23, 0xB7, 0x00, 0x85, 0x78, 0x01, 0x63,
    0x07, 0xEE, 0xAD, 0xD2, 0xF0, 0x79, 0x9D, 0x46, 0x9F, 0xD6, 0x69, 0x4C, 0xDC, 0xA9, 0x35, 0xF1,
    0xE4, 0x7E, 0x15, 0x7D, 0xFD, 0xA4, 0x64, 0x4C, 0x38, 0x63, 0x47, 0xA4, 0xD6, 0xC0, 0xF5, 0x01,
    0xC9, 0x7E, 0x5C, 0x0A, 0xE9, 0x23, 0x8D, 0xA3, 0x4E, 0xB6, 0x12, 0x03, 0x70, 0x2F, 0x8F, 0xA5,
    0x81, 0x3C, 0x49, 0xA1, 0x64, 0x90, 0x0D, 0xB9, 0xC8, 0x54, 0x4E, 0x3F, 0xAD, 0xE3, 0xAF, 0xEF,
    0xD4, 0xA1, 0x79, 0xC4, 0x72, 0x44, 0x06, 0xC3, 0x80, 0xAC, 0x2E, 0x41, 0xA7, 0x5C, 0x75, 0xE7,
    0xA8, 0x94, 0xCA, 0x7A, 0x6E, 0x17, 0xCA, 0x82, 0x3D, 0x17, 0xCA, 0xE2, 0xD1, 0x42, 0xD9, 0x8C,
    0x79, 0x66, 0x0C, 0x19, 0x41, 0x61, 0xD7, 0x31, 0xBC, 0xD1, 0xE2, 0xD1, 0xE9, 0xEB, 0x51, 0xF1,
    0xED, 0x68, 0x47, 0xF1, 0x4D, 0xD2, 0x53, 0x89, 0x8F, 0x65, 0x55, 0x36, 0x56, 0x76, 0xB3, 0x88,
    0xDF, 0xC7, 0x95, 0x5C, 0x40, 0x78, 0x93, 0x85, 0xB8, 0x76, 0x05, 0x6F, 0x1D, 0xD7, 0x2B, 0xF6,
    0x35, 0x2B, 0xCC, 0xA6, 0xB0, 0xB9, 0x9A, 0x5B, 0x54, 0x2B, 0x65, 0x91, 0x2F, 0x61, 0x79, 0x55,
    0x16, 0xD6, 0x24, 0xB3, 0x69, 0x6C, 0x76, 0xA6, 0xCB, 0x9D, 0xFD, 0xED, 0xE5, 0x68, 0x57, 0x2C,
    0x71, 0x19, 0x80, 0x2C, 0xBE, 0xCD, 0x17, 0x4B, 0x35, 0x83, 0x4F, 0xE2, 0x26, 0x0E, 0xC5, 0x69,
    0x64, 0xBC, 0xAF, 0xAF, 0x96, 0x35, 0xF4, 0xA9, 0xEA, 0xFB, 0xD4, 0x5D, 0xEA, 0x53, 0x65, 0x63,
    0x51, 0x29, 0x7D, 0xEC, 0xEA, 0x93, 0x5B, 0x00, 0x96, 0x3E, 0xF1, 0x2C, 0xFB, 0xD4, 0x89, 0x9F,
    0xF4, 0xFA, 0x00, 0x24, 0xAF, 0xFB, 0xD8, 0x76, 0x63, 0x9F, 0x58, 0xFA, 0x91, 0xCC, 0x86, 0x4B,
    0x04, 0xF0, 0xF3, 0xF3, 0x6F, 0x48, 0xF6, 0x0B, 0xFB, 0x3E, 0xB9, 0x5D, 0xF4, 0x14, 0xF2, 0xC5,
    0x77, 0x56, 0x25, 0x78, 0x9D, 0xED, 0x42, 0x66, 0x27, 0x85, 0x46, 0xDE, 0xA3, 0xF1, 0x64, 0x6A,
    0x6A, 0xB0, 0x06, 0x9D, 0xF1, 0x4D, 0xB9, 0x2C, 0x09, 0xB9, 0x7F, 0x63, 0x9F, 0x9C, 0xDC, 0x91,
    0x4C, 0xFA, 0x6F, 0xFF, 0xCF, 0xF4, 0xFF, 0x39, 0xFB, 0x01, 0x2E, 0x62, 0xC7, 0x82, 0x09, 0x72,
    0x13, 0x0F, 0xF0, 0xEB, 0x6B, 0x02, 0x3A, 0xDA, 0x63, 0x53, 0x86, 0x98, 0x76, 0x51, 0xD6, 0xC3,
    0xAF, 0xAE, 0x00, 0x72, 0xB6, 0x1E, 0x30, 0x88, 0x09, 0x76, 0xF2, 0x45, 0x66, 0xFD, 0x3A, 0x63,
    0xF1, 0x48, 0x16, 0x06, 0xB9, 0xF0, 0x36, 0x06, 0x7D, 0x7B, 0x8F, 0x75, 0xBE, 0x30, 0xB4, 0x8B,
    0x11, 0x72, 0xE2, 0x76, 0x2B, 0x9B, 0xEB, 0xEC, 0x06, 0x1C, 0x8C, 0xA1, 0xE9, 0x6D, 0xC8, 0xAC,
    0x70, 0x39, 0xBE, 0x10, 0xAE, 0xDF, 0x80, 0x13, 0xE0, 0x01, 0xF0, 0x22, 0x2A, 0x22, 0x9B, 0x03,
    0x17, 0x5E, 0x4E, 0x92, 0x8E, 0x56, 0x50, 0x2B, 0xD8, 0x20, 0x78, 0x84, 0x7F, 0x06, 0xEE, 0xA6,
    0x2C, 0x7B, 0x26, 0x31, 0x70, 0x44, 0xDB, 0xC5, 0xB9, 0x01, 0x6E, 0x53, 0xE0, 0xF6, 0x45, 0xCC,
    0xD2, 0x71, 0x0D, 0xC6, 0xE9, 0xF6, 0xB0, 0x88, 0xB9, 0x15, 0xF0, 0x81, 0x97, 0x0F, 0xF3, 0xD0,
    0x86, 0x85, 0xFA, 0x93, 0x65, 0x5F, 0x73, 0x30, 0x1B, 0x0F, 0xF1, 0xDD, 0xC8, 0xB5, 0x30, 0x11,
    0x50, 0xFE, 0xB0, 0xFC, 0xCD, 0xB1, 0x5F, 0x3D, 0x3D, 0x9B, 0xD7, 0x4F, 0xCF, 0xE7, 0xE2, 0xCF,
    0xD0, 0xFF, 0xFA, 0x88, 0xBA, 0x72, 0x8E, 0x8E, 0x9D, 0xBB, 0xF4, 0x54, 0x86, 0x2F, 0x7B, 0x28,
    0x01, 0x8B, 0x2F, 0x86, 0x91, 0x29, 0xC4, 0x86, 0x2C, 0x1D, 0xFE, 0x06, 0x91, 0xFC, 0xD3, 0x34,
    0x2A, 0xCE, 0x97, 0x88, 0x5E, 0xDA, 0x40, 0xCA, 0x97, 0x47, 0xF4, 0xC3, 0xAD, 0x2B, 0x92, 0xE5,
    0x1F, 0xDA, 0x02, 0x59, 0x84, 0xB9, 0xE5, 0x82, 0x6B, 0xFF, 0xFC, 0xD8, 0x3D, 0xFF, 0x9E, 0x7D,
    0xFE, 0xF9, 0xE8, 0xF9, 0xFE, 0xB6, 0xE7, 0x47, 0xB2, 0x1B, 0x93, 0x86, 0x98, 0xD9, 0x9C, 0x79,
    0x84, 0x71, 0x7F, 0xC0, 0x83, 0xE7, 0xE8, 0x4B, 0xEA, 0xCA, 0xA9, 0xC1, 0xB6, 0xFE, 0xF8, 0xE4,
    0x1F, 0xDC, 0x37, 0xC2, 0xCD, 0x36, 0x58, 0x6E, 0xAB, 0x31, 0x1D, 0x6A, 0xAB, 0xD4, 0x36, 0xF9,
    0x37, 0x5D, 0x9A, 0x64, 0x15, 0x22, 0xE7, 0x86, 0x24, 0x66, 0x04, 0xFE, 0xC2, 0x65, 0x03, 0x88,
    0xFC, 0x2F, 0xFA, 0x94, 0xCF, 0x2D, 0x04, 0xDF, 0x9E, 0xA4, 0x7C, 0xC5, 0x34, 0xE5, 0x73, 0x9C,
    0x4C, 0x4B, 0x23, 0x9B, 0xB3, 0x4E, 0xC6, 0xBA, 0x18, 0x6B, 0x76, 0x52, 0xE3, 0x43, 0xB4, 0xFD,
    0xB3, 0x12, 0x99, 0x37, 0x07, 0xBC, 0x5C, 0x2D, 0x08, 0xDB, 0x74, 0xCF, 0xA5, 0x7A, 0xB1, 0x83,
    0xE3, 0x76, 0x6F, 0x9A, 0xEE, 0x49, 0x67, 0xFA, 0xE5, 0xC7, 0x0E, 0xCF, 0x5B, 0x5E, 0x42, 0xBF,
    0x14, 0xE9, 0x96, 0x23, 0xE7, 0x0B, 0x5B, 0x9F, 0x8C, 0xE1, 0x7B, 0x73, 0x78, 0x67, 0xF4, 0xB1,
    0xFA, 0x58, 0x28, 0x8E, 0x91, 0x51, 0x9C, 0x0D, 0x15, 0x11, 0xF5, 0xDD, 0xE9, 0xB2, 0xB2, 0x93,
    0x33, 0x59, 0xD6, 0x5C, 0x70, 0x2B, 0x8A, 0x5B, 0xD6, 0x2C, 0xE1, 0xE5, 0xE1, 0xE9, 0x7F, 0x34,
    0x91, 0x45, 0xDB, 0xFD, 0x07, 0x75, 0xB0, 0xED, 0x4F, 0x76, 0xAD, 0xDB, 0xEE, 0x2B, 0x76, 0x85,
    0xC5, 0x6B, 0x2C, 0x85, 0xC2, 0x8F, 0x72, 0xFF, 0x62, 0xCB, 0x60, 0x20, 0x2F, 0x0F, 0x14, 0xBE,
    0x27, 0x93, 0x12, 0x15, 0x43, 0x0B, 0xF5, 0x58, 0x6D, 0x0C, 0xDF, 0xB7, 0x86, 0xF0, 0x43, 0xF8,
    0xBE, 0x56, 0x8E, 0x7A, 0xA3, 0xFD, 0x34, 0xBE, 0x19, 0x61, 0xBD, 0xA0, 0x71, 0xF5, 0x3A, 0x5E,
    0x34, 0x1C, 0xC5, 0x70, 0xF4, 0x94, 0x10, 0x97, 0x69, 0x12, 0x57, 0x79, 0x16, 0xD7, 0x26, 0x8B,
    0xFF, 0x8C, 0x94, 0xFB, 0xBF, 0xBE, 0x2E, 0xF4, 0xBF, 0xBF, 0x28, 0xB4, 0xFE, 0xDC, 0x22, 0x86,
    0x89, 0x72, 0x7D, 0x0E, 0xAA, 0x30, 0x02, 0x42, 0x19, 0x0B, 0x4B, 0x8A, 0x52, 0x2B, 0x76, 0x2A,
    0xF7, 0xB6, 0x12, 0xD9, 0x94, 0x5B, 0x42, 0xAE, 0x93, 0xAD, 0x6B, 0x53, 0xE8, 0xFF, 0x84, 0xEC,
    0x7F, 0x83, 0xEC, 0x7F, 0x9D, 0xC8, 0xAE, 0xF5, 0x20, 0x8B, 0xC1, 0x04, 0x55, 0x8E, 0x26, 0xF2,
    0xD6, 0x81, 0x1D, 0xD4, 0xA1, 0xF6, 0xE3, 0xAE, 0xEF, 0x4B, 0xD8, 0x7F, 0x47, 0xCA, 0xD6, 0x95,
    0xB2, 0x03, 0xF5, 0x6D, 0x7D, 0x17, 0xFD, 0x35, 0x76, 0xCB, 0x44, 0x7D, 0xCD, 0x01, 0xB8, 0x68,
    0x6C, 0xA8, 0xFB, 0xBF, 0x8D, 0x9A, 0xFD, 0x0D, 0x8E, 0xFB, 0x2F, 0xA6, 0x20, 0xFC, 0x3F, 0x9A,
    0x82, 0xA5, 0x68, 0xA6, 0x3F, 0x91, 0xAC, 0x74, 0xC2, 0xD1, 0x7D, 0x02, 0x7C, 0x88, 0x14, 0x01,
    0xC8, 0x67, 0xA6, 0x0E, 0x1A, 0xAD, 0x5C, 0x29, 0xB4, 0xFA, 0x4E, 0xF4, 0x27, 0xC4, 0xA4, 0x9F,
    0x81, 0xE6, 0x3E, 0xAB, 0x23, 0xB7, 0xBA, 0x9B, 0x62, 0x82, 0xCF, 0x00, 0x1D, 0xF0, 0x51, 0xA6,
    0xC4, 0xF9, 0x8A, 0x69, 0xBC, 0x57, 0x7E, 0x0C, 0x75, 0x5E, 0x4A, 0x7A, 0x25, 0xE1, 0x63, 0x7C,
    0xD8, 0xBF, 0x17, 0xF1, 0x7E, 0xF5, 0x1E, 0x42, 0xE6, 0x14, 0xB2, 0x3B, 0x5B, 0xB3, 0x8B, 0xDE,
    0x6C, 0xD5, 0xF3, 0x88, 0xBF, 0x64, 0x1C, 0x3A, 0xF5, 0xB6, 0x27, 0x36, 0x5F, 0x58, 0xED, 0xA5,
    0x35, 0x48, 0x78, 0x30, 0xEC, 0xCF, 0xB1, 0x25, 0x9B, 0xB0, 0x88, 0xB9, 0x53, 0x84, 0xB3, 0x25,
    0xCB, 0x06, 0xAD, 0xFC, 0x71, 0xC5, 0x91, 0x61, 0xB4, 0xD1, 0x8A, 0xED, 0xFF, 0xBD, 0x27, 0x65,
    0x27, 0x86, 0x5E, 0xD3, 0xE7, 0xC3, 0x56, 0x63, 0x96, 0x4C, 0x64, 0xAF, 0x44, 0x2B, 0x21, 0xB5,
    0x5F, 0x3C, 0x55, 0x0C, 0xB7, 0x09, 0xBF, 0x7C, 0x3A, 0xA8, 0xD2, 0xA1, 0xFA, 0x35, 0x2F, 0xCF,
    0x5C, 0xB9, 0xC7, 0xC8, 0xE7, 0x95, 0xFC, 0x9B, 0xF5, 0x77, 0x9B, 0xEE, 0x1F, 0x6C, 0x8F, 0xF5,
    0x16, 0xF9, 0x37, 0x0D, 0x1C, 0xB6, 0xC9, 0x3B, 0xD4, 0x5E, 0xEE, 0xF0, 0xF6, 0x22, 0x7E, 0xD6,
    0xE2, 0xC0, 0x07, 0x2B, 0x79, 0xFF, 0x5D, 0x54, 0xB0, 0xD8, 0xCA, 0xC1, 0x79, 0xCB, 0xCE, 0x96,
    0x53, 0x98, 0xE9, 0x48, 0x1D, 0xA1, 0xB1, 0x85, 0x67, 0x75, 0x5A, 0x8E, 0x36, 0xB6, 0xD6, 0xEF,
    0xA0, 0x0F, 0xB1, 0xED, 0x43, 0xC2, 0x3E, 0x44, 0xD6, 0x97, 0x10, 0x53, 0x19, 0xB4, 0x0D, 0xD9,
    0x0E, 0x58, 0x59, 0x5B, 0xB1, 0x29, 0xC6, 0xE8, 0x2F, 0x88, 0x74, 0xF6, 0x8E, 0x27, 0x29, 0x80,
    0xD8, 0xDE, 0x5B, 0xA2, 0x13, 0x0B, 0xC1, 0xF8, 0xDF, 0xA1, 0xF6, 0x93, 0x43, 0xEE, 0x58, 0xF4,
    0xFE, 0x2B, 0xA2, 0xDB, 0xFE, 0x48, 0xEC, 0x50, 0x1D, 0x5B, 0x77, 0xB8, 0xFB, 0xF7, 0x6D, 0x8F,
    0x6D, 0x13, 0x6F, 0xB4, 0x39, 0x7C, 0x97, 0xFC, 0x9B, 0x6C, 0x25, 0x5B, 0xEF, 0x97, 0x73, 0x94,
    0x49, 0x38, 0xD9, 0xF6, 0x33, 0xF4, 0xAB, 0xAF, 0x59, 0xEC, 0x5A, 0x27, 0xAD, 0xF9, 0xFC, 0xD8,
    0x3E, 0xBF, 0xBF, 0x7F, 0xCB, 0xF3, 0xF7, 0x1F, 0xAF, 0x9B, 0xF5, 0x6B, 0xAF, 0xF1, 0xBA, 0x46,
    0x7F, 0x69, 0xD7, 0x30, 0x6F, 0xC1, 0x60, 0xE3, 0x6E, 0x8F, 0xFC, 0x21, 0x36, 0xE6, 0x6E, 0x73,
    0xD0, 0x37, 0xDD, 0x86, 0xC4, 0x7E, 0x4B, 0xDF, 0x47, 0xFF, 0x0E, 0xB5, 0x81, 0x7E, 0x93, 0xEC,
    0x43, 0xEE, 0x4A, 0xD8, 0x36, 0x77, 0x87, 0xEA, 0xFF, 0xAC, 0xFE, 0x81, 0x5B, 0x73, 0xC0, 0xBD,
    0xF8, 0xFC, 0xFF, 0xF1, 0x0E, 0xEA, 0xEF, 0x66, 0x78, 0x60, 0x50, 0xAA, 0x8E, 0x7F, 0x00, 0x85,
    0xE4, 0xA1, 0xF8, 0xE1, 0x41, 0xDF, 0x61, 0x9B, 0xFC, 0x43, 0xBE, 0xC3, 0x36, 0x7F, 0x7B, 0xA8,
    0x3F, 0x28, 0x58, 0xF7, 0xB7, 0xFB, 0x6F, 0x63, 0x3C, 0xD8, 0x9A, 0xF7, 0x74, 0x77, 0xE2, 0x1E,
    0x1B, 0xC7, 0x1A, 0x77, 0xCC, 0xC6, 0xC7, 0x16, 0x8D, 0x3D, 0xD4, 0x9F, 0x11, 0xEC, 0x2D, 0x7F,
    0xCF, 0x4D, 0x91, 0xFF, 0x07, 0x75, 0x8E, 0xB1, 0x11, 0x03, 0x21, 0x0C, 0x04, 0xEF, 0xDF, 0x81,
    0x83, 0x0F, 0x28, 0xC1, 0xEE, 0x40, 0x89, 0xF3, 0xFB, 0xCE, 0xA0, 0x32, 0x5B, 0x25, 0x50, 0x02,
    0x25, 0x10, 0x38, 0xF8, 0xE0, 0x31, 0x3E, 0x18, 0xA7, 0xD6, 0xCC, 0x8D, 0x46, 0x80, 0x76, 0xC1,
    0x1D, 0x40, 0x03, 0x96, 0x9E, 0x00, 0xCB, 0xC0, 0xAA, 0xAE, 0x8A, 0xFB, 0x56, 0x99, 0x42, 0x31,
    0xBF, 0x79, 0xC8, 0xE6, 0xA1, 0x72, 0xBF, 0xD6, 0x88, 0xCB, 0xD1, 0xB0, 0xB4, 0x13, 0xE8, 0x87,
    0x1E, 0x55, 0x80, 0xDA, 0x31, 0xFF, 0x9F, 0x87, 0x60, 0x4F, 0xA5, 0x8F, 0xB9, 0x48, 0xE4, 0x93,
    0x4F, 0x9F, 0xEC, 0x3C, 0xD9, 0x85, 0x69, 0x1B, 0xFC, 0x37, 0xC5, 0x7F, 0x61, 0x3D, 0x3F, 0xFA,
    0xD3, 0x70, 0x28, 0x51, 0x1E, 0xCA, 0x63, 0x4A, 0xF8, 0xB9, 0x62, 0x02, 0xBB, 0x8E, 0x75, 0x4D,
    0x21, 0xBF, 0x6D, 0x91, 0x3F, 0x4E, 0xC3, 0x30, 0x14, 0xC6, 0xBF, 0xC4, 0x43, 0xA4, 0x78, 0x30,
    0x3B, 0x43, 0x4E, 0x40, 0xCD, 0xC0, 0x82, 0x44, 0xB1, 0x45, 0x77, 0x8E, 0x80, 0xC4, 0x09, 0xBA,
    0x16, 0x84, 0x48, 0x8E, 0xC4, 0xD0, 0x11, 0x14, 0xEF, 0x2C, 0x16, 0x27, 0xF0, 0x11, 0x3C, 0x78,
    0x30, 0x52, 0x12, 0xF3, 0x9C, 0x56, 0x42, 0xA9, 0x6A, 0xFF, 0x3E, 0xF9, 0xF9, 0x7D, 0x96, 0x9F,
    0xFF, 0xB4, 0x29, 0xB5, 0x33, 0xD4, 0xE2, 0x39, 0xE1, 0x83, 0x07, 0x69, 0xD7, 0xE8, 0x75, 0x32,
    0xC9, 0xF6, 0x46, 0x6A, 0x6E, 0x9B, 0x20, 0x63, 0x13, 0x79, 0x28, 0xFD, 0xD6, 0xF6, 0x7A, 0x07,
    0xE6, 0xC5, 0x90, 0x7B, 0x35, 0x20, 0x54, 0x5E, 0x99, 0x5B, 0x14, 0x8E, 0x77, 0x82, 0x22, 0xA5,
    0x7F, 0xF1, 0x56, 0x3A, 0xF4, 0x2C, 0x22, 0x6D, 0x46, 0xF4, 0xA4, 0x7B, 0x44, 0x94, 0x4E, 0x74,
    0x55, 0x94, 0x96, 0x47, 0xE9, 0x58, 0x14, 0x16, 0x81, 0x99, 0xCA, 0x37, 0x9D, 0x32, 0x13, 0xAE,
    0x10, 0x90, 0x5B, 0x65, 0xA5, 0xCE, 0x7B, 0x64, 0x55, 0x5E, 0x9A, 0xC2, 0xF3, 0xEE, 0xD2, 0x6C,
    0xD1, 0x3F, 0x0C, 0xD8, 0x15, 0x0E, 0x68, 0x17, 0xA8, 0x94, 0x0E, 0x9C, 0xE4, 0x17, 0x28, 0x50,
    0xF9, 0xCC, 0x7A, 0x66, 0xE9, 0xB6, 0x69, 0x3A, 0x70, 0x3E, 0xF9, 0x8E, 0x7F, 0xD6, 0x47, 0xB8,
    0x87, 0x1A, 0x69, 0x0D, 0xFA, 0x19, 0x0A, 0x68, 0xCA, 0x03, 0x56, 0x62, 0x63, 0x55, 0xF3, 0xED,
    0xF2, 0xD8, 0x74, 0x54, 0xD7, 0x02, 0x2F, 0x74, 0xE4, 0xBD, 0xC7, 0xC5, 0xDE, 0x97, 0xFE, 0xD5,
    0x49, 0xAD, 0x7E, 0x02, 0xEA, 0xAD, 0x46, 0x49, 0xD7, 0x5D, 0xD1, 0x7D, 0x9F, 0xA3, 0xE8, 0xD8,
    0xA8, 0x1C, 0x7F, 0xBA, 0xF3, 0xFC, 0x71, 0x77, 0x10, 0xC5, 0x39, 0x57, 0x90, 0x87, 0x1B, 0x60,
    0x42, 0x31, 0x81, 0x0D, 0xE0, 0x11, 0x0D, 0x95, 0x76, 0x19, 0x0A, 0x68, 0x4A, 0x49, 0xB2, 0x68,
    0x01, 0xAE, 0x51, 0x43, 0x69, 0x65, 0xA4, 0x13, 0x9E, 0x0F, 0x6C, 0x64, 0x23, 0x1F, 0x84, 0x97,
    0x2E, 0xFF, 0x46, 0x3D, 0xBF, 0x2B, 0x20, 0x0C, 0x20, 0xF5, 0xFC, 0x1E, 0xF8, 0x04, 0x8A, 0x08,
    0xFA, 0x44, 0xB2, 0xDC, 0xD2, 0xFA, 0x22, 0x9D, 0x58, 0xCD, 0xD1, 0xFA, 0x03, 0xD5, 0x90, 0xB1,
    0x51, 0xC4, 0x30, 0x10, 0x45, 0xDF, 0xF8, 0x02, 0x07, 0x0E, 0x54, 0x00, 0x81, 0x08, 0x2E, 0x46,
    0x15, 0x20, 0xA9, 0x03, 0x5A, 0xA0, 0x83, 0x0B, 0xC8, 0x2D, 0x97, 0x40, 0x37, 0x24, 0x78, 0xCE,
    0x25, 0x50, 0x82, 0x3B, 0x38, 0x02, 0x07, 0x0A, 0x24, 0x2F, 0x2B, 0xC3, 0x10, 0x93, 0x32, 0xF3,
    0x82, 0x9D, 0xDD, 0x9D, 0xBF, 0xFB, 0x7F, 0x57, 0x31, 0x12, 0xED, 0xD3, 0x12, 0xFA, 0x0F, 0xC5,
    0xBF, 0xAD, 0xFE, 0x65, 0xFD, 0xAE, 0xB5, 0xA9, 0xA3, 0xAE, 0x42, 0x00, 0xE1, 0x24, 0x0C, 0x37,
    0xAC, 0xC3, 0x3B, 0x92, 0x2C, 0x0A, 0x0E, 0xC5, 0xED, 0x8D, 0x07, 0xF0, 0xBA, 0xB8, 0x11, 0x76,
    0x48, 0x3C, 0x07, 0xAE, 0x3B, 0x69, 0x83, 0x0B, 0xBD, 0x60, 0x56, 0x5C, 0x24, 0x54, 0x82, 0x44,
    0x6F, 0xA6, 0x60, 0x26, 0x2B, 0xF4, 0x15, 0x91, 0x06, 0x33, 0x14, 0xBA, 0x8D, 0xD3, 0x27, 0xFD,
    0x8A, 0x59, 0x7E, 0x18, 0xB2, 0xEE, 0x33, 0x3B, 0xDE, 0xF5, 0xE2, 0x8C, 0x2B, 0x8C, 0x57, 0x8A,
    0x8D, 0xC5, 0xC5, 0x24, 0xD8, 0x4C, 0x9F, 0x71, 0x82, 0xB7, 0xF1, 0xD1, 0x4C, 0x4D, 0x56, 0xA6,
    0x41, 0xD5, 0x46, 0x5C, 0xC6, 0xBE, 0xD2, 0xFD, 0xC5, 0x5A, 0x61, 0x28, 0x84, 0x82, 0x2F, 0xAD,
    0xFE, 0x25, 0xC8, 0xA2, 0xDC, 0x65, 0xD2, 0xCE, 0x39, 0x1C, 0x09, 0x54, 0x4E, 0xB9, 0x19, 0x09,
    0x53, 0xFB, 0xAA, 0x3D, 0xB0, 0x91, 0x2A, 0xE7, 0xB1, 0x5D, 0x54, 0x91, 0xE1, 0x08, 0xEA, 0xFE,
    0x30, 0x7E, 0xC9, 0xFF, 0x35, 0xB4, 0x2F, 0x45, 0x8F, 0xB1, 0x11, 0x83, 0x30, 0x10, 0x04, 0x0F,
    0x34, 0x03, 0x81, 0x03, 0x95, 0x40, 0x09, 0x94, 0x80, 0x5C, 0x99, 0xD4, 0x91, 0x4B, 0x90, 0x4A,
    0xA0, 0x02, 0x8F, 0x02, 0xE7, 0x26, 0x20, 0x20, 0x40, 0x9C, 0x4F, 0xD8, 0x8C, 0x83, 0x9D, 0xFF,
    0xB9, 0xBF, 0xBF, 0x9F, 0x47, 0xCB, 0x80, 0x91, 0x09, 0x51, 0xF0, 0x1E, 0xDA, 0x1D, 0x30, 0x62,
    0x22, 0xC5, 0x81, 0x7E, 0xC1, 0xC9, 0xC4, 0x5D, 0x6C, 0xE7, 0xAC, 0xD2, 0xC8, 0x0B, 0x72, 0x96,
    0x98, 0xD1, 0x31, 0x78, 0x72, 0xB9, 0xC0, 0x98, 0xF0, 0xE5, 0x29, 0x28, 0x0A, 0x5A, 0x59, 0x6F,
    0x3A, 0x61, 0x1E, 0xEF, 0xAA, 0x39, 0xF8, 0x82, 0x5E, 0x5A, 0x7F, 0x6A, 0x97, 0x3F, 0xA1, 0x89,
    0x19, 0x96, 0x45, 0x5E, 0xC2, 0xB8, 0xE8, 0x74, 0x39, 0x54, 0xFE, 0xD9, 0x1B, 0xA0, 0x93, 0xA6,
    0x46, 0xFC, 0xB4, 0x41, 0xAB, 0x36, 0x77, 0xCE, 0x92, 0xC9, 0x08, 0xF8, 0xC3, 0x45, 0xD5, 0x0B,
    0x0C, 0xF5, 0x89, 0x55, 0x2F, 0xB2, 0xEA, 0xB5, 0x6A, 0x41, 0x9A, 0xCF, 0xEA, 0x1D, 0xE2, 0x4B,
    0xED, 0x0C, 0x0C, 0xAB, 0x6C, 0x05, 0xCA, 0x17, 0x93, 0x42, 0xB5, 0xF7, 0x01, 0xAD, 0x92, 0x3D,
    0x4E, 0xC4, 0x30, 0x10, 0x85, 0x5F, 0x12, 0x89, 0x15, 0xA4, 0xF0, 0x11, 0xD2, 0xD0, 0x22, 0x17,
    0x34, 0x54, 0x38, 0x12, 0x57, 0xA1, 0xE7, 0x04, 0xC8, 0x11, 0x27, 0xE0, 0x40, 0x80, 0xCD, 0x0D,
    0x22, 0xED, 0x05, 0x5C, 0xD0, 0x63, 0xA4, 0x15, 0xDA, 0x22, 0x9B, 0xE1, 0x4D, 0xBC, 0x2B, 0xF1,
    0xD7, 0xC1, 0xAE, 0x3E, 0x69, 0x32, 0xF6, 0xFC, 0x3D, 0x4F, 0x2D, 0x03, 0x5A, 0xD9, 0x90, 0x1D,
    0x8E, 0x2A, 0x01, 0xE0, 0x7B, 0xC0, 0x0E, 0x40, 0x17, 0xE1, 0x5F, 0x63, 0x23, 0x12, 0x0D, 0xE9,
    0x92, 0x8D, 0x6E, 0xE8, 0xA2, 0xEB, 0x09, 0x68, 0xC3, 0x0D, 0xAE, 0xF7, 0xB0, 0xCF, 0x33, 0x3A,
    0x99, 0xB0, 0x92, 0x8C, 0x2A, 0x30, 0xCC, 0x8D, 0x24, 0x31, 0x4D, 0x06, 0xC2, 0x06, 0x98, 0xB7,
    0xA8, 0xB6, 0x13, 0xEA, 0xCD, 0x84, 0x26, 0xCF, 0x24, 0xA0, 0x4D, 0x1E, 0x66, 0x74, 0x3D, 0x61,
    0x46, 0xBB, 0xFC, 0x69, 0x8D, 0x4E, 0x24, 0x79, 0x91, 0x1C, 0x88, 0x88, 0xF4, 0x07, 0x66, 0xF6,
    0xF4, 0x1F, 0x30, 0xBF, 0xD6, 0x18, 0x2D, 0x31, 0x6C, 0x73, 0xC5, 0x16, 0x9B, 0x89, 0x23, 0xEF,
    0x48, 0x20, 0x2E, 0x02, 0x26, 0x15, 0x2C, 0x6D, 0x4F, 0xDF, 0x0C, 0xD4, 0xBC, 0xD3, 0x70, 0x94,
    0x36, 0x2F, 0xAA, 0xE0, 0x90, 0x47, 0xF9, 0xDC, 0x27, 0x33, 0x32, 0xAB, 0xE1, 0x0D, 0x4B, 0xDB,
    0x31, 0xF8, 0x01, 0x1C, 0x9E, 0xC1, 0x0C, 0x5C, 0xA5, 0xAF, 0x47, 0x8F, 0xE4, 0xDB, 0x51, 0xB7,
    0x3F, 0xEA, 0x06, 0x97, 0x5C, 0xEA, 0x86, 0x52, 0xD1, 0xE4, 0xD2, 0x50, 0x37, 0x96, 0xA6, 0x9C,
    0x8A, 0xDC, 0x97, 0xE6, 0x02, 0xAA, 0x38, 0xC3, 0xA6, 0x1D, 0xC2, 0xDB, 0x04, 0xFF, 0xBE, 0xC5,
    0x39, 0xDF, 0xB2, 0xE2, 0x5B, 0x40, 0x09, 0x69, 0xFF, 0x1E, 0x71, 0x69, 0x5C, 0x75, 0xB7, 0xB3,
    0x44, 0xD5, 0xF9, 0xD1, 0xAD, 0xF3, 0x83, 0xB9, 0xCB, 0xB7, 0x76, 0x9D, 0xF5, 0x5B, 0xFD, 0x7A,
    0x8E, 0x9A, 0x3B, 0x60, 0x44, 0x87, 0x2C, 0xA5, 0xFC, 0x5E, 0x9B, 0x3F, 0xA0, 0x6B, 0x15, 0xA8,
    0x71, 0xE0, 0xBC, 0x81, 0xED, 0x34, 0xDB, 0xFA, 0xDE, 0xC8, 0x55, 0x5E, 0x34, 0x6C, 0x25, 0x9E,
    0xE1, 0x09, 0xFA, 0xFB, 0xDD, 0x7F, 0x4D, 0xF8, 0x00, 0xF5, 0x06, 0x5F, 0xB4, 0xB6, 0x74, 0x5F,
    0x16, 0x89, 0x3F, 0xFB, 0xDB, 0xBD, 0x8E, 0xAB, 0x25, 0xE3, 0x49, 0x29, 0x7E, 0x23, 0xDC, 0x4F,
    0x6A, 0xC4, 0x5D, 0x57, 0x49, 0x14, 0x4F, 0x5B, 0x7D, 0xB0, 0x3C, 0xAF, 0xB4, 0xD1, 0xE3, 0x25,
    0x82, 0xBB, 0xD7, 0x1F, 0xB8, 0xD0, 0x95, 0xB8, 0xA7, 0x6F, 0xD6, 0x6B, 0xD4, 0x35, 0xB0, 0xEE,
    0x51, 0x41, 0x6D, 0x2B, 0x2F, 0xF0, 0xBB, 0x72, 0xE7, 0x14, 0xF8, 0x11, 0xFF, 0x01, 0x63, 0xA8,
    0xEF, 0x3E, 0xC0, 0xF4, 0xBF, 0xFF, 0x01, 0xFB, 0xFF, 0xF8, 0x0F, 0xDC, 0x1F, 0xF8, 0x1F, 0xF0,
    0x5F, 0xE0, 0x3E, 0xC0, 0x7F, 0x81, 0x81, 0xA1, 0xFE, 0x3F, 0xFF, 0x05, 0x18, 0x26, 0x05, 0x32,
    0xEC, 0xEF, 0x3A, 0xC0, 0xFC, 0x7F, 0xFE, 0x01, 0xA0, 0x79, 0x07, 0xB8, 0x3F, 0xC8, 0x03, 0xCD,
    0x82, 0xE0, 0xFA, 0xFF, 0x08, 0x0C, 0x13, 0xC3, 0x8E, 0x41, 0x6E, 0xE0, 0xFF, 0x02, 0x74, 0xC7,
    0x07, 0xFE, 0x0B, 0x8C, 0x1F, 0x00, 0x63, 0x60, 0x63, 0x60, 0x60, 0x90, 0x6F, 0x60, 0x60, 0xA8,
    0x7F, 0xC0, 0xC0, 0x78, 0x41, 0x87, 0x81, 0xFD, 0x1A, 0x3F, 0x83, 0xFC, 0x7F, 0xFE, 0x03, 0xF5,
    0x7F, 0xF5, 0x3F, 0xD4, 0xFF, 0xA8, 0xFF, 0x20, 0xFF, 0xE1, 0xFF, 0x01, 0xF6, 0xFF, 0xFF, 0x19,
    0x18, 0x3F, 0xFC, 0x61, 0x60, 0x28, 0xF9, 0x00, 0x51, 0x0B, 0xD4, 0x03, 0x00,
};

static const EpdGlyph ubuntumono_14_boldGlyphs[] = {
    { 0, 0, 233, 0, 0, 0, 0 }, // U+0000
    { 0, 0, 233, 0, 0, 0, 0 }, // U+0008
    { 0, 0, 233, 0, 0, 0, 0 }, // U+0009
    { 0, 0, 233, 0, 0, 0, 0 }, // U+000D
    { 0, 0, 233, 0, 0, 0, 0 }, // U+001D
    { 0, 0, 233, 0, 0, 0, 0 }, // U+0020
    { 6, 18, 233, 4, 18, 27, 0 }, // !
    { 11, 8, 233, 2, 20, 22, 27 }, // "
    { 14, 18, 233, 0, 18, 63, 49 }, // #
    { 14, 23, 233, 0, 20, 81, 112 }, // $
    { 15, 18, 233, 0, 18, 68, 193 }, // %
    { 14, 18, 233, 0, 18, 63, 261 }, // &
    { 5, 9, 233, 5, 20, 12, 324 }, // '
    { 11, 26, 233, 2, 21, 72, 336 }, // (
    { 10, 26, 233, 2, 21, 65, 408 }, // )
    { 13, 12, 233, 1, 18, 39, 473 }, // *
    { 13, 13, 233, 1, 14, 43, 512 }, // +
    { 8, 10, 233, 3, 5, 20, 555 }, // ,
    { 9, 4, 233, 3, 9, 9, 575 }, // -
    { 6, 5, 233, 4, 5, 8, 584 }, // .
    { 13, 25, 233, 1, 20, 82, 592 }, // /
    { 13, 18, 233, 1, 18, 59, 674 }, // 0
    { 13, 18, 233, 1, 18, 59, 733 }, // 1
    { 13, 18, 233, 1, 18, 59, 792 }, // 2
    { 13, 18, 233, 1, 18, 59, 851 }, // 3
    { 14, 18, 233, 0, 18, 63, 910 }, // 4
    { 12, 18, 233, 1, 18, 54, 973 }, // 5
    { 13, 18, 233, 1, 18, 59, 1027 }, // 6
    { 13, 18, 233, 1, 18, 59, 1086 }, // 7
    { 13, 18, 233, 1, 18, 59, 1145 }, // 8
    { 13, 18, 233, 1, 18, 59, 1204 }, // 9
    { 6, 14, 233, 4, 14, 21, 1263 }, // :
    { 7, 19, 233, 3, 14, 34, 1284 }, // ;
    { 13, 13, 233, 1, 14, 43, 1318 }, // <
    { 13, 9, 233, 1, 12, 30, 1361 }, // =
    { 13, 13, 233, 1, 14, 43, 1391 }, // >
    { 11, 18, 233, 2, 18, 50, 1434 }, // ?
    { 14, 22, 233, 0, 18, 77, 1484 }, // @
    { 15, 18, 233, 0, 18, 68, 1561 }, // A
    { 13, 18, 233, 1, 18, 59, 1629 }, // B
    { 14, 18, 233, 0, 18, 63, 1688 }, // C
    { 13, 18, 233, 1, 18, 59, 1751 }, // D
    { 13, 18, 233, 1, 18, 59, 1810 }, // E
    { 12, 18, 233, 1, 18, 54, 1869 }, // F
    { 14, 18, 233, 0, 18, 63, 1923 }, // G
    { 13, 18, 233, 1, 18, 59, 1986 }, // H
    { 12, 18, 233, 1, 18, 54, 2045 }, // I
    { 12, 18, 233, 1, 18, 54, 2099 }, // J
    { 14, 18, 233, 1, 18, 63, 2153 }, // K
    { 12, 18, 233, 2, 18, 54, 2216 }, // L
    { 14, 18, 233, 0, 18, 63, 2270 }, // M
    { 13, 18, 233, 1, 18, 59, 2333 }, // N
    { 14, 18, 233, 0, 18, 63, 2392 }, // O
    { 13, 18, 233, 1, 18, 59, 2455 }, // P
    { 14, 23, 233, 0, 18, 81, 2514 }, // Q
    { 14, 18, 233, 1, 18, 63, 2595 }, // R
    { 13, 18, 233, 1, 18, 59, 2658 }, // S
    { 14, 18, 233, 0, 18, 63, 2717 }, // T
    { 13, 18, 233, 1, 18, 59, 2780 }, // U
    { 15, 18, 233, 0, 18, 68, 2839 }, // V
    { 14, 18, 233, 0, 18, 63, 2907 }, // W
    { 15, 18, 233, 0, 18, 68, 2970 }, // X
    { 15, 18, 233, 0, 18, 68, 3038 }, // Y
    { 13, 18, 233, 1, 18, 59, 3106 }, // Z
    { 9, 25, 233, 3, 20, 57, 3165 }, // [
    { 13, 25, 233, 1, 20, 82, 3222 }, // <backslash>
    { 9, 25, 233, 3, 20, 57, 3304 }, // ]
    { 15, 9, 233, 0, 18, 34, 3361 }, // ^
    { 15, 3, 233, 0, -2, 12, 3395 }, // _
    { 7, 5, 233, 4, 20, 9, 3407 }, // `
    { 12, 14, 233, 1, 14, 42, 3416 }, // a
    { 13, 20, 233, 1, 20, 65, 3458 }, // b
    { 13, 14, 233, 1, 14, 46, 3523 }, // c
    { 13, 20, 233, 0, 20, 65, 3569 }, // d
    { 14, 14, 233, 0, 14, 49, 3634 }, // e
    { 14, 20, 233, 1, 20, 70, 3683 }, // f
    { 13, 19, 233, 0, 14, 62, 3753 }, // g
    { 12, 20, 233, 1, 20, 60, 3815 }, // h
    { 13, 20, 233, 1, 20, 65, 3875 }, // i
    { 11, 25, 233, 1, 20, 69, 3940 }, // j
    { 14, 20, 233, 1, 20, 70, 4009 }, // k
    { 13, 20, 233, 1, 20, 65, 4079 }, // l
    { 14, 14, 233, 0, 14, 49, 4144 }, // m
    { 12, 14, 233, 1, 14, 42, 4193 }, // n
    { 14, 14, 233, 0, 14, 49, 4235 }, // o
    { 13, 19, 233, 1, 14, 62, 4284 }, // p
    { 13, 19, 233, 0, 14, 62, 4346 }, // q
    { 12, 14, 233, 2, 14, 42, 4408 }, // r
    { 12, 14, 233, 1, 14, 42, 4450 }, // s
    { 13, 18, 233, 1, 18, 59, 4492 }, // t
    { 12, 14, 233, 1, 14, 42, 4551 }, // u
    { 15, 14, 233, 0, 14, 53, 4593 }, // v
    { 15, 14, 233, 0, 14, 53, 4646 }, // w
    { 14, 14, 233, 0, 14, 49, 4699 }, // x
    { 14, 19, 233, 0, 14, 67, 4748 }, // y
    { 12, 14, 233, 1, 14, 42, 4815 }, // z
    { 12, 25, 233, 1, 20, 75, 4857 }, // {
    { 5, 25, 233, 5, 20, 32, 4932 }, // |
    { 12, 25, 233, 1, 20, 75, 4964 }, // }
    { 15, 5, 233, 0, 10, 19, 5039 }, // ~
    { 0, 0, 233, 0, 0, 0, 0 }, // U+00A0
    { 6, 18, 233, 4, 13, 27, 0 }, // U+00A1
    { 13, 21, 233, 1, 18, 69, 27 }, // U+00A2
    { 13, 18, 233, 1, 18, 59, 96 }, // U+00A3
    { 14, 12, 233, 0, 15, 42, 155 }, // U+00A4
    { 15, 18, 233, 0, 18, 68, 197 }, // U+00A5
    { 5, 25, 233, 5, 20, 32, 265 }, // U+00A6
    { 13, 21, 233, 1, 18, 69, 297 }, // U+00A7
    { 11, 4, 233, 2, 20, 11, 366 }, // U+00A8
    { 14, 14, 233, 0, 14, 49, 377 }, // U+00A9
    { 9, 10, 233, 3, 18, 23, 426 }, // U+00AA
    { 13, 13, 233, 1, 14, 43, 449 }, // U+00AB
    { 12, 9, 233, 1, 10, 27, 492 }, // U+00AC
    { 9, 4, 233, 3, 9, 9, 519 }, // U+00AD
    { 14, 14, 233, 0, 14, 49, 528 }, // U+00AE
    { 9, 2, 233, 3, 19, 5, 577 }, // U+00AF
    { 9, 7, 233, 3, 20, 16, 582 }, // U+00B0
    { 13, 17, 233, 1, 17, 56, 598 }, // U+00B1
    { 9, 10, 233, 3, 18, 23, 654 }, // U+00B2
    { 9, 10, 233, 3, 18, 23, 677 }, // U+00B3
    { 7, 5, 233, 4, 20, 9, 700 }, // U+00B4
    { 12, 19, 233, 1, 14, 57, 709 }, // U+00B5
    { 14, 23, 233, 0, 18, 81, 766 }, // U+00B6
    { 6, 5, 233, 4, 10, 8, 847 }, // U+00B7
    { 7, 5, 233, 4, 0, 9, 855 }, // U+00B8
    { 10, 10, 233, 3, 18, 25, 864 }, // U+00B9
    { 11, 11, 233, 2, 18, 31, 889 }, // U+00BA
    { 13, 12, 233, 1, 14, 39, 920 }, // U+00BB
    { 15, 18, 233, 0, 18, 68, 959 }, // U+00BC
    { 15, 18, 233, 0, 18, 68, 1027 }, // U+00BD
    { 15, 18, 233, 0, 18, 68, 1095 }, // U+00BE
    { 11, 19, 233, 2, 14, 53, 1163 }, // U+00BF
    { 15, 24, 233, 0, 24, 90, 1216 }, // U+00C0
    { 15, 24, 233, 0, 24, 90, 1306 }, // U+00C1
    { 15, 24, 233, 0, 24, 90, 1396 }, // U+00C2
    { 15, 23, 233, 0, 23, 87, 1486 }, // U+00C3
    { 15, 24, 233, 0, 24, 90, 1573 }, // U+00C4
    { 15, 23, 233, 0, 23, 87, 1663 }, // U+00C5
    { 15, 18, 233, 0, 18, 68, 1750 }, // U+00C6
    { 14, 23, 233, 0, 18, 81, 1818 }, // U+00C7
    { 13, 24, 233, 1, 24, 78, 1899 }, // U+00C8
    { 13, 24, 233, 1, 24, 78, 1977 }, // U+00C9
    { 13, 24, 233, 1, 24, 78, 2055 }, // U+00CA
    { 13, 24, 233, 1, 24, 78, 2133 }, // U+00CB
    { 12, 24, 233, 1, 24, 72, 2211 }, // U+00CC
    { 12, 24, 233, 1, 24, 72, 2283 }, // U+00CD
    { 12, 24, 233, 1, 24, 72, 2355 }, // U+00CE
    { 12, 24, 233, 1, 24, 72, 2427 }, // U+00CF
    { 14, 18, 233, 0, 18, 63, 2499 }, // U+00D0
    { 13, 23, 233, 1, 23, 75, 2562 }, // U+00D1
    { 14, 24, 233, 0, 24, 84, 2637 }, // U+00D2
    { 14, 24, 233, 0, 24, 84, 2721 }, // U+00D3
    { 14, 24, 233, 0, 24, 84, 2805 }, // U+00D4
    { 14, 23, 233, 0, 23, 81, 2889 }, // U+00D5
    { 14, 24, 233, 0, 24, 84, 2970 }, // U+00D6
    { 13, 12, 233, 1, 13, 39, 3054 }, // U+00D7
    { 14, 20, 233, 0, 19, 70, 3093 }, // U+00D8
    { 13, 24, 233, 1, 24, 78, 3163 }, // U+00D9
    { 13, 24, 233, 1, 24, 78, 3241 }, // U+00DA
    { 13, 24, 233, 1, 24, 78, 3319 }, // U+00DB
    { 13, 24, 233, 1, 24, 78, 3397 }, // U+00DC
    { 15, 24, 233, 0, 24, 90, 3475 }, // U+00DD
    { 13, 18, 233, 1, 18, 59, 3565 }, // U+00DE
    { 15, 20, 233, 0, 20, 75, 3624 }, // U+00DF
    { 12, 20, 233, 1, 20, 60, 3699 }, // U+00E0
    { 12, 20, 233, 1, 20, 60, 3759 }, // U+00E1
    { 12, 20, 233, 1, 20, 60, 3819 }, // U+00E2
    { 12, 19, 233, 1, 19, 57, 3879 }, // U+00E3
    { 12, 20, 233, 1, 20, 60, 3936 }, // U+00E4
    { 12, 21, 233, 1, 21, 63, 3996 }, // U+00E5
    { 15, 14, 233, 0, 14, 53, 4059 }, // U+00E6
    { 13, 19, 233, 1, 14, 62, 4112 }, // U+00E7
    { 14, 20, 233, 0, 20, 70, 4174 }, // U+00E8
    { 14, 20, 233, 0, 20, 70, 4244 }, // U+00E9
    { 14, 20, 233, 0, 20, 70, 4314 }, // U+00EA
    { 14, 20, 233, 0, 20, 70, 4384 }, // U+00EB
    { 13, 20, 233, 1, 20, 65, 4454 }, // U+00EC
    { 13, 20, 233, 1, 20, 65, 4519 }, // U+00ED
    { 13, 20, 233, 1, 20, 65, 4584 }, // U+00EE
    { 13, 20, 233, 1, 20, 65, 4649 }, // U+00EF
    { 13, 20, 233, 1, 20, 65, 4714 }, // U+00F0
    { 12, 19, 233, 1, 19, 57, 4779 }, // U+00F1
    { 14, 20, 233, 0, 20, 70, 4836 }, // U+00F2
    { 14, 20, 233, 0, 20, 70, 4906 }, // U+00F3
    { 14, 20, 233, 0, 20, 70, 4976 }, // U+00F4
    { 14, 19, 233, 0, 19, 67, 5046 }, // U+00F5
    { 14, 20, 233, 0, 20, 70, 5113 }, // U+00F6
    { 13, 15, 233, 1, 15, 49, 5183 }, // U+00F7
    { 14, 16, 233, 0, 15, 56, 5232 }, // U+00F8
    { 12, 20, 233, 1, 20, 60, 5288 }, // U+00F9
    { 12, 20, 233, 1, 20, 60, 5348 }, // U+00FA
    { 12, 20, 233, 1, 20, 60, 5408 }, // U+00FB
    { 12, 20, 233, 1, 20, 60, 5468 }, // U+00FC
    { 14, 25, 233, 0, 20, 88, 5528 }, // U+00FD
    { 13, 25, 233, 1, 20, 82, 5616 }, // U+00FE
    { 14, 25, 233, 0, 20, 88, 5698 }, // U+00FF
    { 15, 23, 233, 0, 23, 87, 0 }, // U+0100
    { 12, 19, 233, 1, 19, 57, 87 }, // U+0101
    { 15, 24, 233, 0, 24, 90, 144 }, // U+0102
    { 12, 20, 233, 1, 20, 60, 234 }, // U+0103
    { 15, 23, 233, 0, 18, 87, 294 }, // U+0104
    { 12, 19, 233, 1, 14, 57, 381 }, // U+0105
    { 14, 24, 233, 0, 24, 84, 438 }, // U+0106
    { 13, 20, 233, 1, 20, 65, 522 }, // U+0107
    { 14, 24, 233, 0, 24, 84, 587 }, // U+0108
    { 13, 20, 233, 1, 20, 65, 671 }, // U+0109
    { 14, 24, 233, 0, 24, 84, 736 }, // U+010A
    { 13, 20, 233, 1, 20, 65, 820 }, // U+010B
    { 14, 24, 233, 0, 24, 84, 885 }, // U+010C
    { 13, 20, 233, 1, 20, 65, 969 }, // U+010D
    { 13, 24, 233, 1, 24, 78, 1034 }, // U+010E
    { 16, 20, 233, 0, 20, 80, 1112 }, // U+010F
    { 14, 18, 233, 0, 18, 63, 1192 }, // U+0110
    { 14, 20, 233, 0, 20, 70, 1255 }, // U+0111
    { 13, 23, 233, 1, 23, 75, 1325 }, // U+0112
    { 14, 19, 233, 0, 19, 67, 1400 }, // U+0113
    { 13, 24, 233, 1, 24, 78, 1467 }, // U+0114
    { 14, 20, 233, 0, 20, 70, 1545 }, // U+0115
    { 13, 24, 233, 1, 24, 78, 1615 }, // U+0116
    { 14, 20, 233, 0, 20, 70, 1693 }, // U+0117
    { 13, 23, 233, 1, 18, 75, 1763 }, // U+0118
    { 14, 19, 233, 0, 14, 67, 1838 }, // U+0119
    { 13, 24, 233, 1, 24, 78, 1905 }, // U+011A
    { 14, 20, 233, 0, 20, 70, 1983 }, // U+011B
    { 14, 24, 233, 0, 24, 84, 2053 }, // U+011C
    { 13, 25, 233, 0, 20, 82, 2137 }, // U+011D
    { 14, 24, 233, 0, 24, 84, 2219 }, // U+011E
    { 13, 25, 233, 0, 20, 82, 2303 }, // U+011F
    { 14, 24, 233, 0, 24, 84, 2385 }, // U+0120
    { 13, 25, 233, 0, 20, 82, 2469 }, // U+0121
    { 14, 23, 233, 0, 18, 81, 2551 }, // U+0122
    { 13, 26, 233, 0, 21, 85, 2632 }, // U+0123
    { 13, 24, 233, 1, 24, 78, 2717 }, // U+0124
    { 12, 24, 233, 1, 24, 72, 2795 }, // U+0125
    { 14, 18, 233, 0, 18, 63, 2867 }, // U+0126
    { 13, 20, 233, 0, 20, 65, 2930 }, // U+0127
    { 12, 23, 233, 1, 23, 69, 2995 }, // U+0128
    { 13, 19, 233, 1, 19, 62, 3064 }, // U+0129
    { 12, 23, 233, 1, 23, 69, 3126 }, // U+012A
    { 13, 19, 233, 1, 19, 62, 3195 }, // U+012B
    { 12, 24, 233, 1, 24, 72, 3257 }, // U+012C
    { 13, 20, 233, 1, 20, 65, 3329 }, // U+012D
    { 12, 23, 233, 1, 18, 69, 3394 }, // U+012E
    { 13, 25, 233, 1, 20, 82, 3463 }, // U+012F
    { 12, 24, 233, 1, 24, 72, 3545 }, // U+0130
    { 13, 14, 233, 1, 14, 46, 3617 }, // U+0131
    { 14, 18, 233, 0, 18, 63, 3663 }, // U+0132
    { 12, 25, 233, 1, 20, 75, 3726 }, // U+0133
    { 12, 24, 233, 1, 24, 72, 3801 }, // U+0134
    { 11, 25, 233, 1, 20, 69, 3873 }, // U+0135
    { 14, 23, 233, 1, 18, 81, 3942 }, // U+0136
    { 14, 25, 233, 1, 20, 88, 4023 }, // U+0137
    { 14, 14, 233, 1, 14, 49, 4111 }, // U+0138
    { 12, 24, 233, 2, 24, 72, 4160 }, // U+0139
    { 13, 24, 233, 1, 24, 78, 4232 }, // U+013A
    { 12, 23, 233, 2, 18, 69, 4310 }, // U+013B
    { 13, 25, 233, 1, 20, 82, 4379 }, // U+013C
    { 12, 18, 233, 2, 18, 54, 4461 }, // U+013D
    { 13, 20, 233, 1, 20, 65, 4515 }, // U+013E
    { 12, 18, 233, 2, 18, 54, 4580 }, // U+013F
    { 16, 20, 233, 1, 20, 80, 4634 }, // U+0140
    { 15, 18, 233, -1, 18, 68, 4714 }, // U+0141
    { 13, 20, 233, 1, 20, 65, 4782 }, // U+0142
    { 13, 24, 233, 1, 24, 78, 4847 }, // U+0143
    { 12, 20, 233, 1, 20, 60, 4925 }, // U+0144
    { 13, 23, 233, 1, 18, 75, 4985 }, // U+0145
    { 12, 19, 233, 1, 14, 57, 5060 }, // U+0146
    { 13, 24, 233, 1, 24, 78, 5117 }, // U+0147
    { 12, 20, 233, 1, 20, 60, 5195 }, // U+0148
    { 15, 21, 233, -1, 21, 79, 5255 }, // U+0149
    { 13, 23, 233, 1, 18, 75, 5334 }, // U+014A
    { 12, 19, 233, 1, 14, 57, 5409 }, // U+014B
    { 14, 23, 233, 0, 23, 81, 5466 }, // U+014C
    { 14, 19, 233, 0, 19, 67, 5547 }, // U+014D
    { 14, 24, 233, 0, 24, 84, 5614 }, // U+014E
    { 14, 20, 233, 0, 20, 70, 5698 }, // U+014F
    { 14, 24, 233, 0, 24, 84, 5768 }, // U+0150
    { 14, 20, 233, 0, 20, 70, 5852 }, // U+0151
    { 15, 18, 233, 0, 18, 68, 5922 }, // U+0152
    { 15, 14, 233, 0, 14, 53, 5990 }, // U+0153
    { 14, 24, 233, 1, 24, 84, 6043 }, // U+0154
    { 12, 20, 233, 2, 20, 60, 6127 }, // U+0155
    { 14, 23, 233, 1, 18, 81, 6187 }, // U+0156
    { 13, 19, 233, 1, 14, 62, 6268 }, // U+0157
    { 14, 24, 233, 1, 24, 84, 6330 }, // U+0158
    { 12, 20, 233, 2, 20, 60, 6414 }, // U+0159
    { 13, 24, 233, 1, 24, 78, 6474 }, // U+015A
    { 12, 20, 233, 1, 20, 60, 6552 }, // U+015B
    { 13, 24, 233, 1, 24, 78, 6612 }, // U+015C
    { 12, 20, 233, 1, 20, 60, 6690 }, // U+015D
    { 13, 23, 233, 1, 18, 75, 6750 }, // U+015E
    { 12, 19, 233, 1, 14, 57, 6825 }, // U+015F
    { 13, 24, 233, 1, 24, 78, 6882 }, // U+0160
    { 12, 20, 233, 1, 20, 60, 6960 }, // U+0161
    { 14, 23, 233, 0, 18, 81, 7020 }, // U+0162
    { 13, 23, 233, 1, 18, 75, 7101 }, // U+0163
    { 14, 24, 233, 0, 24, 84, 7176 }, // U+0164
    { 13, 20, 233, 1, 20, 65, 7260 }, // U+0165
    { 14, 18, 233, 0, 18, 63, 7325 }, // U+0166
    { 13, 18, 233, 1, 18, 59, 7388 }, // U+0167
    { 13, 23, 233, 1, 23, 75, 7447 }, // U+0168
    { 12, 19, 233, 1, 19, 57, 7522 }, // U+0169
    { 13, 23, 233, 1, 23, 75, 7579 }, // U+016A
    { 12, 19, 233, 1, 19, 57, 7654 }, // U+016B
    { 13, 24, 233, 1, 24, 78, 7711 }, // U+016C
    { 12, 20, 233, 1, 20, 60, 7789 }, // U+016D
    { 13, 24, 233, 1, 24, 78, 7849 }, // U+016E
    { 12, 21, 233, 1, 21, 63, 7927 }, // U+016F
    { 13, 24, 233, 1, 24, 78, 7990 }, // U+0170
    { 13, 20, 233, 1, 20, 65, 8068 }, // U+0171
    { 13, 23, 233, 1, 18, 75, 8133 }, // U+0172
    { 12, 19, 233, 1, 14, 57, 8208 }, // U+0173
    { 14, 24, 233, 0, 24, 84, 8265 }, // U+0174
    { 15, 20, 233, 0, 20, 75, 8349 }, // U+0175
    { 15, 24, 233, 0, 24, 90, 8424 }, // U+0176
    { 14, 25, 233, 0, 20, 88, 8514 }, // U+0177
    { 15, 24, 233, 0, 24, 90, 8602 }, // U+0178
    { 13, 24, 233, 1, 24, 78, 8692 }, // U+0179
    { 12, 20, 233, 1, 20, 60, 8770 }, // U+017A
    { 13, 24, 233, 1, 24, 78, 8830 }, // U+017B
    { 12, 20, 233, 1, 20, 60, 8908 }, // U+017C
    { 13, 24, 233, 1, 24, 78, 8968 }, // U+017D
    { 12, 20, 233, 1, 20, 60, 9046 }, // U+017E
    { 11, 20, 233, 4, 20, 55, 9106 }, // U+017F
    { 15, 21, 233, 0, 21, 79, 0 }, // U+01A0
    { 15, 16, 233, 0, 16, 60, 79 }, // U+01A1
    { 14, 21, 233, 1, 21, 74, 139 }, // U+01AF
    { 14, 16, 233, 1, 16, 56, 213 }, // U+01B0
    { 16, 23, 233, 0, 23, 92, 269 }, // U+01C4
    { 16, 20, 233, 0, 20, 80, 361 }, // U+01C5
    { 16, 20, 233, 0, 20, 80, 441 }, // U+01C6
    { 14, 18, 233, 0, 18, 63, 521 }, // U+01C7
    { 13, 25, 233, 1, 20, 82, 584 }, // U+01C8
    { 13, 25, 233, 1, 20, 82, 666 }, // U+01C9
    { 14, 18, 233, 0, 18, 63, 748 }, // U+01CA
    { 14, 25, 233, 0, 20, 88, 811 }, // U+01CB
    { 14, 24, 233, 0, 19, 84, 899 }, // U+01CC
    { 15, 24, 233, 0, 24, 90, 983 }, // U+01CD
    { 12, 20, 233, 1, 20, 60, 1073 }, // U+01CE
    { 12, 24, 233, 1, 24, 72, 1133 }, // U+01CF
    { 13, 20, 233, 1, 20, 65, 1205 }, // U+01D0
    { 14, 24, 233, 0, 24, 84, 1270 }, // U+01D1
    { 14, 20, 233, 0, 20, 70, 1354 }, // U+01D2
    { 13, 24, 233, 1, 24, 78, 1424 }, // U+01D3
    { 12, 20, 233, 1, 20, 60, 1502 }, // U+01D4
    { 13, 24, 233, 1, 24, 78, 1562 }, // U+01D5
    { 12, 21, 233, 1, 21, 63, 1640 }, // U+01D6
    { 13, 24, 233, 1, 24, 78, 1703 }, // U+01D7
    { 12, 23, 233, 1, 23, 69, 1781 }, // U+01D8
    { 13, 24, 233, 1, 24, 78, 1850 }, // U+01D9
    { 12, 22, 233, 1, 22, 66, 1928 }, // U+01DA
    { 13, 24, 233, 1, 24, 78, 1994 }, // U+01DB
    { 12, 23, 233, 1, 23, 69, 2072 }, // U+01DC
    { 14, 14, 233, 0, 14, 49, 2141 }, // U+01DD
    { 15, 24, 233, 0, 24, 90, 2190 }, // U+01DE
    { 12, 21, 233, 1, 21, 63, 2280 }, // U+01DF
    { 15, 24, 233, 0, 24, 90, 2343 }, // U+01E0
    { 12, 21, 233, 1, 21, 63, 2433 }, // U+01E1
    { 15, 23, 233, 0, 23, 87, 2496 }, // U+01E2
    { 15, 19, 233, 0, 19, 72, 2583 }, // U+01E3
    { 14, 18, 233, 0, 18, 63, 2655 }, // U+01E4
    { 14, 19, 233, 0, 14, 67, 2718 }, // U+01E5
    { 14, 24, 233, 0, 24, 84, 2785 }, // U+01E6
    { 13, 25, 233, 0, 20, 82, 2869 }, // U+01E7
    { 14, 24, 233, 1, 24, 84, 2951 }, // U+01E8
    { 14, 24, 233, 1, 24, 84, 3035 }, // U+01E9
    { 14, 23, 233, 0, 18, 81, 3119 }, // U+01EA
    { 14, 19, 233, 0, 14, 67, 3200 }, // U+01EB
    { 14, 28, 233, 0, 23, 98, 3267 }, // U+01EC
    { 14, 24, 233, 0, 19, 84, 3365 }, // U+01ED
    { 14, 24, 233, 0, 24, 84, 3449 }, // U+01EE
    { 13, 25, 233, 0, 20, 82, 3533 }, // U+01EF
    { 11, 25, 233, 1, 20, 69, 3615 }, // U+01F0
    { 15, 18, 233, 0, 18, 68, 3684 }, // U+01F1
    { 15, 18, 233, 0, 18, 68, 3752 }, // U+01F2
    { 15, 20, 233, 0, 20, 75, 3820 }, // U+01F3
    { 14, 24, 233, 0, 24, 84, 3895 }, // U+01F4
    { 13, 25, 233, 0, 20, 82, 3979 }, // U+01F5
    { 14, 18, 233, 0, 18, 63, 4061 }, // U+01F6
    { 13, 23, 233, 1, 18, 75, 4124 }, // U+01F7
    { 13, 24, 233, 1, 24, 78, 4199 }, // U+01F8
    { 12, 20, 233, 1, 20, 60, 4277 }, // U+01F9
    { 15, 24, 233, 0, 24, 90, 4337 }, // U+01FA
    { 12, 24, 233, 1, 24, 72, 4427 }, // U+01FB
    { 15, 24, 233, 0, 24, 90, 4499 }, // U+01FC
    { 15, 20, 233, 0, 20, 75, 4589 }, // U+01FD
    { 14, 25, 233, 0, 24, 88, 4664 }, // U+01FE
    { 14, 21, 233, 0, 20, 74, 4752 }, // U+01FF
    { 15, 24, 233, 0, 24, 90, 4826 }, // U+0200
    { 12, 20, 233, 1, 20, 60, 4916 }, // U+0201
    { 15, 24, 233, 0, 24, 90, 4976 }, // U+0202
    { 12, 20, 233, 1, 20, 60, 5066 }, // U+0203
    { 13, 24, 233, 1, 24, 78, 5126 }, // U+0204
    { 14, 20, 233, 0, 20, 70, 5204 }, // U+0205
    { 13, 24, 233, 1, 24, 78, 5274 }, // U+0206
    { 14, 20, 233, 0, 20, 70, 5352 }, // U+0207
    { 12, 24, 233, 1, 24, 72, 5422 }, // U+0208
    { 13, 20, 233, 1, 20, 65, 5494 }, // U+0209
    { 12, 24, 233, 1, 24, 72, 5559 }, // U+020A
    { 13, 20, 233, 1, 20, 65, 5631 }, // U+020B
    { 14, 24, 233, 0, 24, 84, 5696 }, // U+020C
    { 14, 20, 233, 0, 20, 70, 5780 }, // U+020D
    { 14, 24, 233, 0, 24, 84, 5850 }, // U+020E
    { 14, 20, 233, 0, 20, 70, 5934 }, // U+020F
    { 14, 24, 233, 1, 24, 84, 6004 }, // U+0210
    { 12, 20, 233, 2, 20, 60, 6088 }, // U+0211
    { 14, 24, 233, 1, 24, 84, 6148 }, // U+0212
    { 12, 20, 233, 2, 20, 60, 6232 }, // U+0213
    { 13, 24, 233, 1, 24, 78, 6292 }, // U+0214
    { 12, 20, 233, 1, 20, 60, 6370 }, // U+0215
    { 13, 24, 233, 1, 24, 78, 6430 }, // U+0216
    { 12, 20, 233, 1, 20, 60, 6508 }, // U+0217
    { 13, 23, 233, 1, 18, 75, 6568 }, // U+0218
    { 12, 19, 233, 1, 14, 57, 6643 }, // U+0219
    { 14, 23, 233, 0, 18, 81, 6700 }, // U+021A
    { 13, 23, 233, 1, 18, 75, 6781 }, // U+021B
    { 14, 23, 233, 0, 18, 81, 6856 }, // U+021C
    { 11, 19, 233, 2, 14, 53, 6937 }, // U+021D
    { 13, 24, 233, 1, 24, 78, 6990 }, // U+021E
    { 12, 24, 233, 1, 24, 72, 7068 }, // U+021F
    { 9, 4, 233, 3, 20, 9, 0 }, // U+0311
    { 13, 24, 233, 1, 24, 78, 0 }, // U+0400
    { 13, 24, 233, 1, 24, 78, 78 }, // U+0401
    { 15, 18, 233, 0, 18, 68, 156 }, // U+0402
    { 14, 24, 233, 1, 24, 84, 224 }, // U+0403
    { 14, 18, 233, 0, 18, 63, 308 }, // U+0404
    { 13, 18, 233, 1, 18, 59, 371 }, // U+0405
    { 12, 18, 233, 1, 18, 54, 430 }, // U+0406
    { 12, 24, 233, 1, 24, 72, 484 }, // U+0407
    { 12, 18, 233, 1, 18, 54, 556 }, // U+0408
    { 14, 18, 233, 0, 18, 63, 610 }, // U+0409
    { 13, 18, 233, 1, 18, 59, 673 }, // U+040A
    { 14, 18, 233, 0, 18, 63, 732 }, // U+040B
    { 14, 24, 233, 1, 24, 84, 795 }, // U+040C
    { 13, 24, 233, 1, 24, 78, 879 }, // U+040D
    { 15, 24, 233, 0, 24, 90, 957 }, // U+040E
    { 13, 23, 233, 1, 18, 75, 1047 }, // U+040F
    { 15, 18, 233, 0, 18, 68, 1122 }, // U+0410
    { 13, 18, 233, 1, 18, 59, 1190 }, // U+0411
    { 13, 18, 233, 1, 18, 59, 1249 }, // U+0412
    { 14, 18, 233, 1, 18, 63, 1308 }, // U+0413
    { 14, 23, 233, 0, 18, 81, 1371 }, // U+0414
    { 13, 18, 233, 1, 18, 59, 1452 }, // U+0415
    { 15, 18, 233, 0, 18, 68, 1511 }, // U+0416
    { 14, 18, 233, 0, 18, 63, 1579 }, // U+0417
    { 13, 18, 233, 1, 18, 59, 1642 }, // U+0418
    { 13, 24, 233, 1, 24, 78, 1701 }, // U+0419
    { 14, 18, 233, 1, 18, 63, 1779 }, // U+041A
    { 14, 18, 233, 0, 18, 63, 1842 }, // U+041B
    { 14, 18, 233, 0, 18, 63, 1905 }, // U+041C
    { 13, 18, 233, 1, 18, 59, 1968 }, // U+041D
    { 14, 18, 233, 0, 18, 63, 2027 }, // U+041E
    { 13, 18, 233, 1, 18, 59, 2090 }, // U+041F
    { 13, 18, 233, 1, 18, 59, 2149 }, // U+0420
    { 14, 18, 233, 0, 18, 63, 2208 }, // U+0421
    { 14, 18, 233, 0, 18, 63, 2271 }, // U+0422
    { 15, 18, 233, 0, 18, 68, 2334 }, // U+0423
    { 14, 19, 233, 0, 19, 67, 2402 }, // U+0424
    { 15, 18, 233, 0, 18, 68, 2469 }, // U+0425
    { 13, 23, 233, 1, 18, 75, 2537 }, // U+0426
    { 13, 18, 233, 1, 18, 59, 2612 }, // U+0427
    { 14, 18, 233, 0, 18, 63, 2671 }, // U+0428
    { 15, 23, 233, 0, 18, 87, 2734 }, // U+0429
    { 14, 18, 233, 0, 18, 63, 2821 }, // U+042A
    { 14, 18, 233, 0, 18, 63, 2884 }, // U+042B
    { 13, 18, 233, 1, 18, 59, 2947 }, // U+042C
    { 14, 18, 233, 1, 18, 63, 3006 }, // U+042D
    { 14, 18, 233, 0, 18, 63, 3069 }, // U+042E
    { 14, 18, 233, 0, 18, 63, 3132 }, // U+042F
    { 12, 14, 233, 1, 14, 42, 3195 }, // U+0430
    { 13, 20, 233, 1, 20, 65, 3237 }, // U+0431
    { 13, 14, 233, 1, 14, 46, 3302 }, // U+0432
    { 11, 14, 233, 2, 14, 39, 3348 }, // U+0433
    { 14, 18, 233, 0, 14, 63, 3387 }, // U+0434
    { 14, 14, 233, 0, 14, 49, 3450 }, // U+0435
    { 15, 14, 233, 0, 14, 53, 3499 }, // U+0436
    { 12, 14, 233, 1, 14, 42, 3552 }, // U+0437
    { 12, 14, 233, 1, 14, 42, 3594 }, // U+0438
    { 12, 20, 233, 1, 20, 60, 3636 }, // U+0439
    { 14, 14, 233, 1, 14, 49, 3696 }, // U+043A
    { 13, 14, 233, 0, 14, 46, 3745 }, // U+043B
    { 14, 14, 233, 0, 14, 49, 3791 }, // U+043C
    { 12, 14, 233, 1, 14, 42, 3840 }, // U+043D
    { 14, 14, 233, 0, 14, 49, 3882 }, // U+043E
    { 12, 14, 233, 1, 14, 42, 3931 }, // U+043F
    { 13, 19, 233, 1, 14, 62, 3973 }, // U+0440
    { 13, 14, 233, 1, 14, 46, 4035 }, // U+0441
    { 13, 14, 233, 1, 14, 46, 4081 }, // U+0442
    { 14, 19, 233, 0, 14, 67, 4127 }, // U+0443
    { 14, 26, 233, 0, 21, 91, 4194 }, // U+0444
    { 14, 14, 233, 0, 14, 49, 4285 }, // U+0445
    { 13, 18, 233, 1, 14, 59, 4334 }, // U+0446
    { 12, 14, 233, 1, 14, 42, 4393 }, // U+0447
    { 14, 14, 233, 0, 14, 49, 4435 }, // U+0448
    { 14, 18, 233, 0, 14, 63, 4484 }, // U+0449
    { 14, 14, 233, 0, 14, 49, 4547 }, // U+044A
    { 14, 14, 233, 0, 14, 49, 4596 }, // U+044B
    { 13, 14, 233, 1, 14, 46, 4645 }, // U+044C
    { 14, 14, 233, 0, 14, 49, 4691 }, // U+044D
    { 14, 14, 233, 0, 14, 49, 4740 }, // U+044E
    { 14, 14, 233, 0, 14, 49, 4789 }, // U+044F
    { 14, 20, 233, 0, 20, 70, 4838 }, // U+0450
    { 14, 20, 233, 0, 20, 70, 4908 }, // U+0451
    { 13, 25, 233, 0, 20, 82, 4978 }, // U+0452
    { 11, 20, 233, 2, 20, 55, 5060 }, // U+0453
    { 13, 14, 233, 1, 14, 46, 5115 }, // U+0454
    { 12, 14, 233, 1, 14, 42, 5161 }, // U+0455
    { 13, 20, 233, 1, 20, 65, 5203 }, // U+0456
    { 13, 20, 233, 1, 20, 65, 5268 }, // U+0457
    { 11, 25, 233, 1, 20, 69, 5333 }, // U+0458
    { 14, 14, 233, 0, 14, 49, 5402 }, // U+0459
    { 13, 14, 233, 1, 14, 46, 5451 }, // U+045A
    { 13, 20, 233, 0, 20, 65, 5497 }, // U+045B
    { 14, 20, 233, 1, 20, 70, 5562 }, // U+045C
    { 12, 20, 233, 1, 20, 60, 5632 }, // U+045D
    { 14, 25, 233, 0, 20, 88, 5692 }, // U+045E
    { 12, 18, 233, 1, 14, 54, 5780 }, // U+045F
    { 14, 19, 233, 0, 19, 67, 5834 }, // U+0462
    { 14, 20, 233, 0, 20, 70, 5901 }, // U+0463
    { 14, 18, 233, 0, 18, 63, 5971 }, // U+0472
    { 14, 14, 233, 0, 14, 49, 6034 }, // U+0473
    { 16, 18, 233, 0, 18, 72, 6083 }, // U+0474
    { 15, 14, 233, 0, 14, 53, 6155 }, // U+0475
    { 14, 29, 233, 1, 24, 102, 6208 }, // U+048A
    { 13, 24, 233, 1, 20, 78, 6310 }, // U+048B
    { 14, 18, 233, 0, 18, 63, 6388 }, // U+048C
    { 14, 14, 233, 0, 14, 49, 6451 }, // U+048D
    { 13, 18, 233, 1, 18, 59, 6500 }, // U+048E
    { 13, 19, 233, 1, 14, 62, 6559 }, // U+048F
    { 13, 21, 233, 1, 21, 69, 6621 }, // U+0490
    { 11, 17, 233, 2, 17, 47, 6690 }, // U+0491
    { 14, 18, 233, 1, 18, 63, 6737 }, // U+0492
    { 13, 14, 233, 0, 14, 46, 6800 }, // U+0493
    { 13, 23, 233, 1, 18, 75, 6846 }, // U+0494
    { 13, 19, 233, 1, 14, 62, 6921 }, // U+0495
    { 15, 23, 233, 0, 18, 87, 6983 }, // U+0496
    { 15, 18, 233, 0, 14, 68, 7070 }, // U+0497
    { 14, 23, 233, 0, 18, 81, 7138 }, // U+0498
    { 12, 19, 233, 1, 14, 57, 7219 }, // U+0499
    { 13, 23, 233, 1, 18, 75, 7276 }, // U+049A
    { 13, 18, 233, 1, 14, 59, 7351 }, // U+049B
    { 15, 18, 233, 0, 18, 68, 7410 }, // U+049C
    { 15, 14, 233, 0, 14, 53, 7478 }, // U+049D
    { 15, 20, 233, 0, 20, 75, 7531 }, // U+049E
    { 15, 15, 233, 0, 15, 57, 7606 }, // U+049F
    { 15, 18, 233, 0, 18, 68, 7663 }, // U+04A0
    { 15, 14, 233, 0, 14, 53, 7731 }, // U+04A1
    { 13, 23, 233, 1, 18, 75, 7784 }, // U+04A2
    { 13, 18, 233, 1, 14, 59, 7859 }, // U+04A3
    { 13, 18, 233, 1, 18, 59, 7918 }, // U+04A4
    { 13, 14, 233, 1, 14, 46, 7977 }, // U+04A5
    { 13, 23, 233, 1, 18, 75, 8023 }, // U+04A6
    { 13, 20, 233, 1, 14, 65, 8098 }, // U+04A7
    { 15, 23, 233, 0, 18, 87, 8163 }, // U+04A8
    { 15, 18, 233, 0, 14, 68, 8250 }, // U+04A9
    { 14, 23, 233, 0, 18, 81, 8318 }, // U+04AA
    { 13, 19, 233, 1, 14, 62, 8399 }, // U+04AB
    { 14, 23, 233, 0, 18, 81, 8461 }, // U+04AC
    { 13, 18, 233, 1, 14, 59, 8542 }, // U+04AD
    { 15, 18, 233, 0, 18, 68, 8601 }, // U+04AE
    { 15, 19, 233, 0, 14, 72, 8669 }, // U+04AF
    { 15, 18, 233, 0, 18, 68, 8741 }, // U+04B0
    { 15, 19, 233, 0, 14, 72, 8809 }, // U+04B1
    { 14, 23, 233, 0, 18, 81, 8881 }, // U+04B2
    { 14, 18, 233, 0, 14, 63, 8962 }, // U+04B3
    { 15, 23, 233, 0, 18, 87, 9025 }, // U+04B4
    { 14, 18, 233, 0, 14, 63, 9112 }, // U+04B5
    { 13, 23, 233, 1, 18, 75, 9175 }, // U+04B6
    { 13, 18, 233, 1, 14, 59, 9250 }, // U+04B7
    { 14, 18, 233, 0, 18, 63, 9309 }, // U+04B8
    { 13, 14, 233, 1, 14, 46, 9372 }, // U+04B9
    { 13, 18, 233, 1, 18, 59, 9418 }, // U+04BA
    { 12, 20, 233, 1, 20, 60, 9477 }, // U+04BB
    { 15, 18, 233, 0, 18, 68, 9537 }, // U+04BC
    { 14, 14, 233, 0, 14, 49, 9605 }, // U+04BD
    { 15, 22, 233, 0, 18, 83, 9654 }, // U+04BE
    { 14, 18, 233, 0, 14, 63, 9737 }, // U+04BF
    { 12, 18, 233, 1, 18, 54, 9800 }, // U+04C0
    { 15, 24, 233, 0, 24, 90, 9854 }, // U+04C1
    { 15, 20, 233, 0, 20, 75, 9944 }, // U+04C2
    { 14, 23, 233, 1, 18, 81, 10019 }, // U+04C3
    { 13, 19, 233, 1, 14, 62, 10100 }, // U+04C4
    { 14, 23, 233, 0, 18, 81, 10162 }, // U+04C5
    { 14, 18, 233, 0, 14, 63, 10243 }, // U+04C6
    { 13, 23, 233, 1, 18, 75, 10306 }, // U+04C7
    { 12, 19, 233, 1, 14, 57, 10381 }, // U+04C8
    { 13, 23, 233, 1, 18, 75, 10438 }, // U+04C9
    { 13, 18, 233, 1, 14, 59, 10513 }, // U+04CA
    { 13, 23, 233, 1, 18, 75, 10572 }, // U+04CB
    { 12, 18, 233, 1, 14, 54, 10647 }, // U+04CC
    { 15, 23, 233, 0, 18, 87, 10701 }, // U+04CD
    { 15, 18, 233, 0, 14, 68, 10788 }, // U+04CE
    { 12, 18, 233, 1, 18, 54, 10856 }, // U+04CF
    { 15, 24, 233, 0, 24, 90, 10910 }, // U+04D0
    { 12, 20, 233, 1, 20, 60, 11000 }, // U+04D1
    { 15, 24, 233, 0, 24, 90, 11060 }, // U+04D2
    { 12, 20, 233, 1, 20, 60, 11150 }, // U+04D3
    { 15, 18, 233, 0, 18, 68, 11210 }, // U+04D4
    { 15, 14, 233, 0, 14, 53, 11278 }, // U+04D5
    { 13, 24, 233, 1, 24, 78, 11331 }, // U+04D6
    { 14, 20, 233, 0, 20, 70, 11409 }, // U+04D7
    { 14, 18, 233, 0, 18, 63, 11479 }, // U+04D8
    { 14, 14, 233, 0, 14, 49, 11542 }, // U+04D9
    { 14, 24, 233, 0, 24, 84, 11591 }, // U+04DA
    { 14, 20, 233, 0, 20, 70, 11675 }, // U+04DB
    { 15, 24, 233, 0, 24, 90, 11745 }, // U+04DC
    { 15, 20, 233, 0, 20, 75, 11835 }, // U+04DD
    { 14, 24, 233, 0, 24, 84, 11910 }, // U+04DE
    { 12, 20, 233, 1, 20, 60, 11994 }, // U+04DF
    { 14, 18, 233, 0, 18, 63, 12054 }, // U+04E0
    { 13, 19, 233, 0, 14, 62, 12117 }, // U+04E1
    { 13, 23, 233, 1, 23, 75, 12179 }, // U+04E2
    { 12, 19, 233, 1, 19, 57, 12254 }, // U+04E3
    { 13, 24, 233, 1, 24, 78, 12311 }, // U+04E4
    { 12, 20, 233, 1, 20, 60, 12389 }, // U+04E5
    { 14, 24, 233, 0, 24, 84, 12449 }, // U+04E6
    { 14, 20, 233, 0, 20, 70, 12533 }, // U+04E7
    { 14, 18, 233, 0, 18, 63, 12603 }, // U+04E8
    { 14, 14, 233, 0, 14, 49, 12666 }, // U+04E9
    { 14, 24, 233, 0, 24, 84, 12715 }, // U+04EA
    { 14, 20, 233, 0, 20, 70, 12799 }, // U+04EB
    { 14, 24, 233, 1, 24, 84, 12869 }, // U+04EC
    { 14, 20, 233, 0, 20, 70, 12953 }, // U+04ED
    { 15, 23, 233, 0, 23, 87, 13023 }, // U+04EE
    { 14, 24, 233, 0, 19, 84, 13110 }, // U+04EF
    { 15, 24, 233, 0, 24, 90, 13194 }, // U+04F0
    { 14, 25, 233, 0, 20, 88, 13284 }, // U+04F1
    { 15, 24, 233, 0, 24, 90, 13372 }, // U+04F2
    { 14, 25, 233, 0, 20, 88, 13462 }, // U+04F3
    { 13, 24, 233, 1, 24, 78, 13550 }, // U+04F4
    { 12, 20, 233, 1, 20, 60, 13628 }, // U+04F5
    { 14, 22, 233, 1, 18, 77, 13688 }, // U+04F6
    { 11, 18, 233, 2, 14, 50, 13765 }, // U+04F7
    { 14, 24, 233, 0, 24, 84, 13815 }, // U+04F8
    { 14, 20, 233, 0, 20, 70, 13899 }, // U+04F9
    { 15, 24, 233, 0, 24, 90, 0 }, // U+1EF2
    { 14, 25, 233, 0, 20, 88, 90 }, // U+1EF3
    { 12, 3, 233, 1, 9, 9, 0 }, // U+2013
    { 15, 3, 233, 0, 9, 12, 9 }, // U+2014
    { 15, 3, 233, 0, 9, 12, 21 }, // U+2015
    { 7, 9, 233, 4, 21, 16, 33 }, // U+2018
    { 7, 9, 233, 4, 21, 16, 49 }, // U+2019
    { 8, 9, 233, 3, 4, 18, 65 }, // U+201A
    { 13, 8, 233, 1, 20, 26, 83 }, // U+201C
    { 14, 8, 233, 0, 21, 28, 109 }, // U+201D
    { 14, 9, 233, 0, 4, 32, 137 }, // U+201E
    { 12, 22, 233, 1, 18, 66, 169 }, // U+2020
    { 12, 22, 233, 1, 18, 66, 235 }, // U+2021
    { 9, 8, 233, 3, 14, 18, 301 }, // U+2022
    { 14, 3, 233, 0, 3, 11, 319 }, // U+2026
    { 15, 18, 233, 0, 18, 68, 330 }, // U+2030
    { 9, 14, 233, 3, 14, 32, 398 }, // U+2039
    { 8, 14, 233, 4, 15, 28, 430 }, // U+203A
    { 14, 18, 233, 0, 18, 63, 458 }, // U+2044
    { 10, 12, 233, 2, 20, 30, 0 }, // U+2070
    { 10, 10, 233, 2, 18, 25, 30 }, // U+2074
    { 9, 10, 233, 3, 18, 23, 55 }, // U+2075
    { 9, 10, 233, 2, 18, 23, 78 }, // U+2076
    { 9, 10, 233, 3, 18, 23, 101 }, // U+2077
    { 9, 11, 233, 3, 18, 25, 124 }, // U+2078
    { 9, 10, 233, 3, 18, 23, 149 }, // U+2079
    { 10, 12, 233, 2, 12, 30, 172 }, // U+2080
    { 10, 10, 233, 3, 10, 25, 202 }, // U+2081
    { 9, 10, 233, 3, 10, 23, 227 }, // U+2082
    { 9, 10, 233, 3, 10, 23, 250 }, // U+2083
    { 10, 10, 233, 2, 10, 25, 273 }, // U+2084
    { 9, 10, 233, 3, 10, 23, 298 }, // U+2085
    { 9, 10, 233, 2, 10, 23, 321 }, // U+2086
    { 9, 10, 233, 3, 10, 23, 344 }, // U+2087
    { 9, 11, 233, 3, 10, 25, 367 }, // U+2088
    { 9, 10, 233, 3, 10, 23, 392 }, // U+2089
    { 14, 18, 233, 0, 18, 63, 0 }, // U+20AC
    { 14, 18, 233, 0, 18, 63, 63 }, // U+20AE
    { 15, 18, 233, 0, 18, 68, 126 }, // U+20B4
    { 14, 18, 233, 1, 18, 63, 194 }, // U+20B9
    { 14, 20, 233, 0, 20, 70, 0 }, // U+2202
    { 15, 18, 233, 0, 18, 68, 70 }, // U+2206
    { 13, 21, 233, 1, 18, 69, 138 }, // U+220F
    { 14, 21, 233, 0, 18, 74, 207 }, // U+2211
    { 13, 3, 233, 1, 9, 10, 281 }, // U+2212
    { 14, 18, 233, 0, 18, 63, 291 }, // U+2215
    { 6, 4, 233, 4, 11, 6, 354 }, // U+2219
    { 15, 20, 233, 0, 20, 75, 360 }, // U+221A
    { 15, 9, 233, 0, 12, 34, 435 }, // U+221E
    { 13, 25, 233, 1, 20, 82, 469 }, // U+222B
    { 15, 11, 233, 0, 13, 42, 551 }, // U+2248
    { 13, 15, 233, 1, 15, 49, 593 }, // U+2260
    { 13, 16, 233, 1, 16, 52, 642 }, // U+2264
    { 13, 16, 233, 1, 16, 52, 694 }, // U+2265
    { 14, 20, 233, 0, 20, 70, 0 }, // U+FB01
    { 15, 20, 233, 0, 20, 75, 70 }, // U+FB02
    { 15, 14, 233, 0, 14, 53, 0 }, // U+FFFD
};

static const EpdUnicodeInterval ubuntumono_14_boldIntervals[] = {
    { 0x0, 0x0, 0x0 },
    { 0x8, 0x9, 0x1 },
    { 0xD, 0xD, 0x3 },
    { 0x1D, 0x1D, 0x4 },
    { 0x20, 0x7E, 0x5 },
    { 0xA0, 0xFF, 0x64 },
    { 0x100, 0x17F, 0xC4 },
    { 0x1A0, 0x1A1, 0x144 },
    { 0x1AF, 0x1B0, 0x146 },
    { 0x1C4, 0x21F, 0x148 },
    { 0x311, 0x311, 0x1A4 },
    { 0x400, 0x45F, 0x1A5 },
    { 0x462, 0x463, 0x205 },
    { 0x472, 0x475, 0x207 },
    { 0x48A, 0x4F9, 0x20B },
    { 0x1EF2, 0x1EF3, 0x27B },
    { 0x2013, 0x2015, 0x27D },
    { 0x2018, 0x201A, 0x280 },
    { 0x201C, 0x201E, 0x283 },
    { 0x2020, 0x2022, 0x286 },
    { 0x2026, 0x2026, 0x289 },
    { 0x2030, 0x2030, 0x28A },
    { 0x2039, 0x203A, 0x28B },
    { 0x2044, 0x2044, 0x28D },
    { 0x2070, 0x2070, 0x28E },
    { 0x2074, 0x2079, 0x28F },
    { 0x2080, 0x2089, 0x295 },
    { 0x20AC, 0x20AC, 0x29F },
    { 0x20AE, 0x20AE, 0x2A0 },
    { 0x20B4, 0x20B4, 0x2A1 },
    { 0x20B9, 0x20B9, 0x2A2 },
    { 0x2202, 0x2202, 0x2A3 },
    { 0x2206, 0x2206, 0x2A4 },
    { 0x220F, 0x220F, 0x2A5 },
    { 0x2211, 0x2212, 0x2A6 },
    { 0x2215, 0x2215, 0x2A8 },
    { 0x2219, 0x221A, 0x2A9 },
    { 0x221E, 0x221E, 0x2AB },
    { 0x222B, 0x222B, 0x2AC },
    { 0x2248, 0x2248, 0x2AD },
    { 0x2260, 0x2260, 0x2AE },
    { 0x2264, 0x2265, 0x2AF },
    { 0xFB01, 0xFB02, 0x2B1 },
    { 0xFFFD, 0xFFFD, 0x2B3 },
};

static const EpdFontGroup ubuntumono_14_boldGroups[] = {
    { 0, 2382, 5817, 100, 0 },
    { 2382, 1978, 6542, 96, 100 },
    { 4360, 2451, 10369, 128, 196 },
    { 6811, 2374, 7966, 96, 324 },
    { 9185, 14, 12, 1, 420 },
    { 9199, 4486, 15823, 214, 421 },
    { 13685, 125, 196, 2, 635 },
    { 13810, 315, 569, 17, 637 },
    { 14125, 218, 528, 17, 654 },
    { 14343, 166, 288, 4, 671 },
    { 14509, 385, 860, 14, 675 },
    { 14894, 72, 160, 2, 689 },
    { 14966, 55, 56, 1, 691 },
};

static const EpdFontData ubuntumono_14_bold = {
    ubuntumono_14_boldBitmaps,
    ubuntumono_14_boldGlyphs,
    ubuntumono_14_boldIntervals,
    44,
    29,
    25,
    -5,
    true,
    ubuntumono_14_boldGroups,
    13,
    nullptr,
    nullptr,
    nullptr,
    nullptr,
    0,
    0,
    0,
    0,
    nullptr,
    0,
};
