/**
 * generated by fontconvert.py
 * name: ubuntumono_18_bolditalic
 * size: 18
 * mode: 2-bit  compressed: true
 * Command used: fontconvert.py ubuntumono_18_bolditalic 18 ../builtinFonts/source/UbuntuMono/UbuntuMono-BoldItalic.ttf --2bit --compress
 */
#pragma once
#include "EpdFontData.h"

static const uint8_t ubuntumono_18_bolditalicBitmaps[30149] = {
    0xAD, 0x5A, 0x3D, 0x8F, 0xED, 0xD6, 0x75, 0x3D, 0xE4, 0x55, 0x86, 0x81, 0x08, 0x85, 0x2E, 0x62,
    0xC0, 0xC0, 0x33, 0xC2, 0x46, 0x55, 0x0C, 0x98, 0xFF, 0x40, 0x87, 0x76, 0x4A, 0x17, 0xAE, 0x54,
    0xE5, 0x0F, 0x04, 0x48, 0xF1, 0xF2, 0x07, 0x22, 0x52, 0x71, 0xA1, 0x22, 0x45, 0x26, 0xBF, 0xC0,
    0x2A, 0xD2, 0x3B, 0x85, 0x4B, 0xE7, 0x91, 0x52, 0x0A, 0x15, 0x29, 0x4C, 0x43, 0x45, 0x0A, 0x17,
    0xA2, 0x12, 0x19, 0x0A, 0x90, 0xE2, 0x51, 0x10, 0x0B, 0x3E, 0x3F, 0x5E, 0x9E, 0xAC, 0xB5, 0xF6,
    0x21, 0xEF, 0x9D, 0x79, 0xF3, 0x3E, 0x1C, 0x78, 0x70, 0xEF, 0x9E, 0x19, 0x5E, 0xF2, 0x9C, 0xFD,
    0xB9, 0xF6, 0xC7, 0xB9, 0xAE, 0x5A, 0x9D, 0x5F, 0x9C, 0x9F, 0x9D, 0x9F, 0x5C, 0x33, 0xB9, 0x6E,
    0x74, 0x01, 0xAF, 0x21, 0x09, 0x3D, 0x5E, 0x69, 0x68, 0x4F, 0xA1, 0x3E, 0x05, 0x77, 0xDA, 0xDC,
    0xE9, 0xEC, 0x4E, 0xAB, 0xCB, 0x16, 0x77, 0xFC, 0x94, 0xA3, 0xEB, 0x66, 0xBE, 0xAA, 0xC1, 0x95,
    0xB3, 0x9F, 0x2A, 0xBC, 0xFD, 0xD4, 0x8C, 0x7E, 0xEA, 0x06, 0x3F, 0x74, 0x7D, 0xD3, 0x87, 0x16,
    0xEF, 0xBA, 0xA9, 0x83, 0xEB, 0xDC, 0xE6, 0x9E, 0xB8, 0xD5, 0xFD, 0xCA, 0x71, 0x81, 0x6A, 0xE8,
    0x40, 0x7D, 0x1F, 0x40, 0x9B, 0x0F, 0xCF, 0xA0, 0x5D, 0xBA, 0x82, 0x6E, 0x27, 0x7C, 0x9A, 0x9C,
    0xB3, 0xD9, 0x9D, 0x02, 0x7E, 0x6A, 0x51, 0x97, 0x89, 0xE6, 0xA2, 0xAE, 0x1C, 0x9A, 0xFA, 0x81,
    0x47, 0x3D, 0x3E, 0x9C, 0x45, 0x21, 0x86, 0x68, 0x27, 0x9A, 0x4F, 0x55, 0xEF, 0x5C, 0x31, 0xFA,
    0xF6, 0xEE, 0xA3, 0xBE, 0xDD, 0x8E, 0x5D, 0xF1, 0xC3, 0x4B, 0x8E, 0x57, 0x12, 0xAE, 0x98, 0x92,
    0x3C, 0x0E, 0xB7, 0xE4, 0x62, 0x75, 0x05, 0x89, 0xE7, 0xF2, 0xCD, 0x92, 0x60, 0xDD, 0x81, 0x0F,
    0xF6, 0x07, 0x99, 0xC8, 0x08, 0x1F, 0xF0, 0x01, 0x7B, 0x14, 0xB8, 0x0D, 0x8F, 0x69, 0xF1, 0x80,
    0xDD, 0x72, 0x5E, 0x84, 0x26, 0xB9, 0x47, 0xFF, 0x16, 0x49, 0x71, 0x9B, 0x85, 0xB6, 0xA4, 0x74,
    0x58, 0x73, 0x73, 0x25, 0x17, 0x76, 0xBF, 0xD8, 0x6A, 0x72, 0x49, 0xA5, 0x72, 0x79, 0xF2, 0x0C,
    0x46, 0xC9, 0xCA, 0xE2, 0x52, 0xB2, 0xE0, 0xB2, 0x09, 0x1B, 0xB8, 0xA2, 0x77, 0x4F, 0xAA, 0xDA,
    0xD7, 0x6E, 0x2D, 0x6B, 0xEC, 0xB1, 0x56, 0x3F, 0x5E, 0x5C, 0xB2, 0x78, 0x7C, 0x98, 0xCC, 0xBE,
    0xEC, 0xF1, 0xF7, 0x19, 0x1F, 0x26, 0x61, 0x25, 0x43, 0xE1, 0x5B, 0xE9, 0xFA, 0x1F, 0x27, 0x19,
    0xEB, 0xB3, 0x99, 0x8C, 0x56, 0x14, 0xF8, 0xDC, 0xE1, 0xD9, 0xD3, 0xB2, 0x36, 0xE0, 0xEF, 0xCB,
    0xC5, 0xE3, 0x9E, 0x4F, 0xA7, 0xF7, 0xF0, 0xE1, 0x69, 0xFA, 0x00, 0x1F, 0x9E, 0x26, 0x58, 0x7A,
    0x3E, 0x7D, 0x83, 0x6D, 0xC7, 0x13, 0x98, 0xAB, 0xE0, 0x09, 0xA3, 0xC3, 0xBD, 0xD4, 0x9E, 0x2B,
    0x69, 0x21, 0x30, 0x4F, 0xAB, 0xF4, 0xD4, 0x4D, 0x4F, 0xDB, 0xF7, 0x30, 0x29, 0x98, 0xF6, 0xBD,
    0x27, 0xC1, 0x8D, 0xFE, 0x53, 0x6C, 0x51, 0x3D, 0x5D, 0xA8, 0x11, 0x48, 0x54, 0x86, 0xF4, 0x5F,
    0x5C, 0x07, 0xF3, 0x42, 0xA3, 0xD9, 0x5C, 0xCC, 0xDD, 0xAF, 0xA7, 0x72, 0xF4, 0x61, 0xF4, 0x7D,
    0x19, 0xF0, 0x4C, 0x0E, 0x27, 0xE9, 0xE1, 0x66, 0x7E, 0x2C, 0x83, 0x8C, 0x58, 0x57, 0x20, 0x6D,
    0x11, 0xCE, 0x1E, 0x9B, 0xDF, 0xFA, 0xA1, 0x58, 0x8B, 0xB5, 0x5C, 0xE4, 0x60, 0xA3, 0x1F, 0xB0,
    0x4D, 0xDD, 0xB8, 0x0F, 0x28, 0xD6, 0xDF, 0x49, 0x45, 0xAE, 0x80, 0x58, 0x0D, 0x54, 0x81, 0xBD,
    0x32, 0x3A, 0x09, 0x3D, 0x62, 0xA2, 0xB6, 0x5D, 0x0A, 0x56, 0xB1, 0xB2, 0xCB, 0x71, 0xA9, 0xC0,
    0x9D, 0x15, 0x2E, 0x7B, 0x28, 0xDA, 0x83, 0xAB, 0xA6, 0x37, 0x23, 0x76, 0xB0, 0x51, 0xB8, 0x7A,
    0x77, 0xF1, 0x3A, 0x3F, 0xE7, 0xBD, 0x7C, 0x86, 0x72, 0x17, 0xD0, 0x2A, 0x97, 0x4F, 0xE9, 0x2E,
    0xBF, 0xC2, 0xFB, 0x5D, 0xB2, 0xF0, 0x3D, 0xBC, 0xDF, 0x73, 0xF1, 0x69, 0x3E, 0x85, 0xBB, 0xAB,
    0xD9, 0x76, 0xE3, 0xAE, 0x08, 0x1C, 0xC6, 0x8F, 0xDE, 0x69, 0xB8, 0x7A, 0xC7, 0x6B, 0xFC, 0x3C,
    0x5B, 0x5F, 0xE4, 0x10, 0x1C, 0x24, 0x58, 0x93, 0xCC, 0x53, 0x3C, 0x84, 0xA8, 0x93, 0x78, 0xB5,
    0xAB, 0xCE, 0x26, 0x5E, 0x85, 0x1D, 0xDF, 0x21, 0x0B, 0xF9, 0x72, 0x4D, 0xFE, 0x2C, 0x9B, 0xBF,
    0xEF, 0xCA, 0xCF, 0xBF, 0x39, 0xBB, 0xEA, 0xF9, 0xF3, 0x4D, 0xFA, 0x34, 0xA2, 0x75, 0xF0, 0x27,
    0xEC, 0x18, 0x9A, 0x01, 0x2B, 0x63, 0x91, 0xEC, 0x5C, 0x62, 0xE1, 0x15, 0x8E, 0xE5, 0xDE, 0xBD,
    0x71, 0xBB, 0xDB, 0x35, 0x2D, 0x1D, 0x98, 0xF6, 0x0E, 0xF5, 0x1E, 0x1E, 0x24, 0x09, 0xAD, 0x8A,
    0xA5, 0x06, 0xAE, 0xD7, 0x8B, 0x30, 0xDA, 0x5A, 0x97, 0xD3, 0xBB, 0x8A, 0x69, 0x27, 0xE5, 0x64,
    0xF8, 0xC0, 0x50, 0xDF, 0xD7, 0x04, 0xB7, 0x61, 0x48, 0xC3, 0x74, 0x0A, 0x13, 0x28, 0x7D, 0x0A,
    0xA1, 0x04, 0xA7, 0xE9, 0x6A, 0xC8, 0xD3, 0x20, 0x78, 0x5B, 0xF7, 0x1D, 0xAE, 0xBE, 0x79, 0x98,
    0x3D, 0xAC, 0x4D, 0x58, 0xBB, 0xB0, 0xE6, 0xA3, 0x9F, 0xBB, 0x15, 0x7F, 0x2E, 0xCD, 0x54, 0x92,
    0x29, 0x93, 0x41, 0x4A, 0x32, 0x35, 0xC5, 0x38, 0xA4, 0xAA, 0x9C, 0x94, 0x05, 0x6D, 0x6E, 0x97,
    0x1B, 0x4B, 0x01, 0x96, 0xD7, 0xED, 0xCD, 0x20, 0x39, 0x14, 0x57, 0x92, 0xCB, 0x6E, 0xCF, 0xCF,
    0x57, 0xEB, 0xCE, 0xF7, 0xD6, 0x75, 0x7F, 0xD8, 0xBA, 0xC9, 0xAB, 0xD7, 0x9D, 0x0C, 0x6E, 0x1E,
    0x2F, 0xBC, 0x87, 0x8E, 0xCA, 0xF8, 0x81, 0x1A, 0x89, 0xBA, 0x1E, 0x6A, 0xA9, 0xCB, 0x09, 0x2E,
    0x51, 0xCC, 0xF0, 0x87, 0x62, 0x86, 0x33, 0x80, 0xCC, 0x7F, 0x5F, 0x4C, 0xE5, 0x14, 0x8A, 0xA9,
    0xFA, 0x72, 0x2B, 0x27, 0x3F, 0x2C, 0x15, 0x08, 0x38, 0x64, 0xA4, 0x21, 0x12, 0x1C, 0x71, 0xD6,
    0x11, 0x68, 0xE1, 0x53, 0x7E, 0x00, 0x8B, 0x7E, 0x46, 0x90, 0x57, 0x84, 0x15, 0x44, 0xE7, 0x60,
    0xFB, 0xB8, 0xE6, 0x2B, 0xEE, 0x4B, 0x97, 0xA3, 0x13, 0x77, 0x00, 0x72, 0x80, 0x5A, 0x17, 0x96,
    0x14, 0xF7, 0x25, 0xE1, 0xE9, 0xE4, 0xCE, 0xE0, 0xED, 0xF6, 0x7E, 0x60, 0xC8, 0xA5, 0x89, 0x27,
    0xE6, 0xB1, 0x14, 0x8B, 0x1E, 0x9B, 0x9D, 0xE5, 0xAD, 0xC4, 0x2F, 0xBC, 0x61, 0x2C, 0x5A, 0x0B,
    0xEB, 0xB9, 0x47, 0xFC, 0x90, 0x9B, 0x56, 0x11, 0x8D, 0xC1, 0xC8, 0x80, 0x60, 0x7C, 0x47, 0xCE,
    0x6D, 0x44, 0xFA, 0x90, 0xF6, 0x18, 0x28, 0x8C, 0x58, 0x80, 0x24, 0x71, 0xF9, 0xCC, 0xFF, 0xA6,
    0x08, 0x99, 0x5E, 0x00, 0x36, 0x71, 0xCF, 0x36, 0x6A, 0xB2, 0x10, 0x9A, 0xD1, 0xDB, 0x7C, 0x44,
    0xCF, 0x20, 0xA8, 0xA7, 0x3E, 0x9F, 0xF1, 0x31, 0x42, 0x11, 0x31, 0x1F, 0x62, 0x43, 0x73, 0x6D,
    0xB5, 0xEC, 0xBB, 0xE9, 0x49, 0xBA, 0x64, 0x82, 0xF4, 0x76, 0x0A, 0x0A, 0x2A, 0x06, 0x25, 0x91,
    0x37, 0x13, 0x56, 0x67, 0xE6, 0xE6, 0xFD, 0x1D, 0x68, 0xE7, 0xBF, 0x80, 0xEE, 0x1F, 0xD6, 0x8F,
    0xE2, 0x6E, 0x1D, 0x05, 0x6A, 0x28, 0xDF, 0x4D, 0x78, 0xE6, 0x0E, 0x8F, 0xA8, 0x94, 0x85, 0x56,
    0xEA, 0x88, 0x61, 0x1C, 0x18, 0xC3, 0x4F, 0xB1, 0x74, 0xF7, 0xF3, 0x09, 0x1A, 0x87, 0xA7, 0xE6,
    0x0B, 0x14, 0x0B, 0xBC, 0x1B, 0x10, 0x57, 0x4D, 0x8F, 0x18, 0xEA, 0x7A, 0xA4, 0x52, 0xE0, 0xDB,
    0xE4, 0x0C, 0xE9, 0x16, 0xA5, 0x2F, 0x65, 0x2F, 0x4B, 0x5E, 0x4C, 0xB5, 0x86, 0x0A, 0x51, 0x69,
    0x92, 0x65, 0xDE, 0xC5, 0x90, 0xD4, 0x29, 0xD3, 0x07, 0xC5, 0x31, 0xA5, 0xD3, 0x26, 0x72, 0x32,
    0x05, 0xA0, 0x25, 0x13, 0x8B, 0x3E, 0xE7, 0xE5, 0xB7, 0x4D, 0x18, 0x95, 0x95, 0xB8, 0x9E, 0xA9,
    0x2D, 0x79, 0x1C, 0xBD, 0xB5, 0x3F, 0xFC, 0x37, 0x3A, 0x7D, 0xD7, 0x5F, 0x79, 0x74, 0xEB, 0xFE,
    0x02, 0x2A, 0x50, 0x8E, 0xDD, 0xB8, 0x0C, 0x05, 0x94, 0x16, 0x0E, 0x35, 0xB8, 0xBF, 0xA5, 0xF1,
    0xB9, 0x32, 0x35, 0x94, 0xF1, 0x8E, 0x2A, 0xC0, 0xE3, 0xBA, 0x25, 0x5A, 0x58, 0x01, 0x61, 0x56,
    0x3C, 0xC3, 0x06, 0x25, 0xD9, 0xAD, 0x76, 0x5C, 0x6A, 0xFD, 0xB3, 0x14, 0x60, 0x02, 0x3C, 0xE8,
    0xA9, 0xA2, 0x83, 0xE0, 0x5F, 0x28, 0xA8, 0xAD, 0x56, 0x60, 0x6E, 0xC1, 0xBD, 0xB5, 0x70, 0xA2,
    0x9D, 0xAB, 0x67, 0xCC, 0x2C, 0x50, 0x1A, 0xC9, 0xC4, 0x74, 0x3A, 0x71, 0xBD, 0x91, 0x6A, 0x69,
    0xA3, 0x5D, 0x0C, 0xED, 0xA6, 0x28, 0x8E, 0x22, 0xD3, 0xF8, 0x38, 0x3C, 0x50, 0x1F, 0x2A, 0x7A,
    0x29, 0xAA, 0x30, 0x81, 0xFE, 0x1D, 0x39, 0xD5, 0x6D, 0xF3, 0x0E, 0x36, 0x97, 0x7B, 0x2D, 0x7E,
    0x33, 0xFA, 0x51, 0xC5, 0x2D, 0x1B, 0x5A, 0x2C, 0x0C, 0x08, 0xF1, 0x50, 0x17, 0x88, 0x26, 0x67,
    0x84, 0xBC, 0x53, 0xA8, 0x2F, 0x71, 0x9F, 0x0F, 0x02, 0x4E, 0xA6, 0x24, 0x38, 0x5D, 0xB6, 0xC1,
    0x65, 0xCA, 0x99, 0x09, 0x0F, 0x85, 0x56, 0xCD, 0xF8, 0xAD, 0x3B, 0x23, 0xE0, 0xA1, 0x9B, 0x2D,
    0x09, 0x4A, 0x43, 0x0B, 0xFD, 0x1A, 0x9B, 0x76, 0x54, 0x34, 0xDD, 0x17, 0xBA, 0x3B, 0x4B, 0xFD,
    0x35, 0xBD, 0x00, 0x49, 0xB3, 0xED, 0x46, 0xC4, 0xA3, 0x9F, 0x20, 0x55, 0x39, 0xC1, 0x4F, 0x4A,
    0x40, 0x86, 0x70, 0x83, 0x44, 0xD7, 0xE0, 0x6F, 0x13, 0x6B, 0xA8, 0x89, 0xE5, 0xD4, 0x00, 0x0E,
    0xB0, 0x57, 0x35, 0x53, 0x4D, 0xE9, 0x61, 0x16, 0x24, 0x4F, 0xF7, 0xD7, 0x26, 0x4B, 0x0B, 0x1F,
    0x21, 0x46, 0x70, 0xDB, 0x20, 0xD8, 0x40, 0x49, 0xC1, 0x9D, 0x46, 0xBD, 0x06, 0x2A, 0xF8, 0x89,
    0xBB, 0xF7, 0x93, 0x8F, 0x4C, 0x50, 0x08, 0x02, 0xC2, 0xCA, 0xC2, 0xD0, 0x16, 0x5A, 0x9F, 0x4D,
    0xE5, 0x05, 0x1E, 0xB1, 0x77, 0xED, 0xF2, 0xCD, 0x52, 0xF6, 0x43, 0x3F, 0x4C, 0x68, 0xD8, 0x16,
    0xE9, 0x01, 0x8F, 0x4D, 0xFA, 0xCD, 0x3C, 0xA1, 0x9A, 0x8B, 0x35, 0x51, 0x67, 0xB9, 0x0F, 0xC9,
    0x82, 0xD9, 0x82, 0xE9, 0xC2, 0xC5, 0x22, 0xC0, 0x3D, 0x9A, 0x9C, 0xEE, 0x87, 0x04, 0x33, 0x75,
    0x76, 0x9B, 0x18, 0x02, 0x6E, 0xD4, 0xD8, 0x2D, 0x1E, 0x5F, 0xF7, 0x12, 0xCD, 0x07, 0xB3, 0xDE,
    0x2D, 0xEF, 0x3D, 0xD3, 0x89, 0xC3, 0x1E, 0xC4, 0x56, 0x0E, 0xBE, 0xCB, 0xD0, 0x0A, 0xEB, 0xE9,
    0x20, 0x54, 0xDE, 0x83, 0x1C, 0xD3, 0xEF, 0x86, 0xEA, 0x48, 0x85, 0x22, 0x6E, 0xD8, 0x2B, 0xC8,
    0x93, 0x61, 0xDB, 0x59, 0xA1, 0x4A, 0x09, 0xE2, 0x9F, 0x3D, 0x1F, 0x94, 0xBF, 0xF5, 0xBC, 0xD8,
    0x92, 0x99, 0x3A, 0xE9, 0x14, 0x34, 0xA8, 0x03, 0xE5, 0xC5, 0x0A, 0x2C, 0x45, 0xE7, 0xC7, 0xDA,
    0xE9, 0x07, 0x5B, 0x8D, 0xBB, 0x46, 0x08, 0x36, 0x67, 0xE4, 0x68, 0xA0, 0x3C, 0x45, 0x7C, 0x97,
    0x7B, 0x79, 0x30, 0x62, 0x29, 0x82, 0xA0, 0xD9, 0x53, 0x9A, 0xAC, 0xAD, 0xC6, 0x58, 0xEF, 0x99,
    0x8B, 0x1A, 0x5C, 0xED, 0xAD, 0x34, 0xED, 0x4A, 0xEC, 0x9C, 0x72, 0xEB, 0xE2, 0x80, 0x6E, 0x6C,
    0xB5, 0x62, 0x81, 0x74, 0xC5, 0xD3, 0xE9, 0x9A, 0xCF, 0x37, 0x61, 0x45, 0x16, 0x0A, 0x6B, 0xD9,
    0x03, 0x44, 0xFC, 0x27, 0x84, 0xAD, 0xBF, 0xDA, 0x8A, 0xB9, 0xC9, 0x70, 0xB9, 0xC9, 0xE7, 0x62,
    0xEA, 0x90, 0xA9, 0x46, 0x90, 0x6A, 0xD8, 0x8A, 0xC9, 0xF7, 0x91, 0xCC, 0x4D, 0xBB, 0x81, 0xEF,
    0x3A, 0x64, 0x84, 0xD0, 0x94, 0xA8, 0xDD, 0x02, 0xB0, 0x95, 0x63, 0xA1, 0xF5, 0xEF, 0x70, 0x47,
    0x32, 0x0E, 0x92, 0x48, 0xF6, 0x47, 0x34, 0x8D, 0xA5, 0x07, 0xA5, 0x80, 0xD4, 0xF2, 0x80, 0x52,
    0x03, 0xF8, 0x2E, 0x9F, 0x93, 0xF9, 0xDF, 0x82, 0x34, 0x9F, 0x51, 0xCA, 0x8F, 0x88, 0x09, 0xE8,
    0x4B, 0x4E, 0x1B, 0x48, 0xB6, 0x32, 0x75, 0x2E, 0x19, 0x1D, 0x1F, 0xC4, 0x93, 0x28, 0x37, 0xD1,
    0x8E, 0x8C, 0x98, 0xD5, 0x6C, 0x0B, 0x30, 0x59, 0x11, 0x31, 0xF9, 0x8A, 0x88, 0xC9, 0x57, 0x62,
    0xF4, 0x0A, 0x86, 0x70, 0xE5, 0xA6, 0x93, 0xC7, 0x80, 0x0F, 0x45, 0x9F, 0x14, 0xE1, 0x47, 0x24,
    0x4D, 0x3F, 0xA0, 0x50, 0x6B, 0x08, 0xDC, 0x5D, 0x8B, 0xFB, 0x10, 0xB6, 0x33, 0x17, 0x45, 0x00,
    0xC3, 0xC7, 0xD2, 0xBD, 0x5B, 0xE9, 0x71, 0x13, 0x02, 0x12, 0x79, 0xEF, 0x08, 0xC8, 0x6A, 0x2A,
    0xD8, 0x5D, 0x95, 0x6C, 0xAE, 0x2A, 0x04, 0x62, 0xBF, 0xA7, 0xAF, 0x33, 0x39, 0x1B, 0x21, 0xAE,
    0x40, 0xF4, 0x91, 0x19, 0x60, 0x3E, 0x0C, 0x00, 0xFC, 0x98, 0x6F, 0x06, 0x83, 0xB3, 0x70, 0x27,
    0x95, 0x5D, 0xF0, 0x48, 0x4A, 0x14, 0x28, 0x35, 0x77, 0x73, 0x97, 0x91, 0x61, 0x57, 0xA3, 0x5F,
    0x93, 0x7F, 0xA5, 0x40, 0x93, 0xAD, 0x7E, 0x52, 0x8E, 0x79, 0x2C, 0xA8, 0x63, 0x88, 0x57, 0xC1,
    0xE0, 0xBD, 0xB7, 0x7D, 0xFD, 0x00, 0xD9, 0x9A, 0x1E, 0x1B, 0x76, 0x24, 0xC1, 0xE4, 0xCD, 0xA1,
    0x3F, 0x68, 0x08, 0x98, 0x51, 0x20, 0x2C, 0x48, 0x36, 0x6A, 0x1A, 0x48, 0xB6, 0xE0, 0xF3, 0x8A,
    0x60, 0xE3, 0x29, 0x6F, 0x37, 0x96, 0xC0, 0xBF, 0x9E, 0xA2, 0xD6, 0x7E, 0x7A, 0xBC, 0x99, 0x0E,
    0x25, 0x6A, 0xC7, 0xC6, 0xE1, 0xB1, 0x40, 0x65, 0x4F, 0x01, 0x6B, 0x54, 0xB1, 0xEE, 0x19, 0xAE,
    0x53, 0xAF, 0xDC, 0x9F, 0xA5, 0x87, 0xB4, 0xAB, 0x8E, 0xD0, 0xB2, 0x9D, 0x92, 0xDD, 0xA5, 0x96,
    0xB8, 0x9B, 0x1B, 0xA3, 0x72, 0x46, 0x17, 0xF3, 0x55, 0xC3, 0x9B, 0xBB, 0xDD, 0x03, 0x2C, 0x64,
    0xAD, 0x8C, 0xD8, 0x13, 0x9A, 0x2C, 0x11, 0x91, 0xBD, 0xB9, 0x9F, 0xFD, 0xAC, 0xFC, 0xB3, 0xAA,
    0x2E, 0x0D, 0x56, 0x3A, 0x04, 0xB5, 0x14, 0x5C, 0x20, 0x13, 0x15, 0x2B, 0xB1, 0xCE, 0x13, 0x33,
    0x96, 0x35, 0xF6, 0x1A, 0xF5, 0xAA, 0x52, 0xF5, 0x2F, 0x6C, 0xE2, 0xDC, 0xDB, 0xF4, 0x76, 0x22,
    0xAE, 0xC4, 0x2A, 0xA5, 0x8C, 0x73, 0xF2, 0x4B, 0x77, 0xE4, 0xB2, 0xAB, 0xDC, 0x79, 0x64, 0x24,
    0x48, 0xFA, 0x97, 0xB7, 0x58, 0xBF, 0x19, 0xB0, 0x7C, 0xC7, 0xDC, 0xA9, 0x04, 0xCA, 0x84, 0x93,
    0x50, 0xEB, 0xAC, 0x05, 0x99, 0x5F, 0xAA, 0x33, 0x8D, 0x24, 0x7D, 0x71, 0xE1, 0x54, 0x2A, 0xA8,
    0xB6, 0x5B, 0xD5, 0x16, 0xF2, 0x7A, 0xF2, 0x07, 0xA6, 0xF1, 0x30, 0x54, 0x08, 0x25, 0xD0, 0x4D,
    0x7B, 0x7E, 0x44, 0x67, 0xE0, 0x8A, 0x96, 0xA3, 0x1C, 0xEB, 0xCB, 0x5A, 0x4D, 0xB5, 0xAA, 0x07,
    0xA3, 0x9B, 0x4A, 0x91, 0x33, 0xF3, 0x08, 0x56, 0x92, 0x53, 0x38, 0x79, 0x05, 0x9B, 0x1A, 0x30,
    0xFA, 0x46, 0x9B, 0x4C, 0xCE, 0x1A, 0xE7, 0x58, 0xBF, 0x59, 0x56, 0xC5, 0x5E, 0xD6, 0xB2, 0xBC,
    0x91, 0x5E, 0xCD, 0x78, 0x2F, 0x35, 0x9B, 0x3B, 0x4A, 0x72, 0x65, 0x77, 0x75, 0x5C, 0xB1, 0xBA,
    0xF2, 0xBB, 0x23, 0x04, 0x25, 0xD5, 0x8D, 0xA6, 0x08, 0xFA, 0x58, 0x97, 0xEE, 0x55, 0x5A, 0xFA,
    0xE0, 0x65, 0xE6, 0x96, 0xF7, 0xDD, 0x69, 0x4C, 0x5E, 0x34, 0xB7, 0xD8, 0x32, 0x5C, 0x4F, 0x0E,
    0xB6, 0xFE, 0x44, 0x39, 0x11, 0x05, 0xAB, 0xCD, 0x31, 0xAC, 0xBA, 0x52, 0xA6, 0xD7, 0xF0, 0xA0,
    0xDB, 0xF7, 0x20, 0x26, 0x4D, 0x89, 0x54, 0xC6, 0xC7, 0x84, 0x4A, 0xF4, 0x00, 0x22, 0x61, 0xCF,
    0xD2, 0xA0, 0xFB, 0x54, 0x05, 0xFB, 0x47, 0x5C, 0x39, 0xFC, 0x7C, 0xE5, 0x1E, 0xDD, 0xB4, 0xA7,
    0x1C, 0xEB, 0x03, 0x54, 0xFD, 0xA2, 0x80, 0xE7, 0x95, 0x7C, 0x25, 0x36, 0x14, 0xAB, 0x57, 0xB3,
    0xCA, 0x24, 0x52, 0x32, 0x88, 0xB1, 0x09, 0xCB, 0xA7, 0x7D, 0x13, 0x9A, 0x9D, 0x2E, 0xD0, 0x52,
    0x90, 0xC0, 0x7E, 0x43, 0x2A, 0xBE, 0x2A, 0xAC, 0x1F, 0x0A, 0xBD, 0xBB, 0x90, 0x64, 0xE1, 0xDC,
    0x46, 0x8B, 0xA4, 0x61, 0xB7, 0x87, 0xCC, 0xC1, 0x6E, 0xE2, 0xE1, 0x70, 0xA6, 0xF2, 0xF7, 0x2A,
    0x71, 0x8B, 0x71, 0x7A, 0x92, 0x4B, 0x11, 0xDA, 0x47, 0xB6, 0x32, 0x9D, 0x28, 0x32, 0x5D, 0x79,
    0x66, 0x3A, 0xAD, 0x36, 0x16, 0xB3, 0xFE, 0x49, 0xFE, 0x14, 0xF4, 0x83, 0xE2, 0x29, 0x6A, 0x99,
    0xF7, 0x2A, 0x34, 0xB3, 0xC1, 0x7B, 0x14, 0x31, 0x9B, 0xFF, 0xB7, 0xC6, 0x25, 0x67, 0xBF, 0x76,
    0xC8, 0x67, 0x7E, 0x06, 0x9C, 0xAC, 0x7E, 0xDA, 0xDC, 0x69, 0xA9, 0x7E, 0x83, 0xF0, 0x9B, 0xAB,
    0x4F, 0x57, 0x56, 0x6D, 0xA7, 0x9D, 0x42, 0x26, 0x64, 0x94, 0x6A, 0x64, 0xB6, 0x84, 0x40, 0xB8,
    0x88, 0x76, 0x0B, 0x14, 0x72, 0xD1, 0x81, 0x5B, 0x7E, 0x44, 0xC6, 0x0B, 0xB9, 0x38, 0x2E, 0x81,
    0x13, 0x24, 0x53, 0xD4, 0x5B, 0x1C, 0x88, 0x05, 0xDE, 0x5D, 0x89, 0xA2, 0xE3, 0x06, 0x0F, 0xFE,
    0x69, 0x8B, 0xFA, 0xA5, 0xF9, 0x82, 0xF3, 0xA7, 0xEE, 0x9F, 0x48, 0xC3, 0x4F, 0x7F, 0x43, 0x9A,
    0xFF, 0x17, 0xE3, 0x28, 0xFB, 0x16, 0x71, 0xB4, 0x65, 0xDF, 0x22, 0x82, 0xCE, 0xA7, 0xE7, 0xA0,
    0x00, 0x59, 0xE6, 0xB3, 0x94, 0x05, 0xE3, 0xC2, 0xCE, 0x08, 0x6C, 0x10, 0xC0, 0x27, 0x3A, 0x02,
    0xE9, 0xA0, 0x09, 0x1C, 0x47, 0x2F, 0x64, 0x09, 0xFB, 0xA8, 0x6B, 0x8F, 0xBD, 0x65, 0x6D, 0xBD,
    0x65, 0x63, 0xBD, 0x65, 0x03, 0x44, 0x68, 0x2B, 0x22, 0x42, 0x39, 0xE7, 0xAB, 0x55, 0x86, 0xC5,
    0x0C, 0xCB, 0x95, 0x33, 0xB4, 0xC9, 0xE1, 0x1D, 0xB4, 0x0A, 0x8D, 0x7A, 0xEB, 0x2D, 0x11, 0x4F,
    0xCD, 0xD0, 0x0C, 0x47, 0x6F, 0x89, 0x2C, 0xE4, 0x9A, 0xF1, 0xC5, 0xDE, 0x92, 0x85, 0x0B, 0x84,
    0x21, 0x9E, 0x2B, 0x6F, 0x5A, 0x2A, 0x37, 0x10, 0xE3, 0x6D, 0x9A, 0x53, 0x94, 0x72, 0x23, 0xDA,
    0x5B, 0xEB, 0x38, 0x16, 0xB9, 0x4E, 0x05, 0x25, 0x7D, 0xE2, 0x44, 0xD9, 0xEB, 0x42, 0x18, 0x02,
    0x4F, 0x3F, 0xA9, 0xFD, 0x51, 0x26, 0xDD, 0x9B, 0x9A, 0xB0, 0xB5, 0x7F, 0x78, 0xB8, 0xDD, 0xD7,
    0x83, 0x7F, 0x23, 0x3D, 0x4C, 0xAF, 0xD7, 0x43, 0xFD, 0x0A, 0x3D, 0xCC, 0xFB, 0xE4, 0x44, 0x9C,
    0xA8, 0x85, 0xAD, 0xA8, 0x8F, 0x9C, 0xD5, 0x9F, 0x0D, 0x01, 0x1F, 0xB5, 0xB1, 0x6B, 0x12, 0x57,
    0xCA, 0xC8, 0x0A, 0x79, 0x3F, 0x56, 0xCC, 0x7F, 0x39, 0x53, 0x2E, 0x9C, 0x3B, 0xF4, 0xB9, 0x1A,
    0x44, 0xA4, 0xDC, 0xBA, 0x44, 0x93, 0x9E, 0x74, 0x2A, 0xDE, 0x47, 0x92, 0x56, 0x40, 0xA4, 0x7A,
    0x29, 0x5F, 0xE9, 0x75, 0x8B, 0x06, 0x05, 0x72, 0x41, 0x20, 0x5B, 0xC5, 0x09, 0x02, 0xD3, 0x00,
    0xB9, 0xB0, 0xE6, 0xA2, 0xED, 0x14, 0xB6, 0xAA, 0x35, 0x53, 0x3E, 0x5C, 0x5C, 0x92, 0xEF, 0x9C,
    0x4C, 0x2F, 0xD4, 0x0E, 0xE3, 0x65, 0xA4, 0xA9, 0xD9, 0xDD, 0xAA, 0x4C, 0x77, 0x19, 0x69, 0xF6,
    0x97, 0x91, 0xA6, 0x9E, 0xE1, 0x5C, 0xB3, 0x2D, 0x6F, 0xB3, 0xEB, 0x36, 0x59, 0x9D, 0x51, 0xD2,
    0x99, 0xA4, 0x61, 0xBD, 0xD7, 0xE5, 0x5E, 0x45, 0xFE, 0xCB, 0x9A, 0xDC, 0x07, 0xAB, 0x9C, 0x37,
    0x44, 0x13, 0xAD, 0xC9, 0x2E, 0x3B, 0xD0, 0xCF, 0x36, 0xDC, 0x9C, 0x9D, 0x13, 0x56, 0x30, 0x47,
    0xF1, 0xB2, 0xE0, 0x6A, 0x39, 0x67, 0x67, 0xAB, 0xD3, 0x50, 0xB7, 0xA8, 0xCA, 0x83, 0x1D, 0x86,
    0x92, 0xA5, 0x4F, 0x35, 0xED, 0xDD, 0x27, 0x73, 0x60, 0x4D, 0xFC, 0x33, 0xEF, 0x6D, 0xB8, 0x1C,
    0xEC, 0x84, 0xDA, 0x6D, 0x2A, 0xE3, 0x58, 0x58, 0xA2, 0xE6, 0x04, 0x56, 0x61, 0x35, 0xED, 0x3A,
    0x09, 0xA5, 0x19, 0x7F, 0x43, 0x20, 0x5E, 0x92, 0xD4, 0x9C, 0xA7, 0x1B, 0x3F, 0x5D, 0x2F, 0x43,
    0xB3, 0x58, 0xEA, 0xCB, 0x98, 0xC0, 0xE5, 0x63, 0x5D, 0x2F, 0x9C, 0x65, 0xAC, 0x70, 0x80, 0xDA,
    0xFC, 0x3B, 0xE7, 0x9A, 0xFF, 0x81, 0x45, 0xFD, 0xAF, 0x39, 0x15, 0x7C, 0xCA, 0xF9, 0x0C, 0xC5,
    0xD7, 0x0C, 0xCF, 0x1F, 0x7D, 0x4B, 0xB5, 0xC4, 0xC9, 0x5D, 0x44, 0xA7, 0x51, 0xE8, 0x44, 0xF3,
    0xF3, 0x22, 0xE3, 0xAF, 0x67, 0xBA, 0x69, 0x5A, 0xCE, 0xEF, 0xBA, 0x9A, 0xDD, 0x09, 0xC1, 0xEF,
    0xED, 0x56, 0x10, 0xF8, 0x09, 0x4A, 0xAA, 0xA5, 0xF9, 0x84, 0x10, 0x18, 0x00, 0x81, 0xF9, 0x37,
    0x01, 0xDB, 0x16, 0xDF, 0x3E, 0xFF, 0x1C, 0x6E, 0xF5, 0xF5, 0xD7, 0xFF, 0x09, 0x0F, 0xFB, 0xE2,
    0xB3, 0xDF, 0x22, 0x3A, 0xBE, 0xF8, 0xE8, 0x29, 0xAB, 0xE2, 0xEC, 0xE9, 0xB0, 0xE3, 0xEC, 0x2A,
    0xBA, 0x9C, 0xB8, 0x8F, 0xD2, 0x45, 0x63, 0x71, 0xDE, 0xA7, 0x9B, 0xD9, 0xB3, 0x58, 0x63, 0xF6,
    0x87, 0xA6, 0x39, 0x71, 0xA4, 0x29, 0x60, 0x31, 0x99, 0x2B, 0xFC, 0x44, 0x93, 0x88, 0x2F, 0xE6,
    0x63, 0x36, 0xA1, 0xF6, 0x8C, 0x98, 0xE9, 0xAC, 0xA7, 0x89, 0x5D, 0x9B, 0x6B, 0x44, 0x35, 0xA8,
    0x49, 0xE5, 0x87, 0xF9, 0x16, 0xD4, 0xC2, 0x4B, 0x0B, 0x93, 0x0D, 0x5E, 0x3B, 0xCD, 0x7A, 0x1B,
    0xC2, 0x86, 0xD0, 0x5A, 0x19, 0xC2, 0xCE, 0x35, 0x3A, 0x46, 0x35, 0x7D, 0xC7, 0x4F, 0xF8, 0xBC,
    0xE1, 0x20, 0x06, 0xE5, 0x12, 0x83, 0x19, 0xB8, 0x04, 0xB4, 0x1E, 0x59, 0xBF, 0x4E, 0x44, 0x01,
    0x02, 0x40, 0x31, 0xE3, 0xCE, 0x62, 0x66, 0xAB, 0xFA, 0x5C, 0xA3, 0x95, 0x35, 0x76, 0x1F, 0xEA,
    0xE7, 0x52, 0x73, 0xBC, 0xBD, 0xAE, 0x90, 0xCF, 0xA9, 0x9E, 0x78, 0x28, 0x8D, 0x19, 0x52, 0x15,
    0x2A, 0x6A, 0x34, 0xF2, 0xBF, 0x14, 0x9E, 0xE1, 0xFE, 0x6C, 0x50, 0xC5, 0xBA, 0x4D, 0x31, 0xAF,
    0xE7, 0x8C, 0x56, 0xE6, 0x5C, 0xCD, 0x2C, 0xF3, 0xED, 0xFE, 0xF8, 0x31, 0x7E, 0xE8, 0x76, 0x26,
    0x22, 0x4C, 0xAA, 0xCD, 0x88, 0x13, 0xB2, 0xEE, 0x52, 0xB1, 0xA9, 0xB4, 0x59, 0x8C, 0xA8, 0x47,
    0x4E, 0x0D, 0x71, 0x5F, 0x9F, 0x8E, 0x5F, 0x9D, 0xE2, 0xDB, 0xBB, 0x15, 0xFB, 0x5D, 0xDD, 0xBC,
    0x3A, 0xC6, 0xAD, 0x0A, 0x3F, 0xC7, 0x7E, 0x5C, 0x13, 0x2A, 0xC2, 0xEF, 0x20, 0x0B, 0xEA, 0x55,
    0xC9, 0x82, 0xE5, 0xFE, 0xD2, 0x70, 0x43, 0xAF, 0x25, 0xBE, 0xD4, 0xCB, 0x71, 0x1F, 0x7B, 0xF1,
    0xB0, 0xCA, 0x5E, 0x9B, 0x5E, 0x81, 0x1C, 0xE1, 0x95, 0xEC, 0x2F, 0xB1, 0xDA, 0xD9, 0xC4, 0x6A,
    0xB1, 0xA9, 0x4C, 0xA2, 0xA6, 0x28, 0xF2, 0x75, 0x48, 0x68, 0xE3, 0xF0, 0x3F, 0x8A, 0x98, 0xAF,
    0xD3, 0x5A, 0xEC, 0xC2, 0xEE, 0x28, 0x23, 0x2E, 0xC5, 0x3E, 0x5D, 0x23, 0xC6, 0x24, 0x4E, 0xFB,
    0x70, 0x9D, 0x31, 0xE0, 0x39, 0xC6, 0x09, 0x83, 0x4E, 0xEA, 0x90, 0x38, 0x98, 0xA5, 0x89, 0x4A,
    0x93, 0xF4, 0x95, 0xA9, 0x40, 0xA8, 0xDD, 0x3B, 0xF2, 0xBD, 0xA5, 0x3A, 0xD0, 0x57, 0xE4, 0xBB,
    0xEF, 0xBF, 0xFF, 0x7E, 0xFD, 0xA7, 0xD8, 0x15, 0x3E, 0x32, 0x72, 0x6D, 0xE4, 0x69, 0xC2, 0xC3,
    0xF7, 0xB9, 0xD3, 0xEF, 0x6B, 0x7A, 0xAD, 0x8E, 0xD2, 0x46, 0xB6, 0x3D, 0x43, 0xC6, 0xF5, 0x59,
    0x69, 0xF5, 0x1C, 0x73, 0xB5, 0x7E, 0x62, 0x9B, 0x11, 0x01, 0x31, 0xA2, 0x22, 0xF6, 0x3F, 0xEF,
    0xD0, 0x08, 0x54, 0xDA, 0x27, 0x58, 0xEC, 0x3F, 0x9E, 0x53, 0xE7, 0xB7, 0xBF, 0xBB, 0x6E, 0x63,
    0x2E, 0x63, 0x60, 0xB9, 0xBF, 0xBF, 0x8C, 0xD8, 0x34, 0xA5, 0xFC, 0xDF, 0x67, 0x72, 0x57, 0x4E,
    0x43, 0x78, 0x12, 0x09, 0x36, 0x92, 0x30, 0x74, 0xEA, 0x6B, 0x08, 0x34, 0x4A, 0x72, 0x90, 0xF0,
    0x05, 0xFC, 0x0E, 0x7D, 0x39, 0x33, 0xC5, 0x4F, 0xFB, 0x0C, 0xCD, 0x0E, 0xEE, 0x18, 0x80, 0x37,
    0x36, 0xC3, 0xE1, 0xB9, 0x5E, 0x16, 0xF3, 0xEE, 0xE0, 0x6C, 0x86, 0xF6, 0x55, 0x52, 0xE7, 0x47,
    0xAF, 0x71, 0x8F, 0x1F, 0x33, 0xDB, 0xB8, 0xFF, 0x0B, 0xC9, 0xBE, 0x67, 0x05, 0xCE, 0x55, 0x47,
    0xF5, 0x83, 0xF0, 0xF1, 0x55, 0x8F, 0x71, 0xD5, 0x69, 0x64, 0xAF, 0xE8, 0x18, 0x92, 0x8E, 0xFE,
    0xA6, 0x89, 0x35, 0xE3, 0x73, 0x54, 0x7F, 0xC9, 0x5A, 0x82, 0xE9, 0x5A, 0xAA, 0x76, 0xD2, 0xB5,
    0x93, 0xB2, 0x9D, 0xB4, 0x6D, 0xEA, 0x36, 0x7D, 0x9B, 0xC2, 0x4D, 0xE3, 0xA6, 0xF2, 0x58, 0x22,
    0x4B, 0xE9, 0x42, 0x1D, 0xFA, 0xCB, 0x3F, 0x6B, 0xBA, 0xC0, 0x79, 0x50, 0x1E, 0xF1, 0x60, 0x48,
    0xAC, 0x94, 0x68, 0x1B, 0xAA, 0xAD, 0x42, 0xBB, 0xCE, 0xF2, 0x83, 0x9D, 0x85, 0xFF, 0xBD, 0x4D,
    0x26, 0x94, 0xD8, 0xB0, 0xF1, 0xEF, 0xEA, 0x5D, 0xF4, 0x67, 0xEE, 0x6F, 0x5E, 0x90, 0xBA, 0xB2,
    0x39, 0x8D, 0xCD, 0x11, 0x62, 0x85, 0x80, 0x9B, 0x36, 0x03, 0x1F, 0x49, 0xDE, 0x8D, 0x6F, 0x5D,
    0xDA, 0x1E, 0x6B, 0xC7, 0x22, 0x52, 0xA5, 0x3A, 0xB0, 0x8D, 0xF5, 0xDE, 0xFE, 0x2B, 0xB3, 0x11,
    0x6E, 0x54, 0x58, 0xD4, 0x58, 0x54, 0x59, 0x04, 0xD3, 0x58, 0xF7, 0xC5, 0xC2, 0x6F, 0x3F, 0x51,
    0xB1, 0x02, 0x70, 0x1F, 0xCF, 0xC6, 0x12, 0x30, 0x76, 0xD8, 0x21, 0xFE, 0xBA, 0xE6, 0xC1, 0x6C,
    0xF4, 0x56, 0xC4, 0xD2, 0x60, 0x30, 0x1C, 0xEC, 0x8C, 0x26, 0x68, 0x91, 0x6A, 0x8B, 0xA3, 0xB2,
    0x1B, 0x8D, 0x2B, 0xBA, 0x4B, 0xBB, 0x5F, 0xDA, 0xD4, 0x60, 0x61, 0xC8, 0x23, 0x30, 0x56, 0x82,
    0x76, 0x4E, 0x9D, 0xA8, 0xEF, 0xE5, 0xE9, 0x0D, 0x29, 0xD8, 0x54, 0x31, 0xE6, 0x54, 0x8D, 0x61,
    0xC3, 0x1F, 0x75, 0x83, 0x84, 0xEE, 0xD5, 0x54, 0xF6, 0x5A, 0x12, 0x2C, 0x3D, 0x7A, 0x76, 0xDD,
    0x0D, 0x62, 0xE1, 0x1F, 0xA2, 0x95, 0xD9, 0xFB, 0x40, 0xB9, 0x45, 0xBC, 0x31, 0xB7, 0x59, 0x6C,
    0x76, 0x77, 0x3E, 0x7D, 0x15, 0x46, 0xF7, 0x87, 0x1F, 0xCF, 0xDC, 0x3E, 0xCD, 0x35, 0x3F, 0x67,
    0x33, 0xDF, 0x4D, 0xC7, 0x78, 0x60, 0xD2, 0x79, 0xAB, 0xAA, 0x19, 0xB8, 0x91, 0x2A, 0x92, 0x60,
    0xD3, 0x9E, 0x62, 0x61, 0xD5, 0x89, 0x30, 0xC2, 0x72, 0x69, 0xD8, 0x0B, 0xCA, 0x13, 0x47, 0x60,
    0x44, 0xB8, 0x64, 0x31, 0x2E, 0x0A, 0x81, 0x90, 0xB1, 0x70, 0x9A, 0x8F, 0xD1, 0xA2, 0xD7, 0xD4,
    0x8C, 0x31, 0xC7, 0x33, 0xF8, 0x07, 0x4E, 0x5B, 0xE3, 0x29, 0x2B, 0x2D, 0x91, 0x1E, 0x07, 0x4B,
    0x6D, 0x9D, 0x9A, 0x63, 0x0E, 0x1A, 0x3C, 0x73, 0x1A, 0x89, 0xCB, 0xD3, 0x11, 0x93, 0x07, 0x91,
    0xAC, 0xF9, 0x78, 0x35, 0xCB, 0xD4, 0x21, 0xFD, 0x89, 0xFA, 0xCA, 0x82, 0xCD, 0x7E, 0xFF, 0x68,
    0x89, 0x0A, 0x2E, 0xF7, 0x76, 0xDD, 0x4C, 0xD6, 0xD6, 0x54, 0xB1, 0x8F, 0xD8, 0x5D, 0xE2, 0x5E,
    0x9A, 0x7F, 0x45, 0xB9, 0x2A, 0xAD, 0x2A, 0x8A, 0x39, 0x3D, 0xD7, 0x37, 0x2A, 0x0A, 0xA6, 0x26,
    0x4F, 0xEF, 0xB0, 0x46, 0x27, 0x0E, 0x8A, 0x0B, 0x21, 0xFB, 0x33, 0x96, 0x0B, 0xB3, 0xEA, 0xC8,
    0x46, 0xBD, 0xC8, 0xC4, 0x93, 0xF1, 0x05, 0x6B, 0x6A, 0x24, 0x07, 0xAF, 0x55, 0xF7, 0x54, 0x29,
    0x4E, 0x2F, 0xDA, 0x7E, 0xF0, 0x6C, 0xFB, 0x38, 0xC2, 0xAB, 0x1F, 0x3A, 0xC2, 0xB3, 0x11, 0xF2,
    0x62, 0x22, 0xE8, 0xBD, 0xDE, 0xD0, 0xC1, 0xC5, 0x88, 0xD8, 0xEA, 0xFE, 0xC7, 0xB9, 0xB7, 0x37,
    0xCD, 0x8B, 0xF7, 0xE3, 0x9F, 0x4B, 0x3D, 0x51, 0x4C, 0xA0, 0x5B, 0x31, 0x02, 0xDE, 0xCF, 0xC5,
    0xB0, 0xA1, 0xAB, 0x2E, 0x3F, 0xE1, 0xD7, 0x44, 0xD8, 0x49, 0x9F, 0x16, 0x8F, 0x32, 0x32, 0x9B,
    0xFD, 0xCF, 0x90, 0x9D, 0x51, 0x00, 0xCE, 0x2C, 0x4E, 0x49, 0x47, 0xFE, 0x5B, 0xAA, 0x9F, 0xAE,
    0x7A, 0xFE, 0x8B, 0x14, 0x8B, 0x7F, 0x7D, 0xAB, 0x11, 0xFF, 0x4D, 0xF7, 0x80, 0xDF, 0xF6, 0xAF,
    0xF3, 0xDB, 0xFC, 0xF0, 0xDB, 0x82, 0x7E, 0x5B, 0x1E, 0x39, 0xC2, 0xEB, 0x70, 0x84, 0x7D, 0xD5,
    0xD5, 0xE9, 0x09, 0x83, 0x59, 0xC3, 0xBC, 0x2C, 0xFC, 0xC8, 0xAC, 0x83, 0xAC, 0x61, 0x05, 0x7F,
    0x67, 0x07, 0x4F, 0x1A, 0x75, 0xC4, 0xD6, 0x89, 0x49, 0x6E, 0x60, 0x6A, 0x9D, 0xAA, 0x4B, 0xC1,
    0x3F, 0xD0, 0xCF, 0xB8, 0xE6, 0x57, 0x96, 0x53, 0x34, 0xA4, 0x25, 0x80, 0xE8, 0xDB, 0x22, 0x76,
    0x5C, 0x05, 0x5F, 0xE5, 0xE0, 0x56, 0x41, 0x24, 0x10, 0x77, 0xD6, 0x97, 0x1D, 0x7D, 0xB0, 0x3A,
    0xE0, 0x9E, 0xB1, 0xC4, 0x56, 0x8F, 0x76, 0xF2, 0xAC, 0xC9, 0x52, 0x1D, 0x7D, 0xC4, 0xB3, 0x5B,
    0x9B, 0x35, 0xDA, 0x89, 0x45, 0x7D, 0xA4, 0x12, 0x21, 0x62, 0xF1, 0x92, 0x3E, 0x98, 0x88, 0x5C,
    0x5B, 0x1C, 0xF0, 0x68, 0x2A, 0xA2, 0x3D, 0xFA, 0x58, 0x38, 0x4E, 0xD3, 0x97, 0x6C, 0x3A, 0xAA,
    0x4B, 0x6B, 0x33, 0xEA, 0xDC, 0x58, 0x67, 0x51, 0x87, 0xBE, 0xE6, 0x32, 0x4E, 0x64, 0x77, 0xC8,
    0x27, 0x5B, 0xBF, 0x98, 0x5F, 0xD7, 0x94, 0x21, 0xA3, 0x7D, 0x6C, 0xA7, 0x61, 0xBB, 0xED, 0xA0,
    0xC1, 0xDB, 0xA4, 0xBE, 0x8A, 0xB4, 0x57, 0x96, 0x99, 0x2F, 0x8D, 0x23, 0xEC, 0xB1, 0x4B, 0xA4,
    0x66, 0x4B, 0xA3, 0xEA, 0x6E, 0xBC, 0x69, 0xAF, 0xE7, 0xDC, 0x9B, 0xC0, 0x67, 0xA4, 0xA6, 0xEC,
    0xFB, 0x3B, 0xFB, 0x7E, 0x44, 0x66, 0x34, 0xA7, 0x06, 0xDC, 0xFE, 0xAA, 0x39, 0xE5, 0x13, 0x37,
    0xBF, 0x7C, 0xB8, 0x48, 0xBB, 0x7C, 0x6B, 0x42, 0x63, 0x41, 0x4D, 0x05, 0xDF, 0x78, 0x7A, 0x25,
    0x72, 0x4E, 0x6E, 0x6D, 0x3A, 0x90, 0x47, 0x53, 0x0E, 0x66, 0x98, 0x37, 0x07, 0xDF, 0xBB, 0x4E,
    0x3C, 0x6A, 0xE8, 0xC5, 0x6A, 0x67, 0xAE, 0xD6, 0x43, 0x0E, 0x36, 0xF3, 0xCF, 0x79, 0x00, 0xF1,
    0xE1, 0x57, 0x2E, 0xB6, 0x9A, 0xC4, 0x19, 0xFA, 0x56, 0x77, 0xB7, 0xD5, 0x54, 0x57, 0xDB, 0x0C,
    0x2C, 0xA8, 0x07, 0xF6, 0x42, 0x23, 0x33, 0xFC, 0x7F, 0xD3, 0x41, 0xBF, 0x56, 0xD1, 0xA0, 0xE1,
    0xF8, 0x14, 0xBF, 0xB0, 0x53, 0x58, 0xCA, 0x39, 0x64, 0xE3, 0x41, 0x1C, 0x8A, 0xC9, 0xF4, 0x8C,
    0x48, 0x45, 0x7C, 0x0F, 0x7F, 0x0E, 0xD2, 0x6F, 0x88, 0xEE, 0x3E, 0xE4, 0x93, 0xFF, 0x07, 0x20,
    0x81, 0xFF, 0x59, 0x28, 0x06, 0xFF, 0x93, 0x50, 0xF6, 0xBE, 0x08, 0x55, 0xDF, 0x54, 0x8D, 0xAF,
    0x9B, 0xC6, 0x37, 0xAE, 0x39, 0x57, 0x4F, 0xD0, 0xC2, 0x71, 0xBE, 0xC1, 0x08, 0xEA, 0xC6, 0x6A,
    0x8E, 0x6D, 0x6F, 0xCD, 0x2F, 0x3B, 0x75, 0x9A, 0x2D, 0xDA, 0x80, 0xA8, 0x9A, 0x0C, 0x8F, 0x58,
    0x82, 0xE5, 0x2B, 0x2B, 0x41, 0xE0, 0x63, 0xBB, 0x77, 0x7D, 0xCE, 0xF2, 0x74, 0x67, 0x4D, 0xCF,
    0x24, 0x33, 0x48, 0xD3, 0xBA, 0x5E, 0x3D, 0xD7, 0x97, 0xAE, 0x3E, 0x57, 0x4A, 0xF9, 0x90, 0x5F,
    0x50, 0x22, 0x4C, 0xB2, 0x8F, 0x54, 0xE3, 0x27, 0xCB, 0x72, 0x46, 0xA2, 0x5E, 0x01, 0x1B, 0xE4,
    0xE7, 0x4B, 0x5F, 0x2A, 0x1B, 0x30, 0x03, 0x70, 0xBE, 0xBF, 0x09, 0x27, 0x37, 0x1D, 0x9B, 0x85,
    0x4C, 0xC7, 0xFA, 0x85, 0xCE, 0xB1, 0x2B, 0x1D, 0xBD, 0xDB, 0x71, 0xB1, 0xCD, 0x20, 0x82, 0xB9,
    0xE6, 0xA5, 0x47, 0xBD, 0xFA, 0x3E, 0x88, 0x26, 0x24, 0x6F, 0x49, 0x85, 0xD2, 0x2D, 0x2C, 0xA6,
    0xF2, 0xD6, 0x7A, 0x5C, 0x2B, 0x69, 0xEE, 0x9C, 0x7F, 0x2C, 0x16, 0x3A, 0xF6, 0xA0, 0x4E, 0x7C,
    0xD4, 0x03, 0x37, 0xAF, 0xB8, 0x24, 0x37, 0x2C, 0xE2, 0x98, 0x74, 0x3B, 0x0A, 0xDE, 0x55, 0x67,
    0xC5, 0x82, 0xA1, 0x25, 0xD6, 0x35, 0xDA, 0x5C, 0x71, 0xF2, 0xA6, 0xF9, 0x6F, 0xAF, 0x82, 0x4B,
    0x1D, 0x5D, 0x6E, 0xFB, 0x40, 0xCB, 0x87, 0x63, 0x82, 0xDD, 0xB5, 0x3B, 0x39, 0xBE, 0x24, 0x64,
    0x6B, 0x1E, 0xCB, 0x19, 0xD9, 0x5C, 0x9C, 0xC4, 0x9D, 0xE2, 0x48, 0xFD, 0x28, 0xAF, 0xFE, 0x1F,
    0x49, 0x4A, 0x39, 0x2E, 0xE6, 0x39, 0xEA, 0x59, 0x8F, 0xF7, 0x47, 0x45, 0x71, 0x7C, 0x55, 0x65,
    0xFF, 0x62, 0xD5, 0x6B, 0x96, 0xC0, 0xCD, 0x3A, 0x67, 0x39, 0xC7, 0x01, 0xB9, 0x4D, 0xC9, 0xD3,
    0xE3, 0x0B, 0x4F, 0x0F, 0x4A, 0x75, 0x7C, 0x37, 0xE3, 0x8A, 0xD8, 0x81, 0xEF, 0x9D, 0x23, 0xCB,
    0x92, 0x4B, 0xFB, 0x79, 0xAF, 0x3E, 0x5E, 0xAF, 0x78, 0x9D, 0xE3, 0xD2, 0x5A, 0x8D, 0xF5, 0x04,
    0xD4, 0x8E, 0xCA, 0xE8, 0xC7, 0x43, 0x02, 0x98, 0x5E, 0xD2, 0x35, 0xE7, 0xD7, 0xE7, 0xF4, 0x6D,
    0x07, 0x3F, 0x00, 0x50, 0x1E, 0xD5, 0x15, 0x17, 0xCC, 0x16, 0xF7, 0x7F, 0xCD, 0x5A, 0xBF, 0xB3,
    0xDE, 0x46, 0x15, 0x5D, 0x49, 0xE4, 0x89, 0x58, 0x93, 0x51, 0x43, 0xE1, 0x19, 0xC3, 0x6C, 0x0A,
    0x17, 0x99, 0x61, 0x06, 0xA5, 0x48, 0xC5, 0x0C, 0x96, 0x9C, 0x14, 0x14, 0x14, 0xC9, 0x7F, 0x80,
    0x67, 0x68, 0xE8, 0xEC, 0x82, 0x86, 0x99, 0x24, 0x52, 0x92, 0x22, 0x65, 0xDE, 0x7F, 0x80, 0x0B,
    0x1A, 0xAA, 0xD0, 0x41, 0xE1, 0x58, 0xCA, 0xA4, 0x48, 0x41, 0x11, 0x31, 0x14, 0x14, 0x14, 0x11,
    0x4C, 0x52, 0xA5, 0x88, 0xC0, 0x1A, 0x2C, 0xDB, 0x92, 0x96, 0x73, 0xCE, 0x4A, 0x7A, 0xDF, 0x7B,
    0xB6, 0x81, 0x22, 0x2F, 0xCF, 0xCF, 0x7E, 0x37, 0xF1, 0xF7, 0x49, 0xBB, 0x67, 0xEF, 0xDE, 0x1F,
    0xE7, 0xDE, 0x5D, 0x13, 0x8F, 0xC6, 0xCE, 0x26, 0x9B, 0x4D, 0x32, 0x98, 0xFD, 0x27, 0x6F, 0x4C,
    0xD9, 0x98, 0xBA, 0x31, 0xAE, 0x0A, 0x5C, 0x15, 0xBA, 0x22, 0xE2, 0x5F, 0x13, 0x3B, 0x93, 0x38,
    0x93, 0x2E, 0x26, 0x9D, 0x4D, 0x3A, 0x19, 0x3B, 0x99, 0x6C, 0x34, 0x39, 0xFE, 0xF2, 0xD5, 0x78,
    0x86, 0x48, 0x26, 0x88, 0x54, 0x62, 0x84, 0xB0, 0xF8, 0x22, 0x74, 0x4B, 0x61, 0x32, 0xE7, 0x30,
    0x98, 0x73, 0x55, 0x04, 0x51, 0xA4, 0xEE, 0xF8, 0x88, 0x6F, 0x63, 0xA2, 0x9E, 0xA2, 0x83, 0x28,
    0x5B, 0x08, 0xCC, 0x78, 0x28, 0x4A, 0x7D, 0x31, 0x9A, 0x1B, 0x26, 0x77, 0x6E, 0x30, 0x96, 0x22,
    0x76, 0x0E, 0x23, 0x97, 0xEE, 0xF8, 0xF0, 0xE5, 0x9C, 0x2F, 0x97, 0xFB, 0x7B, 0x26, 0xA8, 0xBF,
    0xE0, 0xEC, 0xCE, 0xF1, 0x63, 0x47, 0x60, 0xCE, 0x61, 0xBA, 0xC8, 0x55, 0x57, 0x01, 0x74, 0x31,
    0x1B, 0x52, 0x8F, 0x52, 0x30, 0x8D, 0xC9, 0x7A, 0xB3, 0x21, 0x4A, 0x9D, 0x5B, 0x24, 0x67, 0x8D,
    0x82, 0x47, 0x33, 0x49, 0xE8, 0x83, 0xA3, 0xBB, 0xC2, 0x70, 0x5D, 0x7C, 0x3C, 0xD2, 0x60, 0xB1,
    0x06, 0x4B, 0xB8, 0x36, 0xBE, 0xE5, 0xF4, 0x16, 0x64, 0xAE, 0x71, 0xC2, 0xC2, 0x84, 0x26, 0x69,
    0x4D, 0x5A, 0x65, 0xFF, 0x5E, 0xCA, 0x0E, 0x1F, 0xBA, 0x9E, 0x4F, 0x35, 0x54, 0x06, 0x40, 0x61,
    0x24, 0x0C, 0xE0, 0x0A, 0x88, 0xBA, 0xDA, 0x04, 0x15, 0x1E, 0xF2, 0x5B, 0x3C, 0xA2, 0x87, 0xF5,
    0x9A, 0x06, 0xD0, 0x50, 0x1A, 0x14, 0x7B, 0x62, 0xEA, 0x16, 0x8F, 0x05, 0xDC, 0x28, 0x6E, 0x11,
    0x10, 0x26, 0x00, 0xED, 0x1A, 0xAE, 0xAC, 0x6C, 0xB8, 0x9A, 0xBC, 0xA5, 0x52, 0xF2, 0xBF, 0x13,
    0xB5, 0xBD, 0xBF, 0x68, 0x79, 0xA3, 0xE0, 0xF6, 0x1E, 0x73, 0xE3, 0x27, 0x90, 0xAC, 0xD6, 0x8D,
    0x34, 0x89, 0xA4, 0xB6, 0x32, 0xD7, 0x5A, 0x4A, 0xAD, 0xA5, 0x96, 0x4E, 0xBC, 0x96, 0x56, 0xA9,
    0x5D, 0x02, 0x0C, 0x59, 0x0E, 0xB7, 0x91, 0xD3, 0xF1, 0x97, 0x83, 0x61, 0xD2, 0xC0, 0x79, 0x65,
    0x11, 0x1D, 0xD5, 0xC5, 0xF1, 0xA9, 0x7D, 0x8E, 0x4D, 0x94, 0xF6, 0xC0, 0xF0, 0xCE, 0xFE, 0x9C,
    0x1D, 0x02, 0xAF, 0x47, 0xB3, 0xD7, 0xF7, 0xD9, 0x21, 0xB8, 0x7D, 0x1E, 0x50, 0x42, 0xE3, 0xA8,
    0xB1, 0x5F, 0x11, 0x37, 0x2D, 0xA1, 0xD5, 0xC0, 0x60, 0x6F, 0xF9, 0xCD, 0xD6, 0x8A, 0x12, 0xEA,
    0x22, 0xC6, 0xE7, 0xD8, 0x27, 0x0C, 0x59, 0x7E, 0x8D, 0x79, 0xDC, 0x75, 0xD7, 0x86, 0x33, 0xEC,
    0x29, 0x82, 0x59, 0x4B, 0xB4, 0x40, 0x9C, 0x37, 0xA1, 0xFB, 0x33, 0xD5, 0xCA, 0x65, 0x67, 0xD4,
    0x58, 0xEC, 0x64, 0x95, 0x32, 0x93, 0xC1, 0x8B, 0x1F, 0xF0, 0x9F, 0xD0, 0x52, 0x47, 0x01, 0xD7,
    0xE1, 0x98, 0x97, 0xF8, 0x58, 0xD2, 0xD8, 0x2A, 0xEB, 0xF3, 0x36, 0xEF, 0xEB, 0x36, 0xEF, 0x4A,
    0xFE, 0xCB, 0x98, 0x2B, 0xF0, 0x07, 0x8C, 0xD7, 0x9B, 0x68, 0x3C, 0x9A, 0x4C, 0x8A, 0xE7, 0x4D,
    0xF6, 0xEA, 0x6C, 0xAB, 0x6B, 0xE9, 0x9C, 0x36, 0x6F, 0x65, 0x45, 0xDC, 0xBC, 0xF9, 0x13, 0x13,
    0xB5, 0x77, 0x76, 0xA1, 0x7F, 0xEA, 0x0B, 0x3D, 0x92, 0x85, 0x78, 0x58, 0xAF, 0x45, 0x63, 0x38,
    0x71, 0xA8, 0x6E, 0x1D, 0xF4, 0x0A, 0xAD, 0xC0, 0x35, 0x70, 0x91, 0xC6, 0x0E, 0x79, 0x83, 0x3F,
    0x55, 0x59, 0x94, 0x45, 0x6D, 0x6A, 0xE3, 0xF4, 0x67, 0xC1, 0xFF, 0xE1, 0xF7, 0xDD, 0x05, 0x40,
    0x17, 0xF9, 0x47, 0xFC, 0xE0, 0xC7, 0xC6, 0x1C, 0x99, 0xE7, 0xA1, 0x89, 0x26, 0xAB, 0xB0, 0xDC,
    0xB2, 0x30, 0x2E, 0x58, 0x4C, 0x38, 0x43, 0x03, 0xC9, 0x98, 0xF6, 0xC6, 0x02, 0x3F, 0x3E, 0xAF,
    0x2B, 0x53, 0x56, 0x34, 0xE9, 0xA6, 0xAC, 0x8C, 0x6D, 0x11, 0x21, 0xD2, 0xCE, 0x36, 0x26, 0xE9,
    0xD3, 0xCE, 0x44, 0x43, 0xDC, 0x9B, 0x70, 0x8C, 0xA0, 0x93, 0x36, 0xAC, 0xD6, 0x10, 0x42, 0x67,
    0x90, 0xE5, 0x94, 0x14, 0xB5, 0x6C, 0xC8, 0x04, 0x34, 0xBF, 0x90, 0x16, 0x14, 0x4D, 0x9B, 0x88,
    0x65, 0x8C, 0x52, 0x65, 0xEF, 0x45, 0xE6, 0x96, 0xDC, 0xCD, 0xB9, 0x9B, 0x4A, 0x37, 0x71, 0x1F,
    0x9F, 0xA4, 0xB1, 0xD7, 0x47, 0x68, 0xCC, 0x3A, 0x68, 0xCC, 0xA6, 0x3F, 0x6D, 0xDE, 0xB4, 0xC9,
    0x6B, 0xED, 0x1D, 0x9B, 0x42, 0x63, 0x76, 0x86, 0xC6, 0xEC, 0x02, 0x8D, 0x59, 0x0B, 0x8D, 0xD9,
    0xE4, 0x83, 0x06, 0x4A, 0x7F, 0xB2, 0xC6, 0xA0, 0x05, 0x84, 0x07, 0x4C, 0x01, 0xFF, 0x81, 0x3B,
    0x64, 0x6E, 0xCA, 0x3F, 0x9E, 0xF3, 0x62, 0xC9, 0xCD, 0x5D, 0xCA, 0x8F, 0x67, 0x7C, 0x82, 0xCF,
    0x03, 0x9A, 0x61, 0x20, 0x7F, 0xD7, 0x02, 0xFC, 0x0A, 0x3C, 0xFA, 0x55, 0x6A, 0x11, 0xB5, 0x02,
    0x80, 0xD3, 0x52, 0x25, 0xB1, 0x1B, 0xB4, 0x05, 0x98, 0xD2, 0x1A, 0x55, 0x77, 0x59, 0x4A, 0x4D,
    0x75, 0x21, 0x23, 0x3F, 0x63, 0xF4, 0x8C, 0x1D, 0x1D, 0x23, 0x8E, 0x6B, 0xA5, 0xC6, 0x66, 0x95,
    0xE6, 0x66, 0x17, 0xBA, 0x19, 0xBB, 0x1B, 0xB5, 0x2E, 0xC0, 0x5B, 0xC0, 0x02, 0x27, 0x28, 0xFB,
    0x50, 0x3E, 0x6F, 0x69, 0x82, 0x93, 0xFE, 0x8E, 0xE6, 0xE6, 0x00, 0xE3, 0x9F, 0xE1, 0x33, 0x78,
    0xEA, 0xB8, 0xE6, 0x7C, 0xF8, 0x05, 0xE8, 0x9C, 0x51, 0x01, 0xAA, 0xAE, 0x01, 0x3A, 0x98, 0xCD,
    0x65, 0xFC, 0xE2, 0x0D, 0x6C, 0x51, 0xEF, 0x95, 0x7C, 0xD9, 0x98, 0x8F, 0xE8, 0xA8, 0xD6, 0x55,
    0xE5, 0xC4, 0xB0, 0xFA, 0x82, 0xC2, 0x23, 0x7D, 0x2F, 0xEB, 0xE9, 0x7D, 0x79, 0x4F, 0xFF, 0xCB,
    0x3B, 0x7A, 0x60, 0xD9, 0xD2, 0x07, 0x6B, 0x85, 0x1A, 0x04, 0x9C, 0x81, 0xEE, 0x0A, 0x14, 0x70,
    0x58, 0xF8, 0x22, 0xD4, 0x85, 0xD0, 0x8C, 0x17, 0x31, 0x08, 0x06, 0x2C, 0xBD, 0x6C, 0xE0, 0x3E,
    0xF0, 0x33, 0x85, 0x9D, 0x41, 0x01, 0xA7, 0xA7, 0xFC, 0x1A, 0x66, 0x76, 0x7F, 0x3E, 0x6A, 0xB7,
    0x18, 0xAC, 0x88, 0xA2, 0xA0, 0xEE, 0xA3, 0xFA, 0x1A, 0xD6, 0xDD, 0x6A, 0x5B, 0x37, 0xDD, 0x6F,
    0x7D, 0x58, 0x86, 0xC2, 0x47, 0x46, 0xC8, 0x21, 0x75, 0x73, 0xD2, 0x5B, 0x37, 0xA5, 0x3D, 0x96,
    0x93, 0x22, 0xC4, 0x8E, 0xB6, 0x2D, 0xDD, 0x90, 0x41, 0xF4, 0xB0, 0x58, 0x8A, 0xDC, 0x75, 0x65,
    0x95, 0xBB, 0xB6, 0x46, 0xFA, 0x69, 0xB8, 0x35, 0x0D, 0xAD, 0xB9, 0xA2, 0xFB, 0x5F, 0xC7, 0x92,
    0x6A, 0x19, 0x06, 0x37, 0x73, 0x89, 0x46, 0xA8, 0x36, 0x1E, 0xB0, 0xCB, 0x09, 0x4C, 0x0E, 0x63,
    0x52, 0x74, 0xD8, 0x62, 0x0B, 0xE0, 0x43, 0x06, 0xCB, 0xEF, 0x73, 0x09, 0x38, 0x42, 0x07, 0x7F,
    0xC9, 0x5A, 0x68, 0x38, 0xEE, 0xB2, 0x29, 0x9F, 0xCA, 0xB9, 0x9C, 0xF2, 0x21, 0xC5, 0xBE, 0x61,
    0x1C, 0xED, 0x72, 0x8E, 0x39, 0x8B, 0x8C, 0xD6, 0xB1, 0x28, 0xA8, 0x06, 0x35, 0xE3, 0x12, 0x7F,
    0x47, 0x13, 0xBE, 0x0F, 0x9D, 0x61, 0x0E, 0x19, 0x3E, 0x66, 0x80, 0x5F, 0xC9, 0x56, 0xE8, 0x98,
    0xD8, 0x7E, 0x39, 0xA9, 0xB1, 0x23, 0xCD, 0xA8, 0xA0, 0x53, 0xA7, 0x58, 0x50, 0xD6, 0xA6, 0x70,
    0x3E, 0xFC, 0x16, 0x69, 0x5B, 0xC2, 0x69, 0x4B, 0xF9, 0x6C, 0x5D, 0xE4, 0x7F, 0x75, 0xDA, 0xCA,
    0x14, 0xA6, 0x13, 0xFC, 0x0E, 0xD3, 0xDD, 0x32, 0xB7, 0xE1, 0x98, 0xF0, 0xC9, 0x70, 0x8A, 0x30,
    0xCD, 0xAC, 0xF5, 0x05, 0x5C, 0x69, 0xA1, 0x85, 0xC3, 0xF6, 0xF0, 0x66, 0xE3, 0x5D, 0x7B, 0x77,
    0xF9, 0x98, 0x2E, 0x9F, 0x76, 0x59, 0xEB, 0x43, 0x01, 0x1C, 0xC1, 0x20, 0x38, 0x5C, 0xA6, 0xD6,
    0x3F, 0x22, 0x3C, 0xEC, 0x3B, 0x96, 0x0D, 0xDB, 0xC0, 0x92, 0xEB, 0x31, 0xC0, 0x98, 0xBF, 0x18,
    0x38, 0x7C, 0xD4, 0x73, 0x0D, 0x71, 0x0F, 0xED, 0x98, 0x84, 0x4A, 0x31, 0x69, 0xAB, 0x54, 0xF3,
    0x89, 0x4F, 0x8D, 0xDA, 0x57, 0xEB, 0xDD, 0xA0, 0xDA, 0x8D, 0x3E, 0x9C, 0x68, 0x47, 0xF1, 0x80,
    0x35, 0x62, 0x52, 0xD2, 0x88, 0xAC, 0x79, 0x88, 0x47, 0xCB, 0xE8, 0x1E, 0xE4, 0x9C, 0x7C, 0x82,
    0xD8, 0x32, 0xA6, 0x0C, 0xE2, 0xD8, 0xDC, 0x91, 0xEF, 0xC3, 0x8B, 0xF1, 0x7E, 0xDA, 0x3C, 0x1D,
    0xCF, 0x1F, 0x36, 0x3C, 0xDD, 0x01, 0x1E, 0x22, 0x69, 0x67, 0xE1, 0x19, 0xFF, 0x2B, 0x1E, 0xCB,
    0xB7, 0x06, 0x27, 0x3C, 0xCC, 0xF8, 0x79, 0x73, 0x9B, 0x36, 0x8E, 0xE8, 0x46, 0x7F, 0xC9, 0x88,
    0x87, 0x09, 0x29, 0xE9, 0x23, 0xA6, 0x9D, 0x86, 0x39, 0x34, 0x2F, 0x94, 0x49, 0xE1, 0x72, 0x98,
    0x0C, 0xBB, 0x8B, 0xC5, 0xBF, 0x31, 0x73, 0xB7, 0xCD, 0x44, 0x9D, 0x67, 0x7D, 0xCC, 0xCC, 0x34,
    0xC2, 0x28, 0x30, 0x3E, 0x26, 0x0B, 0xC2, 0x89, 0xF6, 0xE2, 0xFE, 0xC9, 0x44, 0xE6, 0xDE, 0x13,
    0x1E, 0x45, 0x3E, 0xBE, 0x4F, 0x8B, 0x57, 0x50, 0x58, 0x7C, 0x6C, 0xA1, 0x3F, 0x25, 0x7D, 0x29,
    0xDB, 0x80, 0xDF, 0x98, 0xFC, 0xBD, 0x47, 0xCC, 0xAE, 0xE9, 0x67, 0x8D, 0x09, 0xA6, 0x2C, 0xAD,
    0xB0, 0xC5, 0x39, 0x7D, 0xA8, 0x2B, 0x19, 0x32, 0x1A, 0xDA, 0x1D, 0x16, 0x9B, 0x6F, 0x21, 0x29,
    0xA3, 0xB3, 0x4E, 0xDE, 0xB8, 0x76, 0x72, 0xD7, 0x7A, 0xAF, 0x42, 0x44, 0x01, 0xAD, 0x33, 0x96,
    0x76, 0x3A, 0xC1, 0xC6, 0x7A, 0xA0, 0x69, 0xC8, 0xEE, 0x44, 0xCD, 0xB8, 0x19, 0xF9, 0x9A, 0x52,
    0xF3, 0xF1, 0xA8, 0x85, 0x3D, 0x76, 0xB0, 0xCB, 0x2E, 0x66, 0x54, 0xAA, 0x05, 0xFA, 0x2A, 0xC5,
    0xDB, 0x52, 0x5E, 0xC3, 0xF8, 0xC8, 0x10, 0xCE, 0x09, 0x4D, 0xA8, 0x3D, 0x7F, 0x65, 0x9B, 0x50,
    0xB9, 0x92, 0x2A, 0x0A, 0x29, 0x22, 0x4F, 0x3B, 0x98, 0x7B, 0x1F, 0x71, 0x8E, 0xBF, 0x41, 0x94,
    0x9F, 0x32, 0x84, 0xBC, 0x4F, 0x4B, 0x07, 0xEA, 0x68, 0x81, 0x88, 0x69, 0x1A, 0xE9, 0x08, 0x61,
    0x7B, 0x6E, 0x32, 0x45, 0x49, 0x9F, 0x87, 0xBB, 0x4F, 0x8C, 0xAB, 0x53, 0x48, 0x81, 0x98, 0x14,
    0x4F, 0x08, 0x43, 0xC9, 0x84, 0x28, 0x94, 0x4C, 0x88, 0x1F, 0xC9, 0x84, 0xF0, 0xE1, 0xD9, 0xDD,
    0x77, 0xFD, 0xF4, 0xDA, 0x59, 0x71, 0xB6, 0x94, 0x40, 0x4D, 0xAE, 0xE8, 0xED, 0x63, 0xF2, 0x0B,
    0x07, 0x71, 0x57, 0x38, 0x05, 0xD4, 0x23, 0xF5, 0x50, 0x3D, 0x56, 0x0F, 0xD6, 0xA3, 0xF5, 0x70,
    0x85, 0xD7, 0x03, 0xF6, 0x88, 0x3D, 0x64, 0x8F, 0xD9, 0x83, 0xF6, 0xA8, 0x3D, 0x6C, 0xE1, 0x56,
    0x42, 0x98, 0x8C, 0x90, 0x1B, 0x41, 0x37, 0xC2, 0x6E, 0x04, 0xDE, 0x08, 0xBD, 0xD9, 0xE1, 0x83,
    0xF7, 0x12, 0xCA, 0xB0, 0x13, 0x31, 0x8C, 0x24, 0x6C, 0x4C, 0x1E, 0xC1, 0x68, 0xB9, 0x16, 0x10,
    0xE9, 0x67, 0x16, 0x7F, 0xFD, 0x6E, 0x45, 0x24, 0x9E, 0x34, 0x31, 0xE5, 0xA6, 0xCA, 0x62, 0xE1,
    0x3B, 0xCB, 0x59, 0x9A, 0xF7, 0x8C, 0x21, 0x0F, 0x86, 0x90, 0x61, 0x80, 0x26, 0xE5, 0x0D, 0x8B,
    0x92, 0x41, 0xA5, 0x8B, 0xDB, 0x67, 0x1B, 0xB9, 0x61, 0xFC, 0x52, 0x76, 0x37, 0xE3, 0x5B, 0x98,
    0xA9, 0xBF, 0xC6, 0xD5, 0x5C, 0xE3, 0xCC, 0xB3, 0xAF, 0xA5, 0x3C, 0xD8, 0xE0, 0xC0, 0x13, 0x99,
    0x7B, 0x08, 0x37, 0xFB, 0x8A, 0xEE, 0xF8, 0x27, 0xB2, 0x03, 0xA2, 0x24, 0xC8, 0x90, 0x18, 0x23,
    0x42, 0x4C, 0x88, 0x30, 0x1D, 0x62, 0x4E, 0x48, 0x77, 0x5C, 0xB3, 0xAF, 0x77, 0xC7, 0xFF, 0xE9,
    0x89, 0xB9, 0xC8, 0x9F, 0xB8, 0x50, 0x20, 0x26, 0x2D, 0x66, 0x8E, 0xB9, 0xC5, 0xC8, 0xA5, 0xA5,
    0xEC, 0x73, 0xEA, 0xAD, 0xFC, 0x4C, 0xB1, 0xE2, 0xF5, 0x8E, 0x0F, 0x5A, 0x46, 0x28, 0x50, 0xB0,
    0x0A, 0x03, 0xE7, 0xAC, 0xAC, 0x10, 0xEA, 0xA8, 0x25, 0x9A, 0x3F, 0x8A, 0x9A, 0x42, 0x5A, 0xD2,
    0xB8, 0x4E, 0xE3, 0x2E, 0x1A, 0x97, 0x51, 0x95, 0x99, 0x0C, 0x2E, 0x13, 0x91, 0xE4, 0x0E, 0x31,
    0x3E, 0xCA, 0xFB, 0x84, 0x34, 0xA7, 0x4D, 0x55, 0xC5, 0x91, 0xEA, 0x84, 0x2B, 0x01, 0x19, 0x08,
    0xAE, 0x37, 0x6E, 0x38, 0x42, 0x1D, 0x55, 0xF9, 0x2A, 0xE5, 0xA0, 0x82, 0x15, 0x21, 0x39, 0x53,
    0xA5, 0x96, 0xCD, 0xE3, 0xA5, 0xAA, 0xCA, 0x1F, 0x19, 0x03, 0x28, 0xD6, 0xEF, 0xFD, 0x98, 0xAA,
    0x57, 0x55, 0x7E, 0x04, 0xAC, 0x81, 0x4D, 0x56, 0x6D, 0xAC, 0x86, 0xE9, 0x27, 0x48, 0xA5, 0xFD,
    0x76, 0x2B, 0x48, 0x51, 0xCE, 0x29, 0x4B, 0x6D, 0xF5, 0x68, 0xCE, 0x4F, 0x63, 0x05, 0x2C, 0x65,
    0x84, 0x4B, 0x27, 0xEC, 0x70, 0xF6, 0xE5, 0x68, 0xBE, 0x8B, 0x93, 0xE2, 0x59, 0xCF, 0x33, 0xD6,
    0x05, 0x3E, 0x54, 0xB8, 0xB5, 0x84, 0x8C, 0xA8, 0x9E, 0x98, 0xAF, 0x9E, 0x29, 0xD1, 0x55, 0xC3,
    0x30, 0xCB, 0xAC, 0x4B, 0xED, 0xCC, 0x5A, 0xB6, 0x96, 0x7C, 0x78, 0xDF, 0xE2, 0x1D, 0xA0, 0xDD,
    0x56, 0x1B, 0x79, 0xC3, 0x61, 0x21, 0xC5, 0x21, 0xC2, 0xE2, 0xC2, 0xF1, 0x89, 0xA5, 0xDC, 0xDD,
    0x82, 0xBD, 0x62, 0x7D, 0x49, 0xAB, 0xCA, 0x59, 0x98, 0x7C, 0xCF, 0x34, 0x17, 0x8C, 0xEF, 0x2D,
    0x73, 0x07, 0xA3, 0xC2, 0x4D, 0x42, 0x07, 0x23, 0x83, 0x80, 0xA5, 0x8E, 0xC1, 0x70, 0x9A, 0xF8,
    0x5F, 0x0C, 0x34, 0xBF, 0x79, 0x51, 0x77, 0x92, 0x69, 0xEC, 0xDA, 0xE3, 0x68, 0x4F, 0x78, 0xC9,
    0xBE, 0xC3, 0x6B, 0xBB, 0xC0, 0xAA, 0x5D, 0x90, 0xA9, 0xE6, 0xF1, 0x2D, 0x82, 0xF5, 0xDD, 0xA7,
    0x34, 0x55, 0x56, 0x5A, 0xAF, 0x05, 0x6D, 0x84, 0xFE, 0x84, 0xD6, 0x9F, 0x6A, 0xAA, 0x1C, 0xB4,
    0x56, 0xA2, 0x79, 0x6F, 0xB0, 0xE4, 0x5B, 0x4F, 0xE5, 0x6C, 0x37, 0x02, 0x3F, 0xE2, 0x70, 0x51,
    0x7F, 0x32, 0xB1, 0x62, 0x60, 0x24, 0xFC, 0x81, 0x7F, 0xE6, 0xB6, 0x79, 0x76, 0xF1, 0xFB, 0x2C,
    0x9E, 0x15, 0xFB, 0xA0, 0xB1, 0xD2, 0x88, 0xBD, 0xCF, 0xF7, 0x6C, 0x45, 0xF9, 0xBC, 0x79, 0xF9,
    0x99, 0xC5, 0x6F, 0x8B, 0x4C, 0x71, 0x91, 0x23, 0xD5, 0xAD, 0x53, 0xFF, 0x87, 0xE3, 0xFD, 0x08,
    0x46, 0x7F, 0xEA, 0xE7, 0x59, 0x43, 0x7E, 0xE4, 0xBE, 0x10, 0xA8, 0x95, 0x9B, 0x58, 0x86, 0xED,
    0xAC, 0x07, 0xF7, 0xCD, 0x7B, 0x60, 0xC9, 0x5B, 0xC0, 0x2A, 0x1B, 0xB8, 0x55, 0x0D, 0x81, 0xDC,
    0x91, 0x4C, 0x96, 0x22, 0x73, 0x63, 0x8A, 0x8C, 0x34, 0xA4, 0x23, 0x4B, 0xE5, 0x11, 0xD3, 0x65,
    0x43, 0xAC, 0x24, 0x83, 0x27, 0x3B, 0x08, 0xB6, 0xDF, 0xC0, 0xAD, 0x51, 0xAF, 0x39, 0x5F, 0xA8,
    0x66, 0x6B, 0x73, 0xA8, 0x30, 0x3F, 0xE4, 0x8C, 0xEC, 0x23, 0xC4, 0xBE, 0x63, 0xD8, 0xCA, 0xED,
    0x1B, 0x75, 0x18, 0x09, 0xF7, 0x68, 0x3C, 0xAD, 0x31, 0x26, 0x7A, 0xA5, 0x78, 0x38, 0x72, 0x3A,
    0x33, 0xBF, 0x83, 0xA1, 0xAB, 0x46, 0x64, 0x27, 0x21, 0x93, 0x44, 0x72, 0x64, 0xA5, 0xF9, 0x35,
    0x6B, 0xBA, 0xF2, 0x73, 0xD6, 0xB5, 0xF5, 0x07, 0x94, 0xEE, 0x75, 0xB5, 0xAE, 0x92, 0x7F, 0x2C,
    0xE4, 0x1C, 0xF7, 0x66, 0xE6, 0xF3, 0x7B, 0x20, 0x11, 0x73, 0xF4, 0x08, 0x72, 0x62, 0x09, 0x1A,
    0x23, 0x79, 0x0F, 0x28, 0x15, 0x48, 0x08, 0x92, 0x81, 0xDC, 0x00, 0xB3, 0x01, 0x2B, 0x65, 0xCB,
    0xD9, 0xA0, 0x6E, 0xCC, 0xA6, 0x3A, 0xD1, 0x37, 0x2D, 0x94, 0x05, 0x12, 0xA5, 0x29, 0x25, 0x48,
    0x77, 0x92, 0xA6, 0xF8, 0x75, 0xBC, 0x01, 0xBF, 0x39, 0x2A, 0x1D, 0x17, 0x7E, 0x79, 0x25, 0x15,
    0x80, 0x0A, 0x9C, 0xCD, 0x8A, 0x6C, 0xA0, 0xDA, 0x06, 0xAE, 0x6C, 0x48, 0x29, 0xB0, 0xE1, 0x76,
    0xC0, 0x7E, 0xDB, 0x21, 0x97, 0xFA, 0xA1, 0x2A, 0x35, 0x9D, 0x3A, 0xEC, 0x78, 0xD9, 0x42, 0xD4,
    0x2C, 0x54, 0x5D, 0x55, 0xB2, 0xD5, 0x59, 0x76, 0xC8, 0x97, 0xF9, 0x90, 0x49, 0xA9, 0x4A, 0xE1,
    0x2D, 0xA3, 0x1F, 0x6C, 0x40, 0x4D, 0xDF, 0x95, 0xF5, 0xE7, 0x32, 0x8C, 0x8A, 0x2A, 0x6E, 0x56,
    0xC6, 0x2F, 0x6A, 0x74, 0xC9, 0x5C, 0x38, 0x3E, 0xBA, 0x71, 0xA0, 0x2E, 0xA4, 0x5A, 0x43, 0xFC,
    0xC6, 0x7D, 0xD8, 0xB2, 0xDC, 0x85, 0x78, 0x71, 0x8F, 0xB2, 0x17, 0x85, 0xCF, 0x76, 0xBF, 0x5A,
    0x9B, 0xE6, 0x2B, 0xED, 0x84, 0x37, 0xDE, 0xBA, 0x59, 0x1D, 0xDA, 0xE4, 0x45, 0x41, 0xBB, 0x13,
    0x8C, 0x3E, 0x6F, 0x46, 0x0E, 0x0F, 0x82, 0x40, 0x43, 0x8B, 0x63, 0x38, 0x3C, 0x0B, 0xD0, 0x3C,
    0xFF, 0xC0, 0xE6, 0x7D, 0x64, 0xD2, 0x86, 0x9D, 0xAE, 0x3E, 0x70, 0x1F, 0x63, 0xF2, 0xFA, 0x2B,
    0xC5, 0x38, 0xD2, 0x51, 0x35, 0x84, 0x69, 0x92, 0x19, 0x4D, 0x92, 0xC8, 0x62, 0x57, 0x03, 0xC3,
    0x02, 0x34, 0xF9, 0x80, 0xE1, 0xD3, 0x06, 0x6B, 0x41, 0x26, 0x38, 0x3E, 0x59, 0xCE, 0x2B, 0x62,
    0xAB, 0xB5, 0x59, 0x1B, 0xD0, 0xB1, 0xD2, 0xB5, 0xD5, 0x11, 0x48, 0x3E, 0xB2, 0x4C, 0xAF, 0x5B,
    0xDA, 0xB6, 0xAB, 0x6A, 0x36, 0xFB, 0x02, 0x3C, 0x03, 0xE7, 0x86, 0x04, 0x13, 0xBF, 0x4F, 0x3E,
    0x60, 0xFF, 0x32, 0x23, 0xA8, 0xE6, 0x9F, 0x72, 0xBD, 0x8E, 0x0C, 0xFE, 0x5F, 0x33, 0xE2, 0x9A,
    0xBD, 0x3F, 0xA6, 0x3C, 0x4E, 0xE9, 0x2D, 0x49, 0x6A, 0x83, 0x95, 0x23, 0xDD, 0xD7, 0x0C, 0x7F,
    0x74, 0x99, 0x74, 0x4E, 0x9C, 0x42, 0xD3, 0x6C, 0x3C, 0x41, 0xE6, 0x84, 0x6C, 0x3D, 0xFC, 0xE6,
    0xC1, 0xA1, 0x7F, 0x9B, 0xBD, 0x05, 0x70, 0xED, 0xA9, 0x2D, 0x80, 0xAB, 0xEB, 0x63, 0x35, 0x55,
    0xE2, 0x1A, 0x04, 0x4A, 0x57, 0xC5, 0x33, 0x02, 0x76, 0x82, 0xB0, 0x23, 0x82, 0x0E, 0x74, 0x91,
    0x48, 0x3A, 0x88, 0x0F, 0xC3, 0x27, 0xE2, 0x2E, 0xAB, 0x19, 0x05, 0x5F, 0x6C, 0x50, 0xD9, 0x60,
    0x83, 0x6A, 0x1E, 0x63, 0xB8, 0x0A, 0x30, 0x5D, 0x91, 0xB7, 0x01, 0x9B, 0x89, 0xDC, 0x11, 0x0E,
    0x57, 0xB6, 0xC9, 0x0C, 0x5D, 0xDB, 0xC9, 0x9F, 0x10, 0x29, 0xCC, 0x26, 0x4C, 0x2E, 0x81, 0x6F,
    0x51, 0xF8, 0xC4, 0x9A, 0x6D, 0x00, 0x63, 0xAE, 0x23, 0x53, 0x5F, 0xAA, 0xDB, 0xB3, 0xEE, 0x85,
    0xE2, 0x5B, 0x3B, 0x6B, 0x6B, 0xE6, 0xB2, 0x3B, 0x67, 0x7D, 0x9B, 0x5C, 0xE6, 0xEA, 0xC6, 0x59,
    0x2F, 0x0C, 0xDF, 0x01, 0x67, 0x7D, 0x6D, 0xE3, 0xAC, 0x7F, 0x3C, 0xC5, 0x59, 0x2F, 0x4E, 0x75,
    0x6F, 0xD0, 0xCC, 0xC4, 0x92, 0x68, 0x6B, 0xE5, 0x4C, 0x0E, 0xD0, 0x6D, 0x9D, 0xB3, 0x1B, 0x3B,
    0x3C, 0xCC, 0x0B, 0x37, 0x2E, 0x3B, 0xB8, 0x36, 0x4C, 0x1D, 0xC3, 0x17, 0x79, 0xC7, 0x8C, 0xDD,
    0xA9, 0x78, 0x66, 0x10, 0xE8, 0x81, 0x21, 0x1D, 0xF0, 0x24, 0x7C, 0xA4, 0x30, 0xC9, 0x23, 0x9E,
    0x51, 0xF9, 0xE3, 0xC2, 0x7E, 0xA5, 0x90, 0xE1, 0x7E, 0x00, 0x20, 0x9A, 0x21, 0x7E, 0x21, 0x7A,
    0xF1, 0xB4, 0x43, 0xCF, 0xC7, 0x19, 0xB8, 0x5C, 0x96, 0xF0, 0x55, 0x1A, 0x96, 0x5C, 0x12, 0x16,
    0x0F, 0xAA, 0x50, 0xA5, 0x3C, 0xEC, 0x4B, 0xA6, 0x4D, 0x75, 0x89, 0x54, 0xC7, 0x72, 0x3A, 0x1D,
    0x57, 0x52, 0x81, 0x75, 0x89, 0x38, 0xE9, 0x68, 0xD1, 0x7A, 0x6D, 0x3C, 0x2C, 0x9E, 0x58, 0x9B,
    0x6A, 0xCD, 0xE3, 0x7A, 0x1A, 0x59, 0x78, 0xEA, 0xD3, 0xF8, 0x1A, 0xB9, 0xE5, 0x12, 0x5A, 0x5F,
    0xBA, 0xA9, 0x0C, 0x45, 0xC8, 0x61, 0x29, 0x4B, 0xBE, 0x52, 0x71, 0x01, 0x5A, 0x5B, 0x3A, 0xFA,
    0xE5, 0x0C, 0x82, 0xCD, 0x63, 0x24, 0x71, 0xB1, 0x5A, 0xB5, 0x6B, 0x2F, 0xC2, 0x95, 0x77, 0x3E,
    0xDD, 0xB7, 0xAA, 0x77, 0xB1, 0x8F, 0x93, 0x14, 0xAD, 0x74, 0xC6, 0x43, 0x4D, 0x11, 0xB3, 0x40,
    0x35, 0x79, 0xE1, 0x4F, 0xEE, 0x9E, 0x8B, 0xF5, 0x1F, 0x11, 0xAD, 0x08, 0x75, 0x3D, 0x95, 0xBB,
    0x64, 0x8C, 0x16, 0xF1, 0xAC, 0xB3, 0x38, 0x4F, 0xFF, 0x8C, 0xFA, 0xE4, 0xFE, 0x98, 0x8D, 0xC8,
    0xFD, 0x01, 0x80, 0x96, 0xB1, 0x7E, 0xB5, 0xA5, 0x77, 0x31, 0x65, 0xAD, 0xBA, 0x56, 0x6A, 0xD7,
    0xD9, 0x92, 0xB8, 0xDF, 0xF7, 0x77, 0xC3, 0x7C, 0xA8, 0xB3, 0x58, 0xE9, 0xBA, 0x63, 0xB5, 0xD4,
    0xC6, 0x08, 0x93, 0x0D, 0x38, 0x94, 0x6B, 0xB2, 0x81, 0x46, 0x87, 0x10, 0x5D, 0xE4, 0xAB, 0xBD,
    0xAD, 0x46, 0x57, 0x37, 0x50, 0xF9, 0x6A, 0x79, 0x19, 0xCF, 0x46, 0x7C, 0x41, 0x86, 0xBD, 0x70,
    0x8F, 0x78, 0x66, 0x70, 0xFC, 0xE5, 0x49, 0x21, 0x5C, 0xAD, 0x64, 0x34, 0xF2, 0xAD, 0xAD, 0x62,
    0x3D, 0xC4, 0x8A, 0x8A, 0x6F, 0x01, 0xC1, 0x69, 0x0E, 0x91, 0x8B, 0x43, 0x10, 0xCB, 0x94, 0x9E,
    0xE2, 0x10, 0xE7, 0x87, 0x20, 0x6B, 0x6F, 0xEF, 0x04, 0x61, 0x64, 0xC6, 0xC5, 0x96, 0xDD, 0x2E,
    0xAB, 0xC7, 0x0E, 0x70, 0xCF, 0x0F, 0xC1, 0xFF, 0x41, 0x06, 0xCE, 0x19, 0x81, 0x4E, 0x01, 0x53,
    0xBA, 0x84, 0xFD, 0x19, 0x09, 0x7C, 0xD4, 0xAE, 0xFF, 0xA7, 0xCF, 0xC2, 0xD9, 0x7C, 0x6B, 0x58,
    0x82, 0xBA, 0xBA, 0xD2, 0xA1, 0x64, 0xAC, 0xA7, 0xD8, 0xCD, 0x6E, 0x61, 0x5B, 0x60, 0x09, 0x43,
    0xD7, 0x2F, 0x74, 0x48, 0x64, 0x97, 0xFA, 0xFA, 0x64, 0xAE, 0xB8, 0x64, 0xE4, 0x94, 0x0A, 0x25,
    0x45, 0xD6, 0xA1, 0x0E, 0x29, 0x43, 0x3C, 0x70, 0x97, 0xD1, 0x6C, 0xB1, 0xEE, 0x7A, 0xC5, 0x23,
    0xCB, 0xA6, 0x76, 0x39, 0xC2, 0xE4, 0x8C, 0x4C, 0x64, 0x3B, 0x7E, 0x6D, 0x6E, 0xBA, 0x63, 0xF2,
    0x0E, 0x1D, 0x70, 0xB7, 0xC6, 0x5F, 0x5B, 0xF8, 0x22, 0x28, 0x92, 0xBD, 0x6A, 0xF3, 0xDD, 0xAA,
    0xD3, 0xB1, 0xC8, 0x8B, 0xDE, 0xB3, 0x81, 0xCB, 0xBE, 0x06, 0x4A, 0x56, 0x73, 0xD1, 0x41, 0xBA,
    0x0E, 0x67, 0xF6, 0x9B, 0x13, 0x54, 0xD5, 0x75, 0xDD, 0xAF, 0x18, 0xF7, 0xAB, 0x04, 0x97, 0x37,
    0x1A, 0xEF, 0xFF, 0xAD, 0x6F, 0xE4, 0xE7, 0x5E, 0xB1, 0x2F, 0xED, 0x1D, 0xD8, 0x71, 0x8D, 0x75,
    0xD0, 0x69, 0xCB, 0x5E, 0x69, 0x17, 0x81, 0xB3, 0x31, 0xD7, 0x64, 0x1D, 0xA0, 0xE5, 0x5D, 0x06,
    0x9D, 0x36, 0xF9, 0x43, 0x7F, 0x1C, 0x3D, 0xAD, 0x41, 0xF8, 0xCB, 0x62, 0x03, 0xF9, 0xC0, 0xFC,
    0xF2, 0x34, 0x3E, 0xDD, 0xF6, 0x38, 0x3E, 0x53, 0x49, 0x14, 0xA7, 0x2A, 0x89, 0xF6, 0x54, 0x25,
    0x71, 0x8E, 0x08, 0x6E, 0x6C, 0x07, 0x00, 0xD2, 0x74, 0xA9, 0x98, 0x8A, 0x98, 0x1D, 0x8C, 0x3C,
    0x01, 0x3B, 0x8E, 0xCE, 0x1D, 0x41, 0xD8, 0xC7, 0x9D, 0x6F, 0x7E, 0xA7, 0x13, 0x06, 0x4A, 0x47,
    0x64, 0x85, 0xB8, 0x4B, 0xDA, 0xC7, 0x2C, 0xFB, 0xDC, 0x10, 0x5C, 0x5E, 0xB7, 0x80, 0x46, 0x40,
    0x1B, 0xA0, 0x09, 0xC8, 0x02, 0x5E, 0x5A, 0xAF, 0x19, 0x80, 0x4E, 0x20, 0x91, 0xF0, 0x04, 0xBB,
    0x66, 0x10, 0xE2, 0x70, 0xDB, 0x09, 0xD7, 0x7E, 0x09, 0xA5, 0xD2, 0x0E, 0x86, 0xFB, 0x45, 0x94,
    0xAA, 0x08, 0x3D, 0x4C, 0x90, 0x7C, 0x96, 0xB9, 0xEC, 0xCE, 0x3E, 0xE7, 0x89, 0x22, 0x50, 0x8A,
    0x26, 0x92, 0x25, 0x92, 0x24, 0x1E, 0x99, 0x6F, 0x78, 0x9E, 0x97, 0x79, 0x76, 0xE3, 0x03, 0x37,
    0xE3, 0x36, 0xC3, 0x36, 0xA3, 0xF6, 0x0D, 0x1F, 0xB4, 0xBF, 0xB1, 0x79, 0x10, 0x0A, 0xA3, 0x39,
    0x9E, 0x62, 0x54, 0x17, 0xD1, 0x0C, 0x0A, 0x31, 0x44, 0xDD, 0xE1, 0x7E, 0x7D, 0x73, 0xEB, 0xF1,
    0x17, 0x3E, 0xEC, 0x10, 0x50, 0xCE, 0xA5, 0xBA, 0x01, 0x74, 0xD3, 0x2B, 0x92, 0xB5, 0x28, 0x59,
    0x2D, 0xDE, 0xF0, 0xEB, 0xB2, 0x39, 0x7D, 0x0D, 0x22, 0x5E, 0x34, 0x1B, 0x19, 0x4A, 0xA8, 0xC6,
    0x90, 0xBF, 0x8D, 0x64, 0x97, 0x90, 0x77, 0x1E, 0x18, 0x0F, 0x09, 0x0B, 0x92, 0xAC, 0xB0, 0xF0,
    0x54, 0x93, 0xE1, 0x70, 0xD1, 0xAD, 0x03, 0x9E, 0x92, 0x74, 0xA5, 0xA7, 0x55, 0xBD, 0xF1, 0x57,
    0xCC, 0x30, 0xC2, 0xA2, 0xFB, 0x5F, 0x7E, 0xB1, 0xD9, 0xF1, 0xED, 0x83, 0x32, 0x36, 0xD2, 0x21,
    0xD4, 0x71, 0x5D, 0x9C, 0x35, 0xDE, 0xA3, 0xFA, 0x81, 0xFA, 0x42, 0x15, 0xB1, 0x28, 0xC6, 0x61,
    0xD6, 0xA6, 0x56, 0x2C, 0xEE, 0x79, 0x85, 0xA1, 0x27, 0x63, 0xEA, 0x44, 0x4A, 0x11, 0x8B, 0xD9,
    0x0C, 0xC2, 0xF7, 0xE2, 0x4D, 0xE9, 0x18, 0xB0, 0xCF, 0x83, 0x87, 0x2C, 0x1F, 0xD2, 0x25, 0x89,
    0xBC, 0x23, 0x6F, 0xD3, 0xE5, 0x08, 0xF3, 0xE2, 0xC6, 0xEF, 0xD5, 0x8C, 0xF0, 0x47, 0x44, 0xE5,
    0x7E, 0xEB, 0xC5, 0xDC, 0x5A, 0x11, 0x08, 0xB0, 0x65, 0x68, 0x04, 0x02, 0x29, 0xA3, 0xE2, 0x45,
    0x09, 0x2E, 0x92, 0x77, 0x79, 0x3C, 0x4F, 0x86, 0xD8, 0x8A, 0x52, 0x5F, 0x99, 0xD6, 0x0D, 0x13,
    0x05, 0x72, 0x08, 0x33, 0xC3, 0x09, 0x4F, 0xD6, 0xF5, 0x8A, 0xED, 0x12, 0xDC, 0x5A, 0x84, 0x69,
    0xCA, 0x65, 0xEB, 0xD7, 0x88, 0x21, 0xEA, 0xDC, 0x7B, 0x0F, 0xA3, 0xE7, 0x89, 0xE0, 0x78, 0xEB,
    0xCD, 0x8A, 0xA9, 0xD7, 0x3C, 0xA7, 0x59, 0xB0, 0x0B, 0xE1, 0xC0, 0x13, 0x91, 0xEA, 0xD2, 0xF9,
    0x23, 0xB8, 0xFB, 0x6A, 0xE5, 0x39, 0x8A, 0x1A, 0x6E, 0x29, 0x77, 0x3A, 0x7C, 0xF5, 0xF1, 0xFC,
    0x7C, 0x7E, 0x08, 0x0E, 0xE3, 0x68, 0x76, 0x12, 0x47, 0x9B, 0x6F, 0x0F, 0x81, 0x3F, 0x06, 0xF7,
    0x46, 0xD8, 0xEC, 0x15, 0x4D, 0xB1, 0x5A, 0xE7, 0x41, 0x5C, 0x80, 0x1B, 0xF1, 0xC6, 0x56, 0xA5,
    0xCB, 0x4C, 0xFE, 0x2E, 0xD3, 0xC9, 0x8F, 0x8E, 0xB0, 0x7C, 0x3E, 0x3E, 0x11, 0xCD, 0xD6, 0x03,
    0xD8, 0x7E, 0xF0, 0xE9, 0xCD, 0x87, 0xA3, 0x67, 0x0D, 0xD9, 0xE6, 0x51, 0xA1, 0x3B, 0x76, 0xF0,
    0x0E, 0xB8, 0x40, 0xC2, 0x3B, 0x55, 0x3C, 0xCC, 0xEB, 0x6D, 0xEF, 0x7E, 0xDE, 0xDB, 0x7B, 0x73,
    0xD6, 0xA1, 0x18, 0xC8, 0xDB, 0xCC, 0xB5, 0xA8, 0x26, 0x30, 0x6B, 0x65, 0xE7, 0xD8, 0xF9, 0xFB,
    0x97, 0xE9, 0x7A, 0xF3, 0x13, 0x01, 0xE1, 0xC3, 0x07, 0xA7, 0xCF, 0xEB, 0x95, 0x21, 0xC7, 0xAD,
    0x76, 0x56, 0x6D, 0xEF, 0x2D, 0xDB, 0xDF, 0xEE, 0x58, 0xDB, 0x28, 0x4F, 0xF5, 0xDF, 0x74, 0xF7,
    0x5F, 0x5D, 0x70, 0xCA, 0xCE, 0xF8, 0x2F, 0xAF, 0x38, 0xE5, 0x2C, 0x12, 0xD5, 0xF5, 0xC9, 0xD7,
    0x2E, 0x2E, 0x01, 0x3D, 0x62, 0x39, 0xFC, 0x8E, 0x94, 0xFA, 0xE2, 0xE3, 0xBE, 0xA5, 0x1E, 0x88,
    0x4E, 0xEC, 0x36, 0xDF, 0x3A, 0x57, 0x04, 0x3A, 0x2C, 0xE8, 0xB7, 0x02, 0x49, 0x67, 0xAB, 0x0B,
    0x63, 0x75, 0x9F, 0x03, 0x42, 0xF5, 0xFC, 0xB9, 0x23, 0x88, 0x5B, 0x58, 0xB1, 0x65, 0xF7, 0x2C,
    0x5B, 0xFB, 0x68, 0xAD, 0xAE, 0x3D, 0x9E, 0x31, 0xEC, 0x73, 0xD5, 0x81, 0xDF, 0x86, 0xC0, 0x5F,
    0xC4, 0xF3, 0x97, 0x3B, 0x64, 0xB5, 0xDA, 0x8A, 0xF5, 0x3E, 0xCD, 0x4B, 0x87, 0x1D, 0x75, 0xEB,
    0x8F, 0xCE, 0x07, 0x5E, 0xC8, 0x02, 0x68, 0xF1, 0x6B, 0x23, 0x4C, 0x2C, 0xEB, 0xE1, 0x1A, 0xB4,
    0x53, 0x6A, 0x52, 0x17, 0x4E, 0xD9, 0x38, 0x63, 0xF5, 0xAA, 0xA3, 0xFB, 0x4C, 0xA7, 0xE7, 0xAA,
    0xB5, 0xB7, 0xCA, 0xDA, 0xAC, 0x41, 0x6D, 0x8D, 0xEC, 0xDB, 0xB5, 0x58, 0x1D, 0x3D, 0xF1, 0x91,
    0xEF, 0x88, 0x2B, 0x67, 0xCE, 0x9F, 0x44, 0x28, 0x03, 0x28, 0x1F, 0x6E, 0x25, 0xAD, 0xE7, 0xBB,
    0xEE, 0xFF, 0x3D, 0xD7, 0x88, 0x9D, 0xEF, 0x6B, 0x73, 0x75, 0xA9, 0xF3, 0xAD, 0x45, 0x7F, 0x51,
    0x2C, 0xD6, 0x35, 0x3D, 0xBE, 0xC1, 0x3A, 0x82, 0x39, 0x9D, 0x52, 0x2D, 0x95, 0x35, 0x79, 0x3A,
    0x25, 0x4F, 0xF5, 0x1C, 0x98, 0xDC, 0x58, 0x41, 0x31, 0x27, 0x45, 0x6A, 0x0F, 0xE8, 0x6E, 0xF6,
    0x7A, 0xC1, 0xDA, 0x77, 0x0F, 0x0E, 0x4F, 0x65, 0xD4, 0xCB, 0xF0, 0xCD, 0x8C, 0x53, 0xD7, 0xF4,
    0x56, 0x13, 0xF0, 0x36, 0xE0, 0x8D, 0xC0, 0x5B, 0x81, 0x49, 0x2A, 0x5B, 0x3C, 0xE1, 0x4E, 0xEF,
    0x33, 0xA6, 0xFF, 0xFF, 0x00, 0xD5, 0x5C, 0xBF, 0x93, 0xDD, 0xD6, 0x75, 0xBE, 0x00, 0xE4, 0x45,
    0x24, 0x68, 0x06, 0x29, 0x52, 0x30, 0xC3, 0x78, 0x90, 0x42, 0x85, 0xC6, 0x9E, 0x09, 0xFC, 0x17,
    0xE4, 0x82, 0x52, 0xE1, 0x42, 0x45, 0xDA, 0x94, 0x29, 0xDD, 0xD1, 0x45, 0xCA, 0x48, 0x80, 0xA5,
    0x42, 0xA5, 0xF6, 0x3F, 0x10, 0xFF, 0x80, 0xCC, 0x24, 0x85, 0x8B, 0x14, 0x22, 0x01, 0xDA, 0x85,
    0x8A, 0x14, 0x81, 0xC7, 0x45, 0x0A, 0x15, 0x42, 0x6C, 0x7A, 0xE4, 0x8E, 0x70, 0x84, 0x19, 0x81,
    0x5C, 0x00, 0x37, 0xE7, 0xFB, 0xCE, 0x05, 0xDE, 0x7B, 0xBB, 0x8F, 0xE4, 0x52, 0xE6, 0x72, 0x37,
    0x3B, 0xDA, 0xC3, 0xB7, 0x7A, 0x78, 0xF7, 0x9E, 0xF3, 0xDD, 0x73, 0xCF, 0xAF, 0x7B, 0xEE, 0x33,
    0x26, 0x72, 0xAE, 0x37, 0x9E, 0xC6, 0xCE, 0x75, 0xE6, 0xD8, 0x4F, 0xD9, 0x83, 0xE2, 0x11, 0x13,
    0x92, 0x46, 0xA4, 0x89, 0x1B, 0x84, 0x66, 0x67, 0xA0, 0xF6, 0x2B, 0xD0, 0xF2, 0xCB, 0x11, 0x0F,
    0x7E, 0x2A, 0x34, 0x70, 0xB1, 0xD0, 0x68, 0x01, 0x8D, 0xA7, 0x78, 0x32, 0x26, 0x1D, 0x41, 0xB3,
    0x1E, 0xD4, 0x92, 0x96, 0xCE, 0x09, 0x75, 0xA0, 0x01, 0x69, 0x48, 0x1A, 0x2D, 0xF2, 0x09, 0x93,
    0xF0, 0xBF, 0x74, 0x04, 0xCD, 0x7B, 0x50, 0xDB, 0x81, 0xE2, 0x03, 0x93, 0x12, 0xF9, 0xD0, 0x78,
    0x94, 0x61, 0x53, 0x3F, 0x2D, 0x4C, 0x0A, 0xA1, 0x64, 0x8A, 0x0E, 0xA3, 0xB6, 0xB1, 0xAB, 0xEA,
    0x26, 0x9D, 0x8D, 0x6B, 0xF2, 0xC1, 0xB8, 0xCA, 0xF6, 0x81, 0x2B, 0x6C, 0x1B, 0x3A, 0x53, 0x36,
    0x11, 0xC9, 0x62, 0xEA, 0x26, 0x9E, 0x4D, 0xD9, 0x26, 0x42, 0xFA, 0x7C, 0x36, 0xD6, 0xB9, 0xD9,
    0xE4, 0xCE, 0x2D, 0x32, 0xD2, 0x99, 0x93, 0xC9, 0x4E, 0xFF, 0x20, 0x23, 0x07, 0x53, 0x2C, 0x92,
    0x06, 0x73, 0xDA, 0x93, 0x93, 0x16, 0x52, 0xBB, 0x4A, 0xE8, 0xED, 0xF1, 0x86, 0xC3, 0x36, 0x47,
    0x32, 0xA6, 0x4B, 0x64, 0xC2, 0x1A, 0x7C, 0x58, 0xD7, 0x08, 0x2F, 0x4F, 0x5E, 0x27, 0x76, 0x06,
    0x70, 0x85, 0x20, 0x11, 0x34, 0x2D, 0x01, 0xC9, 0x40, 0xEC, 0xD7, 0xC2, 0x50, 0xF9, 0x99, 0x10,
    0x27, 0xB8, 0x06, 0x8B, 0x90, 0x68, 0x12, 0x12, 0x8F, 0x42, 0xD2, 0x3E, 0x1D, 0x4C, 0xD6, 0x09,
    0xB1, 0xAD, 0x10, 0xE1, 0x6A, 0x80, 0xF0, 0x03, 0x64, 0x1F, 0x22, 0x10, 0x11, 0x3B, 0x1D, 0x92,
    0x51, 0xA4, 0x96, 0xF7, 0xD3, 0x51, 0xC4, 0x4E, 0x47, 0x91, 0x3A, 0x1D, 0xEB, 0x06, 0x48, 0xC8,
    0x24, 0xD0, 0xEB, 0xBA, 0x90, 0xC9, 0xE7, 0x75, 0x19, 0x48, 0x02, 0xF0, 0x52, 0x0B, 0x06, 0xAF,
    0x52, 0xDE, 0xA7, 0x90, 0xF7, 0xE3, 0x45, 0x26, 0x4A, 0xB9, 0xB8, 0x0D, 0x04, 0x2F, 0x30, 0x19,
    0x95, 0x17, 0xFC, 0x94, 0x78, 0xC3, 0xFC, 0x00, 0x24, 0x87, 0x4E, 0x61, 0x29, 0x62, 0xF0, 0x92,
    0xF3, 0x63, 0xE0, 0xF6, 0x64, 0x5B, 0x8F, 0xDB, 0x4B, 0x81, 0x15, 0x1E, 0xC0, 0xE4, 0x80, 0x99,
    0x7A, 0xE3, 0x86, 0x13, 0x61, 0xA7, 0xC2, 0x87, 0xF0, 0x3C, 0xC6, 0xA5, 0x9C, 0x39, 0xF4, 0xCB,
    0x92, 0x60, 0x8C, 0xB2, 0x5D, 0xE7, 0xAF, 0xCF, 0x91, 0x76, 0x55, 0x4F, 0x3B, 0x05, 0xFF, 0x0E,
    0xC6, 0x7B, 0x1D, 0x5D, 0x0D, 0xC1, 0xDD, 0x85, 0x13, 0x87, 0x20, 0x69, 0xE3, 0x07, 0xA2, 0x0A,
    0xA7, 0x10, 0x04, 0x1B, 0xC0, 0x84, 0xD5, 0xCA, 0xDF, 0x5D, 0x77, 0x0A, 0xD3, 0xD1, 0x83, 0xB5,
    0x16, 0x2B, 0x23, 0x20, 0x3D, 0x0A, 0x8A, 0x64, 0x63, 0x2D, 0x1F, 0x36, 0xAE, 0x36, 0xD6, 0x94,
    0xE0, 0x4F, 0x41, 0xEF, 0x96, 0x68, 0x81, 0x80, 0x93, 0x78, 0x5D, 0x96, 0xCF, 0xFC, 0xD8, 0xDD,
    0xC3, 0xD0, 0x6F, 0x83, 0x7C, 0xC4, 0xFD, 0x53, 0x61, 0x72, 0x61, 0xC3, 0x3E, 0x86, 0xEE, 0x46,
    0x32, 0xE4, 0x2D, 0x73, 0x7A, 0xDD, 0x08, 0xDD, 0x02, 0xB9, 0x4F, 0x95, 0x82, 0x96, 0x61, 0x19,
    0x4B, 0xA8, 0xF2, 0x47, 0x91, 0x90, 0x77, 0x4C, 0x73, 0xF5, 0x08, 0x4D, 0xEB, 0xE4, 0x94, 0x33,
    0x02, 0x5B, 0xE1, 0xA1, 0x21, 0xBA, 0x36, 0x70, 0x5E, 0xCC, 0xDA, 0x15, 0x83, 0xF3, 0xA6, 0xF9,
    0x27, 0x79, 0xFF, 0xCE, 0x00, 0x33, 0x0B, 0x43, 0x0A, 0x4B, 0x13, 0x71, 0x27, 0x62, 0x58, 0xBC,
    0x79, 0xBD, 0x08, 0x29, 0x7F, 0xC1, 0x0B, 0xF9, 0xBB, 0x3A, 0x84, 0xFE, 0x02, 0x5B, 0xC8, 0x86,
    0x30, 0xBE, 0x9F, 0x0F, 0x50, 0xE0, 0x16, 0x56, 0x79, 0x5B, 0xA8, 0x75, 0x7F, 0x25, 0xEE, 0x91,
    0x81, 0x0C, 0x70, 0x1A, 0xA2, 0xE3, 0x44, 0xC8, 0xB6, 0x62, 0xC4, 0xCA, 0x46, 0xE6, 0xAF, 0x41,
    0x5C, 0x25, 0x3E, 0xC6, 0x15, 0xC9, 0x14, 0x38, 0xF1, 0x36, 0x62, 0x2A, 0xD3, 0x29, 0x22, 0x59,
    0xE0, 0xC0, 0x66, 0x93, 0x8D, 0xF0, 0x47, 0x83, 0x3C, 0x69, 0x7B, 0x41, 0xB2, 0xEE, 0x32, 0xB1,
    0xDF, 0x4D, 0xDE, 0xC7, 0x62, 0x59, 0x7B, 0x81, 0xC3, 0x82, 0x2B, 0x18, 0x60, 0x71, 0x4E, 0x02,
    0xC1, 0x5D, 0xCC, 0x88, 0x2D, 0x35, 0x38, 0x1A, 0xC9, 0x3F, 0x11, 0x30, 0xFB, 0xBF, 0x33, 0xFF,
    0xF9, 0x3D, 0xF1, 0x29, 0x7F, 0x4B, 0x2B, 0x5A, 0x7F, 0xA9, 0x6E, 0xF6, 0x3F, 0x19, 0xBB, 0xB8,
    0xCF, 0x68, 0xAA, 0x80, 0xA2, 0x72, 0x4C, 0x47, 0x49, 0x4D, 0x74, 0x0B, 0x45, 0x89, 0x30, 0x46,
    0x46, 0xA7, 0x2A, 0xBC, 0xD0, 0x33, 0xDA, 0x8E, 0x8B, 0x2B, 0xD2, 0x0C, 0x5C, 0xC0, 0xAC, 0xE7,
    0x3F, 0xB9, 0xFE, 0x63, 0xFD, 0x3F, 0xF4, 0x21, 0xBF, 0x61, 0x88, 0x54, 0x6A, 0xA4, 0x44, 0x20,
    0x00, 0x1B, 0x6C, 0x92, 0x39, 0x99, 0x53, 0x02, 0x76, 0x02, 0xDE, 0x53, 0x4C, 0x9A, 0x02, 0xAD,
    0x0C, 0x0F, 0xE5, 0xBD, 0x1D, 0x54, 0x72, 0xF1, 0x61, 0x22, 0x68, 0x93, 0x00, 0xB7, 0x64, 0x4A,
    0xDD, 0x94, 0x4C, 0x19, 0x48, 0xEE, 0xC6, 0x74, 0xB2, 0x6E, 0x48, 0x47, 0xC1, 0x2D, 0x1B, 0x05,
    0xB7, 0x7C, 0x10, 0xDC, 0xC8, 0x61, 0xDD, 0x01, 0xDC, 0x06, 0x6F, 0x15, 0xE9, 0x90, 0x3B, 0x5D,
    0xCD, 0x1C, 0x4C, 0x58, 0x88, 0xFA, 0x63, 0x8F, 0x56, 0x4C, 0x78, 0x28, 0x52, 0x89, 0xA9, 0x81,
    0x65, 0x43, 0x00, 0xAA, 0x55, 0x77, 0x55, 0x2F, 0x84, 0x0B, 0xD1, 0xB2, 0x1A, 0x6F, 0x66, 0xEB,
    0x83, 0x15, 0xC3, 0x88, 0x4A, 0x10, 0xBA, 0x23, 0x43, 0xA6, 0x58, 0x48, 0x61, 0x21, 0xC4, 0xA2,
    0xF7, 0xD8, 0xBC, 0x65, 0x0B, 0xE4, 0xCA, 0x06, 0xC0, 0x81, 0x75, 0x50, 0xC0, 0x56, 0x36, 0x19,
    0x68, 0x5F, 0x8E, 0x46, 0x57, 0x11, 0x8C, 0x51, 0x9D, 0xCF, 0x84, 0x86, 0xCB, 0xFB, 0xE4, 0xCD,
    0x02, 0x8F, 0x12, 0x4B, 0x50, 0xBB, 0xF9, 0xBC, 0x09, 0xC8, 0xBC, 0xF7, 0x9C, 0x74, 0x00, 0xD5,
    0x85, 0x76, 0xDD, 0x4B, 0x6E, 0xE7, 0x40, 0xE9, 0x09, 0x64, 0xA4, 0xC8, 0x93, 0x05, 0xFB, 0x62,
    0x56, 0x89, 0x77, 0x9B, 0x94, 0xAB, 0xC8, 0x35, 0xCC, 0x77, 0xDB, 0x01, 0x0F, 0x97, 0x78, 0xB8,
    0xC6, 0xE8, 0x0C, 0x98, 0xF6, 0x82, 0x48, 0x6E, 0xFF, 0xE3, 0xB1, 0xEF, 0x08, 0xA5, 0x91, 0xE9,
    0xE5, 0xC3, 0x2D, 0x42, 0x8E, 0x2E, 0x72, 0x55, 0xD9, 0xCB, 0x6C, 0xB9, 0xE8, 0xB0, 0x0C, 0x9E,
    0x4B, 0x74, 0xD0, 0xD8, 0xA7, 0xF2, 0xC8, 0xCA, 0x7C, 0x65, 0xEC, 0x1F, 0x8A, 0x75, 0xDE, 0x27,
    0xE6, 0x67, 0x17, 0x36, 0x5F, 0xEE, 0xA0, 0x28, 0x79, 0x53, 0x83, 0x3E, 0x5C, 0x88, 0xC0, 0xB4,
    0x45, 0x86, 0x81, 0xAB, 0x8E, 0xC0, 0xE3, 0x51, 0xB5, 0x7B, 0x94, 0x10, 0x29, 0x46, 0x0A, 0x12,
    0x51, 0x52, 0x98, 0x14, 0x27, 0x05, 0xCA, 0xEB, 0x3E, 0xA1, 0x52, 0xAC, 0x14, 0x2C, 0x45, 0x4B,
    0xE1, 0x52, 0xBC, 0x0E, 0x75, 0x84, 0x9F, 0x22, 0x66, 0x0A, 0xDA, 0x8A, 0x9A, 0xA9, 0x43, 0xAC,
    0x3E, 0x42, 0xD4, 0x12, 0x1B, 0x20, 0x87, 0xD9, 0x88, 0x97, 0xD7, 0x89, 0x1D, 0x83, 0x82, 0x00,
    0xE2, 0xD2, 0x4A, 0x87, 0x14, 0xFC, 0xFE, 0x8D, 0xD0, 0xA9, 0x00, 0x8F, 0x13, 0x8D, 0x64, 0x59,
    0xF7, 0x64, 0x38, 0xBC, 0x46, 0x70, 0xAE, 0x4D, 0xF2, 0x2D, 0xCA, 0x0E, 0x96, 0x83, 0x28, 0x5B,
    0xEC, 0xD7, 0x4E, 0xDE, 0x6A, 0x5F, 0xDE, 0x42, 0x4D, 0x62, 0x97, 0xF5, 0x27, 0xAE, 0xCD, 0xE1,
    0xD9, 0x2C, 0x78, 0xB1, 0xEA, 0x87, 0x9F, 0xEC, 0x7B, 0x31, 0x3B, 0x9B, 0x7F, 0x3C, 0x22, 0xEF,
    0x3A, 0x65, 0x34, 0xAD, 0x96, 0x8F, 0x51, 0x62, 0x0A, 0x31, 0xA9, 0x1A, 0x12, 0xC5, 0xBE, 0x83,
    0x28, 0xF6, 0x0B, 0x21, 0xDF, 0xCE, 0xD8, 0x05, 0x03, 0xDE, 0x01, 0x0A, 0x0F, 0xB0, 0x0C, 0xEF,
    0x5C, 0xB7, 0xBE, 0xBC, 0x13, 0x08, 0x97, 0x5F, 0xC4, 0x32, 0x95, 0xBB, 0xCB, 0xB4, 0x0C, 0x91,
    0x2E, 0x94, 0x26, 0xC6, 0x07, 0x83, 0xEA, 0x35, 0x6C, 0xA6, 0x37, 0xB9, 0xDD, 0xD7, 0x44, 0x84,
    0x69, 0x59, 0x7E, 0x26, 0xD3, 0xE5, 0xEF, 0x8D, 0x88, 0x11, 0xD6, 0x40, 0xE4, 0x2D, 0x3C, 0x0D,
    0xF3, 0x4D, 0x81, 0x39, 0x96, 0x9D, 0x83, 0x5F, 0x1A, 0x3C, 0x4F, 0xAC, 0x19, 0xED, 0x25, 0xF3,
    0x0A, 0x44, 0xE6, 0x31, 0xF8, 0xD1, 0xA9, 0x60, 0x50, 0xB6, 0xB2, 0x8C, 0xF4, 0xA2, 0x8E, 0xA4,
    0xB2, 0x1D, 0xB2, 0xAA, 0x5E, 0x1C, 0x8C, 0x95, 0x2C, 0x4E, 0xA2, 0x14, 0x84, 0x0A, 0x44, 0x72,
    0x8F, 0xBF, 0x85, 0xFC, 0x29, 0x08, 0x09, 0xCD, 0x1D, 0x95, 0x41, 0x53, 0xA9, 0x78, 0x66, 0x74,
    0xD9, 0x81, 0xF3, 0xB0, 0x78, 0x7B, 0xDB, 0x59, 0x74, 0xC0, 0xC0, 0x98, 0x36, 0xCF, 0x71, 0x6D,
    0x45, 0x23, 0xED, 0x08, 0x07, 0x26, 0xD9, 0x1D, 0x6C, 0x3E, 0xC2, 0x15, 0x44, 0x29, 0x23, 0x02,
    0x53, 0x59, 0x2C, 0xA1, 0xC2, 0xA9, 0x3C, 0x20, 0xAC, 0xCA, 0x6B, 0xE1, 0x30, 0x72, 0x77, 0x24,
    0x8A, 0xC3, 0x52, 0x37, 0x4C, 0xB3, 0x57, 0x2F, 0x69, 0x6E, 0x3F, 0xD9, 0x33, 0xB3, 0xF0, 0x8C,
    0x7F, 0x67, 0xB2, 0x99, 0xAB, 0x3B, 0xF2, 0x91, 0x6E, 0x7D, 0x30, 0xF1, 0x6E, 0xF9, 0xD2, 0x86,
    0x5E, 0x11, 0x56, 0x0F, 0xA9, 0xD6, 0x3A, 0x53, 0x73, 0x0F, 0x94, 0x09, 0xB3, 0xD7, 0x69, 0x02,
    0xAD, 0x48, 0x7B, 0x53, 0x9E, 0xAD, 0x46, 0xFC, 0x47, 0xA7, 0x86, 0x68, 0x1B, 0xC2, 0x6D, 0x88,
    0x37, 0xA9, 0x28, 0x03, 0x10, 0x37, 0x84, 0x5C, 0x31, 0x57, 0xD0, 0x15, 0x75, 0x85, 0xDD, 0xE3,
    0xBE, 0x02, 0x1F, 0xF7, 0x19, 0x4C, 0xFB, 0x60, 0x1B, 0x3A, 0x11, 0xEA, 0x3F, 0xED, 0xFC, 0xDD,
    0xE3, 0x85, 0xA2, 0x9B, 0x86, 0x3C, 0x95, 0xDA, 0x6F, 0x5E, 0x92, 0xCA, 0xBB, 0x8E, 0x73, 0x90,
    0x5F, 0x87, 0x52, 0x33, 0xB1, 0x56, 0x75, 0xF6, 0x95, 0x22, 0x75, 0xBB, 0x79, 0xF5, 0xFF, 0x02,
    0xDA, 0x6B, 0xC3, 0x6D, 0xFD, 0x61, 0x95, 0xC4, 0xD2, 0x5E, 0xC1, 0x62, 0xAE, 0x85, 0xAC, 0x7F,
    0xA6, 0x00, 0x7B, 0xE1, 0x4D, 0xAE, 0xC1, 0x0C, 0xD1, 0x2E, 0x89, 0x6D, 0x5D, 0xDD, 0x74, 0xB5,
    0x7D, 0x39, 0x83, 0x17, 0x6F, 0x95, 0x3E, 0x14, 0xBE, 0xC0, 0x0A, 0xCA, 0x64, 0x2D, 0xF8, 0x13,
    0x0B, 0x20, 0x6F, 0xED, 0x2C, 0x40, 0x0B, 0x0B, 0x50, 0x36, 0x88, 0x97, 0x6A, 0x4A, 0xEA, 0x56,
    0xBA, 0x90, 0xE7, 0x19, 0x32, 0xCA, 0x48, 0xCC, 0xDD, 0x28, 0xE9, 0x08, 0x19, 0x65, 0xF1, 0x2E,
    0x35, 0x49, 0xAF, 0x3B, 0xCC, 0x80, 0x71, 0x56, 0x89, 0xF2, 0x99, 0x51, 0x76, 0x61, 0x82, 0xD9,
    0x0A, 0x06, 0xA7, 0x6F, 0x79, 0x96, 0x83, 0x7F, 0xDD, 0xDC, 0xF5, 0xB8, 0x12, 0x6A, 0xC8, 0x5E,
    0x82, 0x0D, 0xFF, 0x5F, 0x02, 0x97, 0xDA, 0xA7, 0xBD, 0xD0, 0x96, 0xBA, 0xDF, 0x14, 0xA5, 0x17,
    0x26, 0x6D, 0x27, 0x3C, 0x96, 0xAD, 0x04, 0x59, 0x4C, 0x49, 0x9C, 0xA6, 0xA2, 0xE9, 0x28, 0x0F,
    0x21, 0xC1, 0x14, 0xEE, 0xE4, 0xC9, 0xBC, 0xE7, 0x02, 0x89, 0x1C, 0xB6, 0xD5, 0x5A, 0x2A, 0x66,
    0xCE, 0xE1, 0x3A, 0x35, 0x27, 0x83, 0x2B, 0x77, 0x15, 0x96, 0x5E, 0x32, 0x58, 0x22, 0x92, 0x7A,
    0x5C, 0x2A, 0xEC, 0x49, 0x57, 0x88, 0x9C, 0x32, 0x98, 0xC8, 0xA9, 0xAB, 0x1B, 0x31, 0x51, 0x02,
    0x2D, 0xBC, 0xC2, 0x30, 0xE5, 0xD5, 0x74, 0x57, 0x84, 0x81, 0xDA, 0x64, 0xA8, 0x4A, 0xCA, 0x24,
    0xC9, 0x3A, 0x09, 0xB2, 0xCC, 0x01, 0x41, 0x3B, 0xA2, 0x02, 0x4D, 0x2E, 0x9D, 0x26, 0x95, 0x5B,
    0xD4, 0x10, 0x6C, 0xCA, 0x1E, 0x79, 0x32, 0xEE, 0x17, 0x1A, 0xEA, 0xC7, 0x03, 0xC0, 0x5C, 0xB8,
    0x5E, 0x05, 0x96, 0xAB, 0x0A, 0xDD, 0x7B, 0xA8, 0x06, 0xC8, 0x48, 0x32, 0xB3, 0x43, 0x4D, 0x12,
    0x8A, 0x2A, 0xD2, 0xA7, 0xCC, 0xC1, 0x99, 0x4B, 0x0E, 0x54, 0xD5, 0x78, 0x56, 0x66, 0x84, 0x8B,
    0x09, 0x49, 0xE8, 0xA8, 0xE9, 0xAE, 0x4F, 0x76, 0xE3, 0xF1, 0x6F, 0xB6, 0x84, 0xB9, 0x24, 0x55,
    0x3F, 0xF0, 0x6E, 0x76, 0xCE, 0xD0, 0xA7, 0xCE, 0xE7, 0xB4, 0x02, 0x40, 0x4E, 0x00, 0xAC, 0xE6,
    0xD7, 0xFB, 0x19, 0x85, 0x3A, 0x23, 0x9F, 0x4B, 0xEC, 0x99, 0xB6, 0x23, 0x09, 0x4B, 0xB5, 0xC6,
    0xF1, 0x50, 0xBC, 0xCD, 0xB3, 0xB1, 0x58, 0x64, 0x98, 0xA9, 0x1B, 0x4D, 0xD4, 0x9D, 0xAF, 0x3E,
    0x30, 0x8B, 0xD4, 0x34, 0x92, 0x79, 0x64, 0xD6, 0xFD, 0x5C, 0x5E, 0x4E, 0x40, 0x8E, 0xA5, 0x95,
    0x7B, 0xE5, 0xC1, 0xE6, 0xB6, 0x82, 0xA0, 0x24, 0xD5, 0xCC, 0x53, 0xB4, 0xEA, 0xDD, 0x69, 0xF2,
    0x8B, 0xA2, 0x0D, 0x18, 0x01, 0x03, 0xF2, 0x0B, 0x16, 0xC0, 0x40, 0xC8, 0x6C, 0xA9, 0x2A, 0x42,
    0x8D, 0xB1, 0x5A, 0xF9, 0x90, 0xA8, 0xF8, 0x52, 0xD0, 0x24, 0x14, 0x2B, 0x42, 0x56, 0x0B, 0x0B,
    0xE7, 0x7F, 0x6E, 0x1A, 0x36, 0x1A, 0x64, 0x4E, 0xC7, 0x4E, 0x49, 0x5E, 0x21, 0x2E, 0x4D, 0x09,
    0xDA, 0x52, 0x4E, 0x4E, 0x1B, 0x73, 0xBA, 0xE0, 0xBC, 0x95, 0xBD, 0x69, 0xE8, 0x94, 0x81, 0x04,
    0xF8, 0xEF, 0x4F, 0x84, 0x01, 0x87, 0x10, 0x27, 0xCB, 0xD5, 0x20, 0x74, 0xD3, 0xE4, 0xCE, 0xDB,
    0x9D, 0x2F, 0x9A, 0xB4, 0xBA, 0xD7, 0x91, 0xB6, 0x5B, 0x78, 0xC9, 0x1C, 0x36, 0x66, 0x64, 0x28,
    0xBF, 0x8B, 0xB2, 0x1A, 0x0D, 0xAF, 0x18, 0x1B, 0x54, 0x9C, 0x50, 0x27, 0xEA, 0xD5, 0x47, 0x5B,
    0xA7, 0xBF, 0xC9, 0xB2, 0x05, 0x6E, 0x2A, 0x72, 0xB0, 0x27, 0xB8, 0xE6, 0x6C, 0x37, 0x57, 0xAB,
    0x5E, 0x9D, 0xD6, 0x0C, 0x3C, 0xC6, 0xA3, 0xAF, 0x15, 0x0B, 0x2D, 0x7F, 0x0A, 0x46, 0x19, 0xCA,
    0xAE, 0x90, 0xC3, 0xD2, 0xA1, 0xCB, 0x98, 0xF2, 0xA7, 0x8C, 0x2A, 0x2F, 0xE0, 0x26, 0x1B, 0x64,
    0xA8, 0xAE, 0xC2, 0xDA, 0x3A, 0x19, 0x11, 0x8B, 0x2C, 0x8C, 0xCB, 0x0B, 0x61, 0x5C, 0x0F, 0x07,
    0xE5, 0x85, 0x50, 0x9C, 0x12, 0xF2, 0x7C, 0x90, 0xA7, 0x65, 0x98, 0x44, 0x00, 0xCA, 0xFA, 0x4E,
    0xA2, 0xD0, 0xFC, 0xF7, 0x2C, 0x2A, 0x7E, 0xC5, 0x32, 0xEF, 0xAF, 0x29, 0x5D, 0x73, 0x17, 0xE8,
    0x45, 0x7D, 0x28, 0x4F, 0x4E, 0x12, 0xCF, 0xE5, 0x93, 0x68, 0x04, 0x49, 0x36, 0x0A, 0xC8, 0x49,
    0xC7, 0x3C, 0x75, 0xCB, 0x52, 0xF7, 0x22, 0x3B, 0x81, 0x17, 0x07, 0x69, 0xC2, 0x8C, 0x6B, 0x84,
    0x17, 0x78, 0x2B, 0x79, 0x1D, 0x2D, 0xE4, 0x4B, 0x5E, 0xC7, 0x88, 0xF2, 0x92, 0x49, 0x98, 0x4A,
    0x27, 0x71, 0x4F, 0x29, 0x4A, 0xC4, 0x19, 0x4A, 0xC4, 0x39, 0xAB, 0x02, 0xBD, 0xCF, 0x6A, 0x75,
    0x4C, 0xBF, 0x5A, 0x5A, 0xCF, 0x04, 0x88, 0x44, 0x6F, 0xF2, 0x67, 0x78, 0xCF, 0x8E, 0x99, 0x92,
    0x99, 0x55, 0x98, 0xAE, 0x64, 0xCC, 0x74, 0x6B, 0x63, 0x94, 0x4B, 0x17, 0x38, 0x1D, 0x06, 0x0B,
    0x18, 0xE9, 0xF6, 0x38, 0x52, 0x20, 0xCB, 0x9E, 0x55, 0x20, 0xE3, 0x5C, 0x2C, 0xFF, 0xAF, 0x4A,
    0x54, 0x9D, 0xAB, 0xC2, 0x41, 0x7D, 0x7E, 0x40, 0x95, 0x4E, 0xAB, 0x7C, 0x5A, 0x63, 0x3E, 0x2D,
    0x1F, 0x67, 0x94, 0x23, 0xA8, 0xBD, 0x71, 0x0E, 0x8B, 0x5D, 0x56, 0x50, 0xEA, 0x99, 0x31, 0x43,
    0xA3, 0xA7, 0x33, 0xC5, 0x7A, 0xC0, 0x52, 0xC6, 0xBB, 0x2B, 0xFB, 0x0C, 0x10, 0x7C, 0x84, 0x10,
    0xB3, 0x78, 0x99, 0x68, 0x31, 0xFA, 0x65, 0x39, 0x0C, 0x8F, 0x2B, 0xF8, 0x0A, 0xC3, 0x06, 0x40,
    0x5A, 0x80, 0xA9, 0x8C, 0x9C, 0xF3, 0x14, 0xC0, 0xFB, 0xC2, 0x50, 0x63, 0x56, 0x79, 0x44, 0xDE,
    0x61, 0x09, 0x42, 0x23, 0x33, 0x04, 0x1A, 0x33, 0xF5, 0x01, 0x41, 0x4F, 0x83, 0x12, 0x50, 0xFD,
    0x2B, 0x2E, 0xDC, 0xA7, 0x0C, 0x2F, 0x3E, 0xE7, 0xD2, 0xD5, 0x3D, 0xE1, 0xD7, 0xF4, 0x52, 0xC5,
    0xAA, 0x18, 0xE7, 0x22, 0xAE, 0x9F, 0x30, 0x63, 0x3A, 0x61, 0x80, 0x74, 0xCC, 0x10, 0xB8, 0x41,
    0x39, 0x64, 0x12, 0x98, 0xA6, 0x75, 0x12, 0x84, 0xB2, 0x08, 0x6B, 0x2B, 0xEE, 0x82, 0x86, 0xBB,
    0xA0, 0x39, 0x67, 0x23, 0x76, 0x19, 0x00, 0x73, 0x85, 0x35, 0x59, 0xD8, 0x55, 0x6B, 0xCE, 0x87,
    0x9E, 0xBB, 0x90, 0x4B, 0x53, 0x47, 0x46, 0x95, 0x3C, 0x06, 0x76, 0x6D, 0xE8, 0x22, 0x51, 0x62,
    0x97, 0x62, 0x4F, 0x59, 0xC4, 0xFE, 0x32, 0x5D, 0xCC, 0x18, 0x10, 0xFA, 0xA3, 0x75, 0xFF, 0x27,
    0x32, 0x4D, 0x36, 0x38, 0xC4, 0xC5, 0xA5, 0x6C, 0xA7, 0x5E, 0x9E, 0xB3, 0x5D, 0x26, 0x21, 0x57,
    0xCB, 0xF3, 0x92, 0x04, 0xB1, 0x5A, 0x74, 0x10, 0x43, 0xE4, 0x8D, 0x5F, 0xA8, 0xD4, 0x6D, 0xB0,
    0xAF, 0xF3, 0x0E, 0x9C, 0x37, 0xC0, 0xBC, 0xA1, 0x9F, 0x77, 0xF8, 0x73, 0xE7, 0xAD, 0xD6, 0x02,
    0x13, 0xCF, 0x8E, 0x54, 0x97, 0x70, 0x26, 0x40, 0x0D, 0xB8, 0xB7, 0x21, 0x77, 0x88, 0xD0, 0xF9,
    0x7A, 0xD6, 0xE1, 0xE9, 0xD7, 0x96, 0x61, 0xFB, 0xBA, 0xEC, 0x6A, 0x3D, 0xA3, 0xAD, 0x0C, 0x7A,
    0xB4, 0x46, 0x86, 0x2D, 0x98, 0xFB, 0xAA, 0xDF, 0xA2, 0x07, 0xE9, 0xBA, 0x99, 0xB3, 0x86, 0xBD,
    0x02, 0x38, 0x94, 0x02, 0x93, 0x3F, 0xDC, 0xF9, 0x9E, 0x52, 0xF4, 0x1D, 0xD6, 0xD5, 0xAD, 0x16,
    0x16, 0x6B, 0x45, 0xEB, 0xDA, 0x5C, 0xB4, 0xAE, 0x8B, 0xEA, 0x35, 0xB4, 0x1A, 0xF3, 0xA7, 0x93,
    0xCE, 0x0E, 0x81, 0xF8, 0x3B, 0x9D, 0x80, 0x07, 0x02, 0x48, 0x38, 0xEB, 0x47, 0xD7, 0x28, 0xF7,
    0xF6, 0x93, 0xF4, 0x7E, 0xDE, 0x88, 0x9B, 0x63, 0x61, 0x74, 0x3E, 0x1D, 0xF8, 0x17, 0x72, 0x74,
    0xD4, 0xBF, 0x14, 0x1B, 0x02, 0x91, 0x47, 0x20, 0x9E, 0x2F, 0x2B, 0xFD, 0x1F, 0xF7, 0x1A, 0x41,
    0xD4, 0x46, 0xD8, 0xC9, 0xCB, 0xED, 0x25, 0x40, 0x37, 0xC6, 0x00, 0xA7, 0xD1, 0x67, 0xD8, 0xF1,
    0x39, 0x7C, 0x91, 0x45, 0x6E, 0x69, 0x91, 0x5A, 0x96, 0xE0, 0xE3, 0xC1, 0xAB, 0x44, 0x45, 0xE4,
    0x4E, 0x7B, 0x11, 0x3C, 0x13, 0x32, 0x64, 0xAD, 0x88, 0x9E, 0x43, 0xC1, 0x31, 0x25, 0x32, 0x61,
    0xDB, 0x96, 0x10, 0xFF, 0xFE, 0xBA, 0x1A, 0xD5, 0x56, 0xA9, 0xBD, 0xDC, 0xBC, 0xBA, 0xC2, 0x24,
    0x02, 0x06, 0xD1, 0xD0, 0xDD, 0x44, 0x3C, 0x14, 0x90, 0x97, 0xD4, 0x87, 0xAC, 0x5A, 0x4B, 0x1A,
    0x75, 0x87, 0xAE, 0x91, 0x16, 0x25, 0x8D, 0xE2, 0x7B, 0x49, 0xAE, 0x0A, 0xCF, 0x35, 0xD7, 0x45,
    0x7F, 0xCE, 0xBC, 0x7B, 0x92, 0x67, 0xD5, 0x3A, 0x6F, 0x8D, 0x0C, 0xB9, 0x46, 0x86, 0x9C, 0x17,
    0xDF, 0x43, 0xF2, 0x17, 0xA1, 0x88, 0xDA, 0xFA, 0x32, 0xFA, 0xBA, 0x26, 0xF9, 0x2D, 0x79, 0x5A,
    0x4D, 0x9E, 0x5B, 0xDF, 0x65, 0x44, 0x72, 0x6B, 0x8F, 0x3F, 0x73, 0x30, 0xA6, 0x53, 0xE5, 0x73,
    0x70, 0x61, 0xBB, 0xB2, 0x8F, 0xBC, 0x58, 0x98, 0x51, 0x70, 0xE8, 0xC4, 0x2B, 0x2E, 0xB0, 0xCA,
    0x7A, 0xC4, 0x7A, 0x0D, 0x27, 0xB0, 0xAE, 0x3A, 0xE1, 0x9E, 0x68, 0xF8, 0x9B, 0xEF, 0xED, 0xFE,
    0x7D, 0xDD, 0xE7, 0xAF, 0x0B, 0x90, 0xE3, 0x8B, 0x01, 0x44, 0x38, 0x82, 0x87, 0x9F, 0x52, 0xCD,
    0xFF, 0x76, 0xEB, 0x56, 0xF0, 0x07, 0xA8, 0xB9, 0x1E, 0x1B, 0xD3, 0xEB, 0x97, 0xF4, 0xCA, 0xEF,
    0xEE, 0xF6, 0x25, 0x83, 0x32, 0x04, 0x2A, 0x3D, 0xAA, 0xF4, 0xB2, 0x03, 0x10, 0x0D, 0xC1, 0x4A,
    0xC1, 0xC1, 0xE4, 0xA4, 0xD6, 0x15, 0x92, 0x85, 0xDA, 0xC7, 0x55, 0x2D, 0x1B, 0xE2, 0xEB, 0x06,
    0xBB, 0xEA, 0x33, 0x50, 0xF7, 0x0F, 0xBF, 0x01, 0x4D, 0x7E, 0x87, 0x5A, 0x4B, 0xFC, 0xED, 0x6C,
    0xC2, 0x25, 0xFE, 0x16, 0x41, 0x59, 0x74, 0x26, 0x54, 0xF2, 0xD7, 0x51, 0xAC, 0x54, 0x28, 0xF3,
    0xC6, 0x63, 0x20, 0x4B, 0x9D, 0x0C, 0xE8, 0x1D, 0x93, 0xD9, 0xC4, 0xB1, 0x82, 0xB6, 0x98, 0x0D,
    0xB5, 0x96, 0x96, 0x91, 0x5F, 0xE3, 0xAB, 0x59, 0x6C, 0x14, 0xCA, 0x0B, 0x6F, 0x88, 0x62, 0x8D,
    0x2C, 0x56, 0xAD, 0x8A, 0x8A, 0xB5, 0xC4, 0x55, 0x7F, 0x9F, 0x6A, 0x4A, 0xB2, 0x55, 0x53, 0x52,
    0x9C, 0x04, 0x67, 0x78, 0xC8, 0x57, 0x53, 0x70, 0x36, 0xDD, 0x26, 0xD3, 0x4D, 0x44, 0x64, 0xF7,
    0x13, 0xE9, 0x01, 0xA7, 0x46, 0x53, 0x1D, 0xF5, 0xB7, 0xB8, 0x5A, 0x34, 0x5E, 0x54, 0x9F, 0x3C,
    0xC5, 0x72, 0x85, 0x7D, 0x86, 0x23, 0xAB, 0x59, 0xB7, 0xAD, 0xE6, 0x3B, 0x1A, 0x63, 0x36, 0xE6,
    0xA0, 0xF5, 0xEB, 0xC6, 0x61, 0x7B, 0xC9, 0x86, 0x91, 0xAB, 0xC3, 0x57, 0xCD, 0xDD, 0x6A, 0x49,
    0x0C, 0xA7, 0x9E, 0xD7, 0x54, 0x96, 0x4E, 0x33, 0xE8, 0xB4, 0xA4, 0x3B, 0xFA, 0x18, 0xDF, 0xE9,
    0x76, 0x77, 0x4D, 0xE8, 0xEE, 0x38, 0x5A, 0xC4, 0xF6, 0x99, 0x35, 0xC3, 0x67, 0xCE, 0xBB, 0x36,
    0xBA, 0x8C, 0x17, 0xD6, 0x24, 0x3F, 0xBE, 0x26, 0x15, 0xD6, 0x44, 0x44, 0x96, 0x35, 0x79, 0xCC,
    0x35, 0xF9, 0xBC, 0xE5, 0x9A, 0xFC, 0x0F, 0xAA, 0x77, 0xE9, 0xEF, 0x66, 0x59, 0x93, 0x44, 0x56,
    0x43, 0xD6, 0xE4, 0xBB, 0x3F, 0x5B, 0xDF, 0x77, 0xE9, 0xAA, 0x9E, 0xCE, 0x44, 0x6E, 0xDA, 0x9A,
    0x4D, 0x35, 0xA1, 0x3F, 0xF1, 0x59, 0x47, 0xB1, 0xBF, 0x1E, 0xD5, 0xE5, 0x6B, 0xA9, 0xCF, 0xD1,
    0x77, 0x6D, 0x40, 0xE2, 0xD9, 0x64, 0xEF, 0x7B, 0x98, 0xD8, 0x07, 0x77, 0x9B, 0xA6, 0xB4, 0x44,
    0x54, 0xB3, 0xF5, 0xEB, 0x5E, 0x68, 0xFD, 0x1A, 0xFD, 0xB1, 0x12, 0x9B, 0x50, 0x98, 0x15, 0x39,
    0xC9, 0x42, 0x85, 0xE7, 0x7C, 0x60, 0xE5, 0x92, 0x39, 0x6A, 0x0A, 0x82, 0x0C, 0x75, 0xC8, 0x91,
    0xA9, 0x5A, 0x76, 0xD3, 0x30, 0xBA, 0x15, 0xF3, 0xDF, 0x49, 0xE8, 0x57, 0xB6, 0x25, 0xD2, 0x60,
    0x66, 0xC1, 0x25, 0xDB, 0x34, 0x3B, 0xC9, 0x10, 0xEC, 0x90, 0xB3, 0x47, 0x86, 0x6D, 0x5D, 0x2D,
    0x1C, 0x4C, 0xA1, 0xC1, 0x1D, 0xA6, 0xEC, 0xF0, 0x77, 0x0B, 0x37, 0xD3, 0x1C, 0x3D, 0x6D, 0x09,
    0x6A, 0xCA, 0xA1, 0x9D, 0x0F, 0xDA, 0x18, 0x13, 0x8B, 0xFA, 0x10, 0x92, 0x26, 0x1B, 0xB4, 0x2B,
    0x48, 0xC8, 0x3A, 0xAF, 0x4E, 0x5E, 0x37, 0xF4, 0xBA, 0xB1, 0x43, 0x53, 0xE8, 0xA4, 0xC7, 0xD8,
    0xB9, 0x9F, 0x07, 0x63, 0x6A, 0x27, 0x4C, 0x81, 0xEC, 0xE5, 0x63, 0x16, 0x0B, 0xD8, 0x26, 0x83,
    0x14, 0x68, 0x29, 0x6E, 0x00, 0x2E, 0xE1, 0x28, 0x1B, 0x28, 0x9C, 0x44, 0xC7, 0x02, 0xDF, 0x37,
    0xB4, 0xE6, 0x07, 0xAF, 0x0D, 0x9C, 0xA0, 0x42, 0x1A, 0x1C, 0xB7, 0x09, 0x3A, 0x93, 0x7A, 0x84,
    0x3A, 0x65, 0xE7, 0x70, 0xA8, 0xF2, 0x3E, 0xC2, 0xF9, 0x89, 0xF6, 0xFC, 0xD4, 0x34, 0x07, 0x48,
    0xF9, 0x93, 0x49, 0x6D, 0x64, 0xD2, 0xD4, 0x1A, 0x68, 0x19, 0xC2, 0x65, 0x88, 0xD7, 0x5A, 0xEC,
    0x20, 0x25, 0x64, 0x86, 0x98, 0x19, 0x82, 0x66, 0x88, 0x9A, 0x21, 0x6C, 0x86, 0xB8, 0x99, 0x72,
    0xAF, 0xAE, 0x42, 0xE8, 0x14, 0x3B, 0x05, 0x4F, 0xD1, 0x53, 0xF8, 0x3C, 0x7E, 0x0A, 0x20, 0xEC,
    0x23, 0x2A, 0x0C, 0x7F, 0x6F, 0x3E, 0xC4, 0xB6, 0xBC, 0xC3, 0x20, 0xE4, 0x83, 0x05, 0xED, 0x66,
    0x80, 0x31, 0x6B, 0x71, 0xB6, 0x77, 0xA2, 0xC7, 0xED, 0x3B, 0x24, 0x15, 0x4A, 0x3D, 0x7E, 0xD2,
    0x16, 0x2C, 0xA2, 0x69, 0x08, 0xA7, 0x21, 0x9E, 0xEB, 0x61, 0xEE, 0xC6, 0xD5, 0xAE, 0xE6, 0x43,
    0xDE, 0x80, 0xAA, 0xC2, 0xAA, 0xB8, 0x2A, 0xB0, 0x8A, 0xEC, 0x0A, 0xAD, 0x36, 0x83, 0x25, 0xCE,
    0x77, 0xF0, 0xA9, 0x6D, 0x46, 0x46, 0xF9, 0x90, 0x6C, 0x86, 0x8B, 0xD1, 0x5A, 0x0C, 0x4E, 0x0D,
    0xF6, 0x1A, 0xCE, 0x13, 0xF6, 0xFA, 0x61, 0x5F, 0x8B, 0x0D, 0x44, 0x81, 0xAA, 0xC9, 0x48, 0x51,
    0xB2, 0x93, 0x20, 0xB7, 0x25, 0x6D, 0x78, 0x48, 0xA2, 0x94, 0x05, 0x2E, 0xB4, 0x64, 0xD4, 0x2D,
    0x90, 0x29, 0xF7, 0x26, 0x4C, 0x59, 0xA0, 0xD3, 0xCE, 0x24, 0x93, 0x8C, 0x31, 0x63, 0x5A, 0xAB,
    0x27, 0x4F, 0xDA, 0x50, 0x81, 0xC3, 0x27, 0x3B, 0x94, 0x62, 0xED, 0x72, 0x09, 0xEB, 0xF3, 0x26,
    0x6F, 0x44, 0x61, 0x1B, 0xFB, 0x53, 0xD1, 0x97, 0xC2, 0xA2, 0x45, 0x9B, 0xFD, 0x11, 0xA5, 0x41,
    0xD1, 0xA4, 0xA6, 0xF5, 0xAF, 0x69, 0xF8, 0xEA, 0x9F, 0xBA, 0xEA, 0x94, 0x73, 0x21, 0x24, 0x7C,
    0x2C, 0xDC, 0x66, 0xEE, 0x03, 0xEC, 0xF2, 0x51, 0x8B, 0x79, 0x26, 0x00, 0x4D, 0x1A, 0x5F, 0x5B,
    0x61, 0x2F, 0x33, 0xFD, 0x32, 0x35, 0x6A, 0x6B, 0xB2, 0x38, 0xC1, 0x99, 0x13, 0x15, 0x29, 0xF7,
    0xFD, 0x96, 0x38, 0xE9, 0xCA, 0xD1, 0x09, 0xC2, 0x86, 0xBD, 0x78, 0xE7, 0xA6, 0x70, 0xC8, 0x92,
    0x8D, 0xA1, 0x0B, 0xEA, 0x3E, 0xD2, 0x66, 0x0C, 0x91, 0x90, 0x35, 0x24, 0x5E, 0xA3, 0x48, 0x26,
    0xB8, 0x87, 0x11, 0xE5, 0xB5, 0x81, 0xBE, 0x82, 0x27, 0x85, 0xB4, 0x9D, 0x12, 0xFE, 0x0A, 0x6C,
    0xC4, 0x8B, 0xE5, 0x31, 0x46, 0x01, 0x27, 0x6B, 0x2F, 0xB8, 0x79, 0x5E, 0x2F, 0x78, 0x50, 0xBB,
    0x7B, 0x90, 0xB2, 0xDF, 0xEC, 0xB8, 0x8C, 0x71, 0x1A, 0x14, 0xE7, 0x23, 0xEA, 0xE7, 0xE6, 0x3A,
    0xC7, 0xEA, 0x1C, 0xD7, 0x28, 0xF9, 0x73, 0xE3, 0x25, 0x0A, 0xAC, 0x12, 0xAB, 0xC8, 0x2A, 0x33,
    0x85, 0x3E, 0x2C, 0x60, 0xED, 0x95, 0xB1, 0xE2, 0xE7, 0xD6, 0xF1, 0x9E, 0x55, 0x06, 0x3E, 0xB8,
    0x02, 0x61, 0xB6, 0xFA, 0x98, 0x9D, 0x76, 0x0F, 0x5E, 0x3E, 0xFE, 0xB9, 0x2E, 0x34, 0xD9, 0xAC,
    0x43, 0xFE, 0xEC, 0x7F, 0x8D, 0x9E, 0xBF, 0xF8, 0x22, 0x7F, 0x57, 0xA7, 0x47, 0x97, 0xDD, 0x69,
    0xCC, 0xD4, 0x42, 0x88, 0x99, 0xEE, 0x1A, 0xAF, 0x86, 0xA0, 0xBF, 0xD0, 0x4D, 0xCD, 0xA1, 0x67,
    0xE3, 0xD3, 0x49, 0xE6, 0x82, 0x3E, 0x3D, 0xC5, 0xC6, 0x4E, 0xA0, 0x0C, 0xC1, 0xAE, 0xC1, 0xA3,
    0x6E, 0xDE, 0x80, 0xF9, 0xC9, 0x4E, 0x63, 0x76, 0x41, 0x39, 0xED, 0xB4, 0x62, 0xA7, 0x6C, 0x50,
    0xAB, 0x4A, 0x5D, 0x2E, 0x5F, 0x32, 0xB5, 0xB8, 0x64, 0x96, 0x54, 0xD7, 0x36, 0x5B, 0x01, 0xB8,
    0x3B, 0xA9, 0xF6, 0xDB, 0xBB, 0x17, 0x72, 0xD5, 0x61, 0x90, 0x99, 0x6D, 0xDA, 0x2B, 0x6E, 0x38,
    0x7A, 0x15, 0x0E, 0xB4, 0x8D, 0xC0, 0xEE, 0x71, 0xB0, 0x1C, 0xE5, 0x00, 0x75, 0xD5, 0xEF, 0x60,
    0x72, 0xAB, 0x09, 0xBD, 0x58, 0x3F, 0xB9, 0x6E, 0x84, 0x2E, 0x79, 0xAB, 0xE1, 0xEA, 0x10, 0x42,
    0x5B, 0xDA, 0x4E, 0x72, 0x6D, 0xC5, 0x83, 0xE4, 0xE7, 0xFA, 0xEB, 0x59, 0x39, 0xE7, 0xE5, 0xAB,
    0x5C, 0x0B, 0xE0, 0x33, 0x2B, 0xFA, 0xE4, 0xB9, 0xF2, 0x95, 0xB3, 0x55, 0x68, 0xBE, 0x7A, 0x03,
    0x7D, 0x1C, 0xD9, 0x69, 0x42, 0xC9, 0x17, 0x95, 0x9C, 0x01, 0x03, 0xF7, 0xAB, 0x76, 0xDE, 0xB0,
    0x5D, 0x04, 0x89, 0x44, 0x90, 0xF4, 0xFE, 0x54, 0xCC, 0xB7, 0xB6, 0xFE, 0xDB, 0x52, 0x68, 0x1B,
    0xFE, 0x9E, 0xBC, 0xED, 0x26, 0x2F, 0x3B, 0xC7, 0x31, 0x2D, 0xEB, 0x35, 0x19, 0x02, 0xF1, 0x90,
    0xBC, 0xDC, 0xBE, 0x20, 0xEF, 0xDA, 0x65, 0xD8, 0xC9, 0xFF, 0x5E, 0xD6, 0xAC, 0x4F, 0x8F, 0xE1,
    0x71, 0xB5, 0x2C, 0xEE, 0xFD, 0xFD, 0x28, 0xED, 0x6A, 0x35, 0x21, 0x16, 0x24, 0x41, 0x81, 0x2B,
    0xFD, 0x96, 0xE7, 0x14, 0xE3, 0x7A, 0xE8, 0xF1, 0xD1, 0x7E, 0x03, 0xE3, 0xB5, 0xE9, 0xCB, 0xFE,
    0x35, 0x86, 0xD1, 0xA7, 0x00, 0xF1, 0xEE, 0x1A, 0xC3, 0xBD, 0xAB, 0xDE, 0x51, 0xEC, 0xDB, 0x40,
    0x5C, 0xB3, 0x20, 0xBE, 0x98, 0x53, 0xED, 0xAB, 0xDC, 0x4A, 0x8F, 0x7B, 0x36, 0x6D, 0x59, 0xCF,
    0x38, 0xE2, 0xE9, 0x25, 0x6C, 0xDA, 0x91, 0x22, 0xAF, 0xBA, 0x86, 0x69, 0x75, 0x15, 0x7F, 0x89,
    0x2A, 0x91, 0x75, 0xAB, 0x04, 0x7B, 0x21, 0xF3, 0xC9, 0x33, 0x1A, 0x42, 0x79, 0x60, 0xC9, 0xF3,
    0xCA, 0xB5, 0xE1, 0xD5, 0x5D, 0xBA, 0x64, 0xAA, 0x64, 0x11, 0xD4, 0x89, 0x26, 0xDB, 0x1E, 0x42,
    0x7F, 0xAD, 0x44, 0x3E, 0x97, 0x6E, 0xCD, 0x37, 0xB0, 0xB8, 0x3C, 0x44, 0x62, 0x2A, 0xE8, 0x8F,
    0x76, 0x51, 0x80, 0x60, 0xFD, 0x41, 0xCB, 0x0F, 0x54, 0x40, 0x16, 0x1F, 0xB2, 0x66, 0x2F, 0xD2,
    0x00, 0x7F, 0x13, 0xF8, 0x1B, 0xC1, 0xDA, 0x00, 0xD2, 0xEF, 0xF1, 0xB1, 0x87, 0xDF, 0xB1, 0x66,
    0xD7, 0x17, 0xE2, 0x77, 0x4C, 0xB6, 0xD8, 0xE7, 0x87, 0xEC, 0x38, 0xE1, 0x71, 0x88, 0x04, 0x03,
    0x27, 0xBF, 0xB4, 0x92, 0x05, 0xF5, 0x25, 0x46, 0x7E, 0x80, 0x41, 0x27, 0x2D, 0x7B, 0xEE, 0x50,
    0x2B, 0xFD, 0x4E, 0x9E, 0x2F, 0x5F, 0x68, 0x26, 0x99, 0x83, 0x53, 0x8D, 0xE0, 0x13, 0x90, 0x88,
    0xB1, 0x05, 0xF0, 0x7B, 0x81, 0xE4, 0xC9, 0x33, 0x24, 0x5F, 0xFD, 0x7C, 0xAF, 0x1B, 0xBB, 0xE4,
    0x78, 0x2F, 0x29, 0xB9, 0x59, 0x2F, 0x29, 0x5E, 0xD4, 0x58, 0x44, 0x05, 0x8C, 0x0F, 0x7A, 0x68,
    0x7B, 0x97, 0x30, 0xD0, 0x3D, 0xD4, 0xD8, 0xAD, 0x7D, 0xBA, 0xB2, 0x0C, 0xB3, 0x77, 0x0D, 0x8F,
    0x4A, 0xDA, 0xBF, 0x46, 0xF0, 0x34, 0xFB, 0xF6, 0x52, 0x0B, 0x72, 0xC2, 0x9A, 0x18, 0x5A, 0x68,
    0xD0, 0x43, 0xA3, 0xED, 0x47, 0x7A, 0x41, 0xE9, 0xB0, 0x8D, 0xA6, 0xDE, 0xB5, 0x18, 0x55, 0xF1,
    0x1C, 0xE0, 0x9A, 0xCF, 0x76, 0xC3, 0x07, 0x37, 0x55, 0xB2, 0x61, 0xEB, 0x2E, 0x42, 0x53, 0x15,
    0xAF, 0xD3, 0xD8, 0x36, 0xC3, 0xFD, 0xA0, 0xBC, 0xD7, 0x74, 0x90, 0x9D, 0x54, 0xB8, 0x45, 0x19,
    0x38, 0x4D, 0xA8, 0x78, 0x8B, 0xD2, 0x5F, 0xA0, 0xCC, 0x76, 0xE9, 0x60, 0xA7, 0x3D, 0xE2, 0xFE,
    0x54, 0xF4, 0xC1, 0x7B, 0x95, 0x32, 0xC4, 0x45, 0x4A, 0x79, 0x49, 0xE5, 0xBD, 0x0B, 0xD7, 0x47,
    0x2E, 0xD5, 0x0C, 0xA6, 0x7D, 0x60, 0x07, 0x05, 0x8C, 0x2E, 0x06, 0xAF, 0xE0, 0x7A, 0xC8, 0xA7,
    0xCD, 0xAA, 0xC0, 0x7E, 0x9E, 0xE1, 0xD8, 0xFC, 0x17, 0x8F, 0x5E, 0x74, 0xD7, 0xF8, 0xBA, 0x70,
    0x79, 0x71, 0x01, 0xE3, 0x2A, 0x21, 0x29, 0x71, 0x48, 0x88, 0xCE, 0x19, 0x3D, 0x95, 0xE0, 0x05,
    0xDE, 0xC3, 0xE6, 0x99, 0x6B, 0xC3, 0x65, 0x90, 0x24, 0x22, 0x1A, 0xF3, 0xD6, 0x9F, 0x23, 0xD3,
    0xB8, 0xE5, 0x8F, 0x5E, 0x27, 0x38, 0x09, 0xF7, 0x24, 0xE6, 0xFD, 0x10, 0xD9, 0xDC, 0xBF, 0xA4,
    0x85, 0x27, 0xFC, 0x93, 0x6F, 0xC4, 0xAB, 0x7B, 0x78, 0x0E, 0x42, 0x29, 0x10, 0x62, 0x9F, 0x62,
    0x7E, 0x1E, 0x21, 0x36, 0x5C, 0xE6, 0x3B, 0x84, 0xBA, 0x97, 0xDA, 0x51, 0xE4, 0xCF, 0x82, 0x8D,
    0x2F, 0xC0, 0xD0, 0x7F, 0x64, 0xEB, 0x2B, 0xFE, 0xBF, 0x64, 0x78, 0x9D, 0x58, 0x69, 0x25, 0x24,
    0x2B, 0x72, 0x1E, 0x63, 0xD5, 0xE8, 0x9A, 0xFD, 0x44, 0x0C, 0x57, 0x32, 0xC3, 0x56, 0x27, 0x3D,
    0x1C, 0x59, 0x58, 0x44, 0x87, 0x5A, 0xA5, 0xA0, 0x11, 0x35, 0x43, 0xD8, 0x18, 0x1A, 0x68, 0xC3,
    0x2A, 0x5B, 0x73, 0xD1, 0xAA, 0x3A, 0xEF, 0xB5, 0xAA, 0xF2, 0xFE, 0x3B, 0xD1, 0x33, 0x84, 0xCF,
    0xE4, 0xBD, 0x2F, 0xA8, 0xB0, 0x23, 0xDE, 0xF8, 0xF6, 0x01, 0xB3, 0x96, 0x79, 0x1A, 0xBD, 0xEB,
    0x86, 0xC6, 0x65, 0xC2, 0xB8, 0x2B, 0xA8, 0x74, 0xFE, 0xFE, 0xCA, 0xD6, 0xB2, 0x71, 0x8B, 0xB1,
    0xD7, 0x87, 0xE6, 0x0B, 0xD8, 0x76, 0x7C, 0x2C, 0x59, 0xD0, 0xF2, 0x90, 0x0F, 0x34, 0xC7, 0x15,
    0x1A, 0x5E, 0xDF, 0x34, 0x6F, 0x1F, 0x20, 0x69, 0x08, 0xA5, 0x21, 0x96, 0x86, 0x60, 0x1A, 0xA2,
    0xC9, 0x62, 0x4F, 0x65, 0x88, 0xA7, 0x21, 0xA0, 0x8A, 0xA8, 0x42, 0xAA, 0x98, 0x2A, 0xA8, 0x8A,
    0xAA, 0x2F, 0x44, 0x6D, 0xF7, 0xED, 0xD8, 0x01, 0x70, 0xC6, 0x98, 0x93, 0xD0, 0x5E, 0xE5, 0x0E,
    0x9C, 0x00, 0xCC, 0xA8, 0xCE, 0x2E, 0xF7, 0x76, 0x79, 0x05, 0x85, 0xCD, 0x65, 0xF5, 0x2E, 0xEA,
    0x1A, 0x3C, 0x61, 0xD4, 0x79, 0x45, 0xBA, 0xF4, 0xC9, 0xBC, 0x46, 0x1F, 0x74, 0x5A, 0x5A, 0x07,
    0x1F, 0x3D, 0xD1, 0x70, 0xD7, 0xC7, 0x35, 0xCC, 0xB9, 0xD4, 0x31, 0xC6, 0x7A, 0x73, 0xF3, 0x3B,
    0xB6, 0xA6, 0x23, 0xEF, 0xDA, 0x4B, 0xBC, 0x10, 0x78, 0xA4, 0x8C, 0x9B, 0x51, 0x6E, 0xAF, 0x20,
    0x14, 0xB4, 0xA4, 0xC1, 0xD0, 0xB6, 0xA1, 0xAE, 0x54, 0xB8, 0xE2, 0x54, 0x17, 0x38, 0x7A, 0x70,
    0x26, 0x9A, 0xDE, 0xAA, 0x40, 0xED, 0xC3, 0xC5, 0xC4, 0x63, 0xF9, 0x50, 0x52, 0xF7, 0xC1, 0xFD,
    0x6A, 0x32, 0xC9, 0x9F, 0xDC, 0xAF, 0x27, 0x09, 0xDA, 0xCF, 0x7E, 0x2B, 0xD9, 0xFB, 0x37, 0xDF,
    0xFC, 0xB7, 0x68, 0xE3, 0xD7, 0x5F, 0x7E, 0xD5, 0x9B, 0xEC, 0xEB, 0x4F, 0x1F, 0x77, 0x22, 0x42,
    0xFC, 0xB8, 0x15, 0x8B, 0x80, 0x34, 0xC5, 0x4E, 0xA4, 0xB8, 0xDF, 0xE9, 0x1B, 0x5B, 0xCA, 0x8E,
    0xB4, 0x09, 0xD5, 0xB0, 0x9E, 0xB2, 0x05, 0x8B, 0x27, 0xB5, 0x8C, 0xA4, 0x11, 0x1A, 0x08, 0xCC,
    0xE1, 0x80, 0x9C, 0xA5, 0xF2, 0x5D, 0xD5, 0xF8, 0xEA, 0x04, 0x27, 0x2C, 0x87, 0x73, 0x26, 0x16,
    0x70, 0xCA, 0xDB, 0xBF, 0x12, 0xD2, 0x2C, 0xB8, 0xBE, 0xE1, 0x92, 0xDE, 0x7E, 0xEC, 0xD2, 0xDE,
    0x7E, 0xE2, 0xD2, 0xD6, 0x7E, 0xE0, 0xB2, 0xC6, 0xA6, 0x2E, 0x6F, 0xCA, 0xBC, 0xB4, 0x45, 0x59,
    0xDA, 0x52, 0x12, 0x82, 0xFC, 0x81, 0x29, 0x27, 0x94, 0x28, 0x50, 0x46, 0xAC, 0xBB, 0xDC, 0xF7,
    0x06, 0xD7, 0x05, 0xAE, 0x80, 0x18, 0x6E, 0xC3, 0xAC, 0xF2, 0x80, 0x46, 0xAC, 0x7F, 0xE2, 0x7E,
    0x67, 0xDA, 0x20, 0x8E, 0x58, 0x93, 0x10, 0x6E, 0x2C, 0xC1, 0xAD, 0xEC, 0x50, 0x99, 0x68, 0xF0,
    0x9D, 0x09, 0x05, 0x57, 0x3B, 0xEF, 0x68, 0xCA, 0xD8, 0x67, 0x86, 0x5D, 0x39, 0xE0, 0x9B, 0x19,
    0x06, 0x6C, 0xF6, 0x33, 0x46, 0xF0, 0xD3, 0x76, 0x5F, 0xAC, 0xF5, 0x91, 0xEA, 0xD1, 0xB0, 0xFD,
    0x59, 0xA5, 0x88, 0xAD, 0xB6, 0x41, 0x8C, 0x14, 0x24, 0xA2, 0xA4, 0x30, 0x79, 0x9C, 0x36, 0xA0,
    0x38, 0x48, 0xA6, 0x5F, 0x91, 0x31, 0xE0, 0x8E, 0x82, 0xB0, 0xC4, 0xAF, 0x73, 0xF0, 0x5B, 0x32,
    0x42, 0x1B, 0xB5, 0xF6, 0xA8, 0x09, 0x65, 0x07, 0x89, 0x8B, 0x79, 0x39, 0x46, 0xBB, 0xB4, 0x73,
    0x7E, 0x75, 0x84, 0xF6, 0xA3, 0x69, 0x98, 0xE5, 0xB6, 0x09, 0x05, 0xC4, 0xBD, 0x7B, 0x1D, 0xED,
    0xDA, 0xBF, 0xF8, 0x06, 0xAB, 0x44, 0x3C, 0x20, 0x37, 0x96, 0xBA, 0xA7, 0xDF, 0x1A, 0x92, 0xAB,
    0x29, 0xC9, 0x91, 0xCB, 0xD5, 0x0D, 0xC2, 0xB6, 0x87, 0x20, 0xBF, 0x70, 0xC8, 0xEE, 0xEE, 0x1F,
    0xF8, 0xD4, 0xEB, 0x83, 0xB6, 0xDA, 0x83, 0x56, 0xEF, 0x5C, 0xEB, 0x01, 0x13, 0xA5, 0xD3, 0x70,
    0xEC, 0xDE, 0x41, 0x47, 0x66, 0xC5, 0x30, 0xBA, 0xD0, 0x7E, 0x86, 0xB5, 0x23, 0xD3, 0xD7, 0xE2,
    0x34, 0x3B, 0xAA, 0xDB, 0xED, 0x02, 0x94, 0xA6, 0xD7, 0xE9, 0x1E, 0x6C, 0xC4, 0x54, 0xB3, 0x5F,
    0xED, 0x06, 0xCD, 0xC6, 0x0B, 0x6F, 0xEE, 0x0A, 0x7D, 0x5A, 0xDC, 0xD3, 0xA0, 0xB7, 0xE4, 0x54,
    0xF5, 0xEE, 0x52, 0xC3, 0xE5, 0x2B, 0x3E, 0x07, 0x77, 0xFF, 0x46, 0x5F, 0x73, 0xF4, 0xDF, 0xCC,
    0xB1, 0xEA, 0x54, 0xF9, 0x9C, 0xFF, 0x15, 0x39, 0x2F, 0xBC, 0x7E, 0x0F, 0x88, 0xDD, 0x4A, 0x17,
    0x2F, 0xD9, 0xCD, 0x7A, 0xB3, 0xB0, 0xBB, 0xBF, 0x2B, 0x08, 0x16, 0x5E, 0xC6, 0xE0, 0xE2, 0x97,
    0x38, 0x5C, 0x21, 0x76, 0x27, 0xEC, 0xCF, 0x50, 0x13, 0x9D, 0x7F, 0xA3, 0x97, 0xE7, 0xF4, 0xBB,
    0x74, 0x88, 0xA0, 0x6A, 0xDF, 0x4F, 0x6E, 0x2E, 0x82, 0x97, 0xAC, 0x18, 0x5F, 0xA5, 0xF6, 0xF9,
    0xAF, 0x9B, 0x88, 0xD5, 0x56, 0xE9, 0x45, 0x86, 0xF5, 0x0E, 0x43, 0xDD, 0xBD, 0xB9, 0xEB, 0x7E,
    0xF6, 0x67, 0x25, 0x2A, 0x9E, 0x2F, 0xA9, 0xFB, 0x9A, 0xBA, 0xEF, 0x0D, 0xF5, 0x42, 0xFB, 0xE2,
    0xBA, 0x87, 0xCD, 0x63, 0xE0, 0x2F, 0x92, 0xFB, 0x46, 0x59, 0x5F, 0x67, 0xF7, 0xB0, 0xAD, 0x05,
    0x74, 0x5F, 0x24, 0xD6, 0x8E, 0xD4, 0xB5, 0xFE, 0xEF, 0x53, 0x18, 0xDF, 0x7A, 0xAE, 0x3C, 0xE8,
    0xE4, 0x6F, 0xF8, 0x05, 0x50, 0x39, 0x72, 0x6D, 0xC9, 0xB1, 0xDA, 0xF0, 0x9B, 0x2B, 0x5F, 0xFF,
    0x07, 0xCD, 0x5B, 0x31, 0x93, 0xDE, 0xD6, 0x75, 0x7D, 0xF8, 0xE0, 0x10, 0xA2, 0xE1, 0x0C, 0x52,
    0x24, 0x33, 0x9A, 0x30, 0x33, 0x50, 0xC1, 0x22, 0xC9, 0x8C, 0x0D, 0x17, 0x2E, 0x33, 0xC1, 0x27,
    0x6B, 0x26, 0x2A, 0x54, 0x50, 0xFF, 0xC0, 0x4C, 0x97, 0x8E, 0x7F, 0x20, 0x26, 0x20, 0xA9, 0x50,
    0x91, 0x22, 0x3B, 0x93, 0x1F, 0x20, 0x39, 0x93, 0x32, 0x33, 0x6E, 0x5C, 0xA4, 0x10, 0x17, 0x10,
    0x59, 0xA8, 0x50, 0x21, 0x48, 0x2A, 0x52, 0xB8, 0x10, 0x6C, 0x51, 0xE3, 0x22, 0x85, 0x40, 0x11,
    0x89, 0xB0, 0x22, 0x80, 0x97, 0x73, 0xCE, 0x05, 0xF0, 0x7D, 0xBB, 0xA2, 0x6D, 0x2A, 0xF1, 0x8A,
    0xDC, 0x91, 0xEE, 0xEE, 0x7E, 0x04, 0xDE, 0xBB, 0xEF, 0xBE, 0xFB, 0xCE, 0x3D, 0xF7, 0xDE, 0xB7,
    0xCE, 0x39, 0x57, 0xD5, 0x8E, 0xB2, 0xA4, 0xF4, 0x7B, 0xE7, 0x6E, 0x7D, 0xE6, 0x9D, 0x8B, 0xBC,
    0x9F, 0x9C, 0x4B, 0xBD, 0x1F, 0x9C, 0x2B, 0xBC, 0x6F, 0xF1, 0x4F, 0x4D, 0xD5, 0xB8, 0x9D, 0xDF,
    0xE7, 0xAD, 0x0B, 0x67, 0x97, 0x77, 0x2E, 0x1E, 0x29, 0x93, 0x81, 0x32, 0xED, 0x1D, 0x3E, 0xCF,
    0x3A, 0x4A, 0xFC, 0x9A, 0x37, 0xFC, 0xA1, 0x68, 0xF8, 0x03, 0x86, 0xC7, 0x0F, 0x9E, 0x32, 0xC0,
    0xF0, 0x45, 0x1D, 0x62, 0xF8, 0xA2, 0x89, 0x66, 0xC8, 0x36, 0x19, 0x1D, 0x9E, 0x2F, 0x30, 0x49,
    0xE6, 0x7D, 0xE7, 0x5C, 0xE2, 0xF1, 0x20, 0x26, 0x9F, 0xA5, 0x52, 0xEB, 0xEC, 0xCB, 0x53, 0x04,
    0x92, 0xBB, 0x99, 0x3F, 0xFD, 0xCB, 0xA8, 0x17, 0xF0, 0x9A, 0xE7, 0x6B, 0xA1, 0xE7, 0x6B, 0x91,
    0xE7, 0xC8, 0xC9, 0xC8, 0x59, 0xB2, 0x8E, 0x12, 0x9A, 0x50, 0x2E, 0xF3, 0x72, 0x00, 0x9B, 0xBD,
    0xAA, 0x43, 0xCE, 0xDE, 0x70, 0xF6, 0x42, 0xB3, 0xE7, 0x9A, 0x3D, 0xD3, 0xEC, 0x89, 0x66, 0x0F,
    0x7C, 0xB3, 0xCC, 0xBE, 0x1B, 0x29, 0xC3, 0x23, 0x99, 0xF4, 0x18, 0x22, 0x81, 0x51, 0x7C, 0x99,
    0xFA, 0x12, 0x73, 0x60, 0xF9, 0x18, 0x3D, 0x6B, 0x61, 0x1F, 0x2E, 0x99, 0xF6, 0xA9, 0x5D, 0x38,
    0x61, 0x3A, 0x17, 0x8D, 0x34, 0x2D, 0x6C, 0x05, 0x1D, 0x60, 0x2B, 0x6A, 0xD8, 0x53, 0x93, 0xA4,
    0xE3, 0x52, 0xD2, 0x8E, 0x9A, 0x64, 0x2D, 0x9E, 0xC5, 0x8B, 0x11, 0xAD, 0x51, 0xC7, 0xD4, 0xAA,
    0x4E, 0x68, 0xF8, 0x3A, 0xED, 0xA8, 0x2D, 0xD6, 0x01, 0x6D, 0x61, 0x7E, 0x6E, 0x45, 0x2D, 0x6D,
    0xF7, 0xD4, 0x73, 0xA2, 0x76, 0x7E, 0xB5, 0x52, 0xAE, 0x7D, 0xCC, 0xB5, 0x8F, 0xD5, 0xDE, 0x2C,
    0x06, 0x7D, 0xF1, 0x54, 0x04, 0x9B, 0xF4, 0x2E, 0x1E, 0x76, 0xD4, 0xA1, 0xE7, 0x5C, 0x49, 0xC7,
    0x95, 0xA4, 0x1D, 0x67, 0xCC, 0xDA, 0x98, 0x16, 0x68, 0xB0, 0x2A, 0x8C, 0x91, 0x74, 0x87, 0x79,
    0xB1, 0x20, 0x28, 0x9F, 0xB7, 0xD2, 0x81, 0xB2, 0xA1, 0x51, 0x2A, 0xB9, 0x43, 0x2E, 0x99, 0xF9,
    0xCF, 0xF1, 0x64, 0x34, 0x25, 0x6F, 0xBB, 0xE3, 0xAF, 0xE7, 0xDC, 0x09, 0xBF, 0x65, 0x61, 0xC7,
    0x6F, 0xE9, 0x5B, 0x52, 0x31, 0xA6, 0xD2, 0x50, 0x78, 0xB0, 0x67, 0x1A, 0x77, 0xE1, 0x2B, 0x9E,
    0xB1, 0x3C, 0xFA, 0x5C, 0x5D, 0xD1, 0x26, 0xBE, 0xE5, 0xFA, 0xF2, 0x1B, 0x1D, 0xED, 0x9F, 0x47,
    0x5D, 0x08, 0xF5, 0x8A, 0xA8, 0x8B, 0x30, 0xE4, 0x69, 0xD8, 0x25, 0x78, 0x7D, 0x0A, 0xBB, 0x14,
    0x6B, 0x1E, 0xA3, 0x2E, 0xDF, 0xBB, 0x00, 0xDF, 0x0A, 0x6E, 0x56, 0xDC, 0xE2, 0xB5, 0x70, 0x88,
    0x7F, 0x85, 0xD7, 0xC2, 0x3E, 0xF9, 0x18, 0xD3, 0x45, 0x5D, 0x72, 0x0F, 0xAF, 0xC5, 0x5D, 0xFA,
    0x3E, 0x34, 0x49, 0xDA, 0xFC, 0x06, 0xB7, 0xB9, 0xC9, 0x33, 0xD8, 0x2A, 0xA9, 0x4F, 0x73, 0xEA,
    0x58, 0x8F, 0xA7, 0xD4, 0xF8, 0x8D, 0x81, 0x46, 0xCD, 0x5F, 0x79, 0xC0, 0x8D, 0xCE, 0xFD, 0x3D,
    0xCF, 0xCD, 0x98, 0x43, 0x1D, 0x83, 0xFB, 0x11, 0xAC, 0xA8, 0xAF, 0xEB, 0x57, 0xA5, 0xEE, 0x4F,
    0x0B, 0xA9, 0x9B, 0xC9, 0x1B, 0xDB, 0xA4, 0x95, 0xBA, 0xE1, 0x5E, 0xEA, 0xF2, 0xB1, 0xC2, 0xBE,
    0x9D, 0x86, 0x0F, 0xF8, 0xFE, 0x14, 0x7E, 0xC1, 0xF7, 0xC7, 0xE8, 0x21, 0x7C, 0x8D, 0xEA, 0xE2,
    0x05, 0xAA, 0x8B, 0x35, 0x40, 0xDD, 0x16, 0x6B, 0x80, 0xBA, 0x4D, 0x25, 0x75, 0xEB, 0x49, 0xEA,
    0xDE, 0x1D, 0xA5, 0xEE, 0x4B, 0x9D, 0xD4, 0x8D, 0x5B, 0xA9, 0x9B, 0xD4, 0x52, 0x97, 0xCA, 0x43,
    0xDD, 0x5C, 0xEA, 0x76, 0xA7, 0x52, 0xB7, 0x36, 0x75, 0x03, 0x7D, 0xBB, 0xBF, 0xF3, 0x32, 0x75,
    0x28, 0xA5, 0xA3, 0xEE, 0xE6, 0xF3, 0x94, 0x5C, 0x5F, 0xDC, 0x16, 0x3D, 0x47, 0xA4, 0xF5, 0x92,
    0xFA, 0xAA, 0x96, 0xAF, 0xFD, 0xA2, 0xEF, 0x64, 0xD5, 0xCB, 0xF4, 0x6C, 0x1F, 0xFB, 0x66, 0xE7,
    0x7D, 0xE2, 0xEB, 0xA8, 0xA3, 0x3B, 0x27, 0x0D, 0xDC, 0x99, 0xF3, 0xBA, 0xD9, 0x65, 0xAF, 0x8D,
    0xD8, 0x94, 0xFC, 0xC7, 0x03, 0x86, 0x2E, 0xC2, 0x3E, 0xEE, 0x96, 0x1D, 0x39, 0x8D, 0xBA, 0xAC,
    0x76, 0x93, 0xD6, 0x32, 0xC5, 0x0D, 0x76, 0x71, 0x4A, 0xDE, 0x85, 0x2A, 0x55, 0x7A, 0x4F, 0x30,
    0xF2, 0x1E, 0x16, 0x9E, 0xFB, 0x7F, 0x82, 0x8C, 0xCF, 0x62, 0xBA, 0x0F, 0x57, 0x54, 0x50, 0x13,
    0x18, 0x89, 0xAA, 0x38, 0x37, 0x9B, 0x2E, 0x50, 0x12, 0x23, 0x05, 0xA3, 0xFC, 0x59, 0x0E, 0xB0,
    0x97, 0xE3, 0xE4, 0xB6, 0x1C, 0xBC, 0x43, 0xD7, 0x3A, 0xE5, 0x82, 0xF4, 0x30, 0x07, 0x1A, 0x35,
    0x10, 0xDF, 0xC1, 0x40, 0x7C, 0x98, 0x86, 0xED, 0xB5, 0x2A, 0x3E, 0x8C, 0x11, 0xF8, 0x70, 0x4E,
    0xC3, 0xDA, 0xAC, 0xAD, 0xCD, 0xDA, 0x68, 0x84, 0x54, 0x47, 0x15, 0xFB, 0xD8, 0x73, 0x93, 0x72,
    0xFF, 0x80, 0xAE, 0x9E, 0xFB, 0x2F, 0xCE, 0x56, 0x14, 0xE8, 0xF8, 0x24, 0x4E, 0x25, 0x06, 0xCF,
    0x7A, 0x3E, 0x0E, 0xB4, 0xC3, 0xD0, 0xF8, 0x35, 0x97, 0x5F, 0xE7, 0x7A, 0xAC, 0x90, 0xC6, 0xA7,
    0x9A, 0x6E, 0xD2, 0xAF, 0x90, 0x95, 0xB4, 0x9A, 0xB5, 0x90, 0x09, 0x9B, 0x4D, 0x5D, 0xA1, 0x19,
    0x3E, 0x84, 0x46, 0xD0, 0x14, 0x0A, 0xE1, 0x57, 0xAC, 0x21, 0xD4, 0x24, 0xF8, 0x10, 0xA3, 0xE2,
    0x57, 0x4C, 0x82, 0x5F, 0x97, 0x49, 0xFC, 0x98, 0x4A, 0xE2, 0xD7, 0xC2, 0x0F, 0xC7, 0x73, 0x72,
    0xEF, 0x83, 0x17, 0xE9, 0xB7, 0xF2, 0x53, 0x00, 0x61, 0x27, 0x60, 0xD8, 0x6F, 0x70, 0x80, 0xA7,
    0xEF, 0x50, 0x99, 0x1D, 0xC1, 0xCF, 0x11, 0x02, 0x67, 0xC2, 0x13, 0x94, 0xD9, 0x49, 0x8D, 0x03,
    0xCA, 0x0D, 0x9C, 0xDD, 0x94, 0x89, 0xA4, 0x4C, 0x2C, 0x65, 0x92, 0x4D, 0x99, 0x9A, 0x3F, 0x60,
    0xD4, 0x4C, 0xEB, 0xC6, 0x0F, 0x85, 0x86, 0xAF, 0xB4, 0xD6, 0xD3, 0x75, 0xC5, 0xA7, 0xDA, 0x0E,
    0xAF, 0xB1, 0x7D, 0xC9, 0xCD, 0xA8, 0xE8, 0x2C, 0x2E, 0xEF, 0xB9, 0x15, 0x57, 0x3A, 0x3B, 0x18,
    0xB1, 0x70, 0x81, 0xDB, 0xEE, 0xFE, 0xA4, 0xA0, 0xA2, 0x85, 0x30, 0x5E, 0xB8, 0xB6, 0xA0, 0x7F,
    0xDC, 0xE4, 0xE6, 0x21, 0x85, 0xED, 0xD5, 0xA9, 0x3C, 0x04, 0xBE, 0x48, 0x0F, 0x69, 0x46, 0x79,
    0xC8, 0x87, 0xA3, 0x3C, 0xE4, 0xA3, 0x41, 0x1E, 0xF2, 0x69, 0x2F, 0x0F, 0xF9, 0xB4, 0xE3, 0x4C,
    0xD5, 0x6F, 0x34, 0xD5, 0xFC, 0x5F, 0x1D, 0xE7, 0x9A, 0x3E, 0x6F, 0xE9, 0x21, 0xD3, 0xE7, 0x0D,
    0x3D, 0xE4, 0xCC, 0xD7, 0xF4, 0x90, 0xFF, 0xC6, 0x01, 0x86, 0x87, 0x3C, 0xF0, 0x25, 0x3D, 0xE4,
    0x01, 0x02, 0x1C, 0x66, 0x7D, 0xE0, 0x35, 0xEB, 0xAF, 0xBC, 0x66, 0xFD, 0x70, 0x96, 0x87, 0xBC,
    0x3B, 0xC9, 0x43, 0xDE, 0x1D, 0x2B, 0xAE, 0xE4, 0xB5, 0x51, 0x1E, 0xB2, 0x1F, 0xE6, 0x83, 0x87,
    0xA4, 0xE5, 0x04, 0x0F, 0x49, 0xCB, 0x31, 0x1D, 0x78, 0x48, 0x80, 0xA2, 0xF9, 0xDD, 0x91, 0x9B,
    0x47, 0xFF, 0x77, 0xC5, 0x3D, 0x9E, 0xC4, 0xEA, 0xBD, 0x0E, 0xF3, 0xF9, 0xF7, 0x09, 0x5A, 0xFE,
    0x83, 0x36, 0x07, 0x4C, 0x7F, 0xD0, 0x70, 0x6B, 0x3E, 0xA9, 0x4F, 0x5D, 0xF8, 0xE8, 0x13, 0x1C,
    0xFD, 0xF0, 0xCB, 0xCF, 0x4B, 0xF8, 0xC6, 0x43, 0xFF, 0xE2, 0xE8, 0xE2, 0x87, 0x1E, 0xCB, 0x4A,
    0x3E, 0xF5, 0x58, 0x55, 0xF2, 0xF1, 0x4C, 0x0F, 0xB9, 0x37, 0x61, 0x4D, 0xE9, 0x3D, 0x40, 0x07,
    0x00, 0x60, 0xC4, 0x8A, 0xF2, 0x97, 0x24, 0xC3, 0x01, 0xEB, 0xC1, 0x79, 0x84, 0xC4, 0x79, 0xCC,
    0xCE, 0x7B, 0xE5, 0xE6, 0x21, 0xA3, 0xE4, 0xC1, 0x43, 0xF8, 0x4F, 0xC2, 0x89, 0x48, 0x66, 0x8F,
    0x25, 0x13, 0xF3, 0x86, 0xF6, 0x1C, 0x40, 0x5F, 0xF3, 0x7B, 0x4C, 0xE3, 0x3D, 0xAD, 0x87, 0x78,
    0x99, 0xD6, 0xC1, 0x18, 0x63, 0x2D, 0x3B, 0x01, 0x70, 0x38, 0x40, 0xC2, 0x73, 0x88, 0xC2, 0x11,
    0xAC, 0x7D, 0x0A, 0xCF, 0x21, 0x66, 0x24, 0x6D, 0x02, 0xCC, 0x00, 0xD6, 0x00, 0x08, 0xD2, 0x3A,
    0x7B, 0x1D, 0xE6, 0xA9, 0xF3, 0x97, 0x7A, 0x78, 0x35, 0x61, 0x2D, 0xDF, 0x13, 0x23, 0x73, 0x57,
    0x61, 0x2D, 0x85, 0x9B, 0x89, 0x21, 0xC0, 0x0C, 0x81, 0xD1, 0x11, 0x24, 0xED, 0xAB, 0xCD, 0x2D,
    0x02, 0x79, 0x78, 0x50, 0x29, 0xBE, 0xB8, 0x17, 0x76, 0x94, 0x03, 0x5F, 0x08, 0xE6, 0x82, 0x2F,
    0x54, 0xF2, 0xA0, 0x4C, 0x0B, 0x4A, 0x14, 0x62, 0xC2, 0xA3, 0x15, 0x14, 0x72, 0xBB, 0x65, 0xF1,
    0xDD, 0x66, 0x88, 0x58, 0xB8, 0x9E, 0x3E, 0xA2, 0xCC, 0x7F, 0x49, 0x59, 0xBC, 0xC7, 0x11, 0xFC,
    0x9B, 0x03, 0x67, 0x8C, 0x20, 0xC3, 0x99, 0x32, 0x1A, 0xE9, 0x01, 0xC9, 0x10, 0x6D, 0xC1, 0x33,
    0x97, 0x44, 0x58, 0x1E, 0xC5, 0x45, 0x46, 0x3C, 0x4E, 0xB9, 0x93, 0x44, 0x6C, 0xC7, 0xBF, 0xC6,
    0xFA, 0x0F, 0x7E, 0x01, 0x99, 0x19, 0x6D, 0x6A, 0x29, 0x9D, 0x7B, 0xDE, 0x61, 0x75, 0xB7, 0xE5,
    0xA7, 0x6F, 0x89, 0x7E, 0x10, 0x8F, 0xE7, 0x0D, 0xB2, 0xEB, 0x55, 0xED, 0xEA, 0xAB, 0x3D, 0x99,
    0x51, 0x27, 0x26, 0xC6, 0xA1, 0x9B, 0xC8, 0x97, 0x60, 0x20, 0x13, 0x68, 0x15, 0xB0, 0x08, 0x9E,
    0x4B, 0xBA, 0x93, 0x03, 0xAF, 0x8D, 0xE0, 0x14, 0xE4, 0x37, 0x55, 0x8D, 0x0D, 0x2D, 0x1A, 0xEC,
    0x67, 0xD1, 0x65, 0x13, 0xE3, 0xF5, 0x44, 0x82, 0x33, 0x63, 0xA4, 0x47, 0x38, 0x98, 0xFE, 0xE4,
    0x33, 0x5A, 0xC1, 0x5D, 0xD7, 0x09, 0x7C, 0x87, 0xEB, 0x7F, 0x38, 0x09, 0x3C, 0x7A, 0x59, 0xA7,
    0x5E, 0x91, 0xC5, 0xE9, 0x11, 0xFB, 0x4A, 0x44, 0xB4, 0xC0, 0x0A, 0xC1, 0x7A, 0x30, 0x16, 0xC9,
    0x15, 0xE4, 0xE6, 0x2F, 0x89, 0xCC, 0x9E, 0x4A, 0xF9, 0x4C, 0xA6, 0xCE, 0x4D, 0xCA, 0x8F, 0x0A,
    0x6D, 0x87, 0xB1, 0x4D, 0x1B, 0xDE, 0x97, 0xDA, 0xD1, 0xBD, 0x26, 0xD4, 0x5E, 0x99, 0xD4, 0x89,
    0x0A, 0xE5, 0x88, 0x91, 0xC5, 0x61, 0x4E, 0x62, 0xB2, 0xE0, 0x12, 0xC8, 0x41, 0xA6, 0xC5, 0x80,
    0xB7, 0xE1, 0xA5, 0xD5, 0x4F, 0x3A, 0x59, 0x8F, 0xC6, 0x93, 0xED, 0xCC, 0x74, 0x39, 0x9C, 0x25,
    0xC7, 0x7A, 0x0A, 0x98, 0xAE, 0xE2, 0x4E, 0x53, 0x91, 0x9C, 0x34, 0xAA, 0x36, 0x45, 0xA8, 0x00,
    0xFE, 0xA7, 0x0A, 0x54, 0x80, 0xFF, 0x87, 0xBE, 0xDC, 0xC3, 0xC4, 0xE0, 0x8C, 0x38, 0xDE, 0x15,
    0xFE, 0x4F, 0x67, 0xE8, 0x77, 0xD5, 0xDD, 0xC4, 0x92, 0x02, 0x9E, 0xFB, 0x5F, 0xD2, 0x03, 0x18,
    0xBC, 0x42, 0x2A, 0x6E, 0xE0, 0x79, 0x73, 0x35, 0xD0, 0x2D, 0xBA, 0x0A, 0xED, 0x92, 0xD2, 0x50,
    0x22, 0xCE, 0xBE, 0x2D, 0xBA, 0x9D, 0x2F, 0xB3, 0x1E, 0x8B, 0x4B, 0x7B, 0x7A, 0x42, 0x9F, 0x50,
    0xC0, 0x4C, 0x69, 0x9F, 0x91, 0x3A, 0xC3, 0x48, 0x59, 0x27, 0xE2, 0x2C, 0xDE, 0x0C, 0x3B, 0x15,
    0x4D, 0x41, 0xE2, 0x0C, 0x35, 0x7D, 0x59, 0x68, 0x5B, 0x5B, 0xF0, 0xE5, 0xBC, 0x07, 0xD3, 0x80,
    0xD9, 0x7B, 0xEE, 0x43, 0x43, 0x8A, 0x0E, 0x05, 0xAA, 0xFB, 0x76, 0x10, 0xF0, 0xE3, 0x18, 0xD7,
    0x3C, 0x06, 0xA2, 0x89, 0xF8, 0x95, 0xB4, 0xC4, 0x20, 0x76, 0xB7, 0x9C, 0x73, 0x9C, 0x9B, 0x96,
    0x8C, 0x65, 0x92, 0x01, 0xE5, 0xA4, 0x65, 0xE4, 0x5F, 0xF4, 0x35, 0x14, 0x02, 0x18, 0xF6, 0x46,
    0x35, 0x21, 0xD6, 0xC9, 0x4D, 0x83, 0xAA, 0xA6, 0x06, 0xF0, 0x39, 0x7A, 0xD2, 0xC8, 0x7D, 0xE8,
    0xA9, 0x06, 0x62, 0x03, 0x37, 0x24, 0x30, 0x0D, 0x9E, 0x73, 0xAF, 0xC2, 0x38, 0x3B, 0x1A, 0xF9,
    0x83, 0x9E, 0x93, 0x34, 0x3C, 0x57, 0x1B, 0xDF, 0x3B, 0x59, 0x5D, 0x99, 0xFE, 0xE9, 0xE9, 0x9F,
    0x98, 0x7A, 0x82, 0xE1, 0xE3, 0x11, 0x83, 0x27, 0x23, 0x3E, 0x4D, 0x06, 0x7C, 0x9A, 0xF6, 0xF0,
    0xDA, 0xAC, 0x53, 0x6E, 0x91, 0xF0, 0xA4, 0x30, 0xBF, 0x68, 0xA0, 0x5A, 0x51, 0x67, 0x9D, 0xE9,
    0xE7, 0xC9, 0x48, 0xE9, 0xEE, 0x01, 0xB5, 0xDA, 0x2D, 0xEE, 0xBE, 0x78, 0x7A, 0x7A, 0xD0, 0xAF,
    0xA5, 0x7E, 0xD8, 0xDC, 0x4A, 0x0A, 0xDC, 0xDC, 0x11, 0xE7, 0x12, 0xB0, 0x89, 0x49, 0xBB, 0x4F,
    0xD5, 0xF2, 0x61, 0x45, 0x89, 0x15, 0x24, 0xC8, 0xDF, 0x3B, 0xE8, 0x92, 0xB7, 0x1A, 0x12, 0xBA,
    0x54, 0xE4, 0xE3, 0x66, 0xA1, 0x32, 0x19, 0x02, 0x72, 0x7D, 0x3C, 0x94, 0xF1, 0xA1, 0x8C, 0xE4,
    0x3D, 0x6F, 0xF1, 0x10, 0x04, 0x75, 0xA5, 0xD6, 0xBD, 0x59, 0x48, 0x1B, 0x35, 0xF1, 0xAC, 0x21,
    0xEC, 0xFB, 0xD7, 0x68, 0xA2, 0x94, 0x27, 0x2B, 0x93, 0x1B, 0x0A, 0x75, 0xF8, 0xF5, 0x8F, 0x11,
    0x66, 0x9F, 0xC1, 0xB9, 0x03, 0x0A, 0xF7, 0x1F, 0x71, 0x7D, 0x84, 0x56, 0xBE, 0xC4, 0x19, 0xF0,
    0x7B, 0x9A, 0xC9, 0xAD, 0x66, 0x9A, 0x69, 0xA6, 0x89, 0x66, 0x1A, 0x37, 0x33, 0x0D, 0x34, 0x13,
    0x2C, 0xD4, 0xA4, 0xB4, 0x10, 0xCC, 0xE4, 0x57, 0x33, 0x41, 0xDD, 0x27, 0xB7, 0x50, 0xC5, 0x43,
    0xE9, 0x4D, 0x94, 0x6B, 0x48, 0x4B, 0x71, 0x04, 0x7B, 0x44, 0xF9, 0xB8, 0x47, 0x80, 0x0E, 0xDB,
    0x1F, 0x1C, 0xA9, 0x77, 0x99, 0xB6, 0x32, 0xCC, 0xB9, 0x4D, 0x41, 0x36, 0xFF, 0xEB, 0x01, 0xE8,
    0xD9, 0xFF, 0xEB, 0x64, 0x79, 0x4B, 0xD4, 0x04, 0x0B, 0x0F, 0x3F, 0x76, 0xA4, 0x88, 0x16, 0x32,
    0x33, 0xD1, 0x91, 0x94, 0xE7, 0x3C, 0xCE, 0x9B, 0x8A, 0x46, 0x8E, 0x7E, 0x6C, 0xA6, 0x83, 0x37,
    0x85, 0x07, 0x5B, 0x8D, 0xE7, 0xBD, 0x5D, 0xB6, 0x42, 0x9A, 0x51, 0xD9, 0xD4, 0xCF, 0x53, 0xFC,
    0xED, 0x9A, 0x38, 0x2B, 0x37, 0x0D, 0xD7, 0xF3, 0x16, 0xDF, 0x7D, 0x1D, 0xC7, 0xBA, 0x45, 0xC0,
    0x90, 0x88, 0xCB, 0xE3, 0x38, 0x7A, 0x99, 0x56, 0xDB, 0xFD, 0x9D, 0x00, 0x7C, 0x11, 0xBB, 0x2F,
    0xC6, 0x77, 0x5C, 0x34, 0xFC, 0x0C, 0x41, 0x68, 0x08, 0x66, 0x06, 0xF3, 0xE1, 0xD8, 0xB9, 0x7E,
    0xFB, 0x19, 0x4C, 0x68, 0xB5, 0xB4, 0x53, 0xB8, 0xBA, 0x70, 0x06, 0x37, 0x0F, 0x5B, 0xAC, 0xD6,
    0x7E, 0xA3, 0x33, 0x78, 0x9D, 0x40, 0x74, 0x87, 0x81, 0x5D, 0x00, 0x95, 0xD2, 0x60, 0xD1, 0xD3,
    0x34, 0x18, 0xE3, 0xAF, 0x34, 0x50, 0x6A, 0xB0, 0x7B, 0x20, 0x83, 0xFD, 0xFD, 0x0C, 0x5F, 0xDB,
    0x4D, 0x47, 0x06, 0x7B, 0x6A, 0x6E, 0xF6, 0xDC, 0x16, 0x84, 0xFD, 0x42, 0xE3, 0x17, 0x46, 0xA4,
    0x1C, 0xF0, 0xA5, 0x97, 0x1B, 0x4B, 0xD8, 0x25, 0x32, 0x77, 0x0C, 0x1E, 0x97, 0x68, 0xB5, 0x6B,
    0xFE, 0x84, 0x2C, 0x67, 0x12, 0xE1, 0xD9, 0x3B, 0x51, 0x02, 0x2C, 0xAB, 0x5D, 0xC3, 0x3D, 0x44,
    0x50, 0x19, 0x59, 0xE9, 0x58, 0x99, 0x69, 0x93, 0xF9, 0xD5, 0xBC, 0x81, 0x21, 0x0A, 0x06, 0x16,
    0x92, 0x15, 0xC4, 0x05, 0xD1, 0x91, 0x94, 0x8B, 0x5E, 0x1C, 0xE4, 0xBE, 0xDB, 0x30, 0xC8, 0x40,
    0x68, 0x91, 0x07, 0x1C, 0x22, 0x10, 0xE1, 0x13, 0x21, 0xD1, 0x05, 0x28, 0xB2, 0x5D, 0x6A, 0xC5,
    0x26, 0xDA, 0x23, 0x5A, 0xD7, 0x89, 0xB3, 0x48, 0xA9, 0x4F, 0x28, 0x8B, 0xF7, 0x69, 0x56, 0xFF,
    0x4A, 0xCF, 0x07, 0x59, 0xF5, 0x08, 0x27, 0xD2, 0xBA, 0x78, 0xA4, 0x4C, 0x7A, 0xD1, 0x7B, 0xA3,
    0x75, 0x22, 0x74, 0xD5, 0x81, 0xD6, 0x6D, 0x84, 0x2E, 0xFE, 0x5D, 0x84, 0xEE, 0x80, 0xEE, 0xF9,
    0x56, 0x96, 0x79, 0x27, 0x42, 0x54, 0x9E, 0x98, 0xEB, 0x4F, 0x29, 0x3E, 0x1B, 0xE2, 0xF2, 0x58,
    0xE9, 0xCB, 0xA3, 0x76, 0x22, 0x2F, 0xE7, 0x2D, 0xBA, 0xD4, 0x59, 0x8C, 0x5E, 0xB7, 0x07, 0x99,
    0x94, 0xCF, 0xB8, 0x2D, 0xBB, 0x43, 0x8A, 0x05, 0x37, 0xE0, 0xA9, 0x8C, 0xFB, 0xAF, 0xE7, 0x27,
    0x97, 0x68, 0xCB, 0xC8, 0xCB, 0x98, 0xB1, 0xD9, 0x31, 0x39, 0x36, 0xE7, 0x85, 0xAF, 0xDC, 0x5B,
    0x0E, 0xBB, 0x14, 0x11, 0xBD, 0x25, 0x5D, 0xCA, 0xBA, 0x62, 0xAB, 0xC7, 0x24, 0x8F, 0x8C, 0x20,
    0x7F, 0x62, 0x35, 0xA2, 0x0F, 0x2C, 0x27, 0xB9, 0x61, 0x16, 0x4F, 0x39, 0x72, 0x38, 0x65, 0x8C,
    0xC0, 0xD1, 0x98, 0xAB, 0xCE, 0xD7, 0xE7, 0x1C, 0x32, 0xED, 0x94, 0x22, 0xE7, 0x8D, 0x6A, 0x7B,
    0xC5, 0x3A, 0x8D, 0xB7, 0x69, 0x66, 0x9B, 0x46, 0x0C, 0x7E, 0x52, 0x24, 0x22, 0x9E, 0x33, 0x57,
    0xEE, 0x23, 0xD5, 0xD1, 0x70, 0xE8, 0x46, 0xD5, 0x3C, 0xA5, 0x8A, 0x5B, 0x76, 0x43, 0xF9, 0xCA,
    0xF0, 0xB8, 0x75, 0x04, 0x55, 0x79, 0xAD, 0x8D, 0x7C, 0x57, 0x8D, 0x78, 0xDF, 0xCF, 0x3C, 0xC8,
    0xF3, 0x0E, 0x49, 0xD3, 0x4C, 0x38, 0xBC, 0x03, 0x63, 0x23, 0x37, 0xBD, 0xE6, 0x59, 0x53, 0xE4,
    0x09, 0x27, 0x12, 0x64, 0xAD, 0xBF, 0xEF, 0x0A, 0x56, 0x35, 0x4F, 0xC9, 0xE0, 0xE7, 0xD4, 0xBF,
    0x58, 0x7A, 0xA2, 0x43, 0xE5, 0x73, 0x60, 0xE0, 0x84, 0xA5, 0xA5, 0x2D, 0xFF, 0x19, 0x86, 0x28,
    0xE9, 0x10, 0x03, 0xCD, 0x3A, 0x10, 0x05, 0xB0, 0x65, 0x67, 0x01, 0xF0, 0xB1, 0x59, 0x92, 0x52,
    0x65, 0x00, 0xF1, 0xB8, 0x26, 0x16, 0x40, 0xD2, 0x3F, 0xDB, 0x0B, 0x40, 0x16, 0x0E, 0x98, 0xF9,
    0x3E, 0x6F, 0xE1, 0x16, 0x8B, 0x28, 0x7C, 0x9B, 0x0B, 0xC2, 0x3A, 0x80, 0x71, 0xC6, 0x2C, 0x3D,
    0xE1, 0xD2, 0x62, 0x8E, 0xBE, 0x23, 0xC6, 0xB8, 0x5B, 0x24, 0xF1, 0xF8, 0xE0, 0xBE, 0x4E, 0xC4,
    0xA4, 0x0D, 0x1D, 0x55, 0xDF, 0xA6, 0x83, 0x0E, 0x9C, 0x05, 0x69, 0xED, 0x00, 0x6B, 0x94, 0x98,
    0x6C, 0xE7, 0xB1, 0xDC, 0x32, 0xE4, 0xA2, 0xF7, 0x48, 0xFC, 0x60, 0x63, 0xD6, 0x72, 0x55, 0xD7,
    0x45, 0xD6, 0x10, 0x92, 0x31, 0xCB, 0x89, 0x6B, 0x65, 0x7B, 0x5A, 0x8B, 0xE2, 0xD9, 0x97, 0x4A,
    0x65, 0x2C, 0x89, 0x61, 0x04, 0xFE, 0x3E, 0x94, 0x39, 0xF2, 0xFF, 0x4E, 0xB2, 0x5C, 0xF5, 0x20,
    0x2F, 0x7F, 0x5E, 0x25, 0x8E, 0x9F, 0x72, 0xA1, 0xFF, 0xE3, 0xB7, 0x02, 0x8E, 0xB3, 0xDA, 0x73,
    0x71, 0x60, 0x1A, 0xF6, 0xF5, 0x5D, 0x7F, 0x72, 0xA4, 0xFF, 0xB4, 0xE9, 0x3F, 0x05, 0xBF, 0x58,
    0x8E, 0xEC, 0x4E, 0xCC, 0xCD, 0x34, 0x38, 0xCE, 0xE4, 0x2D, 0x27, 0x43, 0xF4, 0xFE, 0xEB, 0x13,
    0x1E, 0x33, 0x56, 0xE6, 0x69, 0x49, 0x1E, 0x36, 0x6F, 0xB2, 0x74, 0xA2, 0x8B, 0xF8, 0x9C, 0x59,
    0x50, 0xCE, 0x6C, 0x05, 0xDA, 0x73, 0x23, 0x12, 0x4D, 0x15, 0x6B, 0xAA, 0x9D, 0x79, 0x72, 0x36,
    0x1B, 0x9F, 0x27, 0xA9, 0x36, 0x56, 0xBD, 0xD0, 0xEA, 0x25, 0xFF, 0xCE, 0x1F, 0x9F, 0x7F, 0x5F,
    0x59, 0xEC, 0x6F, 0xFD, 0x05, 0xD5, 0x7A, 0xE9, 0xA2, 0x39, 0x19, 0x2D, 0xD6, 0x1C, 0xD1, 0x1B,
    0xCB, 0x98, 0x00, 0x41, 0x44, 0x50, 0x74, 0xA5, 0x84, 0xDA, 0xDC, 0xD7, 0x4E, 0x75, 0xF5, 0x96,
    0xF6, 0x57, 0x27, 0x62, 0xB5, 0x7F, 0xBD, 0x9A, 0xF5, 0xDA, 0x99, 0xDF, 0x6F, 0x8D, 0x02, 0x6A,
    0xFE, 0x03, 0x97, 0x9A, 0xFD, 0x87, 0xB5, 0x6A, 0x7D, 0xDE, 0xFE, 0x57, 0xDC, 0x0B, 0xB4, 0x4A,
    0x49, 0x6D, 0xB3, 0xFF, 0x1C, 0x37, 0x98, 0x0B, 0x8D, 0xFF, 0xCA, 0x7E, 0xEE, 0x87, 0x9B, 0xFA,
    0x30, 0xA2, 0x6F, 0xD5, 0x5A, 0xA8, 0x2D, 0xB8, 0x32, 0xD2, 0xB3, 0xC8, 0xD7, 0xE4, 0xAC, 0x38,
    0xD5, 0x4C, 0xAE, 0xAA, 0xBB, 0xCA, 0x29, 0xDF, 0xA4, 0x0E, 0xFE, 0xAD, 0x91, 0xDA, 0x54, 0x9D,
    0xEC, 0x56, 0xEB, 0x80, 0xDA, 0x31, 0xE5, 0xE1, 0x9E, 0xF8, 0x49, 0x3C, 0xB2, 0x24, 0x91, 0x8C,
    0x1C, 0x20, 0x19, 0x48, 0x88, 0x52, 0x66, 0x87, 0x44, 0x4E, 0x1A, 0x66, 0x99, 0x64, 0xB7, 0x74,
    0x31, 0x4A, 0xA7, 0xA4, 0x8C, 0x1B, 0x27, 0x00, 0xAA, 0xBF, 0xC7, 0x74, 0xF7, 0x94, 0xC3, 0x53,
    0x57, 0x71, 0x06, 0xD1, 0x83, 0xAB, 0xE7, 0x8E, 0xF2, 0x95, 0x5F, 0xAC, 0xF9, 0xB8, 0xC5, 0xE7,
    0x76, 0x4D, 0xC6, 0x6D, 0xC7, 0xEA, 0x74, 0x14, 0x36, 0x82, 0x9E, 0x30, 0xED, 0x0D, 0x99, 0x18,
    0x26, 0xC4, 0xE7, 0x42, 0x9D, 0x95, 0xDA, 0xDA, 0x31, 0x31, 0xA7, 0x48, 0x1E, 0xA9, 0x7F, 0x01,
    0x45, 0xD2, 0xBE, 0x62, 0x05, 0x94, 0xBD, 0x9E, 0x4E, 0x6D, 0x9F, 0x74, 0xB0, 0x86, 0x0A, 0xF0,
    0x74, 0x26, 0x61, 0xF2, 0xDF, 0x4A, 0x36, 0x2C, 0xDA, 0x94, 0x1E, 0x65, 0xC3, 0xE3, 0xB2, 0xB6,
    0x60, 0xDE, 0x18, 0xB9, 0x0A, 0xCD, 0x06, 0x2D, 0xE5, 0xFF, 0x2B, 0x07, 0xDE, 0x7F, 0x3D, 0x07,
    0x5E, 0xE9, 0x9A, 0x8E, 0xAD, 0x1A, 0x30, 0xF3, 0x5A, 0xBA, 0x50, 0xDC, 0x94, 0x58, 0x5A, 0x49,
    0xBF, 0x1B, 0x72, 0x9F, 0x4D, 0x5B, 0xF1, 0x95, 0x70, 0x69, 0xB1, 0x75, 0xEE, 0xF1, 0x71, 0xE2,
    0x29, 0x99, 0x73, 0xE7, 0xFE, 0x74, 0x2B, 0x5D, 0x25, 0x4F, 0x56, 0xBA, 0x2A, 0x25, 0x65, 0xE2,
    0x0D, 0x7C, 0xD6, 0xAA, 0x55, 0x6E, 0xF1, 0xB7, 0xDC, 0x0A, 0xA1, 0x06, 0x99, 0x6C, 0xBA, 0xB9,
    0x40, 0x03, 0x07, 0x3A, 0xBD, 0x76, 0x92, 0xF1, 0xAD, 0xD9, 0xFE, 0x19, 0x36, 0x3E, 0xAA, 0x6F,
    0x35, 0xEE, 0x3B, 0x8E, 0x08, 0x91, 0x9E, 0x30, 0xCC, 0x59, 0xD1, 0xCA, 0xC8, 0x8F, 0xF5, 0x51,
    0x83, 0xCA, 0x5A, 0x0A, 0x2A, 0xBD, 0x49, 0xFD, 0xF4, 0x37, 0xD3, 0xA2, 0xBC, 0xE9, 0x7E, 0x7A,
    0xAC, 0xB9, 0xB8, 0x88, 0x58, 0x89, 0xE2, 0x88, 0x81, 0x99, 0xB4, 0x95, 0xB2, 0x84, 0x09, 0x53,
    0xB5, 0x58, 0x83, 0x67, 0x64, 0xA5, 0x17, 0x72, 0x31, 0x2D, 0xF0, 0x9A, 0x5F, 0x6B, 0xBD, 0xC1,
    0x26, 0x96, 0x07, 0xDD, 0x5F, 0x01, 0xCA, 0x6D, 0x60, 0xB2, 0x75, 0x83, 0x47, 0x43, 0x69, 0x04,
    0xA7, 0xE7, 0x14, 0x9C, 0x6E, 0x3F, 0x3E, 0x38, 0xE5, 0x17, 0x82, 0x93, 0x71, 0x9C, 0x50, 0xEA,
    0x45, 0x8A, 0xB9, 0xF1, 0xE2, 0x32, 0xD9, 0x51, 0x0D, 0x30, 0x37, 0x7B, 0xD5, 0x47, 0x95, 0xC0,
    0xAD, 0xEF, 0xBC, 0x76, 0x78, 0x1F, 0x5F, 0x03, 0x34, 0x3A, 0x70, 0x54, 0x62, 0x4C, 0xF6, 0x84,
    0xCE, 0x74, 0x6D, 0x46, 0xD6, 0x32, 0x95, 0xDE, 0xBF, 0x7F, 0xE8, 0x26, 0xB2, 0x99, 0x38, 0xA9,
    0x97, 0x38, 0xAA, 0x95, 0x38, 0xA8, 0x93, 0xD8, 0xA9, 0x91, 0xD8, 0xAA, 0x6B, 0x55, 0xAB, 0x8D,
    0x58, 0x5A, 0x17, 0xD1, 0x9A, 0x88, 0x6C, 0xCA, 0xDD, 0x51, 0x4F, 0x8E, 0x6D, 0x9A, 0xE4, 0xA3,
    0x7E, 0x69, 0x20, 0x5A, 0xFF, 0xD0, 0xDA, 0x87, 0x49, 0x93, 0xA7, 0xE5, 0xD2, 0x3C, 0x4C, 0xEB,
    0xF1, 0xF6, 0xDA, 0x3A, 0xB4, 0xCE, 0x61, 0xEE, 0xEF, 0xD2, 0xA4, 0xEA, 0x1B, 0x2E, 0x6D, 0xC3,
    0x58, 0x0B, 0x12, 0xBD, 0xA3, 0x3E, 0x4E, 0xBD, 0x42, 0xB7, 0xB6, 0x0A, 0xAD, 0x53, 0x68, 0x8D,
    0x42, 0xEB, 0x13, 0xAA, 0x4D, 0xA8, 0x2E, 0x61, 0x67, 0x4D, 0x42, 0xF5, 0x08, 0x4B, 0x6B, 0x11,
    0x5A, 0x87, 0xD0, 0x1A, 0x84, 0xEC, 0x0F, 0xF6, 0x6A, 0x0F, 0x76, 0xEA, 0x0E, 0x36, 0xD4, 0x87,
    0x0D, 0x9A, 0x37, 0x86, 0x42, 0xAD, 0x41, 0x06, 0x12, 0xFF, 0xAE, 0xF4, 0xD9, 0x51, 0x2E, 0x7D,
    0xC1, 0xB5, 0x2D, 0x78, 0x90, 0x4B, 0x3B, 0xA6, 0xD9, 0x9A, 0x32, 0xBF, 0xBF, 0x2D, 0x58, 0x1E,
    0xDA, 0x82, 0xD3, 0x6F, 0x69, 0x0B, 0xD6, 0x6A, 0x0B, 0x96, 0x6A, 0x0B, 0x3A, 0xB6, 0x05, 0x4F,
    0xD9, 0x16, 0xAC, 0xD5, 0x16, 0xBC, 0xAB, 0xB6, 0xE0, 0x3D, 0xB5, 0x05, 0xDF, 0x3C, 0xB4, 0x05,
    0x9D, 0xFB, 0x23, 0xCD, 0x2B, 0x9F, 0x60, 0x94, 0xD4, 0xEE, 0xD2, 0x80, 0xEC, 0xD9, 0x21, 0x6C,
    0x9F, 0x23, 0x44, 0xE4, 0x43, 0xD1, 0x92, 0x4E, 0x8E, 0x46, 0x86, 0x38, 0x88, 0x10, 0x4C, 0x61,
    0x48, 0x44, 0x68, 0x25, 0x92, 0x0B, 0x0B, 0x12, 0x09, 0x32, 0x64, 0x22, 0x05, 0x12, 0x03, 0x12,
    0x01, 0x12, 0xFF, 0x11, 0xFD, 0x11, 0xFB, 0x11, 0xF9, 0x89, 0x97, 0xAC, 0x65, 0x3C, 0x30, 0x9F,
    0x57, 0xB7, 0x74, 0xC4, 0xCA, 0x18, 0x86, 0xA6, 0x4B, 0x33, 0xDE, 0x3A, 0x42, 0x37, 0x9F, 0x59,
    0xE2, 0x93, 0x36, 0x05, 0xE9, 0x6A, 0xCD, 0xB6, 0x4A, 0x56, 0xAB, 0x12, 0x5A, 0x53, 0xE7, 0xFC,
    0x35, 0x5A, 0xAA, 0xF8, 0x31, 0x97, 0x52, 0x85, 0x23, 0x8C, 0xED, 0xC3, 0x21, 0x6D, 0xDC, 0x1C,
    0xF6, 0x59, 0x1D, 0x4C, 0x38, 0x21, 0x80, 0x6D, 0x10, 0xEE, 0x12, 0xC7, 0xBC, 0x2D, 0xF6, 0x90,
    0x4D, 0x81, 0xAC, 0x3C, 0x83, 0x47, 0xC6, 0x1D, 0x87, 0x48, 0x20, 0xD9, 0xF2, 0xC9, 0x5F, 0x1B,
    0x39, 0x09, 0x06, 0xCA, 0xEA, 0x2A, 0xC4, 0xA1, 0xAB, 0xAB, 0xA8, 0x87, 0xB7, 0x54, 0x37, 0xD4,
    0xF2, 0x01, 0x82, 0x14, 0xFB, 0x1C, 0x0A, 0xE1, 0xBD, 0x33, 0xEB, 0x2C, 0x9D, 0x08, 0x59, 0x2D,
    0x06, 0x7A, 0x93, 0x7B, 0x66, 0x32, 0xDE, 0xEE, 0x4E, 0xD4, 0x2E, 0x31, 0x39, 0x10, 0x36, 0x14,
    0x56, 0x9C, 0x4A, 0x2B, 0xBA, 0xE3, 0xB1, 0x72, 0x57, 0x05, 0xBC, 0xE5, 0x76, 0x87, 0xD7, 0x3D,
    0x0A, 0x85, 0x20, 0xD8, 0x16, 0x50, 0xB1, 0x13, 0x6D, 0x0F, 0x7D, 0xA4, 0xE1, 0x8B, 0x51, 0x5B,
    0xA1, 0x70, 0x67, 0x97, 0x29, 0xE8, 0x1A, 0x89, 0xD2, 0x84, 0x27, 0x69, 0x63, 0xC0, 0xDA, 0x02,
    0x2E, 0xBB, 0xE1, 0xB0, 0x50, 0xED, 0x25, 0x66, 0x1A, 0xEA, 0x59, 0x90, 0xDA, 0x32, 0x6B, 0x86,
    0x6F, 0xE5, 0xB7, 0xD8, 0x54, 0x90, 0x46, 0x24, 0xDE, 0xC9, 0xCC, 0x87, 0x52, 0xCF, 0x40, 0x97,
    0x49, 0x22, 0xDD, 0x43, 0x8E, 0x97, 0x7F, 0x5E, 0x22, 0xC5, 0x2B, 0x3E, 0xE1, 0xC6, 0x54, 0xFF,
    0x4C, 0xE9, 0x6F, 0x7C, 0x48, 0x19, 0xFF, 0x7A, 0x66, 0x37, 0x0A, 0xB1, 0x6E, 0x37, 0x47, 0x0F,
    0x81, 0x4D, 0x53, 0xF8, 0x08, 0x72, 0x24, 0xCA, 0xB0, 0x2C, 0xD5, 0xB3, 0xD0, 0xC7, 0x53, 0xD4,
    0xB3, 0xC5, 0x85, 0xD9, 0xB0, 0x3C, 0xCA, 0x86, 0xB3, 0xD1, 0x60, 0x0D, 0x91, 0x17, 0xF3, 0x28,
    0x91, 0x54, 0x6D, 0x49, 0x4D, 0x42, 0x85, 0x2F, 0xF9, 0x6F, 0xAA, 0x6C, 0x52, 0xEE, 0xFB, 0x17,
    0xAB, 0xEB, 0x32, 0x5C, 0x15, 0xF4, 0x9E, 0x8A, 0xD4, 0xC1, 0x8B, 0x98, 0xD4, 0x55, 0xB7, 0x1D,
    0x95, 0xC7, 0x56, 0x99, 0xE2, 0xAD, 0xCA, 0x94, 0xB0, 0xCA, 0x94, 0x5E, 0xA8, 0x32, 0x35, 0x06,
    0xE6, 0x9A, 0x24, 0x98, 0x56, 0x63, 0x7F, 0xFF, 0xC0, 0xB4, 0xC5, 0x4E, 0xF9, 0xD9, 0xC0, 0xF0,
    0xDE, 0xFD, 0xCD, 0xFA, 0x93, 0x05, 0xC9, 0x95, 0x09, 0xA8, 0x1C, 0xA1, 0xB6, 0x9D, 0xBA, 0x76,
    0xAA, 0x48, 0xF8, 0x97, 0x99, 0xF3, 0x45, 0x83, 0x95, 0x23, 0x62, 0x36, 0xEC, 0x12, 0x2B, 0x96,
    0x47, 0x4B, 0x3D, 0x4B, 0xC1, 0x98, 0x25, 0x08, 0xD5, 0x21, 0x54, 0x86, 0x50, 0x15, 0x42, 0x45,
    0x08, 0xD5, 0x20, 0xD6, 0x12, 0x84, 0x76, 0x2F, 0xAB, 0x97, 0xB8, 0x1C, 0x9E, 0x9D, 0xDB, 0xD0,
    0xDD, 0xE4, 0x96, 0x0E, 0x47, 0xC2, 0x92, 0x8E, 0x84, 0xAE, 0xB8, 0xEC, 0xA6, 0x6F, 0xAB, 0x2A,
    0xB1, 0xB4, 0x55, 0x96, 0x5B, 0x36, 0xC3, 0x05, 0x18, 0xB2, 0x7D, 0x74, 0x6F, 0x5F, 0xAC, 0x4D,
    0x08, 0x7A, 0xAC, 0x32, 0x61, 0x41, 0xDB, 0xEA, 0x12, 0x56, 0x96, 0xB0, 0xAA, 0x84, 0x15, 0x25,
    0x54, 0x93, 0xB0, 0x92, 0x84, 0x55, 0x24, 0xAC, 0x20, 0x61, 0xF5, 0x08, 0x2B, 0x47, 0x58, 0x35,
    0xA2, 0x58, 0xC6, 0xF5, 0x6B, 0x29, 0xC2, 0x2A, 0x11, 0x56, 0x88, 0xB0, 0x3A, 0x84, 0x95, 0x21,
    0xAC, 0x0A, 0xB1, 0x15, 0x21, 0xAE, 0x6C, 0x2E, 0x68, 0xB7, 0xBE, 0xDA, 0xC5, 0x03, 0x13, 0x15,
    0x77, 0xF6, 0x97, 0x5F, 0x88, 0x58, 0xF8, 0xCB, 0x9D, 0x03, 0xEF, 0x48, 0x75, 0x86, 0x8B, 0xE9,
    0x40, 0x56, 0xFE, 0x78, 0x31, 0xDE, 0x8F, 0x88, 0x53, 0x73, 0xA5, 0x85, 0x1E, 0x17, 0x10, 0x78,
    0xE7, 0x40, 0x99, 0x5B, 0xD5, 0xE4, 0x44, 0xF3, 0x12, 0x84, 0x63, 0xE7, 0x03, 0x3C, 0x83, 0xF3,
    0xA9, 0xCB, 0x57, 0xF1, 0x97, 0x08, 0x21, 0x63, 0xFA, 0x31, 0x90, 0x71, 0xC8, 0xDF, 0xA3, 0x3F,
    0x7A, 0x7A, 0xE5, 0x17, 0xBA, 0x2B, 0xF0, 0xE5, 0x90, 0x90, 0x95, 0x77, 0x80, 0x85, 0x54, 0x71,
    0x28, 0xF5, 0x7B, 0x42, 0x9C, 0x27, 0xBD, 0x4B, 0x26, 0x3A, 0x58, 0xAC, 0x09, 0x13, 0x91, 0x2A,
    0xF1, 0x77, 0x97, 0xBF, 0x45, 0x5F, 0x8C, 0xCE, 0x33, 0x71, 0xC6, 0x9B, 0x5D, 0xBF, 0x32, 0xA5,
    0x62, 0x5E, 0x79, 0xAB, 0x62, 0xC3, 0x8F, 0xB6, 0x4B, 0x57, 0xB7, 0xBE, 0x52, 0xDD, 0xA5, 0xB3,
    0x16, 0x9E, 0x97, 0x53, 0x9E, 0x78, 0x9C, 0x4D, 0xD8, 0x14, 0x27, 0xC1, 0x77, 0xDC, 0x5F, 0xA8,
    0xE3, 0x7F, 0xD2, 0xA5, 0x0F, 0xA7, 0xAC, 0x65, 0xAD, 0xA5, 0xC9, 0x80, 0xF4, 0x75, 0x86, 0x04,
    0xB1, 0x4C, 0x27, 0x00, 0x68, 0x62, 0x25, 0x61, 0xCB, 0x27, 0x00, 0x29, 0x3F, 0x3F, 0x3B, 0xD8,
    0xC9, 0xB0, 0xF1, 0xB9, 0xE5, 0xEE, 0x06, 0x1D, 0x85, 0x0A, 0xC4, 0xAA, 0xDD, 0xEE, 0x46, 0x05,
    0xF0, 0x51, 0x25, 0xF7, 0x1F, 0x6E, 0x6D, 0xC9, 0x67, 0xAE, 0x31, 0x5F, 0x5E, 0x61, 0x5B, 0x20,
    0xE3, 0x3D, 0xB9, 0x82, 0x6E, 0x9F, 0xF1, 0xD6, 0x08, 0x1B, 0x74, 0x77, 0x78, 0xD6, 0xAE, 0x07,
    0xE5, 0xE5, 0x9F, 0xED, 0x78, 0xE9, 0xC9, 0x59, 0xE2, 0x41, 0x2A, 0x33, 0xD2, 0x82, 0x91, 0xAE,
    0xBC, 0xC5, 0x5D, 0x5A, 0x3F, 0xAB, 0xB6, 0x8B, 0xCE, 0x84, 0x34, 0x7B, 0x2B, 0x3A, 0xEF, 0x26,
    0x60, 0x79, 0x38, 0x60, 0xDB, 0xC1, 0x5C, 0xDB, 0x6F, 0x07, 0x17, 0xAF, 0xB3, 0xAD, 0x33, 0x46,
    0xA0, 0x4A, 0x6A, 0xAA, 0x6A, 0xA9, 0xF9, 0xEB, 0x5C, 0x1D, 0xF1, 0xC2, 0x8A, 0x3E, 0x3A, 0xEA,
    0xF6, 0xF2, 0xB8, 0x65, 0x56, 0xA3, 0x05, 0x77, 0x25, 0x26, 0x56, 0x36, 0xDF, 0x2F, 0xAC, 0x8A,
    0xFA, 0x19, 0x35, 0x09, 0x39, 0x9B, 0xE8, 0xE6, 0xA1, 0x3E, 0x29, 0xC2, 0x90, 0x2C, 0xDC, 0x72,
    0x2D, 0xB5, 0xB4, 0x06, 0xB8, 0x4C, 0x43, 0xF0, 0xF0, 0x16, 0x74, 0xBE, 0x81, 0x77, 0x15, 0xC3,
    0xC2, 0x4E, 0x0A, 0xBB, 0x8F, 0xE0, 0xDB, 0x90, 0x4C, 0x06, 0x53, 0x66, 0xAD, 0x2E, 0xDC, 0xAA,
    0x14, 0x95, 0x7F, 0x85, 0x47, 0xD6, 0x15, 0x80, 0x3D, 0x7C, 0xB6, 0x5F, 0x27, 0x3F, 0x73, 0xFF,
    0x60, 0x9C, 0xF8, 0x98, 0xBF, 0xAA, 0x84, 0x18, 0x10, 0xB5, 0x63, 0xBB, 0xC0, 0xC9, 0xE8, 0xF9,
    0x06, 0xE1, 0x8B, 0x97, 0xA8, 0xBC, 0x5D, 0x03, 0x7B, 0x8A, 0xC6, 0x91, 0xDF, 0x17, 0x16, 0x49,
    0x14, 0x77, 0x78, 0x89, 0x2F, 0x6D, 0x94, 0xF2, 0x1C, 0xBB, 0xCF, 0xE5, 0x19, 0x47, 0xB7, 0x72,
    0x6C, 0x2F, 0x02, 0x2F, 0xC5, 0xAB, 0x97, 0x54, 0xF4, 0x14, 0x47, 0x4E, 0xEA, 0xDB, 0x2A, 0x6A,
    0x5E, 0x7F, 0x56, 0xEF, 0xC4, 0xDC, 0xDC, 0x21, 0x0A, 0x24, 0x35, 0x62, 0x75, 0xB3, 0xA3, 0x57,
    0x89, 0x7F, 0x07, 0x83, 0xFB, 0x9E, 0x91, 0x85, 0x3F, 0xDC, 0x9D, 0x18, 0xBB, 0x32, 0x6E, 0x97,
    0x0D, 0x53, 0xED, 0x5D, 0xFE, 0x91, 0xA4, 0x2E, 0x9A, 0x15, 0x6E, 0x7C, 0x56, 0x2D, 0x74, 0x85,
    0x77, 0x07, 0x45, 0x68, 0x1B, 0xDE, 0xBD, 0x40, 0x7A, 0xDD, 0x21, 0xB9, 0xEE, 0x0E, 0x2C, 0xE9,
    0x0F, 0x65, 0xA1, 0x93, 0x1D, 0xC9, 0x59, 0xBA, 0xB7, 0xE8, 0x17, 0x8E, 0xEC, 0xB6, 0xCD, 0x9C,
    0xE8, 0x36, 0x93, 0xEF, 0xBF, 0xDC, 0x2E, 0x78, 0x3D, 0xA5, 0x5B, 0x43, 0x8A, 0xD2, 0x0A, 0xD2,
    0x8A, 0xD1, 0x52, 0xD2, 0x22, 0xB4, 0x02, 0xF4, 0x16, 0x9F, 0x2F, 0xF1, 0xD6, 0x50, 0x30, 0x2B,
    0xF7, 0x6A, 0x96, 0x26, 0x5F, 0xF5, 0x32, 0xEC, 0x32, 0x87, 0xBA, 0x2C, 0x3D, 0x3C, 0xE5, 0x2B,
    0x55, 0x4F, 0x08, 0x44, 0x97, 0x68, 0x9C, 0x17, 0x10, 0x09, 0x82, 0x21, 0x5E, 0x3C, 0x27, 0xF0,
    0xEC, 0x79, 0x16, 0x84, 0xA2, 0x6C, 0x3F, 0x2E, 0x57, 0xD2, 0xAC, 0xB8, 0x70, 0xE6, 0xCC, 0x38,
    0xFA, 0x1B, 0x0A, 0x65, 0xFD, 0x80, 0xBF, 0xD1, 0x6E, 0x17, 0x20, 0x62, 0x1E, 0x12, 0x32, 0xFE,
    0x6D, 0x44, 0x0A, 0xA6, 0x1C, 0x54, 0xD6, 0x99, 0xA7, 0x28, 0x45, 0xD6, 0x95, 0x0B, 0xC7, 0xBC,
    0xB1, 0x9A, 0x0C, 0xBC, 0xE4, 0xDC, 0x2B, 0x53, 0x55, 0xF5, 0x41, 0x59, 0x5B, 0xA0, 0x3F, 0x6C,
    0x40, 0x7E, 0x6A, 0xDA, 0xF3, 0x1C, 0x3C, 0xCE, 0x7D, 0xCC, 0xC7, 0xE5, 0x3E, 0x2F, 0x1C, 0xDC,
    0xC7, 0xBF, 0xBD, 0x95, 0x17, 0x1B, 0xBB, 0x2F, 0xE0, 0x4F, 0x82, 0xFD, 0x12, 0x3B, 0xD6, 0x03,
    0xAC, 0xF3, 0xAB, 0xD2, 0xEB, 0x85, 0xD8, 0x21, 0x64, 0x78, 0x5C, 0xFB, 0x62, 0x81, 0x20, 0x21,
    0x90, 0x00, 0x48, 0xF8, 0x23, 0xF8, 0xD9, 0xD0, 0xE7, 0x69, 0x19, 0xE7, 0x49, 0x69, 0xD0, 0x25,
    0x1A, 0x87, 0xCD, 0x39, 0x46, 0x02, 0xA6, 0x6D, 0xE0, 0x42, 0x62, 0x18, 0x0C, 0x06, 0x8A, 0x06,
    0x6B, 0x38, 0x78, 0x7A, 0x37, 0xF2, 0x9E, 0x10, 0x7D, 0x2E, 0xF5, 0xBE, 0xD4, 0xBC, 0x96, 0x64,
    0x89, 0xF5, 0xCE, 0xBF, 0xC2, 0x3F, 0x26, 0x88, 0x78, 0x23, 0x3E, 0xEC, 0x9E, 0xF2, 0x75, 0xC5,
    0x63, 0xF4, 0x29, 0x71, 0xAC, 0x80, 0x3E, 0x11, 0x2F, 0x76, 0x9F, 0x47, 0x9F, 0xCB, 0x34, 0x0E,
    0x23, 0xE4, 0x6E, 0xC9, 0xF3, 0x56, 0x2A, 0xD8, 0x07, 0xDD, 0xDA, 0x34, 0xDC, 0x44, 0xBB, 0xE6,
    0xCB, 0x39, 0x61, 0x5C, 0xE7, 0x30, 0x52, 0x74, 0xAF, 0x94, 0xF7, 0xD1, 0xBA, 0x81, 0xDF, 0x48,
    0x63, 0x55, 0x7F, 0x87, 0xC1, 0x33, 0x3D, 0x89, 0xC4, 0xCB, 0xBC, 0x71, 0x3F, 0x2D, 0x7F, 0x6D,
    0x8C, 0xB8, 0xE3, 0xBF, 0x67, 0xAA, 0x14, 0x1F, 0x36, 0x7E, 0xE0, 0x2A, 0x04, 0x8C, 0x78, 0xC9,
    0x5E, 0x5B, 0xAB, 0xFB, 0x57, 0xED, 0x95, 0x72, 0xD1, 0xA5, 0x59, 0x12, 0x5F, 0xBB, 0x7E, 0xA3,
    0x8B, 0x0F, 0xEE, 0xD6, 0x76, 0x88, 0xB8, 0x73, 0x98, 0xD7, 0x8A, 0xAF, 0xF9, 0xD1, 0xBC, 0xF3,
    0xB9, 0x79, 0x75, 0x3E, 0x75, 0xD3, 0x88, 0x81, 0x3E, 0x39, 0xB3, 0x0C, 0x0C, 0x33, 0x11, 0xDC,
    0x85, 0x08, 0xBC, 0x16, 0xE0, 0x8D, 0xC2, 0x1C, 0x93, 0x94, 0x27, 0x69, 0x6B, 0x1C, 0x51, 0x95,
    0xE5, 0xBE, 0xFD, 0xE8, 0xBE, 0x11, 0x13, 0x2A, 0xBE, 0x76, 0xF3, 0x64, 0xFB, 0xBB, 0x38, 0x3C,
    0x38, 0x1E, 0xDA, 0x51, 0xD6, 0xF6, 0xBD, 0xC8, 0xB9, 0x9B, 0x85, 0x11, 0x49, 0x88, 0x15, 0x89,
    0x14, 0x2D, 0x4D, 0xA1, 0xDF, 0x0B, 0x37, 0x26, 0xA6, 0xE0, 0xC4, 0xE2, 0x65, 0x4C, 0x11, 0xAA,
    0x24, 0x61, 0x37, 0x2C, 0x0E, 0x9B, 0x57, 0x2E, 0x9A, 0xA9, 0x6C, 0x9F, 0x5B, 0xBF, 0xFD, 0xCF,
    0x59, 0x7E, 0x0E, 0x64, 0x38, 0xAB, 0x62, 0xAB, 0x66, 0xE3, 0x82, 0xFB, 0x4B, 0xCD, 0x34, 0xFF,
    0xBA, 0x6C, 0x37, 0xDE, 0x67, 0x4D, 0xF9, 0x5B, 0xB3, 0x0A, 0x30, 0x4A, 0x64, 0x39, 0xAD, 0xE5,
    0xC6, 0x3B, 0x6B, 0x35, 0x05, 0x95, 0x99, 0xD1, 0x38, 0xE0, 0x7C, 0xC4, 0x0A, 0x8F, 0x0C, 0x6E,
    0xA6, 0xD6, 0xE5, 0x68, 0xAB, 0x8F, 0xDC, 0xF2, 0xED, 0x81, 0x9C, 0x5A, 0xD9, 0xFC, 0x84, 0xF2,
    0xDF, 0xA4, 0xF3, 0xCF, 0xE7, 0x25, 0x4D, 0xD5, 0x95, 0x12, 0x89, 0xEF, 0xEE, 0xD3, 0x69, 0x1D,
    0x2E, 0x5A, 0x7B, 0x0B, 0xBA, 0xB1, 0x47, 0x95, 0x02, 0x32, 0xCD, 0xDD, 0x52, 0x05, 0xAB, 0xD7,
    0x5B, 0x54, 0x79, 0x77, 0x4E, 0x54, 0x72, 0xCF, 0x1A, 0xE1, 0x09, 0x27, 0x74, 0x39, 0x5F, 0x74,
    0x67, 0x36, 0x05, 0xBE, 0x32, 0x43, 0x96, 0x57, 0x55, 0xDA, 0xCB, 0x44, 0x67, 0x2D, 0xD7, 0xB2,
    0xBF, 0x8B, 0xE9, 0xB6, 0x9E, 0xCC, 0x51, 0x9F, 0x3F, 0xDA, 0xD2, 0x70, 0xFB, 0x93, 0xCC, 0xD6,
    0xE9, 0x46, 0xB0, 0xD3, 0x85, 0xCD, 0xB5, 0x54, 0x6E, 0xD7, 0x3C, 0x96, 0x3F, 0x87, 0x64, 0x0B,
    0xB0, 0xD2, 0x5E, 0xF8, 0x55, 0xCE, 0xDA, 0x1C, 0x96, 0xAF, 0x38, 0x12, 0x31, 0x4E, 0xE9, 0x3E,
    0x5B, 0x12, 0xBC, 0xE4, 0xF8, 0x64, 0x93, 0x74, 0xE6, 0xFB, 0x37, 0xAF, 0xF0, 0x72, 0x7C, 0xA1,
    0xF8, 0xF7, 0xD8, 0xAB, 0xD6, 0x4B, 0xFC, 0xFB, 0xF7, 0x73, 0xAE, 0x75, 0x31, 0x9C, 0xF9, 0xFF,
    0x4B, 0xF1, 0xF9, 0x02, 0xF8, 0xA5, 0xDD, 0x6E, 0x03, 0xBF, 0x70, 0xB2, 0x3F, 0xB3, 0xFC, 0x5F,
    0x63, 0xDC, 0xEF, 0xC0, 0xFD, 0xFF, 0x81, 0xFE, 0xFF, 0x2F, 0xF6, 0xCD, 0x7F, 0xF6, 0x33, 0xFD,
    0xF9, 0xC7, 0xF4, 0x07, 0x00, 0xD5, 0x5D, 0x3D, 0xB3, 0xDD, 0xC6, 0x79, 0xC6, 0x87, 0x4C, 0xC4,
    0xC6, 0x24, 0x68, 0x32, 0x99, 0xC4, 0x9C, 0x0C, 0x52, 0xA4, 0x48, 0x26, 0x33, 0x46, 0x93, 0x22,
    0x45, 0x22, 0x40, 0x62, 0xA1, 0x42, 0x05, 0xDD, 0xA7, 0x88, 0x8B, 0x14, 0x9E, 0x49, 0xA1, 0x26,
    0x4D, 0x66, 0x6C, 0x01, 0x12, 0x0B, 0x15, 0x2A, 0xC4, 0x7F, 0x10, 0x17, 0x29, 0x93, 0x49, 0x7E,
    0x80, 0x4D, 0x80, 0x97, 0x05, 0x0B, 0x17, 0x86, 0xA4, 0x99, 0x34, 0x2A, 0x04, 0x59, 0xF2, 0x24,
    0x99, 0x14, 0x5A, 0xC9, 0x70, 0x04, 0x8A, 0x00, 0x36, 0xEF, 0xF3, 0xBC, 0xBB, 0x38, 0x38, 0xE7,
    0x5E, 0x52, 0x57, 0xB2, 0x2F, 0x75, 0x7D, 0x87, 0x5E, 0xD1, 0xF7, 0xE0, 0x60, 0x77, 0xDF, 0x7D,
    0x3F, 0x9E, 0xF7, 0x6B, 0x19, 0x04, 0xDF, 0x0C, 0xE4, 0x27, 0x6F, 0x64, 0x28, 0x8D, 0x0C, 0xF5,
    0x22, 0x43, 0x6A, 0x2B, 0x19, 0x5B, 0x7C, 0xF2, 0xBB, 0x81, 0xFE, 0xE4, 0xD6, 0x2E, 0x41, 0x61,
    0xED, 0x1C, 0x94, 0xDB, 0x50, 0xF7, 0x78, 0xAA, 0x93, 0xC1, 0x72, 0x90, 0x2F, 0x85, 0x56, 0xFE,
    0x12, 0x59, 0x6B, 0x83, 0xD8, 0x0D, 0x6B, 0x90, 0xE0, 0xAB, 0xE9, 0x2C, 0x1F, 0x64, 0x1C, 0x26,
    0x0C, 0x23, 0xDE, 0x89, 0x09, 0x0B, 0x0C, 0xE5, 0x80, 0x01, 0x0F, 0xD7, 0x78, 0xB8, 0xC5, 0xDB,
    0x2D, 0x86, 0x20, 0xF8, 0x61, 0xF0, 0x63, 0x79, 0x6B, 0xBC, 0xCA, 0x5B, 0x63, 0x8B, 0x41, 0x16,
    0x38, 0x85, 0x63, 0x70, 0xF8, 0xF9, 0x9A, 0x96, 0x86, 0xB7, 0xF4, 0x18, 0xBA, 0x04, 0x43, 0x2A,
    0x43, 0xB3, 0xFF, 0x0A, 0x56, 0x50, 0x77, 0xDB, 0x32, 0xEC, 0x47, 0x18, 0x56, 0x59, 0x86, 0x3C,
    0x87, 0x65, 0x74, 0xB1, 0x0D, 0xE5, 0x05, 0xF2, 0xDE, 0x3E, 0x59, 0xE4, 0xF1, 0x14, 0xAB, 0x96,
    0x65, 0xB4, 0x9D, 0x2C, 0xC3, 0x76, 0xD9, 0x98, 0xD8, 0x26, 0x37, 0xB2, 0xD2, 0xC2, 0xC8, 0xBC,
    0xE5, 0x07, 0x76, 0x0C, 0xCA, 0x77, 0x78, 0x30, 0xB2, 0x8D, 0x60, 0x3B, 0x35, 0x7D, 0x7D, 0x62,
    0x31, 0x67, 0xC6, 0x8F, 0xB9, 0x81, 0x20, 0xAE, 0x36, 0x02, 0x09, 0x6D, 0x26, 0xEE, 0x61, 0xE4,
    0x28, 0x4B, 0xAC, 0x75, 0xEC, 0xB6, 0xEF, 0x07, 0xB6, 0xD9, 0xC6, 0x90, 0x6F, 0x89, 0x2C, 0xDF,
    0xA2, 0xE3, 0x8A, 0x31, 0x01, 0x6B, 0x28, 0xB5, 0x94, 0x5C, 0x4A, 0xAF, 0x20, 0xE7, 0x7C, 0xDC,
    0xB9, 0xF2, 0x90, 0x12, 0xE0, 0x49, 0xB3, 0x06, 0xC1, 0xCD, 0xB5, 0xC2, 0x41, 0x8C, 0xB2, 0x5E,
    0x6C, 0x0A, 0xBF, 0xB5, 0xE3, 0x8D, 0x3E, 0xC2, 0xEC, 0x89, 0x3D, 0x3A, 0x0C, 0xA5, 0xA7, 0x95,
    0xDD, 0xC9, 0xD0, 0xE3, 0x0D, 0x9D, 0x0E, 0xED, 0x46, 0x59, 0x1D, 0x48, 0x6D, 0xD2, 0x7D, 0x0A,
    0xFF, 0x03, 0x73, 0x1B, 0xBC, 0xDD, 0xE0, 0x94, 0xE4, 0x15, 0xAF, 0x7C, 0xAE, 0x74, 0x68, 0x30,
    0xEF, 0x82, 0x4F, 0x3C, 0xC7, 0x8C, 0xA1, 0xD9, 0x9D, 0x92, 0x0E, 0x83, 0x97, 0x83, 0x52, 0xA6,
    0x14, 0xF6, 0x9A, 0xB1, 0x2C, 0xAC, 0xAB, 0x05, 0x65, 0x52, 0x70, 0x54, 0x68, 0x37, 0xDE, 0x6A,
    0xBB, 0xE7, 0x40, 0xB8, 0xFC, 0x6E, 0x62, 0xAB, 0x12, 0x9C, 0x45, 0x16, 0x29, 0xB0, 0xE6, 0xB0,
    0x7D, 0xC4, 0x53, 0xC1, 0x82, 0x73, 0xE5, 0x0F, 0x19, 0xAB, 0x80, 0x8F, 0x5D, 0x8A, 0x88, 0xCA,
    0xC8, 0xFE, 0x8C, 0xBA, 0x2F, 0x3C, 0xA3, 0x98, 0x67, 0x94, 0xCC, 0x4A, 0x35, 0xEB, 0xC7, 0x1A,
    0x9C, 0x87, 0x85, 0xF1, 0xE3, 0xBC, 0x2A, 0xC8, 0x9B, 0x78, 0x53, 0xDB, 0xE3, 0xAD, 0x6D, 0x87,
    0xF7, 0x7D, 0x47, 0x84, 0xED, 0xE8, 0xE7, 0xDA, 0xAD, 0x9C, 0xBF, 0x0A, 0x39, 0x46, 0xFC, 0x20,
    0x76, 0x1F, 0x3C, 0x89, 0x2B, 0x29, 0xC7, 0x7E, 0x71, 0x5C, 0x16, 0xE5, 0xF2, 0x22, 0xD6, 0xAF,
    0x02, 0xA7, 0x23, 0xB8, 0xAC, 0x6F, 0x04, 0xA9, 0xBC, 0x3E, 0x6B, 0x8A, 0x99, 0x2B, 0x99, 0xB8,
    0x92, 0x81, 0xCA, 0x46, 0x1E, 0x0F, 0x5B, 0xCE, 0x21, 0xEB, 0x1A, 0xB8, 0xAA, 0x9E, 0x23, 0xF8,
    0x62, 0x2E, 0x64, 0x8C, 0xA6, 0x52, 0x1E, 0x8A, 0xC7, 0x52, 0xDE, 0x19, 0x9B, 0x1A, 0xFB, 0x32,
    0xD0, 0xA6, 0xE9, 0x00, 0x61, 0xC8, 0x06, 0xAC, 0x3C, 0x7B, 0x1B, 0xF4, 0xCC, 0xCF, 0xE6, 0x5A,
    0x68, 0x7B, 0x36, 0xC9, 0xD7, 0xCA, 0x3B, 0x23, 0xC6, 0x5B, 0x46, 0xC6, 0x3A, 0xC1, 0xB8, 0xA6,
    0x83, 0xBC, 0x68, 0xC9, 0x86, 0xB2, 0x8A, 0xE6, 0xAC, 0x6F, 0xE5, 0x95, 0x79, 0xB7, 0x06, 0x99,
    0x29, 0x1E, 0x0A, 0xEB, 0xF6, 0x25, 0xA4, 0xA7, 0x01, 0x93, 0x3E, 0x1F, 0x14, 0x20, 0x22, 0x1E,
    0x0C, 0xB2, 0x5E, 0x26, 0xCC, 0x3B, 0x99, 0xAF, 0x90, 0x67, 0xE5, 0x01, 0x21, 0x50, 0xF9, 0x82,
    0x6C, 0xA3, 0x8E, 0x64, 0x68, 0x63, 0x19, 0xD6, 0x78, 0x22, 0x2D, 0x7B, 0x90, 0x72, 0x82, 0x32,
    0x9A, 0xE3, 0x29, 0xFB, 0x60, 0x95, 0xD7, 0xF7, 0x36, 0x91, 0x55, 0xB4, 0x89, 0x29, 0xBB, 0x7B,
    0xA9, 0x29, 0x9B, 0x15, 0xEF, 0x5C, 0xE4, 0x9D, 0xD1, 0x2C, 0xEF, 0x8C, 0x65, 0x9D, 0x6B, 0x2E,
    0xBF, 0x96, 0xEF, 0x96, 0x2F, 0xC8, 0x06, 0xEA, 0xB0, 0x1D, 0x03, 0xAA, 0x3E, 0xF0, 0x4A, 0x85,
    0x81, 0x5C, 0x73, 0xA4, 0xFA, 0x9A, 0x13, 0x0D, 0xDC, 0xE3, 0xD8, 0x26, 0x3D, 0xBB, 0x04, 0xC7,
    0x98, 0xCE, 0x22, 0xF6, 0xE9, 0x2C, 0x74, 0xCF, 0x26, 0x0C, 0xA3, 0xB0, 0x44, 0x6E, 0x84, 0x23,
    0x0A, 0x03, 0xD5, 0x38, 0xA4, 0xD8, 0xAD, 0x1C, 0x6E, 0x0D, 0xD5, 0xD8, 0x76, 0x72, 0xB4, 0x50,
    0x8D, 0x38, 0x80, 0x90, 0x67, 0x97, 0xF6, 0x1B, 0xF3, 0x85, 0xA0, 0xB0, 0xBC, 0x15, 0xBF, 0x8F,
    0x79, 0x48, 0x61, 0x77, 0xB0, 0x14, 0xF2, 0xC5, 0x41, 0x5E, 0x0A, 0xE9, 0x2D, 0x0D, 0x8E, 0xB9,
    0x1C, 0xB2, 0x05, 0xAC, 0x5A, 0x8E, 0x58, 0x31, 0x24, 0xBF, 0x3D, 0xC3, 0x77, 0xED, 0x1B, 0x58,
    0xAB, 0xFD, 0xE7, 0x19, 0x6F, 0x6C, 0x0D, 0x97, 0xDD, 0x91, 0xDD, 0xC8, 0x1F, 0xD4, 0x54, 0x0B,
    0x7E, 0x93, 0xCE, 0xB5, 0x01, 0xE3, 0xE1, 0x05, 0xD9, 0x94, 0xCF, 0x98, 0x04, 0x6C, 0x28, 0x2B,
    0x07, 0xF1, 0xDD, 0x24, 0x11, 0x44, 0x47, 0xA8, 0xDD, 0x80, 0x2C, 0xAA, 0xBD, 0x54, 0x24, 0xB8,
    0xFC, 0x98, 0xAC, 0x9A, 0xAC, 0x2A, 0x72, 0x1D, 0x77, 0xC1, 0xDD, 0xE5, 0xC3, 0xF1, 0x06, 0xD2,
    0x09, 0x0C, 0x9D, 0x8E, 0xD8, 0x6A, 0x66, 0xB0, 0x97, 0xCC, 0x44, 0x42, 0xCE, 0x7C, 0x48, 0xE4,
    0x6B, 0x45, 0x8F, 0x2F, 0x97, 0x3D, 0xD4, 0x5C, 0xD9, 0xD5, 0x32, 0x65, 0xDD, 0xAD, 0x32, 0x7D,
    0x7B, 0x67, 0x96, 0xD1, 0xBE, 0xF4, 0x09, 0xC6, 0xEC, 0x1D, 0x98, 0xA0, 0xF2, 0xC1, 0x12, 0x44,
    0x6B, 0x2D, 0xBC, 0x10, 0x2F, 0x4B, 0x02, 0x5B, 0x36, 0xCB, 0xBB, 0x13, 0x6B, 0xC4, 0x76, 0x88,
    0x29, 0x91, 0x77, 0x8B, 0x96, 0xCB, 0xA1, 0x42, 0xAB, 0x42, 0x26, 0x59, 0x21, 0x35, 0xB2, 0xB7,
    0x52, 0x26, 0x19, 0x31, 0x8A, 0x28, 0xD5, 0x58, 0xFA, 0x8D, 0xE6, 0xCF, 0x28, 0x52, 0x6D, 0x45,
    0x7D, 0x5F, 0x41, 0x3E, 0x56, 0x02, 0x88, 0x89, 0xBB, 0xB8, 0xEB, 0x57, 0x8E, 0x05, 0x2F, 0xF8,
    0xB2, 0xBC, 0x45, 0x4E, 0x41, 0xA8, 0x25, 0x27, 0x29, 0xFA, 0x5A, 0x48, 0x25, 0x6B, 0x4E, 0x67,
    0x90, 0x26, 0x59, 0x40, 0xAC, 0x78, 0x81, 0x9D, 0x89, 0x57, 0x10, 0x31, 0xB2, 0xF2, 0x0D, 0x79,
    0x0D, 0x48, 0xAC, 0xF2, 0x15, 0x90, 0xF4, 0x22, 0x8B, 0x7C, 0x29, 0x45, 0xBF, 0x9C, 0x0E, 0x9A,
    0x87, 0x3A, 0x07, 0xEF, 0x0A, 0x9E, 0xA3, 0x21, 0x29, 0xAC, 0xEA, 0x13, 0x22, 0x1B, 0x7E, 0xBF,
    0x78, 0xE4, 0x39, 0x41, 0xCE, 0x40, 0xF4, 0x02, 0x39, 0x01, 0x2C, 0x5A, 0x0E, 0xD0, 0x4C, 0x75,
    0x0F, 0xCD, 0xD4, 0x76, 0x58, 0x89, 0x58, 0xE8, 0x15, 0xDC, 0x8B, 0xF5, 0xD8, 0x4A, 0x78, 0x50,
    0xF8, 0x57, 0x56, 0x15, 0x81, 0x4B, 0xA1, 0xB4, 0x84, 0x56, 0xC2, 0xA2, 0x42, 0xA5, 0x04, 0x8C,
    0x0A, 0x15, 0x54, 0x72, 0x43, 0x42, 0x2B, 0x6C, 0xAE, 0xBF, 0x68, 0x12, 0x2A, 0xD1, 0x9A, 0x02,
    0xD2, 0x72, 0xB4, 0x54, 0x63, 0x97, 0xD2, 0x50, 0xF2, 0x3B, 0xD2, 0x81, 0xDC, 0x68, 0xC0, 0x86,
    0x06, 0x94, 0x16, 0x0A, 0xE5, 0x8F, 0x61, 0x63, 0xDF, 0x03, 0x0F, 0x3F, 0x84, 0x64, 0xBF, 0x31,
    0xC9, 0x5A, 0x13, 0x2C, 0x52, 0x86, 0x64, 0x96, 0x03, 0xCE, 0x26, 0x19, 0x72, 0x23, 0x43, 0x89,
    0xA1, 0xF6, 0x28, 0x06, 0x0A, 0x60, 0x56, 0x05, 0x20, 0x68, 0x68, 0x96, 0x3D, 0xA4, 0xB3, 0x2C,
    0x3E, 0x9D, 0xB9, 0x21, 0x59, 0x8F, 0xFC, 0x26, 0x77, 0xF6, 0x6C, 0x56, 0x45, 0x48, 0x8B, 0x7E,
    0x8A, 0xAF, 0x28, 0xE2, 0xB0, 0x78, 0xD8, 0x0E, 0xDE, 0xD7, 0x10, 0x19, 0xC5, 0x4B, 0x68, 0x07,
    0xCC, 0x47, 0x11, 0x36, 0xF2, 0x66, 0x11, 0x38, 0x39, 0xFE, 0x41, 0xA8, 0xD6, 0xF6, 0x14, 0xC4,
    0xD2, 0xDC, 0xA4, 0xDD, 0x24, 0xBE, 0x9A, 0x40, 0x95, 0x3E, 0xF8, 0x07, 0xFB, 0xDF, 0x60, 0xAE,
    0x76, 0xA5, 0xBE, 0x1D, 0x14, 0x4A, 0x28, 0xB8, 0x83, 0xBC, 0x96, 0xBD, 0xD0, 0xBD, 0xEE, 0x84,
    0x7B, 0xDB, 0x46, 0xDE, 0x2B, 0x5A, 0x68, 0xF4, 0xDA, 0x4C, 0x27, 0xAF, 0xDC, 0xE4, 0x62, 0xCA,
    0x65, 0xF2, 0xC2, 0x60, 0x13, 0x98, 0xBC, 0x00, 0x7F, 0x97, 0x06, 0x93, 0x0F, 0x22, 0xA0, 0x32,
    0x39, 0x1E, 0x2E, 0xA1, 0x87, 0xA8, 0xDD, 0x6F, 0xDA, 0x47, 0xD7, 0x11, 0x2F, 0x85, 0x34, 0x72,
    0x11, 0xF1, 0x70, 0xEC, 0x47, 0x79, 0x36, 0x99, 0x00, 0xF5, 0xD2, 0x11, 0xAA, 0x50, 0x6C, 0x02,
    0x47, 0xBC, 0x2A, 0x1F, 0xC0, 0x42, 0x45, 0x8F, 0xF5, 0x96, 0x1D, 0xD6, 0x5B, 0x37, 0xB4, 0xF5,
    0x15, 0x56, 0x6A, 0xB1, 0xDE, 0x68, 0x85, 0x32, 0x8E, 0x67, 0xAC, 0x3A, 0x99, 0xB0, 0xDE, 0x0C,
    0xFA, 0x36, 0x28, 0x40, 0x30, 0xD9, 0x68, 0xAA, 0xF8, 0xD6, 0x42, 0x3F, 0xCB, 0x98, 0x92, 0x4D,
    0xA1, 0xD8, 0x17, 0xB2, 0xFD, 0x4C, 0xB6, 0x9F, 0xC9, 0xF6, 0x13, 0xD9, 0x7E, 0x24, 0xDB, 0x13,
    0x4B, 0x61, 0x39, 0x5F, 0x97, 0xBB, 0x90, 0x88, 0x81, 0x14, 0xCD, 0x04, 0x1B, 0x66, 0x69, 0x81,
    0xEF, 0x2F, 0xFC, 0xCF, 0x1D, 0x10, 0x6D, 0xAA, 0x5F, 0x1A, 0x61, 0x9C, 0xDB, 0x4C, 0xBE, 0x1F,
    0xCD, 0xB6, 0xA0, 0xC1, 0x5E, 0x6B, 0x1C, 0xDF, 0xB2, 0xAC, 0x0A, 0x30, 0x66, 0xB5, 0xEB, 0x63,
    0xE0, 0x38, 0xDA, 0x59, 0x2C, 0x79, 0xF5, 0xE3, 0xC7, 0x98, 0x3B, 0xFB, 0xDF, 0xCF, 0xB8, 0x84,
    0x9F, 0x7D, 0x88, 0x47, 0xEA, 0xDB, 0x1F, 0x62, 0x7D, 0x6B, 0xFE, 0xEE, 0x84, 0x57, 0x16, 0x0F,
    0x38, 0x4F, 0x79, 0x26, 0xFF, 0x11, 0xEB, 0xF9, 0xFA, 0x0C, 0x9B, 0x5C, 0xBF, 0x08, 0x7B, 0xD0,
    0xB5, 0x11, 0x0C, 0x71, 0x63, 0x23, 0xB2, 0xC5, 0x2B, 0x72, 0x20, 0xA9, 0xC3, 0xC0, 0x33, 0xFE,
    0x26, 0x1B, 0xBF, 0x9B, 0x5A, 0xCF, 0x42, 0xE4, 0x26, 0xB2, 0x11, 0x29, 0x51, 0xD3, 0x5A, 0xF6,
    0x42, 0x9B, 0x15, 0x22, 0x2F, 0xDF, 0xCD, 0x74, 0x6D, 0x2D, 0x69, 0x32, 0x6E, 0x24, 0x1A, 0x9F,
    0x03, 0x4F, 0x65, 0x77, 0x23, 0x3B, 0x00, 0xB0, 0x75, 0x54, 0x35, 0xE4, 0xAC, 0xB0, 0x5D, 0xAB,
    0x6B, 0x68, 0x41, 0xC2, 0x1F, 0x7D, 0x8B, 0x8B, 0x2F, 0x7A, 0xC2, 0xCD, 0x8E, 0x50, 0xBB, 0x01,
    0x01, 0x78, 0x1E, 0xF5, 0x47, 0xD7, 0xD5, 0xF6, 0x5D, 0x3B, 0x2C, 0x41, 0x77, 0x07, 0x82, 0x67,
    0x02, 0xF5, 0x7F, 0xD4, 0x6F, 0x92, 0x25, 0x43, 0x1B, 0x08, 0x51, 0xA8, 0x07, 0x20, 0x7F, 0xA2,
    0x07, 0xB0, 0xAC, 0xC0, 0x69, 0x03, 0x59, 0xD0, 0x1A, 0x51, 0x1B, 0x80, 0xE1, 0x64, 0x5C, 0x40,
    0x6D, 0xE8, 0x81, 0x6C, 0x04, 0xF7, 0x51, 0x75, 0x02, 0x80, 0x8D, 0x90, 0x5C, 0xA1, 0x8C, 0xAC,
    0x40, 0xC4, 0x30, 0xB7, 0x38, 0x8A, 0x96, 0x56, 0x4F, 0x76, 0x25, 0xD2, 0x2D, 0x33, 0xC8, 0x9F,
    0x7F, 0x52, 0x21, 0x8F, 0xA9, 0x1D, 0x12, 0x35, 0x8A, 0xD0, 0xC4, 0x18, 0x71, 0x5E, 0x4B, 0x84,
    0xF3, 0x5A, 0x63, 0xD0, 0xED, 0x5E, 0xFA, 0xB1, 0x8C, 0xAF, 0x66, 0x1F, 0x37, 0x41, 0xFB, 0x7C,
    0x21, 0x64, 0xB5, 0x65, 0x29, 0x10, 0x76, 0x2D, 0x7F, 0x52, 0x07, 0xE1, 0x52, 0xCE, 0xAD, 0xC8,
    0x54, 0x39, 0x8A, 0x62, 0x98, 0x4B, 0xB3, 0x8A, 0x60, 0x15, 0x6F, 0x2F, 0x90, 0x6D, 0x11, 0x2F,
    0x39, 0xA6, 0xD8, 0x8F, 0xD0, 0x45, 0xA2, 0xDC, 0x07, 0x72, 0x07, 0xB5, 0x90, 0x1C, 0xD3, 0xA6,
    0x8B, 0xDA, 0x06, 0x1F, 0x79, 0x6D, 0x35, 0x93, 0x7F, 0xBC, 0xCE, 0x82, 0x91, 0x36, 0x3B, 0x23,
    0x3D, 0xD0, 0x48, 0xF7, 0x44, 0x02, 0x1D, 0x08, 0xBD, 0x19, 0x69, 0x6F, 0xAA, 0x43, 0xEA, 0xC0,
    0x08, 0x70, 0x15, 0x92, 0x2A, 0xC7, 0x03, 0x24, 0x30, 0x11, 0x09, 0x8C, 0x97, 0x9B, 0xC4, 0xA8,
    0xD9, 0x78, 0x65, 0xE2, 0xE9, 0x57, 0x38, 0xB2, 0x4E, 0xED, 0x8F, 0x1D, 0x6A, 0xE1, 0xE9, 0xA6,
    0x18, 0xE5, 0xCD, 0x39, 0x68, 0x9F, 0xE1, 0xFC, 0xB3, 0x51, 0xDE, 0x9C, 0x8F, 0x20, 0xF9, 0x28,
    0x5F, 0x2E, 0xA0, 0xE3, 0x4B, 0x23, 0x1B, 0x2D, 0x07, 0x10, 0xBD, 0x97, 0xA1, 0xC5, 0xE9, 0xDA,
    0x86, 0xE8, 0xA5, 0x1E, 0x84, 0x5B, 0xCA, 0xB1, 0xA0, 0xCD, 0xA6, 0x7E, 0x81, 0xDE, 0xC0, 0x59,
    0xB7, 0x1F, 0x69, 0xB4, 0x04, 0xF4, 0xE7, 0x58, 0xD2, 0xB3, 0x73, 0xA0, 0xC4, 0x21, 0x9F, 0x68,
    0x87, 0x7C, 0x64, 0x53, 0x42, 0x8A, 0x64, 0xBE, 0x60, 0xBF, 0xC9, 0x97, 0xDC, 0xEF, 0x93, 0xE0,
    0x95, 0x5A, 0x79, 0xA7, 0xCE, 0x88, 0x34, 0xB0, 0x36, 0x68, 0x4A, 0x93, 0x93, 0xDD, 0xF1, 0xE8,
    0xC9, 0xDA, 0x2C, 0xD7, 0x86, 0xB3, 0xA8, 0x32, 0x9E, 0x45, 0x4B, 0xF5, 0xA8, 0xDE, 0xBE, 0xCC,
    0x48, 0x0B, 0x22, 0x52, 0xBC, 0x36, 0x5F, 0xDE, 0x25, 0xFC, 0x0A, 0xD1, 0x89, 0xCD, 0x22, 0xD5,
    0xC7, 0x21, 0x9F, 0xD3, 0xE8, 0x04, 0x9F, 0x9B, 0x77, 0xD1, 0x89, 0xD1, 0x47, 0x27, 0x14, 0xE7,
    0xD8, 0x19, 0xA7, 0x32, 0xE1, 0x38, 0xC6, 0x52, 0xB7, 0xB3, 0x7A, 0x18, 0x41, 0xBF, 0x38, 0x7D,
    0xA2, 0x3D, 0x3C, 0x5E, 0xC2, 0x31, 0x2E, 0x23, 0x3C, 0x89, 0x36, 0xCB, 0x72, 0xF2, 0xCE, 0x6B,
    0x87, 0xCC, 0x45, 0xBE, 0xB1, 0x55, 0x03, 0x27, 0x7B, 0x71, 0x36, 0x41, 0x85, 0x43, 0x28, 0x12,
    0xDB, 0x57, 0x7E, 0x26, 0x9A, 0xA9, 0x7C, 0x28, 0xC8, 0x47, 0x6C, 0x7A, 0x3E, 0xD4, 0xB7, 0xA6,
    0xA2, 0x17, 0xB7, 0xB4, 0xEC, 0xAC, 0x0C, 0xAF, 0x2D, 0xC9, 0x28, 0x46, 0x37, 0x33, 0xF5, 0x1D,
    0x0E, 0x93, 0xF8, 0xC8, 0x0F, 0xC7, 0xB6, 0x2B, 0xDF, 0xFB, 0x3F, 0x51, 0x59, 0x0E, 0xC2, 0x40,
    0xD7, 0x83, 0xD9, 0xC8, 0x77, 0x80, 0x00, 0xD0, 0x16, 0xB0, 0xCC, 0x4A, 0xDC, 0x6C, 0x76, 0xFC,
    0x2C, 0x9B, 0x95, 0x45, 0x0B, 0xB9, 0x18, 0x35, 0x22, 0xED, 0xEC, 0xCB, 0x58, 0xB4, 0x7D, 0x9F,
    0x96, 0xDF, 0x2A, 0x08, 0x69, 0xB8, 0x19, 0x32, 0x16, 0xE9, 0x59, 0x70, 0xAC, 0x39, 0xD2, 0x86,
    0x45, 0xD4, 0xF3, 0x29, 0xAC, 0x51, 0x90, 0x4F, 0x38, 0x8C, 0xD2, 0x50, 0xFF, 0x02, 0x99, 0x89,
    0x8E, 0xA9, 0xC1, 0xB0, 0xD4, 0x5B, 0xD4, 0x95, 0x25, 0x2D, 0x5C, 0x6B, 0x78, 0xB2, 0xB9, 0xC1,
    0xE9, 0x15, 0x26, 0xDA, 0x44, 0xA1, 0x44, 0xC4, 0x50, 0x98, 0x0C, 0x47, 0xD1, 0x02, 0xA6, 0xC9,
    0xF2, 0x70, 0x20, 0x22, 0x0A, 0x13, 0x05, 0x62, 0xC4, 0x59, 0xE7, 0x10, 0x05, 0xBC, 0x41, 0x1E,
    0x96, 0x77, 0xC6, 0xC0, 0xCC, 0x38, 0xEF, 0x1A, 0x27, 0x0A, 0xFE, 0x40, 0x88, 0xB1, 0x01, 0x1B,
    0x41, 0xFF, 0x18, 0xD8, 0x80, 0xA3, 0x49, 0xAC, 0xA3, 0x3A, 0xCC, 0x0B, 0x75, 0x84, 0xA5, 0x8E,
    0xC0, 0x96, 0x82, 0x2D, 0x4C, 0x12, 0xED, 0xE2, 0x36, 0xF1, 0xEC, 0xA3, 0x37, 0x3B, 0xA0, 0x0F,
    0x27, 0x88, 0x3E, 0x10, 0x15, 0x01, 0xF5, 0x00, 0xD5, 0x00, 0xC5, 0x99, 0x4A, 0xA0, 0x85, 0x0E,
    0x68, 0xB1, 0x99, 0x16, 0x20, 0xBD, 0xDE, 0x9C, 0x0C, 0x4A, 0x07, 0xA5, 0xF0, 0xD2, 0x2C, 0x9E,
    0xF7, 0xB4, 0x39, 0x1D, 0xDC, 0x7E, 0x39, 0xD1, 0x84, 0xC6, 0x5A, 0xF8, 0x48, 0xAC, 0x0A, 0x6C,
    0x41, 0x25, 0x48, 0x0C, 0x21, 0x6D, 0xF1, 0xA9, 0xB1, 0xDB, 0x3E, 0x58, 0x71, 0xFA, 0xE1, 0x22,
    0x30, 0xAD, 0x8B, 0xE6, 0x6C, 0x28, 0x9B, 0x58, 0xC6, 0xBA, 0x8A, 0xA7, 0xBC, 0x6F, 0x1D, 0x80,
    0xC4, 0x67, 0x08, 0xB7, 0x08, 0x63, 0x39, 0x1C, 0x27, 0x9F, 0x71, 0x12, 0xCB, 0x49, 0xD6, 0x84,
    0x0A, 0x42, 0x98, 0xB8, 0xDE, 0x8D, 0xA0, 0xD8, 0x40, 0x16, 0x96, 0x3F, 0x19, 0x70, 0x4A, 0x90,
    0xF5, 0xF8, 0x4B, 0xDE, 0x61, 0x91, 0xB2, 0x42, 0xF9, 0x0B, 0xE0, 0x44, 0x07, 0xA6, 0x93, 0x3F,
    0xB2, 0x36, 0x31, 0x7A, 0xB2, 0xB6, 0x5A, 0xB6, 0x93, 0x22, 0x52, 0xB4, 0x66, 0x83, 0x15, 0x03,
    0x98, 0xF5, 0xE2, 0xCF, 0xCC, 0xB9, 0x60, 0x58, 0x81, 0x96, 0x62, 0xF4, 0x84, 0xC5, 0x05, 0xC8,
    0x0A, 0x9C, 0xBD, 0x25, 0x4C, 0x6C, 0x6A, 0x99, 0x5D, 0x9E, 0xE6, 0x24, 0x2B, 0x27, 0x59, 0x30,
    0x89, 0x75, 0xEE, 0x9A, 0xBA, 0x4C, 0xD6, 0xAF, 0x10, 0xDC, 0xAD, 0x23, 0x75, 0x5E, 0x4E, 0x9D,
    0x47, 0xF6, 0x57, 0xFE, 0xC7, 0x42, 0x22, 0xF5, 0x2D, 0x68, 0x98, 0x46, 0x68, 0xBB, 0x13, 0xC4,
    0x7D, 0xD0, 0x6F, 0xF0, 0xEC, 0xA9, 0xAC, 0xBD, 0x65, 0xAC, 0x42, 0x11, 0x11, 0x28, 0x68, 0xAB,
    0x47, 0x0A, 0xE7, 0xAB, 0x4B, 0xA0, 0x43, 0xE0, 0xA1, 0x35, 0x2E, 0xAE, 0x93, 0xAF, 0x9B, 0x37,
    0x69, 0xB0, 0xAE, 0x46, 0x5C, 0xAE, 0x8F, 0x74, 0x4D, 0x42, 0x50, 0xA1, 0x52, 0x3C, 0x82, 0x38,
    0x89, 0xC1, 0xCA, 0x64, 0x63, 0xB2, 0x26, 0xF9, 0x88, 0x41, 0xAD, 0x80, 0x51, 0xAD, 0x80, 0x61,
    0xAD, 0x40, 0xFC, 0x34, 0x59, 0x34, 0x7C, 0xB7, 0x26, 0x04, 0xCA, 0xAD, 0x80, 0xD1, 0x5B, 0x39,
    0xFF, 0x42, 0xE8, 0x16, 0x4F, 0x42, 0x0F, 0x39, 0xC1, 0xEC, 0x03, 0xF1, 0x23, 0x4C, 0xF6, 0x73,
    0xC0, 0x84, 0xFC, 0x1D, 0x19, 0x87, 0xE2, 0x81, 0x80, 0xC8, 0xAE, 0x7E, 0x30, 0x06, 0xC5, 0x7D,
    0xFB, 0x12, 0x57, 0x80, 0x49, 0xAC, 0x1C, 0xBC, 0x9C, 0x9D, 0x91, 0x49, 0x8A, 0xB5, 0x02, 0x65,
    0xA8, 0x64, 0xF3, 0x4B, 0x30, 0x9F, 0xAC, 0xFE, 0xD8, 0xE5, 0x15, 0xF1, 0x84, 0xCB, 0x2B, 0x02,
    0x67, 0x28, 0x09, 0x47, 0x7E, 0xAF, 0x88, 0x03, 0x24, 0xA1, 0x10, 0x97, 0xB7, 0x61, 0x78, 0x53,
    0xFD, 0x22, 0x58, 0xE8, 0xBF, 0xB0, 0xFF, 0x03, 0x91, 0x02, 0x6A, 0x2C, 0xA0, 0x36, 0x4A, 0x17,
    0x73, 0xED, 0x83, 0x3F, 0xD7, 0x60, 0x50, 0x49, 0x95, 0x3F, 0x6D, 0xF6, 0xC7, 0x0D, 0xB1, 0x4B,
    0x45, 0x50, 0xAB, 0x4D, 0xEA, 0x52, 0xEC, 0x57, 0xCD, 0x05, 0x2B, 0xDC, 0xAC, 0xBE, 0x03, 0x45,
    0xC5, 0x29, 0x5B, 0xC7, 0xAD, 0x4D, 0x70, 0xC3, 0xD1, 0x1F, 0x5E, 0x49, 0xD6, 0xE7, 0x50, 0x07,
    0x1D, 0xF4, 0xB1, 0xB0, 0x38, 0x6C, 0xF7, 0xEB, 0x2B, 0x43, 0x92, 0x73, 0x8E, 0x90, 0xE4, 0x08,
    0xFA, 0x0B, 0x2D, 0x3B, 0xE1, 0xCF, 0x1E, 0x63, 0xDE, 0x89, 0x04, 0xC9, 0x73, 0x22, 0x41, 0xF2,
    0xAE, 0x12, 0x04, 0xA8, 0xCA, 0x2A, 0x1E, 0x6B, 0x39, 0x2C, 0x8C, 0x2D, 0xE3, 0x9E, 0x2B, 0xB8,
    0x34, 0x84, 0x04, 0xAD, 0x80, 0x6C, 0x3D, 0x82, 0x12, 0x79, 0x67, 0x73, 0x1C, 0x72, 0x2B, 0x1B,
    0x2C, 0x9B, 0x1A, 0x00, 0xA1, 0x2A, 0xA1, 0xD8, 0x80, 0xE1, 0xA0, 0x61, 0xC8, 0x61, 0x85, 0x0B,
    0x29, 0x28, 0x82, 0x91, 0xF5, 0x08, 0x26, 0xC7, 0xDA, 0xA8, 0xBC, 0x4A, 0xEA, 0x46, 0xE0, 0xE1,
    0x4D, 0x6D, 0x19, 0xE8, 0xC6, 0x72, 0x82, 0x6E, 0xA4, 0xEF, 0xA9, 0xCE, 0x95, 0xF7, 0x96, 0x49,
    0x9A, 0x6C, 0x02, 0x6D, 0x4A, 0x7A, 0xCB, 0x6D, 0x5F, 0xE2, 0xF5, 0x4D, 0x89, 0x80, 0x24, 0x28,
    0xC5, 0xEC, 0x0B, 0x88, 0xBC, 0xC1, 0x96, 0xB6, 0x53, 0xEF, 0xBE, 0xFD, 0xBC, 0x52, 0x80, 0x0D,
    0x53, 0x84, 0xC3, 0xEE, 0x13, 0x2B, 0x58, 0x1A, 0x90, 0xB6, 0x2B, 0x10, 0x8E, 0xE4, 0x6A, 0x4A,
    0xE2, 0x2F, 0x28, 0xB6, 0x7A, 0x53, 0x6C, 0x75, 0x9F, 0xCA, 0x60, 0x8A, 0x25, 0x28, 0x9D, 0x4F,
    0x0C, 0x2B, 0xF4, 0xD8, 0x22, 0x3A, 0xF6, 0x0B, 0x6C, 0xF5, 0x1B, 0xFF, 0x26, 0x20, 0x08, 0x80,
    0xA5, 0x96, 0x81, 0xC7, 0x99, 0xD9, 0xF5, 0xBB, 0x6A, 0x42, 0x01, 0x1C, 0x42, 0xB5, 0xDA, 0xC2,
    0x19, 0x0C, 0x98, 0xA6, 0x3E, 0xC4, 0xDA, 0x64, 0x40, 0xD2, 0xAA, 0x5A, 0x45, 0xB3, 0x01, 0xE5,
    0x0B, 0x0C, 0xF4, 0x58, 0xD0, 0x01, 0x42, 0x80, 0xD8, 0xBA, 0x87, 0x7D, 0x19, 0x75, 0x05, 0x93,
    0x46, 0x54, 0x76, 0x80, 0x30, 0x40, 0x92, 0x22, 0x75, 0xEC, 0x36, 0x68, 0xD0, 0xC1, 0x32, 0x36,
    0x23, 0xBA, 0x52, 0x74, 0x3C, 0xF6, 0xA3, 0x21, 0x95, 0x99, 0xA7, 0x20, 0xBE, 0x81, 0xD0, 0x0C,
    0xDC, 0xDC, 0x65, 0x80, 0x79, 0xB9, 0xB9, 0x21, 0xCB, 0xC0, 0x82, 0x3C, 0x4B, 0x4F, 0xB2, 0x1F,
    0x38, 0x9B, 0xDF, 0xF6, 0x39, 0x2F, 0x2A, 0x88, 0x80, 0x86, 0xE4, 0x5F, 0x42, 0x8D, 0x15, 0x11,
    0x4C, 0x55, 0xF0, 0x4A, 0xB1, 0x71, 0xE2, 0xB7, 0xBB, 0xB2, 0x2D, 0xF9, 0x42, 0xF9, 0x68, 0x13,
    0xB6, 0x41, 0xC0, 0x12, 0x01, 0x58, 0xB1, 0xE1, 0x31, 0x75, 0x63, 0x81, 0x98, 0x02, 0x6A, 0xB5,
    0x16, 0x07, 0xDC, 0x42, 0x09, 0x7D, 0x37, 0xE1, 0x49, 0x51, 0x2E, 0xA9, 0xA4, 0x84, 0x20, 0x91,
    0x15, 0x0A, 0x52, 0x8A, 0xA0, 0x93, 0xB1, 0x8F, 0x21, 0xB5, 0x55, 0xDB, 0x33, 0x4A, 0x57, 0x40,
    0x20, 0x4B, 0xB8, 0x09, 0xA4, 0x9F, 0x90, 0x0E, 0x08, 0x3A, 0x70, 0xF6, 0x49, 0xA8, 0x76, 0x02,
    0xA3, 0x8F, 0xA9, 0x26, 0x2E, 0x39, 0xA8, 0xC6, 0x68, 0x1E, 0xE3, 0xE8, 0xF2, 0xFA, 0xA6, 0x36,
    0xF2, 0xE6, 0x62, 0x00, 0x8E, 0x1A, 0x34, 0xBA, 0xF5, 0xB9, 0x06, 0x98, 0x66, 0x15, 0xE8, 0xF2,
    0x17, 0x95, 0xD7, 0xA5, 0x8F, 0x82, 0xEF, 0xAB, 0x2E, 0x4C, 0x31, 0x44, 0x0E, 0xF9, 0x0A, 0xD3,
    0xFF, 0x24, 0xF8, 0x49, 0x24, 0x1C, 0x58, 0xCD, 0xB4, 0xD1, 0x70, 0x06, 0x8B, 0xFB, 0x13, 0xCC,
    0xD7, 0xD9, 0x78, 0x4F, 0xF8, 0xF7, 0x81, 0x01, 0x5F, 0x3F, 0xF8, 0x64, 0x22, 0x66, 0x1C, 0x4F,
    0x3C, 0x3E, 0xF9, 0x58, 0xC6, 0xFC, 0xA1, 0x8C, 0xAF, 0x16, 0x6F, 0xC8, 0xB8, 0x14, 0xA2, 0xE7,
    0xC4, 0x89, 0x8A, 0x45, 0xCF, 0x8D, 0x25, 0xE1, 0xC0, 0xAB, 0x72, 0xA8, 0x65, 0x25, 0xD3, 0x80,
    0xEF, 0x34, 0xE4, 0x54, 0x69, 0x7A, 0x8D, 0x0E, 0xE3, 0x9F, 0x6A, 0x02, 0x0C, 0xAB, 0x0C, 0x81,
    0x14, 0xF0, 0x69, 0x86, 0xD5, 0xE5, 0x60, 0xD2, 0xDC, 0x6A, 0x78, 0x82, 0xA4, 0x6E, 0xBE, 0x89,
    0x43, 0x2C, 0xF6, 0x9A, 0x6C, 0x90, 0x53, 0x7F, 0x44, 0xBC, 0x49, 0x7F, 0x55, 0x04, 0xD3, 0x25,
    0x38, 0x09, 0x56, 0x6C, 0x97, 0xA9, 0x35, 0x10, 0x61, 0xC9, 0xC7, 0x08, 0x10, 0x85, 0x38, 0x85,
    0xEB, 0x62, 0xA8, 0x9F, 0x0E, 0x23, 0x94, 0x26, 0x28, 0x5F, 0x3A, 0x5B, 0x81, 0x8C, 0xDD, 0x63,
    0x28, 0xD9, 0xD7, 0x3E, 0x72, 0x11, 0x03, 0x06, 0x0C, 0x52, 0xA7, 0x18, 0x1A, 0x17, 0x2D, 0x38,
    0x04, 0x0B, 0x82, 0x2B, 0x5D, 0x81, 0x38, 0xC1, 0xB3, 0x17, 0x79, 0x9C, 0x3D, 0xF3, 0xD2, 0xF4,
    0x8C, 0x6A, 0xBA, 0x20, 0x9D, 0x8F, 0xD3, 0x40, 0xA7, 0x8A, 0xA4, 0xCB, 0x6A, 0x65, 0x8D, 0xF9,
    0x48, 0x97, 0x48, 0x18, 0x8E, 0xDA, 0xA7, 0x1C, 0xF2, 0xC9, 0x27, 0x7C, 0x85, 0xD3, 0xD4, 0xAD,
    0x51, 0x73, 0xBA, 0xA5, 0xB9, 0xD6, 0x40, 0xF3, 0x95, 0x80, 0xDE, 0x08, 0x6E, 0x21, 0x3E, 0x2B,
    0xE2, 0x97, 0xD1, 0x35, 0x87, 0x8D, 0xCA, 0x0D, 0x8C, 0x54, 0x31, 0x50, 0xA7, 0x81, 0x97, 0x55,
    0x19, 0x50, 0xE8, 0xE1, 0xA0, 0xCB, 0x8C, 0x2D, 0x75, 0x1A, 0x22, 0xA4, 0x1A, 0x30, 0xA8, 0xC4,
    0x41, 0xA7, 0x4A, 0x01, 0x10, 0xAA, 0x18, 0xC0, 0xF0, 0xB1, 0x85, 0xDA, 0x20, 0x00, 0xD5, 0xD2,
    0xF1, 0x12, 0x17, 0x44, 0x1C, 0xAC, 0x75, 0xBC, 0x27, 0x9B, 0x5E, 0xA6, 0x45, 0x34, 0xD3, 0xA3,
    0xCF, 0x7F, 0x25, 0xCE, 0xF7, 0xAF, 0xEC, 0xA7, 0xC2, 0xB2, 0xC6, 0xBE, 0x0B, 0xAB, 0x6A, 0xEF,
    0xC0, 0xAA, 0x22, 0xD2, 0x9C, 0xF7, 0xEB, 0xD3, 0x9C, 0x6F, 0xA1, 0xFF, 0xBC, 0xD1, 0x1F, 0x6C,
    0x9D, 0x8D, 0xA0, 0xBF, 0x21, 0xFD, 0x23, 0x1E, 0x92, 0x17, 0xD0, 0x7E, 0xCB, 0xA6, 0xEF, 0x9F,
    0xDC, 0x4E, 0xAA, 0xDC, 0x4E, 0xAA, 0x46, 0xC6, 0x5C, 0x58, 0x74, 0x70, 0x9C, 0x09, 0x25, 0x40,
    0x33, 0x9C, 0xD8, 0x17, 0xF4, 0x94, 0x3B, 0x82, 0x4F, 0xA0, 0x69, 0xA7, 0x1C, 0x37, 0xBD, 0x48,
    0x57, 0x92, 0x7A, 0x51, 0x34, 0xF3, 0xAC, 0x41, 0x57, 0xAA, 0x89, 0x94, 0x94, 0xA7, 0x84, 0xDF,
    0x80, 0x5E, 0xA4, 0x8D, 0x6C, 0xBD, 0x02, 0x01, 0x66, 0xA7, 0x9E, 0x37, 0x4F, 0xE4, 0xAE, 0x74,
    0xE3, 0xAE, 0x6C, 0x24, 0x10, 0x3F, 0xE6, 0x2E, 0xAE, 0x99, 0xC1, 0x3F, 0x6F, 0x8F, 0xBC, 0x9D,
    0x82, 0x0F, 0x38, 0x25, 0x07, 0x20, 0xAE, 0xE7, 0x32, 0x84, 0x3B, 0xF7, 0x57, 0xBD, 0xE6, 0x64,
    0x3D, 0x60, 0xFE, 0x12, 0x98, 0x1F, 0xC9, 0x00, 0x9A, 0x24, 0xBA, 0xBF, 0xD5, 0xC1, 0xDC, 0x55,
    0x5B, 0xF4, 0x99, 0x8E, 0x58, 0xF6, 0x04, 0xF7, 0x17, 0xEB, 0xB9, 0x8B, 0xE7, 0x8D, 0x6A, 0x01,
    0xAD, 0x4D, 0xF8, 0x28, 0xAC, 0xD2, 0xCD, 0xDB, 0x65, 0x84, 0xB1, 0x3C, 0x86, 0x42, 0x3A, 0x10,
    0x21, 0x2E, 0xC1, 0x1F, 0x9E, 0xD3, 0x65, 0x7F, 0x61, 0x7F, 0x14, 0x04, 0xDF, 0x02, 0x57, 0x68,
    0xA4, 0xF6, 0x38, 0xEB, 0x21, 0xBC, 0x73, 0x01, 0xCA, 0x8D, 0x3D, 0xCA, 0x7D, 0x20, 0xA6, 0x46,
    0x1C, 0xBC, 0x09, 0x18, 0x50, 0x50, 0x6E, 0xA6, 0xE3, 0x80, 0xFF, 0x9B, 0x93, 0xC7, 0x04, 0x95,
    0x00, 0x18, 0x12, 0x50, 0x0B, 0x48, 0x2C, 0x18, 0x3D, 0x83, 0xE5, 0x96, 0x51, 0x16, 0x9B, 0x2E,
    0x07, 0x0F, 0x8E, 0x67, 0x03, 0x37, 0x45, 0x88, 0x1E, 0x6B, 0xA0, 0x6B, 0x65, 0xA0, 0xCB, 0x26,
    0x74, 0x64, 0x41, 0x9C, 0xD0, 0x82, 0x20, 0xE2, 0xCE, 0xF6, 0x3B, 0x77, 0x96, 0xB6, 0x71, 0x3D,
    0x78, 0x73, 0x47, 0x8E, 0xAC, 0x3C, 0xF2, 0x5C, 0x7A, 0xDE, 0x91, 0xA5, 0x37, 0x38, 0x39, 0x15,
    0xC4, 0x37, 0xE0, 0x05, 0x21, 0x6C, 0x39, 0xB2, 0xAF, 0xEA, 0x27, 0x31, 0x2F, 0x49, 0x37, 0x37,
    0xA1, 0x9B, 0xFB, 0xC8, 0xA5, 0x95, 0xA1, 0x3E, 0x43, 0xFB, 0xCA, 0xFB, 0x26, 0x99, 0x0B, 0xEF,
    0xE1, 0x1A, 0x01, 0x5F, 0x45, 0x5F, 0xC7, 0x73, 0xD9, 0xB5, 0x18, 0x56, 0x0E, 0xC9, 0x54, 0xDE,
    0x87, 0xE7, 0x72, 0x26, 0x0F, 0x14, 0xEF, 0xCA, 0x6F, 0xF2, 0xCF, 0x1E, 0x59, 0x39, 0x2F, 0x45,
    0x10, 0x48, 0x1D, 0xC0, 0x4A, 0x12, 0xE9, 0x13, 0xE8, 0x9F, 0xB8, 0xB9, 0x8C, 0x78, 0xB7, 0x8C,
    0x21, 0x2A, 0x72, 0x2A, 0x0C, 0x75, 0xCA, 0x84, 0x73, 0x4E, 0x67, 0xD4, 0x51, 0xC4, 0xAB, 0x46,
    0x61, 0xB9, 0x07, 0x17, 0x14, 0xE7, 0xFE, 0xB9, 0x51, 0xFA, 0x08, 0x6A, 0x15, 0x82, 0xE2, 0x31,
    0xB6, 0xD8, 0xBE, 0xCB, 0x9C, 0xFC, 0x6B, 0xC2, 0x74, 0xD4, 0x66, 0xF0, 0x86, 0x5B, 0xA2, 0x28,
    0xF8, 0x9F, 0x10, 0x36, 0x0F, 0x88, 0xBC, 0x8C, 0xCC, 0x90, 0x91, 0x29, 0x62, 0xBA, 0x97, 0x82,
    0xB2, 0x9E, 0xA6, 0x7B, 0x65, 0xA0, 0x8A, 0x14, 0xF4, 0x6C, 0xEA, 0x59, 0xF1, 0x53, 0xA9, 0x69,
    0x66, 0xF1, 0xE7, 0x31, 0x99, 0xF7, 0x45, 0xE9, 0x8A, 0xD2, 0x13, 0x25, 0x81, 0x91, 0xF0, 0x1A,
    0x35, 0x56, 0x69, 0x9B, 0x82, 0x12, 0x0B, 0x98, 0x28, 0xBE, 0xB3, 0x47, 0x66, 0xFD, 0x79, 0x97,
    0x33, 0x77, 0x2E, 0xE7, 0x17, 0x79, 0x9B, 0x21, 0x24, 0x2F, 0x62, 0x16, 0x7D, 0x96, 0x93, 0x95,
    0xC3, 0x8C, 0x66, 0x61, 0xD6, 0x5B, 0x73, 0x6A, 0x6A, 0x71, 0x3D, 0x4C, 0x2B, 0x9E, 0xC7, 0xB0,
    0xA6, 0x26, 0x17, 0x77, 0xCC, 0x14, 0xF7, 0x91, 0xBD, 0xBF, 0x3F, 0x67, 0x7D, 0xF9, 0xBA, 0x80,
    0x68, 0x84, 0x2B, 0x64, 0x18, 0xCB, 0xAE, 0x7E, 0x63, 0xAA, 0x99, 0x7E, 0x22, 0x74, 0xEA, 0xD2,
    0xA9, 0xBE, 0x7D, 0x37, 0xDA, 0xDE, 0x17, 0x23, 0xC7, 0x22, 0xCC, 0x11, 0x4F, 0x29, 0xDC, 0xBC,
    0x6C, 0x10, 0x2F, 0x4F, 0xC4, 0x04, 0xD8, 0x5B, 0xDE, 0x57, 0xDC, 0x9F, 0x73, 0xBC, 0xAF, 0xE8,
    0xC4, 0x11, 0x94, 0x57, 0x89, 0x43, 0xD8, 0xD4, 0xB1, 0x91, 0xE1, 0xE5, 0xB1, 0x6D, 0xE8, 0xB6,
    0xE3, 0xCD, 0x83, 0x0C, 0x1F, 0x0F, 0xE9, 0x78, 0x2F, 0xC3, 0x1E, 0xF2, 0xCE, 0x0F, 0x05, 0x8B,
    0xBD, 0xC0, 0x02, 0x25, 0xE3, 0x17, 0x25, 0x41, 0x0C, 0x44, 0x53, 0xA3, 0x43, 0xF8, 0x1F, 0xAC,
    0x2A, 0x7C, 0x09, 0xA8, 0x27, 0x28, 0xA7, 0x7C, 0x4C, 0x2C, 0xF4, 0x2F, 0xD4, 0xAF, 0x58, 0xAE,
    0x05, 0x64, 0x83, 0x13, 0x01, 0x7D, 0xFB, 0xB7, 0xC8, 0xD6, 0xC9, 0xFB, 0x50, 0xB6, 0x40, 0x2E,
    0x6B, 0xC9, 0x66, 0x2B, 0x7F, 0x09, 0x5C, 0x4B, 0x92, 0xB5, 0x42, 0xDB, 0x49, 0x7E, 0x89, 0xB0,
    0x37, 0xB9, 0xF4, 0x35, 0x91, 0xF1, 0x5F, 0xB5, 0x67, 0xB0, 0x26, 0xF0, 0xCB, 0xE0, 0x9D, 0x89,
    0x8C, 0xF7, 0xC5, 0x43, 0xC8, 0x78, 0xFD, 0xA6, 0xC8, 0xF8, 0x7F, 0x5A, 0xC8, 0xB8, 0x15, 0x05,
    0x21, 0xE3, 0x98, 0xC3, 0x49, 0xAA, 0xC0, 0xC9, 0xA7, 0xA5, 0x55, 0x87, 0xFA, 0x02, 0x46, 0xBA,
    0x04, 0x44, 0xFA, 0x6C, 0x92, 0xD6, 0x66, 0x01, 0x81, 0xB7, 0x03, 0xC3, 0x2B, 0xE0, 0xA5, 0x3E,
    0x17, 0x93, 0xB2, 0x21, 0xD6, 0x55, 0xB5, 0xFF, 0x1F, 0x10, 0xB1, 0xDE, 0x04, 0x00, 0x3B, 0x40,
    0xCA, 0x16, 0xAA, 0xE0, 0x7B, 0x91, 0x3D, 0x14, 0x17, 0x0D, 0x0A, 0x04, 0x39, 0xF8, 0xD4, 0xA4,
    0xE7, 0x90, 0x10, 0x78, 0x28, 0xB7, 0x5B, 0x75, 0xD1, 0xA8, 0x98, 0x4F, 0x3D, 0xAC, 0x9A, 0x8A,
    0xB7, 0xA5, 0x28, 0xAD, 0x31, 0xF4, 0xE1, 0x02, 0x5B, 0x13, 0xCE, 0xC2, 0x30, 0xF0, 0xEE, 0xBB,
    0x1A, 0x7A, 0xAF, 0xA9, 0x49, 0x9F, 0x9A, 0xF5, 0x46, 0x2D, 0x61, 0x84, 0x78, 0x4F, 0xE2, 0xCD,
    0x2E, 0xF0, 0xEE, 0x85, 0x3F, 0xB2, 0x0E, 0x0C, 0x22, 0xDE, 0x13, 0x75, 0x20, 0xEB, 0xA2, 0x9A,
    0x16, 0xDE, 0x8A, 0x80, 0xCC, 0x83, 0xF7, 0x74, 0xD3, 0xFE, 0x42, 0xD3, 0x6A, 0x0C, 0x2E, 0x6F,
    0xB5, 0x34, 0xED, 0x47, 0x27, 0x09, 0x6D, 0xC1, 0xF9, 0x99, 0xFA, 0xF0, 0x13, 0x37, 0x3B, 0x7A,
    0x1C, 0xA9, 0x63, 0x3D, 0xD0, 0x3F, 0xEA, 0x9C, 0x7F, 0xD4, 0x39, 0xFF, 0xA8, 0x50, 0x2C, 0x31,
    0xA8, 0x67, 0xF4, 0x87, 0x54, 0x8D, 0x81, 0x8F, 0x72, 0x52, 0x31, 0xE4, 0x94, 0x49, 0x06, 0x86,
    0xFE, 0xCC, 0xE3, 0xB1, 0x2B, 0xC3, 0xCB, 0x91, 0x49, 0x90, 0xA6, 0x16, 0x81, 0xCF, 0xE6, 0x1C,
    0xD1, 0x4B, 0xA4, 0x03, 0x06, 0x2D, 0x09, 0x39, 0xFA, 0xB9, 0xB2, 0x15, 0x84, 0xFF, 0xBA, 0x8F,
    0x0A, 0x87, 0xDB, 0xA7, 0x6A, 0x88, 0x77, 0x6A, 0xE4, 0xE3, 0x71, 0xE7, 0x0F, 0xB9, 0x42, 0xC0,
    0x17, 0x89, 0xFC, 0x18, 0x35, 0xE1, 0xC9, 0x88, 0xDC, 0x51, 0x33, 0xCE, 0x91, 0xAB, 0x86, 0xC9,
    0xB5, 0x1A, 0x86, 0x45, 0x06, 0xAC, 0x31, 0xD8, 0x34, 0x63, 0xE7, 0x83, 0x6B, 0x4E, 0x61, 0x69,
    0xF0, 0xA0, 0x73, 0x51, 0x49, 0x46, 0x62, 0x5F, 0xD1, 0x42, 0xC9, 0x3F, 0x81, 0xA2, 0x9C, 0x7D,
    0xE0, 0x97, 0xE1, 0x4A, 0xC6, 0x09, 0x68, 0x08, 0xB6, 0x23, 0xBA, 0x3A, 0x7F, 0xCD, 0xDB, 0x38,
    0x86, 0x13, 0x19, 0x27, 0x11, 0x22, 0xDE, 0xFD, 0x86, 0x86, 0x4C, 0x4B, 0x57, 0xE3, 0x47, 0x03,
    0x58, 0x6D, 0x92, 0x77, 0x54, 0x8D, 0x37, 0x05, 0xDF, 0xD3, 0x37, 0xD3, 0xDB, 0x49, 0x5C, 0xD8,
    0x9C, 0x66, 0x4C, 0xC6, 0xD4, 0xCD, 0xC9, 0x2A, 0x41, 0x99, 0x63, 0xB8, 0xD1, 0xEC, 0x03, 0xEF,
    0x2B, 0xDF, 0x8F, 0x1C, 0x10, 0x8B, 0xC5, 0x5E, 0xD9, 0x67, 0x59, 0xB3, 0xBB, 0x82, 0xB9, 0x72,
    0xA7, 0x06, 0xB6, 0xB2, 0x3D, 0x1A, 0xED, 0x49, 0x6B, 0x72, 0x32, 0x00, 0xF8, 0x55, 0x0F, 0x38,
    0x3E, 0xD4, 0x9D, 0x96, 0x8C, 0xAF, 0x8D, 0x88, 0x1B, 0xC9, 0x6A, 0x8D, 0x92, 0x00, 0x9A, 0xA9,
    0xEE, 0x74, 0xE5, 0x8C, 0xF1, 0x36, 0x54, 0x4A, 0x91, 0xD5, 0x08, 0xBC, 0xF0, 0x1B, 0x23, 0x55,
    0x21, 0x94, 0x06, 0x42, 0x1F, 0xB9, 0x2C, 0x7E, 0x8A, 0xC6, 0x78, 0x49, 0xE7, 0x64, 0xCD, 0xE6,
    0x64, 0x96, 0x63, 0x1F, 0xE3, 0x61, 0xCF, 0xB5, 0xBF, 0xB1, 0x79, 0x50, 0x8A, 0xB6, 0xE1, 0xB9,
    0x6D, 0x60, 0x44, 0x29, 0xDD, 0xCF, 0x78, 0x14, 0x51, 0x1A, 0x95, 0xB6, 0xC1, 0x53, 0x0A, 0x5B,
    0x4F, 0xAA, 0xBB, 0x7C, 0x8A, 0x21, 0xBE, 0x20, 0x6D, 0x21, 0xFC, 0xFA, 0xAD, 0xAA, 0x36, 0xAA,
    0x3E, 0x0B, 0x97, 0x81, 0x0A, 0x9C, 0x86, 0xD4, 0x7C, 0xA8, 0x16, 0x5A, 0xA6, 0x56, 0xCB, 0xD9,
    0xF0, 0x8E, 0xEC, 0x6D, 0xAE, 0xF3, 0x8C, 0x09, 0x97, 0x3B, 0xCC, 0x68, 0xDE, 0x82, 0xE8, 0x95,
    0x7C, 0xB4, 0x4E, 0x1D, 0x92, 0x84, 0x95, 0x11, 0x2B, 0x2B, 0x76, 0x53, 0xCC, 0xAC, 0xE8, 0x41,
    0xC4, 0x6F, 0x4B, 0x53, 0xBE, 0xBE, 0x20, 0x01, 0x0A, 0x69, 0xAE, 0x10, 0xB1, 0xFF, 0x2B, 0x44,
    0xF8, 0xE4, 0xBB, 0x11, 0x0A, 0xFA, 0x70, 0x9A, 0x2D, 0x88, 0xB2, 0x02, 0x87, 0x09, 0x9E, 0xC2,
    0x2B, 0xC4, 0x7B, 0x9A, 0x11, 0x88, 0x5C, 0xFF, 0x5D, 0x19, 0xD5, 0xC0, 0x82, 0x4C, 0xE9, 0xE7,
    0xED, 0x2D, 0x84, 0x87, 0x31, 0x47, 0x8B, 0x52, 0xB8, 0x15, 0xA5, 0x70, 0x8B, 0x60, 0xB4, 0xD7,
    0x60, 0x68, 0x5F, 0x84, 0x2D, 0x61, 0x51, 0xE0, 0xC5, 0x6A, 0xE0, 0x2B, 0xE8, 0x82, 0xEE, 0x4B,
    0xEA, 0x82, 0x6C, 0x64, 0x2C, 0x26, 0xF0, 0x2A, 0xF9, 0x87, 0xFE, 0x34, 0x72, 0x9C, 0x10, 0xA3,
    0x49, 0x3C, 0x39, 0x5F, 0xD0, 0x7D, 0x95, 0x5E, 0x2C, 0xCB, 0xBE, 0x26, 0x2F, 0x65, 0x89, 0x5A,
    0xC8, 0xC9, 0xA5, 0x75, 0xDC, 0xC7, 0x57, 0xEA, 0xA1, 0x07, 0x51, 0xF7, 0x47, 0x60, 0x97, 0x01,
    0x7C, 0xAA, 0x25, 0x9B, 0x99, 0x63, 0xAF, 0x79, 0x33, 0x55, 0xBB, 0x9F, 0x6B, 0xE6, 0x3B, 0x7C,
    0x05, 0xCA, 0x98, 0xCB, 0x50, 0xE6, 0x7F, 0xBC, 0x4E, 0xD9, 0x62, 0x64, 0x1A, 0xC7, 0xD9, 0x52,
    0x3A, 0x9B, 0xBC, 0x6E, 0x55, 0x54, 0x0A, 0xA5, 0x58, 0xA5, 0xB9, 0x77, 0xFB, 0x9E, 0x90, 0x09,
    0x70, 0x7C, 0x9C, 0x38, 0x16, 0xF6, 0x49, 0x80, 0xD6, 0xBB, 0xC5, 0x11, 0xDC, 0xE2, 0xDC, 0x5E,
    0x9C, 0x04, 0xB8, 0xB9, 0xFA, 0x2C, 0x22, 0xA8, 0x18, 0x2E, 0x45, 0xEF, 0x44, 0x71, 0x42, 0x6A,
    0x07, 0xF8, 0x2F, 0x31, 0x85, 0x88, 0x84, 0x11, 0x82, 0x09, 0xA8, 0xB6, 0x93, 0xC8, 0xE3, 0x2D,
    0x41, 0xC2, 0x2D, 0x8A, 0x6E, 0x05, 0x91, 0xC3, 0x39, 0x42, 0x0E, 0x30, 0x1B, 0x6B, 0x91, 0xC7,
    0xA1, 0x45, 0x69, 0x85, 0x8D, 0x08, 0x48, 0x9E, 0x9C, 0x6B, 0xCF, 0x47, 0x26, 0x26, 0xD2, 0xE5,
    0x38, 0xD7, 0xFE, 0x58, 0x5C, 0x21, 0xE6, 0x4D, 0x74, 0x18, 0x0A, 0xBB, 0xE5, 0xDA, 0x11, 0x42,
    0x08, 0x11, 0x29, 0x04, 0x26, 0x1A, 0xD2, 0xA7, 0xE5, 0xDA, 0x2F, 0x0C, 0x4E, 0xBC, 0xE8, 0x83,
    0x13, 0x8C, 0x4B, 0xD8, 0x1E, 0x83, 0x08, 0x15, 0x61, 0x7B, 0xDD, 0xB7, 0x97, 0x0A, 0x4E, 0xC8,
    0x21, 0x68, 0x65, 0x05, 0x02, 0xFA, 0x03, 0x38, 0x4D, 0x4E, 0x04, 0x86, 0x82, 0x91, 0x02, 0xD6,
    0xC7, 0xB9, 0x58, 0x83, 0x96, 0x6D, 0x94, 0x3D, 0x23, 0x44, 0x1D, 0x6D, 0x47, 0xA7, 0x75, 0x61,
    0x54, 0x0B, 0xF7, 0x71, 0xEC, 0xE5, 0x03, 0x5A, 0xC8, 0x07, 0x64, 0xC6, 0x9F, 0x4E, 0xAC, 0x6E,
    0xA2, 0xBA, 0xFF, 0x58, 0x53, 0x9C, 0xF4, 0x1B, 0xC9, 0x29, 0xE5, 0x2E, 0xBB, 0xAB, 0x89, 0x4E,
    0x46, 0x06, 0x58, 0x22, 0x33, 0x61, 0x09, 0x33, 0x7C, 0xAC, 0xB1, 0x94, 0xC5, 0x1B, 0xE7, 0xC2,
    0x41, 0x49, 0x80, 0x6C, 0x25, 0x0A, 0xCD, 0x8B, 0xB7, 0xE1, 0x6C, 0xBE, 0x8B, 0xD4, 0xDB, 0x7B,
    0x88, 0x28, 0x7E, 0xCC, 0xF8, 0xE5, 0xE0, 0xCA, 0x5E, 0xD9, 0xBE, 0x90, 0x59, 0x6F, 0x32, 0x14,
    0xCB, 0x06, 0x37, 0xFA, 0xDF, 0x63, 0xEE, 0xAA, 0xEE, 0x7C, 0x85, 0x50, 0xEA, 0x2A, 0x67, 0xB8,
    0x8C, 0x76, 0x38, 0x11, 0x65, 0x50, 0x01, 0xDF, 0x45, 0xEC, 0x92, 0xD5, 0x39, 0x99, 0x48, 0x89,
    0x28, 0xAE, 0x01, 0xAF, 0x2F, 0x7A, 0x56, 0x15, 0xF4, 0xD8, 0x88, 0x90, 0x00, 0x60, 0xE6, 0xFE,
    0x8A, 0x02, 0xF3, 0x3B, 0x9F, 0x01, 0x14, 0xBF, 0xFC, 0x21, 0x18, 0x39, 0x7F, 0x88, 0x5A, 0xCF,
    0xF2, 0x65, 0xF1, 0xC4, 0xD6, 0x7B, 0x28, 0x77, 0x5B, 0x67, 0x14, 0x9A, 0x88, 0x37, 0x04, 0xE8,
    0x61, 0x72, 0x04, 0x82, 0x7B, 0xC6, 0x1F, 0x1B, 0xC4, 0xBA, 0xE4, 0x08, 0x66, 0xE4, 0xD0, 0x05,
    0xA4, 0xC0, 0xE9, 0x1D, 0x09, 0x90, 0xE9, 0xF7, 0xDA, 0xE1, 0x90, 0x5E, 0x6B, 0x9B, 0x63, 0x29,
    0xA3, 0xEF, 0xEF, 0x8A, 0x7B, 0xC3, 0x1F, 0x7D, 0xAB, 0x42, 0x48, 0x73, 0xC0, 0xD6, 0xBA, 0xA3,
    0x90, 0xE6, 0x70, 0x15, 0x21, 0xCD, 0x95, 0xF9, 0xC1, 0x06, 0x69, 0x08, 0xC1, 0x09, 0xCD, 0xE6,
    0x41, 0x73, 0x61, 0xB4, 0x21, 0x74, 0x14, 0xE3, 0x7D, 0x91, 0x81, 0xAB, 0x3F, 0x43, 0x4D, 0x80,
    0x66, 0x62, 0x34, 0x87, 0xBD, 0xCF, 0xC0, 0x86, 0xBA, 0x6E, 0x45, 0x87, 0xAB, 0x46, 0xA3, 0x92,
    0x39, 0xB1, 0x8D, 0x93, 0x7E, 0x46, 0xF3, 0x58, 0xBA, 0x1D, 0xA2, 0x82, 0x88, 0x3B, 0xC9, 0xD7,
    0x5D, 0xE8, 0xB8, 0x85, 0xE8, 0xBC, 0x42, 0x65, 0xB0, 0xA9, 0x99, 0x74, 0x6B, 0xE5, 0xD0, 0x1A,
    0x91, 0x7D, 0xD9, 0xA0, 0x4B, 0x89, 0x78, 0x15, 0x05, 0x9F, 0x26, 0x62, 0x68, 0xCC, 0xCD, 0x06,
    0xAF, 0x75, 0x17, 0x9E, 0x2E, 0xB7, 0xF0, 0xF4, 0x93, 0xAB, 0x4E, 0x86, 0x54, 0x05, 0x68, 0x17,
    0x76, 0xC3, 0x6C, 0xF6, 0xFE, 0x3B, 0x18, 0xDF, 0xFA, 0x25, 0xAA, 0x4E, 0x5E, 0x7E, 0x8C, 0xAA,
    0x93, 0xC4, 0xEE, 0xAB, 0x4E, 0x1A, 0xA7, 0x23, 0x05, 0xB9, 0x58, 0xA2, 0x80, 0x96, 0x30, 0xA0,
    0x84, 0xC5, 0x0C, 0xFE, 0xE6, 0x8B, 0xAB, 0x4E, 0xBE, 0x74, 0x48, 0x30, 0xDC, 0x2A, 0x62, 0xDA,
    0xFB, 0x1F, 0x02, 0x46, 0xBC, 0x49, 0x0E, 0x06, 0x34, 0x82, 0x2D, 0x67, 0x28, 0x43, 0x09, 0x04,
    0xDB, 0x45, 0xFF, 0x4F, 0xEC, 0x79, 0x5B, 0x31, 0x41, 0xDF, 0x60, 0x6D, 0x88, 0xA1, 0x89, 0xB2,
    0xAB, 0x2E, 0x0C, 0x09, 0x6E, 0x05, 0xAD, 0x27, 0xCD, 0x19, 0x9A, 0x57, 0x2B, 0x77, 0xB5, 0xAA,
    0x5F, 0x6F, 0x6D, 0xEC, 0x05, 0x38, 0x53, 0x0B, 0x94, 0x5D, 0x26, 0xDE, 0xB8, 0xC0, 0xED, 0xD3,
    0x0A, 0x61, 0x4E, 0x8A, 0x4D, 0x9F, 0x98, 0xF7, 0x7D, 0xF2, 0x3A, 0xDA, 0x27, 0xB5, 0x93, 0x6C,
    0xBB, 0x0F, 0x99, 0xBF, 0x8C, 0xB6, 0xD3, 0xA8, 0xDC, 0x99, 0xFC, 0x5A, 0xBB, 0xFF, 0x36, 0x05,
    0x02, 0x7C, 0xEB, 0xD3, 0xF0, 0xE2, 0xB0, 0x89, 0x04, 0x84, 0x98, 0x3F, 0x86, 0x65, 0xD3, 0x52,
    0x28, 0x94, 0xB3, 0x86, 0x5A, 0x56, 0xF1, 0xDE, 0x0A, 0x8C, 0xF1, 0x03, 0x1F, 0xBD, 0x0D, 0xBF,
    0xB7, 0x73, 0xD8, 0xD2, 0x83, 0xC3, 0x76, 0xBE, 0x7E, 0x77, 0x72, 0xE5, 0x4D, 0x17, 0x55, 0x5F,
    0xD8, 0x41, 0xF3, 0x14, 0xF1, 0x56, 0x7B, 0x9D, 0x2C, 0x21, 0xE3, 0x7C, 0xF5, 0x16, 0xC7, 0x2B,
    0xE9, 0x63, 0xAB, 0x39, 0x40, 0xD2, 0xAD, 0xF7, 0x49, 0x4B, 0xB5, 0xA7, 0x95, 0x86, 0xB7, 0xE9,
    0x69, 0x11, 0x33, 0x95, 0xBA, 0xCF, 0xCE, 0xE1, 0x28, 0xB6, 0x12, 0xB4, 0xAE, 0x14, 0xA5, 0xDA,
    0xC0, 0xC6, 0xB9, 0xF3, 0xB4, 0xBB, 0xBA, 0xDA, 0x45, 0x5B, 0x51, 0x28, 0x43, 0x1A, 0x05, 0x34,
    0x88, 0x99, 0x0F, 0x4C, 0xF1, 0x85, 0x56, 0xC5, 0xC7, 0x95, 0xA1, 0xA5, 0xCB, 0x7E, 0x5E, 0x36,
    0x7E, 0xD1, 0x81, 0x66, 0x4E, 0xE9, 0x5C, 0x55, 0xF1, 0x6B, 0xC7, 0x55, 0xC5, 0xE6, 0xA2, 0xAA,
    0xE2, 0xE0, 0x82, 0xAA, 0x62, 0x8D, 0xA0, 0x12, 0x0F, 0x47, 0x5A, 0xC0, 0xEB, 0xAB, 0x8A, 0xDF,
    0xFB, 0x25, 0x79, 0xED, 0x2D, 0xAD, 0x2A, 0xCE, 0xDE, 0xD5, 0xAA, 0xE2, 0x07, 0x5A, 0x55, 0x7C,
    0x46, 0xD7, 0x93, 0xE5, 0xC4, 0x82, 0x7E, 0x5E, 0xB4, 0x5A, 0x55, 0x6C, 0xB5, 0xAA, 0x78, 0xDD,
    0x55, 0x15, 0x07, 0x01, 0x27, 0x52, 0x5F, 0x1F, 0x8B, 0x0A, 0x0E, 0xFD, 0x25, 0xEA, 0xFE, 0x39,
    0xBB, 0x73, 0x35, 0x49, 0xC6, 0x44, 0x93, 0x8C, 0xD0, 0xEB, 0xAF, 0xC6, 0x9A, 0x64, 0x5C, 0x0E,
    0xAB, 0xD2, 0x45, 0xE9, 0x9A, 0x74, 0x49, 0x5C, 0xD1, 0x33, 0xAC, 0x84, 0xAE, 0xF6, 0x95, 0xD0,
    0xA4, 0xFE, 0xE4, 0x03, 0xF3, 0x2F, 0x12, 0xF4, 0x8E, 0xAE, 0x46, 0xED, 0xA9, 0x89, 0xD1, 0xFE,
    0xCB, 0x26, 0x46, 0x17, 0x95, 0xD7, 0x6F, 0xD3, 0xA2, 0x6B, 0x1C, 0xD6, 0xF8, 0xE0, 0x7F, 0x42,
    0xD3, 0x0A, 0xCE, 0x59, 0x5D, 0xEF, 0x26, 0x62, 0xE7, 0x26, 0x62, 0x6A, 0x8E, 0x65, 0xBF, 0xF0,
    0xF1, 0x5C, 0x72, 0xAF, 0xEE, 0xE0, 0xB8, 0xB4, 0x67, 0x2C, 0xDC, 0x7D, 0x83, 0x62, 0xF1, 0x77,
    0xF4, 0x40, 0xB0, 0xB0, 0x88, 0x16, 0x79, 0xAB, 0x2A, 0xAE, 0x76, 0x55, 0xC5, 0x03, 0xAB, 0x8A,
    0x0D, 0xAB, 0x8A, 0xC7, 0x40, 0x91, 0xAE, 0x76, 0x83, 0x28, 0x4C, 0x60, 0x16, 0x60, 0x60, 0xE1,
    0x6B, 0x7F, 0xDA, 0xA1, 0x54, 0x6B, 0x93, 0xE9, 0xA1, 0xF8, 0xCB, 0x95, 0x80, 0x91, 0xB1, 0xC9,
    0x75, 0xE7, 0x1D, 0x49, 0x01, 0x15, 0x82, 0x87, 0xE2, 0xB5, 0x44, 0x01, 0x9A, 0x02, 0x1A, 0xEF,
    0x48, 0xE2, 0x6F, 0xD9, 0xAF, 0x80, 0xC7, 0x0C, 0xF0, 0xA0, 0x91, 0xB5, 0x95, 0x03, 0xB3, 0x04,
    0x39, 0xA4, 0x32, 0x83, 0x54, 0xA6, 0xD6, 0xA5, 0xB9, 0xCE, 0x25, 0x4E, 0x66, 0x77, 0x66, 0x42,
    0xA6, 0x94, 0xD5, 0xBF, 0x30, 0x60, 0x2C, 0x95, 0x2B, 0x98, 0x0D, 0x2A, 0xDF, 0xED, 0x11, 0xB3,
    0x7B, 0x08, 0x58, 0x5B, 0xFF, 0x14, 0x80, 0xB6, 0x7D, 0xEB, 0x67, 0x70, 0xB4, 0x6F, 0xFF, 0x3B,
    0x34, 0x65, 0x26, 0xBB, 0xDA, 0xBA, 0x07, 0x97, 0x2D, 0xB9, 0x3A, 0xBF, 0xCA, 0xEA, 0xE7, 0x1F,
    0xB3, 0x17, 0x62, 0x86, 0x89, 0x9C, 0x26, 0x44, 0x3B, 0xC7, 0x51, 0x53, 0x99, 0x25, 0x0B, 0x5A,
    0x65, 0x06, 0xF9, 0x93, 0x9B, 0xD3, 0x2C, 0x27, 0xF1, 0x35, 0x8B, 0x5D, 0xB5, 0xFE, 0x59, 0x80,
    0x1E, 0xA2, 0x58, 0xB7, 0xEF, 0xC0, 0x28, 0x67, 0xB7, 0xD1, 0x8F, 0x93, 0xCB, 0x87, 0xE1, 0x5A,
    0xB4, 0x6A, 0x00, 0x76, 0x4D, 0x1C, 0x88, 0xB4, 0xCF, 0x3F, 0x01, 0x71, 0xA6, 0x19, 0xDC, 0x34,
    0x4E, 0x60, 0xAC, 0x4F, 0x30, 0xAF, 0x4E, 0xA4, 0x93, 0xEA, 0x02, 0x74, 0x46, 0x97, 0xC6, 0xCB,
    0x8C, 0x32, 0x4A, 0x4C, 0x0F, 0x2D, 0x85, 0xEE, 0x5D, 0x51, 0x96, 0x6B, 0x17, 0xC7, 0x28, 0x50,
    0x9C, 0xAF, 0xED, 0x18, 0xE5, 0x36, 0x19, 0xA5, 0x1C, 0xCE, 0x95, 0x9F, 0xB3, 0xF5, 0x4C, 0x73,
    0x85, 0x04, 0xE1, 0x13, 0x9E, 0xC9, 0x46, 0x2D, 0x3F, 0xC4, 0x64, 0x9A, 0x1C, 0x22, 0x8A, 0xDC,
    0xCA, 0x0F, 0x77, 0xC8, 0x88, 0xDB, 0x3D, 0x04, 0x84, 0x52, 0x3B, 0x67, 0x8B, 0x88, 0x45, 0x31,
    0x66, 0x76, 0x42, 0x8E, 0x29, 0x3A, 0xB0, 0xC3, 0x78, 0x79, 0x76, 0xE8, 0x73, 0x06, 0x35, 0x66,
    0x97, 0x33, 0x6A, 0x62, 0x44, 0x0C, 0xB1, 0xDB, 0xCC, 0x1A, 0x38, 0x6B, 0x16, 0x81, 0x87, 0xDC,
    0x3A, 0xB1, 0xA0, 0x99, 0x38, 0x3B, 0xBF, 0xDB, 0xAD, 0xD8, 0x3E, 0xDA, 0xB9, 0x0C, 0x47, 0x7B,
    0x9E, 0x18, 0x1B, 0x40, 0x50, 0x43, 0x46, 0x88, 0x76, 0x8E, 0xD8, 0x86, 0xAC, 0x84, 0x0E, 0xD3,
    0xA0, 0xCE, 0x13, 0xAC, 0x33, 0x7B, 0x62, 0xD4, 0x9D, 0x75, 0x21, 0xF4, 0x02, 0x3C, 0x5F, 0x82,
    0xE7, 0x4B, 0x6C, 0xB2, 0xB6, 0xE2, 0x0B, 0x46, 0x6B, 0x8E, 0x5A, 0x70, 0xD9, 0x06, 0x13, 0x68,
    0x4E, 0x4B, 0x11, 0xCE, 0x21, 0x84, 0xF8, 0xA9, 0xC5, 0x04, 0xEC, 0x13, 0x47, 0x72, 0x6C, 0xC0,
    0x76, 0xB5, 0x04, 0xA5, 0x60, 0xF8, 0x66, 0x72, 0x99, 0xDD, 0x2F, 0x5D, 0xF7, 0x09, 0xE8, 0x10,
    0x6D, 0x60, 0x54, 0x47, 0xD6, 0xAB, 0x58, 0xD6, 0x7D, 0xB6, 0x97, 0xAC, 0xFB, 0xEC, 0x51, 0x95,
    0x2F, 0x93, 0x50, 0x01, 0xA4, 0x38, 0xDA, 0x26, 0xBB, 0x64, 0xDD, 0xE7, 0x51, 0xF3, 0x3A, 0x3B,
    0x34, 0x8B, 0x43, 0xAA, 0x7C, 0xA0, 0x47, 0xAB, 0x5D, 0x59, 0x3E, 0x2B, 0x83, 0xFC, 0x12, 0x56,
    0x8F, 0xAE, 0x3A, 0x97, 0x2A, 0x5F, 0xE9, 0xBA, 0x88, 0x97, 0x8A, 0xD6, 0x2C, 0x41, 0xE2, 0x0D,
    0x14, 0xC2, 0x51, 0x84, 0xE2, 0x38, 0xD1, 0x87, 0xFA, 0x42, 0x74, 0x8F, 0x06, 0x30, 0xF5, 0xF2,
    0xA2, 0x99, 0x6F, 0x9A, 0x55, 0x2C, 0x36, 0xD5, 0x96, 0x6C, 0xCE, 0x30, 0x19, 0x0A, 0x28, 0x42,
    0xDB, 0x5F, 0x19, 0x81, 0x13, 0x62, 0x85, 0x1C, 0xB9, 0x4E, 0x57, 0x08, 0x46, 0xFF, 0x2A, 0x60,
    0xF8, 0x82, 0x93, 0x90, 0x7C, 0x20, 0x1C, 0x7C, 0x2C, 0x5D, 0xEE, 0xF1, 0x24, 0x86, 0x40, 0x52,
    0x40, 0x0D, 0x6B, 0xC6, 0xD0, 0x7F, 0x62, 0xBB, 0x96, 0xD2, 0x41, 0xA0, 0x52, 0xD1, 0x31, 0xD2,
    0x10, 0xAD, 0x06, 0x68, 0x9D, 0x1A, 0xD0, 0x54, 0x1B, 0xAB, 0xD5, 0xC9, 0x25, 0xFB, 0xDA, 0x8E,
    0x91, 0xB5, 0x1D, 0xCA, 0x88, 0x64, 0xCA, 0x12, 0xF9, 0x18, 0x4C, 0xD2, 0x07, 0x5E, 0x74, 0xE8,
    0x23, 0xD8, 0xC5, 0x85, 0x92, 0xD8, 0x77, 0x44, 0x54, 0x52, 0xDF, 0x42, 0x46, 0x07, 0x39, 0x66,
    0x54, 0x38, 0x06, 0xAB, 0xF8, 0xD7, 0xA1, 0x48, 0xA5, 0x89, 0xE6, 0xDC, 0x4E, 0x82, 0x28, 0xD0,
    0xF0, 0x2B, 0x0E, 0xBF, 0x80, 0x8A, 0xB3, 0x39, 0x41, 0xA3, 0x52, 0x6A, 0xEA, 0x17, 0x91, 0x8B,
    0x42, 0x29, 0xAC, 0x8D, 0xE7, 0xBC, 0x47, 0x80, 0xF3, 0x3E, 0xEA, 0xA9, 0xCF, 0xE4, 0xB3, 0x92,
    0xF5, 0xD4, 0xA8, 0xB5, 0x76, 0x2E, 0x0B, 0x91, 0x6D, 0xC9, 0xB0, 0xC1, 0xEC, 0xDD, 0xD4, 0x7B,
    0x2C, 0xF9, 0xAA, 0x5C, 0xAC, 0xBD, 0x06, 0x79, 0x5B, 0x52, 0x1A, 0x1A, 0x1B, 0x2D, 0xC7, 0xE1,
    0x22, 0x66, 0x3F, 0x12, 0x87, 0x70, 0x88, 0xE7, 0x94, 0x2D, 0xC7, 0x56, 0x26, 0x90, 0x3D, 0xA4,
    0x26, 0x7F, 0xC7, 0x66, 0x46, 0xD0, 0x55, 0x36, 0x94, 0xDD, 0x9A, 0xF7, 0x65, 0xB3, 0x16, 0x5D,
    0x5D, 0x2D, 0x65, 0xD7, 0x86, 0xB3, 0xA0, 0x1B, 0xB2, 0x59, 0xEA, 0x4B, 0xEE, 0x79, 0xD9, 0x41,
    0x4A, 0xC1, 0xA5, 0x17, 0xC7, 0xE0, 0x91, 0x00, 0xC4, 0xC8, 0x79, 0x89, 0xBD, 0xA6, 0x01, 0x64,
    0x01, 0x95, 0x56, 0xED, 0xF3, 0xA9, 0x39, 0x5C, 0x2B, 0x51, 0x68, 0xE2, 0xB9, 0x0F, 0x82, 0xF1,
    0xE4, 0xCD, 0xD6, 0x88, 0xE2, 0xB8, 0x3D, 0xB6, 0xAF, 0x2F, 0xE9, 0x88, 0xE8, 0xEE, 0x68, 0x5F,
    0x9A, 0x32, 0x63, 0x5F, 0x16, 0x37, 0xDF, 0xDE, 0x36, 0xC5, 0x20, 0x43, 0xD9, 0xB7, 0x6F, 0x0D,
    0x82, 0x1D, 0xDE, 0xFF, 0xD0, 0x19, 0xF2, 0xDC, 0x15, 0x59, 0xF6, 0x5A, 0x9D, 0xAE, 0xB8, 0x9D,
    0xD7, 0x65, 0x68, 0x4A, 0xDC, 0x6E, 0x85, 0x12, 0x37, 0x86, 0x2D, 0xED, 0x31, 0x6B, 0x4E, 0x31,
    0x52, 0x8C, 0xED, 0x9B, 0x12, 0x0A, 0x93, 0x3E, 0x62, 0x24, 0xA2, 0xAA, 0x51, 0x6B, 0xD9, 0x9E,
    0x2D, 0x82, 0xE6, 0xEE, 0xA0, 0xCB, 0xFA, 0x0D, 0x81, 0x9B, 0xED, 0x9B, 0xB2, 0xC4, 0xFA, 0x4D,
    0x53, 0x37, 0xE5, 0xFB, 0x9F, 0xB8, 0x80, 0x99, 0xA6, 0x3D, 0x7C, 0x1F, 0x17, 0xC3, 0xFC, 0xBE,
    0xE1, 0x79, 0x9B, 0xF2, 0xA9, 0xED, 0x0B, 0xF1, 0xAF, 0xDD, 0xBE, 0x30, 0x05, 0xFF, 0xB1, 0xE5,
    0x61, 0xBC, 0xC3, 0xC0, 0xCC, 0xA9, 0x26, 0x95, 0x7B, 0x5F, 0xBA, 0x9F, 0xB1, 0x35, 0xB5, 0xF7,
    0x5D, 0xCD, 0x5F, 0x5C, 0x61, 0x92, 0x7F, 0xC9, 0x0A, 0x13, 0xB2, 0xFC, 0xE0, 0xD0, 0xAC, 0x06,
    0x54, 0x70, 0x1E, 0x2F, 0xCC, 0x3E, 0x07, 0xD9, 0xF6, 0xBF, 0x6E, 0x53, 0xC5, 0x70, 0xC9, 0xA6,
    0x0A, 0xDF, 0x8A, 0x9B, 0x68, 0x8A, 0xA9, 0x3F, 0x0A, 0xB0, 0xB6, 0xCD, 0xF9, 0x28, 0x2B, 0xAB,
    0x62, 0x3C, 0x2E, 0x5C, 0x51, 0x52, 0x6B, 0xB5, 0x16, 0x06, 0xA5, 0x30, 0xE1, 0x9C, 0xBF, 0xBD,
    0x10, 0xF3, 0xAB, 0x84, 0x4E, 0xE5, 0x9D, 0x29, 0x19, 0xEB, 0x97, 0x46, 0xD6, 0x93, 0x03, 0xF2,
    0x18, 0xD4, 0x94, 0x0F, 0x39, 0xBA, 0xD2, 0x0A, 0x14, 0xC3, 0x02, 0xF7, 0x8C, 0xA8, 0x24, 0x37,
    0xBE, 0xC6, 0xFB, 0x5C, 0xE1, 0x07, 0x2B, 0x31, 0x00, 0x4F, 0x06, 0x3A, 0x5C, 0x08, 0x13, 0x56,
    0x8C, 0x22, 0x15, 0x08, 0x0B, 0x15, 0xA8, 0x22, 0xA3, 0xDD, 0xA3, 0x21, 0x14, 0x41, 0x10, 0x08,
    0xF4, 0x78, 0x75, 0xD1, 0x72, 0xB7, 0xC1, 0x1E, 0xFB, 0x6D, 0x9E, 0x90, 0xE6, 0x79, 0x92, 0x17,
    0x0D, 0x29, 0x14, 0xE3, 0x0C, 0x05, 0xB8, 0x2B, 0xF7, 0x4F, 0x9D, 0x9D, 0xA8, 0x91, 0xBB, 0xA4,
    0x23, 0x28, 0x72, 0xD6, 0xE1, 0x8A, 0x13, 0x81, 0xDB, 0x1F, 0x42, 0xA9, 0xFE, 0x17, 0x51, 0x35,
    0xBD, 0x0F, 0xB3, 0x0F, 0x0E, 0xA6, 0xEB, 0xE5, 0xDC, 0x75, 0x6D, 0x56, 0x92, 0xF3, 0x15, 0xF6,
    0x93, 0x15, 0x22, 0xAB, 0xC1, 0x1E, 0x17, 0x6D, 0x87, 0x88, 0x58, 0xA0, 0x42, 0x64, 0xA2, 0x57,
    0xCB, 0x00, 0x30, 0x90, 0x71, 0xFE, 0x59, 0x23, 0xF1, 0xFD, 0xD6, 0xD9, 0xA1, 0x01, 0xCF, 0xC2,
    0xDD, 0x4A, 0x31, 0x07, 0x5A, 0x2F, 0xE2, 0x4C, 0xC8, 0xD3, 0x2F, 0xBA, 0xD8, 0x87, 0x00, 0x10,
    0x59, 0x9E, 0xB3, 0x59, 0xFB, 0xF9, 0xB4, 0x28, 0x7C, 0x48, 0xB7, 0xB8, 0x78, 0x82, 0xFC, 0x4E,
    0xB2, 0xC4, 0x58, 0x2B, 0x56, 0xBE, 0x32, 0xE6, 0x28, 0xBB, 0x89, 0x56, 0x79, 0x77, 0xE8, 0x42,
    0xE2, 0xAE, 0x0E, 0xC7, 0x07, 0x36, 0xD8, 0x10, 0xD3, 0x7F, 0x41, 0x9F, 0x0F, 0x02, 0xC2, 0xB0,
    0x10, 0xC4, 0x6E, 0x99, 0x51, 0xF8, 0x08, 0x25, 0x9E, 0x4C, 0x60, 0xCC, 0x78, 0xD1, 0xC7, 0xE7,
    0xED, 0xE2, 0x04, 0x17, 0xB2, 0x74, 0x97, 0x10, 0x30, 0x08, 0xE8, 0x9A, 0x0B, 0xC9, 0x4D, 0xFC,
    0xB4, 0x66, 0x70, 0x58, 0xB4, 0x23, 0xCC, 0x31, 0x82, 0xB4, 0xC9, 0xAC, 0x98, 0x3C, 0x76, 0xAD,
    0x90, 0x95, 0x0B, 0x4C, 0x6D, 0x1E, 0x03, 0x97, 0x42, 0x2C, 0xAF, 0x60, 0x5E, 0x61, 0x83, 0x7A,
    0xFC, 0xCE, 0xBF, 0x61, 0x21, 0x63, 0x6E, 0xE8, 0xAA, 0x4C, 0xFB, 0x20, 0x2F, 0x71, 0x3F, 0xD7,
    0x16, 0x3A, 0xBF, 0x99, 0x4A, 0x86, 0xAE, 0x74, 0xAE, 0xBA, 0xEF, 0x63, 0x9E, 0xDD, 0x4F, 0x01,
    0xE5, 0x2D, 0xB8, 0x35, 0x5D, 0x50, 0x12, 0x97, 0x8B, 0xAD, 0x1E, 0x58, 0xC6, 0xDD, 0xEF, 0x9A,
    0x1C, 0x2E, 0xF2, 0x69, 0xE0, 0x50, 0x12, 0x46, 0xDF, 0x67, 0xF7, 0xF1, 0x19, 0x8B, 0xAC, 0x61,
    0x45, 0x8B, 0x1E, 0x0B, 0x2D, 0x3B, 0x6C, 0xAF, 0xEC, 0xA0, 0x73, 0x6B, 0x44, 0x30, 0xE5, 0x9B,
    0xA0, 0x24, 0xDB, 0x6C, 0x64, 0x2C, 0x50, 0x24, 0xC1, 0x6A, 0xE3, 0x15, 0xEF, 0x67, 0x6F, 0x7A,
    0xC0, 0xE6, 0x74, 0x62, 0x07, 0xB8, 0x13, 0x01, 0xD3, 0x67, 0x10, 0x9D, 0xCC, 0x44, 0x6C, 0xB6,
    0x8E, 0x96, 0x7D, 0x2B, 0x9E, 0x6F, 0xC2, 0x73, 0xD7, 0xAB, 0x9C, 0xF7, 0xB1, 0x1C, 0xD0, 0x72,
    0x70, 0x8B, 0xBE, 0x29, 0x8A, 0x88, 0xEC, 0x58, 0x37, 0x62, 0xC7, 0xDA, 0x0A, 0xA5, 0x38, 0xF8,
    0xBD, 0xA0, 0xE4, 0x31, 0x5C, 0xF5, 0xFD, 0x99, 0x41, 0x6F, 0xE4, 0x80, 0x7E, 0x95, 0x3E, 0x41,
    0xBB, 0x0A, 0xB4, 0x4E, 0x47, 0xD7, 0x05, 0xC3, 0x50, 0x9B, 0x2D, 0xF6, 0x83, 0x9A, 0xF3, 0x5F,
    0x8A, 0x5E, 0x5D, 0x6F, 0x6D, 0xF5, 0x69, 0xB1, 0xAF, 0x4F, 0xD3, 0xA4, 0x5D, 0xC6, 0x8E, 0x30,
    0x16, 0x63, 0xE9, 0x05, 0x1C, 0xAC, 0x3C, 0x77, 0x65, 0xEF, 0x1E, 0xDE, 0xED, 0xCA, 0xDE, 0xED,
    0x16, 0x99, 0x6E, 0xD9, 0x08, 0xB4, 0x19, 0xA3, 0x5C, 0xB1, 0x56, 0x7B, 0x51, 0x2A, 0xB9, 0x73,
    0xF5, 0x65, 0xA1, 0xDE, 0x71, 0x30, 0x38, 0xBD, 0xF3, 0x54, 0x75, 0xBA, 0x2B, 0xB8, 0x44, 0x31,
    0x19, 0xF3, 0x39, 0xFB, 0x94, 0x18, 0xC3, 0xDE, 0x99, 0x0B, 0x61, 0xF9, 0x2C, 0x0D, 0x31, 0xDF,
    0x49, 0x46, 0x7B, 0xF6, 0x49, 0x4A, 0x32, 0x95, 0xF2, 0x17, 0x8D, 0xC1, 0xF6, 0x48, 0xE9, 0xAA,
    0xE8, 0x54, 0x90, 0x27, 0xD5, 0x9B, 0x2E, 0x0D, 0xEA, 0x43, 0x5A, 0xB5, 0x96, 0xE0, 0xB7, 0xDD,
    0x77, 0x05, 0xFA, 0x3D, 0x30, 0xA2, 0xF8, 0x1E, 0x7C, 0x20, 0xEE, 0xEC, 0xC3, 0x77, 0x64, 0xF8,
    0xDF, 0x07, 0x2B, 0x24, 0x77, 0xDD, 0xA0, 0xC4, 0x56, 0x45, 0x02, 0x45, 0xF6, 0x3C, 0x24, 0xE0,
    0x6F, 0xA0, 0xC8, 0x7E, 0x00, 0x45, 0xF6, 0xFB, 0xE7, 0x4D, 0x8F, 0xEF, 0xAA, 0x42, 0x05, 0x93,
    0x7C, 0x52, 0x18, 0xAD, 0x6E, 0x15, 0x7D, 0xFE, 0x73, 0xF1, 0x29, 0xEA, 0x77, 0x45, 0x7F, 0xD6,
    0x9F, 0xC9, 0x44, 0xB5, 0x8B, 0x3B, 0xAC, 0x1A, 0xC6, 0xD3, 0x39, 0xF2, 0xDB, 0x7E, 0xA2, 0xF2,
    0x02, 0x8D, 0xE9, 0x62, 0x26, 0x97, 0x68, 0x78, 0x99, 0x08, 0x97, 0xAB, 0xC8, 0x63, 0x79, 0x38,
    0x0E, 0x2D, 0xEE, 0x0E, 0x28, 0xF5, 0x76, 0x89, 0xD4, 0x97, 0x59, 0x5D, 0xA6, 0xFF, 0x4B, 0xE1,
    0x01, 0x63, 0x6F, 0x87, 0xAE, 0x96, 0x7C, 0xC3, 0x26, 0xFB, 0x66, 0xFF, 0x0B, 0x8A, 0x71, 0x9B,
    0x2F, 0x2A, 0xC6, 0x3D, 0x97, 0x17, 0x89, 0xB6, 0xBC, 0x08, 0x5B, 0xE2, 0x08, 0x00, 0x6E, 0xAC,
    0x3E, 0xC9, 0xE5, 0xE2, 0x98, 0x46, 0x56, 0x95, 0x99, 0xE7, 0x05, 0x8B, 0x8F, 0xF7, 0x04, 0x30,
    0x9A, 0xB5, 0x18, 0xC4, 0x42, 0xA3, 0xDB, 0x01, 0x5D, 0x70, 0x86, 0xED, 0x5D, 0x10, 0xDA, 0xE1,
    0x06, 0x35, 0xF0, 0x66, 0xD7, 0x75, 0x58, 0x8F, 0xFE, 0xAF, 0xCC, 0xFF, 0x8F, 0x78, 0xF1, 0xA8,
    0x55, 0x33, 0xC2, 0x80, 0x23, 0x82, 0x4B, 0x1A, 0x62, 0xAA, 0x34, 0xD0, 0x18, 0xBA, 0x92, 0x96,
    0xF1, 0xD5, 0x4C, 0x90, 0xE8, 0x5A, 0x98, 0x64, 0x5C, 0xC4, 0xE7, 0x34, 0xB6, 0xBD, 0xDF, 0x0E,
    0x6C, 0xBF, 0x2B, 0xF4, 0x18, 0xD1, 0xCF, 0xAA, 0xDD, 0x28, 0x0D, 0x01, 0xCE, 0xB7, 0xF1, 0x52,
    0xED, 0x15, 0x72, 0xAE, 0x40, 0x48, 0x05, 0xFD, 0xAC, 0x76, 0xD4, 0x6A, 0x90, 0x6C, 0x74, 0x60,
    0xFC, 0x50, 0xD6, 0x9A, 0xEE, 0xD5, 0xC6, 0x6F, 0x7E, 0xAB, 0xB9, 0x26, 0x33, 0x3E, 0x7A, 0x4A,
    0x61, 0xED, 0xB5, 0xBB, 0xB9, 0x2A, 0xF8, 0x7E, 0xC4, 0x2B, 0x89, 0x16, 0x66, 0x35, 0xB5, 0x48,
    0x57, 0x23, 0xE7, 0x0C, 0x0C, 0xD3, 0x20, 0xE5, 0x8F, 0x0E, 0xB9, 0xBE, 0xDF, 0x9A, 0x8B, 0x2C,
    0xC2, 0xEE, 0x77, 0xD9, 0x4C, 0x70, 0x48, 0xCF, 0x66, 0x4F, 0x4B, 0xCF, 0x3E, 0xCB, 0xEE, 0x16,
    0x6D, 0x67, 0x86, 0x9A, 0x04, 0x0E, 0x88, 0x58, 0xED, 0x0C, 0x04, 0x29, 0xAA, 0x73, 0xDA, 0xAE,
    0x68, 0x78, 0xC0, 0xA8, 0xD1, 0xCF, 0x18, 0xC8, 0x6C, 0x19, 0xFF, 0x75, 0xF1, 0xA2, 0xBB, 0xFE,
    0x76, 0x31, 0x4D, 0xD7, 0x68, 0x03, 0x1A, 0xEA, 0x71, 0xD8, 0x27, 0x56, 0x6B, 0xC3, 0x3B, 0x7A,
    0xF2, 0x19, 0x7E, 0xE4, 0x9F, 0x52, 0xC7, 0x81, 0x7F, 0x90, 0xF2, 0x66, 0x3C, 0xB0, 0x63, 0xA4,
    0xAC, 0x09, 0x5C, 0xFB, 0xB8, 0xBF, 0x5A, 0x6E, 0xF2, 0x55, 0x69, 0xAE, 0x67, 0x5A, 0x29, 0x85,
    0xD8, 0x07, 0xFA, 0xE4, 0x73, 0x06, 0x9B, 0xE0, 0x74, 0xD9, 0x33, 0x4A, 0xF2, 0x9B, 0x14, 0x6F,
    0x14, 0x32, 0xE8, 0x31, 0xC6, 0x3E, 0xDC, 0xAB, 0xB7, 0xD3, 0xC1, 0x12, 0xAE, 0xE0, 0x23, 0x14,
    0x0B, 0x69, 0x9C, 0x87, 0xA1, 0xC9, 0xB6, 0x3B, 0x34, 0xE3, 0xB7, 0xDB, 0x0D, 0x07, 0x83, 0xC6,
    0xA9, 0x77, 0xEB, 0x29, 0x76, 0xEB, 0xD1, 0x5C, 0xBF, 0xEB, 0xA6, 0xD1, 0x33, 0x65, 0xDD, 0x84,
    0x96, 0x6C, 0x69, 0xC9, 0x06, 0x4A, 0x07, 0x20, 0xD4, 0x67, 0x4C, 0x92, 0xBC, 0xCE, 0xDB, 0xF1,
    0x6E, 0x11, 0x49, 0x53, 0x1C, 0xB4, 0x3E, 0x66, 0x05, 0x54, 0x8F, 0x71, 0xD4, 0x18, 0xA1, 0x27,
    0xA6, 0xDC, 0x1C, 0x82, 0x8B, 0x5A, 0xC9, 0x56, 0x12, 0xC4, 0xD6, 0xEC, 0x85, 0xC6, 0x6A, 0x2D,
    0xFC, 0xB7, 0x76, 0x86, 0x19, 0x86, 0x7E, 0x37, 0x8C, 0x36, 0x9A, 0xE0, 0x9F, 0x1C, 0xF2, 0xF3,
    0xE9, 0xF4, 0x6A, 0x03, 0x48, 0xEA, 0xFD, 0xA5, 0xBB, 0xFB, 0xC0, 0x2E, 0xD7, 0x45, 0x43, 0xCC,
    0x9A, 0x11, 0x76, 0x62, 0x55, 0x5B, 0x17, 0xCD, 0xC0, 0x2E, 0x9A, 0xDE, 0xF5, 0x66, 0xA3, 0x8B,
    0x66, 0xE6, 0x7A, 0x26, 0x76, 0xD1, 0x8C, 0x0C, 0x90, 0x1B, 0x76, 0xD1, 0x0C, 0x87, 0x1E, 0x5A,
    0x4D, 0xEF, 0xAF, 0xBB, 0xE4, 0xCB, 0xF7, 0x82, 0xAF, 0x76, 0xE9, 0xC4, 0xF1, 0xCD, 0x50, 0xBF,
    0xE1, 0x4B, 0x27, 0xC2, 0xC3, 0xB9, 0xB3, 0x08, 0xD9, 0x01, 0x6C, 0x85, 0xD3, 0xDA, 0x40, 0x77,
    0xB9, 0x5E, 0x9D, 0x93, 0x9B, 0x2F, 0x2F, 0xD5, 0xAB, 0x73, 0xE8, 0x25, 0x49, 0xD5, 0xAD, 0x1B,
    0x5C, 0x75, 0xDA, 0xCD, 0x47, 0x4A, 0xAB, 0xCB, 0xB4, 0xA7, 0xAF, 0xBE, 0xBE, 0xA5, 0x66, 0x28,
    0xB6, 0xF5, 0xB5, 0x47, 0xBE, 0x8E, 0x39, 0xB4, 0x5A, 0xC7, 0xCF, 0xEE, 0x77, 0x5E, 0x51, 0xB2,
    0xF5, 0xC0, 0xD7, 0xBB, 0x58, 0xA8, 0x93, 0x91, 0x89, 0xB0, 0x7C, 0xE4, 0x24, 0x86, 0x93, 0x0C,
    0xC4, 0x12, 0x4F, 0xE0, 0x34, 0x9A, 0x0D, 0xAD, 0x96, 0xA4, 0x3A, 0xFF, 0x4A, 0xB4, 0x62, 0x6D,
    0x42, 0x45, 0x77, 0x00, 0xB4, 0x32, 0xA0, 0xD5, 0x50, 0x72, 0x40, 0xE0, 0x53, 0x68, 0xA5, 0xF7,
    0x4A, 0x7A, 0x94, 0x4B, 0x81, 0xA2, 0xD9, 0xE0, 0xCC, 0xC2, 0xE2, 0xCF, 0xA4, 0xC7, 0x3E, 0x51,
    0x2F, 0x8C, 0x0A, 0xBD, 0x71, 0xFE, 0xF7, 0x45, 0x80, 0x78, 0xC3, 0xE5, 0xBF, 0xA1, 0x96, 0x0B,
    0x12, 0xFF, 0x74, 0xF2, 0x63, 0x34, 0x5E, 0x6C, 0x93, 0xC7, 0x64, 0x1A, 0x0D, 0xD1, 0xA2, 0xA3,
    0x04, 0x23, 0xAB, 0x7D, 0x50, 0x76, 0x22, 0x7E, 0x3B, 0x56, 0x5D, 0xFE, 0x38, 0x17, 0x5A, 0x96,
    0x3F, 0x28, 0x6B, 0x59, 0xE7, 0x0F, 0x5E, 0x6D, 0x85, 0xAA, 0x7F, 0x8D, 0x5C, 0xCF, 0xFA, 0xC3,
    0x49, 0x44, 0x6B, 0xA9, 0x3F, 0x41, 0x7B, 0x7D, 0xFD, 0x73, 0x11, 0xAA, 0xB9, 0x7E, 0x80, 0xF6,
    0xA3, 0xFA, 0x0E, 0xDA, 0x8F, 0x6A, 0x39, 0xED, 0x8C, 0x37, 0x0E, 0x6D, 0x79, 0xA6, 0xCC, 0x1C,
    0x52, 0x40, 0xEE, 0x32, 0x20, 0x66, 0x7D, 0x4A, 0x36, 0xBA, 0xD5, 0x4F, 0xAB, 0xF6, 0x51, 0xF5,
    0x44, 0xA6, 0x29, 0x7A, 0x05, 0x9F, 0xC2, 0x90, 0x03, 0xFD, 0xA3, 0x42, 0x96, 0x6F, 0x4A, 0x0C,
    0xAD, 0x28, 0x6F, 0xF3, 0x78, 0x8A, 0x1F, 0x7F, 0xFA, 0xD9, 0x18, 0xFF, 0xDF, 0x67, 0xFF, 0x35,
    0x26, 0x9F, 0xDA, 0x9F, 0x9A, 0xF4, 0x53, 0xFB, 0x96, 0xC9, 0x3E, 0xB1, 0x99, 0xC9, 0x3F, 0x58,
    0xF3, 0xA1, 0x78, 0x7B, 0x2E, 0x7A, 0xCC, 0x3D, 0x73, 0x40, 0x58, 0x07, 0xDE, 0x7C, 0xBB, 0x85,
    0xAF, 0xCA, 0xED, 0x7A, 0x2D, 0x9A, 0xE0, 0xBF, 0xBC, 0x8E, 0x70, 0xE8, 0xEF, 0x71, 0x3F, 0x6D,
    0x8C, 0xBA, 0x2A, 0x07, 0x86, 0x22, 0x7F, 0x8B, 0x66, 0xB5, 0x6F, 0xA1, 0xF2, 0x81, 0x47, 0xF5,
    0xC7, 0x22, 0xD7, 0x7C, 0x44, 0x78, 0x49, 0xBE, 0xE5, 0xCD, 0x77, 0x7A, 0xF5, 0x9D, 0xDE, 0x7D,
    0xC7, 0xCB, 0xEF, 0xF4, 0xF6, 0x3B, 0xBD, 0xFE, 0x4E, 0xEF, 0xBF, 0xD3, 0x0B, 0xF0, 0x5C, 0xCE,
    0x93, 0x9E, 0x8A, 0x8B, 0xE4, 0x50, 0x73, 0xF0, 0x16, 0x3C, 0xE6, 0x4F, 0xA8, 0x59, 0x13, 0x5E,
    0x01, 0x82, 0x04, 0xA3, 0xD6, 0x84, 0xFA, 0xBB, 0xFD, 0xA8, 0xC3, 0xFE, 0x38, 0x00, 0x8C, 0x65,
    0x16, 0x48, 0xBF, 0xEF, 0xCB, 0x05, 0xD2, 0xF5, 0x08, 0xE8, 0x5C, 0x5D, 0xC7, 0x78, 0x34, 0x24,
    0xBC, 0xA2, 0x80, 0xA6, 0x74, 0x2E, 0x46, 0x6F, 0x50, 0x93, 0x3E, 0x6D, 0x4E, 0x5B, 0x1E, 0xAE,
    0x17, 0xED, 0x7E, 0x1C, 0x4E, 0x7A, 0x83, 0x73, 0x6C, 0x13, 0x24, 0x04, 0xE5, 0xE1, 0x70, 0x8A,
    0xC6, 0x73, 0x9D, 0x1A, 0x57, 0xD8, 0x6D, 0x5F, 0x3A, 0x68, 0xB0, 0xFA, 0x6B, 0xF5, 0x14, 0x41,
    0xE9, 0x85, 0x95, 0x19, 0x29, 0x52, 0xBC, 0x6F, 0x76, 0x51, 0x2E, 0x84, 0xF1, 0x6D, 0x6E, 0x11,
    0xD7, 0xC1, 0xE5, 0x62, 0xC9, 0x5C, 0x32, 0x03, 0x54, 0x32, 0x03, 0x84, 0x40, 0x92, 0xDE, 0x7E,
    0x59, 0x9F, 0x42, 0x0E, 0xC5, 0x8E, 0xC9, 0x02, 0xC7, 0x04, 0x3A, 0x49, 0x9C, 0xF1, 0x11, 0xFD,
    0x07, 0xE2, 0x21, 0xF3, 0x2E, 0x3C, 0x54, 0x0E, 0x84, 0x6D, 0x73, 0x53, 0x54, 0xBE, 0x88, 0xBD,
    0x7C, 0x62, 0x57, 0x98, 0x89, 0x35, 0x92, 0x83, 0x82, 0xDD, 0xEF, 0x04, 0xC0, 0xB6, 0x2F, 0xCC,
    0xC1, 0x4D, 0x9B, 0xF2, 0x86, 0xD6, 0x81, 0x17, 0xAC, 0x16, 0x83, 0xB8, 0x3D, 0x35, 0x42, 0x48,
    0xF7, 0x20, 0x6D, 0x6B, 0x6E, 0x5F, 0x68, 0xE0, 0xC3, 0x75, 0xAD, 0x15, 0x87, 0xAF, 0x5C, 0x64,
    0xA1, 0x6C, 0xDA, 0x97, 0x1D, 0x05, 0x3F, 0x42, 0x06, 0x98, 0x32, 0x07, 0xBC, 0xAE, 0x85, 0x0A,
    0xC6, 0x17, 0x1A, 0x7C, 0x9D, 0x57, 0x7A, 0x7F, 0x5F, 0x64, 0x3F, 0x9E, 0x53, 0x77, 0xFD, 0x91,
    0x3A, 0x41, 0x74, 0x81, 0xF2, 0xE9, 0xD9, 0x34, 0xEC, 0xDC, 0xD4, 0xBA, 0xA9, 0xD5, 0x95, 0x4C,
    0x31, 0xA4, 0xF0, 0xF7, 0xE1, 0xC1, 0x0C, 0xE5, 0x5B, 0x19, 0xC9, 0x7E, 0x38, 0xD4, 0x03, 0xD7,
    0x7E, 0x18, 0x6A, 0x20, 0x37, 0x28, 0xDF, 0xAE, 0x6D, 0x60, 0x75, 0x3B, 0x86, 0x21, 0xFC, 0x55,
    0x0B, 0xA7, 0x97, 0x06, 0x20, 0x49, 0x15, 0xFA, 0x7A, 0x2D, 0x16, 0x31, 0x75, 0x41, 0xAF, 0x30,
    0xD2, 0xA7, 0x3E, 0xC2, 0x56, 0xD9, 0xDE, 0x30, 0xB6, 0x92, 0xAD, 0xDF, 0x65, 0xC9, 0x54, 0xCD,
    0x42, 0xA9, 0x06, 0xBC, 0xB3, 0x05, 0x8F, 0x46, 0x2D, 0x7F, 0xD1, 0x66, 0xE5, 0x7D, 0x13, 0x54,
    0x71, 0x68, 0x82, 0xEA, 0x76, 0xD4, 0xFC, 0xBA, 0x36, 0xCD, 0x86, 0x16, 0xDF, 0x9F, 0x35, 0x69,
    0x09, 0x4A, 0x7C, 0x41, 0x7F, 0xD6, 0xD5, 0x11, 0x27, 0x08, 0xC7, 0x48, 0xD3, 0x44, 0x9A, 0xAE,
    0x5B, 0x32, 0x4D, 0xFC, 0x70, 0x8B, 0xAA, 0x4D, 0x8F, 0x7F, 0x7E, 0x6B, 0x9C, 0xEF, 0xB4, 0xC9,
    0xC9, 0xED, 0xAC, 0xE8, 0x36, 0x48, 0x79, 0x31, 0x93, 0x12, 0xE4, 0xD5, 0x77, 0x82, 0x0B, 0x7E,
    0x9E, 0xA5, 0xF3, 0x7D, 0xF9, 0x5B, 0xC6, 0xB5, 0xF6, 0x35, 0xDD, 0xD5, 0xBE, 0xA6, 0x9A, 0x18,
    0xD7, 0x2A, 0x30, 0x07, 0x2E, 0xF6, 0xE5, 0xA8, 0x5A, 0x37, 0x5A, 0x4F, 0xAE, 0x2A, 0x59, 0xCB,
    0x2C, 0xF4, 0xC4, 0x7D, 0x39, 0x98, 0xEB, 0x56, 0xD6, 0xF2, 0x74, 0xD7, 0xF9, 0x3E, 0x06, 0xCF,
    0xE9, 0x7D, 0x67, 0x28, 0x0A, 0x73, 0x57, 0xE0, 0x69, 0x57, 0xBA, 0x56, 0x58, 0x6A, 0x61, 0x98,
    0x9A, 0x29, 0x1A, 0xA7, 0x98, 0x85, 0x35, 0xC8, 0xC9, 0x88, 0x99, 0x32, 0xA7, 0xD4, 0xBC, 0xB2,
    0xCB, 0x33, 0xF4, 0x7A, 0x17, 0x8E, 0xBE, 0x81, 0x33, 0xD7, 0x6B, 0x82, 0x1D, 0x52, 0xA3, 0x7A,
    0x73, 0x21, 0x85, 0xE5, 0x00, 0xDD, 0xDA, 0x7E, 0xCB, 0xE3, 0x84, 0x6E, 0x26, 0x6A, 0x71, 0xE7,
    0x38, 0x6B, 0xD3, 0x4B, 0xBD, 0xC7, 0x74, 0xBD, 0x50, 0x04, 0xA0, 0x39, 0xBF, 0x9B, 0xBA, 0x1C,
    0x84, 0xF7, 0xA8, 0xF4, 0xB6, 0x73, 0xBD, 0xC0, 0x5E, 0xCD, 0xA8, 0x6F, 0xBF, 0x76, 0xD8, 0xDD,
    0x6D, 0x72, 0xCB, 0xAF, 0x73, 0x09, 0x75, 0xEF, 0xB6, 0xC7, 0x34, 0x28, 0x8D, 0xAA, 0xB6, 0x72,
    0xDD, 0xDC, 0x36, 0x1E, 0xEE, 0x3A, 0x75, 0xF9, 0x60, 0xF0, 0xE7, 0xB8, 0xBC, 0xDC, 0x93, 0xC0,
    0x68, 0x91, 0xA7, 0xB6, 0x84, 0x69, 0xA6, 0xFD, 0x10, 0x56, 0xEA, 0x2E, 0xE0, 0xE9, 0xEB, 0x76,
    0x2F, 0x68, 0x82, 0x25, 0x67, 0xAE, 0x44, 0xFE, 0xA2, 0x05, 0x5F, 0x69, 0xDF, 0x53, 0xDA, 0xE1,
    0x1F, 0x85, 0x28, 0xD0, 0xAC, 0xE2, 0x15, 0x82, 0xF6, 0x40, 0x35, 0xC5, 0x35, 0x27, 0x5B, 0x9F,
    0x76, 0x1A, 0x12, 0x2A, 0xDC, 0x25, 0x97, 0xBD, 0xD3, 0x6E, 0xCF, 0x8C, 0x76, 0xF8, 0x57, 0x45,
    0x54, 0xEC, 0x11, 0xB7, 0x52, 0xB1, 0x3F, 0x69, 0xC6, 0xFC, 0x9A, 0xEE, 0xEC, 0xF4, 0xC4, 0x31,
    0x1B, 0x71, 0x06, 0x77, 0xD2, 0xC7, 0x3F, 0x57, 0x77, 0x19, 0xCA, 0xC9, 0xCE, 0xB5, 0xAC, 0x64,
    0xDF, 0x41, 0x35, 0x11, 0xF2, 0x63, 0xE7, 0x93, 0xEE, 0x7C, 0x2B, 0xB8, 0xD8, 0x86, 0xFD, 0xCE,
    0x7B, 0xB7, 0xF3, 0xEA, 0xA2, 0x9D, 0xC7, 0xBB, 0x0E, 0x2A, 0xC8, 0x7F, 0xE1, 0xDB, 0xCB, 0x62,
    0x2D, 0x1B, 0x7B, 0xC1, 0xEA, 0xBF, 0x03, 0xA0, 0xB6, 0xDF, 0x5F, 0x77, 0xE0, 0x3A, 0xA8, 0x2E,
    0x7D, 0xED, 0xD5, 0x97, 0x3E, 0xEE, 0x67, 0xB6, 0xE9, 0x4B, 0x1F, 0xF7, 0xD5, 0x11, 0xE7, 0x79,
    0x9A, 0x70, 0xFB, 0x22, 0xDD, 0x99, 0x3B, 0x1C, 0xF1, 0x77, 0xF9, 0xED, 0x74, 0x22, 0x90, 0xAD,
    0x76, 0x28, 0xAC, 0xBE, 0x87, 0xDB, 0xDD, 0x88, 0xE0, 0x6E, 0xAD, 0xD3, 0x6B, 0xEB, 0x1C, 0xB0,
    0xCF, 0xE6, 0xE3, 0x31, 0x3E, 0xBE, 0x9D, 0x6D, 0xF2, 0x20, 0xE0, 0x38, 0x08, 0xA1, 0xA6, 0xCA,
    0xD5, 0x22, 0x54, 0x01, 0x2F, 0xB1, 0x73, 0xC5, 0x18, 0xAD, 0x6F, 0x86, 0x68, 0x7C, 0x13, 0x71,
    0x80, 0x76, 0x6A, 0x0D, 0xF4, 0xA2, 0xA1, 0x5A, 0x8F, 0xF5, 0xB4, 0xA5, 0xDA, 0xA3, 0xCD, 0xAB,
    0xB9, 0xE9, 0xE1, 0xC8, 0x5C, 0x69, 0xEF, 0xE9, 0xB9, 0x9F, 0xEB, 0x77, 0xE9, 0xEA, 0x17, 0x1B,
    0xDA, 0x6B, 0xD9, 0x29, 0xEB, 0x84, 0xC5, 0x25, 0x13, 0x28, 0x2E, 0x6A, 0x3B, 0xCE, 0x1B, 0x8F,
    0x6B, 0x47, 0x73, 0x67, 0xAB, 0xB9, 0xDA, 0xD2, 0xD4, 0x7B, 0x5B, 0x5D, 0xFD, 0x36, 0x50, 0x3E,
    0xF8, 0x66, 0xF0, 0x3B, 0x14, 0x56, 0xD1, 0x16, 0x81, 0x47, 0xF7, 0x91, 0x7D, 0x49, 0xE3, 0x8A,
    0x7A, 0x55, 0xE5, 0xC0, 0x2A, 0xB4, 0x38, 0xB8, 0x71, 0x7A, 0x0E, 0xEE, 0x20, 0xDC, 0x49, 0xB8,
    0xA3, 0x70, 0x67, 0xE1, 0x0E, 0xC3, 0x9D, 0x86, 0x3B, 0x0E, 0x77, 0x1E, 0xEE, 0x40, 0xFC, 0x89,
    0xB8, 0xCD, 0xB8, 0x33, 0x71, 0x87, 0xE2, 0x4E, 0xC5, 0x1D, 0x8B, 0xDB, 0x97, 0xD3, 0x23, 0x8A,
    0x9A, 0xF5, 0x68, 0xDC, 0xDE, 0xDC, 0xE6, 0xDC, 0xE9, 0x6C, 0xC7, 0x23, 0x2A, 0xC5, 0xFD, 0xE3,
    0x68, 0x74, 0x64, 0x5C, 0x4D, 0x3D, 0xB4, 0x61, 0x75, 0xF0, 0x21, 0x0D, 0xEF, 0xD6, 0x89, 0xAA,
    0xF8, 0xF4, 0x9C, 0xDC, 0x41, 0xB9, 0x93, 0x72, 0x47, 0xE5, 0xCE, 0xCA, 0x1D, 0x96, 0x3B, 0x2D,
    0x77, 0x5C, 0xEE, 0xBC, 0xDC, 0x81, 0xB9, 0x13, 0xF3, 0x47, 0x76, 0xD8, 0x66, 0x70, 0x38, 0x35,
    0x77, 0x6C, 0xA7, 0xFB, 0xC3, 0x83, 0x7A, 0x74, 0xE7, 0xF6, 0x47, 0x1A, 0xF9, 0xE3, 0xE3, 0xB6,
    0xE8, 0x9E, 0xD1, 0x3B, 0xE3, 0xF1, 0x1D, 0xFB, 0x66, 0x5F, 0xDB, 0x55, 0xBE, 0x19, 0x24, 0x80,
    0x9E, 0x6C, 0x3D, 0xB0, 0x20, 0x1D, 0x61, 0xEB, 0xEA, 0xF9, 0x53, 0x89, 0xB8, 0xBA, 0x3B, 0x9E,
    0xAE, 0xDF, 0xBF, 0x01, 0x72, 0x89, 0x7F, 0xBC, 0xEA, 0x52, 0xD7, 0xB7, 0x30, 0x12, 0x3F, 0xAB,
    0xDF, 0x7C, 0xEE, 0xFA, 0x96, 0xE0, 0xFB, 0xE7, 0xCA, 0xA4, 0xB4, 0x67, 0xAD, 0x38, 0xEE, 0xFC,
    0x3F, 0xE4, 0x7D, 0x78, 0x52, 0x4E, 0x6F, 0xF1, 0xAC, 0x5C, 0x00, 0xE2, 0xDC, 0x69, 0x5D, 0xB7,
    0x1B, 0x7E, 0x3D, 0xC2, 0x79, 0x61, 0x43, 0x38, 0xC1, 0x13, 0x10, 0x8E, 0xD3, 0x5A, 0xCF, 0xEE,
    0x7E, 0xAB, 0xFF, 0x07, 0x35, 0x90, 0xC1, 0x0D, 0xC3, 0x20, 0x10, 0x04, 0x17, 0x13, 0xC9, 0x52,
    0x78, 0xB8, 0x04, 0x97, 0x40, 0x09, 0xB8, 0x33, 0x52, 0x42, 0x3A, 0x32, 0x25, 0x50, 0x82, 0x4B,
    0xE0, 0xC1, 0xC3, 0x52, 0x1C, 0x2E, 0xB7, 0x97, 0x84, 0xC7, 0x08, 0x9B, 0xF3, 0xEE, 0x60, 0x4C,
    0xD0, 0xB5, 0x14, 0xC5, 0xDA, 0x15, 0x69, 0x28, 0x66, 0xE1, 0x73, 0xDE, 0x14, 0x77, 0x7C, 0xD7,
    0x5E, 0x90, 0x5A, 0x2E, 0xC8, 0x47, 0xAA, 0x90, 0x92, 0xEA, 0x24, 0x5B, 0x3A, 0xFC, 0x40, 0x3C,
    0xC2, 0x85, 0xD8, 0xF4, 0xE3, 0xB5, 0xA5, 0x86, 0xA5, 0xEB, 0xE4, 0xD2, 0x65, 0x43, 0x78, 0x0D,
    0x26, 0x5D, 0x80, 0x97, 0x46, 0x54, 0x60, 0x92, 0x07, 0xE0, 0x04, 0xDC, 0x29, 0x3C, 0xCB, 0xFC,
    0x9B, 0x8D, 0x84, 0x06, 0xA9, 0x8A, 0xE1, 0xFC, 0xFB, 0xE8, 0x7A, 0x12, 0x8E, 0x6F, 0x34, 0x04,
    0xA6, 0x57, 0x4D, 0xC9, 0xCE, 0x43, 0xB3, 0xE3, 0xFA, 0xF3, 0x64, 0xC8, 0x7A, 0x92, 0xB1, 0x23,
    0xBC, 0x55, 0x9A, 0xD9, 0xB9, 0x92, 0x6A, 0xA6, 0x65, 0xAA, 0xE0, 0x07, 0xEB, 0xFD, 0x60, 0xBF,
    0x97, 0xF9, 0xA2, 0x0E, 0x2B, 0x9D, 0xC4, 0x46, 0x66, 0xA6, 0x89, 0xFD, 0x04, 0xB1, 0xC6, 0x9D,
    0xA2, 0xC8, 0x54, 0x63, 0x22, 0xF7, 0x1C, 0x71, 0x1C, 0xB9, 0x05, 0x8E, 0x44, 0x5E, 0x14, 0x89,
    0x37, 0x45, 0xE6, 0x2D, 0x11, 0xCD, 0xF8, 0x03, 0x7D, 0x52, 0x31, 0x92, 0xD4, 0x30, 0x10, 0x6C,
    0xD9, 0x81, 0x8B, 0x52, 0x20, 0x02, 0x32, 0x02, 0x3D, 0x41, 0x4F, 0x90, 0x32, 0x42, 0x08, 0x78,
    0x0F, 0x16, 0xC5, 0x03, 0xEE, 0x0B, 0x3C, 0x82, 0xF0, 0x38, 0xBB, 0xB8, 0xF0, 0x82, 0x33, 0xDC,
    0x07, 0xFC, 0x04, 0x07, 0x1B, 0x38, 0xD0, 0x7A, 0xE8, 0x99, 0x3D, 0x8E, 0x2A, 0xA8, 0x5A, 0x97,
    0xA7, 0x4B, 0x96, 0x35, 0x3D, 0xAD, 0x9E, 0xC9, 0x22, 0x82, 0xAC, 0x30, 0x8A, 0x1C, 0x98, 0x44,
    0xCE, 0xF6, 0x29, 0xCF, 0xC8, 0xDD, 0xCB, 0xF6, 0x95, 0x7D, 0x74, 0x1B, 0xF2, 0xE6, 0x64, 0x1B,
    0x8E, 0x12, 0x56, 0xC4, 0x15, 0xA9, 0x21, 0xF3, 0xFC, 0xA1, 0xC8, 0x75, 0x38, 0xC1, 0x15, 0xE0,
    0x0E, 0x9D, 0xD4, 0x5E, 0xE6, 0xC1, 0x5E, 0x2E, 0x9C, 0x54, 0x8C, 0xA5, 0x23, 0x4F, 0x83, 0xAC,
    0x38, 0x0A, 0x3E, 0x00, 0x48, 0x15, 0xB2, 0x74, 0xB2, 0xF5, 0xB2, 0x11, 0x1D, 0x7F, 0x4C, 0x0B,
    0xD2, 0x8C, 0xA9, 0xA4, 0x33, 0xC6, 0x13, 0x72, 0xC5, 0x6B, 0x3D, 0x86, 0xB7, 0x24, 0x83, 0xCC,
    0xE1, 0xE8, 0x8F, 0x9A, 0x6B, 0x58, 0xC8, 0x15, 0x17, 0x4C, 0x6B, 0x3E, 0x41, 0xB6, 0xBC, 0x5F,
    0x60, 0x5A, 0x93, 0xA6, 0x50, 0x97, 0x3D, 0x6E, 0xC7, 0x27, 0xF4, 0x87, 0x93, 0xE2, 0xA5, 0x97,
    0x1A, 0x08, 0xB3, 0x17, 0xEA, 0x52, 0x15, 0x05, 0xD4, 0x8D, 0x61, 0xEF, 0xCE, 0x94, 0xA3, 0x04,
    0x25, 0x2F, 0x94, 0xF4, 0x86, 0x79, 0xB7, 0x9A, 0xC6, 0x6A, 0x75, 0xE0, 0x61, 0xCB, 0x98, 0x6D,
    0xD5, 0x09, 0xA6, 0x0A, 0xDE, 0xB5, 0x0C, 0xCD, 0x91, 0xC2, 0x4A, 0x96, 0xB4, 0xE0, 0xA3, 0xA5,
    0x91, 0x82, 0xC1, 0xB2, 0x0C, 0x56, 0x40, 0x4F, 0xB7, 0xFA, 0x66, 0x11, 0x69, 0x60, 0xA2, 0x7D,
    0xF4, 0xB3, 0x69, 0x20, 0x6E, 0xBC, 0x14, 0x65, 0xB2, 0x26, 0xF2, 0x0C, 0x8C, 0x0C, 0x72, 0xFF,
    0x4B, 0xD1, 0xFD, 0xA5, 0xA0, 0x54, 0x06, 0xD3, 0xBC, 0x06, 0xD3, 0xC2, 0xAC, 0x35, 0x69, 0x37,
    0x81, 0x5B, 0x46, 0x69, 0x9C, 0x46, 0x6A, 0xAC, 0x0A, 0x8E, 0x6D, 0xA3, 0xC3, 0xA2, 0xF2, 0x45,
    0x3B, 0x41, 0x30, 0x7E, 0x2B, 0x60, 0x22, 0x8D, 0x1E, 0x03, 0x21, 0x6A, 0x8B, 0x93, 0x0A, 0xCC,
    0xCF, 0xB0, 0xFF, 0xCF, 0x49, 0x99, 0x74, 0x5F, 0x41, 0x05, 0x4C, 0x0A, 0xDF, 0x15, 0x94, 0x84,
    0xB6, 0x04, 0x59, 0x12, 0xBB, 0x21, 0xFB, 0x28, 0xED, 0xF2, 0x72, 0xCD, 0x1D, 0xEE, 0xEB, 0xDF,
    0x7A, 0x3B, 0x2C, 0xE9, 0xE7, 0x11, 0xB6, 0xFC, 0xEB, 0x88, 0x5B, 0xFE, 0x71, 0x8E, 0x6B, 0x2C,
    0xBB, 0xAF, 0x17, 0x4A, 0xBA, 0xAC, 0x52, 0x44, 0xAB, 0xF9, 0x27, 0x2D, 0x1C, 0xBE, 0xE8, 0x3A,
    0xBC, 0x5B, 0xE0, 0x11, 0xDF, 0x73, 0x8C, 0x28, 0xB2, 0x70, 0xEC, 0xC2, 0x61, 0x1E, 0xEF, 0x49,
    0x7F, 0x0F, 0x7A, 0x0B, 0x8C, 0xAA, 0xCC, 0xEF, 0xA6, 0x4A, 0xC9, 0xF0, 0xED, 0x4E, 0x59, 0x7B,
    0xF9, 0x4C, 0x3E, 0x2F, 0xF7, 0x9C, 0xAE, 0xF0, 0xF0, 0xF0, 0xB4, 0x21, 0x0E, 0x8F, 0xF7, 0x1C,
    0xDC, 0xF0, 0x48, 0xEE, 0x14, 0x6F, 0x6E, 0x66, 0xDE, 0x39, 0x70, 0x3E, 0xE3, 0xD9, 0xD3, 0x98,
    0xE1, 0xD4, 0x29, 0x47, 0x57, 0xE1, 0x4F, 0xE0, 0x40, 0x8D, 0xAB, 0xD3, 0x01, 0x40, 0x60, 0xE7,
    0xD9, 0x70, 0x9D, 0x7F, 0xA4, 0x0D, 0x61, 0x87, 0x6F, 0xEA, 0x9F, 0xEA, 0xE0, 0xFB, 0x15, 0x78,
    0x65, 0x76, 0xE8, 0xA0, 0xCF, 0xC8, 0xAB, 0x1E, 0x8A, 0x3B, 0x42, 0xB3, 0xCC, 0xC6, 0x4C, 0xA7,
    0xFE, 0x17, 0x7E, 0x91, 0x95, 0x57, 0xE8, 0xAA, 0x8D, 0xA9, 0x35, 0xEE, 0x62, 0xB0, 0xE6, 0xAA,
    0x09, 0x78, 0xB9, 0x53, 0xB0, 0xEB, 0x24, 0x3B, 0x32, 0xCE, 0x7F, 0xA6, 0x8C, 0x53, 0xAD, 0x4B,
    0xDF, 0xAE, 0xE5, 0xB7, 0x97, 0xF9, 0x50, 0x31, 0x6A, 0x8A, 0xE6, 0xBB, 0xAB, 0xF9, 0xBF, 0x01,
    0x5D, 0x52, 0x3D, 0x8E, 0xD5, 0x30, 0x10, 0xFE, 0x92, 0x48, 0xB8, 0x48, 0xE1, 0x16, 0xE9, 0x15,
    0x6E, 0xB6, 0x45, 0x3E, 0x82, 0x8D, 0x28, 0x28, 0x39, 0x00, 0x12, 0x1C, 0xE1, 0x1D, 0xC1, 0xD6,
    0x22, 0x51, 0x22, 0x6E, 0xC0, 0x4D, 0x5E, 0x02, 0x17, 0x20, 0xEF, 0x06, 0xAE, 0xA9, 0x52, 0xB8,
    0xB0, 0x90, 0x9D, 0xE1, 0x73, 0x76, 0xB5, 0x05, 0x91, 0x46, 0x8A, 0xEC, 0xF1, 0x7C, 0x7F, 0x83,
    0x4B, 0x01, 0x44, 0x30, 0x89, 0xF8, 0x39, 0xBB, 0xA8, 0x37, 0x1B, 0xCD, 0x6F, 0x1B, 0xED, 0x0F,
    0x1B, 0xDD, 0x27, 0xE7, 0x9D, 0x0F, 0x70, 0x5E, 0xE0, 0x1E, 0x1B, 0xAC, 0x14, 0x68, 0x49, 0x18,
    0x0F, 0xF0, 0x0B, 0x1E, 0xA3, 0x00, 0x33, 0xCB, 0xF2, 0xE0, 0x76, 0xC3, 0x58, 0x1A, 0xE6, 0x54,
    0x61, 0x7E, 0x56, 0x38, 0xCE, 0x0C, 0x67, 0xF1, 0x4E, 0xED, 0xEC, 0x4B, 0x80, 0xDE, 0xC0, 0x8B,
    0x15, 0x8B, 0x44, 0x62, 0x7A, 0x54, 0xF0, 0x0D, 0x88, 0x1D, 0xA1, 0x24, 0x03, 0x17, 0x1E, 0x0C,
    0x4F, 0xF5, 0x5A, 0xF5, 0x19, 0x99, 0xEF, 0x13, 0x2E, 0x1D, 0x6F, 0x58, 0x3C, 0x8C, 0x3C, 0x73,
    0xF5, 0x98, 0xD9, 0xDE, 0xB9, 0x74, 0x4E, 0x4E, 0xD8, 0xFB, 0xC8, 0xE2, 0x3B, 0xF7, 0xA5, 0xF2,
    0x2C, 0x3F, 0xF3, 0xF4, 0xFC, 0x3F, 0x9C, 0xB4, 0xDE, 0xA1, 0x33, 0xEC, 0x86, 0x25, 0x0E, 0x1C,
    0x50, 0xFB, 0x7B, 0xBD, 0xC3, 0x6C, 0x70, 0x2B, 0xF5, 0x61, 0x21, 0x82, 0x29, 0x18, 0xC8, 0x8A,
    0x4E, 0xAC, 0x2A, 0xDB, 0x38, 0xE5, 0x40, 0x81, 0x8D, 0x68, 0x5D, 0x75, 0x83, 0xFB, 0x75, 0xC0,
    0x81, 0xF5, 0xB6, 0x9D, 0x88, 0x46, 0xF6, 0x13, 0x01, 0x61, 0x1B, 0xA5, 0xCC, 0xD2, 0x74, 0x3A,
    0xCC, 0x7A, 0xB3, 0xEB, 0xCD, 0xFC, 0x3D, 0xF8, 0x40, 0xB1, 0xE7, 0x63, 0xC6, 0x35, 0x05, 0x89,
    0xA1, 0xE1, 0xC6, 0x4E, 0x93, 0x89, 0x70, 0x74, 0xAF, 0xC9, 0x26, 0x78, 0xB3, 0xD2, 0xDF, 0x6F,
    0xAC, 0x2B, 0xEB, 0x4D, 0x40, 0x20, 0x8D, 0x00, 0x4E, 0x7F, 0xFF, 0xA4, 0xDD, 0xC8, 0x06, 0x75,
    0x6A, 0x27, 0x5A, 0x1D, 0xA4, 0x2A, 0x29, 0x93, 0xE4, 0xE9, 0xC3, 0xDE, 0xB9, 0xEB, 0xD4, 0xE9,
    0x5B, 0xD2, 0x5F, 0x69, 0xB6, 0x93, 0x23, 0x90, 0xE4, 0x35, 0x11, 0x96, 0x5C, 0xD4, 0xFD, 0x18,
    0xC8, 0x75, 0xA4, 0xEC, 0x82, 0x25, 0xD1, 0x61, 0xCD, 0x99, 0xA9, 0x13, 0x0F, 0x52, 0x16, 0xE9,
    0xBC, 0x26, 0xA9, 0x93, 0x1C, 0x63, 0xEC, 0xE1, 0x75, 0x88, 0x25, 0x83, 0x92, 0xC8, 0x7A, 0xAC,
    0x0F, 0x63, 0x75, 0xBD, 0x2D, 0x99, 0x2E, 0x90, 0xE6, 0xF4, 0xA4, 0x35, 0x1B, 0x5D, 0x03, 0x5A,
    0xC5, 0x94, 0x39, 0xF8, 0x5E, 0x60, 0x1F, 0xF3, 0x99, 0xF2, 0x42, 0x55, 0x42, 0xF8, 0x97, 0x94,
    0xF5, 0x8A, 0x97, 0x94, 0x79, 0x7F, 0xA6, 0xCC, 0xC4, 0x14, 0xC7, 0xCD, 0x04, 0x41, 0xDF, 0x3A,
    0xA6, 0xD0, 0xEB, 0x41, 0x15, 0xCE, 0x20, 0x30, 0xD5, 0x9A, 0x76, 0x26, 0xCD, 0xD4, 0x98, 0x04,
    0x9B, 0x29, 0xD3, 0xCA, 0x46, 0x2F, 0xC8, 0x26, 0xBC, 0xAB, 0x81, 0xB4, 0x54, 0x71, 0xB2, 0xD3,
    0x19, 0x2E, 0x21, 0x83, 0x0D, 0x52, 0x97, 0x9E, 0xED, 0xDE, 0x73, 0x24, 0x4E, 0x03, 0xA7, 0xFD,
    0x17, 0x2C, 0xA9, 0xC3, 0x16, 0x4A, 0x10, 0x6E, 0x19, 0xB7, 0x3C, 0x39, 0x6E, 0x7A, 0x38, 0x73,
    0x55, 0xA7, 0xCB, 0x74, 0xE6, 0x6B, 0x3B, 0x9D, 0x27, 0x00, 0xB9, 0x50, 0x17, 0xB7, 0xE7, 0xD5,
    0x29, 0xFD, 0x3B, 0x0D, 0xD7, 0x52, 0xCD, 0xBD, 0xD9, 0xD8, 0x5C, 0x6C, 0xF6, 0x4F, 0x35, 0xDD,
    0xE1, 0x32, 0x7C, 0xDE, 0x87, 0xB0, 0x2D, 0xE2, 0xD9, 0xCE, 0xCE, 0x7F, 0x3D, 0x91, 0xD1, 0x0D,
    0x82, 0x40, 0x10, 0x44, 0x07, 0x30, 0xF8, 0xE1, 0xC7, 0xD9, 0xC1, 0x95, 0x60, 0x07, 0x42, 0x27,
    0x36, 0x60, 0x62, 0x09, 0x58, 0x82, 0x15, 0x79, 0x94, 0x40, 0x09, 0x94, 0xC0, 0x07, 0x1F, 0x9A,
    0x08, 0xEB, 0xCE, 0x1C, 0xCA, 0xC7, 0x0B, 0xB9, 0xDB, 0x9B, 0x99, 0xDD, 0x05, 0x70, 0x5B, 0x5B,
    0xE0, 0x60, 0x76, 0x07, 0x3A, 0x33, 0xA0, 0x30, 0x72, 0x6F, 0xC3, 0x0E, 0x08, 0x0B, 0xFC, 0x8B,
    0x33, 0xD9, 0x4C, 0x50, 0x9D, 0x0D, 0x08, 0xCE, 0x5E, 0x6C, 0xBD, 0x9C, 0x97, 0xA5, 0xD8, 0x98,
    0x7D, 0xC4, 0x59, 0x5A, 0xD3, 0xEF, 0x3C, 0xB3, 0xA0, 0x05, 0x60, 0x63, 0xED, 0x86, 0x89, 0x6F,
    0x59, 0xEA, 0x67, 0x41, 0x2C, 0xD2, 0x9B, 0xB6, 0xFE, 0xD1, 0x64, 0x25, 0x16, 0x5A, 0xB8, 0xA2,
    0x1E, 0xB2, 0xBE, 0xB0, 0x1D, 0xD5, 0x9E, 0x40, 0xC5, 0x90, 0x95, 0x79, 0xBE, 0xE8, 0x81, 0x4A,
    0x56, 0x05, 0xE2, 0x60, 0xEF, 0x09, 0xF5, 0x85, 0xDE, 0xA7, 0x1C, 0xE3, 0xE1, 0xA2, 0x2F, 0xFE,
    0x0C, 0xF4, 0xEB, 0x81, 0x33, 0x71, 0x94, 0x65, 0xD6, 0x54, 0xB8, 0xB4, 0x42, 0x49, 0x06, 0x71,
    0x52, 0xAB, 0xFE, 0xBE, 0x6E, 0x9B, 0x17, 0xEF, 0xC3, 0xBC, 0x91, 0xB9, 0x4C, 0xBD, 0xAF, 0x22,
    0x27, 0x94, 0xDC, 0xD8, 0x5D, 0x46, 0xCE, 0x4A, 0x59, 0xBB, 0x25, 0x4F, 0xC3, 0x15, 0x7C, 0x0E,
    0xAE, 0x96, 0xC4, 0xBF, 0x08, 0x34, 0xDA, 0xAB, 0xAC, 0x14, 0x9A, 0x32, 0x65, 0x16, 0xBB, 0x79,
    0x62, 0x2D, 0xC1, 0x78, 0xE2, 0x2E, 0x55, 0x1E, 0x02, 0x22, 0x81, 0x6A, 0xF9, 0x91, 0xEE, 0xE3,
    0xB6, 0x8B, 0x68, 0x9A, 0x21, 0x22, 0x97, 0x84, 0x8E, 0x49, 0x6A, 0xB6, 0xD9, 0x70, 0x4C, 0x9E,
    0x81, 0x3D, 0x24, 0x2E, 0x1A, 0x9D, 0x2A, 0x4E, 0x39, 0x83, 0x14, 0xF7, 0xDB, 0x8E, 0x5A, 0x6D,
    0xA7, 0xFF, 0x0B, 0xE4, 0x8D, 0x23, 0xF2, 0xED, 0x17, 0x7D, 0x54, 0xB1, 0x92, 0x95, 0x40, 0x10,
    0x1C, 0xA0, 0xEA, 0x11, 0x10, 0x90, 0x5A, 0x65, 0x40, 0x6C, 0x60, 0x91, 0x9B, 0x2C, 0x99, 0x81,
    0x1F, 0xB5, 0x64, 0xA6, 0x97, 0xFB, 0x13, 0x7E, 0xC1, 0x81, 0x65, 0x68, 0x42, 0x6E, 0x20, 0x81,
    0x1F, 0x40, 0x40, 0x80, 0xE5, 0xC2, 0xD8, 0x3D, 0xF3, 0x8E, 0xF7, 0x2C, 0xEF, 0xDC, 0xA0, 0x0B,
    0x76, 0x67, 0x7B, 0x7A, 0x7A, 0x67, 0x57, 0x2E, 0x3A, 0x8B, 0x04, 0x3D, 0x08, 0x3A, 0x4A, 0xAB,
    0xF8, 0x7F, 0x2B, 0xC3, 0x22, 0x22, 0xCD, 0x0A, 0xA8, 0x37, 0x40, 0x65, 0x90, 0x24, 0xD3, 0x4F,
    0x89, 0x21, 0x9B, 0x28, 0xA0, 0x00, 0xAC, 0x95, 0xF6, 0x71, 0x6D, 0x92, 0xD4, 0x4B, 0xBB, 0x48,
    0xB3, 0x84, 0x59, 0xC2, 0x1C, 0x27, 0x09, 0x63, 0x1C, 0x65, 0x20, 0x68, 0x17, 0xA7, 0x42, 0x25,
    0x30, 0x08, 0x29, 0x56, 0xA9, 0x55, 0x27, 0x29, 0x55, 0x41, 0x39, 0xFC, 0x14, 0x0E, 0xCB, 0xA6,
    0x80, 0x9C, 0x50, 0x10, 0x6A, 0x42, 0xF3, 0x1B, 0x0A, 0xC2, 0x77, 0x40, 0xFC, 0x06, 0xD0, 0x0F,
    0x1B, 0x14, 0x94, 0x9B, 0x14, 0x3B, 0xA0, 0x4C, 0x80, 0x7A, 0x2D, 0x13, 0xB2, 0x02, 0xC2, 0x0C,
    0x88, 0x23, 0x40, 0xFB, 0x32, 0x65, 0x8A, 0xF5, 0xE2, 0x80, 0xE6, 0x62, 0x07, 0x54, 0x50, 0x9A,
    0x6A, 0x42, 0x4B, 0x08, 0x04, 0xE1, 0xE4, 0x72, 0x45, 0xAE, 0xCD, 0x86, 0x13, 0xCB, 0x86, 0x6C,
    0x54, 0x33, 0x8C, 0x12, 0x16, 0xD0, 0x81, 0x1B, 0x55, 0x48, 0x9C, 0xC0, 0x8A, 0xC9, 0x1C, 0xA8,
    0x63, 0x41, 0xEC, 0x91, 0x22, 0xD3, 0xAE, 0xDC, 0xA1, 0x9C, 0xFE, 0x60, 0xB2, 0x06, 0x1E, 0x74,
    0x0D, 0x89, 0xC1, 0x04, 0x3D, 0x60, 0xC2, 0x12, 0x98, 0x6A, 0xAA, 0xE4, 0x52, 0x7C, 0x29, 0x49,
    0x6F, 0x49, 0xBA, 0xBF, 0x92, 0x80, 0x5A, 0x75, 0x97, 0xC2, 0x34, 0xDF, 0x70, 0x63, 0x4A, 0x0E,
    0x84, 0xD3, 0xC2, 0x91, 0x18, 0x0D, 0xC1, 0xC4, 0xD3, 0xA3, 0xA9, 0x30, 0x48, 0xFC, 0xE8, 0x30,
    0xA0, 0x88, 0x68, 0xDB, 0xAA, 0xC3, 0x62, 0x36, 0xDB, 0x65, 0x91, 0x3A, 0x9E, 0x8B, 0xB5, 0x85,
    0xB7, 0xB6, 0x15, 0x5A, 0x05, 0x35, 0xF6, 0x5C, 0xB4, 0x3D, 0xB5, 0x19, 0xD6, 0x1A, 0x06, 0xB3,
    0x2D, 0xB8, 0x6D, 0xFC, 0xE6, 0xF4, 0xC4, 0xFF, 0xD1, 0xE0, 0xA6, 0x23, 0x4C, 0x96, 0xA3, 0xB7,
    0x7A, 0xF8, 0x59, 0x9A, 0x18, 0xEB, 0x2E, 0xDA, 0x70, 0x8A, 0xB7, 0x72, 0x3C, 0x93, 0xAB, 0x7E,
    0x69, 0x7F, 0xBA, 0x95, 0xE7, 0x05, 0x9B, 0x05, 0xD9, 0x7F, 0xF7, 0x97, 0x73, 0x9B, 0x42, 0x8A,
    0x7B, 0x4C, 0x61, 0xAD, 0x6D, 0xA6, 0x71, 0x82, 0xE5, 0x2C, 0xD5, 0x7D, 0xB8, 0xD2, 0xFC, 0xA3,
    0xF4, 0x4A, 0x36, 0xDF, 0xE9, 0x85, 0xA4, 0x57, 0x6C, 0x8C, 0x6A, 0x67, 0xD6, 0xB0, 0x53, 0x58,
    0x38, 0x18, 0x1E, 0x0E, 0x86, 0xBF, 0x3B, 0x2C, 0x5C, 0x2D, 0x5C, 0xAD, 0x02, 0xEB, 0x7D, 0x51,
    0x13, 0x39, 0x98, 0xC8, 0xE1, 0xEE, 0x20, 0x5C, 0x86, 0x85, 0x67, 0x8F, 0x12, 0xBB, 0x52, 0xBF,
    0xEA, 0xD4, 0xE8, 0x0F, 0x5D, 0xE8, 0xE9, 0x12, 0x3F, 0xEA, 0xFB, 0x75, 0xC8, 0xF7, 0x62, 0x79,
    0x2C, 0x52, 0xB9, 0x0C, 0xF5, 0x51, 0x2F, 0x03, 0x6D, 0x8F, 0x1A, 0x61, 0xFB, 0xDE, 0xA0, 0x13,
    0xE7, 0x72, 0xF3, 0x8B, 0xC5, 0xEA, 0x2A, 0x25, 0xB6, 0xBC, 0x50, 0x12, 0x0D, 0x75, 0x3E, 0xCD,
    0xF4, 0x42, 0xDD, 0x52, 0x2F, 0xD7, 0xBD, 0xF3, 0xA2, 0xDD, 0x41, 0x6F, 0x07, 0x37, 0xC0, 0x0D,
    0x77, 0x1B, 0xFC, 0xD8, 0xC2, 0xBD, 0x25, 0xD3, 0xAD, 0x17, 0xF5, 0xB4, 0xE7, 0x7A, 0xA8, 0x99,
    0xD1, 0xE7, 0x77, 0x49, 0x9A, 0xDD, 0xFA, 0x89, 0xF4, 0x8D, 0x09, 0x6B, 0x95, 0x04, 0xE1, 0x97,
    0x89, 0x47, 0x0D, 0x6F, 0xF8, 0x2A, 0x75, 0xA1, 0x87, 0x63, 0xF3, 0x60, 0x17, 0xE1, 0x90, 0x22,
    0x35, 0xD8, 0x91, 0x7D, 0xB6, 0x67, 0x02, 0x29, 0x2D, 0x81, 0x7F, 0xE5, 0x0F, 0xA8, 0x61, 0x2D,
    0xF0, 0x2C, 0xE8, 0x51, 0x79, 0x8F, 0xA2, 0x3B, 0xBF, 0xB0, 0x11, 0x5F, 0x83, 0xE8, 0x4A, 0xCA,
    0x91, 0x59, 0xB3, 0xDB, 0xFB, 0x46, 0xE1, 0x61, 0xB4, 0x4B, 0x66, 0xB7, 0xCB, 0xA0, 0xB4, 0x1B,
    0x26, 0x81, 0xE4, 0x03, 0x55, 0x27, 0x79, 0xB6, 0xC1, 0x39, 0x2F, 0x25, 0x85, 0x58, 0x3B, 0xE5,
    0x4F, 0x62, 0x2E, 0xF6, 0x31, 0xF4, 0x56, 0x19, 0xB0, 0xA4, 0x86, 0x6C, 0xC0, 0x3D, 0xA6, 0xAA,
    0x8E, 0x2D, 0xC0, 0x78, 0x3B, 0x19, 0xC7, 0xCC, 0x5B, 0x23, 0x32, 0x44, 0x2E, 0x6A, 0x47, 0xD4,
    0xDA, 0x4A, 0xEE, 0x85, 0xB6, 0xD3, 0x29, 0xDC, 0x7E, 0xED, 0xD2, 0xF9, 0x2D, 0x73, 0x8C, 0x6A,
    0x14, 0x85, 0xBD, 0x07, 0xD5, 0xEA, 0x77, 0xB5, 0xB3, 0x50, 0x7B, 0xBE, 0x9F, 0x12, 0x6C, 0x9E,
    0xC0, 0x49, 0x4E, 0xAC, 0xD8, 0x8E, 0xB9, 0x55, 0x3D, 0xE8, 0xD1, 0xF1, 0x8D, 0x79, 0x60, 0x4B,
    0xAC, 0xE7, 0xC3, 0x71, 0x16, 0x27, 0x57, 0x2F, 0x9E, 0xD1, 0xF0, 0x07, 0x95, 0x90, 0xB1, 0x0D,
    0x83, 0x30, 0x10, 0x45, 0x3F, 0x10, 0x89, 0x22, 0x85, 0x47, 0x60, 0x83, 0x30, 0x82, 0x91, 0x32,
    0x40, 0x36, 0xC9, 0x0A, 0x76, 0x26, 0x03, 0x29, 0x45, 0x5A, 0x8F, 0xC0, 0x08, 0x2E, 0x28, 0x28,
    0x02, 0x97, 0xFB, 0x67, 0x8A, 0xA4, 0x8C, 0x9B, 0x6F, 0xE9, 0xCE, 0xF7, 0xEE, 0x19, 0x40, 0x2D,
    0x8F, 0x15, 0x40, 0x27, 0xAF, 0x5D, 0x23, 0xC8, 0x4D, 0x34, 0x44, 0xDC, 0xCE, 0xD2, 0xE0, 0xDE,
    0x40, 0xB3, 0xA3, 0x59, 0x34, 0xF4, 0xAA, 0xA7, 0x2D, 0x31, 0xCA, 0xBB, 0xCF, 0x6C, 0x5C, 0xFD,
    0xCC, 0x58, 0x7C, 0x42, 0x25, 0x92, 0xFD, 0xA4, 0xB3, 0x32, 0x82, 0x46, 0x3F, 0x63, 0x8C, 0x80,
    0xD6, 0x65, 0xD0, 0x48, 0xE0, 0xE4, 0x30, 0x55, 0x25, 0x6A, 0xE2, 0xC6, 0xD8, 0x6C, 0xC4, 0x45,
    0x1B, 0x2E, 0x03, 0x87, 0x6B, 0xFD, 0xBC, 0x12, 0x0E, 0xB7, 0x18, 0xDC, 0x29, 0x47, 0xDB, 0xBA,
    0x6C, 0x3B, 0x90, 0x7A, 0xB6, 0x1D, 0x4E, 0xDD, 0xC2, 0x70, 0x92, 0x19, 0xBD, 0x24, 0x86, 0x27,
    0x4B, 0x57, 0x58, 0x71, 0x9C, 0x5A, 0xE2, 0xDD, 0xFC, 0x9E, 0x9B, 0xF9, 0x5D, 0x8D, 0x24, 0x24,
    0xA9, 0x1F, 0x49, 0x44, 0x14, 0x3F, 0x92, 0xB4, 0x40, 0x12, 0xFD, 0xE6, 0xE2, 0x97, 0x8A, 0xDF,
    0x64, 0x7E, 0xA1, 0xF8, 0x51, 0xAC, 0x3F, 0xC4, 0x66, 0x13, 0xF3, 0xE9, 0x5B, 0x2C, 0x4C, 0x26,
    0x36, 0x1E, 0x62, 0xB1, 0xFD, 0xF1, 0x6B, 0x37, 0xF3, 0x6B, 0xF5, 0x39, 0x3F, 0x57, 0xCC, 0x8F,
    0xCF, 0xD9, 0x7D, 0xF9, 0xC3, 0xEF, 0x03, 0x63, 0x60, 0x30, 0x60, 0x00, 0x82, 0x3F, 0x40, 0xCC,
    0xFC, 0x1F, 0x48, 0xF0, 0xFF, 0x3F, 0xC0, 0xC0, 0x60, 0xCB, 0xF8, 0x01, 0x24, 0x54, 0xC3, 0xC0,
    0xFE, 0xEF, 0x87, 0xBD, 0x83, 0xFC, 0xFF, 0x3F, 0xF6, 0x17, 0xEA, 0xFF, 0x7F, 0xD8, 0xFF, 0xA5,
    0xFE, 0xFF, 0xC1, 0xFF, 0x5F, 0xE4, 0xFF, 0x3B, 0xFF, 0xBF, 0xC0, 0xFE, 0x9F, 0xFB, 0xBF, 0x03,
    0xE3, 0x7F, 0xEF, 0xBF, 0x0C, 0x0C, 0xF6, 0xEC, 0x40, 0xC5, 0xFC, 0xDE, 0x07, 0xA0, 0x06, 0x80,
    0x8D, 0x02, 0x19, 0x0A, 0x00,
};

static const EpdGlyph ubuntumono_18_bolditalicGlyphs[] = {
    { 0, 0, 300, 0, 0, 0, 0 }, // U+0000
    { 0, 0, 300, 0, 0, 0, 0 }, // U+0008
    { 0, 0, 300, 0, 0, 0, 0 }, // U+0009
    { 0, 0, 300, 0, 0, 0, 0 }, // U+000D
    { 0, 0, 300, 0, 0, 0, 0 }, // U+001D
    { 0, 0, 300, 0, 0, 0, 0 }, // U+0020
    { 11, 24, 300, 6, 24, 66, 0 }, // !
    { 15, 11, 300, 7, 26, 42, 66 }, // "
    { 21, 24, 300, 1, 24, 126, 108 }, // #
    { 20, 31, 300, 1, 27, 155, 234 }, // $
    { 24, 24, 300, 0, 24, 144, 389 }, // %
    { 19, 24, 300, 1, 24, 114, 533 }, // &
    { 8, 11, 300, 10, 26, 22, 647 }, // '
    { 16, 33, 300, 5, 27, 132, 669 }, // (
    { 16, 33, 300, 1, 27, 132, 801 }, // )
    { 17, 15, 300, 4, 24, 64, 933 }, // *
    { 18, 18, 300, 2, 19, 81, 997 }, // +
    { 10, 13, 300, 3, 7, 33, 1078 }, // ,
    { 12, 5, 300, 5, 12, 15, 1111 }, // -
    { 7, 7, 300, 6, 7, 13, 1126 }, // .
    { 24, 33, 300, -1, 27, 198, 1139 }, // /
    { 19, 24, 300, 2, 24, 114, 1337 }, // 0
    { 16, 24, 300, 2, 24, 96, 1451 }, // 1
    { 20, 24, 300, 1, 24, 120, 1547 }, // 2
    { 19, 24, 300, 1, 24, 114, 1667 }, // 3
    { 20, 24, 300, 1, 24, 120, 1781 }, // 4
    { 21, 24, 300, 1, 24, 126, 1901 }, // 5
    { 20, 24, 300, 2, 24, 120, 2027 }, // 6
    { 19, 24, 300, 4, 24, 114, 2147 }, // 7
    { 19, 24, 300, 2, 24, 114, 2261 }, // 8
    { 19, 24, 300, 2, 24, 114, 2375 }, // 9
    { 10, 19, 300, 6, 19, 48, 2489 }, // :
    { 13, 25, 300, 3, 19, 82, 2537 }, // ;
    { 19, 17, 300, 2, 18, 81, 2619 }, // <
    { 20, 12, 300, 1, 16, 60, 2700 }, // =
    { 18, 17, 300, 2, 18, 77, 2760 }, // >
    { 16, 24, 300, 5, 24, 96, 2837 }, // ?
    { 20, 29, 300, 2, 24, 145, 2933 }, // @
    { 20, 24, 300, -1, 24, 120, 3078 }, // A
    { 20, 24, 300, 1, 24, 120, 3198 }, // B
    { 19, 24, 300, 3, 24, 114, 3318 }, // C
    { 20, 24, 300, 1, 24, 120, 3432 }, // D
    { 20, 24, 300, 2, 24, 120, 3552 }, // E
    { 21, 24, 300, 2, 24, 126, 3672 }, // F
    { 20, 24, 300, 2, 24, 120, 3798 }, // G
    { 23, 24, 300, 0, 24, 138, 3918 }, // H
    { 21, 24, 300, 1, 24, 126, 4056 }, // I
    { 21, 24, 300, 1, 24, 126, 4182 }, // J
    { 22, 24, 300, 1, 24, 132, 4308 }, // K
    { 17, 24, 300, 1, 24, 102, 4440 }, // L
    { 22, 24, 300, 0, 24, 132, 4542 }, // M
    { 23, 24, 300, 0, 24, 138, 4674 }, // N
    { 19, 24, 300, 2, 24, 114, 4812 }, // O
    { 21, 24, 300, 1, 24, 126, 4926 }, // P
    { 19, 31, 300, 2, 24, 148, 5052 }, // Q
    { 20, 24, 300, 1, 24, 120, 5200 }, // R
    { 20, 24, 300, 1, 24, 120, 5320 }, // S
    { 19, 24, 300, 4, 24, 114, 5440 }, // T
    { 20, 24, 300, 2, 24, 120, 5554 }, // U
    { 19, 24, 300, 5, 24, 114, 5674 }, // V
    { 23, 24, 300, 1, 24, 138, 5788 }, // W
    { 24, 24, 300, 0, 24, 144, 5926 }, // X
    { 19, 24, 300, 5, 24, 114, 6070 }, // Y
    { 21, 24, 300, 1, 24, 126, 6184 }, // Z
    { 19, 33, 300, 3, 27, 157, 6310 }, // [
    { 9, 33, 300, 7, 27, 75, 6467 }, // <backslash>
    { 20, 33, 300, 0, 27, 165, 6542 }, // ]
    { 19, 14, 300, 2, 24, 67, 6707 }, // ^
    { 19, 5, 300, -2, -2, 24, 6774 }, // _
    { 9, 7, 300, 9, 26, 16, 6798 }, // `
    { 18, 18, 300, 2, 18, 81, 6814 }, // a
    { 19, 26, 300, 1, 26, 124, 6895 }, // b
    { 19, 18, 300, 2, 18, 86, 7019 }, // c
    { 21, 26, 300, 2, 26, 137, 7105 }, // d
    { 18, 18, 300, 2, 18, 81, 7242 }, // e
    { 25, 32, 300, -2, 26, 200, 7323 }, // f
    { 21, 24, 300, 0, 18, 126, 7523 }, // g
    { 18, 26, 300, 1, 26, 117, 7649 }, // h
    { 14, 26, 300, 4, 26, 91, 7766 }, // i
    { 20, 32, 300, -1, 26, 160, 7857 }, // j
    { 20, 26, 300, 2, 26, 130, 8017 }, // k
    { 13, 26, 300, 5, 26, 85, 8147 }, // l
    { 21, 18, 300, 0, 18, 95, 8232 }, // m
    { 18, 18, 300, 1, 18, 81, 8327 }, // n
    { 18, 18, 300, 2, 18, 81, 8408 }, // o
    { 21, 24, 300, -1, 18, 126, 8489 }, // p
    { 19, 24, 300, 2, 18, 114, 8615 }, // q
    { 19, 18, 300, 2, 18, 86, 8729 }, // r
    { 19, 18, 300, 1, 18, 86, 8815 }, // s
    { 17, 23, 300, 4, 23, 98, 8901 }, // t
    { 18, 18, 300, 2, 18, 81, 8999 }, // u
    { 18, 18, 300, 4, 18, 81, 9080 }, // v
    { 20, 18, 300, 2, 18, 90, 9161 }, // w
    { 21, 18, 300, 0, 18, 95, 9251 }, // x
    { 23, 24, 300, -2, 18, 138, 9346 }, // y
    { 20, 18, 300, 1, 18, 90, 9484 }, // z
    { 19, 33, 300, 3, 27, 157, 9574 }, // {
    { 14, 33, 300, 4, 27, 116, 9731 }, // |
    { 19, 33, 300, 0, 27, 157, 9847 }, // }
    { 20, 7, 300, 1, 14, 35, 10004 }, // ~
    { 0, 0, 300, 0, 0, 0, 0 }, // U+00A0
    { 12, 24, 300, 4, 18, 72, 0 }, // U+00A1
    { 18, 28, 300, 3, 24, 126, 72 }, // U+00A2
    { 21, 24, 300, 2, 24, 126, 198 }, // U+00A3
    { 19, 18, 300, 2, 21, 86, 324 }, // U+00A4
    { 22, 24, 300, 2, 24, 132, 410 }, // U+00A5
    { 14, 33, 300, 4, 27, 116, 542 }, // U+00A6
    { 20, 28, 300, 1, 24, 140, 658 }, // U+00A7
    { 14, 5, 300, 7, 26, 18, 798 }, // U+00A8
    { 18, 18, 300, 2, 18, 81, 816 }, // U+00A9
    { 14, 14, 300, 6, 24, 49, 897 }, // U+00AA
    { 17, 17, 300, 3, 18, 73, 946 }, // U+00AB
    { 17, 12, 300, 3, 14, 51, 1019 }, // U+00AC
    { 12, 5, 300, 5, 12, 15, 1070 }, // U+00AD
    { 18, 18, 300, 2, 18, 81, 1085 }, // U+00AE
    { 12, 3, 300, 8, 25, 9, 1166 }, // U+00AF
    { 12, 11, 300, 7, 27, 33, 1175 }, // U+00B0
    { 21, 22, 300, 0, 22, 116, 1208 }, // U+00B1
    { 12, 14, 300, 6, 24, 42, 1324 }, // U+00B2
    { 13, 14, 300, 6, 24, 46, 1366 }, // U+00B3
    { 9, 7, 300, 10, 26, 16, 1412 }, // U+00B4
    { 21, 24, 300, 0, 18, 126, 1428 }, // U+00B5
    { 20, 30, 300, 3, 24, 150, 1554 }, // U+00B6
    { 8, 7, 300, 7, 14, 14, 1704 }, // U+00B7
    { 9, 6, 300, 4, 0, 14, 1718 }, // U+00B8
    { 13, 14, 300, 5, 24, 46, 1732 }, // U+00B9
    { 14, 14, 300, 6, 24, 49, 1778 }, // U+00BA
    { 17, 16, 300, 2, 18, 68, 1827 }, // U+00BB
    { 22, 24, 300, 0, 24, 132, 1895 }, // U+00BC
    { 22, 24, 300, 0, 24, 132, 2027 }, // U+00BD
    { 22, 24, 300, 1, 24, 132, 2159 }, // U+00BE
    { 16, 24, 300, 1, 18, 96, 2291 }, // U+00BF
    { 20, 32, 300, -1, 32, 160, 2387 }, // U+00C0
    { 22, 32, 300, -1, 32, 176, 2547 }, // U+00C1
    { 22, 32, 300, -1, 32, 176, 2723 }, // U+00C2
    { 23, 31, 300, -1, 31, 179, 2899 }, // U+00C3
    { 23, 31, 300, -1, 31, 179, 3078 }, // U+00C4
    { 20, 30, 300, -1, 30, 150, 3257 }, // U+00C5
    { 24, 24, 300, -1, 24, 144, 3407 }, // U+00C6
    { 19, 30, 300, 3, 24, 143, 3551 }, // U+00C7
    { 20, 32, 300, 2, 32, 160, 3694 }, // U+00C8
    { 20, 32, 300, 2, 32, 160, 3854 }, // U+00C9
    { 20, 32, 300, 2, 32, 160, 4014 }, // U+00CA
    { 20, 31, 300, 2, 31, 155, 4174 }, // U+00CB
    { 21, 32, 300, 1, 32, 168, 4329 }, // U+00CC
    { 21, 32, 300, 1, 32, 168, 4497 }, // U+00CD
    { 21, 32, 300, 1, 32, 168, 4665 }, // U+00CE
    { 21, 31, 300, 1, 31, 163, 4833 }, // U+00CF
    { 20, 24, 300, 1, 24, 120, 4996 }, // U+00D0
    { 23, 31, 300, 0, 31, 179, 5116 }, // U+00D1
    { 19, 32, 300, 2, 32, 152, 5295 }, // U+00D2
    { 19, 32, 300, 2, 32, 152, 5447 }, // U+00D3
    { 19, 32, 300, 2, 32, 152, 5599 }, // U+00D4
    { 20, 31, 300, 2, 31, 155, 5751 }, // U+00D5
    { 20, 31, 300, 2, 31, 155, 5906 }, // U+00D6
    { 19, 17, 300, 2, 19, 81, 6061 }, // U+00D7
    { 21, 27, 300, 1, 25, 142, 6142 }, // U+00D8
    { 20, 32, 300, 2, 32, 160, 6284 }, // U+00D9
    { 20, 32, 300, 2, 32, 160, 6444 }, // U+00DA
    { 20, 32, 300, 2, 32, 160, 6604 }, // U+00DB
    { 20, 31, 300, 2, 31, 155, 6764 }, // U+00DC
    { 19, 32, 300, 5, 32, 152, 6919 }, // U+00DD
    { 20, 24, 300, 1, 24, 120, 7071 }, // U+00DE
    { 26, 32, 300, -5, 26, 208, 7191 }, // U+00DF
    { 18, 26, 300, 2, 26, 117, 7399 }, // U+00E0
    { 18, 26, 300, 2, 26, 117, 7516 }, // U+00E1
    { 18, 26, 300, 2, 26, 117, 7633 }, // U+00E2
    { 20, 26, 300, 2, 26, 130, 7750 }, // U+00E3
    { 20, 26, 300, 2, 26, 130, 7880 }, // U+00E4
    { 18, 28, 300, 2, 28, 126, 8010 }, // U+00E5
    { 20, 18, 300, 1, 18, 90, 8136 }, // U+00E6
    { 19, 24, 300, 2, 18, 114, 8226 }, // U+00E7
    { 18, 26, 300, 2, 26, 117, 8340 }, // U+00E8
    { 18, 26, 300, 2, 26, 117, 8457 }, // U+00E9
    { 18, 26, 300, 2, 26, 117, 8574 }, // U+00EA
    { 19, 26, 300, 2, 26, 124, 8691 }, // U+00EB
    { 14, 26, 300, 4, 26, 91, 8815 }, // U+00EC
    { 14, 26, 300, 4, 26, 91, 8906 }, // U+00ED
    { 14, 26, 300, 4, 26, 91, 8997 }, // U+00EE
    { 16, 26, 300, 4, 26, 104, 9088 }, // U+00EF
    { 21, 26, 300, 2, 26, 137, 9192 }, // U+00F0
    { 20, 26, 300, 1, 26, 130, 9329 }, // U+00F1
    { 18, 26, 300, 2, 26, 117, 9459 }, // U+00F2
    { 18, 26, 300, 2, 26, 117, 9576 }, // U+00F3
    { 18, 26, 300, 2, 26, 117, 9693 }, // U+00F4
    { 19, 26, 300, 2, 26, 124, 9810 }, // U+00F5
    { 19, 26, 300, 2, 26, 124, 9934 }, // U+00F6
    { 17, 20, 300, 3, 20, 85, 10058 }, // U+00F7
    { 19, 22, 300, 2, 20, 105, 10143 }, // U+00F8
    { 18, 26, 300, 2, 26, 117, 10248 }, // U+00F9
    { 18, 26, 300, 2, 26, 117, 10365 }, // U+00FA
    { 18, 26, 300, 2, 26, 117, 10482 }, // U+00FB
    { 18, 26, 300, 2, 26, 117, 10599 }, // U+00FC
    { 23, 32, 300, -2, 26, 184, 10716 }, // U+00FD
    { 21, 32, 300, -1, 26, 168, 10900 }, // U+00FE
    { 23, 32, 300, -2, 26, 184, 11068 }, // U+00FF
    { 23, 30, 300, -1, 30, 173, 0 }, // U+0100
    { 20, 25, 300, 2, 25, 125, 173 }, // U+0101
    { 23, 31, 300, -1, 31, 179, 298 }, // U+0102
    { 19, 26, 300, 2, 26, 124, 477 }, // U+0103
    { 19, 30, 300, 0, 24, 143, 601 }, // U+0104
    { 18, 24, 300, 2, 18, 108, 744 }, // U+0105
    { 19, 32, 300, 3, 32, 152, 852 }, // U+0106
    { 19, 26, 300, 2, 26, 124, 1004 }, // U+0107
    { 19, 32, 300, 3, 32, 152, 1128 }, // U+0108
    { 19, 26, 300, 2, 26, 124, 1280 }, // U+0109
    { 19, 31, 300, 3, 31, 148, 1404 }, // U+010A
    { 19, 26, 300, 2, 26, 124, 1552 }, // U+010B
    { 20, 32, 300, 3, 32, 160, 1676 }, // U+010C
    { 20, 26, 300, 2, 26, 130, 1836 }, // U+010D
    { 20, 32, 300, 1, 32, 160, 1966 }, // U+010E
    { 25, 26, 300, 1, 26, 163, 2126 }, // U+010F
    { 20, 24, 300, 1, 24, 120, 2289 }, // U+0110
    { 22, 26, 300, 2, 26, 143, 2409 }, // U+0111
    { 20, 30, 300, 2, 30, 150, 2552 }, // U+0112
    { 20, 25, 300, 2, 25, 125, 2702 }, // U+0113
    { 21, 31, 300, 2, 31, 163, 2827 }, // U+0114
    { 20, 26, 300, 2, 26, 130, 2990 }, // U+0115
    { 20, 31, 300, 2, 31, 155, 3120 }, // U+0116
    { 18, 26, 300, 2, 26, 117, 3275 }, // U+0117
    { 20, 30, 300, 2, 24, 150, 3392 }, // U+0118
    { 18, 24, 300, 2, 18, 108, 3542 }, // U+0119
    { 20, 32, 300, 2, 32, 160, 3650 }, // U+011A
    { 19, 26, 300, 2, 26, 124, 3810 }, // U+011B
    { 20, 32, 300, 2, 32, 160, 3934 }, // U+011C
    { 21, 32, 300, 0, 26, 168, 4094 }, // U+011D
    { 21, 31, 300, 2, 31, 163, 4262 }, // U+011E
    { 22, 32, 300, 0, 26, 176, 4425 }, // U+011F
    { 20, 31, 300, 2, 31, 155, 4601 }, // U+0120
    { 21, 32, 300, 0, 26, 168, 4756 }, // U+0121
    { 20, 30, 300, 2, 24, 150, 4924 }, // U+0122
    { 21, 33, 300, 0, 27, 174, 5074 }, // U+0123
    { 23, 32, 300, 0, 32, 184, 5248 }, // U+0124
    { 18, 32, 300, 1, 32, 144, 5432 }, // U+0125
    { 21, 24, 300, 2, 24, 126, 5576 }, // U+0126
    { 17, 26, 300, 2, 26, 111, 5702 }, // U+0127
    { 21, 31, 300, 1, 31, 163, 5813 }, // U+0128
    { 16, 26, 300, 4, 26, 104, 5976 }, // U+0129
    { 21, 30, 300, 1, 30, 158, 6080 }, // U+012A
    { 16, 25, 300, 4, 25, 100, 6238 }, // U+012B
    { 21, 31, 300, 1, 31, 163, 6338 }, // U+012C
    { 16, 26, 300, 4, 26, 104, 6501 }, // U+012D
    { 21, 30, 300, 1, 24, 158, 6605 }, // U+012E
    { 14, 32, 300, 4, 26, 112, 6763 }, // U+012F
    { 21, 31, 300, 1, 31, 163, 6875 }, // U+0130
    { 14, 18, 300, 4, 18, 63, 7038 }, // U+0131
    { 23, 24, 300, 0, 24, 138, 7101 }, // U+0132
    { 20, 32, 300, 2, 26, 160, 7239 }, // U+0133
    { 21, 32, 300, 1, 32, 168, 7399 }, // U+0134
    { 21, 32, 300, -1, 26, 168, 7567 }, // U+0135
    { 22, 30, 300, 1, 24, 165, 7735 }, // U+0136
    { 20, 32, 300, 2, 26, 160, 7900 }, // U+0137
    { 20, 18, 300, 2, 18, 90, 8060 }, // U+0138
    { 17, 32, 300, 1, 32, 136, 8150 }, // U+0139
    { 14, 32, 300, 5, 32, 112, 8286 }, // U+013A
    { 17, 30, 300, 1, 24, 128, 8398 }, // U+013B
    { 13, 32, 300, 5, 26, 104, 8526 }, // U+013C
    { 19, 24, 300, 1, 24, 114, 8630 }, // U+013D
    { 19, 26, 300, 5, 26, 124, 8744 }, // U+013E
    { 18, 24, 300, 1, 24, 108, 8868 }, // U+013F
    { 18, 26, 300, 5, 26, 117, 8976 }, // U+0140
    { 17, 24, 300, 1, 24, 102, 9093 }, // U+0141
    { 14, 26, 300, 4, 26, 91, 9195 }, // U+0142
    { 23, 32, 300, 0, 32, 184, 9286 }, // U+0143
    { 18, 26, 300, 1, 26, 117, 9470 }, // U+0144
    { 23, 30, 300, 0, 24, 173, 9587 }, // U+0145
    { 18, 24, 300, 1, 18, 108, 9760 }, // U+0146
    { 23, 32, 300, 0, 32, 184, 9868 }, // U+0147
    { 19, 26, 300, 1, 26, 124, 10052 }, // U+0148
    { 18, 26, 300, 2, 26, 117, 10176 }, // U+0149
    { 23, 30, 300, 0, 24, 173, 10293 }, // U+014A
    { 18, 24, 300, 1, 18, 108, 10466 }, // U+014B
    { 20, 30, 300, 2, 30, 150, 10574 }, // U+014C
    { 18, 25, 300, 2, 25, 113, 10724 }, // U+014D
    { 20, 31, 300, 2, 31, 155, 10837 }, // U+014E
    { 18, 26, 300, 2, 26, 117, 10992 }, // U+014F
    { 23, 32, 300, 2, 32, 184, 11109 }, // U+0150
    { 21, 26, 300, 2, 26, 137, 11293 }, // U+0151
    { 22, 24, 300, 2, 24, 132, 11430 }, // U+0152
    { 21, 18, 300, 1, 18, 95, 11562 }, // U+0153
    { 20, 32, 300, 1, 32, 160, 11657 }, // U+0154
    { 19, 26, 300, 2, 26, 124, 11817 }, // U+0155
    { 20, 30, 300, 1, 24, 150, 11941 }, // U+0156
    { 23, 24, 300, -2, 18, 138, 12091 }, // U+0157
    { 20, 32, 300, 1, 32, 160, 12229 }, // U+0158
    { 19, 26, 300, 2, 26, 124, 12389 }, // U+0159
    { 20, 32, 300, 1, 32, 160, 12513 }, // U+015A
    { 19, 26, 300, 1, 26, 124, 12673 }, // U+015B
    { 20, 32, 300, 1, 32, 160, 12797 }, // U+015C
    { 19, 26, 300, 1, 26, 124, 12957 }, // U+015D
    { 20, 30, 300, 1, 24, 150, 13081 }, // U+015E
    { 19, 24, 300, 1, 18, 114, 13231 }, // U+015F
    { 20, 32, 300, 1, 32, 160, 13345 }, // U+0160
    { 19, 26, 300, 1, 26, 124, 13505 }, // U+0161
    { 20, 30, 300, 3, 24, 150, 13629 }, // U+0162
    { 17, 30, 300, 3, 24, 128, 13779 }, // U+0163
    { 19, 32, 300, 4, 32, 152, 13907 }, // U+0164
    { 18, 26, 300, 4, 26, 117, 14059 }, // U+0165
    { 19, 24, 300, 4, 24, 114, 14176 }, // U+0166
    { 19, 24, 300, 2, 24, 114, 14290 }, // U+0167
    { 20, 31, 300, 2, 31, 155, 14404 }, // U+0168
    { 19, 26, 300, 2, 26, 124, 14559 }, // U+0169
    { 20, 30, 300, 2, 30, 150, 14683 }, // U+016A
    { 18, 25, 300, 2, 25, 113, 14833 }, // U+016B
    { 20, 31, 300, 2, 31, 155, 14946 }, // U+016C
    { 18, 26, 300, 2, 26, 117, 15101 }, // U+016D
    { 20, 32, 300, 2, 32, 160, 15218 }, // U+016E
    { 18, 28, 300, 2, 28, 126, 15378 }, // U+016F
    { 22, 32, 300, 2, 32, 176, 15504 }, // U+0170
    { 21, 26, 300, 2, 26, 137, 15680 }, // U+0171
    { 20, 30, 300, 2, 24, 150, 15817 }, // U+0172
    { 18, 24, 300, 2, 18, 108, 15967 }, // U+0173
    { 23, 32, 300, 1, 32, 184, 16075 }, // U+0174
    { 20, 26, 300, 2, 26, 130, 16259 }, // U+0175
    { 19, 32, 300, 5, 32, 152, 16389 }, // U+0176
    { 23, 32, 300, -2, 26, 184, 16541 }, // U+0177
    { 19, 31, 300, 5, 31, 148, 16725 }, // U+0178
    { 21, 32, 300, 1, 32, 168, 16873 }, // U+0179
    { 20, 26, 300, 1, 26, 130, 17041 }, // U+017A
    { 21, 31, 300, 1, 31, 163, 17171 }, // U+017B
    { 20, 26, 300, 1, 26, 130, 17334 }, // U+017C
    { 21, 32, 300, 1, 32, 168, 17464 }, // U+017D
    { 20, 26, 300, 1, 26, 130, 17632 }, // U+017E
    { 25, 32, 300, -2, 26, 200, 17762 }, // U+017F
    { 21, 27, 300, 2, 27, 142, 0 }, // U+01A0
    { 21, 21, 300, 2, 21, 111, 142 }, // U+01A1
    { 24, 28, 300, 2, 28, 168, 253 }, // U+01AF
    { 21, 22, 300, 2, 22, 116, 421 }, // U+01B0
    { 27, 33, 300, 0, 33, 223, 537 }, // U+01C4
    { 25, 25, 300, 0, 25, 157, 760 }, // U+01C5
    { 24, 26, 300, 1, 26, 156, 917 }, // U+01C6
    { 25, 24, 300, -1, 24, 150, 1073 }, // U+01C7
    { 23, 31, 300, 0, 25, 179, 1223 }, // U+01C8
    { 21, 32, 300, 3, 26, 168, 1402 }, // U+01C9
    { 25, 24, 300, -1, 24, 150, 1570 }, // U+01CA
    { 23, 31, 300, 0, 25, 179, 1720 }, // U+01CB
    { 24, 31, 300, 0, 25, 186, 1899 }, // U+01CC
    { 22, 32, 300, -1, 32, 176, 2085 }, // U+01CD
    { 19, 26, 300, 2, 26, 124, 2261 }, // U+01CE
    { 21, 32, 300, 1, 32, 168, 2385 }, // U+01CF
    { 15, 26, 300, 4, 26, 98, 2553 }, // U+01D0
    { 20, 32, 300, 2, 32, 160, 2651 }, // U+01D1
    { 18, 26, 300, 2, 26, 117, 2811 }, // U+01D2
    { 20, 32, 300, 2, 32, 160, 2928 }, // U+01D3
    { 18, 26, 300, 2, 26, 117, 3088 }, // U+01D4
    { 20, 32, 300, 2, 32, 160, 3205 }, // U+01D5
    { 18, 28, 300, 2, 28, 126, 3365 }, // U+01D6
    { 20, 32, 300, 2, 32, 160, 3491 }, // U+01D7
    { 19, 30, 300, 2, 30, 143, 3651 }, // U+01D8
    { 20, 32, 300, 2, 32, 160, 3794 }, // U+01D9
    { 19, 29, 300, 2, 29, 138, 3954 }, // U+01DA
    { 20, 32, 300, 2, 32, 160, 4092 }, // U+01DB
    { 19, 30, 300, 2, 30, 143, 4252 }, // U+01DC
    { 18, 18, 300, 1, 18, 81, 4395 }, // U+01DD
    { 22, 32, 300, -1, 32, 176, 4476 }, // U+01DE
    { 19, 28, 300, 2, 28, 133, 4652 }, // U+01DF
    { 22, 32, 300, -1, 32, 176, 4785 }, // U+01E0
    { 19, 28, 300, 2, 28, 133, 4961 }, // U+01E1
    { 26, 30, 300, -1, 30, 195, 5094 }, // U+01E2
    { 20, 25, 300, 1, 25, 125, 5289 }, // U+01E3
    { 20, 24, 300, 2, 24, 120, 5414 }, // U+01E4
    { 21, 24, 300, 0, 18, 126, 5534 }, // U+01E5
    { 21, 32, 300, 2, 32, 168, 5660 }, // U+01E6
    { 22, 32, 300, 0, 26, 176, 5828 }, // U+01E7
    { 22, 32, 300, 1, 32, 176, 6004 }, // U+01E8
    { 20, 32, 300, 2, 32, 160, 6180 }, // U+01E9
    { 19, 30, 300, 2, 24, 143, 6340 }, // U+01EA
    { 18, 24, 300, 2, 18, 108, 6483 }, // U+01EB
    { 20, 36, 300, 2, 30, 180, 6591 }, // U+01EC
    { 19, 31, 300, 2, 25, 148, 6771 }, // U+01ED
    { 21, 32, 300, 1, 32, 168, 6919 }, // U+01EE
    { 20, 32, 300, 0, 26, 160, 7087 }, // U+01EF
    { 21, 32, 300, -1, 26, 168, 7247 }, // U+01F0
    { 24, 24, 300, 0, 24, 144, 7415 }, // U+01F1
    { 23, 24, 300, 0, 24, 138, 7559 }, // U+01F2
    { 22, 26, 300, 1, 26, 143, 7697 }, // U+01F3
    { 20, 32, 300, 2, 32, 160, 7840 }, // U+01F4
    { 21, 32, 300, 0, 26, 168, 8000 }, // U+01F5
    { 22, 24, 300, 0, 24, 132, 8168 }, // U+01F6
    { 22, 30, 300, 0, 24, 165, 8300 }, // U+01F7
    { 23, 32, 300, 0, 32, 184, 8465 }, // U+01F8
    { 18, 26, 300, 1, 26, 117, 8649 }, // U+01F9
    { 20, 32, 300, -1, 32, 160, 8766 }, // U+01FA
    { 18, 32, 300, 2, 32, 144, 8926 }, // U+01FB
    { 24, 32, 300, -1, 32, 192, 9070 }, // U+01FC
    { 20, 26, 300, 1, 26, 130, 9262 }, // U+01FD
    { 21, 34, 300, 1, 32, 179, 9392 }, // U+01FE
    { 19, 28, 300, 2, 26, 133, 9571 }, // U+01FF
    { 22, 32, 300, -1, 32, 176, 9704 }, // U+0200
    { 19, 26, 300, 2, 26, 124, 9880 }, // U+0201
    { 22, 31, 300, -1, 31, 171, 10004 }, // U+0202
    { 18, 26, 300, 2, 26, 117, 10175 }, // U+0203
    { 20, 32, 300, 2, 32, 160, 10292 }, // U+0204
    { 19, 26, 300, 2, 26, 124, 10452 }, // U+0205
    { 20, 31, 300, 2, 31, 155, 10576 }, // U+0206
    { 18, 26, 300, 2, 26, 117, 10731 }, // U+0207
    { 21, 32, 300, 1, 32, 168, 10848 }, // U+0208
    { 15, 26, 300, 4, 26, 98, 11016 }, // U+0209
    { 21, 31, 300, 1, 31, 163, 11114 }, // U+020A
    { 14, 26, 300, 4, 26, 91, 11277 }, // U+020B
    { 19, 32, 300, 2, 32, 152, 11368 }, // U+020C
    { 18, 26, 300, 2, 26, 117, 11520 }, // U+020D
    { 19, 31, 300, 2, 31, 148, 11637 }, // U+020E
    { 18, 26, 300, 2, 26, 117, 11785 }, // U+020F
    { 20, 32, 300, 1, 32, 160, 11902 }, // U+0210
    { 19, 26, 300, 2, 26, 124, 12062 }, // U+0211
    { 20, 31, 300, 1, 31, 155, 12186 }, // U+0212
    { 19, 26, 300, 2, 26, 124, 12341 }, // U+0213
    { 20, 32, 300, 2, 32, 160, 12465 }, // U+0214
    { 18, 26, 300, 2, 26, 117, 12625 }, // U+0215
    { 20, 31, 300, 2, 31, 155, 12742 }, // U+0216
    { 18, 26, 300, 2, 26, 117, 12897 }, // U+0217
    { 20, 30, 300, 1, 24, 150, 13014 }, // U+0218
    { 19, 24, 300, 1, 18, 114, 13164 }, // U+0219
    { 21, 30, 300, 2, 24, 158, 13278 }, // U+021A
    { 17, 29, 300, 4, 23, 124, 13436 }, // U+021B
    { 23, 30, 300, -2, 24, 173, 13560 }, // U+021C
    { 20, 24, 300, -1, 18, 120, 13733 }, // U+021D
    { 23, 32, 300, 0, 32, 184, 13853 }, // U+021E
    { 18, 32, 300, 1, 32, 144, 14037 }, // U+021F
    { 11, 6, 300, 8, 26, 17, 0 }, // U+0311
    { 20, 32, 300, 2, 32, 160, 0 }, // U+0400
    { 20, 31, 300, 2, 31, 155, 160 }, // U+0401
    { 18, 24, 300, 2, 24, 108, 315 }, // U+0402
    { 23, 32, 300, 0, 32, 184, 423 }, // U+0403
    { 19, 24, 300, 3, 24, 114, 607 }, // U+0404
    { 20, 24, 300, 1, 24, 120, 721 }, // U+0405
    { 21, 24, 300, 1, 24, 126, 841 }, // U+0406
    { 21, 31, 300, 1, 31, 163, 967 }, // U+0407
    { 21, 24, 300, 1, 24, 126, 1130 }, // U+0408
    { 21, 24, 300, -1, 24, 126, 1256 }, // U+0409
    { 20, 24, 300, 0, 24, 120, 1382 }, // U+040A
    { 17, 24, 300, 3, 24, 102, 1502 }, // U+040B
    { 22, 32, 300, 1, 32, 176, 1604 }, // U+040C
    { 23, 32, 300, 0, 32, 184, 1780 }, // U+040D
    { 24, 31, 300, 0, 31, 186, 1964 }, // U+040E
    { 22, 30, 300, 1, 24, 165, 2150 }, // U+040F
    { 20, 24, 300, -1, 24, 120, 2315 }, // U+0410
    { 20, 24, 300, 1, 24, 120, 2435 }, // U+0411
    { 20, 24, 300, 1, 24, 120, 2555 }, // U+0412
    { 23, 24, 300, 0, 24, 138, 2675 }, // U+0413
    { 24, 30, 300, -2, 24, 180, 2813 }, // U+0414
    { 20, 24, 300, 2, 24, 120, 2993 }, // U+0415
    { 25, 24, 300, -1, 24, 150, 3113 }, // U+0416
    { 20, 24, 300, 0, 24, 120, 3263 }, // U+0417
    { 23, 24, 300, 0, 24, 138, 3383 }, // U+0418
    { 23, 31, 300, 0, 31, 179, 3521 }, // U+0419
    { 22, 24, 300, 1, 24, 132, 3700 }, // U+041A
    { 23, 24, 300, 0, 24, 138, 3832 }, // U+041B
    { 22, 24, 300, 0, 24, 132, 3970 }, // U+041C
    { 23, 24, 300, 0, 24, 138, 4102 }, // U+041D
    { 19, 24, 300, 2, 24, 114, 4240 }, // U+041E
    { 22, 24, 300, 1, 24, 132, 4354 }, // U+041F
    { 21, 24, 300, 1, 24, 126, 4486 }, // U+0420
    { 19, 24, 300, 3, 24, 114, 4612 }, // U+0421
    { 19, 24, 300, 4, 24, 114, 4726 }, // U+0422
    { 24, 24, 300, 0, 24, 144, 4840 }, // U+0423
    { 19, 25, 300, 2, 25, 119, 4984 }, // U+0424
    { 24, 24, 300, 0, 24, 144, 5103 }, // U+0425
    { 21, 30, 300, 1, 24, 158, 5247 }, // U+0426
    { 18, 24, 300, 4, 24, 108, 5405 }, // U+0427
    { 24, 24, 300, 0, 24, 144, 5513 }, // U+0428
    { 23, 30, 300, 0, 24, 173, 5657 }, // U+0429
    { 18, 24, 300, 2, 24, 108, 5830 }, // U+042A
    { 23, 24, 300, 0, 24, 138, 5938 }, // U+042B
    { 18, 24, 300, 1, 24, 108, 6076 }, // U+042C
    { 19, 24, 300, 1, 24, 114, 6184 }, // U+042D
    { 22, 24, 300, 0, 24, 132, 6298 }, // U+042E
    { 22, 24, 300, 0, 24, 132, 6430 }, // U+042F
    { 18, 18, 300, 2, 18, 81, 6562 }, // U+0430
    { 20, 26, 300, 2, 26, 130, 6643 }, // U+0431
    { 18, 18, 300, 1, 18, 81, 6773 }, // U+0432
    { 17, 18, 300, 2, 18, 77, 6854 }, // U+0433
    { 18, 26, 300, 2, 26, 117, 6931 }, // U+0434
    { 18, 18, 300, 2, 18, 81, 7048 }, // U+0435
    { 23, 18, 300, -1, 18, 104, 7129 }, // U+0436
    { 18, 18, 300, 1, 18, 81, 7233 }, // U+0437
    { 18, 18, 300, 2, 18, 81, 7314 }, // U+0438
    { 18, 26, 300, 2, 26, 117, 7395 }, // U+0439
    { 20, 18, 300, 2, 18, 90, 7512 }, // U+043A
    { 21, 18, 300, 0, 18, 95, 7602 }, // U+043B
    { 21, 18, 300, 0, 18, 95, 7697 }, // U+043C
    { 20, 18, 300, 1, 18, 90, 7792 }, // U+043D
    { 18, 18, 300, 2, 18, 81, 7882 }, // U+043E
    { 18, 18, 300, 1, 18, 81, 7963 }, // U+043F
    { 21, 24, 300, -1, 18, 126, 8044 }, // U+0440
    { 19, 18, 300, 2, 18, 86, 8170 }, // U+0441
    { 21, 18, 300, 0, 18, 95, 8256 }, // U+0442
    { 23, 24, 300, -2, 18, 138, 8351 }, // U+0443
    { 20, 32, 300, 1, 26, 160, 8489 }, // U+0444
    { 21, 18, 300, 0, 18, 95, 8649 }, // U+0445
    { 18, 23, 300, 2, 18, 104, 8744 }, // U+0446
    { 17, 18, 300, 3, 18, 77, 8848 }, // U+0447
    { 20, 18, 300, 1, 18, 90, 8925 }, // U+0448
    { 20, 23, 300, 1, 18, 115, 9015 }, // U+0449
    { 16, 18, 300, 3, 18, 72, 9130 }, // U+044A
    { 22, 18, 300, 0, 18, 99, 9202 }, // U+044B
    { 18, 18, 300, 1, 18, 81, 9301 }, // U+044C
    { 18, 18, 300, 1, 18, 81, 9382 }, // U+044D
    { 21, 18, 300, 0, 18, 95, 9463 }, // U+044E
    { 21, 18, 300, 0, 18, 95, 9558 }, // U+044F
    { 18, 26, 300, 2, 26, 117, 9653 }, // U+0450
    { 19, 26, 300, 2, 26, 124, 9770 }, // U+0451
    { 17, 32, 300, 2, 26, 136, 9894 }, // U+0452
    { 17, 26, 300, 2, 26, 111, 10030 }, // U+0453
    { 18, 18, 300, 3, 18, 81, 10141 }, // U+0454
    { 19, 18, 300, 1, 18, 86, 10222 }, // U+0455
    { 14, 26, 300, 4, 26, 91, 10308 }, // U+0456
    { 16, 26, 300, 4, 26, 104, 10399 }, // U+0457
    { 20, 32, 300, -1, 26, 160, 10503 }, // U+0458
    { 21, 18, 300, -1, 18, 95, 10663 }, // U+0459
    { 19, 18, 300, 0, 18, 86, 10758 }, // U+045A
    { 17, 26, 300, 2, 26, 111, 10844 }, // U+045B
    { 20, 26, 300, 2, 26, 130, 10955 }, // U+045C
    { 18, 26, 300, 2, 26, 117, 11085 }, // U+045D
    { 23, 32, 300, -2, 26, 184, 11202 }, // U+045E
    { 18, 24, 300, 2, 18, 108, 11386 }, // U+045F
    { 17, 25, 300, 2, 25, 107, 11494 }, // U+0462
    { 19, 18, 300, 0, 18, 86, 11601 }, // U+0463
    { 19, 24, 300, 2, 24, 114, 11687 }, // U+0472
    { 18, 18, 300, 2, 18, 81, 11801 }, // U+0473
    { 21, 24, 300, 4, 24, 126, 11882 }, // U+0474
    { 20, 18, 300, 3, 18, 90, 12008 }, // U+0475
    { 22, 38, 300, 0, 32, 209, 12098 }, // U+048A
    { 18, 31, 300, 2, 26, 140, 12307 }, // U+048B
    { 17, 24, 300, 2, 24, 102, 12447 }, // U+048C
    { 17, 19, 300, 2, 19, 81, 12549 }, // U+048D
    { 21, 24, 300, 1, 24, 126, 12630 }, // U+048E
    { 21, 24, 300, -1, 18, 126, 12756 }, // U+048F
    { 24, 28, 300, 0, 28, 168, 12882 }, // U+0490
    { 20, 22, 300, 2, 22, 110, 13050 }, // U+0491
    { 23, 24, 300, 0, 24, 138, 13160 }, // U+0492
    { 17, 18, 300, 2, 18, 77, 13298 }, // U+0493
    { 20, 30, 300, 1, 24, 150, 13375 }, // U+0494
    { 17, 24, 300, 2, 18, 102, 13525 }, // U+0495
    { 25, 30, 300, -1, 24, 188, 13627 }, // U+0496
    { 23, 23, 300, -1, 18, 133, 13815 }, // U+0497
    { 20, 30, 300, 0, 24, 150, 13948 }, // U+0498
    { 18, 24, 300, 1, 18, 108, 14098 }, // U+0499
    { 22, 30, 300, 1, 24, 165, 14206 }, // U+049A
    { 20, 23, 300, 2, 18, 115, 14371 }, // U+049B
    { 24, 24, 300, 0, 24, 144, 14486 }, // U+049C
    { 23, 18, 300, 0, 18, 104, 14630 }, // U+049D
    { 22, 25, 300, 2, 25, 138, 14734 }, // U+049E
    { 20, 20, 300, 2, 20, 100, 14872 }, // U+049F
    { 21, 24, 300, 3, 24, 126, 14972 }, // U+04A0
    { 19, 18, 300, 3, 18, 86, 15098 }, // U+04A1
    { 21, 30, 300, 1, 24, 158, 15184 }, // U+04A2
    { 19, 23, 300, 1, 18, 110, 15342 }, // U+04A3
    { 24, 24, 300, 0, 24, 144, 15452 }, // U+04A4
    { 21, 18, 300, 1, 18, 95, 15596 }, // U+04A5
    { 20, 30, 300, 0, 24, 150, 15691 }, // U+04A6
    { 20, 24, 300, -1, 18, 120, 15841 }, // U+04A7
    { 19, 30, 300, 2, 24, 143, 15961 }, // U+04A8
    { 18, 23, 300, 2, 18, 104, 16104 }, // U+04A9
    { 19, 30, 300, 3, 24, 143, 16208 }, // U+04AA
    { 19, 24, 300, 2, 18, 114, 16351 }, // U+04AB
    { 19, 30, 300, 4, 24, 143, 16465 }, // U+04AC
    { 20, 23, 300, 0, 18, 115, 16608 }, // U+04AD
    { 19, 24, 300, 5, 24, 114, 16723 }, // U+04AE
    { 18, 24, 300, 4, 18, 108, 16837 }, // U+04AF
    { 21, 24, 300, 3, 24, 126, 16945 }, // U+04B0
    { 20, 24, 300, 2, 18, 120, 17071 }, // U+04B1
    { 21, 26, 300, 1, 21, 137, 17191 }, // U+04B2
    { 21, 23, 300, 0, 18, 121, 17328 }, // U+04B3
    { 21, 30, 300, 2, 24, 158, 17449 }, // U+04B4
    { 17, 23, 300, 3, 18, 98, 17607 }, // U+04B5
    { 18, 30, 300, 4, 24, 135, 17705 }, // U+04B6
    { 17, 23, 300, 3, 18, 98, 17840 }, // U+04B7
    { 19, 24, 300, 4, 24, 114, 17938 }, // U+04B8
    { 18, 18, 300, 3, 18, 81, 18052 }, // U+04B9
    { 18, 24, 300, 1, 24, 108, 18133 }, // U+04BA
    { 18, 26, 300, 1, 26, 117, 18241 }, // U+04BB
    { 19, 24, 300, 3, 24, 114, 18358 }, // U+04BC
    { 19, 18, 300, 2, 18, 86, 18472 }, // U+04BD
    { 19, 29, 300, 3, 24, 138, 18558 }, // U+04BE
    { 19, 23, 300, 2, 18, 110, 18696 }, // U+04BF
    { 21, 24, 300, 1, 24, 126, 18806 }, // U+04C0
    { 25, 31, 300, -1, 31, 194, 18932 }, // U+04C1
    { 23, 26, 300, -1, 26, 150, 19126 }, // U+04C2
    { 23, 30, 300, 1, 24, 173, 19276 }, // U+04C3
    { 21, 24, 300, 1, 18, 126, 19449 }, // U+04C4
    { 22, 30, 300, 0, 24, 165, 19575 }, // U+04C5
    { 21, 23, 300, 0, 18, 121, 19740 }, // U+04C6
    { 23, 30, 300, 0, 24, 173, 19861 }, // U+04C7
    { 20, 24, 300, 1, 18, 120, 20034 }, // U+04C8
    { 22, 30, 300, 0, 24, 165, 20154 }, // U+04C9
    { 20, 24, 300, 1, 18, 120, 20319 }, // U+04CA
    { 18, 30, 300, 4, 24, 135, 20439 }, // U+04CB
    { 17, 23, 300, 3, 18, 98, 20574 }, // U+04CC
    { 22, 30, 300, 0, 24, 165, 20672 }, // U+04CD
    { 20, 23, 300, 0, 18, 115, 20837 }, // U+04CE
    { 21, 24, 300, 1, 24, 126, 20952 }, // U+04CF
    { 23, 31, 300, -1, 31, 179, 21078 }, // U+04D0
    { 20, 26, 300, 2, 26, 130, 21257 }, // U+04D1
    { 23, 31, 300, -1, 31, 179, 21387 }, // U+04D2
    { 20, 26, 300, 2, 26, 130, 21566 }, // U+04D3
    { 24, 24, 300, -1, 24, 144, 21696 }, // U+04D4
    { 20, 18, 300, 1, 18, 90, 21840 }, // U+04D5
    { 20, 31, 300, 2, 31, 155, 21930 }, // U+04D6
    { 19, 26, 300, 2, 26, 124, 22085 }, // U+04D7
    { 19, 24, 300, 2, 24, 114, 22209 }, // U+04D8
    { 18, 18, 300, 1, 18, 81, 22323 }, // U+04D9
    { 19, 31, 300, 2, 31, 148, 22404 }, // U+04DA
    { 19, 26, 300, 1, 26, 124, 22552 }, // U+04DB
    { 25, 31, 300, -1, 31, 194, 22676 }, // U+04DC
    { 23, 26, 300, -1, 26, 150, 22870 }, // U+04DD
    { 21, 31, 300, 0, 31, 163, 23020 }, // U+04DE
    { 20, 26, 300, 1, 26, 130, 23183 }, // U+04DF
    { 21, 24, 300, 1, 24, 126, 23313 }, // U+04E0
    { 20, 24, 300, 0, 18, 120, 23439 }, // U+04E1
    { 23, 30, 300, 0, 30, 173, 23559 }, // U+04E2
    { 18, 25, 300, 2, 25, 113, 23732 }, // U+04E3
    { 23, 31, 300, 0, 31, 179, 23845 }, // U+04E4
    { 18, 26, 300, 2, 26, 117, 24024 }, // U+04E5
    { 20, 31, 300, 2, 31, 155, 24141 }, // U+04E6
    { 18, 26, 300, 2, 26, 117, 24296 }, // U+04E7
    { 19, 24, 300, 2, 24, 114, 24413 }, // U+04E8
    { 18, 18, 300, 2, 18, 81, 24527 }, // U+04E9
    { 20, 31, 300, 2, 31, 155, 24608 }, // U+04EA
    { 18, 26, 300, 2, 26, 117, 24763 }, // U+04EB
    { 21, 31, 300, 1, 31, 163, 24880 }, // U+04EC
    { 20, 26, 300, 1, 26, 130, 25043 }, // U+04ED
    { 24, 30, 300, 0, 30, 180, 25173 }, // U+04EE
    { 23, 31, 300, -2, 25, 179, 25353 }, // U+04EF
    { 24, 31, 300, 0, 31, 186, 25532 }, // U+04F0
    { 23, 32, 300, -2, 26, 184, 25718 }, // U+04F1
    { 25, 32, 300, 0, 32, 200, 25902 }, // U+04F2
    { 26, 32, 300, -2, 26, 208, 26102 }, // U+04F3
    { 18, 31, 300, 4, 31, 140, 26310 }, // U+04F4
    { 18, 26, 300, 3, 26, 117, 26450 }, // U+04F5
    { 23, 30, 300, 0, 24, 173, 26567 }, // U+04F6
    { 17, 23, 300, 2, 18, 98, 26740 }, // U+04F7
    { 23, 31, 300, 0, 31, 179, 26838 }, // U+04F8
    { 22, 26, 300, 0, 26, 143, 27017 }, // U+04F9
    { 19, 32, 300, 5, 32, 152, 0 }, // U+1EF2
    { 23, 32, 300, -2, 26, 184, 152 }, // U+1EF3
    { 17, 4, 300, 3, 12, 17, 0 }, // U+2013
    { 21, 4, 300, 1, 12, 21, 17 }, // U+2014
    { 21, 4, 300, 1, 12, 21, 38 }, // U+2015
    { 11, 13, 300, 9, 28, 36, 59 }, // U+2018
    { 10, 13, 300, 9, 28, 33, 95 }, // U+2019
    { 10, 13, 300, 3, 7, 33, 128 }, // U+201A
    { 17, 11, 300, 6, 26, 47, 161 }, // U+201C
    { 17, 11, 300, 5, 26, 47, 208 }, // U+201D
    { 18, 11, 300, 0, 6, 50, 255 }, // U+201E
    { 16, 29, 300, 4, 24, 116, 305 }, // U+2020
    { 18, 29, 300, 2, 24, 131, 421 }, // U+2021
    { 11, 11, 300, 6, 17, 31, 552 }, // U+2022
    { 19, 5, 300, 0, 5, 24, 583 }, // U+2026
    { 21, 24, 300, 2, 24, 126, 607 }, // U+2030
    { 11, 17, 300, 6, 18, 47, 733 }, // U+2039
    { 12, 17, 300, 4, 18, 51, 780 }, // U+203A
    { 23, 24, 300, 0, 24, 138, 831 }, // U+2044
    { 13, 14, 300, 6, 24, 46, 0 }, // U+2070
    { 13, 14, 300, 6, 24, 46, 46 }, // U+2074
    { 13, 14, 300, 6, 24, 46, 92 }, // U+2075
    { 13, 14, 300, 6, 24, 46, 138 }, // U+2076
    { 12, 14, 300, 8, 24, 42, 184 }, // U+2077
    { 13, 14, 300, 6, 24, 46, 226 }, // U+2078
    { 12, 14, 300, 7, 24, 42, 272 }, // U+2079
    { 13, 14, 300, 4, 14, 46, 314 }, // U+2080
    { 12, 14, 300, 3, 14, 42, 360 }, // U+2081
    { 12, 14, 300, 4, 14, 42, 402 }, // U+2082
    { 12, 14, 300, 4, 14, 42, 444 }, // U+2083
    { 13, 14, 300, 4, 14, 46, 486 }, // U+2084
    { 13, 14, 300, 4, 14, 46, 532 }, // U+2085
    { 12, 14, 300, 4, 14, 42, 578 }, // U+2086
    { 12, 14, 300, 6, 14, 42, 620 }, // U+2087
    { 13, 14, 300, 4, 14, 46, 662 }, // U+2088
    { 12, 14, 300, 5, 14, 42, 708 }, // U+2089
    { 21, 24, 300, 2, 24, 126, 0 }, // U+20AC
    { 20, 24, 300, 3, 24, 120, 126 }, // U+20AE
    { 21, 24, 300, 1, 24, 126, 246 }, // U+20B4
    { 21, 24, 300, 3, 24, 126, 372 }, // U+20B9
    { 19, 26, 300, 2, 26, 124, 0 }, // U+2202
    { 20, 24, 300, -1, 24, 120, 124 }, // U+2206
    { 23, 28, 300, 0, 24, 161, 244 }, // U+220F
    { 24, 28, 300, -1, 24, 168, 405 }, // U+2211
    { 18, 4, 300, 2, 12, 18, 573 }, // U+2212
    { 23, 24, 300, 0, 24, 138, 591 }, // U+2215
    { 8, 7, 300, 7, 14, 14, 729 }, // U+2219
    { 23, 27, 300, 2, 27, 156, 743 }, // U+221A
    { 19, 12, 300, 2, 16, 57, 899 }, // U+221E
    { 23, 32, 300, -1, 26, 184, 956 }, // U+222B
    { 21, 15, 300, 1, 18, 79, 1140 }, // U+2248
    { 20, 19, 300, 2, 20, 95, 1219 }, // U+2260
    { 21, 21, 300, 1, 21, 111, 1314 }, // U+2264
    { 21, 21, 300, 1, 21, 111, 1425 }, // U+2265
    { 28, 32, 300, -5, 26, 224, 0 }, // U+FB01
    { 28, 32, 300, -5, 26, 224, 224 }, // U+FB02
    { 19, 18, 300, 0, 18, 86, 0 }, // U+FFFD
};

static const EpdUnicodeInterval ubuntumono_18_bolditalicIntervals[] = {
    { 0x0, 0x0, 0x0 },
    { 0x8, 0x9, 0x1 },
    { 0xD, 0xD, 0x3 },
    { 0x1D, 0x1D, 0x4 },
    { 0x20, 0x7E, 0x5 },
    { 0xA0, 0xFF, 0x64 },
    { 0x100, 0x17F, 0xC4 },
    { 0x1A0, 0x1A1, 0x144 },
    { 0x1AF, 0x1B0, 0x146 },
    { 0x1C4, 0x21F, 0x148 },
    { 0x311, 0x311, 0x1A4 },
    { 0x400, 0x45F, 0x1A5 },
    { 0x462, 0x463, 0x205 },
    { 0x472, 0x475, 0x207 },
    { 0x48A, 0x4F9, 0x20B },
    { 0x1EF2, 0x1EF3, 0x27B },
    { 0x2013, 0x2015, 0x27D },
    { 0x2018, 0x201A, 0x280 },
    { 0x201C, 0x201E, 0x283 },
    { 0x2020, 0x2022, 0x286 },
    { 0x2026, 0x2026, 0x289 },
    { 0x2030, 0x2030, 0x28A },
    { 0x2039, 0x203A, 0x28B },
    { 0x2044, 0x2044, 0x28D },
    { 0x2070, 0x2070, 0x28E },
    { 0x2074, 0x2079, 0x28F },
    { 0x2080, 0x2089, 0x295 },
    { 0x20AC, 0x20AC, 0x29F },
    { 0x20AE, 0x20AE, 0x2A0 },
    { 0x20B4, 0x20B4, 0x2A1 },
    { 0x20B9, 0x20B9, 0x2A2 },
    { 0x2202, 0x2202, 0x2A3 },
    { 0x2206, 0x2206, 0x2A4 },
    { 0x220F, 0x220F, 0x2A5 },
    { 0x2211, 0x2212, 0x2A6 },
    { 0x2215, 0x2215, 0x2A8 },
    { 0x2219, 0x221A, 0x2A9 },
    { 0x221E, 0x221E, 0x2AB },
    { 0x222B, 0x222B, 0x2AC },
    { 0x2248, 0x2248, 0x2AD },
    { 0x2260, 0x2260, 0x2AE },
    { 0x2264, 0x2265, 0x2AF },
    { 0xFB01, 0xFB02, 0x2B1 },
    { 0xFFFD, 0xFFFD, 0x2B3 },
};

static const EpdFontGroup ubuntumono_18_bolditalicGroups[] = {
    { 0, 4380, 10696, 100, 0 },
    { 4380, 3865, 12034, 96, 100 },
    { 8245, 5036, 19139, 128, 196 },
    { 13281, 5039, 15096, 96, 324 },
    { 18320, 21, 18, 1, 420 },
    { 18341, 9311, 29076, 214, 421 },
    { 27652, 196, 352, 2, 635 },
    { 27848, 536, 1059, 17, 637 },
    { 28384, 508, 840, 17, 654 },
    { 28892, 269, 552, 4, 671 },
    { 29161, 691, 1615, 14, 675 },
    { 29852, 219, 448, 2, 689 },
    { 30071, 78, 90, 1, 691 },
};

static const EpdFontData ubuntumono_18_bolditalic = {
    ubuntumono_18_bolditalicBitmaps,
    ubuntumono_18_bolditalicGlyphs,
    ubuntumono_18_bolditalicIntervals,
    44,
    38,
    32,
    -7,
    true,
    ubuntumono_18_bolditalicGroups,
    13,
    nullptr,
    nullptr,
    nullptr,
    nullptr,
    0,
    0,
    0,
    0,
    nullptr,
    0,
};
