/**
 * generated by fontconvert.py
 * name: ubuntumono_12_italic
 * size: 12
 * mode: 2-bit  compressed: true
 * Command used: fontconvert.py ubuntumono_12_italic 12 ../builtinFonts/source/UbuntuMono/UbuntuMono-Italic.ttf --2bit --compress
 */
#pragma once
#include "EpdFontData.h"

static const uint8_t ubuntumono_12_italicBitmaps[16320] = {
    0x8D, 0x57, 0x4D, 0x8F, 0xDB, 0xC6, 0x19, 0x7E, 0x48, 0xA2, 0x1E, 0xA7, 0x03, 0xEC, 0xDC, 0x8A,
    0x00, 0x8B, 0x15, 0x7B, 0xF0, 0xC1, 0x87, 0xA5, 0x74, 0xF1, 0x41, 0x6D, 0xA9, 0x15, 0x83, 0x1C,
    0x72, 0xC8, 0xA1, 0xFD, 0x01, 0x3D, 0xE4, 0x07, 0xB4, 0xB0, 0x0F, 0x5B, 0x80, 0x40, 0xB5, 0x11,
    0x5B, 0xFF, 0x00, 0xFB, 0x27, 0xE4, 0x1F, 0x74, 0x51, 0xE8, 0x20, 0xA0, 0x6B, 0x8B, 0xE8, 0x1E,
    0x03, 0x04, 0x3C, 0xB5, 0xB7, 0x66, 0xE0, 0xF4, 0xD8, 0x22, 0xD3, 0x96, 0x05, 0xE4, 0x5A, 0x12,
    0xFB, 0xBC, 0x33, 0x94, 0xBC, 0xEB, 0xD8, 0x49, 0x44, 0x0E, 0x76, 0x49, 0xCE, 0xCC, 0xFB, 0xF5,
    0xBC, 0xCF, 0xFB, 0x0E, 0x1C, 0x5C, 0x64, 0xE3, 0x26, 0xA9, 0x93, 0x5A, 0x55, 0xBA, 0xD0, 0x38,
    0x82, 0xFC, 0x26, 0x78, 0x8E, 0x19, 0xB2, 0x41, 0x9E, 0xE5, 0xF9, 0x78, 0xFC, 0xE8, 0xC1, 0xA3,
    0x47, 0xD0, 0x1F, 0xD6, 0x30, 0xAA, 0xC2, 0x89, 0x01, 0xF2, 0x23, 0x98, 0xAE, 0xAB, 0x53, 0x0E,
    0xB8, 0x73, 0xC4, 0xB5, 0x83, 0xFA, 0x7D, 0x83, 0x55, 0xB7, 0xE3, 0xD8, 0x86, 0x29, 0x03, 0xA0,
    0x3C, 0x05, 0xDC, 0x58, 0xF6, 0x73, 0xFD, 0xB0, 0xC0, 0xF1, 0x4B, 0x70, 0x12, 0xA2, 0xF6, 0x07,
    0x88, 0x1B, 0x20, 0x96, 0xD7, 0x3B, 0x8E, 0x39, 0x1F, 0x54, 0xCB, 0x7F, 0x96, 0x1C, 0x25, 0xEE,
    0x47, 0x2D, 0xA6, 0x9D, 0x85, 0xDE, 0x15, 0x87, 0xA5, 0x11, 0xA7, 0xE0, 0x19, 0xC6, 0x51, 0x07,
    0x9B, 0x7C, 0x4E, 0x8D, 0x3F, 0xD2, 0x50, 0xFA, 0x14, 0x6A, 0xB0, 0x80, 0xDA, 0x35, 0x88, 0x5F,
    0xFD, 0x01, 0x38, 0xEA, 0x2A, 0xFC, 0xE4, 0xAB, 0x0A, 0xFF, 0xBE, 0xAE, 0x92, 0xEB, 0xC7, 0x95,
    0x4E, 0x3E, 0x2F, 0xB2, 0x78, 0x87, 0x73, 0xAC, 0x81, 0xD4, 0x62, 0xD5, 0x46, 0xED, 0x32, 0x6E,
    0xCE, 0xE3, 0xC6, 0x45, 0x7F, 0xAD, 0x29, 0x39, 0x59, 0x9F, 0x9A, 0x8B, 0x3C, 0x37, 0x8B, 0x52,
    0xD9, 0x65, 0xD2, 0xCC, 0x52, 0x3B, 0xDD, 0x3A, 0x63, 0xDB, 0x81, 0x98, 0x7E, 0xFE, 0x08, 0xF8,
    0x05, 0x12, 0x07, 0x53, 0xE3, 0x0C, 0xDC, 0x82, 0xEA, 0x26, 0x35, 0x74, 0x01, 0x9A, 0x98, 0xD1,
    0x4A, 0x7F, 0x8F, 0x45, 0x61, 0xB9, 0xC3, 0x23, 0xDF, 0xA7, 0x80, 0xA9, 0x64, 0x66, 0x54, 0x01,
    0x77, 0x81, 0x21, 0x9F, 0x0B, 0xA8, 0x5A, 0x5E, 0xD1, 0xEA, 0xC8, 0x7A, 0x9B, 0x9C, 0x58, 0xC5,
    0xFF, 0xF9, 0x86, 0xEF, 0xE9, 0x5B, 0xE3, 0x67, 0xCE, 0x80, 0x16, 0x49, 0x83, 0xB4, 0xC0, 0x05,
    0xF0, 0x63, 0xC8, 0x23, 0x2E, 0xF1, 0xE0, 0xF2, 0xB3, 0xF9, 0x9F, 0xDC, 0x8F, 0x76, 0x45, 0xB4,
    0x81, 0xFA, 0x12, 0xE6, 0xE7, 0xD5, 0x9D, 0x18, 0x18, 0xDC, 0xD2, 0x63, 0xD5, 0xB5, 0xBC, 0xC3,
    0xDE, 0x61, 0xE3, 0x98, 0x32, 0xAD, 0x76, 0xCA, 0xA9, 0x66, 0x5E, 0x8D, 0x31, 0x75, 0x73, 0x77,
    0x86, 0x95, 0x6C, 0x1C, 0x3C, 0xCD, 0xA9, 0x12, 0x06, 0xAA, 0x26, 0xD2, 0x65, 0x3B, 0xD9, 0x09,
    0x8B, 0xF0, 0x29, 0x91, 0x4F, 0xD5, 0x77, 0x7E, 0x1A, 0xF6, 0x9F, 0x30, 0x6A, 0xA2, 0xAE, 0x4D,
    0xEC, 0x95, 0xA9, 0xF2, 0x14, 0xF9, 0x04, 0x79, 0x5E, 0xE6, 0xE5, 0xA6, 0x5C, 0x2C, 0x17, 0x54,
    0xCA, 0xC5, 0xB6, 0x55, 0xF5, 0x55, 0x5A, 0xCC, 0xB7, 0x12, 0x09, 0xF9, 0x51, 0x74, 0x5A, 0x47,
    0x5D, 0xAD, 0x5E, 0x55, 0xC9, 0xC7, 0xDE, 0xA9, 0xA9, 0xDF, 0x6D, 0xE2, 0xF7, 0x9B, 0x79, 0x15,
    0x5B, 0xCC, 0xBB, 0x7A, 0xC5, 0xA8, 0xA6, 0x74, 0x03, 0xD1, 0x85, 0x66, 0x84, 0x20, 0x76, 0x2F,
    0xFA, 0x0A, 0x12, 0x22, 0x8C, 0x6A, 0x8F, 0x24, 0xF9, 0x97, 0xCE, 0x97, 0x9D, 0x88, 0x20, 0xE7,
    0x07, 0x46, 0xAD, 0x2C, 0x7D, 0x3A, 0xEC, 0x05, 0x44, 0x57, 0x98, 0x5A, 0xB9, 0x89, 0x32, 0x09,
    0x9C, 0x48, 0xBA, 0xA7, 0xDC, 0xBC, 0x6B, 0x52, 0xC1, 0x22, 0x43, 0xBD, 0x45, 0xB2, 0x81, 0x99,
    0x21, 0x2F, 0xE1, 0x16, 0x04, 0x8B, 0x2E, 0xDC, 0x00, 0x2E, 0x8F, 0xEC, 0xBC, 0xDB, 0xAC, 0xBA,
    0xCD, 0xEB, 0x80, 0x8D, 0xA8, 0xD9, 0xB4, 0x2B, 0xBC, 0xFD, 0xE7, 0x90, 0x40, 0x79, 0xF7, 0x44,
    0xDC, 0x27, 0x26, 0x7E, 0x6F, 0x62, 0x5A, 0x6C, 0xA1, 0x14, 0xB1, 0x07, 0x23, 0xA6, 0x01, 0xA2,
    0xE7, 0xA0, 0xBC, 0x55, 0x91, 0xB4, 0xD0, 0xB5, 0xDF, 0x6C, 0x55, 0x51, 0xDD, 0x8B, 0xC8, 0x95,
    0x58, 0x2C, 0xD0, 0x2E, 0x23, 0x77, 0xA1, 0x9A, 0x69, 0x57, 0xE9, 0x97, 0x4C, 0xB8, 0x9D, 0x11,
    0xEB, 0xAF, 0x04, 0x83, 0xCA, 0xCF, 0x9E, 0xC8, 0xC6, 0x91, 0x93, 0x50, 0xE8, 0x3D, 0x78, 0x82,
    0xDB, 0xA0, 0x89, 0xF6, 0x79, 0x47, 0x81, 0x69, 0x11, 0x5B, 0x5D, 0x24, 0x8D, 0x41, 0x6C, 0x69,
    0xF7, 0x4E, 0x7C, 0x68, 0xA1, 0xFE, 0xD2, 0x72, 0x3E, 0xAD, 0xF3, 0xD7, 0x0C, 0x67, 0x71, 0x8B,
    0x54, 0xDE, 0x8B, 0xF5, 0xDE, 0xCF, 0x3B, 0xC4, 0x6D, 0x4A, 0x2B, 0x4D, 0xE1, 0x79, 0xA1, 0xE2,
    0xDF, 0x9A, 0xCF, 0x1D, 0xF7, 0x5C, 0x3D, 0x47, 0x10, 0x42, 0x19, 0x8A, 0x16, 0xCE, 0xE9, 0x00,
    0x2A, 0x36, 0x7D, 0x8A, 0x00, 0xB5, 0x06, 0x87, 0x5F, 0x0F, 0xB5, 0x03, 0xE2, 0xC2, 0xEF, 0x26,
    0x20, 0x81, 0x3B, 0xDC, 0x11, 0xC7, 0xEB, 0xA8, 0x2B, 0x08, 0x8A, 0xA9, 0x0F, 0x55, 0xD4, 0x3D,
    0xC5, 0x31, 0x9D, 0xF8, 0x19, 0x59, 0x46, 0x98, 0x06, 0x37, 0x7F, 0x53, 0x7A, 0x7F, 0xDE, 0xAD,
    0x91, 0x14, 0xD0, 0x2D, 0x7D, 0x5C, 0x79, 0x63, 0x9F, 0x41, 0x6D, 0xB0, 0xAA, 0xA8, 0xFB, 0xBC,
    0xC0, 0x27, 0x54, 0x6C, 0xCB, 0x85, 0xD5, 0x7B, 0xDA, 0xA7, 0x9C, 0x2A, 0x04, 0xBD, 0x4B, 0xEF,
    0xA8, 0xA2, 0xA7, 0xB8, 0x60, 0xC3, 0x36, 0xC4, 0x46, 0x89, 0xFE, 0x0C, 0xE2, 0x56, 0x57, 0xB1,
    0x23, 0xB1, 0x90, 0x0E, 0xCD, 0x07, 0x5D, 0x95, 0x72, 0x8B, 0x6C, 0xA4, 0x0B, 0xD2, 0x03, 0x81,
    0x60, 0x30, 0x3E, 0x1F, 0xA0, 0x5C, 0x64, 0x28, 0x67, 0x74, 0xDB, 0x74, 0x83, 0x9C, 0x0A, 0x08,
    0x00, 0x05, 0x6E, 0x9A, 0xCB, 0xA3, 0x55, 0x30, 0x9A, 0xFE, 0x63, 0x70, 0xBF, 0xA4, 0xA5, 0x4F,
    0xF8, 0x81, 0x81, 0x39, 0xD2, 0xC0, 0x29, 0x45, 0x9F, 0x73, 0x10, 0x4A, 0x51, 0xD7, 0x15, 0x74,
    0x65, 0xA5, 0xE8, 0x5C, 0x43, 0x1C, 0x65, 0x1C, 0x39, 0x07, 0x93, 0x87, 0x06, 0x91, 0x93, 0x08,
    0x71, 0x6A, 0xC0, 0x37, 0x03, 0x2A, 0x3C, 0xA3, 0x25, 0x96, 0xC3, 0xD1, 0x88, 0x2B, 0x66, 0x7B,
    0xDE, 0x5F, 0x57, 0x28, 0xEF, 0xB4, 0x4C, 0xF9, 0x06, 0x9D, 0x80, 0xA9, 0x27, 0xD6, 0xA4, 0xBD,
    0x73, 0x80, 0xFF, 0xA4, 0xCF, 0xCB, 0xB2, 0x4F, 0xDB, 0xFD, 0x60, 0xC2, 0xE0, 0x53, 0x52, 0xD3,
    0x88, 0x40, 0x54, 0x42, 0xB0, 0xF3, 0x10, 0x72, 0xB8, 0x51, 0x11, 0x39, 0x5D, 0xC7, 0x56, 0x0A,
    0x42, 0xB8, 0x54, 0x95, 0xD4, 0xDA, 0xEB, 0x69, 0x0A, 0x83, 0x11, 0x75, 0xB8, 0x40, 0xA6, 0x84,
    0x9C, 0x1B, 0x4C, 0x45, 0xEE, 0x8A, 0x9B, 0xF8, 0x42, 0x00, 0xCF, 0x6B, 0xC2, 0x26, 0x74, 0x39,
    0xA1, 0xB2, 0x86, 0xA2, 0x3D, 0xB4, 0xF8, 0x90, 0xAC, 0x42, 0x21, 0x99, 0x0F, 0x61, 0x1B, 0xD2,
    0xF2, 0x9D, 0x6B, 0x49, 0x71, 0x5C, 0xFF, 0xB6, 0xB5, 0xF9, 0x9E, 0x6B, 0x8E, 0xD7, 0x5C, 0x9A,
    0xB4, 0xEF, 0xD1, 0xD8, 0x80, 0xFB, 0xD2, 0x1B, 0xE7, 0xB0, 0x60, 0x51, 0x73, 0x91, 0x5B, 0xC7,
    0xF6, 0x22, 0xA9, 0xA7, 0x5D, 0x2D, 0x25, 0x64, 0xC9, 0xD4, 0x13, 0x5E, 0xE4, 0x7B, 0xD6, 0x3B,
    0xA9, 0x78, 0xBE, 0xE6, 0x31, 0x08, 0xB5, 0x92, 0x40, 0x10, 0xDF, 0x9A, 0xE6, 0x85, 0x6B, 0xC0,
    0x2B, 0x3B, 0x38, 0x9A, 0x4A, 0x16, 0x10, 0x0C, 0x8A, 0x66, 0xC2, 0x78, 0xDF, 0xA6, 0x55, 0xEF,
    0x69, 0x4A, 0xF5, 0xE3, 0xC0, 0x0E, 0xDF, 0xB5, 0xC0, 0xF3, 0xB0, 0xC5, 0x7D, 0x4D, 0xA7, 0x0A,
    0xA2, 0xE9, 0xD8, 0x88, 0x19, 0x12, 0x5B, 0xC3, 0xDC, 0x9D, 0x50, 0x74, 0x0B, 0x75, 0x4D, 0xF4,
    0x3E, 0x21, 0x49, 0x32, 0x7A, 0x86, 0xF1, 0x4A, 0xF9, 0x77, 0x28, 0x5C, 0xC9, 0xCA, 0x92, 0x93,
    0x10, 0x66, 0x5C, 0xBF, 0xE4, 0x3E, 0x62, 0xE8, 0x81, 0xFE, 0x93, 0xBA, 0x67, 0xAA, 0x50, 0xB2,
    0xCC, 0xED, 0x82, 0x41, 0xBE, 0x93, 0x08, 0xE4, 0xE4, 0x90, 0x09, 0x69, 0xF3, 0x19, 0xB3, 0xF9,
    0x9F, 0x47, 0x4D, 0xF4, 0xB7, 0xAC, 0x89, 0xBF, 0xF8, 0x4D, 0x9D, 0x3C, 0x79, 0x51, 0xAB, 0x8F,
    0xAF, 0x6B, 0xAD, 0x1F, 0x0B, 0x4A, 0x8B, 0x23, 0x68, 0x2E, 0x65, 0x26, 0xF8, 0xC1, 0x4C, 0xE0,
    0x53, 0xE4, 0xE2, 0x46, 0x32, 0x26, 0x59, 0x73, 0x5C, 0xA9, 0x4A, 0xFD, 0x8A, 0x64, 0xC1, 0xFA,
    0x6F, 0x8E, 0x0C, 0x8E, 0xCC, 0x00, 0x27, 0x3A, 0xC3, 0xA9, 0x22, 0xD1, 0x24, 0x57, 0x18, 0x27,
    0x6B, 0x9C, 0x93, 0x68, 0x2E, 0x63, 0x1F, 0x07, 0x3A, 0xC7, 0x46, 0xDD, 0x5A, 0xD9, 0x99, 0x29,
    0x26, 0x43, 0x0C, 0x73, 0x64, 0xDC, 0x71, 0x81, 0xDC, 0xC9, 0xBD, 0xE4, 0x1C, 0x5F, 0x49, 0x18,
    0x41, 0xC9, 0x73, 0x16, 0x6E, 0xD2, 0x02, 0x59, 0xC9, 0x8E, 0xE8, 0x11, 0x32, 0x9A, 0x80, 0x92,
    0xEC, 0xA4, 0xAB, 0x94, 0xC0, 0x7C, 0xC6, 0xF4, 0x10, 0x06, 0xF3, 0x50, 0x38, 0xC0, 0x7E, 0xD6,
    0x33, 0xEF, 0xF7, 0x17, 0x44, 0xBF, 0x8A, 0xC7, 0x5A, 0x9F, 0xC0, 0xF4, 0x54, 0xF7, 0x77, 0xE6,
    0xE3, 0xF6, 0x75, 0x3E, 0x72, 0x68, 0x9F, 0x09, 0x43, 0x18, 0xD6, 0x90, 0x94, 0x18, 0x1E, 0xAE,
    0x0A, 0x4C, 0x48, 0xBF, 0x79, 0x22, 0x21, 0x68, 0x40, 0xCE, 0xF6, 0x48, 0xC3, 0xF1, 0xD6, 0x43,
    0x27, 0x62, 0x3E, 0x7A, 0x5C, 0xDF, 0x6C, 0x76, 0xA6, 0x52, 0x3C, 0x5D, 0xA0, 0x50, 0x0F, 0x81,
    0x25, 0x1E, 0xC4, 0x52, 0x18, 0x1A, 0x1C, 0xEF, 0x04, 0x3E, 0xBB, 0x29, 0xC5, 0xDE, 0xC0, 0xF4,
    0xB7, 0x04, 0x54, 0xB8, 0xD9, 0x14, 0xDF, 0xC4, 0x6D, 0xCE, 0xC5, 0x2C, 0x23, 0xBC, 0x5C, 0xB8,
    0x88, 0x0F, 0x47, 0x2D, 0x68, 0x29, 0x05, 0x84, 0x12, 0xB1, 0xE4, 0xAA, 0x25, 0x7D, 0xB6, 0xF4,
    0xB3, 0x97, 0x1C, 0x0E, 0x25, 0xA5, 0x94, 0x94, 0x31, 0xA6, 0x04, 0x56, 0x71, 0xD6, 0x70, 0x48,
    0x15, 0x14, 0x5F, 0xE1, 0xAC, 0x09, 0x65, 0x76, 0x54, 0xF8, 0x74, 0x70, 0x49, 0x15, 0x59, 0x55,
    0xC5, 0xB5, 0xC4, 0xC3, 0x20, 0x09, 0x30, 0x31, 0x1A, 0x27, 0xD3, 0x23, 0x9C, 0xFE, 0xF6, 0x04,
    0xA7, 0x5F, 0x9D, 0xE2, 0xA7, 0xD7, 0x25, 0x7E, 0xF6, 0xE1, 0x02, 0x53, 0x22, 0xEC, 0x22, 0xB1,
    0xDC, 0xBB, 0x91, 0xD0, 0x2C, 0x3D, 0xEC, 0x86, 0x04, 0x6E, 0x2A, 0x76, 0x5C, 0x04, 0x85, 0xA4,
    0x9E, 0x48, 0x01, 0x91, 0xFE, 0x40, 0x04, 0xB6, 0x0B, 0x56, 0x8B, 0x9C, 0x36, 0xE6, 0xA4, 0x9E,
    0x8C, 0xCB, 0x06, 0x3D, 0xFC, 0x32, 0x5F, 0xB7, 0x32, 0xEA, 0x3B, 0xA0, 0x22, 0x86, 0x39, 0xA0,
    0x7F, 0xCD, 0xA5, 0x6B, 0xA9, 0x2E, 0x3D, 0x89, 0xD4, 0xA1, 0xAD, 0xD1, 0x95, 0x6F, 0xBE, 0x7C,
    0xF6, 0x79, 0xD6, 0x99, 0x77, 0x7D, 0xFB, 0x22, 0x6F, 0x27, 0xA1, 0xBD, 0xDA, 0x3F, 0x0E, 0x03,
    0x64, 0x62, 0x1B, 0xD6, 0xA6, 0x7D, 0xBD, 0x91, 0x21, 0xA5, 0x7A, 0xB4, 0xED, 0x33, 0xE7, 0xAD,
    0x71, 0xA9, 0xA4, 0xD0, 0x68, 0x2F, 0x89, 0x35, 0xE6, 0x84, 0x94, 0xEF, 0xE7, 0xB2, 0x50, 0xCC,
    0xD7, 0x3E, 0x18, 0xB3, 0x43, 0x68, 0xE4, 0x9A, 0xF8, 0x60, 0x0D, 0x7D, 0xD8, 0x52, 0x98, 0xC3,
    0x25, 0x82, 0xD2, 0xED, 0x7E, 0xF5, 0xD8, 0xB7, 0x15, 0x97, 0xFB, 0x6E, 0x31, 0x74, 0x74, 0x7B,
    0x61, 0xB7, 0x53, 0x3A, 0x08, 0x12, 0x83, 0x19, 0xA3, 0x4F, 0x9B, 0xE8, 0x5F, 0xA4, 0x71, 0x67,
    0x8A, 0xC5, 0x10, 0xE5, 0x7D, 0x3C, 0x98, 0x77, 0x1D, 0x1B, 0xF4, 0x7B, 0x9C, 0x97, 0x72, 0x4A,
    0x5C, 0x78, 0x02, 0xDD, 0x25, 0x6D, 0x16, 0x9A, 0x35, 0x02, 0x20, 0xC7, 0x22, 0x67, 0x8F, 0x03,
    0x77, 0xA6, 0x1C, 0xA1, 0xAD, 0xD6, 0xEE, 0x4D, 0x3B, 0xBF, 0xB6, 0xA4, 0xE6, 0xA4, 0xB9, 0x50,
    0xD5, 0x50, 0x17, 0x03, 0x83, 0xCC, 0x60, 0x72, 0x82, 0xD9, 0x69, 0xD4, 0xE6, 0xDA, 0x92, 0xB8,
    0x44, 0x7C, 0xFA, 0x92, 0x79, 0xAA, 0xDA, 0xBB, 0x07, 0x5E, 0x3E, 0xDC, 0xD3, 0xE2, 0x13, 0x56,
    0x31, 0xA9, 0xD8, 0xA2, 0xFB, 0x9B, 0x94, 0xF8, 0x70, 0xC3, 0x5C, 0x63, 0xCF, 0xD5, 0x94, 0x0C,
    0xF5, 0x82, 0xBE, 0x72, 0x01, 0xBA, 0x02, 0x5B, 0x3A, 0x98, 0x24, 0x83, 0x65, 0x5A, 0xFB, 0xE6,
    0x29, 0x7D, 0xD1, 0x84, 0xA4, 0xDE, 0x28, 0x4B, 0xFA, 0x23, 0x0B, 0x4E, 0x26, 0xD1, 0x86, 0xB1,
    0x9D, 0xFE, 0xAF, 0xC8, 0xA5, 0x00, 0x1F, 0xE4, 0xA4, 0x54, 0x68, 0xB5, 0xF6, 0x6D, 0xDE, 0xBE,
    0xB8, 0xAC, 0x58, 0x4C, 0xBB, 0xAE, 0x09, 0x34, 0xFE, 0x3D, 0x99, 0x59, 0x4A, 0x15, 0x97, 0x33,
    0xD5, 0xE1, 0x3B, 0x0E, 0x29, 0x9C, 0xCF, 0x55, 0xCD, 0x5A, 0x59, 0x09, 0x19, 0x49, 0x75, 0xD4,
    0x7D, 0x0A, 0x9A, 0x22, 0xA3, 0x7B, 0xAF, 0x7C, 0x0D, 0x8B, 0x76, 0xA1, 0xC5, 0xBE, 0x47, 0x58,
    0x7B, 0xBD, 0x5F, 0xA2, 0x0F, 0xE5, 0x6B, 0xD0, 0x74, 0x0D, 0xAB, 0xA4, 0xAE, 0xD6, 0x04, 0xB5,
    0x91, 0x7C, 0x2B, 0x87, 0x58, 0x4C, 0x7C, 0x14, 0x66, 0x91, 0xE5, 0x49, 0xA5, 0x15, 0xBB, 0xB1,
    0x11, 0x90, 0x92, 0xB0, 0xDD, 0xEA, 0xF6, 0x79, 0x8D, 0xFC, 0xA7, 0x76, 0xD1, 0x36, 0x20, 0x55,
    0xB2, 0x32, 0xBD, 0xD9, 0x28, 0x71, 0xEC, 0xDE, 0x6D, 0xD5, 0x9B, 0x55, 0x97, 0x80, 0xBF, 0xC7,
    0x33, 0xC7, 0x7C, 0xE7, 0x7B, 0xB0, 0x77, 0x4C, 0x95, 0x9E, 0x90, 0xC6, 0xFD, 0x99, 0x3D, 0xE8,
    0x13, 0x92, 0xD0, 0xB3, 0x50, 0x8B, 0xD8, 0x28, 0x63, 0xC0, 0xB6, 0x9C, 0x58, 0xF2, 0x44, 0x98,
    0x33, 0x68, 0xC2, 0x25, 0x72, 0xDC, 0xB8, 0xA9, 0x6F, 0x70, 0x51, 0x60, 0xA8, 0xC9, 0xDD, 0xD1,
    0x46, 0xB7, 0xD1, 0xF3, 0x87, 0xD2, 0x55, 0xD6, 0xC9, 0xF5, 0x75, 0x9D, 0x3C, 0xBE, 0xE6, 0x99,
    0x8E, 0x67, 0x36, 0xF5, 0x51, 0x61, 0x34, 0xCF, 0xA2, 0xC6, 0x30, 0x8B, 0xC8, 0x24, 0x3E, 0xEB,
    0x33, 0xA6, 0x42, 0xCE, 0x16, 0x8B, 0x10, 0x64, 0xB1, 0x99, 0xA9, 0x6A, 0xA2, 0x8B, 0x49, 0xF0,
    0x1A, 0x6B, 0x51, 0xB6, 0xC7, 0x6E, 0x49, 0x3D, 0x57, 0x95, 0xEA, 0x5C, 0xFA, 0xBB, 0xF6, 0x0C,
    0xCB, 0x19, 0x1B, 0x36, 0xE9, 0x08, 0x5A, 0x69, 0x0A, 0x12, 0xBB, 0x4E, 0x6B, 0xB6, 0xC5, 0xD2,
    0xE1, 0x3E, 0x24, 0x32, 0x58, 0xD5, 0x23, 0xE7, 0x3B, 0x64, 0x86, 0xB1, 0x6F, 0x74, 0x0E, 0x35,
    0x65, 0x02, 0x13, 0xAF, 0x7D, 0xEB, 0x25, 0x67, 0x82, 0x37, 0x7D, 0xC8, 0xF5, 0x44, 0x2B, 0xC1,
    0x4A, 0xAC, 0x12, 0xAA, 0x0B, 0x69, 0x39, 0x2C, 0x71, 0x4A, 0x98, 0x92, 0x60, 0xE7, 0xEC, 0x1D,
    0xBF, 0xBE, 0x95, 0x9E, 0xD1, 0x6A, 0xCD, 0x8E, 0x46, 0xDA, 0xF4, 0xB7, 0x15, 0xE2, 0x90, 0x66,
    0x18, 0x31, 0x23, 0x37, 0xB1, 0x7D, 0x9F, 0x6C, 0x14, 0x4B, 0x0D, 0x2A, 0x78, 0xA0, 0xF2, 0xE0,
    0x73, 0xEF, 0xC7, 0xCE, 0x77, 0x32, 0xB7, 0xE0, 0xC3, 0xF3, 0xF1, 0xBC, 0xB3, 0xFD, 0x49, 0x64,
    0x7F, 0x7A, 0x0A, 0xDB, 0x8E, 0xD8, 0x04, 0x76, 0x50, 0x2F, 0xF9, 0x66, 0x46, 0x7A, 0x9F, 0xA0,
    0xF5, 0x80, 0x72, 0x65, 0x6C, 0x17, 0x89, 0x28, 0xC9, 0x7B, 0x29, 0xBE, 0xA8, 0xD3, 0x17, 0x35,
    0x95, 0x5F, 0x7A, 0xAC, 0x91, 0xF6, 0x4B, 0xF6, 0x9B, 0xF4, 0x68, 0x26, 0x84, 0x40, 0x02, 0x1E,
    0xD1, 0xFA, 0x5A, 0xB6, 0x25, 0x07, 0x17, 0x25, 0x45, 0x9C, 0x53, 0xC0, 0x82, 0x9F, 0x2F, 0xD9,
    0x02, 0x5F, 0x6E, 0xC6, 0xF8, 0xE3, 0x3F, 0x2E, 0xF1, 0x9F, 0x5F, 0x5A, 0xBC, 0x1A, 0x34, 0xD8,
    0xB2, 0xB2, 0xAC, 0xA9, 0x88, 0x33, 0xD2, 0xBD, 0x50, 0xAF, 0x96, 0x39, 0x36, 0x93, 0x16, 0x85,
    0xF6, 0xA5, 0x72, 0x2C, 0xAB, 0xC3, 0x90, 0xF2, 0xF7, 0x5F, 0x39, 0xB7, 0xF0, 0x14, 0x52, 0x2C,
    0x49, 0x84, 0x39, 0x7C, 0xEB, 0x12, 0xCA, 0x8F, 0xC5, 0x4C, 0x20, 0x44, 0xA3, 0x72, 0x6E, 0x96,
    0x89, 0xAB, 0xB2, 0x00, 0x31, 0xC3, 0x3D, 0xB4, 0x7D, 0x7D, 0x5A, 0x65, 0xD1, 0x98, 0xD2, 0x4F,
    0xD3, 0x4A, 0xB2, 0x72, 0x97, 0xC8, 0xF1, 0x68, 0x2D, 0x54, 0xCE, 0x65, 0x13, 0x7F, 0x88, 0xB6,
    0x42, 0x86, 0x43, 0x49, 0x85, 0x46, 0xF2, 0x2F, 0x66, 0x46, 0xD0, 0x2D, 0x3E, 0x49, 0x4E, 0xBF,
    0x99, 0x10, 0x51, 0xBF, 0xF5, 0x5C, 0xBA, 0xDA, 0x2A, 0x34, 0x7B, 0x6F, 0x6B, 0xF8, 0x64, 0xB9,
    0xA1, 0x2C, 0x9E, 0x38, 0x70, 0x03, 0xD0, 0x65, 0xE0, 0xAB, 0x77, 0xE1, 0x5D, 0x8E, 0x9B, 0x5E,
    0xDD, 0xC3, 0x69, 0xF0, 0xFC, 0x76, 0x72, 0xC9, 0xF0, 0xCF, 0xD2, 0x6B, 0xEE, 0x5E, 0x9F, 0xAE,
    0xDF, 0x24, 0x27, 0x2E, 0x5F, 0x71, 0x9A, 0xD0, 0x5B, 0xE2, 0x7E, 0x68, 0xB6, 0x83, 0x6C, 0xB4,
    0xB9, 0xAF, 0xEC, 0xFF, 0x01, 0xAD, 0x58, 0xBF, 0x8F, 0xDB, 0xD8, 0x11, 0xFE, 0x48, 0x26, 0x7A,
    0x76, 0xE8, 0xD5, 0x4B, 0x91, 0x62, 0x01, 0xEF, 0x8A, 0x5B, 0x6C, 0x71, 0x85, 0xA4, 0xBD, 0x62,
    0x03, 0xA8, 0xA0, 0x44, 0x1A, 0x5B, 0x1C, 0x90, 0x20, 0xE7, 0xFB, 0x13, 0x36, 0x40, 0xCA, 0x04,
    0xE7, 0x62, 0x0B, 0x05, 0x91, 0x57, 0x3C, 0xB8, 0xB8, 0x22, 0x40, 0x6E, 0xFF, 0x80, 0x54, 0xA9,
    0x8D, 0x60, 0x0B, 0x01, 0x11, 0x12, 0xF9, 0xC4, 0x3B, 0x17, 0x29, 0x0C, 0x24, 0x8C, 0x5D, 0xA4,
    0x4B, 0x98, 0x20, 0x6D, 0x80, 0x57, 0x10, 0x09, 0x2F, 0xD0, 0x8A, 0xF9, 0xE6, 0x91, 0xDA, 0xF3,
    0xF9, 0xAE, 0x90, 0xBD, 0x96, 0x38, 0xB0, 0x96, 0xE4, 0xCC, 0x9B, 0x9F, 0xDF, 0xCC, 0x18, 0x85,
    0x5B, 0x3A, 0x06, 0xFC, 0xB8, 0xA9, 0x97, 0xA8, 0xC4, 0x8F, 0x35, 0x34, 0x02, 0xF4, 0x31, 0x44,
    0x88, 0x09, 0xE0, 0xA5, 0xF0, 0x12, 0xA8, 0x18, 0x47, 0x85, 0x5B, 0x19, 0x3F, 0x47, 0x10, 0xF3,
    0x11, 0x9F, 0x61, 0x0C, 0xCC, 0xEC, 0xC5, 0x1F, 0x23, 0xE0, 0xA8, 0x4A, 0x54, 0x95, 0x38, 0x19,
    0x05, 0x09, 0x13, 0xFC, 0x2B, 0x20, 0xAA, 0x80, 0x27, 0xB7, 0x01, 0x1E, 0xE0, 0xE6, 0x94, 0x95,
    0x59, 0x79, 0x98, 0x56, 0x29, 0x96, 0x24, 0x3F, 0x06, 0x0F, 0x03, 0x3A, 0xB0, 0x02, 0xF9, 0x7A,
    0x66, 0xEF, 0x1F, 0xE0, 0xE0, 0xE1, 0xBA, 0x3C, 0xAA, 0x4C, 0x70, 0x92, 0x75, 0x61, 0xEA, 0x8B,
    0xBF, 0x79, 0xE7, 0x7C, 0x5D, 0xF2, 0xA9, 0x97, 0x3A, 0xC6, 0xCB, 0xBC, 0xD4, 0xCD, 0x75, 0x0C,
    0xD3, 0xE7, 0x01, 0x73, 0xE0, 0xE7, 0x3C, 0x21, 0x4A, 0xA1, 0xAB, 0x2B, 0xD2, 0x0A, 0xA2, 0xA5,
    0x48, 0x8D, 0xAA, 0x82, 0x64, 0xAC, 0xA6, 0xA2, 0x08, 0x4F, 0xEC, 0xA0, 0xC7, 0x27, 0x21, 0x06,
    0x38, 0xC3, 0xA5, 0xBD, 0xC7, 0x0F, 0xAD, 0x8F, 0x6B, 0xEB, 0x37, 0x8F, 0xAF, 0x4D, 0x98, 0x7F,
    0xBB, 0xE6, 0x2C, 0x49, 0xCB, 0x04, 0x0E, 0x25, 0xAA, 0x64, 0xC5, 0x37, 0x43, 0xD2, 0x18, 0x3A,
    0x33, 0x50, 0x54, 0x5B, 0x9E, 0xC1, 0x4F, 0xAD, 0x8D, 0xDF, 0xF5, 0xC5, 0x44, 0xE0, 0x43, 0xF2,
    0xCC, 0xC6, 0xE5, 0xE2, 0xF2, 0xCC, 0x59, 0xC6, 0x8A, 0x16, 0xC5, 0x65, 0x88, 0xEE, 0xF1, 0x72,
    0xE7, 0xFB, 0x55, 0x9B, 0xD7, 0xF1, 0xA7, 0x3B, 0xFC, 0x33, 0x88, 0xE7, 0x7C, 0xC4, 0x17, 0x9C,
    0x0A, 0xFA, 0x3E, 0xBA, 0x6D, 0x1C, 0xEF, 0xE0, 0xC1, 0x1E, 0x1E, 0x74, 0x31, 0x9E, 0xE0, 0xE8,
    0x31, 0x70, 0x71, 0xEA, 0x66, 0xC6, 0x3F, 0x49, 0xFB, 0x3C, 0x93, 0xCA, 0x75, 0xB0, 0x4F, 0x45,
    0x55, 0xDC, 0xF2, 0xE8, 0xCB, 0xD5, 0xB2, 0xE2, 0x21, 0x67, 0xA0, 0x29, 0xA2, 0x65, 0x0E, 0x89,
    0x41, 0x16, 0x99, 0xA9, 0x48, 0x54, 0xF7, 0xCC, 0x3E, 0x06, 0x83, 0xF5, 0xDE, 0xF1, 0x8B, 0x1F,
    0x1D, 0xBF, 0x78, 0xFF, 0x98, 0x47, 0xFE, 0x75, 0x67, 0xF0, 0xE2, 0xD7, 0xBC, 0xC9, 0x47, 0x7C,
    0x21, 0xBA, 0x8A, 0x56, 0x41, 0x3E, 0x18, 0x3C, 0xE8, 0x0E, 0x06, 0x41, 0x5E, 0xDB, 0x49, 0x72,
    0xF8, 0xD3, 0xCD, 0x60, 0x83, 0x59, 0x55, 0xA9, 0x10, 0x6D, 0xC6, 0x75, 0xC8, 0x84, 0xDA, 0xB5,
    0xE3, 0x22, 0x3A, 0x5B, 0xA8, 0x55, 0xDE, 0xDE, 0xC7, 0x3E, 0x26, 0xAE, 0xD1, 0x71, 0x88, 0x69,
    0xE9, 0xAE, 0x5A, 0x6D, 0xEC, 0x7B, 0x05, 0xBA, 0xD8, 0x43, 0x18, 0xE5, 0x4E, 0xEC, 0xA7, 0x23,
    0x1C, 0xC3, 0x31, 0x2A, 0x71, 0x73, 0x3F, 0x76, 0x33, 0x4D, 0x4F, 0x09, 0x75, 0x28, 0xBA, 0x47,
    0xD1, 0x61, 0xE3, 0xD2, 0x10, 0xC1, 0x47, 0x4F, 0x98, 0x50, 0x15, 0x86, 0xEB, 0xF7, 0x6D, 0x66,
    0x30, 0x11, 0xC1, 0x10, 0xA3, 0x90, 0x03, 0x3F, 0x5C, 0x8B, 0x4E, 0x08, 0xAA, 0x36, 0xA2, 0xF5,
    0x3E, 0xA6, 0x57, 0x5D, 0x2C, 0x57, 0x21, 0x69, 0xC0, 0x53, 0xCF, 0x10, 0x15, 0x97, 0xF0, 0x0D,
    0x6D, 0x30, 0xB4, 0xE1, 0x1F, 0x19, 0x9C, 0xE7, 0x29, 0xDC, 0xA7, 0xB4, 0xE3, 0x69, 0x02, 0xEF,
    0x51, 0x0C, 0xF5, 0x1E, 0xE9, 0x87, 0x34, 0x85, 0x36, 0xE8, 0xB6, 0xE4, 0xEE, 0x94, 0xB9, 0xE2,
    0xF3, 0x7C, 0x1F, 0x4F, 0xE8, 0x48, 0xD7, 0xB4, 0x0D, 0xBD, 0x98, 0x39, 0x99, 0x9B, 0xBA, 0x29,
    0xED, 0x60, 0x3E, 0xF9, 0xE8, 0x7A, 0xF1, 0x40, 0xC5, 0x67, 0x3E, 0xCE, 0x34, 0x06, 0x54, 0x30,
    0x47, 0xCB, 0x85, 0xEF, 0x25, 0xDE, 0xA3, 0xD4, 0xFB, 0x2C, 0x67, 0x74, 0xD4, 0xA3, 0x4C, 0xD3,
    0x84, 0x1E, 0xDE, 0x3D, 0x04, 0x76, 0xA8, 0xE6, 0x02, 0x33, 0xE7, 0x31, 0x63, 0xD1, 0xA5, 0xDF,
    0x06, 0x3C, 0xEB, 0x98, 0x86, 0x3C, 0x60, 0x12, 0xF2, 0x96, 0x75, 0x25, 0xDF, 0x46, 0x18, 0x30,
    0x6C, 0xBF, 0xE0, 0xAD, 0x3F, 0x41, 0x3D, 0xFA, 0x15, 0x43, 0x5A, 0xD1, 0xDC, 0xBD, 0x0D, 0xBF,
    0x71, 0x1E, 0xBB, 0xC2, 0x1F, 0x63, 0xD0, 0x69, 0xF8, 0x8D, 0x0D, 0x89, 0x0D, 0x43, 0xE7, 0x53,
    0xE6, 0xF7, 0x09, 0xCD, 0x54, 0xBC, 0xD5, 0xE7, 0xAD, 0x12, 0x1D, 0x56, 0x58, 0xE8, 0xAD, 0xE1,
    0xAC, 0x6C, 0x78, 0x66, 0xD8, 0xE1, 0x61, 0x25, 0x0F, 0xDB, 0xE3, 0xF9, 0xDD, 0x10, 0x7E, 0xBE,
    0xE5, 0xF9, 0x94, 0xA3, 0x72, 0x5B, 0xAF, 0xF6, 0x43, 0xEE, 0x40, 0x82, 0x40, 0xA4, 0x60, 0x5E,
    0x07, 0xB6, 0xAE, 0x78, 0x0D, 0x5B, 0x0C, 0x12, 0xFC, 0x2F, 0xF8, 0xC6, 0x41, 0x13, 0x24, 0xD6,
    0xA2, 0x55, 0xCE, 0x6D, 0x38, 0x09, 0x0C, 0x60, 0x19, 0x38, 0x7F, 0xA7, 0xCC, 0x4F, 0x6A, 0x9F,
    0xB7, 0x7D, 0xEA, 0xC2, 0x77, 0xCE, 0x48, 0xC6, 0x67, 0xCE, 0x57, 0x31, 0xC3, 0xC9, 0xEA, 0x53,
    0x89, 0xB6, 0x89, 0xA0, 0x92, 0xD0, 0x2A, 0x88, 0x0B, 0x32, 0xD1, 0x60, 0x9D, 0xD4, 0x0E, 0xB9,
    0xA9, 0x3C, 0xD1, 0x29, 0xE0, 0xBF, 0xBF, 0xA7, 0x59, 0x17, 0x17, 0x37, 0x97, 0xF7, 0xE4, 0xD0,
    0x42, 0x81, 0xF3, 0x71, 0x8E, 0xEB, 0xCF, 0x4D, 0xE4, 0x5D, 0xB2, 0x86, 0x0B, 0x96, 0xB2, 0xB9,
    0x7C, 0x3B, 0xF2, 0x84, 0xF7, 0x37, 0x49, 0x4D, 0xD3, 0x57, 0xE4, 0xF8, 0xB5, 0x9C, 0x70, 0x23,
    0x47, 0x5D, 0xCB, 0xF1, 0xBF, 0x26, 0x67, 0xC9, 0x6C, 0x22, 0xC4, 0x78, 0xFF, 0x66, 0xDE, 0x30,
    0xEA, 0x6D, 0xE2, 0x7D, 0x97, 0x79, 0x74, 0x46, 0x48, 0x30, 0x44, 0xFC, 0xBF, 0x30, 0x51, 0x08,
    0xDC, 0x82, 0x80, 0x9A, 0xC8, 0xD7, 0x23, 0x4B, 0xE8, 0x57, 0x98, 0xE9, 0x35, 0x70, 0x97, 0xB9,
    0x41, 0x18, 0xF4, 0x8A, 0x96, 0x8D, 0x22, 0x33, 0x67, 0x03, 0xCB, 0xD2, 0x35, 0x2C, 0x24, 0xCF,
    0x9A, 0xB2, 0x5E, 0x90, 0xCE, 0x9D, 0x84, 0x19, 0x95, 0xA2, 0xB5, 0x8E, 0x6D, 0x9A, 0x5A, 0x34,
    0xCA, 0xEB, 0xA8, 0x01, 0x49, 0xDD, 0x45, 0xEC, 0xDB, 0x22, 0xE1, 0x56, 0xED, 0x22, 0xE9, 0x18,
    0x02, 0x4F, 0x2F, 0xA1, 0x96, 0x34, 0x19, 0x8F, 0x2A, 0x2B, 0x86, 0xE7, 0x65, 0xC4, 0x92, 0x46,
    0xD3, 0xC3, 0x4B, 0x3D, 0x01, 0x6C, 0x4E, 0x38, 0x6A, 0xA0, 0x3D, 0x7B, 0x0B, 0xF2, 0x0E, 0x6B,
    0x4B, 0x3C, 0xFA, 0xD9, 0xF5, 0x6E, 0x2E, 0xCF, 0x67, 0xED, 0xEB, 0xFB, 0x89, 0xAD, 0xD5, 0xCD,
    0xE7, 0x26, 0xF2, 0x5C, 0x3E, 0x54, 0x69, 0xE3, 0xC7, 0x59, 0xA3, 0xAF, 0x95, 0x19, 0x53, 0x66,
    0x2D, 0xE8, 0x55, 0x98, 0xDF, 0x08, 0x09, 0xBF, 0x1A, 0xB8, 0x88, 0x2A, 0x08, 0xD5, 0x71, 0x38,
    0xA7, 0x32, 0x8C, 0x8B, 0x93, 0xBC, 0x05, 0x79, 0xC4, 0x12, 0x87, 0xF1, 0x50, 0xBF, 0x65, 0x78,
    0xBE, 0x73, 0x73, 0x79, 0xDF, 0xEC, 0xC3, 0x37, 0x97, 0xB7, 0xA4, 0xEF, 0x64, 0xBE, 0x30, 0x0F,
    0xE9, 0xC6, 0x80, 0x20, 0x59, 0xB7, 0xB1, 0x68, 0xA5, 0xD9, 0x7E, 0x34, 0x45, 0x75, 0x28, 0x66,
    0x48, 0x9A, 0xA0, 0x43, 0x9F, 0xF4, 0x38, 0x33, 0x45, 0x3C, 0x2E, 0x92, 0x14, 0x53, 0xCF, 0x13,
    0xF6, 0xAD, 0x04, 0xBB, 0xE7, 0xD7, 0xAA, 0x38, 0xC6, 0xCD, 0x5C, 0xE3, 0xA5, 0x5E, 0x49, 0x5A,
    0xA8, 0x44, 0xFD, 0x94, 0x8D, 0x48, 0xDA, 0x7B, 0x5B, 0xA3, 0xAD, 0xD9, 0xE9, 0xFD, 0x1E, 0x5B,
    0xC0, 0x84, 0xB8, 0xBE, 0xC0, 0xC0, 0x2B, 0xD9, 0x9F, 0x0A, 0x5C, 0xBA, 0x86, 0xCD, 0xC1, 0xD8,
    0xF4, 0xD5, 0x36, 0xA2, 0x12, 0x50, 0x0B, 0x69, 0x47, 0xB9, 0x53, 0x95, 0x2A, 0x9F, 0xE8, 0x78,
    0xD8, 0x47, 0x3F, 0x44, 0x6F, 0x8C, 0xDE, 0x0C, 0xA1, 0x91, 0x6B, 0x4E, 0xAE, 0xC2, 0xCB, 0x17,
    0x3A, 0xE5, 0x54, 0xE3, 0x17, 0x75, 0xF8, 0x57, 0xF0, 0x58, 0xC0, 0x78, 0x7D, 0xDE, 0x44, 0xC0,
    0x39, 0x98, 0xE3, 0x9D, 0xDD, 0xD7, 0xE6, 0x0D, 0x7E, 0x80, 0xE9, 0x1A, 0x3F, 0x2E, 0x1B, 0x17,
    0xBC, 0x16, 0xEF, 0x7E, 0x07, 0xA3, 0x23, 0x74, 0xF7, 0xDF, 0x80, 0xB7, 0x85, 0x77, 0xF5, 0xBD,
    0xC2, 0xFB, 0x63, 0xC6, 0x39, 0x4B, 0xEC, 0xBE, 0x42, 0x70, 0x1F, 0x13, 0x95, 0x1E, 0xB0, 0x2C,
    0xEE, 0xFE, 0x27, 0x11, 0xA4, 0x72, 0x8B, 0x23, 0xBA, 0x33, 0x82, 0x8E, 0xAB, 0x58, 0xB3, 0x8A,
    0xFB, 0xFE, 0x27, 0x08, 0x65, 0xEA, 0x1A, 0x77, 0x30, 0x34, 0x43, 0x0E, 0x98, 0x13, 0x44, 0x44,
    0xA0, 0x91, 0x92, 0xA8, 0x26, 0xF8, 0x1D, 0x01, 0xEE, 0x54, 0xF4, 0xD8, 0x6D, 0xA0, 0x4D, 0x32,
    0x48, 0x32, 0xAA, 0xA9, 0x04, 0x3F, 0xD1, 0xB1, 0x6E, 0xA6, 0x4A, 0x99, 0x2B, 0xEB, 0xC9, 0x52,
    0xBE, 0x63, 0x7E, 0x67, 0xFC, 0x9A, 0xFA, 0xCB, 0x00, 0x72, 0xA4, 0x05, 0x75, 0xB5, 0x23, 0xA7,
    0x6F, 0x7D, 0xB3, 0x41, 0x13, 0x99, 0x9D, 0xE3, 0xB7, 0x20, 0x8F, 0x3A, 0x51, 0x6F, 0x74, 0x38,
    0x4A, 0x1D, 0xBE, 0x73, 0x73, 0x79, 0x12, 0x84, 0x21, 0xBB, 0x4C, 0xD8, 0xBB, 0xCE, 0xE6, 0x9B,
    0xE9, 0x47, 0x4F, 0xBA, 0xA6, 0x9E, 0xA1, 0x6F, 0xD7, 0xF2, 0xEA, 0x71, 0xB0, 0x67, 0x77, 0x91,
    0x1E, 0xF9, 0x3A, 0xAC, 0x58, 0xCD, 0xA1, 0xDF, 0xFF, 0x19, 0x4D, 0x29, 0x1B, 0xD7, 0xA4, 0x4D,
    0x21, 0x4B, 0xB1, 0xCB, 0x60, 0xD3, 0x14, 0x33, 0x5F, 0x67, 0x8D, 0xB8, 0xD2, 0x9E, 0x72, 0xAF,
    0xBA, 0x52, 0xE9, 0xD4, 0x4F, 0x02, 0x1D, 0x07, 0x1A, 0xA3, 0x8E, 0xB3, 0xE2, 0x32, 0x11, 0xAD,
    0x39, 0x72, 0xCA, 0xD8, 0x32, 0xB7, 0xAA, 0x33, 0xB9, 0x22, 0x4E, 0xFC, 0x0B, 0x76, 0x29, 0xA3,
    0x89, 0xAD, 0x3D, 0x62, 0xEB, 0x9C, 0x63, 0x23, 0x05, 0x3C, 0xE3, 0xC8, 0x28, 0x6D, 0xF3, 0x3E,
    0x4F, 0x3F, 0x29, 0x28, 0x7D, 0x61, 0x6B, 0xDC, 0x5A, 0xF8, 0x01, 0x6B, 0x73, 0x59, 0x20, 0x9C,
    0x5E, 0x08, 0x54, 0x08, 0x0A, 0x46, 0xB4, 0x21, 0x92, 0xF8, 0xBB, 0x56, 0x21, 0x19, 0xA3, 0x4C,
    0x3D, 0x22, 0xE1, 0x6E, 0x89, 0x6A, 0xED, 0x15, 0x3D, 0x9D, 0x70, 0xF4, 0x0A, 0xE9, 0x95, 0x10,
    0xB3, 0x10, 0x86, 0xD7, 0x48, 0x99, 0xA0, 0x32, 0xAA, 0x34, 0x16, 0x50, 0xCF, 0x45, 0x50, 0x9D,
    0x43, 0x5B, 0xB1, 0x9C, 0x32, 0x73, 0xA1, 0x17, 0xB8, 0x73, 0x67, 0x5B, 0x16, 0xFF, 0x39, 0x77,
    0x3A, 0xE2, 0xD2, 0xE1, 0xC3, 0x2F, 0xA7, 0x0D, 0xF2, 0x91, 0x91, 0xED, 0xBA, 0xC7, 0x76, 0xCD,
    0x21, 0xB7, 0x09, 0x1C, 0xB9, 0x49, 0xC6, 0x12, 0x05, 0x10, 0xC1, 0xB8, 0xF0, 0xC8, 0xA9, 0xBE,
    0xBF, 0x81, 0xD6, 0x37, 0x97, 0x41, 0xBD, 0xD5, 0x1D, 0xB9, 0xDC, 0x62, 0x4B, 0xD5, 0x95, 0x19,
    0x41, 0xAF, 0xAA, 0xF8, 0x56, 0xF4, 0x8C, 0xE3, 0x02, 0x55, 0xE8, 0x1C, 0xC1, 0x25, 0x22, 0x07,
    0x55, 0x8E, 0x21, 0x03, 0x3A, 0x63, 0x1D, 0x16, 0xEB, 0x6F, 0x61, 0xF9, 0xE7, 0x12, 0x23, 0x49,
    0x90, 0xE0, 0x0B, 0xA7, 0x5A, 0xAB, 0xE2, 0x16, 0x47, 0x90, 0xFE, 0x66, 0x76, 0xAD, 0xAF, 0x28,
    0x3E, 0xD5, 0x95, 0x71, 0x59, 0xC8, 0xF5, 0x82, 0xC8, 0xCD, 0x21, 0xFB, 0xA6, 0xB0, 0x09, 0xCA,
    0xAC, 0x54, 0x3E, 0xD4, 0x71, 0x9F, 0x9B, 0xF1, 0xD0, 0x59, 0xB1, 0x9B, 0x46, 0xFF, 0x93, 0xEC,
    0x19, 0x61, 0x23, 0x01, 0xDF, 0x93, 0x62, 0x15, 0x30, 0x8D, 0xB7, 0x66, 0xB9, 0x10, 0x0C, 0xD5,
    0x13, 0xEC, 0xDE, 0xDA, 0x96, 0x45, 0x5C, 0xCD, 0x24, 0x66, 0x6B, 0xF8, 0xD2, 0xE5, 0x47, 0xDC,
    0xF9, 0x68, 0x3F, 0x39, 0x99, 0xFB, 0x7D, 0xBB, 0xBB, 0x93, 0xD9, 0x76, 0x7C, 0xB2, 0xDB, 0x26,
    0x46, 0x01, 0xDC, 0x8A, 0x59, 0x0D, 0x14, 0xE1, 0x24, 0x5E, 0xC6, 0xC2, 0x18, 0x8B, 0xC2, 0x53,
    0xB3, 0x34, 0x0E, 0xD7, 0x17, 0xF6, 0x9E, 0x54, 0xB6, 0x7F, 0x7E, 0x13, 0xB5, 0x76, 0xAE, 0x88,
    0x95, 0x32, 0x17, 0x2D, 0x9A, 0xAE, 0x32, 0x35, 0x58, 0x1A, 0x19, 0x37, 0x38, 0x6D, 0x78, 0x76,
    0xBF, 0x27, 0xC6, 0xD1, 0xF3, 0x72, 0x25, 0x50, 0xDC, 0x38, 0xAE, 0x9A, 0x66, 0xA2, 0xFE, 0x86,
    0x56, 0x6B, 0x5B, 0x16, 0x75, 0x92, 0xE8, 0x5F, 0xA6, 0xFE, 0x7B, 0x4D, 0x63, 0xDE, 0xEA, 0x14,
    0x99, 0x08, 0xF4, 0xC7, 0xAC, 0x78, 0x22, 0x6F, 0xC0, 0xF8, 0xFC, 0xC4, 0xD8, 0x91, 0xD0, 0x59,
    0x33, 0xFF, 0x65, 0xCC, 0xB9, 0x57, 0xB0, 0xA2, 0x8B, 0x57, 0x80, 0x26, 0x65, 0x55, 0x27, 0xDC,
    0x16, 0x19, 0xD8, 0x7F, 0xE1, 0xD5, 0xFE, 0xE3, 0x2C, 0x09, 0x0F, 0xEC, 0xBE, 0x13, 0x95, 0x0C,
    0xFD, 0x78, 0x48, 0xC0, 0xD1, 0xB2, 0x62, 0x8F, 0x7B, 0x9B, 0xCC, 0x1B, 0x53, 0xA5, 0x5D, 0x0B,
    0xEF, 0xDA, 0x82, 0x7B, 0x5D, 0x97, 0xCB, 0x44, 0xF6, 0xF9, 0x8F, 0x8A, 0x11, 0xE6, 0x13, 0x8C,
    0x09, 0x6D, 0x06, 0x05, 0xCF, 0x33, 0x5E, 0x5E, 0x06, 0xE9, 0x94, 0xFB, 0xA9, 0xE4, 0xF3, 0x07,
    0x02, 0x68, 0xCC, 0xBB, 0x7A, 0x7F, 0xD9, 0x86, 0x85, 0xBD, 0x88, 0x98, 0x38, 0x34, 0x38, 0x3D,
    0xDD, 0x96, 0xE5, 0x7C, 0x57, 0x06, 0x92, 0xCF, 0xCD, 0x66, 0xB8, 0xD9, 0x82, 0xE5, 0x6C, 0x80,
    0x92, 0x0B, 0xEA, 0xF8, 0x35, 0x58, 0x7A, 0x76, 0xCA, 0x0B, 0x1B, 0x8E, 0x69, 0x55, 0x2E, 0xAB,
    0xA2, 0xF9, 0xC3, 0x88, 0x95, 0x8E, 0x5D, 0x83, 0x2E, 0xB8, 0x0F, 0xE6, 0x7C, 0x9A, 0x38, 0x65,
    0x10, 0x7B, 0x59, 0x94, 0xA8, 0xF4, 0xBF, 0x89, 0x7F, 0xF2, 0x2C, 0xE6, 0x3C, 0x13, 0xEB, 0x41,
    0x00, 0x9D, 0xB3, 0x7A, 0x3F, 0x5B, 0xD9, 0x6C, 0x1C, 0x12, 0x7F, 0x6C, 0x7D, 0x1D, 0x58, 0x0C,
    0xAE, 0x1D, 0x6C, 0x57, 0xC7, 0x00, 0x93, 0x3E, 0xE6, 0x43, 0x14, 0x74, 0xFF, 0xC4, 0x31, 0x63,
    0x37, 0x9F, 0x79, 0x19, 0xE3, 0xC8, 0x6B, 0x2E, 0x1A, 0xA5, 0xC1, 0x3F, 0x53, 0x3B, 0x82, 0xD8,
    0xFF, 0x90, 0xDA, 0xDD, 0x9A, 0xC5, 0xB5, 0xCB, 0x04, 0x37, 0x40, 0xBB, 0x00, 0x6E, 0xC5, 0x62,
    0x2E, 0x1D, 0x53, 0x20, 0x6F, 0xBC, 0xBB, 0x9D, 0x62, 0x62, 0x83, 0x2C, 0x3C, 0x0F, 0xD1, 0x8C,
    0x07, 0x62, 0x9F, 0x94, 0x1C, 0x89, 0x09, 0x39, 0x61, 0x42, 0x86, 0xB2, 0x27, 0xB1, 0x90, 0x7B,
    0x34, 0xB9, 0x43, 0xDF, 0x12, 0x05, 0xA0, 0x05, 0x53, 0xF3, 0xBA, 0x93, 0x49, 0x7D, 0x93, 0x3D,
    0x2A, 0x9A, 0x5E, 0xB2, 0xFF, 0xD2, 0xEE, 0xB4, 0x19, 0x4B, 0xFF, 0x20, 0x58, 0xCB, 0xEE, 0x59,
    0x04, 0xB1, 0x93, 0xFB, 0x89, 0x9B, 0xA9, 0xC4, 0x4B, 0xFD, 0x98, 0xE3, 0x68, 0xAC, 0xE2, 0x00,
    0x3E, 0x05, 0x68, 0xB7, 0xA4, 0xAB, 0xE9, 0xA5, 0xF5, 0xD7, 0xA7, 0x5A, 0x78, 0x9F, 0xB3, 0xC4,
    0x9E, 0xB2, 0xD8, 0x1E, 0xA5, 0xD7, 0x60, 0x72, 0x43, 0x3D, 0xFF, 0x0F, 0xAD, 0x59, 0x3D, 0x73,
    0xDB, 0xD8, 0x15, 0x3D, 0x00, 0x26, 0x02, 0xB5, 0xB0, 0xF5, 0x9A, 0x14, 0x9A, 0xB1, 0x4D, 0xB8,
    0x70, 0xE1, 0x42, 0x24, 0x5D, 0xA8, 0xF0, 0x24, 0xA4, 0x80, 0x38, 0x45, 0x26, 0x55, 0xFE, 0x40,
    0x26, 0x71, 0xFA, 0x6C, 0xD6, 0x85, 0x0B, 0xCE, 0x84, 0x5A, 0x42, 0x69, 0xB6, 0xB4, 0x7F, 0x41,
    0x66, 0xF2, 0x03, 0x92, 0xE5, 0x64, 0x58, 0xB0, 0x90, 0x97, 0x98, 0x75, 0x99, 0x22, 0xC8, 0x36,
    0x5B, 0x6C, 0xB1, 0xC8, 0xDA, 0x9D, 0x53, 0xBC, 0x4C, 0x90, 0x09, 0x9D, 0x50, 0x44, 0xCE, 0x7D,
    0x0F, 0x14, 0xF5, 0x41, 0x5B, 0x94, 0x49, 0x0A, 0x6F, 0x6C, 0x89, 0x78, 0xF7, 0x9E, 0x77, 0x71,
    0x3F, 0xCE, 0xBD, 0x00, 0xCA, 0x02, 0x28, 0x35, 0x4E, 0x3F, 0x07, 0x5C, 0x25, 0xE0, 0x7C, 0x0B,
    0x78, 0xCF, 0x80, 0x40, 0x01, 0x3B, 0x01, 0xB0, 0x17, 0xC4, 0x78, 0xCA, 0xA5, 0x83, 0xD8, 0x29,
    0xCB, 0xD8, 0x2B, 0xCB, 0xC4, 0x8F, 0xFD, 0x44, 0xC1, 0x4F, 0x1A, 0x5C, 0x6D, 0x2E, 0xA8, 0x32,
    0xE6, 0x5A, 0x88, 0xBA, 0x35, 0xA1, 0xA8, 0x19, 0xBC, 0xA2, 0x01, 0xC5, 0x3B, 0x42, 0xB4, 0xF9,
    0xD3, 0xE5, 0x1A, 0x72, 0x69, 0xB3, 0x0E, 0x7C, 0x8D, 0x90, 0xEA, 0xFD, 0x89, 0x40, 0x78, 0xB2,
    0xCF, 0x35, 0x00, 0x5A, 0xC9, 0x46, 0xF0, 0xF8, 0x5E, 0x0C, 0x9F, 0xF7, 0xBA, 0x93, 0x35, 0x30,
    0xAD, 0xA1, 0x1F, 0xBC, 0x97, 0x12, 0x41, 0xF9, 0x40, 0x44, 0xDD, 0x27, 0x54, 0x4D, 0xCD, 0x54,
    0x4C, 0xBD, 0x54, 0x4B, 0xAD, 0x54, 0xC8, 0x8B, 0x2A, 0xA9, 0x51, 0x14, 0x7A, 0xA9, 0xEC, 0xE2,
    0x15, 0x64, 0xC0, 0x2E, 0xF7, 0x1D, 0x13, 0x3F, 0x71, 0xB8, 0x71, 0x85, 0xFF, 0x2D, 0x30, 0x2E,
    0x89, 0x7F, 0x8B, 0xF8, 0x41, 0xFC, 0x40, 0xE7, 0x8C, 0x96, 0xE1, 0x99, 0xC5, 0x9D, 0xF8, 0xD4,
    0x49, 0xD0, 0x2A, 0x53, 0xF8, 0x33, 0xD9, 0x5F, 0xE3, 0x1F, 0xE0, 0x14, 0x70, 0x8C, 0x7D, 0xC3,
    0xB7, 0x4E, 0x39, 0xF3, 0x8B, 0x1A, 0xE5, 0x34, 0x8D, 0x84, 0xD3, 0x2B, 0x8A, 0x1F, 0xAB, 0x52,
    0xBB, 0x25, 0x6F, 0xBB, 0xCB, 0xA3, 0xD3, 0x64, 0xC1, 0x1F, 0x81, 0xED, 0xED, 0x0D, 0x40, 0x78,
    0x0C, 0xB7, 0x80, 0x3A, 0xC6, 0x8D, 0x1B, 0x2B, 0x43, 0xC8, 0xAD, 0x05, 0x9C, 0xFC, 0xCC, 0x53,
    0x5C, 0x07, 0x82, 0x16, 0x13, 0x60, 0xEE, 0xF2, 0xAB, 0x40, 0xD8, 0x72, 0x01, 0xFF, 0x17, 0x10,
    0xE8, 0x40, 0xB2, 0x3E, 0x84, 0xAD, 0x2D, 0xCA, 0xFB, 0xCD, 0x79, 0x79, 0xE1, 0x5B, 0x10, 0x08,
    0x88, 0xC4, 0xC8, 0x6B, 0x56, 0xB2, 0xCE, 0x2E, 0x02, 0x62, 0x7C, 0x69, 0x18, 0xAB, 0xB8, 0xC4,
    0xE4, 0xFD, 0x95, 0x7F, 0x9D, 0x1A, 0xAB, 0x9A, 0x4F, 0xBF, 0x30, 0xCE, 0x0D, 0xDD, 0x8A, 0x1D,
    0x1D, 0xA4, 0x6E, 0xEE, 0xA5, 0xF3, 0x1F, 0x3F, 0xF1, 0xD2, 0xC0, 0x38, 0xA8, 0x8A, 0x15, 0x5A,
    0xA8, 0xE3, 0x10, 0x0D, 0xBF, 0x40, 0x54, 0x66, 0x88, 0xDE, 0xCA, 0xE6, 0x3A, 0x55, 0x34, 0x1E,
    0x52, 0xD3, 0x13, 0xA0, 0xC7, 0x20, 0x1C, 0xE5, 0xF8, 0xA4, 0x80, 0x47, 0x7D, 0x2A, 0xD3, 0x68,
    0x39, 0x19, 0xDA, 0x6E, 0x8A, 0x2E, 0x1D, 0x74, 0x48, 0xDF, 0x1E, 0xD2, 0xF7, 0x0B, 0xAE, 0xE3,
    0x56, 0x4C, 0x19, 0x31, 0xC2, 0xAF, 0x79, 0xAE, 0x31, 0x1F, 0x51, 0x49, 0x3C, 0xFA, 0x10, 0x6E,
    0x1E, 0xC2, 0xCB, 0x14, 0xFD, 0x59, 0x21, 0x9A, 0x2A, 0xF4, 0x27, 0x0A, 0x41, 0x5C, 0xA7, 0x67,
    0x77, 0xB8, 0x7A, 0xA8, 0xF3, 0x19, 0x34, 0x82, 0xDC, 0xEC, 0x8D, 0x4C, 0x7C, 0x06, 0x82, 0x81,
    0x87, 0xA4, 0x91, 0x64, 0xC9, 0x89, 0x3F, 0x99, 0x52, 0x7F, 0x61, 0xF4, 0x1F, 0xF0, 0x81, 0xF5,
    0xE8, 0x02, 0x43, 0x37, 0x83, 0x26, 0x06, 0xB3, 0x88, 0x63, 0x12, 0x26, 0xE8, 0xD3, 0x1E, 0xE1,
    0x2B, 0x6E, 0x09, 0xF8, 0x1F, 0x59, 0xF3, 0xCF, 0x98, 0x72, 0x4A, 0xAE, 0xCA, 0x7B, 0xB8, 0x55,
    0xE2, 0x8B, 0x32, 0x27, 0xF0, 0x29, 0x97, 0xF0, 0x4D, 0x88, 0x2A, 0xAB, 0x19, 0x0D, 0xB1, 0x71,
    0x29, 0x36, 0xE1, 0x86, 0xB0, 0x44, 0x6B, 0x56, 0xC9, 0x69, 0xE5, 0x4E, 0x39, 0xF5, 0xF3, 0x8E,
    0x8A, 0x9B, 0x4D, 0x74, 0x3A, 0xCE, 0x94, 0x77, 0x44, 0xFF, 0x8D, 0xDB, 0x92, 0x1D, 0xE6, 0x3E,
    0xE2, 0x3D, 0x4A, 0xE1, 0x7D, 0x46, 0x89, 0x27, 0xD8, 0x88, 0xFE, 0x9B, 0x3E, 0xCF, 0xB3, 0xC3,
    0x9B, 0x8B, 0x85, 0xBC, 0x56, 0x4E, 0x1F, 0x99, 0x82, 0x48, 0xF8, 0x14, 0x9B, 0xF4, 0x91, 0x0E,
    0x08, 0xC6, 0xDC, 0x4F, 0x38, 0xC6, 0x47, 0x08, 0x68, 0xE1, 0x23, 0x78, 0x5A, 0xF9, 0xC7, 0x70,
    0x33, 0x98, 0xB8, 0x81, 0x91, 0x48, 0x4F, 0x58, 0xDD, 0x2C, 0xEB, 0xA8, 0xF3, 0x32, 0xFB, 0x85,
    0xC4, 0x96, 0x4A, 0x57, 0xD1, 0x97, 0xD1, 0x2E, 0x22, 0x83, 0x7F, 0xA2, 0x5F, 0xBA, 0x3F, 0xE2,
    0xFA, 0xA6, 0x7A, 0x24, 0x77, 0xD7, 0x3F, 0xFE, 0xF6, 0xF7, 0x10, 0x7C, 0x0C, 0x4F, 0x57, 0x31,
    0xBB, 0xCA, 0xF1, 0xF1, 0x5C, 0x2C, 0xA6, 0x7A, 0xA8, 0xDD, 0xA8, 0xAA, 0x4F, 0x59, 0x7A, 0xC5,
    0xF6, 0x69, 0xB2, 0xE9, 0x9A, 0x67, 0xA3, 0x31, 0xD4, 0xD0, 0xDA, 0xD1, 0x13, 0x37, 0x3F, 0xF4,
    0x52, 0xBA, 0x7F, 0x20, 0x69, 0xA2, 0x26, 0x79, 0x83, 0x18, 0xDF, 0xF0, 0x18, 0x8F, 0x6C, 0xFE,
    0x17, 0x99, 0x92, 0x46, 0xBE, 0xF0, 0x53, 0x46, 0x78, 0xE2, 0x65, 0x36, 0xA6, 0x03, 0xC6, 0xB4,
    0x22, 0x60, 0x15, 0x37, 0x10, 0x24, 0xC7, 0x3C, 0xCE, 0x14, 0xCE, 0x6C, 0x64, 0x92, 0xDD, 0x3D,
    0x3F, 0x67, 0x84, 0xA4, 0x92, 0x60, 0xE8, 0x55, 0x01, 0x76, 0xEE, 0x2C, 0x7C, 0xEA, 0x5A, 0x78,
    0xDC, 0x24, 0x85, 0xF3, 0x92, 0xC6, 0xFA, 0x62, 0xE1, 0x4D, 0xEB, 0xE2, 0xA1, 0x2F, 0xD1, 0x9E,
    0x6E, 0xF6, 0x21, 0x78, 0x8C, 0xBF, 0x1F, 0x56, 0xB9, 0x71, 0x43, 0x78, 0xAE, 0x07, 0x40, 0x5C,
    0x87, 0x39, 0xE8, 0xC0, 0x68, 0x96, 0x7A, 0x1F, 0x5B, 0x8F, 0xD9, 0x20, 0xA0, 0xB9, 0x13, 0x38,
    0x6F, 0x12, 0x3A, 0x81, 0x4D, 0x6D, 0x23, 0x14, 0xFC, 0x21, 0x20, 0x47, 0x3B, 0xB9, 0x9B, 0xBB,
    0x99, 0x97, 0x99, 0x24, 0x4F, 0xBF, 0xF6, 0x85, 0x87, 0x24, 0x2A, 0xB6, 0xF2, 0xAD, 0x8E, 0x3A,
    0x31, 0x35, 0x0C, 0xCF, 0x21, 0xAE, 0x8F, 0x58, 0x25, 0x12, 0xFC, 0xC1, 0x08, 0x1A, 0x98, 0x5A,
    0x98, 0x8B, 0xF9, 0x79, 0x10, 0xAF, 0xCC, 0x18, 0x01, 0x41, 0xC2, 0x44, 0xDD, 0xE6, 0x15, 0xA2,
    0xDB, 0xC4, 0xB0, 0x63, 0xE8, 0x09, 0x13, 0xEF, 0xC8, 0xCD, 0x8A, 0x2A, 0xE5, 0x92, 0xF2, 0xA8,
    0xB2, 0xCC, 0x65, 0x79, 0x69, 0x9D, 0x5B, 0x49, 0x78, 0x08, 0x3F, 0xE0, 0x52, 0xB4, 0x97, 0xA2,
    0xC1, 0xEA, 0x14, 0xDC, 0x10, 0x3A, 0x45, 0xE9, 0x6D, 0x8A, 0x97, 0xAA, 0x61, 0xD5, 0xA9, 0x32,
    0x0D, 0xCB, 0xD4, 0xA8, 0x4B, 0xFC, 0x52, 0x07, 0x47, 0x5A, 0xA1, 0xE0, 0xC5, 0x1D, 0xDC, 0xC0,
    0xFB, 0x79, 0x3B, 0xEF, 0x1E, 0x7A, 0xA9, 0xA8, 0x0A, 0xBE, 0x62, 0x65, 0x61, 0x85, 0xD8, 0xFD,
    0xF4, 0x6C, 0x02, 0x8B, 0xF9, 0x8C, 0x6C, 0xD8, 0x0A, 0xC9, 0x5A, 0x16, 0xB2, 0xED, 0xF3, 0x95,
    0x78, 0x5E, 0x53, 0xDC, 0x3C, 0x0D, 0xCA, 0x74, 0xBB, 0x55, 0x71, 0xA9, 0xBE, 0xC6, 0xF8, 0xAC,
    0x01, 0xCC, 0xC3, 0xA4, 0x38, 0xB9, 0xC8, 0x1E, 0x67, 0x70, 0x4E, 0x6C, 0x4D, 0x11, 0x62, 0xBB,
    0x01, 0xF5, 0xBE, 0x3C, 0x9F, 0xF4, 0x1A, 0xBA, 0x97, 0x11, 0xD8, 0x35, 0xF4, 0x7B, 0x47, 0xA9,
    0xFB, 0x32, 0x39, 0x0D, 0xDF, 0x95, 0x20, 0xAC, 0xA3, 0x2E, 0x5D, 0xDC, 0x26, 0xE9, 0x9B, 0x7E,
    0x3B, 0x45, 0x61, 0x35, 0x8F, 0xC5, 0x73, 0x33, 0x4B, 0x4C, 0x02, 0x7A, 0x6B, 0x90, 0xF8, 0x33,
    0x67, 0x86, 0xAE, 0x43, 0x97, 0x12, 0xBE, 0x29, 0xE9, 0xB9, 0xC0, 0x82, 0xA5, 0xAD, 0x77, 0xF0,
    0x77, 0xE8, 0x3B, 0x11, 0x4E, 0xC1, 0x35, 0xA2, 0x0D, 0x0A, 0xCB, 0x2B, 0x44, 0xBF, 0x9B, 0x59,
    0xB2, 0x24, 0xD4, 0xC5, 0xC6, 0xAA, 0xD0, 0x96, 0x86, 0xF4, 0x0A, 0x77, 0x0F, 0xD1, 0x1E, 0x4F,
    0xD0, 0x6D, 0x31, 0x61, 0xE9, 0x8E, 0x53, 0x7C, 0x2A, 0xE1, 0x61, 0x3E, 0xF4, 0x57, 0x71, 0xD9,
    0x23, 0x1D, 0x3C, 0xCA, 0x95, 0x9B, 0x29, 0x46, 0x86, 0x97, 0x36, 0xFD, 0xA4, 0x13, 0xC4, 0x6D,
    0x13, 0x50, 0xDD, 0xBA, 0x21, 0x88, 0x3D, 0x84, 0x05, 0xC2, 0x0C, 0x4B, 0xB3, 0x7B, 0x8B, 0xBE,
    0x26, 0x84, 0xE8, 0xAA, 0x73, 0x89, 0x59, 0xDC, 0x1C, 0xF7, 0xD9, 0x23, 0x44, 0x42, 0x79, 0x4C,
    0xA2, 0x90, 0x66, 0xE1, 0x05, 0x81, 0x48, 0xA3, 0xE2, 0x59, 0x50, 0x11, 0xCD, 0x15, 0xCD, 0xDE,
    0x2D, 0xE3, 0x62, 0x15, 0xF4, 0x53, 0xDC, 0x0B, 0x63, 0xF4, 0xB9, 0xA5, 0x45, 0xEB, 0x3B, 0xDA,
    0xCF, 0xDC, 0x5C, 0xC5, 0x5E, 0xD6, 0xE1, 0xD7, 0x05, 0xFC, 0x97, 0x19, 0x82, 0x67, 0xB1, 0xD0,
    0x77, 0x28, 0x7E, 0x1F, 0xF2, 0x5F, 0x96, 0x3E, 0xB0, 0x02, 0xA2, 0xCD, 0xBD, 0x3D, 0x62, 0x1A,
    0x51, 0x66, 0x61, 0x9F, 0xB2, 0x11, 0x2D, 0x35, 0x3C, 0x8C, 0xDF, 0xA5, 0x96, 0x1C, 0x31, 0x65,
    0xF2, 0xFB, 0x92, 0xCD, 0xD6, 0x33, 0x9E, 0xE3, 0x85, 0x95, 0xCB, 0x72, 0x89, 0x7A, 0x8B, 0xA8,
    0x99, 0x85, 0xDB, 0xC4, 0xD5, 0xA6, 0xDC, 0xEE, 0xDC, 0x15, 0xAA, 0xBD, 0xC2, 0x91, 0xBD, 0x8B,
    0xFB, 0x4F, 0x96, 0xED, 0x17, 0xDE, 0xAA, 0xB9, 0x5F, 0x0E, 0x44, 0xB7, 0xCE, 0x84, 0x19, 0xDC,
    0xAF, 0x44, 0x5D, 0x76, 0x7E, 0xDB, 0x7C, 0xD5, 0x51, 0xB1, 0x08, 0x5E, 0xFD, 0x32, 0x13, 0xD2,
    0x50, 0xC3, 0x0B, 0xF7, 0xB5, 0xB8, 0x6E, 0xFF, 0x9C, 0x2B, 0xD9, 0x14, 0x6B, 0xD3, 0x6B, 0xA7,
    0xD6, 0x9A, 0x06, 0xC5, 0xF5, 0xC4, 0xCE, 0x61, 0x10, 0x6A, 0x74, 0xB5, 0x68, 0x53, 0x37, 0x58,
    0x25, 0x58, 0x8A, 0xF2, 0xDC, 0xFD, 0x5B, 0xEA, 0x7D, 0x99, 0x7A, 0x2F, 0xE3, 0xF7, 0xAB, 0x88,
    0xB4, 0xEE, 0xFF, 0x33, 0x77, 0xBE, 0x4B, 0xDD, 0xAF, 0xE4, 0xE6, 0xF7, 0x40, 0xEA, 0xD4, 0xD0,
    0x62, 0x1E, 0x2F, 0x2E, 0x5B, 0x86, 0x29, 0x9F, 0x49, 0x5A, 0xBF, 0x43, 0xBE, 0x64, 0x92, 0x4B,
    0x47, 0x1E, 0x98, 0xBC, 0xAE, 0x97, 0xCB, 0xBF, 0xA0, 0xE2, 0x1B, 0x61, 0xDB, 0xE5, 0x6B, 0x7C,
    0x6E, 0x50, 0x85, 0xF3, 0x2D, 0xEC, 0x4D, 0xFA, 0x22, 0xFF, 0x8C, 0x59, 0x5E, 0x87, 0x93, 0x32,
    0xFB, 0xFC, 0x92, 0x59, 0xA4, 0x33, 0xE5, 0x03, 0x87, 0xE4, 0x49, 0xCB, 0x25, 0x1C, 0xED, 0x66,
    0x2E, 0x43, 0xD2, 0x9B, 0x70, 0x1D, 0xFB, 0x89, 0xFF, 0x6B, 0x06, 0xFD, 0x1D, 0x9A, 0x74, 0x47,
    0x61, 0x47, 0xD5, 0x71, 0x27, 0x68, 0x60, 0xCF, 0xEF, 0xD1, 0x3F, 0x8E, 0xF1, 0xD0, 0x9B, 0xE0,
    0x29, 0x7B, 0xB1, 0x81, 0x6B, 0x6A, 0x2A, 0x77, 0x7F, 0x5F, 0x9A, 0x36, 0x2F, 0x87, 0x27, 0x9E,
    0xEB, 0x8C, 0x73, 0xD2, 0x43, 0x2F, 0xED, 0x99, 0x68, 0xEE, 0xD8, 0xF2, 0x58, 0x47, 0xB7, 0x31,
    0xEF, 0xDE, 0x99, 0xB5, 0xD6, 0x53, 0x77, 0x3E, 0x54, 0x56, 0xD1, 0x67, 0xB7, 0x70, 0x87, 0x6C,
    0x30, 0xAD, 0xE0, 0xB7, 0xB6, 0x51, 0x27, 0xE1, 0x5C, 0xFB, 0xF8, 0x35, 0xB6, 0xA0, 0x6D, 0xE1,
    0x65, 0x66, 0x4E, 0xB0, 0xDA, 0xF1, 0xAB, 0x47, 0xE9, 0xC7, 0xC2, 0x30, 0xAE, 0x63, 0xB4, 0xE2,
    0x02, 0xC8, 0x3A, 0x41, 0xAA, 0x39, 0xC8, 0x8F, 0x09, 0xF2, 0x98, 0x20, 0xA7, 0x78, 0xC8, 0x1A,
    0xF8, 0x94, 0x25, 0x61, 0x40, 0x55, 0x7A, 0x9E, 0x04, 0xC4, 0x62, 0x64, 0x33, 0x86, 0x1F, 0xAD,
    0x62, 0x34, 0x62, 0x64, 0x9A, 0x1A, 0x27, 0xD2, 0x10, 0xB0, 0xB9, 0x8B, 0x4E, 0xCE, 0x34, 0x32,
    0x13, 0x3F, 0xEF, 0xA9, 0xB8, 0xC3, 0xAE, 0xAA, 0x8D, 0x46, 0x17, 0x8D, 0x21, 0xDA, 0x5A, 0xAE,
    0x11, 0xB5, 0x15, 0x5E, 0x7E, 0xAC, 0xC8, 0xFA, 0x8C, 0xEF, 0xF6, 0xA7, 0x18, 0xCF, 0xEB, 0xF1,
    0x58, 0x38, 0x4C, 0x78, 0x54, 0x1C, 0x60, 0xD4, 0x43, 0x77, 0x28, 0x2C, 0xB1, 0x10, 0xA2, 0xE8,
    0xE5, 0x93, 0x30, 0xED, 0x97, 0x92, 0xEB, 0x71, 0x7B, 0x07, 0x37, 0x6F, 0xB3, 0xAF, 0xFF, 0x10,
    0x5D, 0xFB, 0x7B, 0x78, 0xB8, 0xCF, 0xFE, 0xF7, 0x1A, 0xEA, 0x9C, 0x47, 0xCC, 0x12, 0x7F, 0x49,
    0x4C, 0x62, 0xBE, 0xB7, 0x7F, 0xA6, 0x6F, 0x64, 0x83, 0x93, 0xF7, 0x48, 0x38, 0x3B, 0x90, 0xCE,
    0x91, 0x8A, 0x99, 0x13, 0x1B, 0x67, 0xC6, 0x5E, 0x23, 0x63, 0x57, 0xAA, 0x07, 0xF5, 0x9B, 0xD2,
    0x21, 0x08, 0xB0, 0xCD, 0xA0, 0xA5, 0xBE, 0x02, 0xCF, 0xD3, 0x55, 0x21, 0xC8, 0xF0, 0x4C, 0xC8,
    0x61, 0x3E, 0x24, 0x91, 0x20, 0xE5, 0x43, 0x8E, 0xA6, 0x19, 0x1F, 0x94, 0x7C, 0x94, 0x2C, 0xF2,
    0xCC, 0x0F, 0x5D, 0x26, 0xA0, 0x2E, 0x63, 0xBD, 0xC7, 0xD5, 0xA9, 0x4B, 0xE5, 0x13, 0x02, 0x39,
    0xA1, 0x0B, 0xB7, 0x98, 0xC6, 0xCB, 0x24, 0xFC, 0xE5, 0xD7, 0x69, 0x43, 0xFD, 0x24, 0x69, 0xAB,
    0x30, 0xEE, 0xA9, 0x13, 0x8C, 0x42, 0xB6, 0xFE, 0x3C, 0xD1, 0x90, 0x5C, 0xBB, 0x3B, 0xAE, 0x21,
    0x7A, 0x33, 0x45, 0xF8, 0x3B, 0x5D, 0x95, 0xD1, 0x43, 0xCB, 0x16, 0x9C, 0xAA, 0xF3, 0x67, 0x26,
    0x71, 0xCB, 0x13, 0x7A, 0x47, 0xCB, 0x8C, 0x1F, 0x7C, 0xAE, 0xC0, 0x0C, 0x3E, 0x9A, 0x50, 0xCE,
    0xB1, 0x81, 0xD7, 0x1C, 0xC7, 0xE8, 0x04, 0xB6, 0xBC, 0xF4, 0xE8, 0x16, 0x23, 0x47, 0x1B, 0x4A,
    0x2D, 0x7D, 0x22, 0xC3, 0x88, 0x55, 0x62, 0xCB, 0x7A, 0xF1, 0xC4, 0x2F, 0x27, 0xBC, 0x4F, 0x2D,
    0xCB, 0x97, 0xB6, 0x37, 0x58, 0x4F, 0xDD, 0x85, 0x2A, 0xB9, 0x55, 0xE6, 0xDC, 0x90, 0x9B, 0xF1,
    0x4F, 0xE7, 0xEA, 0xA2, 0x2D, 0x1F, 0x3F, 0xB5, 0x5C, 0xE8, 0xD0, 0x74, 0x0B, 0x34, 0x07, 0x63,
    0xD7, 0x34, 0xA9, 0x9B, 0x30, 0xC7, 0x6E, 0x0D, 0x3B, 0x3D, 0x3A, 0x8E, 0x9D, 0x3F, 0xAE, 0x64,
    0x8E, 0x65, 0x4F, 0xE4, 0x96, 0x65, 0x92, 0x4E, 0xB1, 0x65, 0xB9, 0x46, 0x66, 0x47, 0x7A, 0x10,
    0x6E, 0x12, 0xF1, 0x17, 0x5F, 0x57, 0xC9, 0xBB, 0x6B, 0x68, 0xE2, 0x3E, 0xBF, 0x64, 0x71, 0xC1,
    0x2D, 0x33, 0x80, 0x39, 0x97, 0x8C, 0xD1, 0x62, 0x87, 0x36, 0x75, 0xF3, 0x5D, 0xCA, 0x90, 0xF1,
    0x19, 0xD9, 0x12, 0xC9, 0x98, 0x08, 0xD3, 0xBB, 0xAE, 0x36, 0x8D, 0x19, 0x4E, 0xA7, 0x96, 0xFE,
    0x9F, 0xE8, 0xBF, 0x1F, 0x6D, 0x00, 0x82, 0x9D, 0x5A, 0xF6, 0xAA, 0xA9, 0xE5, 0x2A, 0x10, 0x3E,
    0x50, 0x5D, 0x38, 0x83, 0x9D, 0xAF, 0xC8, 0xD7, 0x7C, 0xC8, 0x61, 0x72, 0xB5, 0xBE, 0x4C, 0xF4,
    0xE5, 0x66, 0x8B, 0x36, 0xB9, 0x62, 0xD9, 0x68, 0x70, 0x9D, 0xE3, 0x9B, 0xF1, 0xE7, 0xEF, 0xAB,
    0x36, 0xE4, 0x79, 0x95, 0x52, 0x26, 0x66, 0xD4, 0x47, 0x54, 0x56, 0x96, 0xA4, 0x0A, 0x61, 0xAE,
    0xAD, 0xB9, 0x60, 0x0D, 0x82, 0x33, 0xEC, 0x5B, 0xE0, 0xB1, 0x59, 0x4C, 0xB8, 0xE2, 0xAB, 0x58,
    0xED, 0xA5, 0xB9, 0x4C, 0x6A, 0x07, 0x83, 0xF4, 0x39, 0xA9, 0x2D, 0xB6, 0x77, 0xC9, 0x17, 0xD4,
    0x61, 0x5C, 0x66, 0xEC, 0x7A, 0x97, 0xB2, 0x99, 0x83, 0x2D, 0xC9, 0xF1, 0xC1, 0x44, 0xE8, 0x88,
    0xE5, 0x25, 0x91, 0x78, 0xC6, 0x5D, 0x74, 0xB4, 0x98, 0x75, 0xDB, 0x12, 0xE4, 0x59, 0xC4, 0xD0,
    0x38, 0xD3, 0xE7, 0xBF, 0x87, 0xBD, 0xC9, 0x1D, 0x03, 0xE6, 0xBA, 0xCC, 0xF9, 0x3B, 0x7B, 0x04,
    0xEE, 0xCD, 0xFB, 0xD2, 0x01, 0x9B, 0x37, 0x1F, 0x73, 0xE2, 0x62, 0x01, 0xB4, 0xB6, 0xE4, 0x3D,
    0x88, 0xFF, 0x76, 0x89, 0xFC, 0x56, 0x29, 0xA9, 0x75, 0xB9, 0xFC, 0xBD, 0x45, 0x18, 0x85, 0xE5,
    0x84, 0x97, 0x94, 0x55, 0x53, 0xE5, 0xA9, 0x88, 0x27, 0xAD, 0xDA, 0xB3, 0x23, 0xA6, 0xE0, 0xD4,
    0x99, 0xD1, 0x0B, 0x7E, 0xCA, 0x6A, 0xC4, 0xE7, 0xFA, 0xAB, 0x45, 0x7B, 0xC8, 0xC0, 0x8E, 0x55,
    0x7C, 0xB9, 0xEF, 0x97, 0x77, 0x1C, 0x5D, 0xCA, 0x1D, 0xC2, 0x96, 0x4F, 0x4D, 0xB9, 0x9A, 0x82,
    0x4F, 0x53, 0xBD, 0x88, 0x38, 0xBC, 0xCF, 0x2A, 0xE1, 0x7C, 0x56, 0xCD, 0xD9, 0x43, 0xF4, 0x9A,
    0x18, 0x75, 0x50, 0x98, 0x01, 0x80, 0xEE, 0xBA, 0xF9, 0xD0, 0xCB, 0xB4, 0xE9, 0x73, 0x46, 0x92,
    0xEA, 0xD3, 0xF0, 0xBB, 0xD4, 0x94, 0xD0, 0x68, 0xBA, 0x19, 0xF5, 0x65, 0x71, 0xFA, 0x22, 0x6A,
    0x25, 0xDD, 0xB7, 0x6F, 0xB2, 0xB8, 0xD2, 0x66, 0x41, 0xBE, 0x19, 0xFD, 0x4F, 0xF6, 0xB1, 0x3F,
    0xB0, 0x11, 0xB7, 0x2A, 0x04, 0x26, 0x46, 0xDC, 0xD8, 0xB7, 0xCB, 0xCF, 0xD7, 0x87, 0x40, 0xE5,
    0x0F, 0x32, 0xB9, 0x0C, 0x8A, 0x95, 0x20, 0x48, 0xB0, 0xAB, 0x9F, 0xB1, 0x5A, 0xB0, 0xE9, 0x79,
    0xF0, 0x78, 0x7D, 0x08, 0xB5, 0x5D, 0x11, 0xF5, 0x6F, 0x8D, 0xA3, 0x55, 0x21, 0x7C, 0xA8, 0x3A,
    0x35, 0xA9, 0x8A, 0x5F, 0x62, 0x1B, 0x7A, 0xA9, 0x59, 0x57, 0xEB, 0x7B, 0x95, 0x4A, 0xB4, 0xED,
    0xCD, 0x67, 0xBC, 0x4B, 0x52, 0xBD, 0x79, 0x3B, 0x90, 0x38, 0xB9, 0x9F, 0xB8, 0x55, 0x17, 0xEF,
    0xC9, 0x7B, 0xB9, 0x78, 0x47, 0x05, 0xB8, 0x13, 0xED, 0x60, 0xEF, 0xB7, 0x77, 0xB0, 0xF7, 0x6A,
    0x0F, 0x3F, 0x78, 0xD9, 0xC5, 0x0F, 0x7F, 0x3C, 0x44, 0x44, 0xC5, 0x87, 0xAC, 0x2F, 0x5D, 0x49,
    0x64, 0x52, 0xB1, 0xE4, 0xD5, 0x1B, 0x93, 0x04, 0x1E, 0x3C, 0x30, 0xF2, 0xDA, 0x8C, 0x3A, 0x19,
    0x6B, 0x3D, 0xE5, 0xE9, 0x86, 0xED, 0x06, 0x06, 0xBD, 0x36, 0x06, 0xD3, 0x87, 0xF8, 0xF3, 0x3F,
    0x06, 0xF8, 0xD7, 0xCF, 0x73, 0xFC, 0xAF, 0x9E, 0xE1, 0x84, 0x67, 0x9A, 0x10, 0x97, 0xB4, 0x48,
    0x70, 0xAB, 0x81, 0xC7, 0x21, 0x0F, 0xF7, 0xF8, 0x71, 0x25, 0x43, 0x19, 0xCA, 0xD5, 0x46, 0xCF,
    0x0C, 0xC6, 0xEA, 0xF2, 0x9E, 0x8F, 0xF7, 0x93, 0xE1, 0xC2, 0x27, 0x7C, 0x2F, 0x5F, 0xE4, 0x3B,
    0x53, 0xD0, 0xAB, 0x69, 0xA2, 0x49, 0x3B, 0xCB, 0x46, 0x05, 0xC2, 0xD6, 0xA4, 0x27, 0xA6, 0x85,
    0xD0, 0x93, 0x1E, 0x99, 0x16, 0x6C, 0xCB, 0xF0, 0x5B, 0xB2, 0x60, 0xC3, 0xF6, 0xC0, 0x4A, 0xDB,
    0xE0, 0xF0, 0xAB, 0x41, 0x0C, 0x8B, 0x72, 0xC4, 0x3C, 0x1D, 0xC9, 0x83, 0xD5, 0x03, 0xF6, 0x08,
    0xFC, 0x25, 0x5F, 0x4C, 0x58, 0xD6, 0xC3, 0x28, 0x04, 0x21, 0x48, 0xED, 0xFB, 0xD2, 0xFD, 0xF9,
    0xF8, 0x41, 0x8A, 0xC8, 0x7C, 0x90, 0x1F, 0x5B, 0x46, 0x53, 0x2C, 0x7E, 0x6D, 0x9A, 0x73, 0x48,
    0x8A, 0x33, 0xF2, 0x42, 0xB3, 0x65, 0x6A, 0xD6, 0x85, 0xAA, 0xEF, 0x96, 0x33, 0x8F, 0x79, 0x94,
    0x05, 0xCA, 0x33, 0x23, 0xFE, 0x8E, 0xC8, 0xE1, 0x97, 0x81, 0x19, 0xD3, 0xDA, 0x3E, 0x71, 0xE9,
    0x3C, 0x78, 0x1D, 0x08, 0xE7, 0xDF, 0x76, 0xAC, 0x06, 0x21, 0xA1, 0x4D, 0xFE, 0x93, 0x9A, 0xA7,
    0x85, 0x7B, 0xEB, 0x43, 0x38, 0xDF, 0x89, 0xAD, 0x06, 0x41, 0xDE, 0x70, 0xF7, 0x6D, 0x8F, 0xED,
    0x2E, 0x79, 0x62, 0xEF, 0x1B, 0x9B, 0xF5, 0xAA, 0x62, 0x5C, 0xD8, 0x1A, 0xDE, 0x27, 0x42, 0x12,
    0x43, 0xFC, 0x1F, 0xAD, 0x59, 0x41, 0x6F, 0x1B, 0xC7, 0x15, 0x7E, 0xBB, 0xDB, 0x6A, 0xAC, 0x8E,
    0xCD, 0xBD, 0x04, 0xA8, 0x00, 0x4B, 0x5C, 0x1D, 0x74, 0x68, 0x01, 0x91, 0xF4, 0xC1, 0x07, 0x16,
    0x58, 0x9A, 0xDB, 0xE8, 0x10, 0x14, 0x39, 0xE4, 0x1F, 0xB4, 0x42, 0xCF, 0x45, 0xA3, 0x02, 0x6A,
    0xCB, 0x22, 0xB4, 0xB9, 0x8E, 0x0E, 0x39, 0xF4, 0x60, 0xFD, 0x82, 0x22, 0xE8, 0x2F, 0x60, 0x11,
    0x02, 0x21, 0x50, 0xC5, 0x1C, 0x5B, 0x87, 0x1E, 0x7C, 0xF0, 0x06, 0x39, 0xF4, 0xD0, 0x43, 0x36,
    0x69, 0x80, 0xA2, 0x87, 0x02, 0xE3, 0x78, 0xD3, 0x6C, 0x0A, 0x9A, 0xD3, 0xEF, 0xCD, 0x2C, 0x45,
    0xCA, 0x51, 0x12, 0x59, 0x32, 0xC5, 0xA1, 0x20, 0x87, 0xF3, 0xE6, 0xCD, 0x7B, 0xDF, 0xFB, 0xDE,
    0xF7, 0x36, 0x44, 0x34, 0x22, 0x22, 0x4D, 0xD7, 0x9F, 0xE4, 0x34, 0x31, 0xCA, 0x2B, 0xBA, 0x14,
    0xA8, 0x90, 0x64, 0x12, 0x12, 0xFF, 0xD4, 0xB1, 0x1A, 0xF8, 0x8C, 0xF1, 0x19, 0xDB, 0x9F, 0x1E,
    0x96, 0xA6, 0x5B, 0x22, 0xA3, 0xC8, 0xA4, 0x24, 0xBE, 0xC2, 0x6E, 0x12, 0x29, 0x61, 0x07, 0x4D,
    0x7E, 0x41, 0xC2, 0x4C, 0x29, 0x7A, 0x5B, 0x53, 0x07, 0xDF, 0xE9, 0x63, 0x8D, 0xB0, 0xEC, 0x8F,
    0x9F, 0x93, 0x16, 0x8A, 0xCA, 0x28, 0xA1, 0xC1, 0x8C, 0x28, 0xFA, 0x8C, 0xF7, 0x51, 0x13, 0xAB,
    0x83, 0xF3, 0x4A, 0xAC, 0x5C, 0xA6, 0x11, 0x85, 0x49, 0x13, 0x27, 0x76, 0xAA, 0x13, 0xF9, 0xAC,
    0x91, 0x3D, 0xAF, 0xC7, 0xCB, 0xCB, 0xA9, 0x17, 0x64, 0xD4, 0x91, 0x8A, 0x5A, 0x06, 0x27, 0x96,
    0xD6, 0x86, 0x26, 0xF2, 0x73, 0x91, 0x76, 0x13, 0x99, 0xB4, 0xB1, 0xB7, 0x87, 0x35, 0xC2, 0x7E,
    0x8D, 0xFD, 0x9A, 0x62, 0xEC, 0x89, 0xFD, 0x8C, 0xE2, 0x40, 0x55, 0xFB, 0x32, 0x92, 0x5F, 0x64,
    0xD8, 0xE6, 0xDD, 0x4D, 0xF0, 0xF9, 0x0F, 0xB6, 0xD0, 0xE7, 0x8F, 0x4D, 0x72, 0xAF, 0x59, 0xF0,
    0x8C, 0xC8, 0x1C, 0x4C, 0xC9, 0xFB, 0x97, 0x6A, 0x93, 0x7F, 0xAC, 0x86, 0x14, 0x1C, 0xAB, 0x9C,
    0x82, 0x83, 0x87, 0x8A, 0xC4, 0xCE, 0x41, 0x4A, 0x52, 0xBC, 0x4E, 0x14, 0xCA, 0x0D, 0xA2, 0x5A,
    0x18, 0x13, 0x6D, 0x34, 0xF7, 0x89, 0xB6, 0x63, 0xB8, 0x11, 0xB3, 0xE1, 0xEE, 0xA7, 0x70, 0x6D,
    0xB0, 0x63, 0xD8, 0x96, 0xFF, 0x33, 0xAC, 0x92, 0x66, 0x74, 0x48, 0x26, 0x21, 0xEF, 0xEF, 0x0A,
    0xF6, 0x1E, 0x95, 0xC1, 0xF1, 0xE3, 0x22, 0x38, 0x50, 0x43, 0xB1, 0x73, 0x37, 0x93, 0x62, 0x47,
    0x85, 0xA1, 0x84, 0xA5, 0x1A, 0x6D, 0x34, 0xB6, 0x61, 0xA7, 0x4D, 0xED, 0x62, 0x48, 0xDD, 0xDC,
    0x24, 0x83, 0x9F, 0x9A, 0xA4, 0x72, 0xEA, 0x2F, 0x7F, 0xE4, 0x8B, 0xC2, 0x31, 0xCA, 0x77, 0x61,
    0x92, 0xFD, 0xC7, 0x85, 0x88, 0x26, 0x8F, 0x4A, 0x0A, 0xCC, 0xBD, 0x82, 0xC2, 0x77, 0x12, 0x4D,
    0x91, 0xF4, 0x10, 0x9D, 0x10, 0xFF, 0x25, 0xAE, 0x49, 0xA2, 0xDE, 0x46, 0x8D, 0x68, 0x3F, 0xDE,
    0xE6, 0x8F, 0x36, 0xFE, 0xEC, 0x0D, 0xE1, 0x5D, 0x01, 0x9B, 0xD1, 0x27, 0xC6, 0xC6, 0xAD, 0x8F,
    0xE0, 0x8C, 0x61, 0xAC, 0xC0, 0x0E, 0x1D, 0x28, 0x4F, 0x8B, 0xD4, 0xCF, 0x65, 0x12, 0x64, 0xA1,
    0xC5, 0x80, 0x50, 0x75, 0x92, 0x69, 0x03, 0xF1, 0x8C, 0xED, 0xBA, 0x45, 0x83, 0xA7, 0x53, 0x9A,
    0x3C, 0xCD, 0xD9, 0xA3, 0x02, 0x11, 0x2C, 0xAB, 0xE4, 0x12, 0xEC, 0xC0, 0xA9, 0x40, 0xB9, 0x1F,
    0xA1, 0x44, 0x2A, 0x53, 0x99, 0xCC, 0x31, 0xC4, 0x28, 0xAA, 0x23, 0x1B, 0x0E, 0x41, 0xDD, 0x69,
    0x4C, 0x83, 0xB2, 0x47, 0x16, 0x78, 0x1E, 0x36, 0x0F, 0x70, 0x9B, 0x41, 0x82, 0xFD, 0xA3, 0x40,
    0x4D, 0x85, 0x2A, 0x64, 0x0A, 0x14, 0x50, 0xE8, 0x67, 0x51, 0xA0, 0x9A, 0x81, 0xEA, 0x08, 0x15,
    0x8B, 0xB4, 0x2F, 0x93, 0x71, 0x48, 0x45, 0x48, 0xBA, 0x4E, 0x65, 0x83, 0xFA, 0x31, 0x22, 0x85,
    0x2B, 0x91, 0x57, 0x20, 0x54, 0xD4, 0x05, 0xFE, 0xF2, 0x21, 0x72, 0x9D, 0xB7, 0x7D, 0x9D, 0xED,
    0x07, 0x4F, 0x94, 0x0E, 0x3E, 0x57, 0x5A, 0x3C, 0xBD, 0x9B, 0xCB, 0xF7, 0x5E, 0xCD, 0x6A, 0xEF,
    0x07, 0xEA, 0xDA, 0x5F, 0x03, 0xB5, 0x7E, 0x5F, 0xA4, 0xDB, 0x1F, 0x48, 0x6A, 0x1F, 0x85, 0x74,
    0xB3, 0xDF, 0xA4, 0xBD, 0x3F, 0x4C, 0x69, 0xF8, 0x3B, 0x7B, 0x1D, 0xF6, 0x67, 0x4A, 0x7A, 0x6F,
    0x4C, 0x7A, 0x08, 0xAF, 0x72, 0x82, 0x9D, 0x3C, 0x78, 0xF2, 0x20, 0x0B, 0x3E, 0x7F, 0x98, 0x89,
    0xF7, 0x0E, 0x94, 0xFC, 0xFD, 0x8E, 0xAA, 0xBD, 0x25, 0xD2, 0x6B, 0x03, 0x99, 0xAC, 0xDF, 0x91,
    0xB4, 0x7D, 0x3B, 0xA4, 0x76, 0xBF, 0x46, 0x37, 0xE3, 0x0D, 0xDA, 0x6B, 0x23, 0xC6, 0xB8, 0x1A,
    0xD1, 0x98, 0xA8, 0x85, 0x2B, 0xB5, 0xD2, 0x85, 0x4D, 0xFB, 0x8F, 0xEE, 0xE5, 0x4D, 0x28, 0x0F,
    0x0C, 0x6C, 0x1E, 0xC3, 0xE6, 0xC1, 0xB1, 0x92, 0x3B, 0xC7, 0x2A, 0x14, 0xEF, 0xA4, 0xA1, 0x7C,
    0x3D, 0xA9, 0x03, 0x04, 0x8D, 0x10, 0x61, 0xAE, 0xD7, 0x28, 0x6E, 0x6C, 0x50, 0x2F, 0x3E, 0xCB,
    0xE6, 0x2E, 0x50, 0xFA, 0x5B, 0x38, 0xDC, 0x02, 0x30, 0xAE, 0x54, 0x56, 0x6F, 0x61, 0x21, 0x9F,
    0xDE, 0xC7, 0xC0, 0xC4, 0x3D, 0x54, 0x45, 0x08, 0x5C, 0x22, 0xFB, 0xDB, 0x28, 0xC8, 0x7D, 0x2C,
    0x2D, 0x13, 0xCF, 0x98, 0x24, 0x30, 0x26, 0x15, 0x89, 0x48, 0x91, 0x56, 0xA4, 0x54, 0xA4, 0x31,
    0x17, 0xED, 0xCA, 0x0A, 0x6A, 0xF7, 0xD7, 0xC8, 0x1D, 0xB2, 0x49, 0xA9, 0x33, 0x77, 0x1D, 0x55,
    0x65, 0x66, 0x14, 0x14, 0x48, 0x3C, 0xBE, 0x15, 0x9D, 0x14, 0xBD, 0x2B, 0x44, 0x57, 0xFC, 0xC0,
    0x9A, 0xD1, 0x24, 0x4A, 0xF8, 0xB5, 0xE2, 0xC3, 0xC6, 0x9F, 0x2C, 0xCE, 0x09, 0x38, 0xB7, 0xAF,
    0x09, 0x40, 0x66, 0x8C, 0xC3, 0x68, 0xC5, 0x0D, 0x40, 0x81, 0x5B, 0x75, 0xAC, 0x46, 0x75, 0xB5,
    0xB8, 0x8A, 0x12, 0x90, 0xD0, 0x35, 0xCA, 0x2E, 0xDF, 0x4F, 0x82, 0xC7, 0x09, 0xC7, 0x6D, 0x97,
    0x2D, 0x0D, 0x34, 0x4D, 0x34, 0xE3, 0x0B, 0x30, 0x85, 0x35, 0xBC, 0x61, 0x0F, 0xE6, 0xF8, 0x0D,
    0xF6, 0x99, 0x91, 0x87, 0xA2, 0xB8, 0x72, 0x85, 0xC2, 0x3E, 0x09, 0x7C, 0xC9, 0xD6, 0x4B, 0x2B,
    0xF7, 0x4C, 0x29, 0xF2, 0x7E, 0x98, 0x74, 0x9A, 0xD4, 0x04, 0x8F, 0xF4, 0xA8, 0x01, 0xE7, 0x35,
    0xBF, 0xC7, 0xC0, 0x6B, 0x11, 0xE4, 0x47, 0xA1, 0xEA, 0x1A, 0x92, 0xB8, 0xF6, 0xE6, 0x26, 0xFF,
    0x73, 0xA8, 0x68, 0xC5, 0x79, 0x9E, 0x0A, 0xA3, 0xA3, 0xBB, 0xC5, 0x2D, 0x1A, 0xF7, 0xA9, 0x37,
    0xA2, 0x91, 0xA6, 0x02, 0x5B, 0x74, 0x90, 0x97, 0x91, 0x1A, 0x18, 0x8A, 0xB0, 0x65, 0x0D, 0x91,
    0xAF, 0xC3, 0x6D, 0xC1, 0xA8, 0x77, 0x15, 0x2A, 0xD3, 0x30, 0x09, 0x93, 0xE7, 0xA1, 0xEE, 0x22,
    0xD7, 0xC3, 0xF5, 0x4E, 0xD1, 0x20, 0x28, 0x0C, 0xE7, 0xE3, 0xB6, 0x15, 0x85, 0xC1, 0x85, 0x9F,
    0x20, 0xA0, 0x29, 0xAD, 0xB2, 0xA9, 0x88, 0x80, 0xCC, 0x71, 0x87, 0x0A, 0x44, 0xBA, 0xEF, 0xE9,
    0x9E, 0x9F, 0x8F, 0x82, 0x0C, 0xD5, 0x89, 0xF7, 0x98, 0x5D, 0x50, 0xD1, 0xA7, 0x8A, 0xA2, 0x67,
    0x74, 0xF2, 0xDA, 0x8F, 0xDD, 0x62, 0x37, 0xCE, 0xAC, 0xB8, 0x73, 0xBA, 0x31, 0x60, 0x10, 0x78,
    0xF9, 0xD0, 0xCB, 0xF4, 0x79, 0xDD, 0xE0, 0x7C, 0xC3, 0x14, 0x3D, 0x7D, 0x03, 0xF5, 0x57, 0xBB,
    0x7C, 0x24, 0x80, 0x41, 0xE4, 0x99, 0x81, 0x09, 0x47, 0x46, 0x5E, 0x36, 0x3C, 0xAF, 0x23, 0xAB,
    0xBB, 0x8B, 0x74, 0xE8, 0xF0, 0xE5, 0x38, 0x73, 0xF3, 0x5D, 0x14, 0xC0, 0x0B, 0x7B, 0xE2, 0xF3,
    0xB1, 0x4C, 0xCF, 0x80, 0xFD, 0x27, 0x6F, 0x60, 0xF3, 0x4B, 0xF0, 0x64, 0xCD, 0x56, 0xCA, 0x35,
    0x02, 0x40, 0x5E, 0xC8, 0x99, 0x15, 0x93, 0x44, 0x26, 0x5F, 0x05, 0x47, 0xA2, 0x77, 0x4E, 0xA6,
    0x91, 0x29, 0xEF, 0x24, 0xA3, 0xC2, 0xA2, 0xB9, 0x38, 0x41, 0x33, 0xD7, 0xD7, 0xFC, 0xE5, 0x23,
    0xF5, 0x7E, 0x96, 0x2F, 0x78, 0x65, 0x56, 0xF1, 0xCA, 0xE3, 0x05, 0xAF, 0xC4, 0x58, 0x96, 0x57,
    0xC4, 0x09, 0xAF, 0xC8, 0xE7, 0x79, 0x45, 0x1A, 0x67, 0xA2, 0x81, 0xCB, 0x6F, 0xD7, 0x2F, 0xC6,
    0x2B, 0x5C, 0xFA, 0xF6, 0x55, 0xB3, 0xB7, 0x75, 0xBF, 0x5F, 0x92, 0x5F, 0xC4, 0x50, 0xE1, 0xBE,
    0x95, 0x5D, 0xD0, 0xB7, 0x16, 0x1C, 0xE8, 0x2E, 0xD5, 0xE0, 0x04, 0x7C, 0x65, 0xD0, 0x8A, 0xFF,
    0x03, 0x18, 0x22, 0x55, 0x35, 0xB0, 0xC3, 0x36, 0x48, 0x6D, 0x1F, 0x84, 0xA6, 0x4D, 0xEA, 0x7D,
    0x08, 0xF9, 0x00, 0xE1, 0x21, 0xF0, 0x27, 0x77, 0xE7, 0x06, 0x5C, 0x89, 0xE1, 0xCB, 0x28, 0x9C,
    0x7D, 0xCD, 0x94, 0xD0, 0xB7, 0x28, 0x9C, 0x9A, 0xE4, 0x4A, 0xF7, 0x51, 0x4A, 0x2D, 0xDC, 0xA7,
    0xDE, 0x22, 0x9F, 0x45, 0x95, 0xC9, 0xA9, 0x03, 0xD3, 0xA3, 0x0E, 0x7A, 0xEF, 0xEC, 0x7B, 0x34,
    0x79, 0x5C, 0xD2, 0xAD, 0x00, 0xF7, 0x40, 0x0E, 0xCD, 0x33, 0x91, 0xAF, 0xA1, 0x67, 0x36, 0x2D,
    0x4E, 0x7A, 0xCC, 0xA7, 0x5A, 0x7B, 0x5A, 0x47, 0xA5, 0x8E, 0x0A, 0x48, 0xAB, 0x0F, 0x04, 0xD8,
    0x2E, 0x95, 0x38, 0xC8, 0x07, 0x31, 0xB7, 0x20, 0xDB, 0x9E, 0xC9, 0xC4, 0xD7, 0x55, 0x97, 0x7F,
    0xDB, 0xA0, 0x11, 0x19, 0x65, 0xBB, 0x7C, 0x12, 0x93, 0xBC, 0x5B, 0xC2, 0xD1, 0x82, 0xBC, 0x99,
    0xB6, 0x22, 0x61, 0x0B, 0x4A, 0x6F, 0x80, 0x2D, 0x11, 0x2B, 0x3D, 0x4B, 0xF6, 0x3F, 0x3F, 0xA3,
    0x61, 0x18, 0x04, 0x6F, 0x95, 0xEB, 0xC5, 0x4A, 0xBA, 0x25, 0x5E, 0x5F, 0x68, 0x40, 0xF4, 0xFA,
    0x12, 0xE8, 0xBE, 0x1D, 0x38, 0xA2, 0x97, 0x33, 0xA6, 0xCE, 0x14, 0x0C, 0xF2, 0x94, 0x55, 0x93,
    0x83, 0xB9, 0x05, 0x21, 0x0E, 0x6B, 0xE1, 0x0B, 0xF7, 0x05, 0x14, 0x89, 0x4C, 0x83, 0xCC, 0xA5,
    0x51, 0x56, 0xD5, 0x13, 0x26, 0x0D, 0x54, 0xD3, 0x11, 0x02, 0x0A, 0x89, 0x36, 0x1B, 0x57, 0x3E,
    0xE6, 0xF0, 0x51, 0x39, 0x1F, 0xBF, 0x0F, 0x26, 0x97, 0xF3, 0xA6, 0xA6, 0x5C, 0xE3, 0xD5, 0x22,
    0xF3, 0xF3, 0x10, 0xCA, 0xA6, 0x83, 0x3B, 0x17, 0x24, 0x8E, 0xA1, 0x02, 0xEF, 0x41, 0x64, 0x1C,
    0xA1, 0x27, 0xE1, 0x6B, 0x11, 0x7E, 0x37, 0xE1, 0x78, 0x07, 0x41, 0x8C, 0xA1, 0x52, 0xFB, 0xF0,
    0x13, 0x4A, 0x00, 0x22, 0xA7, 0xB0, 0x3C, 0x40, 0x2D, 0xB8, 0xF8, 0x83, 0x39, 0xDF, 0x3A, 0xF5,
    0x63, 0x75, 0x8F, 0x76, 0xFC, 0x07, 0xAD, 0x02, 0xBB, 0xF0, 0xE9, 0x21, 0x00, 0x72, 0x0F, 0x38,
    0xFB, 0xC0, 0xD9, 0x45, 0x57, 0xE2, 0xFC, 0xA1, 0xB1, 0xA7, 0x56, 0x81, 0xC6, 0xF8, 0x32, 0x2B,
    0x59, 0xDB, 0x79, 0x26, 0x68, 0x5E, 0x45, 0x8B, 0xA0, 0xB6, 0x12, 0x56, 0x4B, 0x7C, 0x43, 0xA7,
    0xB6, 0x39, 0x13, 0xD1, 0x92, 0xE2, 0x86, 0xC4, 0xC1, 0xFD, 0x22, 0xDC, 0x4F, 0x3C, 0x73, 0x5A,
    0x6B, 0xDE, 0x57, 0x03, 0xFD, 0x6D, 0x2D, 0x2B, 0x3B, 0x69, 0x59, 0xF8, 0x3E, 0x90, 0x84, 0x42,
    0x91, 0xB8, 0x47, 0x08, 0x0C, 0x84, 0x66, 0x81, 0xDD, 0x97, 0xE9, 0xCB, 0x00, 0xFA, 0xB0, 0x9C,
    0xD7, 0xC4, 0x0B, 0xFA, 0xE5, 0xA5, 0x29, 0x34, 0x37, 0x2C, 0xDD, 0xC1, 0xE6, 0x2D, 0x67, 0xA3,
    0x8B, 0x8A, 0x1B, 0x60, 0xD9, 0x13, 0x9A, 0x2E, 0xF0, 0xC8, 0x0F, 0x85, 0x18, 0x1F, 0x6C, 0x0F,
    0x1C, 0xD0, 0xB2, 0xB2, 0x58, 0xA3, 0x23, 0x6C, 0x29, 0x1C, 0xB6, 0x7C, 0xDF, 0x11, 0x04, 0x6B,
    0x89, 0x09, 0x30, 0x65, 0x58, 0x4D, 0xD7, 0x2B, 0xB9, 0x0F, 0x93, 0x60, 0x59, 0x2B, 0x4C, 0xD8,
    0x6C, 0x17, 0xBF, 0x07, 0x79, 0x85, 0x99, 0x71, 0x85, 0xDE, 0x05, 0x82, 0x5F, 0xC1, 0x9D, 0xBB,
    0xF3, 0x1A, 0x20, 0xF8, 0x49, 0x5F, 0xAA, 0xE7, 0xFC, 0xC4, 0x9A, 0x9D, 0xAD, 0x6C, 0x48, 0x57,
    0x60, 0xC9, 0x9D, 0x72, 0xB7, 0x01, 0x53, 0xB4, 0x55, 0x4D, 0x42, 0xAD, 0xA2, 0x1A, 0x3A, 0x30,
    0x73, 0x78, 0x1F, 0xA9, 0x36, 0x4F, 0x1C, 0x3C, 0x70, 0xF0, 0xBC, 0xC1, 0xE3, 0x06, 0x4F, 0x1B,
    0x3C, 0x6C, 0xF0, 0xAC, 0xC1, 0xA3, 0x06, 0x4F, 0x1A, 0x3C, 0x68, 0xF0, 0x9C, 0x61, 0xC7, 0x0C,
    0x3E, 0xF6, 0xC2, 0xD3, 0xC5, 0xB0, 0xF2, 0x6F, 0xC9, 0x37, 0xCC, 0x14, 0x3C, 0x52, 0xF0, 0x44,
    0xC1, 0x03, 0x05, 0xCF, 0x13, 0x3C, 0x4E, 0xF0, 0x34, 0xC1, 0xC3, 0x04, 0xCF, 0x12, 0x3C, 0x4A,
    0xF0, 0x24, 0xE1, 0x06, 0x89, 0x4D, 0x56, 0xE1, 0x60, 0x89, 0x95, 0x39, 0x1D, 0x18, 0x03, 0x32,
    0x00, 0xE4, 0x97, 0xF8, 0x88, 0x69, 0x40, 0x5B, 0x56, 0x02, 0x07, 0x80, 0x02, 0xC0, 0x00, 0x2E,
    0x49, 0x4C, 0xEE, 0xF8, 0x7D, 0x9B, 0x2A, 0xC1, 0x77, 0xF9, 0xFA, 0xD7, 0xFB, 0x3C, 0x0C, 0x10,
    0xCB, 0x18, 0xFF, 0x41, 0xAE, 0x83, 0x87, 0x1F, 0x72, 0x2C, 0x33, 0x61, 0x20, 0xB8, 0xCD, 0x81,
    0x0A, 0xE5, 0x6B, 0x29, 0x62, 0x02, 0xC1, 0x0D, 0x7C, 0xD7, 0x80, 0xEF, 0x1A, 0xB0, 0x1D, 0x4E,
    0xA9, 0xC7, 0xFA, 0x81, 0x39, 0x92, 0xC9, 0xA9, 0x8F, 0xEB, 0x8C, 0xB8, 0x15, 0x23, 0x69, 0xDA,
    0xCF, 0xBC, 0x3C, 0xC8, 0xDC, 0x7C, 0x03, 0x0E, 0x51, 0x2D, 0xA0, 0xF1, 0x88, 0xE4, 0x0E, 0x64,
    0xE3, 0x9B, 0x98, 0x55, 0x00, 0xC3, 0xE8, 0xF0, 0xEB, 0x99, 0x77, 0x4A, 0x20, 0x75, 0x38, 0xB3,
    0x31, 0xDE, 0xAC, 0xB8, 0xC8, 0xCF, 0x7C, 0x74, 0xE9, 0x00, 0xC4, 0x1C, 0x1C, 0x89, 0x54, 0xFC,
    0x0A, 0x93, 0xD2, 0x06, 0xEE, 0x06, 0x5F, 0x6A, 0x61, 0x9D, 0x36, 0x64, 0x83, 0xB6, 0x45, 0x1F,
    0x7C, 0x71, 0x44, 0xED, 0xA0, 0xA4, 0x7D, 0x60, 0x72, 0xE8, 0x3B, 0xFE, 0x64, 0x85, 0x18, 0x5A,
    0xF4, 0x30, 0xEB, 0x1C, 0xDA, 0x91, 0x02, 0x13, 0x05, 0x2C, 0xF5, 0x45, 0xDA, 0x91, 0x49, 0x07,
    0xD7, 0xE1, 0x11, 0x82, 0x7A, 0x0D, 0x1A, 0xA1, 0x6B, 0xE1, 0xCD, 0x43, 0x33, 0x4A, 0x0B, 0xAE,
    0x20, 0xB5, 0x3F, 0xAE, 0x4A, 0x93, 0x21, 0xFF, 0x67, 0x44, 0xFD, 0x97, 0x89, 0xAB, 0x20, 0x64,
    0xD1, 0x47, 0xA5, 0x04, 0xAF, 0xBB, 0x56, 0xBA, 0x8E, 0xD5, 0x16, 0x09, 0x0D, 0x05, 0xCB, 0xF8,
    0xC4, 0xE7, 0xD1, 0x21, 0x75, 0xAD, 0xB4, 0x8E, 0xC3, 0x63, 0x5B, 0x82, 0xAB, 0xB6, 0x00, 0x3E,
    0xE3, 0xDC, 0x07, 0x57, 0xF9, 0xCD, 0x32, 0xC3, 0xA5, 0x7F, 0x86, 0x46, 0x8A, 0x3E, 0x0A, 0xDE,
    0x40, 0x17, 0x8D, 0xE7, 0x9E, 0xA0, 0x83, 0xA2, 0x81, 0xBA, 0xFE, 0x89, 0x50, 0xF0, 0xD7, 0xE5,
    0x12, 0xAD, 0x5E, 0xA2, 0x85, 0xD2, 0x2B, 0x58, 0xA0, 0x70, 0x6E, 0x87, 0x41, 0x72, 0xB1, 0x36,
    0x7A, 0x96, 0x4B, 0xD7, 0xFF, 0x9B, 0x82, 0x39, 0x40, 0x0A, 0xC8, 0xB8, 0xEA, 0x02, 0x79, 0x26,
    0x09, 0x83, 0x8F, 0xA9, 0x29, 0xEF, 0x51, 0xDC, 0x44, 0x9C, 0x7B, 0x75, 0xEA, 0xE8, 0x0E, 0x75,
    0x55, 0x1F, 0xFD, 0xAB, 0x80, 0x44, 0x70, 0x2C, 0xF1, 0xFE, 0x57, 0x73, 0x2C, 0xF3, 0x88, 0x76,
    0xDB, 0xB1, 0x8A, 0x6F, 0xBB, 0xE5, 0x21, 0xC9, 0xAF, 0x18, 0xAA, 0xA9, 0x57, 0x46, 0xE8, 0x46,
    0xDD, 0x54, 0xA8, 0x2F, 0x53, 0xB9, 0xF3, 0x28, 0x41, 0xF6, 0x93, 0xB0, 0x1D, 0x51, 0x98, 0xC3,
    0xEF, 0x07, 0x53, 0x10, 0xB4, 0xA6, 0x0E, 0x0A, 0xD4, 0x62, 0xC6, 0x7F, 0x15, 0xF7, 0xFA, 0x1B,
    0xD8, 0xF1, 0x53, 0x38, 0xB7, 0x77, 0xB8, 0xA0, 0xEE, 0x4B, 0x8C, 0x7E, 0x9B, 0xBB, 0x34, 0x2E,
    0xA8, 0x11, 0xD3, 0xEA, 0xD5, 0x73, 0xA7, 0x8D, 0x47, 0xD0, 0x21, 0x62, 0xA5, 0xDE, 0xA5, 0x53,
    0xAF, 0x4B, 0xB8, 0x81, 0xD0, 0xD4, 0xD6, 0x69, 0xFD, 0x1A, 0x9D, 0x68, 0x89, 0xEF, 0x74, 0x63,
    0x0D, 0xD9, 0x86, 0xDF, 0x84, 0xFA, 0xA5, 0x60, 0x67, 0x49, 0x83, 0x01, 0x1A, 0x86, 0xD1, 0x72,
    0x9A, 0x6A, 0x51, 0x1E, 0x56, 0xCF, 0x9C, 0x35, 0x83, 0x72, 0xAF, 0xE0, 0x16, 0xF3, 0x7C, 0x34,
    0x78, 0x82, 0x9C, 0x8A, 0x1C, 0x72, 0x00, 0xAA, 0xA0, 0xD3, 0xF1, 0xA6, 0xF8, 0x52, 0xF7, 0x7F,
    0x10, 0x47, 0xB8, 0xEA, 0x2E, 0x52, 0xC3, 0x14, 0xC5, 0x83, 0x67, 0xF0, 0x1A, 0x6E, 0x1B, 0x9C,
    0x0E, 0xC6, 0x65, 0xDC, 0x10, 0x05, 0x6D, 0x6C, 0xD3, 0x8F, 0xAE, 0x56, 0xA6, 0xCE, 0xE3, 0xC6,
    0x16, 0x10, 0x12, 0xA3, 0x56, 0xEA, 0x30, 0x24, 0x56, 0x97, 0xDD, 0xB8, 0xF0, 0x08, 0x7E, 0x75,
    0x8D, 0x9A, 0x1D, 0x92, 0x6F, 0x90, 0x7F, 0x70, 0xEE, 0x11, 0x9C, 0xA7, 0x7F, 0x09, 0x85, 0x7E,
    0x4D, 0x3E, 0x1F, 0x8D, 0x0B, 0xBB, 0x01, 0xB3, 0x88, 0xEF, 0x49, 0x78, 0xCF, 0xE5, 0xC6, 0xEE,
    0x21, 0x7D, 0xA1, 0x39, 0x1E, 0x57, 0xD7, 0x96, 0x62, 0x78, 0xDE, 0x87, 0x01, 0xDE, 0xDB, 0x49,
    0xF0, 0x11, 0x32, 0x97, 0xD3, 0x8D, 0xBD, 0xF3, 0x3E, 0x0C, 0xC0, 0x58, 0x80, 0x94, 0xB5, 0xD7,
    0x17, 0x57, 0x7E, 0xA1, 0xC7, 0x0F, 0x51, 0x46, 0xFB, 0x43, 0x7A, 0xF7, 0xC6, 0x77, 0x69, 0xA6,
    0xA5, 0x13, 0x81, 0x55, 0x06, 0xAB, 0xAD, 0x81, 0xD5, 0xAB, 0x8B, 0x73, 0xCD, 0x67, 0x60, 0x38,
    0xC4, 0x2C, 0x6B, 0x55, 0x4F, 0xEF, 0x42, 0x9E, 0x3A, 0xDD, 0x13, 0x55, 0xEF, 0xC8, 0x0E, 0x2F,
    0xCD, 0x49, 0x42, 0x1D, 0xE9, 0xB4, 0x68, 0x1F, 0x71, 0x1C, 0x7B, 0xAC, 0x71, 0x01, 0xBC, 0xBB,
    0xA9, 0xFF, 0xCF, 0x8C, 0x4F, 0xDB, 0xBA, 0x61, 0x9B, 0x4A, 0x29, 0x4C, 0x59, 0x3D, 0x87, 0xB3,
    0xB9, 0xAA, 0xDB, 0x4C, 0xC5, 0x4B, 0xFD, 0xFC, 0x1B, 0x33, 0x7E, 0x19, 0x37, 0x40, 0xBE, 0xED,
    0x3D, 0xDA, 0xBB, 0x39, 0x7F, 0x5C, 0x76, 0x0E, 0x37, 0x0E, 0x01, 0xAA, 0x27, 0xA8, 0x33, 0x04,
    0x8B, 0xD6, 0xB7, 0x16, 0xA2, 0xF6, 0x12, 0xF3, 0xF6, 0x73, 0x30, 0x38, 0xD7, 0xD8, 0x2F, 0xE1,
    0xC2, 0x76, 0x1B, 0xC3, 0xC2, 0xF6, 0xA9, 0x60, 0x5C, 0x6A, 0xEC, 0x3F, 0x8D, 0x8D, 0x73, 0xB9,
    0x71, 0xFD, 0x99, 0x2D, 0x39, 0xAF, 0x58, 0x71, 0xC4, 0x93, 0xB9, 0x39, 0xD7, 0x6A, 0xC4, 0x6E,
    0x66, 0xD1, 0x4A, 0x54, 0x56, 0xB5, 0x36, 0xA6, 0x9B, 0x3E, 0xCB, 0xEB, 0x8C, 0xAE, 0xCF, 0xDC,
    0x19, 0x95, 0x34, 0xB5, 0x84, 0x4E, 0x2D, 0x70, 0xF1, 0xD4, 0xCF, 0xD7, 0x60, 0x84, 0x1B, 0x18,
    0x4F, 0x8E, 0x99, 0xB5, 0xA6, 0xD7, 0x7C, 0x6D, 0xF5, 0x9B, 0x4D, 0x52, 0xCE, 0xA7, 0x44, 0x3C,
    0x52, 0x98, 0x34, 0x64, 0x8D, 0xFD, 0x2D, 0xA5, 0x7D, 0x96, 0x14, 0x0E, 0x54, 0x15, 0xAA, 0x8A,
    0x19, 0xEC, 0xF8, 0x30, 0xE4, 0xAF, 0xB9, 0x5A, 0xEF, 0x9A, 0x7C, 0x60, 0x72, 0x57, 0xEE, 0x0E,
    0x08, 0xD1, 0x1C, 0x08, 0xAD, 0x15, 0x1E, 0x64, 0xDC, 0xFF, 0x82, 0xE0, 0x51, 0x22, 0xB5, 0x8E,
    0xF3, 0x65, 0xF8, 0x52, 0x5B, 0x42, 0x2F, 0x9D, 0x58, 0x09, 0x7E, 0x08, 0x36, 0x1E, 0xB6, 0xBB,
    0xF3, 0xD9, 0x81, 0x4F, 0x5D, 0xE6, 0x25, 0x48, 0x9A, 0x1F, 0x4E, 0xED, 0xF6, 0xC9, 0xBF, 0xF1,
    0xE7, 0x9B, 0x20, 0x05, 0x03, 0x7B, 0x87, 0xAD, 0x05, 0x67, 0x01, 0xC4, 0x76, 0x56, 0xE0, 0xE7,
    0x26, 0x5E, 0xB9, 0x74, 0xC9, 0xB1, 0x0B, 0xF6, 0x9B, 0x99, 0xD5, 0xF5, 0x03, 0x2B, 0xCF, 0xE6,
    0x33, 0xCD, 0xFD, 0xC5, 0xAC, 0x30, 0xB6, 0x63, 0xA5, 0x15, 0x74, 0x5E, 0xEE, 0xE7, 0xD0, 0x95,
    0xEE, 0xC9, 0x39, 0x9A, 0x86, 0xB0, 0x4A, 0x2B, 0x4C, 0xBE, 0xE9, 0x39, 0x1E, 0xFD, 0x46, 0xF1,
    0xB3, 0x6E, 0xD7, 0x2D, 0xF9, 0x39, 0x35, 0xEB, 0xC0, 0x8A, 0x0F, 0x0D, 0x14, 0x6E, 0x21, 0xD3,
    0xD2, 0x49, 0xC0, 0x88, 0x7A, 0x4D, 0x16, 0x39, 0xDA, 0xA2, 0x25, 0x1F, 0xFB, 0x59, 0x11, 0xA8,
    0xFF, 0x03, 0x63, 0x7F, 0x20, 0x63, 0x61, 0x22, 0x03, 0x00, 0xAD, 0x5A, 0xCF, 0x8F, 0xDC, 0xC6,
    0x95, 0x7E, 0x24, 0x03, 0x31, 0x71, 0xED, 0x76, 0x5D, 0x7C, 0x10, 0x60, 0x37, 0xE9, 0x83, 0x0E,
    0x39, 0x34, 0xBB, 0xF7, 0xE0, 0x20, 0x03, 0x84, 0xDD, 0x4D, 0x5B, 0x07, 0x1D, 0x06, 0xD8, 0xFC,
    0x05, 0x09, 0x72, 0x5F, 0x2C, 0xE4, 0x60, 0x27, 0x58, 0x02, 0x4B, 0x4F, 0xD3, 0x11, 0x10, 0x1D,
    0x84, 0x5D, 0xE9, 0xB0, 0xC7, 0x85, 0x57, 0x7F, 0xC2, 0x04, 0xCB, 0x00, 0x7D, 0x68, 0xB9, 0x69,
    0xCD, 0x61, 0x0E, 0x02, 0x2C, 0x1A, 0x3A, 0x18, 0x0B, 0x03, 0x36, 0xE3, 0x18, 0xC8, 0x25, 0x41,
    0xCA, 0x0E, 0x37, 0x69, 0x25, 0xDD, 0xCD, 0x7C, 0xAF, 0x8A, 0xFD, 0x63, 0x46, 0xA3, 0xF5, 0x8C,
    0x5A, 0x9A, 0xAE, 0x91, 0x34, 0xC3, 0xAA, 0x7A, 0xF5, 0xDE, 0xF7, 0xDE, 0xFB, 0xDE, 0x2B, 0x92,
    0x1D, 0x11, 0xB9, 0x39, 0x91, 0x5D, 0x12, 0x51, 0x86, 0x71, 0x8D, 0xF4, 0x9F, 0x69, 0x9D, 0x53,
    0x8D, 0xA1, 0x88, 0x2C, 0xFC, 0xCA, 0x2E, 0x88, 0x1C, 0x3C, 0xE6, 0xD4, 0x33, 0x72, 0xEB, 0x8A,
    0x04, 0xA6, 0x49, 0x32, 0xC3, 0xC3, 0x08, 0x30, 0x86, 0xF8, 0xF9, 0xB0, 0xC6, 0x04, 0xE1, 0x46,
    0x24, 0x7F, 0x98, 0x92, 0xE4, 0xA7, 0x68, 0xE7, 0xF5, 0x7A, 0xF5, 0xAC, 0x57, 0x57, 0x98, 0x81,
    0x09, 0xF8, 0xB8, 0x75, 0x24, 0xEA, 0x52, 0x5A, 0x4A, 0x52, 0xE5, 0x51, 0x16, 0x90, 0x0A, 0x2D,
    0x15, 0xBA, 0x45, 0x5C, 0xA7, 0xD9, 0x82, 0xB7, 0xBA, 0x87, 0x65, 0xB1, 0x8D, 0x4C, 0x89, 0xFE,
    0xCE, 0x6C, 0x2E, 0xB0, 0x92, 0xC4, 0x4A, 0xBC, 0xBA, 0x8F, 0xD1, 0xC5, 0xE8, 0x63, 0x84, 0x18,
    0x09, 0xC6, 0x18, 0xA3, 0xC2, 0xD8, 0x12, 0x6E, 0x58, 0xA7, 0x18, 0x90, 0xEA, 0xB5, 0xA7, 0x2C,
    0x3C, 0x39, 0xD5, 0x2B, 0x24, 0x23, 0x23, 0x1C, 0x4F, 0x1B, 0xE1, 0x77, 0x53, 0x8C, 0xAC, 0x99,
    0x9A, 0x35, 0xCB, 0x0C, 0xAC, 0x14, 0x02, 0x43, 0xCA, 0x25, 0xCF, 0x5D, 0xF0, 0xDC, 0xC8, 0xAA,
    0xAE, 0x98, 0x03, 0x63, 0xD8, 0xD8, 0x83, 0x96, 0x7C, 0x3A, 0xFC, 0xC7, 0xE5, 0xFF, 0xCC, 0x30,
    0x62, 0x3D, 0xFB, 0x4D, 0xFC, 0x72, 0x54, 0x17, 0xF4, 0xDA, 0x52, 0x2B, 0x2C, 0x82, 0xC2, 0x8C,
    0x96, 0x5C, 0x1C, 0xE5, 0x3C, 0x0D, 0x85, 0xCD, 0x88, 0x8D, 0x00, 0x43, 0xEC, 0xCB, 0xE3, 0x39,
    0x06, 0x78, 0xF1, 0xF5, 0x7A, 0x2B, 0x65, 0x7C, 0xC3, 0x04, 0x56, 0x20, 0x80, 0xF4, 0x5D, 0x51,
    0x68, 0xFD, 0x89, 0xA7, 0xFC, 0xF8, 0x1C, 0x3A, 0xC7, 0x19, 0x3B, 0x07, 0x78, 0xF4, 0x88, 0x68,
    0x0F, 0xCF, 0x1C, 0xE0, 0x80, 0x5F, 0xE1, 0x81, 0xAF, 0x8F, 0x73, 0xEB, 0x37, 0xC7, 0xB9, 0x73,
    0x7C, 0x2B, 0x77, 0x4E, 0xAE, 0xE7, 0x72, 0xDF, 0x8D, 0x7A, 0xD2, 0xA7, 0x89, 0x5C, 0xD0, 0x7D,
    0xF9, 0x25, 0x96, 0xC3, 0xDA, 0x6A, 0x0F, 0x36, 0x39, 0x80, 0xFE, 0x8E, 0x20, 0xBA, 0xC2, 0x58,
    0x02, 0x01, 0x75, 0x2A, 0xEA, 0xE3, 0x5C, 0x3A, 0x3C, 0x6E, 0xE5, 0x9E, 0x7B, 0x3D, 0x0D, 0x70,
    0xE6, 0x10, 0x73, 0x43, 0xCC, 0x8D, 0x31, 0xD7, 0xAF, 0x15, 0x3E, 0x1B, 0xD0, 0x40, 0x9A, 0x3A,
    0x05, 0x06, 0xE4, 0x5B, 0xCA, 0x27, 0xD5, 0x25, 0xD5, 0xB7, 0xCA, 0xD0, 0x2E, 0x62, 0x27, 0xCF,
    0x58, 0x23, 0xDF, 0x61, 0x8B, 0x34, 0xC6, 0x28, 0xB4, 0xBE, 0x2C, 0xE5, 0x16, 0x76, 0x29, 0x23,
    0xA7, 0xE8, 0x63, 0x81, 0x8A, 0xDC, 0xE3, 0x82, 0xC4, 0x5D, 0xE8, 0x75, 0x82, 0x33, 0xC1, 0xE2,
    0x3E, 0xFE, 0xEE, 0x02, 0x48, 0x7D, 0xA0, 0x22, 0x84, 0x07, 0x25, 0x38, 0xF8, 0x18, 0x0A, 0xA8,
    0x18, 0x0E, 0x36, 0x9D, 0xF1, 0xAA, 0x37, 0xCC, 0x9A, 0x85, 0x53, 0xD8, 0xB9, 0xCC, 0x9D, 0xBC,
    0x97, 0x3B, 0xE9, 0xBF, 0xA5, 0xEE, 0x5B, 0xBF, 0x8D, 0x84, 0xF3, 0x88, 0xA4, 0x94, 0xD4, 0x0A,
    0x5A, 0xD4, 0xDE, 0x6B, 0x53, 0x47, 0x75, 0x68, 0x90, 0x87, 0x34, 0x4C, 0xF7, 0x68, 0x44, 0x07,
    0x34, 0xD1, 0x6B, 0xB2, 0x62, 0x53, 0x1C, 0xE6, 0x61, 0x41, 0x16, 0x5B, 0xE4, 0x03, 0x63, 0x54,
    0x05, 0x2B, 0x28, 0x58, 0x20, 0xC3, 0x23, 0xB1, 0x85, 0x7F, 0xE1, 0x2C, 0xA1, 0x48, 0x29, 0x80,
    0x91, 0x3C, 0x20, 0x5C, 0xC2, 0x30, 0x02, 0x73, 0x5D, 0x9C, 0x09, 0x3F, 0xA6, 0x1E, 0x30, 0x89,
    0x23, 0xF6, 0x0A, 0x2D, 0x16, 0x2F, 0x8B, 0x2F, 0x4B, 0x59, 0xA5, 0x5D, 0xDA, 0x90, 0xCD, 0xC9,
    0xF9, 0xCB, 0xCD, 0xDD, 0x54, 0xA4, 0x22, 0x92, 0x91, 0x24, 0xFE, 0xF2, 0xA9, 0x05, 0x8F, 0x69,
    0xC3, 0x63, 0x7A, 0xF5, 0x1C, 0x86, 0x9D, 0x9F, 0xB2, 0xB7, 0x1E, 0x34, 0xC0, 0x00, 0xB8, 0xAC,
    0xCF, 0x01, 0xB0, 0xBB, 0xD8, 0x0B, 0xFB, 0xB7, 0x04, 0x8C, 0x0E, 0x94, 0x1D, 0x60, 0x28, 0x11,
    0x59, 0x75, 0x1D, 0x39, 0x30, 0x9C, 0x1B, 0xB9, 0xA9, 0x84, 0x3D, 0x02, 0x8C, 0x10, 0x03, 0x3F,
    0x27, 0x1B, 0x43, 0x47, 0x83, 0x15, 0x36, 0x81, 0x0D, 0xC9, 0x3E, 0x8B, 0xD3, 0x7B, 0xD8, 0x37,
    0xC0, 0x11, 0xCD, 0xD7, 0x84, 0x62, 0x38, 0xCD, 0x14, 0x4E, 0x32, 0x05, 0xB8, 0x2C, 0x3C, 0x63,
    0xD7, 0x4B, 0x38, 0x56, 0x0F, 0x73, 0x79, 0x55, 0x0F, 0xB8, 0x4E, 0x30, 0xB7, 0xD4, 0xFE, 0xEE,
    0xE1, 0xF9, 0x53, 0x73, 0xAF, 0x54, 0x7A, 0x6E, 0xFD, 0x74, 0xC7, 0xA0, 0x40, 0x50, 0x82, 0x85,
    0xD0, 0x65, 0x97, 0x19, 0x36, 0x57, 0x1A, 0x99, 0xEE, 0x7B, 0xD8, 0xF4, 0xED, 0x82, 0x24, 0x4E,
    0xD1, 0x65, 0x3B, 0xE0, 0x24, 0x63, 0x3E, 0xBB, 0xC4, 0x23, 0x12, 0xDB, 0xD5, 0xD8, 0xAE, 0x4E,
    0x5F, 0x47, 0x60, 0xEA, 0x60, 0xD3, 0x3D, 0x8C, 0x03, 0x76, 0xA4, 0x5D, 0x22, 0x6D, 0xD8, 0xC6,
    0x8F, 0xC3, 0x0E, 0x7E, 0xD6, 0x09, 0x61, 0x93, 0x36, 0x3B, 0x57, 0xEB, 0x5F, 0x39, 0x02, 0xFC,
    0x15, 0xD3, 0x04, 0x87, 0x43, 0x9F, 0xBF, 0xF5, 0x61, 0x17, 0xFA, 0xFA, 0x11, 0x56, 0x7F, 0x72,
    0x12, 0x91, 0x73, 0x7C, 0x1B, 0xFA, 0x85, 0xD3, 0x90, 0x27, 0x58, 0x50, 0x96, 0xB8, 0x89, 0x55,
    0x29, 0xFD, 0x44, 0x6C, 0x19, 0xE2, 0x26, 0xF6, 0x02, 0x5E, 0x46, 0xEC, 0x16, 0x87, 0xB4, 0x11,
    0xA4, 0x4B, 0xDF, 0xB5, 0x1E, 0x68, 0x31, 0xD8, 0x54, 0x3B, 0xC1, 0xFA, 0x15, 0x64, 0x20, 0xB1,
    0x9F, 0xE2, 0xAC, 0x90, 0x6E, 0xB6, 0xB3, 0x9B, 0xEC, 0xE4, 0xB6, 0x0E, 0x0E, 0xE4, 0x42, 0xAF,
    0x22, 0x05, 0x2C, 0xDE, 0x82, 0x39, 0x61, 0x0C, 0x0F, 0xBA, 0xE8, 0x6F, 0x99, 0xB3, 0x92, 0x88,
    0xE1, 0x80, 0x5A, 0xEE, 0x91, 0x0F, 0x10, 0x7F, 0xA0, 0xBD, 0x0F, 0x98, 0x41, 0x12, 0xC2, 0x73,
    0x8A, 0x1E, 0xB8, 0x25, 0xFD, 0xBE, 0x55, 0x58, 0x9F, 0x05, 0x85, 0xFD, 0xD1, 0xCF, 0x72, 0xE7,
    0xEE, 0x17, 0xB9, 0xBB, 0x7F, 0x9C, 0x0B, 0x71, 0x8B, 0x61, 0x1F, 0xB5, 0x48, 0xC0, 0x84, 0x12,
    0x33, 0x78, 0x78, 0xF0, 0xA4, 0x80, 0xA1, 0x56, 0x19, 0x67, 0x3C, 0xE3, 0x8A, 0x80, 0x05, 0xC7,
    0x3A, 0x38, 0x4C, 0x24, 0x1A, 0x67, 0x94, 0x98, 0xE3, 0x61, 0xCE, 0x0A, 0xD6, 0xD4, 0x2B, 0x01,
    0x44, 0xB7, 0x4C, 0x64, 0xD4, 0xEF, 0x52, 0x37, 0xA4, 0x00, 0x2B, 0x42, 0x20, 0xC5, 0x9F, 0x31,
    0x96, 0xAC, 0x9C, 0x72, 0x22, 0xF3, 0x61, 0x4D, 0xA2, 0x62, 0x03, 0x57, 0xC0, 0xDA, 0x73, 0xBD,
    0x1E, 0x7E, 0xFF, 0xFC, 0x8D, 0xA6, 0x15, 0x20, 0xBF, 0x04, 0xE4, 0x7B, 0x50, 0xAE, 0x88, 0x9C,
    0x5C, 0x44, 0x6E, 0x0E, 0xC1, 0x52, 0x1F, 0x89, 0xF1, 0x81, 0xF6, 0x57, 0x1F, 0x60, 0x38, 0xCF,
    0x8D, 0x36, 0x49, 0xF4, 0x8A, 0x4E, 0xCB, 0xFE, 0xD6, 0x33, 0xAB, 0x50, 0xB2, 0x1A, 0x13, 0x86,
    0xDA, 0x56, 0x12, 0x1D, 0xD6, 0xCB, 0x61, 0xBD, 0xE0, 0x47, 0x63, 0xFD, 0x80, 0xE2, 0x0F, 0x1C,
    0xE5, 0x54, 0x68, 0x8F, 0x18, 0x95, 0x72, 0xC7, 0x80, 0xE8, 0x00, 0x84, 0x48, 0xEA, 0xA5, 0x5B,
    0xCF, 0xFC, 0xF7, 0x93, 0x7E, 0xBB, 0x9F, 0x84, 0x41, 0xB6, 0x17, 0x56, 0x07, 0x61, 0x76, 0x34,
    0x9B, 0xFC, 0x59, 0x21, 0x15, 0x22, 0xA3, 0xD9, 0x7A, 0x53, 0x1C, 0x6D, 0xAC, 0x4D, 0xDE, 0x05,
    0x86, 0x7C, 0xDE, 0xFC, 0x5D, 0x2C, 0x88, 0x95, 0x60, 0x7D, 0xBD, 0xB8, 0x8F, 0xBF, 0x61, 0x01,
    0xAA, 0x10, 0x20, 0xCA, 0x10, 0x7B, 0x85, 0xD8, 0x2B, 0xC0, 0x34, 0x8F, 0x4F, 0xC1, 0xFA, 0x2F,
    0x09, 0xE9, 0xC9, 0x2A, 0x9D, 0xDC, 0xD6, 0x16, 0x70, 0x53, 0xAD, 0x51, 0x80, 0xC4, 0x58, 0xC0,
    0xC3, 0x08, 0x10, 0x79, 0x43, 0x44, 0x5E, 0xCC, 0x85, 0xE6, 0x59, 0x0D, 0x9B, 0x94, 0xBB, 0x87,
    0x71, 0x00, 0x6D, 0xF7, 0xFB, 0x14, 0x86, 0x94, 0x40, 0x9E, 0x31, 0x6F, 0xA6, 0x2A, 0x4B, 0x4D,
    0xEC, 0x12, 0x34, 0xC2, 0xAF, 0x9F, 0x51, 0x4F, 0x66, 0xB6, 0x36, 0xDB, 0xC3, 0xFC, 0x85, 0xD9,
    0xDA, 0x39, 0x3E, 0xCE, 0xDD, 0xDB, 0xB7, 0x53, 0xB1, 0xBF, 0x1F, 0xB1, 0x8F, 0x69, 0x3F, 0xF3,
    0x3C, 0x6A, 0x07, 0xC1, 0x26, 0xE4, 0x9B, 0x99, 0x10, 0xDA, 0x82, 0xD0, 0x76, 0x23, 0xB4, 0x93,
    0x22, 0x96, 0x44, 0xEE, 0xED, 0x7D, 0xB8, 0x30, 0xCF, 0x6B, 0x91, 0x6C, 0xB5, 0xE1, 0xA3, 0x1D,
    0x6A, 0x87, 0xCF, 0x17, 0xDA, 0x07, 0xA7, 0x83, 0x0D, 0x8B, 0x46, 0x97, 0x0E, 0x10, 0x5E, 0x97,
    0xE2, 0x6D, 0x26, 0x74, 0x2D, 0xAA, 0xDA, 0xA4, 0x3A, 0x20, 0x74, 0xA2, 0x00, 0xC5, 0xE2, 0xC0,
    0xA3, 0x60, 0xC8, 0x92, 0x32, 0xD8, 0x5B, 0xE1, 0x61, 0x0C, 0xAB, 0x74, 0x17, 0x76, 0x21, 0x6A,
    0x10, 0x06, 0xC1, 0x04, 0xE0, 0x24, 0xF5, 0x9C, 0x47, 0x51, 0xE0, 0x3C, 0x86, 0xA5, 0xEF, 0x52,
    0xD8, 0xF3, 0x68, 0xB4, 0x08, 0x68, 0x04, 0xAD, 0x9F, 0x85, 0x49, 0x7D, 0x4F, 0xD6, 0x73, 0x49,
    0x0F, 0x3C, 0xEA, 0x06, 0xE4, 0x85, 0xEC, 0x2E, 0x49, 0x7C, 0x65, 0x36, 0xAD, 0xCB, 0xE9, 0x5F,
    0x10, 0xE5, 0x4A, 0x00, 0x1C, 0x71, 0x3D, 0x1D, 0x34, 0x51, 0x8E, 0x43, 0xAF, 0x88, 0xD6, 0xCC,
    0xA9, 0x89, 0x7C, 0x06, 0xD6, 0x33, 0x7A, 0x53, 0x94, 0x3A, 0x60, 0x32, 0xB9, 0x21, 0xE5, 0x43,
    0xB4, 0x69, 0x69, 0xFD, 0x5A, 0x29, 0xFB, 0x49, 0xA1, 0x9C, 0x93, 0x5C, 0x41, 0x26, 0xE5, 0xD6,
    0x10, 0xB6, 0xB6, 0x0A, 0xE1, 0x21, 0x05, 0xB4, 0x9D, 0xBC, 0x15, 0xB8, 0x69, 0x1B, 0x58, 0xEC,
    0x20, 0x04, 0x85, 0x60, 0x46, 0x7B, 0x58, 0x83, 0xAC, 0xA9, 0xD2, 0x89, 0x68, 0x10, 0xC1, 0x63,
    0x0D, 0x2C, 0x56, 0x47, 0xA5, 0x19, 0xC4, 0x66, 0xAA, 0xD9, 0xC3, 0xFE, 0x89, 0x44, 0x74, 0xF3,
    0x70, 0x16, 0x13, 0x3F, 0xFA, 0xAC, 0x51, 0x80, 0xB7, 0x5E, 0x3A, 0x55, 0x20, 0xD3, 0xD0, 0x67,
    0x1C, 0xC4, 0x80, 0x7E, 0xC8, 0xBC, 0x49, 0x0D, 0x5C, 0x26, 0x40, 0xEE, 0x0C, 0x18, 0xFC, 0x27,
    0xC0, 0x11, 0xF3, 0xA7, 0xFF, 0x49, 0x76, 0x65, 0x78, 0x09, 0x33, 0x59, 0x7F, 0xC4, 0x4E, 0xA6,
    0x68, 0xF8, 0x56, 0x85, 0x13, 0x65, 0x70, 0xAF, 0x4C, 0xBB, 0x0D, 0x1B, 0x3A, 0x43, 0x54, 0x4C,
    0x44, 0xAE, 0x93, 0x1D, 0xA3, 0x9A, 0x6E, 0x96, 0x36, 0xA2, 0x4C, 0x91, 0x08, 0x90, 0x2C, 0x1A,
    0xFB, 0x75, 0x89, 0x4F, 0x40, 0x15, 0xEF, 0x66, 0x55, 0xA3, 0xBA, 0xBC, 0xB9, 0x8C, 0xAC, 0x69,
    0x81, 0x9C, 0x65, 0x23, 0xFD, 0x42, 0x30, 0x44, 0xF2, 0x69, 0x29, 0x96, 0xD4, 0x8B, 0x58, 0xCA,
    0x3E, 0x45, 0x3D, 0x0E, 0x65, 0x85, 0xBB, 0x40, 0x7C, 0xCD, 0xD9, 0x49, 0x2C, 0xA5, 0xB3, 0x6B,
    0x66, 0x4D, 0x67, 0x02, 0xFE, 0x16, 0x65, 0x7D, 0xCA, 0x12, 0x3A, 0xD2, 0x00, 0x2E, 0x2B, 0x27,
    0x9F, 0xF8, 0x29, 0x62, 0x16, 0x47, 0x6C, 0x0E, 0x70, 0x73, 0xB7, 0x44, 0xC0, 0xEE, 0x32, 0xDA,
    0xAD, 0x39, 0x32, 0xDF, 0xF0, 0x2F, 0x51, 0xC8, 0xA4, 0xE3, 0x27, 0xD0, 0x9B, 0x5D, 0xA7, 0x76,
    0xF1, 0x4E, 0xE2, 0xA8, 0x5F, 0xCE, 0xE9, 0xE8, 0x8F, 0x05, 0x1D, 0xFC, 0x26, 0xA5, 0x9F, 0x7E,
    0xC2, 0x0C, 0x1D, 0x47, 0x06, 0xD1, 0xFC, 0xE3, 0x7F, 0x90, 0xF5, 0xE4, 0x1F, 0xC9, 0x39, 0x91,
    0x34, 0xBC, 0x23, 0xF2, 0x41, 0x0B, 0x6A, 0x9D, 0xF2, 0x9A, 0x56, 0xFA, 0xAE, 0x4E, 0xA7, 0x09,
    0x41, 0x0B, 0x60, 0x0C, 0x2C, 0xCF, 0xF8, 0x9A, 0x55, 0x0D, 0xEB, 0xB2, 0xB7, 0x44, 0x8C, 0x4A,
    0xBA, 0x34, 0xEE, 0xF3, 0x19, 0x55, 0x62, 0xA9, 0x18, 0xA9, 0x1E, 0x99, 0x1E, 0x89, 0xDE, 0xC9,
    0xC7, 0x7E, 0x3E, 0xAA, 0x73, 0xFF, 0x8B, 0x9C, 0xEE, 0xFD, 0x03, 0x29, 0x3D, 0xB7, 0x17, 0x69,
    0x16, 0xF1, 0xCD, 0x53, 0x9C, 0xC2, 0x87, 0x05, 0x27, 0x60, 0x72, 0x60, 0x0C, 0x77, 0x81, 0xC9,
    0x07, 0x26, 0x2F, 0x49, 0xA8, 0xCD, 0x43, 0x34, 0x82, 0x25, 0x11, 0xB4, 0x0A, 0x0A, 0x51, 0x0B,
    0xC4, 0x2C, 0x91, 0x84, 0xBE, 0x64, 0xCD, 0xA9, 0x3A, 0xD2, 0x51, 0x0C, 0xFA, 0xA7, 0x18, 0x41,
    0xA4, 0xEA, 0x42, 0x87, 0xC8, 0x71, 0x45, 0x88, 0x3C, 0x14, 0xA2, 0xA4, 0x88, 0xE9, 0xBE, 0x8E,
    0x8F, 0x4E, 0xC1, 0x39, 0xD0, 0xA9, 0x90, 0x3F, 0xAB, 0x5E, 0xEE, 0xC6, 0xDF, 0xCF, 0xC5, 0xDE,
    0xFF, 0xA4, 0x32, 0xFC, 0x24, 0xF5, 0xBA, 0x27, 0x51, 0xD0, 0xDB, 0x87, 0x8B, 0x98, 0xFC, 0x13,
    0x93, 0xA7, 0x69, 0x93, 0x83, 0x5C, 0xC6, 0x84, 0x0C, 0xC6, 0x35, 0x99, 0x09, 0xD4, 0xC3, 0xC7,
    0xE8, 0x62, 0xBD, 0xBE, 0x0E, 0xA7, 0x8A, 0x12, 0x00, 0x73, 0xCC, 0xDC, 0x64, 0x0A, 0x67, 0x55,
    0xFE, 0x7B, 0xD5, 0x80, 0xC6, 0x09, 0xC5, 0x80, 0x0C, 0x72, 0x27, 0x22, 0x83, 0x72, 0xCA, 0x19,
    0x9F, 0x91, 0x7C, 0xA4, 0x89, 0x69, 0x09, 0x24, 0x38, 0x79, 0xE2, 0xA6, 0x7D, 0x11, 0xF5, 0x25,
    0xCB, 0x1C, 0x22, 0xD5, 0x05, 0x2B, 0x6C, 0xB2, 0x43, 0xDF, 0x04, 0xAC, 0xE0, 0x55, 0x96, 0xF2,
    0x23, 0xBB, 0x14, 0xA9, 0x53, 0x34, 0x01, 0x70, 0x9D, 0x52, 0xFA, 0x48, 0xBF, 0x33, 0x4D, 0xE5,
    0xFC, 0xE5, 0xB3, 0xD5, 0x06, 0xF9, 0x4F, 0x91, 0x8D, 0xDC, 0xEA, 0xDB, 0x52, 0xA7, 0x9C, 0x70,
    0xEB, 0x33, 0x8C, 0x1A, 0x58, 0x58, 0x1F, 0xDC, 0x24, 0xCE, 0xA1, 0x1C, 0xDF, 0x9C, 0x5B, 0x88,
    0x71, 0x37, 0x6E, 0xA5, 0xC2, 0xBD, 0x11, 0x49, 0x21, 0xA8, 0x85, 0x18, 0x87, 0x48, 0x45, 0x1D,
    0xE8, 0x00, 0x49, 0x13, 0x91, 0x29, 0x24, 0x4D, 0x04, 0x62, 0x1E, 0x0C, 0xFF, 0x26, 0xE7, 0x87,
    0xD2, 0xE8, 0xDD, 0x0B, 0x8C, 0x91, 0x24, 0x17, 0xB8, 0x65, 0xE3, 0x46, 0x90, 0x03, 0x18, 0x1A,
    0xC2, 0x4C, 0xC3, 0x94, 0x85, 0x42, 0x7D, 0x43, 0xEC, 0xD1, 0x5C, 0xE8, 0x35, 0x34, 0x6A, 0x54,
    0x41, 0x86, 0x05, 0xC9, 0x3B, 0x37, 0xA9, 0x8B, 0x3D, 0xC3, 0x96, 0xD4, 0xAC, 0x2D, 0xEE, 0x60,
    0xC0, 0x67, 0x93, 0xBD, 0x3E, 0x0D, 0x7E, 0xC6, 0xFA, 0x2E, 0xB9, 0xB2, 0xA5, 0xB3, 0x34, 0xD0,
    0xE2, 0x28, 0x50, 0xC1, 0xF6, 0x09, 0x93, 0x16, 0x9C, 0xDC, 0xE7, 0xD2, 0x36, 0x37, 0x83, 0x6B,
    0xC8, 0xFF, 0x03, 0xFB, 0x2C, 0xC0, 0x64, 0xA3, 0xB1, 0x8E, 0x08, 0x20, 0xD5, 0xDA, 0x47, 0x63,
    0x49, 0x99, 0x47, 0x4A, 0x57, 0xC7, 0x5C, 0xE8, 0x00, 0x53, 0x03, 0x81, 0x88, 0x30, 0x73, 0xAB,
    0x6A, 0x9D, 0x44, 0x71, 0xF4, 0x60, 0x15, 0x32, 0x12, 0xC6, 0x6C, 0x39, 0x64, 0xCF, 0x3E, 0x95,
    0x59, 0x91, 0x9F, 0x38, 0xCC, 0xE7, 0x6E, 0xE4, 0xA4, 0x42, 0x40, 0x79, 0xB2, 0x51, 0x9E, 0x07,
    0xE5, 0x05, 0x6D, 0xCD, 0x3E, 0xC3, 0x3E, 0x07, 0x7B, 0x1C, 0xF2, 0xD3, 0xFF, 0xA5, 0x8B, 0x3D,
    0x3F, 0xC0, 0xF3, 0xA8, 0xC7, 0x3E, 0x7D, 0x74, 0x8A, 0xDD, 0xE2, 0x3C, 0xC3, 0x53, 0xE5, 0x1A,
    0x97, 0xF9, 0xCD, 0x29, 0x5C, 0xC8, 0x96, 0xF7, 0x16, 0xD0, 0x6B, 0x93, 0x33, 0xCD, 0x1E, 0xB9,
    0x58, 0x20, 0x67, 0xD6, 0x48, 0x5C, 0xE2, 0x0E, 0xB8, 0xDA, 0x63, 0x0A, 0x5C, 0xE4, 0x00, 0xFF,
    0xC7, 0x34, 0x5C, 0x22, 0x79, 0xC1, 0x13, 0x4F, 0x27, 0x80, 0x02, 0xD8, 0x46, 0x55, 0x81, 0x58,
    0x89, 0x00, 0xDC, 0x6F, 0x7C, 0x1D, 0xA1, 0x2B, 0x05, 0xF5, 0xB3, 0xA3, 0x89, 0xA6, 0x25, 0x01,
    0xD5, 0x0B, 0x4E, 0x04, 0x8C, 0x88, 0xEA, 0x9A, 0x8B, 0xBC, 0x9F, 0xF6, 0x9E, 0x42, 0x5B, 0x23,
    0xB2, 0x3F, 0x66, 0x30, 0x3D, 0x41, 0xB1, 0x7A, 0x2B, 0x77, 0xEF, 0x5C, 0xCF, 0x45, 0x0D, 0xF7,
    0xE1, 0xD1, 0x42, 0xE5, 0x01, 0xC3, 0x06, 0xBA, 0x00, 0x9D, 0xC3, 0x81, 0xA1, 0x60, 0xC4, 0x10,
    0xAE, 0x6D, 0x9C, 0x72, 0xE3, 0x5C, 0x02, 0x84, 0x95, 0x79, 0x3D, 0xD7, 0x2D, 0x5C, 0x36, 0x30,
    0xCF, 0xEC, 0xC2, 0xDA, 0x09, 0x5B, 0xDB, 0xD6, 0x8C, 0x84, 0x7B, 0x04, 0xAA, 0xA9, 0x17, 0x2F,
    0x10, 0xF9, 0x50, 0xE2, 0x03, 0x12, 0x80, 0x68, 0x4B, 0xAE, 0x2B, 0x7D, 0xCC, 0xD3, 0x89, 0x0C,
    0x33, 0x01, 0x8B, 0x2E, 0x73, 0x04, 0xC2, 0x64, 0x5D, 0x31, 0x60, 0xBA, 0x76, 0x21, 0x2C, 0xA0,
    0x73, 0x0E, 0x2F, 0xC1, 0xA8, 0xE5, 0x0C, 0x94, 0x83, 0x31, 0xAC, 0xD2, 0xB1, 0x12, 0xEF, 0x71,
    0x3A, 0xD6, 0x2D, 0x96, 0x0D, 0x88, 0x4C, 0xB5, 0xAC, 0x0C, 0xA5, 0xF0, 0xC9, 0x5E, 0x80, 0xD1,
    0x99, 0xE2, 0x76, 0xC6, 0xA4, 0xE7, 0x8A, 0x26, 0xEF, 0x17, 0x48, 0x03, 0x74, 0xB3, 0x82, 0xBE,
    0x65, 0xC1, 0x65, 0x63, 0xA2, 0x99, 0x21, 0x14, 0xA5, 0x31, 0x49, 0x0F, 0x2C, 0xC4, 0xFD, 0x9C,
    0x89, 0x5F, 0x0F, 0xA9, 0x6D, 0x6E, 0x97, 0x57, 0xA1, 0x11, 0x4E, 0x5B, 0x9C, 0x04, 0x0B, 0xDD,
    0x3E, 0x51, 0x57, 0x6D, 0xCD, 0xC5, 0x96, 0xEC, 0xB0, 0x73, 0x5D, 0xA3, 0xD1, 0x48, 0x4D, 0x99,
    0xCF, 0x36, 0x4C, 0x8A, 0x59, 0xAC, 0x48, 0xDD, 0xA5, 0xB5, 0x40, 0x91, 0x23, 0xEF, 0xE4, 0x80,
    0xA1, 0xD1, 0xCC, 0x08, 0xB5, 0xE3, 0x79, 0xEC, 0x91, 0x3F, 0x60, 0x7F, 0xB0, 0xD8, 0xA2, 0xA9,
    0x06, 0x39, 0xA0, 0xFB, 0x1B, 0x95, 0x22, 0x17, 0x01, 0x51, 0xCF, 0xEF, 0x7A, 0x9C, 0x75, 0x5B,
    0x44, 0x87, 0x6B, 0x7E, 0x44, 0x23, 0x4C, 0xE9, 0xB1, 0x80, 0x43, 0xA5, 0x37, 0xA7, 0x23, 0x3C,
    0xF3, 0x15, 0x9E, 0xF9, 0x02, 0x5B, 0x3D, 0x41, 0x41, 0x7C, 0x7C, 0x07, 0xEC, 0x09, 0x4E, 0xB2,
    0x2F, 0x74, 0xE7, 0x63, 0xCE, 0x9D, 0x0F, 0x10, 0x75, 0xAB, 0x38, 0x02, 0xD0, 0xB9, 0xAE, 0x2C,
    0xC9, 0xF9, 0xB0, 0x20, 0xF7, 0xE7, 0x4B, 0x2E, 0x20, 0x23, 0x59, 0xDF, 0x89, 0x24, 0x22, 0x58,
    0x4B, 0x88, 0xA8, 0x8D, 0xE7, 0x3B, 0x78, 0x3E, 0x64, 0x62, 0xFF, 0x02, 0x26, 0xA4, 0x57, 0x0D,
    0xDB, 0x76, 0x20, 0x92, 0x63, 0xF4, 0x73, 0xE9, 0xE4, 0xF4, 0x86, 0xE6, 0xF7, 0x7D, 0xED, 0xBF,
    0x36, 0x5D, 0x30, 0x05, 0x92, 0x1D, 0x41, 0xC4, 0x63, 0x2D, 0x26, 0x0C, 0x6E, 0x14, 0xBC, 0x63,
    0xE8, 0xBD, 0xD0, 0xBE, 0xDA, 0x34, 0xAE, 0x26, 0xC3, 0xA6, 0x92, 0x90, 0xDC, 0x24, 0x2A, 0x4F,
    0x77, 0x16, 0xD5, 0xAA, 0xB3, 0x58, 0x35, 0x9D, 0xC5, 0x15, 0x11, 0xB5, 0x61, 0x4B, 0x97, 0xBB,
    0x5A, 0xB7, 0x91, 0x90, 0xAF, 0x63, 0x38, 0x4B, 0x14, 0xD1, 0x75, 0xE4, 0x89, 0x1B, 0x69, 0x80,
    0x12, 0x3A, 0x6C, 0xB9, 0x39, 0x22, 0x7B, 0x14, 0x83, 0xAB, 0x65, 0x00, 0xAF, 0x29, 0xB8, 0x60,
    0xE7, 0x4A, 0x37, 0x27, 0x22, 0x53, 0x5A, 0x89, 0xC8, 0x87, 0x49, 0x7A, 0xB5, 0xA4, 0x3E, 0x38,
    0x59, 0x68, 0x2F, 0x9A, 0xF2, 0x2A, 0xA3, 0xC1, 0x15, 0x64, 0x3A, 0x26, 0x47, 0x0C, 0xC1, 0xD3,
    0x59, 0x76, 0x5A, 0x66, 0xB3, 0x5E, 0x85, 0x92, 0x6D, 0x3B, 0xCB, 0x56, 0xC0, 0x28, 0xAA, 0x39,
    0x02, 0xE1, 0xA7, 0x0A, 0x46, 0xC9, 0xA0, 0x96, 0x8C, 0x49, 0x3E, 0x57, 0x18, 0x80, 0x67, 0xC6,
    0xF5, 0x12, 0x34, 0xF6, 0x2B, 0x68, 0x8C, 0x5B, 0x02, 0xA0, 0x7B, 0xA8, 0x94, 0xB5, 0xD6, 0xB0,
    0xDF, 0x88, 0x98, 0x33, 0x84, 0xD0, 0xB6, 0x29, 0x91, 0xE0, 0xA0, 0x80, 0x7B, 0xC0, 0xE1, 0x0F,
    0xF3, 0x02, 0x65, 0x2A, 0x18, 0xD9, 0x70, 0x45, 0x7A, 0x1D, 0xBE, 0xED, 0xE1, 0x01, 0xE0, 0x8D,
    0xDC, 0x6A, 0xED, 0x16, 0x60, 0xB6, 0xA9, 0x9D, 0xFB, 0x08, 0xC3, 0x43, 0x94, 0x4F, 0x35, 0xB9,
    0x6F, 0x7F, 0x46, 0xC2, 0xFD, 0x11, 0xAA, 0x80, 0x0E, 0xB5, 0x3A, 0x28, 0x5D, 0x0E, 0xF6, 0x28,
    0x28, 0x0F, 0x50, 0xA9, 0x1F, 0x21, 0x2D, 0x2B, 0x3A, 0x44, 0x76, 0x9C, 0x58, 0x90, 0xDD, 0x6E,
    0x3A, 0x2B, 0x1C, 0xEE, 0xB8, 0x22, 0xE4, 0xFE, 0x1B, 0xC8, 0x54, 0xB9, 0x21, 0x53, 0x1A, 0x4C,
    0x15, 0x37, 0xEA, 0x34, 0x74, 0x93, 0x2D, 0xE8, 0x2A, 0x11, 0xCD, 0x7A, 0x29, 0x58, 0xA7, 0xFF,
    0xDB, 0xA2, 0xF1, 0x61, 0x88, 0x76, 0xB5, 0xF1, 0x6B, 0xA8, 0x1F, 0xDE, 0xCA, 0x7E, 0xBD, 0x84,
    0xBF, 0x14, 0x12, 0x01, 0xD8, 0x5A, 0xE1, 0xDF, 0x29, 0x62, 0x3F, 0x47, 0xB8, 0x99, 0x7E, 0x69,
    0x9E, 0x8C, 0x40, 0x70, 0xA1, 0x36, 0xC1, 0xED, 0x26, 0xA4, 0x86, 0xCA, 0xA7, 0x49, 0x97, 0xE2,
    0x75, 0x5E, 0x38, 0xB7, 0xE6, 0x7D, 0x08, 0x53, 0xDE, 0x06, 0x41, 0xB9, 0xBE, 0x68, 0x6A, 0xDE,
    0x1C, 0x11, 0xB6, 0x80, 0x13, 0x40, 0x95, 0x88, 0xAA, 0xEB, 0x9A, 0xF7, 0x26, 0x07, 0x2D, 0x98,
    0x5F, 0xF5, 0xC8, 0x34, 0x24, 0x78, 0xBE, 0x64, 0x82, 0x43, 0xE2, 0x17, 0x5D, 0x92, 0x37, 0x26,
    0x80, 0x0F, 0xB7, 0xA0, 0x0A, 0xBD, 0x46, 0xA0, 0xE7, 0xDF, 0xDB, 0x10, 0x9C, 0xED, 0x18, 0xA3,
    0xFB, 0x54, 0x18, 0xDF, 0xD4, 0xA7, 0x32, 0xFD, 0x57, 0xAD, 0x55, 0xA6, 0xEE, 0x4C, 0x81, 0x69,
    0x55, 0x3A, 0x3B, 0xB5, 0xC2, 0xA7, 0x39, 0xAD, 0x76, 0x02, 0x5F, 0x2F, 0x16, 0xAC, 0x78, 0x53,
    0x7C, 0x4E, 0x53, 0xAC, 0x09, 0x77, 0x98, 0xA8, 0x1B, 0x23, 0xE7, 0x85, 0xBB, 0x55, 0x53, 0xCC,
    0xE6, 0xA6, 0xAC, 0xBA, 0x62, 0xA9, 0xAB, 0xA4, 0xE4, 0x0D, 0x30, 0xC0, 0xD4, 0xAF, 0xA3, 0x43,
    0x3B, 0xC7, 0x14, 0xA4, 0x83, 0x51, 0x9D, 0xBE, 0xC6, 0x09, 0x71, 0x69, 0xD7, 0x0B, 0xC7, 0x58,
    0xAD, 0xD1, 0x3B, 0x77, 0x65, 0x7D, 0x6B, 0xD6, 0xA5, 0x49, 0x9F, 0x12, 0x5D, 0xC9, 0xC6, 0xA8,
    0x64, 0x19, 0xD5, 0x88, 0x4C, 0x3E, 0x87, 0x79, 0xF9, 0x25, 0x77, 0x66, 0x58, 0xFE, 0x75, 0x39,
    0xAB, 0xC9, 0x81, 0x6F, 0xAB, 0x2E, 0x55, 0x8D, 0xD3, 0x13, 0xF3, 0x20, 0x3C, 0x6F, 0x23, 0xE5,
    0xCE, 0x2E, 0xD1, 0x19, 0xFB, 0x8C, 0x3B, 0x63, 0x8F, 0xB9, 0x33, 0xF6, 0x08, 0xE7, 0x44, 0x3C,
    0x26, 0x0E, 0xB0, 0xA0, 0xDB, 0x48, 0x68, 0xA1, 0x74, 0x9B, 0xA8, 0xD1, 0x7C, 0xE3, 0xB0, 0xC9,
    0xFB, 0x5F, 0xA2, 0xE0, 0x50, 0x28, 0x38, 0x4E, 0x53, 0xC2, 0x4B, 0x75, 0xDA, 0x7A, 0x9B, 0x4E,
    0x1B, 0xDF, 0x28, 0xC4, 0x8D, 0xD1, 0x43, 0x73, 0xC7, 0x71, 0x91, 0x42, 0x86, 0x4C, 0xA5, 0x75,
    0x44, 0xC8, 0xB7, 0x17, 0xEA, 0x8E, 0x0D, 0x9A, 0xEE, 0x18, 0xC4, 0x4B, 0xA0, 0xD2, 0x31, 0x92,
    0x78, 0xB5, 0x42, 0x98, 0x1E, 0xE6, 0x38, 0x4E, 0xD1, 0xC5, 0x1A, 0x33, 0xE8, 0x0C, 0xCC, 0x15,
    0x6B, 0x88, 0x89, 0x89, 0xD0, 0xBC, 0x96, 0xC7, 0xB8, 0x62, 0x03, 0x40, 0x7F, 0x21, 0x38, 0x42,
    0x6C, 0x9F, 0x9E, 0x6B, 0x9A, 0x75, 0x76, 0x89, 0xEA, 0x38, 0xB7, 0x3F, 0x45, 0xD2, 0xF9, 0x08,
    0xC4, 0xE8, 0x23, 0xA5, 0x8B, 0x43, 0xC1, 0x05, 0xCF, 0xB0, 0x24, 0x09, 0x93, 0x79, 0x07, 0x15,
    0x0E, 0x36, 0x5E, 0xB7, 0x70, 0xB9, 0x5B, 0x66, 0x5A, 0x56, 0x38, 0xC3, 0x47, 0x5D, 0x72, 0xFF,
    0x7D, 0x4C, 0xE2, 0xFD, 0xB2, 0x29, 0x92, 0x72, 0xF2, 0x7F, 0x50, 0x92, 0xF7, 0x3D, 0x45, 0xC1,
    0x3B, 0x33, 0x3C, 0x9D, 0xE8, 0x2A, 0x99, 0x2B, 0x22, 0x20, 0x32, 0x95, 0xF3, 0x01, 0xF9, 0x73,
    0xC8, 0xFB, 0x04, 0x39, 0xF5, 0xB1, 0xCE, 0xF6, 0xBA, 0xB6, 0xE5, 0xCE, 0x0D, 0x52, 0x29, 0x79,
    0x90, 0x35, 0xE0, 0xE4, 0xC6, 0x6D, 0x23, 0x6E, 0x1F, 0x61, 0xBE, 0xB9, 0xB5, 0xF1, 0x91, 0x66,
    0x12, 0x1A, 0x82, 0x69, 0xBB, 0x77, 0x00, 0xBF, 0x0F, 0xB6, 0x92, 0x22, 0xC7, 0x4C, 0x71, 0x3A,
    0x29, 0xFA, 0x4A, 0x46, 0x3D, 0x35, 0x80, 0x7F, 0x4C, 0x40, 0x18, 0x81, 0xCA, 0x13, 0x24, 0x97,
    0xCF, 0x23, 0x1D, 0xD7, 0x39, 0x25, 0x48, 0x38, 0xAC, 0x84, 0xB5, 0x3C, 0xC9, 0x73, 0x23, 0x13,
    0x7F, 0x31, 0x9F, 0x33, 0xDF, 0xB0, 0x48, 0x86, 0x1F, 0x56, 0xCE, 0x49, 0xE1, 0xFE, 0x37, 0x89,
    0x39, 0xAB, 0x53, 0xCE, 0xB8, 0x6F, 0x15, 0x30, 0xAF, 0x8C, 0xA0, 0xCD, 0x98, 0x03, 0xFD, 0xB9,
    0x3D, 0x9C, 0x5C, 0x37, 0xD7, 0xC1, 0x11, 0x44, 0x2A, 0x49, 0x6E, 0xB5, 0x90, 0x4C, 0x7D, 0x33,
    0xC4, 0xF7, 0xC3, 0x67, 0xF8, 0x0B, 0xF4, 0x88, 0xE2, 0x0F, 0xF4, 0x54, 0xD7, 0x0C, 0x21, 0xC8,
    0xB1, 0x5F, 0x6F, 0xC7, 0xDC, 0x6A, 0xEC, 0x18, 0x5A, 0x56, 0xB2, 0xD5, 0xC6, 0xC8, 0x56, 0x95,
    0xB3, 0x68, 0x7A, 0x30, 0xA8, 0xBA, 0x75, 0x44, 0xE3, 0x12, 0x0B, 0x86, 0x5B, 0x9E, 0x2E, 0x21,
    0x75, 0x71, 0x99, 0x35, 0xDD, 0x38, 0x26, 0x32, 0x43, 0xF0, 0xB2, 0x11, 0xE2, 0xE7, 0x18, 0xBF,
    0x43, 0x40, 0xC3, 0xCF, 0x7C, 0x7D, 0xB7, 0x57, 0x52, 0x1F, 0x5A, 0x66, 0x25, 0x70, 0xDA, 0x1F,
    0xC3, 0x17, 0xB8, 0xDA, 0x61, 0x9A, 0xC6, 0x68, 0xA6, 0x12, 0x3B, 0x7F, 0x0C, 0xDE, 0xF7, 0xB0,
    0xA1, 0x0C, 0xB7, 0x16, 0xE4, 0xDE, 0xA8, 0x49, 0x88, 0x1F, 0x72, 0x65, 0x11, 0xB5, 0x5A, 0x20,
    0x42, 0x6D, 0x11, 0x75, 0x50, 0x4E, 0x85, 0x38, 0xC2, 0x5E, 0xDC, 0x35, 0x87, 0xB3, 0x66, 0x86,
    0x2B, 0x48, 0x93, 0x4B, 0xAC, 0x25, 0x69, 0xBA, 0xE1, 0xDE, 0x02, 0xC0, 0x74, 0xF2, 0xE6, 0xB1,
    0xA0, 0x96, 0x5B, 0xC3, 0xD5, 0xF7, 0xA3, 0x40, 0xA2, 0x70, 0xC2, 0x7A, 0x21, 0xCA, 0xEC, 0x38,
    0x58, 0xF5, 0xDA, 0x93, 0xC6, 0x62, 0xDC, 0x2C, 0x5C, 0x6A, 0x9E, 0xCA, 0x1D, 0x6A, 0x4D, 0x3F,
    0xDE, 0x86, 0x5D, 0x90, 0x0C, 0xFB, 0x5D, 0x4F, 0xEF, 0x1B, 0xA2, 0x24, 0x0F, 0x33, 0x54, 0x36,
    0x47, 0x80, 0xA9, 0x1A, 0xD3, 0xE0, 0x4F, 0x6A, 0x93, 0xCC, 0x59, 0xD7, 0xC3, 0xC8, 0x78, 0x07,
    0x3B, 0x42, 0xAF, 0xB0, 0x41, 0x5F, 0x81, 0xDA, 0xEB, 0x55, 0x20, 0xE7, 0x61, 0x3F, 0xD8, 0x0B,
    0x83, 0xF8, 0x20, 0x0C, 0xB3, 0xA4, 0xFF, 0x2B, 0x10, 0x92, 0x82, 0x91, 0x19, 0xEA, 0xFB, 0x28,
    0xA9, 0x7B, 0x64, 0x17, 0xEC, 0x9E, 0x56, 0x67, 0xBA, 0xA7, 0x57, 0x10, 0x30, 0xD8, 0xD7, 0x56,
    0x7E, 0xE7, 0xA7, 0x17, 0x2B, 0x9B, 0xC9, 0xC4, 0xF9, 0x23, 0xD2, 0xD7, 0x78, 0x17, 0xEB, 0xBE,
    0xE6, 0xFC, 0xD9, 0x6E, 0x35, 0x5E, 0xAC, 0xF6, 0xD6, 0xAD, 0x4D, 0xD4, 0xDE, 0x7C, 0xF5, 0xD6,
    0xC2, 0x68, 0x63, 0x74, 0x9A, 0xDE, 0x78, 0xA0, 0x3D, 0x98, 0x01, 0xC4, 0x2D, 0x78, 0x09, 0x43,
    0x8A, 0x7F, 0x86, 0xF2, 0x67, 0x0D, 0x63, 0xCD, 0xD7, 0x44, 0x5B, 0x37, 0x72, 0x65, 0x53, 0x48,
    0xC2, 0x39, 0xC6, 0x56, 0x39, 0xD6, 0x6C, 0x21, 0x36, 0xA8, 0xC6, 0x42, 0x31, 0xF7, 0x62, 0x51,
    0x3E, 0xF8, 0x9A, 0x29, 0x78, 0x5B, 0x49, 0x4F, 0xEA, 0x0E, 0x08, 0xFB, 0x8C, 0xAF, 0xC1, 0xEB,
    0xA6, 0x28, 0xCD, 0x1E, 0xE2, 0x80, 0x9F, 0xA4, 0x64, 0xFD, 0x01, 0x0B, 0xCE, 0x39, 0xC3, 0x15,
    0x7A, 0x9C, 0x25, 0xF9, 0x9A, 0xCF, 0xF1, 0x95, 0xD3, 0xFA, 0x32, 0x2B, 0x03, 0x5B, 0x2F, 0x0D,
    0x50, 0x4F, 0x52, 0xB2, 0x3F, 0xC7, 0xB3, 0xF3, 0xCD, 0x3D, 0xEA, 0xA9, 0xEB, 0x9D, 0x5C, 0xE3,
    0xAB, 0xD2, 0xAE, 0xDF, 0xC7, 0x09, 0xBA, 0x7E, 0x43, 0x72, 0x61, 0x46, 0xC1, 0x80, 0xCB, 0x4D,
    0x5B, 0x9A, 0xAB, 0x86, 0xA6, 0xC6, 0x17, 0xE9, 0x18, 0xDA, 0x3A, 0xC4, 0xB4, 0xFE, 0x33, 0x3D,
    0x55, 0x8B, 0x33, 0x3B, 0x98, 0x25, 0x8D, 0xF9, 0x5C, 0x95, 0x99, 0xCB, 0x68, 0xE9, 0x61, 0x4C,
    0xC1, 0xB9, 0x91, 0xA8, 0xDC, 0x0F, 0x99, 0x41, 0x00, 0xB4, 0x1A, 0x26, 0x5B, 0xFD, 0x58, 0xB0,
    0xD1, 0xDE, 0xD2, 0x83, 0x6C, 0x01, 0xE4, 0x0A, 0xF5, 0x70, 0xD3, 0x18, 0xE7, 0x33, 0x8E, 0xDA,
    0xC2, 0x68, 0x43, 0xF8, 0x4E, 0xE3, 0xA8, 0x7B, 0x18, 0x60, 0x5F, 0x28, 0xDA, 0xB6, 0x0E, 0xE3,
    0x60, 0x1F, 0x6E, 0x9F, 0xCF, 0x92, 0xBA, 0x1A, 0x83, 0x40, 0xF3, 0x2D, 0xAB, 0xA5, 0xFA, 0x36,
    0x93, 0x2E, 0x78, 0x36, 0xCC, 0x91, 0xF8, 0x39, 0x4A, 0x50, 0xF9, 0xEB, 0x0D, 0x7A, 0xBA, 0xAB,
    0x96, 0x25, 0x98, 0x3F, 0x0C, 0x97, 0x59, 0x65, 0x66, 0x17, 0x13, 0xC4, 0x0A, 0x2E, 0x64, 0xB6,
    0xC0, 0x04, 0xB3, 0xF5, 0x56, 0xFF, 0x6E, 0x31, 0x4A, 0xCE, 0x34, 0x2E, 0xDE, 0xE5, 0xC6, 0x45,
    0x21, 0x36, 0x0D, 0xEF, 0x82, 0xE1, 0xC8, 0x5B, 0x70, 0x4B, 0x1F, 0xF5, 0x6F, 0xC8, 0x1B, 0x01,
    0x05, 0xDC, 0xAF, 0xCA, 0x8E, 0x54, 0x55, 0xAA, 0x07, 0x5F, 0xF0, 0x14, 0x2E, 0x97, 0x80, 0xCF,
    0xDB, 0xA9, 0xB3, 0xDF, 0xAC, 0x7F, 0x6A, 0xE5, 0x77, 0x54, 0xF2, 0x4B, 0x6E, 0x89, 0x88, 0xBF,
    0x16, 0xD6, 0x71, 0x6E, 0x1F, 0x37, 0x10, 0x67, 0xFC, 0x97, 0xB4, 0x61, 0x31, 0xA6, 0xAB, 0x10,
    0x4D, 0x7C, 0x84, 0x03, 0x0A, 0x75, 0x3F, 0x3E, 0xD4, 0x2C, 0x26, 0xE3, 0x4B, 0x9D, 0xA3, 0xD3,
    0x2E, 0x03, 0xF7, 0xAE, 0x2B, 0x91, 0xCE, 0x4C, 0x57, 0xCC, 0x27, 0x04, 0xAC, 0xAC, 0xAF, 0xBB,
    0x62, 0x89, 0xC6, 0x6D, 0x85, 0x87, 0x38, 0xCA, 0x70, 0xD3, 0x6B, 0xE0, 0xD3, 0x3B, 0xD0, 0xA5,
    0x42, 0x41, 0xF2, 0xA7, 0x52, 0x42, 0xE7, 0x4B, 0xD8, 0x6A, 0xB1, 0xE6, 0x0C, 0xEB, 0x51, 0xA4,
    0x58, 0x17, 0x3F, 0x9C, 0x46, 0x06, 0x70, 0xDC, 0xED, 0x3D, 0x94, 0xF4, 0x26, 0x22, 0xE9, 0x01,
    0xE6, 0x1E, 0x96, 0x87, 0xBA, 0x87, 0x2F, 0xEA, 0x7B, 0xC6, 0x54, 0xE5, 0x1B, 0xBA, 0x05, 0x41,
    0xA3, 0x82, 0x5E, 0x7C, 0xAF, 0xF4, 0xD9, 0x22, 0xF8, 0x52, 0x7B, 0x97, 0xA7, 0x5F, 0x23, 0xD8,
    0xE5, 0xFD, 0x04, 0xBA, 0xFF, 0x26, 0x4B, 0x90, 0x99, 0x0A, 0xDF, 0x60, 0xDE, 0x30, 0xE8, 0x97,
    0x77, 0x3F, 0x6A, 0xE5, 0xF7, 0x91, 0xCE, 0x21, 0x34, 0x6F, 0x78, 0xA8, 0x57, 0xBF, 0x6C, 0xDB,
    0xD9, 0x02, 0x13, 0x01, 0xFB, 0x4A, 0x9D, 0x62, 0xA0, 0x99, 0x93, 0x0B, 0xE6, 0x24, 0x50, 0x66,
    0x6B, 0x06, 0xC2, 0x37, 0x09, 0x10, 0xBE, 0x8B, 0xCA, 0xA8, 0xAF, 0x19, 0x4F, 0x82, 0xAF, 0x18,
    0xFF, 0x8A, 0x9B, 0xEB, 0x7F, 0x8E, 0xE0, 0x8C, 0x1F, 0x53, 0x80, 0x99, 0x2B, 0xEF, 0x49, 0xC3,
    0xBE, 0x9A, 0x52, 0xBD, 0x8E, 0x4C, 0x39, 0xE1, 0x62, 0x1D, 0xCC, 0x59, 0xF7, 0x6E, 0x57, 0xF3,
    0x11, 0x53, 0xAC, 0xD5, 0x35, 0xAB, 0x03, 0x07, 0x06, 0x18, 0x75, 0x46, 0xD4, 0xE5, 0x2C, 0x57,
    0x51, 0x67, 0x7B, 0xCC, 0x60, 0x5B, 0x40, 0x26, 0xEA, 0x5A, 0xB8, 0x60, 0x8C, 0x7A, 0xF1, 0x01,
    0x64, 0x99, 0x37, 0x46, 0x68, 0xAA, 0x37, 0x6E, 0x1D, 0x98, 0x8D, 0x1B, 0x4A, 0x83, 0x79, 0x70,
    0x21, 0xEE, 0xF6, 0x32, 0x31, 0x47, 0x01, 0x8D, 0xC7, 0x62, 0xCC, 0xCF, 0x30, 0x7F, 0x4E, 0xF7,
    0xF5, 0xFC, 0x83, 0xD3, 0xF3, 0x77, 0xB9, 0xFF, 0xD4, 0xF5, 0x8F, 0x32, 0x7D, 0x51, 0xD8, 0xFD,
    0xFC, 0x7E, 0xF6, 0xFC, 0xF9, 0xFD, 0x6C, 0x1D, 0xC8, 0x73, 0xDD, 0x5F, 0xA2, 0x45, 0xD3, 0x88,
    0xA8, 0xB6, 0x2F, 0xE7, 0x5C, 0x48, 0x22, 0x52, 0xC8, 0x12, 0xB9, 0x4C, 0x74, 0xF4, 0x05, 0x9D,
    0x61, 0x56, 0xE6, 0x06, 0x97, 0x33, 0xD5, 0x21, 0xBE, 0x3F, 0x68, 0xF4, 0x92, 0x99, 0x04, 0x65,
    0xB3, 0x2C, 0x01, 0x42, 0xA9, 0xEE, 0xC8, 0x72, 0x3B, 0x96, 0xEB, 0xCB, 0x7A, 0xF3, 0xEA, 0x09,
    0xA0, 0xC3, 0xEC, 0xCA, 0xD2, 0x61, 0x01, 0xE9, 0xEB, 0xEF, 0x69, 0x15, 0xA8, 0x12, 0x98, 0x3D,
    0xD3, 0x97, 0x79, 0xD9, 0xB3, 0x97, 0x79, 0x78, 0x72, 0xA8, 0x0B, 0xF9, 0x55, 0x36, 0x46, 0x6A,
    0x3F, 0x2F, 0x1C, 0x96, 0xA2, 0x5E, 0x05, 0x28, 0xA8, 0x65, 0x18, 0x6D, 0x8A, 0x3C, 0x84, 0x62,
    0x9A, 0xE0, 0xC8, 0x73, 0x99, 0x5B, 0xBF, 0xEB, 0xA5, 0xF6, 0xEF, 0xBE, 0x9F, 0x3A, 0xFF, 0xF5,
    0xE7, 0xC8, 0xFD, 0xF1, 0x09, 0x09, 0x79, 0xC7, 0xDC, 0xFE, 0xE1, 0xAB, 0x8D, 0xAF, 0x8E, 0xCE,
    0xC6, 0xFC, 0x35, 0xC4, 0xCC, 0xC3, 0x86, 0x78, 0xC4, 0x86, 0xC6, 0x80, 0x66, 0xE8, 0x5A, 0x82,
    0x87, 0x1A, 0x92, 0xAB, 0x46, 0x24, 0x8E, 0xFE, 0x40, 0xF2, 0xA7, 0x9F, 0x51, 0xEB, 0x5F, 0xDE,
    0xA7, 0xF6, 0x0F, 0x02, 0xEA, 0x0C, 0x3A, 0xBA, 0x39, 0xBC, 0xB7, 0x9E, 0x1F, 0x34, 0x05, 0x0C,
    0xBB, 0x69, 0xFE, 0x12, 0xBC, 0x9E, 0x9D, 0x7E, 0x5A, 0x6E, 0x5C, 0xFE, 0xC5, 0x5F, 0x44, 0xA1,
    0x57, 0x00, 0x45, 0x7E, 0x63, 0x8A, 0xA9, 0x5E, 0xF3, 0x26, 0x82, 0xBE, 0x1C, 0xE6, 0x17, 0x4C,
    0xE0, 0x09, 0x12, 0x4F, 0xF9, 0x4D, 0x15, 0x62, 0xEE, 0xFC, 0x0D, 0x92, 0x06, 0xAE, 0xA1, 0xB2,
    0xFA, 0xAA, 0x8D, 0xD4, 0x11, 0x20, 0x0F, 0xFF, 0x2C, 0xD5, 0xA6, 0x79, 0xB8, 0x83, 0x4C, 0xE7,
    0xB5, 0x77, 0x2F, 0x2D, 0xD3, 0x14, 0x2E, 0x07, 0xF8, 0x3B, 0xBF, 0x87, 0x8E, 0xA1, 0xC8, 0x16,
    0x14, 0xD9, 0x81, 0xDA, 0x0E, 0xF8, 0xA5, 0x93, 0x3A, 0xB5, 0x3E, 0x6E, 0x02, 0x41, 0x6D, 0x68,
    0x71, 0xC0, 0x9D, 0x37, 0x51, 0x03, 0xAF, 0xA0, 0xF4, 0xA8, 0x63, 0xE4, 0xBC, 0x8E, 0xBE, 0x3D,
    0x7C, 0x84, 0x14, 0x0C, 0x59, 0xBD, 0x1E, 0xEA, 0xFC, 0xB9, 0xBE, 0xAD, 0xE8, 0x73, 0x8F, 0x09,
    0x70, 0xA8, 0x96, 0xDF, 0xA2, 0xE9, 0xE3, 0x19, 0x0D, 0x18, 0xF5, 0x2E, 0x60, 0x2F, 0x6E, 0xA4,
    0x3A, 0x4C, 0x59, 0xB3, 0xDD, 0x5F, 0x25, 0x7C, 0xFD, 0x95, 0x67, 0xFB, 0x4E, 0x97, 0x6D, 0x6F,
    0xDF, 0x6C, 0xEE, 0x75, 0xEF, 0x0D, 0x57, 0x75, 0x75, 0xB4, 0xBA, 0xDB, 0xED, 0xD5, 0xDC, 0x2C,
    0xAA, 0x1B, 0x3F, 0xE6, 0xFB, 0x13, 0x50, 0x77, 0x7B, 0x43, 0xDD, 0xAF, 0xE8, 0xEE, 0xC4, 0x77,
    0xF8, 0x24, 0xDC, 0xCF, 0xB6, 0xA6, 0x73, 0xC4, 0x91, 0xC3, 0x28, 0x83, 0x5F, 0x8E, 0x75, 0x5F,
    0x90, 0x2F, 0x7F, 0xD9, 0x36, 0x3D, 0xA6, 0x95, 0xAD, 0x8D, 0x8D, 0x76, 0xD8, 0x93, 0xD9, 0xD0,
    0x6C, 0x42, 0x47, 0x07, 0x66, 0xA5, 0x0B, 0x89, 0x60, 0x9E, 0xAE, 0x66, 0xAB, 0x2C, 0xB8, 0xFE,
    0xF3, 0x12, 0x13, 0xA0, 0xFD, 0x61, 0x61, 0x6A, 0xE7, 0x87, 0xF9, 0x6A, 0xF5, 0x4B, 0xDF, 0xBB,
    0xF2, 0x92, 0x02, 0xF5, 0xB0, 0x7B, 0x23, 0xDD, 0xC0, 0xF9, 0xC5, 0x5F, 0x3C, 0xA2, 0xA0, 0x4D,
    0xFD, 0x01, 0x75, 0xDA, 0xAB, 0x77, 0x1C, 0x2F, 0xD0, 0x0D, 0x61, 0x98, 0x8C, 0x18, 0x5A, 0xBC,
    0x4D, 0xD7, 0x94, 0x4D, 0xBA, 0xA2, 0xFB, 0xB2, 0x51, 0xC5, 0x88, 0xB6, 0xF1, 0x78, 0x15, 0x5C,
    0x79, 0xDD, 0x7D, 0x61, 0x31, 0xEB, 0x3A, 0x5A, 0x17, 0x87, 0xAB, 0x1C, 0xC6, 0x86, 0xED, 0x36,
    0x45, 0x1E, 0xF3, 0x1A, 0xDD, 0xDD, 0x1C, 0x37, 0x21, 0x6B, 0x43, 0x90, 0x5E, 0x75, 0x4B, 0xDD,
    0x2D, 0xF3, 0xF5, 0x7B, 0x91, 0x3A, 0x67, 0x46, 0x9B, 0x4E, 0xEA, 0x0E, 0xEF, 0x50, 0xF1, 0x41,
    0xD5, 0xAA, 0x67, 0x7A, 0x81, 0x46, 0xF8, 0x39, 0x51, 0x65, 0xA7, 0xFD, 0xD5, 0x11, 0xC7, 0xBC,
    0xF2, 0x32, 0x22, 0x84, 0x1D, 0x4A, 0xFA, 0xB4, 0x17, 0xAE, 0xAF, 0xAC, 0x2E, 0xF1, 0x16, 0xD3,
    0xC1, 0x1E, 0x4D, 0x12, 0x3A, 0x88, 0x57, 0x56, 0xFF, 0xE6, 0x1B, 0xE9, 0x4D, 0x2F, 0xDE, 0x5F,
    0xF7, 0xE2, 0x5B, 0xF0, 0x49, 0x1F, 0x7E, 0xD8, 0xD3, 0xBE, 0xE8, 0xAF, 0x2B, 0x4E, 0xEE, 0xFD,
    0x0C, 0xDD, 0x73, 0x7A, 0xF1, 0x7D, 0xD3, 0x8B, 0xAF, 0xAB, 0xBA, 0xD6, 0xEB, 0xDB, 0xE5, 0x4C,
    0xAE, 0xD7, 0x5F, 0xBF, 0x71, 0xBB, 0xF1, 0xBD, 0x5D, 0xF6, 0x7C, 0xCE, 0x11, 0xFF, 0x3F, 0x11,
    0xCE, 0x0B, 0x43, 0xBB, 0xBC, 0xD2, 0xD2, 0xD1, 0xBE, 0x05, 0x3B, 0x19, 0x7C, 0x5C, 0xE0, 0x8A,
    0x54, 0xA7, 0x11, 0x5D, 0x1C, 0xD0, 0xEE, 0xAF, 0xA7, 0xF2, 0x3A, 0xDB, 0x6B, 0xED, 0x7A, 0x37,
    0xBF, 0x09, 0x5F, 0xC5, 0xCB, 0x91, 0x8F, 0x3B, 0x49, 0x27, 0x26, 0xA4, 0xBD, 0x2C, 0x19, 0xE9,
    0xEA, 0xAB, 0x30, 0xC5, 0x84, 0xAC, 0xAF, 0x61, 0xB7, 0x9F, 0x47, 0x3B, 0xCB, 0x48, 0x57, 0xAF,
    0xAD, 0xD7, 0xB3, 0x9B, 0xF5, 0x76, 0x94, 0xD1, 0x2A, 0x4A, 0xFB, 0x2B, 0xC5, 0x9C, 0x41, 0xFF,
    0xB9, 0xDC, 0xFB, 0x67, 0xC8, 0x52, 0xC8, 0x51, 0xEA, 0xC8, 0xCC, 0xBD, 0xC8, 0xDB, 0x07, 0x3B,
    0xBD, 0xA5, 0x7B, 0x86, 0x55, 0x9C, 0x7F, 0x33, 0x9D, 0xEA, 0x9B, 0x69, 0xEB, 0x5E, 0x8F, 0x0B,
    0xF3, 0x7C, 0xB3, 0xF7, 0x79, 0xA9, 0x6A, 0x87, 0x57, 0xD1, 0xCE, 0x8B, 0x10, 0x97, 0x7D, 0x95,
    0xE1, 0x6F, 0x25, 0x8C, 0xB1, 0x0D, 0x84, 0x30, 0x10, 0xC0, 0x2C, 0x28, 0xF2, 0x12, 0x45, 0x36,
    0x40, 0x2C, 0x90, 0x0D, 0xF2, 0x82, 0x85, 0xE8, 0x29, 0x82, 0xC4, 0x58, 0x94, 0x8C, 0xC2, 0x08,
    0x14, 0x5F, 0x7C, 0x89, 0x21, 0x91, 0x1C, 0xE9, 0x74, 0x67, 0x33, 0x00, 0xBB, 0x7C, 0x25, 0x4A,
    0xC3, 0xFB, 0xB2, 0x43, 0x26, 0x49, 0xF1, 0xBF, 0xE8, 0xDB, 0x83, 0x18, 0x27, 0xBA, 0x19, 0xC2,
    0x1F, 0xDA, 0x53, 0x8E, 0x4A, 0x90, 0x6E, 0x53, 0x9F, 0x6A, 0x02, 0x1C, 0x1A, 0x0F, 0xF8, 0xBD,
    0x25, 0xF8, 0xD4, 0xE8, 0x6E, 0x68, 0x79, 0x70, 0x59, 0x34, 0x73, 0xD8, 0xC8, 0x5A, 0x49, 0xAB,
    0x4F, 0xCA, 0x45, 0x2E, 0x63, 0x67, 0x8D, 0x3E, 0xB1, 0x15, 0x46, 0x33, 0xA3, 0xC9, 0x1B, 0x35,
    0x90, 0x3D, 0x6A, 0xC3, 0x30, 0x18, 0x86, 0x5F, 0xFB, 0x83, 0x0A, 0xA2, 0xA6, 0x5A, 0x0B, 0xFD,
    0xF1, 0x5C, 0x70, 0xDA, 0x4C, 0xC5, 0x05, 0x27, 0x12, 0xF4, 0x22, 0x1D, 0x7A, 0x80, 0x50, 0x3A,
    0x78, 0x28, 0x58, 0x17, 0xE8, 0x1D, 0x3A, 0x97, 0x0C, 0x19, 0x32, 0x64, 0x28, 0x44, 0x59, 0x3B,
    0x14, 0x1D, 0x41, 0x37, 0xA8, 0x06, 0x0F, 0x19, 0x0C, 0x8A, 0xE4, 0xA6, 0x20, 0x21, 0x78, 0xBF,
    0x1F, 0x9E, 0x47, 0x32, 0xF8, 0x36, 0x38, 0x19, 0x86, 0x6B, 0xFF, 0xDF, 0x6C, 0x25, 0xFC, 0x5C,
    0x49, 0xB4, 0x6A, 0x8E, 0xDC, 0xB3, 0x8E, 0x7C, 0xEE, 0xA5, 0x79, 0x00, 0x39, 0xEE, 0x99, 0x67,
    0xB6, 0xD5, 0x15, 0x32, 0x5B, 0x0A, 0xE5, 0x4B, 0x32, 0x92, 0x9C, 0x7C, 0xF4, 0x77, 0xB9, 0x13,
    0xBA, 0x2B, 0x76, 0xBD, 0x30, 0x3D, 0xE9, 0xA6, 0xC8, 0x5C, 0xC3, 0x14, 0xD7, 0x1B, 0x61, 0x7B,
    0x6E, 0xBF, 0xC8, 0x54, 0x17, 0x99, 0xAF, 0x48, 0xA3, 0x04, 0x6A, 0xA0, 0x02, 0x1A, 0xE0, 0x15,
    0x32, 0xB8, 0x36, 0x58, 0xB8, 0xB8, 0x0D, 0x64, 0x10, 0xEB, 0x4C, 0x81, 0x03, 0x02, 0x38, 0x03,
    0xC6, 0xC0, 0x25, 0x70, 0x0E, 0x1C, 0xA3, 0x78, 0xAE, 0x81, 0x2B, 0x88, 0xB0, 0x2F, 0x42, 0x97,
    0x96, 0xAC, 0x01, 0x8F, 0x6D, 0x30, 0x21, 0x98, 0xDC, 0x1C, 0x37, 0x90, 0x02, 0x03, 0x4E, 0x80,
    0xC2, 0xCA, 0x6E, 0xBB, 0x0F, 0xFD, 0x76, 0xDF, 0x76, 0x85, 0xAD, 0xEB, 0xC9, 0xDB, 0x6C, 0x5E,
    0xD5, 0x65, 0xE6, 0x01, 0x36, 0x05, 0x46, 0x53, 0x7C, 0x8C, 0x17, 0x5C, 0x9F, 0xAE, 0x36, 0x18,
    0xFF, 0x6A, 0xF0, 0x2E, 0x8E, 0x28, 0xE0, 0x79, 0x3D, 0x43, 0xBE, 0xFC, 0x04, 0x95, 0xDF, 0x60,
    0x37, 0x3F, 0x18, 0xDD, 0xBF, 0x83, 0xBF, 0x2C, 0x41, 0xBB, 0x38, 0xB8, 0x80, 0x27, 0x23, 0xD4,
    0x6D, 0x94, 0x98, 0x44, 0x1E, 0xAE, 0x48, 0x8D, 0x22, 0x1D, 0xD3, 0x64, 0x72, 0x47, 0x36, 0x55,
    0x1A, 0x3C, 0x45, 0x62, 0xAC, 0x90, 0xA4, 0x12, 0x53, 0xE2, 0x8E, 0xDD, 0x83, 0x72, 0xC4, 0x45,
    0x24, 0x4D, 0x9A, 0x43, 0x1C, 0xFF, 0x22, 0x49, 0x64, 0xEE, 0xAF, 0x33, 0x7A, 0x26, 0xC5, 0x21,
    0x3E, 0x00, 0x25, 0x8F, 0x31, 0x6A, 0xC3, 0x30, 0x18, 0x85, 0x9F, 0xA5, 0xC1, 0xB4, 0x22, 0xD2,
    0x05, 0x24, 0x7C, 0x01, 0x85, 0x2C, 0x2E, 0x28, 0x60, 0xB0, 0x6E, 0xD4, 0x0C, 0xA2, 0x74, 0x30,
    0xB1, 0x2F, 0x90, 0x23, 0x14, 0x7A, 0x04, 0x0F, 0x1D, 0x3A, 0x04, 0xE2, 0x13, 0x04, 0xED, 0x85,
    0xA2, 0x03, 0x74, 0xD0, 0xE0, 0xC1, 0x83, 0x5B, 0x57, 0x4E, 0xE0, 0x2D, 0xFF, 0xE3, 0xFF, 0xDF,
    0xFF, 0x3D, 0x32, 0x33, 0xA1, 0x58, 0xF5, 0xB5, 0xBF, 0x1A, 0x55, 0x19, 0xE1, 0xB1, 0xC5, 0x99,
    0xFC, 0x30, 0x23, 0xCB, 0xA7, 0x8F, 0xCB, 0x8C, 0x00, 0x4F, 0x17, 0x50, 0x0B, 0x06, 0x88, 0x00,
    0x7C, 0x02, 0xFA, 0xA6, 0x57, 0xB4, 0x1E, 0x78, 0x26, 0x9E, 0xA3, 0x18, 0x8D, 0x2E, 0x55, 0x29,
    0xD7, 0xF3, 0xFA, 0x0F, 0x06, 0x91, 0x0C, 0xB9, 0x15, 0x50, 0xA8, 0xE0, 0x90, 0x8F, 0x4A, 0x6A,
    0xB9, 0x35, 0x45, 0x74, 0x2E, 0xBA, 0xD6, 0x93, 0x89, 0x6F, 0x34, 0xD7, 0x5C, 0xCC, 0x30, 0x59,
    0x38, 0x5A, 0xE0, 0xEE, 0xEC, 0xAF, 0x2F, 0x6F, 0x07, 0x6D, 0x5C, 0xE1, 0xD1, 0xE7, 0x41, 0xF9,
    0xCC, 0x93, 0x81, 0x0C, 0xB4, 0xA3, 0xF6, 0x12, 0xF3, 0xE9, 0x41, 0xA5, 0xB8, 0x86, 0xC6, 0xC2,
    0x56, 0x68, 0xA7, 0x34, 0x4B, 0x68, 0x1A, 0x13, 0x45, 0x7A, 0x91, 0x40, 0x04, 0x50, 0x03, 0xDF,
    0xA0, 0x27, 0x3C, 0x4A, 0xC8, 0x06, 0xF5, 0x02, 0x94, 0xC0, 0x01, 0x24, 0xD1, 0x77, 0xC8, 0x01,
    0x96, 0xE8, 0x1B, 0x40, 0xDE, 0x54, 0xA1, 0x4E, 0xF4, 0x67, 0xD6, 0x69, 0xD4, 0xA1, 0x77, 0xEF,
    0x26, 0x94, 0x7D, 0xBF, 0xEB, 0x8A, 0xE5, 0xD6, 0xCD, 0x21, 0xF5, 0xA6, 0x03, 0x72, 0xBB, 0x06,
    0xAB, 0x75, 0x7D, 0x85, 0xE4, 0x1B, 0x2E, 0xB4, 0x18, 0x4D, 0xE3, 0xCC, 0x2E, 0xDC, 0x1D, 0xC9,
    0x15, 0x67, 0xBF, 0xA8, 0xB2, 0x78, 0xB4, 0xFF, 0x35, 0x8E, 0xBB, 0x11, 0x82, 0x40, 0x14, 0x45,
    0x0F, 0x12, 0x6C, 0x40, 0x40, 0x62, 0x60, 0x24, 0x15, 0x28, 0x15, 0x28, 0x5B, 0x02, 0x25, 0x18,
    0xDB, 0x83, 0xC3, 0xD6, 0x62, 0x0F, 0x66, 0xCE, 0xB0, 0x25, 0x50, 0x02, 0x25, 0x10, 0x18, 0x18,
    0xC0, 0x3C, 0xEF, 0x8A, 0x06, 0x27, 0xD8, 0xBD, 0xBF, 0x47, 0xD6, 0x47, 0x0A, 0x8B, 0x34, 0x1E,
    0x9E, 0xC0, 0x04, 0x95, 0xCD, 0xD4, 0xF6, 0x26, 0x8F, 0xE0, 0x02, 0x74, 0x36, 0x08, 0xD9, 0xC2,
    0xFA, 0xCE, 0xC7, 0x2D, 0x1B, 0xE9, 0x74, 0x23, 0xA5, 0x59, 0xA8, 0x04, 0xA5, 0xB2, 0x7B, 0x71,
    0xB8, 0x40, 0x33, 0xC0, 0x0D, 0x0A, 0x59, 0x76, 0x0F, 0x05, 0xCC, 0x93, 0xBD, 0xA0, 0x1E, 0xE1,
    0x2E, 0x29, 0xF5, 0x26, 0xA8, 0xF5, 0xD9, 0x2F, 0xD0, 0x9E, 0xFF, 0x61, 0x6D, 0x9B, 0x17, 0x70,
    0xF5, 0x34, 0xB6, 0x68, 0x77, 0xFE, 0x29, 0x70, 0xA4, 0xD5, 0xDE, 0x88, 0x53, 0x9F, 0x33, 0x8B,
    0x45, 0xDA, 0x75, 0x2A, 0xCA, 0x26, 0xE5, 0x96, 0xEF, 0xDD, 0xB8, 0x41, 0xB9, 0x40, 0xA7, 0xED,
    0x93, 0x32, 0x95, 0x48, 0x77, 0xE7, 0xAB, 0x0D, 0x34, 0xF9, 0x01, 0x55, 0x92, 0x31, 0x4E, 0xC3,
    0x30, 0x18, 0x85, 0x5F, 0x1C, 0x09, 0x4B, 0x58, 0x4A, 0x06, 0x46, 0x0A, 0x59, 0x18, 0x09, 0x59,
    0x3B, 0x14, 0xE2, 0x1B, 0x70, 0x05, 0x06, 0x76, 0x18, 0x18, 0x3A, 0x20, 0x12, 0xC4, 0xC0, 0x75,
    0x18, 0x18, 0x98, 0x68, 0x36, 0x46, 0x72, 0x01, 0xD4, 0x0C, 0x1C, 0x20, 0x48, 0x1E, 0x8A, 0xD4,
    0xD6, 0x3C, 0xDB, 0x29, 0x85, 0x28, 0x5F, 0xA2, 0xFC, 0x7E, 0xCF, 0x7E, 0xFE, 0x63, 0x54, 0x1D,
    0x60, 0x97, 0x80, 0xBE, 0x03, 0x90, 0x06, 0xAE, 0xE6, 0x10, 0xD6, 0x42, 0xB5, 0x05, 0x32, 0x7E,
    0x9F, 0xE0, 0x10, 0x13, 0x9C, 0x92, 0x5B, 0x62, 0x70, 0x26, 0x3B, 0x64, 0xB6, 0x81, 0x5C, 0x51,
    0x8E, 0x33, 0x62, 0x81, 0x68, 0x0E, 0xC4, 0xEF, 0x80, 0x3A, 0x07, 0x12, 0x05, 0x1C, 0x2B, 0x8D,
    0x29, 0xE9, 0x95, 0x8E, 0x5A, 0xA9, 0xE3, 0x46, 0xD6, 0x52, 0xCB, 0x3A, 0x85, 0xAC, 0x0B, 0x6B,
    0xEB, 0x92, 0xA0, 0xB2, 0x3D, 0x66, 0xA4, 0x8F, 0x3A, 0xF4, 0xA2, 0x8D, 0xBA, 0xB8, 0x11, 0x6D,
    0xDC, 0x38, 0x6D, 0xDC, 0x28, 0xAF, 0x56, 0x3A, 0x65, 0x82, 0x43, 0x92, 0xFB, 0x14, 0x39, 0x99,
    0x60, 0x4A, 0x9E, 0xF9, 0xEC, 0x81, 0xD2, 0x1A, 0xD2, 0x33, 0x64, 0x88, 0xCF, 0x25, 0x11, 0x37,
    0x80, 0x68, 0x09, 0xC7, 0x55, 0x0D, 0x3F, 0x66, 0x58, 0x6E, 0x83, 0x64, 0x63, 0x99, 0x59, 0xC3,
    0x9B, 0x85, 0x27, 0xC6, 0x6F, 0x83, 0xCD, 0x8D, 0xE7, 0x64, 0x4A, 0xE8, 0x16, 0x2C, 0x49, 0x1D,
    0xCA, 0x13, 0xF2, 0x4C, 0x65, 0x17, 0x94, 0xDC, 0x23, 0x13, 0x85, 0x72, 0x81, 0xCA, 0xF7, 0x01,
    0x37, 0x83, 0xAD, 0xDD, 0x6A, 0x12, 0x72, 0x4C, 0xC6, 0xD8, 0xD1, 0x4F, 0x28, 0xEF, 0x3B, 0xEC,
    0x3D, 0x34, 0x88, 0xDF, 0xB4, 0x6F, 0x97, 0xF8, 0x20, 0x6C, 0x7F, 0xC4, 0x1C, 0x11, 0x9D, 0xF2,
    0x6B, 0x99, 0x97, 0xC9, 0x78, 0x94, 0x8C, 0xEF, 0x0E, 0xB2, 0x47, 0x16, 0x95, 0xDB, 0x23, 0x97,
    0x7C, 0x09, 0x33, 0xBB, 0xD5, 0x37, 0xB3, 0x3B, 0x64, 0x1D, 0xB6, 0x3C, 0xFC, 0x39, 0x9F, 0x28,
    0x1F, 0x52, 0x4D, 0x86, 0x7D, 0x98, 0xD0, 0x89, 0x8A, 0xB6, 0x57, 0x7E, 0x0A, 0x23, 0xA1, 0xD6,
    0x29, 0x92, 0x6C, 0x85, 0x91, 0x30, 0xFC, 0xCD, 0x23, 0x14, 0x0B, 0x36, 0xB5, 0x32, 0xB8, 0x56,
    0x14, 0xE1, 0x88, 0xDC, 0xFA, 0xF5, 0x52, 0x1E, 0x03, 0xC7, 0xDF, 0xBE, 0x94, 0x3C, 0x2E, 0x95,
    0x5D, 0xFC, 0xB6, 0x6B, 0x17, 0xFE, 0xBA, 0xF0, 0x59, 0xA3, 0x59, 0x8D, 0xCC, 0x40, 0xAC, 0x19,
    0xCF, 0x35, 0x62, 0xCD, 0x6C, 0xD9, 0x37, 0x73, 0xDB, 0xAD, 0x72, 0xB8, 0xDC, 0x3C, 0x0E, 0x5C,
    0xBA, 0x13, 0x44, 0x5D, 0xB1, 0x80, 0xF7, 0x43, 0x71, 0x66, 0xBE, 0xF7, 0x17, 0xB4, 0x69, 0xA8,
    0xCF, 0xFF, 0xCE, 0x8D, 0xEF, 0x07, 0x55, 0x8D, 0xB1, 0x0D, 0x83, 0x30, 0x10, 0x45, 0x9F, 0x43,
    0x41, 0xE1, 0x82, 0x05, 0x22, 0x3C, 0x01, 0x4C, 0x00, 0xC2, 0x1B, 0x64, 0x9D, 0x14, 0x44, 0xF1,
    0x50, 0x14, 0x29, 0x3D, 0x02, 0x23, 0x44, 0x64, 0x81, 0x14, 0x29, 0xE8, 0x9C, 0x7F, 0x48, 0x29,
    0x72, 0xC5, 0x93, 0xEE, 0xBE, 0xEE, 0x3F, 0x08, 0x5B, 0x86, 0xFB, 0x6B, 0x85, 0xBD, 0xCA, 0xB8,
    0x37, 0x70, 0x7A, 0x0A, 0x4D, 0xB9, 0x44, 0x42, 0x69, 0xA0, 0xCA, 0x42, 0x9D, 0x5A, 0xF0, 0xA9,
    0x53, 0x10, 0x07, 0x81, 0x03, 0x57, 0x68, 0x59, 0xA0, 0x43, 0x7F, 0xC3, 0x01, 0xA7, 0x67, 0x9D,
    0x71, 0x1F, 0x61, 0xB2, 0xBA, 0x29, 0x61, 0x13, 0xB6, 0xD5, 0x44, 0xF9, 0x27, 0xAA, 0x93, 0x44,
    0x3E, 0x9A, 0x48, 0x61, 0x09, 0x26, 0xEA, 0x25, 0xCA, 0xA3, 0x89, 0x54, 0xEF, 0xE3, 0x6C, 0x8E,
    0x87, 0x61, 0x31, 0x91, 0xCA, 0x7A, 0x5B, 0x47, 0x6E, 0x66, 0x3B, 0xC3, 0x6C, 0xC5, 0xFF, 0xA2,
    0x2F, 0x63, 0x90, 0x60, 0x60, 0x60, 0xA8, 0x63, 0x60, 0x60, 0xFC, 0xDF, 0xC0, 0xC0, 0xDE, 0xF0,
    0x80, 0x41, 0xFE, 0xCF, 0x0E, 0x86, 0xFA, 0xAF, 0xFF, 0x18, 0xF6, 0x5F, 0xFE, 0xC7, 0x20, 0xFF,
    0xFF, 0x07, 0x03, 0xFB, 0xF5, 0x07, 0x0C, 0x8C, 0xD7, 0x1B, 0xC0, 0x6A, 0x18, 0x80, 0x6A, 0x01,
};

static const EpdGlyph ubuntumono_12_italicGlyphs[] = {
    { 0, 0, 200, 0, 0, 0, 0 }, // U+0000
    { 0, 0, 200, 0, 0, 0, 0 }, // U+0008
    { 0, 0, 200, 0, 0, 0, 0 }, // U+0009
    { 0, 0, 200, 0, 0, 0, 0 }, // U+000D
    { 0, 0, 200, 0, 0, 0, 0 }, // U+001D
    { 0, 0, 200, 0, 0, 0, 0 }, // U+0020
    { 7, 15, 200, 4, 15, 27, 0 }, // !
    { 8, 6, 200, 5, 16, 12, 27 }, // "
    { 14, 15, 200, 1, 15, 53, 39 }, // #
    { 13, 19, 200, 1, 17, 62, 92 }, // $
    { 16, 15, 200, 0, 15, 60, 154 }, // %
    { 12, 15, 200, 1, 15, 45, 214 }, // &
    { 4, 7, 200, 7, 17, 7, 259 }, // '
    { 11, 22, 200, 3, 18, 61, 266 }, // (
    { 10, 22, 200, 1, 18, 55, 327 }, // )
    { 11, 9, 200, 3, 15, 25, 382 }, // *
    { 11, 12, 200, 2, 12, 33, 407 }, // +
    { 7, 6, 200, 2, 3, 11, 440 }, // ,
    { 7, 2, 200, 4, 7, 4, 451 }, // -
    { 5, 3, 200, 4, 3, 4, 455 }, // .
    { 15, 21, 200, -1, 17, 79, 459 }, // /
    { 12, 15, 200, 2, 15, 45, 538 }, // 0
    { 10, 16, 200, 2, 16, 40, 583 }, // 1
    { 13, 15, 200, 1, 15, 49, 623 }, // 2
    { 12, 15, 200, 1, 15, 45, 672 }, // 3
    { 12, 15, 200, 1, 15, 45, 717 }, // 4
    { 13, 15, 200, 1, 15, 49, 762 }, // 5
    { 12, 15, 200, 2, 15, 45, 811 }, // 6
    { 12, 15, 200, 3, 15, 45, 856 }, // 7
    { 13, 15, 200, 1, 15, 49, 901 }, // 8
    { 13, 15, 200, 1, 15, 49, 950 }, // 9
    { 6, 11, 200, 4, 11, 17, 999 }, // :
    { 8, 14, 200, 2, 11, 28, 1016 }, // ;
    { 12, 10, 200, 1, 13, 30, 1044 }, // <
    { 13, 7, 200, 1, 10, 23, 1074 }, // =
    { 12, 10, 200, 1, 12, 30, 1097 }, // >
    { 9, 15, 200, 4, 15, 34, 1127 }, // ?
    { 13, 19, 200, 1, 16, 62, 1161 }, // @
    { 13, 15, 200, -1, 15, 49, 1223 }, // A
    { 13, 15, 200, 1, 15, 49, 1272 }, // B
    { 13, 15, 200, 2, 15, 49, 1321 }, // C
    { 14, 15, 200, 0, 15, 53, 1370 }, // D
    { 14, 15, 200, 1, 15, 53, 1423 }, // E
    { 14, 15, 200, 1, 15, 53, 1476 }, // F
    { 12, 15, 200, 2, 15, 45, 1529 }, // G
    { 15, 15, 200, 0, 15, 57, 1574 }, // H
    { 13, 15, 200, 1, 15, 49, 1631 }, // I
    { 13, 15, 200, 1, 15, 49, 1680 }, // J
    { 14, 15, 200, 1, 15, 53, 1729 }, // K
    { 10, 15, 200, 1, 15, 38, 1782 }, // L
    { 14, 15, 200, 0, 15, 53, 1820 }, // M
    { 14, 15, 200, 1, 15, 53, 1873 }, // N
    { 12, 15, 200, 2, 15, 45, 1926 }, // O
    { 13, 15, 200, 1, 15, 49, 1971 }, // P
    { 12, 19, 200, 2, 15, 57, 2020 }, // Q
    { 13, 15, 200, 1, 15, 49, 2077 }, // R
    { 13, 15, 200, 1, 15, 49, 2126 }, // S
    { 12, 15, 200, 3, 15, 45, 2175 }, // T
    { 13, 15, 200, 2, 15, 49, 2220 }, // U
    { 13, 15, 200, 3, 15, 49, 2269 }, // V
    { 14, 15, 200, 1, 15, 53, 2318 }, // W
    { 16, 15, 200, 0, 15, 60, 2371 }, // X
    { 13, 15, 200, 3, 15, 49, 2431 }, // Y
    { 15, 15, 200, 0, 15, 57, 2480 }, // Z
    { 12, 21, 200, 2, 17, 63, 2537 }, // [
    { 5, 21, 200, 5, 17, 27, 2600 }, // <backslash>
    { 12, 21, 200, 0, 17, 63, 2627 }, // ]
    { 11, 8, 200, 2, 15, 22, 2690 }, // ^
    { 12, 2, 200, -1, -2, 6, 2712 }, // _
    { 5, 5, 200, 6, 18, 7, 2718 }, // `
    { 12, 12, 200, 1, 12, 36, 2725 }, // a
    { 12, 17, 200, 1, 17, 51, 2761 }, // b
    { 12, 12, 200, 1, 12, 36, 2812 }, // c
    { 13, 17, 200, 2, 17, 56, 2848 }, // d
    { 12, 12, 200, 1, 12, 36, 2904 }, // e
    { 15, 21, 200, 0, 17, 79, 2940 }, // f
    { 14, 16, 200, 0, 12, 56, 3019 }, // g
    { 11, 17, 200, 1, 17, 47, 3075 }, // h
    { 8, 17, 200, 3, 17, 34, 3122 }, // i
    { 13, 21, 200, 0, 17, 69, 3156 }, // j
    { 13, 17, 200, 1, 17, 56, 3225 }, // k
    { 8, 17, 200, 4, 17, 34, 3281 }, // l
    { 14, 12, 200, 0, 12, 42, 3315 }, // m
    { 12, 12, 200, 1, 12, 36, 3357 }, // n
    { 11, 12, 200, 2, 12, 33, 3393 }, // o
    { 13, 16, 200, 0, 12, 52, 3426 }, // p
    { 12, 16, 200, 2, 12, 48, 3478 }, // q
    { 12, 12, 200, 2, 12, 36, 3526 }, // r
    { 12, 12, 200, 1, 12, 36, 3562 }, // s
    { 10, 16, 200, 3, 16, 40, 3598 }, // t
    { 11, 12, 200, 2, 12, 33, 3638 }, // u
    { 11, 12, 200, 3, 12, 33, 3671 }, // v
    { 13, 12, 200, 2, 12, 39, 3704 }, // w
    { 14, 12, 200, 0, 12, 42, 3743 }, // x
    { 15, 16, 200, -1, 12, 60, 3785 }, // y
    { 12, 12, 200, 1, 12, 36, 3845 }, // z
    { 13, 21, 200, 2, 17, 69, 3881 }, // {
    { 8, 21, 200, 3, 17, 42, 3950 }, // |
    { 13, 21, 200, 0, 17, 69, 3992 }, // }
    { 12, 4, 200, 1, 11, 12, 4061 }, // ~
    { 0, 0, 200, 0, 0, 0, 0 }, // U+00A0
    { 7, 16, 200, 3, 12, 28, 0 }, // U+00A1
    { 11, 19, 200, 2, 17, 53, 28 }, // U+00A2
    { 13, 15, 200, 2, 15, 49, 81 }, // U+00A3
    { 11, 11, 200, 2, 13, 31, 130 }, // U+00A4
    { 15, 15, 200, 1, 15, 57, 161 }, // U+00A5
    { 8, 21, 200, 3, 17, 42, 218 }, // U+00A6
    { 13, 18, 200, 1, 16, 59, 260 }, // U+00A7
    { 7, 3, 200, 6, 17, 6, 319 }, // U+00A8
    { 12, 12, 200, 1, 12, 36, 325 }, // U+00A9
    { 9, 8, 200, 4, 15, 18, 361 }, // U+00AA
    { 11, 9, 200, 2, 12, 25, 379 }, // U+00AB
    { 11, 8, 200, 2, 9, 22, 404 }, // U+00AC
    { 7, 2, 200, 4, 7, 4, 426 }, // U+00AD
    { 12, 12, 200, 1, 12, 36, 430 }, // U+00AE
    { 8, 2, 200, 5, 16, 4, 466 }, // U+00AF
    { 7, 5, 200, 5, 16, 9, 470 }, // U+00B0
    { 14, 15, 200, 0, 15, 53, 479 }, // U+00B1
    { 8, 8, 200, 4, 15, 16, 532 }, // U+00B2
    { 8, 8, 200, 4, 15, 16, 548 }, // U+00B3
    { 6, 4, 200, 7, 17, 6, 564 }, // U+00B4
    { 13, 16, 200, 0, 12, 52, 570 }, // U+00B5
    { 13, 20, 200, 2, 16, 65, 622 }, // U+00B6
    { 5, 3, 200, 5, 8, 4, 687 }, // U+00B7
    { 5, 4, 200, 3, 0, 5, 691 }, // U+00B8
    { 7, 9, 200, 4, 16, 16, 696 }, // U+00B9
    { 9, 8, 200, 4, 15, 18, 712 }, // U+00BA
    { 11, 9, 200, 2, 11, 25, 730 }, // U+00BB
    { 15, 16, 200, 0, 16, 60, 755 }, // U+00BC
    { 15, 16, 200, 0, 16, 60, 815 }, // U+00BD
    { 15, 16, 200, 0, 16, 60, 875 }, // U+00BE
    { 10, 16, 200, 1, 12, 40, 935 }, // U+00BF
    { 13, 21, 200, -1, 21, 69, 975 }, // U+00C0
    { 15, 20, 200, -1, 20, 75, 1044 }, // U+00C1
    { 14, 20, 200, -1, 20, 70, 1119 }, // U+00C2
    { 15, 20, 200, -1, 20, 75, 1189 }, // U+00C3
    { 15, 20, 200, -1, 20, 75, 1264 }, // U+00C4
    { 13, 18, 200, -1, 18, 59, 1339 }, // U+00C5
    { 16, 15, 200, 0, 15, 60, 1398 }, // U+00C6
    { 13, 19, 200, 2, 15, 62, 1458 }, // U+00C7
    { 14, 21, 200, 1, 21, 74, 1520 }, // U+00C8
    { 14, 20, 200, 1, 20, 70, 1594 }, // U+00C9
    { 14, 20, 200, 1, 20, 70, 1664 }, // U+00CA
    { 14, 20, 200, 1, 20, 70, 1734 }, // U+00CB
    { 13, 21, 200, 1, 21, 69, 1804 }, // U+00CC
    { 13, 20, 200, 1, 20, 65, 1873 }, // U+00CD
    { 13, 20, 200, 1, 20, 65, 1938 }, // U+00CE
    { 13, 20, 200, 1, 20, 65, 2003 }, // U+00CF
    { 13, 15, 200, 1, 15, 49, 2068 }, // U+00D0
    { 14, 20, 200, 1, 20, 70, 2117 }, // U+00D1
    { 12, 21, 200, 2, 21, 63, 2187 }, // U+00D2
    { 12, 20, 200, 2, 20, 60, 2250 }, // U+00D3
    { 12, 20, 200, 2, 20, 60, 2310 }, // U+00D4
    { 12, 20, 200, 2, 20, 60, 2370 }, // U+00D5
    { 12, 20, 200, 2, 20, 60, 2430 }, // U+00D6
    { 11, 9, 200, 2, 11, 25, 2490 }, // U+00D7
    { 14, 16, 200, 1, 15, 56, 2515 }, // U+00D8
    { 13, 21, 200, 2, 21, 69, 2571 }, // U+00D9
    { 13, 20, 200, 2, 20, 65, 2640 }, // U+00DA
    { 13, 20, 200, 2, 20, 65, 2705 }, // U+00DB
    { 13, 20, 200, 2, 20, 65, 2770 }, // U+00DC
    { 13, 20, 200, 3, 20, 65, 2835 }, // U+00DD
    { 12, 15, 200, 1, 15, 45, 2900 }, // U+00DE
    { 16, 21, 200, -3, 17, 84, 2945 }, // U+00DF
    { 12, 18, 200, 1, 18, 54, 3029 }, // U+00E0
    { 12, 17, 200, 1, 17, 51, 3083 }, // U+00E1
    { 12, 17, 200, 1, 17, 51, 3134 }, // U+00E2
    { 13, 17, 200, 1, 17, 56, 3185 }, // U+00E3
    { 13, 17, 200, 1, 17, 56, 3241 }, // U+00E4
    { 12, 17, 200, 1, 17, 51, 3297 }, // U+00E5
    { 13, 12, 200, 1, 12, 39, 3348 }, // U+00E6
    { 12, 16, 200, 1, 12, 48, 3387 }, // U+00E7
    { 12, 18, 200, 1, 18, 54, 3435 }, // U+00E8
    { 12, 17, 200, 1, 17, 51, 3489 }, // U+00E9
    { 12, 17, 200, 1, 17, 51, 3540 }, // U+00EA
    { 13, 17, 200, 1, 17, 56, 3591 }, // U+00EB
    { 8, 18, 200, 3, 18, 36, 3647 }, // U+00EC
    { 9, 17, 200, 3, 17, 39, 3683 }, // U+00ED
    { 9, 17, 200, 3, 17, 39, 3722 }, // U+00EE
    { 9, 17, 200, 3, 17, 39, 3761 }, // U+00EF
    { 13, 17, 200, 2, 17, 56, 3800 }, // U+00F0
    { 12, 17, 200, 1, 17, 51, 3856 }, // U+00F1
    { 11, 18, 200, 2, 18, 50, 3907 }, // U+00F2
    { 11, 17, 200, 2, 17, 47, 3957 }, // U+00F3
    { 11, 17, 200, 2, 17, 47, 4004 }, // U+00F4
    { 12, 17, 200, 2, 17, 51, 4051 }, // U+00F5
    { 11, 17, 200, 2, 17, 47, 4102 }, // U+00F6
    { 11, 12, 200, 2, 13, 33, 4149 }, // U+00F7
    { 14, 14, 200, 0, 13, 49, 4182 }, // U+00F8
    { 11, 18, 200, 2, 18, 50, 4231 }, // U+00F9
    { 11, 17, 200, 2, 17, 47, 4281 }, // U+00FA
    { 11, 17, 200, 2, 17, 47, 4328 }, // U+00FB
    { 11, 17, 200, 2, 17, 47, 4375 }, // U+00FC
    { 15, 21, 200, -1, 17, 79, 4422 }, // U+00FD
    { 13, 21, 200, 0, 17, 69, 4501 }, // U+00FE
    { 15, 21, 200, -1, 17, 79, 4570 }, // U+00FF
    { 15, 19, 200, -1, 19, 72, 0 }, // U+0100
    { 13, 16, 200, 1, 16, 52, 72 }, // U+0101
    { 15, 20, 200, -1, 20, 75, 124 }, // U+0102
    { 13, 17, 200, 1, 17, 56, 199 }, // U+0103
    { 13, 19, 200, -1, 15, 62, 255 }, // U+0104
    { 12, 16, 200, 1, 12, 48, 317 }, // U+0105
    { 13, 20, 200, 2, 20, 65, 365 }, // U+0106
    { 12, 17, 200, 1, 17, 51, 430 }, // U+0107
    { 13, 20, 200, 2, 20, 65, 481 }, // U+0108
    { 12, 17, 200, 1, 17, 51, 546 }, // U+0109
    { 13, 20, 200, 2, 20, 65, 597 }, // U+010A
    { 12, 17, 200, 1, 17, 51, 662 }, // U+010B
    { 13, 20, 200, 2, 20, 65, 713 }, // U+010C
    { 13, 17, 200, 1, 17, 56, 778 }, // U+010D
    { 14, 20, 200, 0, 20, 70, 834 }, // U+010E
    { 16, 17, 200, 1, 17, 68, 904 }, // U+010F
    { 13, 15, 200, 1, 15, 49, 972 }, // U+0110
    { 14, 17, 200, 2, 17, 60, 1021 }, // U+0111
    { 14, 19, 200, 1, 19, 67, 1081 }, // U+0112
    { 12, 16, 200, 1, 16, 48, 1148 }, // U+0113
    { 14, 20, 200, 1, 20, 70, 1196 }, // U+0114
    { 13, 17, 200, 1, 17, 56, 1266 }, // U+0115
    { 14, 20, 200, 1, 20, 70, 1322 }, // U+0116
    { 12, 17, 200, 1, 17, 51, 1392 }, // U+0117
    { 14, 19, 200, 1, 15, 67, 1443 }, // U+0118
    { 12, 16, 200, 1, 12, 48, 1510 }, // U+0119
    { 14, 20, 200, 1, 20, 70, 1558 }, // U+011A
    { 12, 17, 200, 1, 17, 51, 1628 }, // U+011B
    { 12, 20, 200, 2, 20, 60, 1679 }, // U+011C
    { 14, 21, 200, 0, 17, 74, 1739 }, // U+011D
    { 12, 20, 200, 2, 20, 60, 1813 }, // U+011E
    { 14, 21, 200, 0, 17, 74, 1873 }, // U+011F
    { 12, 20, 200, 2, 20, 60, 1947 }, // U+0120
    { 14, 21, 200, 0, 17, 74, 2007 }, // U+0121
    { 12, 19, 200, 2, 15, 57, 2081 }, // U+0122
    { 14, 22, 200, 0, 18, 77, 2138 }, // U+0123
    { 15, 20, 200, 0, 20, 75, 2215 }, // U+0124
    { 11, 21, 200, 1, 21, 58, 2290 }, // U+0125
    { 14, 15, 200, 1, 15, 53, 2348 }, // U+0126
    { 11, 17, 200, 2, 17, 47, 2401 }, // U+0127
    { 13, 20, 200, 1, 20, 65, 2448 }, // U+0128
    { 10, 17, 200, 3, 17, 43, 2513 }, // U+0129
    { 13, 19, 200, 1, 19, 62, 2556 }, // U+012A
    { 10, 16, 200, 3, 16, 40, 2618 }, // U+012B
    { 13, 20, 200, 1, 20, 65, 2658 }, // U+012C
    { 10, 17, 200, 3, 17, 43, 2723 }, // U+012D
    { 13, 19, 200, 1, 15, 62, 2766 }, // U+012E
    { 8, 21, 200, 3, 17, 42, 2828 }, // U+012F
    { 13, 20, 200, 1, 20, 65, 2870 }, // U+0130
    { 8, 12, 200, 3, 12, 24, 2935 }, // U+0131
    { 15, 15, 200, 0, 15, 57, 2959 }, // U+0132
    { 12, 21, 200, 2, 17, 63, 3016 }, // U+0133
    { 13, 20, 200, 1, 20, 65, 3079 }, // U+0134
    { 13, 21, 200, 0, 17, 69, 3144 }, // U+0135
    { 14, 19, 200, 1, 15, 67, 3213 }, // U+0136
    { 13, 21, 200, 1, 17, 69, 3280 }, // U+0137
    { 13, 12, 200, 1, 12, 39, 3349 }, // U+0138
    { 10, 20, 200, 1, 20, 50, 3388 }, // U+0139
    { 8, 21, 200, 4, 21, 42, 3438 }, // U+013A
    { 10, 19, 200, 1, 15, 48, 3480 }, // U+013B
    { 8, 21, 200, 4, 17, 42, 3528 }, // U+013C
    { 11, 15, 200, 1, 15, 42, 3570 }, // U+013D
    { 11, 17, 200, 4, 17, 47, 3612 }, // U+013E
    { 11, 15, 200, 1, 15, 42, 3659 }, // U+013F
    { 11, 17, 200, 4, 17, 47, 3701 }, // U+0140
    { 10, 15, 200, 1, 15, 38, 3748 }, // U+0141
    { 8, 17, 200, 4, 17, 34, 3786 }, // U+0142
    { 14, 20, 200, 1, 20, 70, 3820 }, // U+0143
    { 12, 17, 200, 1, 17, 51, 3890 }, // U+0144
    { 14, 19, 200, 1, 15, 67, 3941 }, // U+0145
    { 12, 16, 200, 1, 12, 48, 4008 }, // U+0146
    { 14, 20, 200, 1, 20, 70, 4056 }, // U+0147
    { 12, 17, 200, 1, 17, 51, 4126 }, // U+0148
    { 12, 18, 200, 1, 18, 54, 4177 }, // U+0149
    { 14, 19, 200, 1, 15, 67, 4231 }, // U+014A
    { 12, 16, 200, 1, 12, 48, 4298 }, // U+014B
    { 12, 19, 200, 2, 19, 57, 4346 }, // U+014C
    { 11, 16, 200, 2, 16, 44, 4403 }, // U+014D
    { 12, 20, 200, 2, 20, 60, 4447 }, // U+014E
    { 12, 17, 200, 2, 17, 51, 4507 }, // U+014F
    { 13, 20, 200, 2, 20, 65, 4558 }, // U+0150
    { 12, 17, 200, 2, 17, 51, 4623 }, // U+0151
    { 15, 15, 200, 1, 15, 57, 4674 }, // U+0152
    { 13, 12, 200, 1, 12, 39, 4731 }, // U+0153
    { 13, 20, 200, 1, 20, 65, 4770 }, // U+0154
    { 12, 17, 200, 2, 17, 51, 4835 }, // U+0155
    { 13, 19, 200, 1, 15, 62, 4886 }, // U+0156
    { 15, 16, 200, -1, 12, 60, 4948 }, // U+0157
    { 13, 20, 200, 1, 20, 65, 5008 }, // U+0158
    { 12, 17, 200, 2, 17, 51, 5073 }, // U+0159
    { 13, 20, 200, 1, 20, 65, 5124 }, // U+015A
    { 12, 17, 200, 1, 17, 51, 5189 }, // U+015B
    { 13, 20, 200, 1, 20, 65, 5240 }, // U+015C
    { 12, 17, 200, 1, 17, 51, 5305 }, // U+015D
    { 13, 19, 200, 1, 15, 62, 5356 }, // U+015E
    { 12, 16, 200, 1, 12, 48, 5418 }, // U+015F
    { 13, 20, 200, 1, 20, 65, 5466 }, // U+0160
    { 13, 17, 200, 1, 17, 56, 5531 }, // U+0161
    { 13, 19, 200, 2, 15, 62, 5587 }, // U+0162
    { 10, 20, 200, 3, 16, 50, 5649 }, // U+0163
    { 12, 20, 200, 3, 20, 60, 5699 }, // U+0164
    { 11, 17, 200, 3, 17, 47, 5759 }, // U+0165
    { 12, 15, 200, 3, 15, 45, 5806 }, // U+0166
    { 11, 16, 200, 2, 16, 44, 5851 }, // U+0167
    { 13, 20, 200, 2, 20, 65, 5895 }, // U+0168
    { 11, 17, 200, 2, 17, 47, 5960 }, // U+0169
    { 13, 19, 200, 2, 19, 62, 6007 }, // U+016A
    { 11, 16, 200, 2, 16, 44, 6069 }, // U+016B
    { 13, 20, 200, 2, 20, 65, 6113 }, // U+016C
    { 11, 17, 200, 2, 17, 47, 6178 }, // U+016D
    { 13, 20, 200, 2, 20, 65, 6225 }, // U+016E
    { 11, 17, 200, 2, 17, 47, 6290 }, // U+016F
    { 13, 20, 200, 2, 20, 65, 6337 }, // U+0170
    { 12, 17, 200, 2, 17, 51, 6402 }, // U+0171
    { 13, 19, 200, 2, 15, 62, 6453 }, // U+0172
    { 11, 16, 200, 2, 12, 44, 6515 }, // U+0173
    { 14, 20, 200, 1, 20, 70, 6559 }, // U+0174
    { 13, 17, 200, 2, 17, 56, 6629 }, // U+0175
    { 13, 20, 200, 3, 20, 65, 6685 }, // U+0176
    { 15, 21, 200, -1, 17, 79, 6750 }, // U+0177
    { 13, 20, 200, 3, 20, 65, 6829 }, // U+0178
    { 15, 20, 200, 0, 20, 75, 6894 }, // U+0179
    { 12, 17, 200, 1, 17, 51, 6969 }, // U+017A
    { 15, 20, 200, 0, 20, 75, 7020 }, // U+017B
    { 12, 17, 200, 1, 17, 51, 7095 }, // U+017C
    { 15, 20, 200, 0, 20, 75, 7146 }, // U+017D
    { 12, 17, 200, 1, 17, 51, 7221 }, // U+017E
    { 15, 21, 200, 0, 17, 79, 7272 }, // U+017F
    { 15, 17, 200, 1, 17, 64, 0 }, // U+01A0
    { 13, 14, 200, 2, 14, 46, 64 }, // U+01A1
    { 16, 17, 200, 1, 17, 68, 110 }, // U+01AF
    { 15, 14, 200, 1, 14, 53, 178 }, // U+01B0
    { 17, 20, 200, 0, 20, 85, 231 }, // U+01C4
    { 16, 17, 200, 0, 17, 68, 316 }, // U+01C5
    { 17, 18, 200, 0, 18, 77, 384 }, // U+01C6
    { 15, 15, 200, 0, 15, 57, 461 }, // U+01C7
    { 15, 21, 200, 0, 17, 79, 518 }, // U+01C8
    { 11, 21, 200, 2, 17, 58, 597 }, // U+01C9
    { 15, 15, 200, 0, 15, 57, 655 }, // U+01CA
    { 16, 21, 200, 0, 17, 84, 712 }, // U+01CB
    { 16, 21, 200, 0, 17, 84, 796 }, // U+01CC
    { 15, 20, 200, -1, 20, 75, 880 }, // U+01CD
    { 13, 17, 200, 1, 17, 56, 955 }, // U+01CE
    { 13, 20, 200, 1, 20, 65, 1011 }, // U+01CF
    { 9, 17, 200, 3, 17, 39, 1076 }, // U+01D0
    { 12, 20, 200, 2, 20, 60, 1115 }, // U+01D1
    { 11, 17, 200, 2, 17, 47, 1175 }, // U+01D2
    { 13, 20, 200, 2, 20, 65, 1222 }, // U+01D3
    { 11, 17, 200, 2, 17, 47, 1287 }, // U+01D4
    { 13, 21, 200, 2, 21, 69, 1334 }, // U+01D5
    { 11, 17, 200, 2, 17, 47, 1403 }, // U+01D6
    { 13, 20, 200, 2, 20, 65, 1450 }, // U+01D7
    { 11, 19, 200, 2, 19, 53, 1515 }, // U+01D8
    { 13, 21, 200, 2, 21, 69, 1568 }, // U+01D9
    { 11, 18, 200, 2, 18, 50, 1637 }, // U+01DA
    { 13, 21, 200, 2, 21, 69, 1687 }, // U+01DB
    { 11, 19, 200, 2, 19, 53, 1756 }, // U+01DC
    { 11, 12, 200, 2, 12, 33, 1809 }, // U+01DD
    { 15, 21, 200, -1, 21, 79, 1842 }, // U+01DE
    { 13, 17, 200, 1, 17, 56, 1921 }, // U+01DF
    { 15, 21, 200, -1, 21, 79, 1977 }, // U+01E0
    { 13, 18, 200, 1, 18, 59, 2056 }, // U+01E1
    { 16, 19, 200, 0, 19, 76, 2115 }, // U+01E2
    { 13, 16, 200, 1, 16, 52, 2191 }, // U+01E3
    { 12, 15, 200, 2, 15, 45, 2243 }, // U+01E4
    { 14, 16, 200, 0, 12, 56, 2288 }, // U+01E5
    { 13, 20, 200, 2, 20, 65, 2344 }, // U+01E6
    { 14, 21, 200, 0, 17, 74, 2409 }, // U+01E7
    { 14, 20, 200, 1, 20, 70, 2483 }, // U+01E8
    { 13, 21, 200, 1, 21, 69, 2553 }, // U+01E9
    { 13, 19, 200, 1, 15, 62, 2622 }, // U+01EA
    { 11, 16, 200, 2, 12, 44, 2684 }, // U+01EB
    { 13, 23, 200, 1, 19, 75, 2728 }, // U+01EC
    { 11, 20, 200, 2, 16, 55, 2803 }, // U+01ED
    { 15, 20, 200, 0, 20, 75, 2858 }, // U+01EE
    { 13, 22, 200, 0, 18, 72, 2933 }, // U+01EF
    { 14, 21, 200, 0, 17, 74, 3005 }, // U+01F0
    { 16, 15, 200, 0, 15, 60, 3079 }, // U+01F1
    { 15, 15, 200, 0, 15, 57, 3139 }, // U+01F2
    { 15, 17, 200, 0, 17, 64, 3196 }, // U+01F3
    { 12, 20, 200, 2, 20, 60, 3260 }, // U+01F4
    { 14, 21, 200, 0, 17, 74, 3320 }, // U+01F5
    { 14, 15, 200, 0, 15, 53, 3394 }, // U+01F6
    { 14, 19, 200, 0, 15, 67, 3447 }, // U+01F7
    { 14, 21, 200, 1, 21, 74, 3514 }, // U+01F8
    { 12, 18, 200, 1, 18, 54, 3588 }, // U+01F9
    { 14, 21, 200, -1, 21, 74, 3642 }, // U+01FA
    { 12, 20, 200, 1, 20, 60, 3716 }, // U+01FB
    { 16, 20, 200, 0, 20, 80, 3776 }, // U+01FC
    { 13, 17, 200, 1, 17, 56, 3856 }, // U+01FD
    { 14, 21, 200, 1, 20, 74, 3912 }, // U+01FE
    { 14, 18, 200, 0, 17, 63, 3986 }, // U+01FF
    { 14, 21, 200, -1, 21, 74, 4049 }, // U+0200
    { 12, 17, 200, 1, 17, 51, 4123 }, // U+0201
    { 14, 21, 200, -1, 21, 74, 4174 }, // U+0202
    { 12, 17, 200, 1, 17, 51, 4248 }, // U+0203
    { 14, 21, 200, 1, 21, 74, 4299 }, // U+0204
    { 12, 17, 200, 1, 17, 51, 4373 }, // U+0205
    { 14, 21, 200, 1, 21, 74, 4424 }, // U+0206
    { 12, 17, 200, 1, 17, 51, 4498 }, // U+0207
    { 13, 21, 200, 1, 21, 69, 4549 }, // U+0208
    { 9, 17, 200, 3, 17, 39, 4618 }, // U+0209
    { 13, 21, 200, 1, 21, 69, 4657 }, // U+020A
    { 9, 17, 200, 3, 17, 39, 4726 }, // U+020B
    { 12, 21, 200, 2, 21, 63, 4765 }, // U+020C
    { 11, 17, 200, 2, 17, 47, 4828 }, // U+020D
    { 12, 21, 200, 2, 21, 63, 4875 }, // U+020E
    { 11, 17, 200, 2, 17, 47, 4938 }, // U+020F
    { 13, 21, 200, 1, 21, 69, 4985 }, // U+0210
    { 12, 17, 200, 2, 17, 51, 5054 }, // U+0211
    { 13, 21, 200, 1, 21, 69, 5105 }, // U+0212
    { 12, 17, 200, 2, 17, 51, 5174 }, // U+0213
    { 13, 21, 200, 2, 21, 69, 5225 }, // U+0214
    { 11, 17, 200, 2, 17, 47, 5294 }, // U+0215
    { 13, 21, 200, 2, 21, 69, 5341 }, // U+0216
    { 11, 17, 200, 2, 17, 47, 5410 }, // U+0217
    { 13, 19, 200, 1, 15, 62, 5457 }, // U+0218
    { 12, 16, 200, 1, 12, 48, 5519 }, // U+0219
    { 13, 19, 200, 2, 15, 62, 5567 }, // U+021A
    { 10, 20, 200, 3, 16, 50, 5629 }, // U+021B
    { 15, 19, 200, -1, 15, 72, 5679 }, // U+021C
    { 13, 16, 200, 0, 12, 52, 5751 }, // U+021D
    { 15, 20, 200, 0, 20, 75, 5803 }, // U+021E
    { 11, 21, 200, 1, 21, 58, 5878 }, // U+021F
    { 7, 3, 200, 5, 17, 6, 0 }, // U+0311
    { 14, 21, 200, 1, 21, 74, 0 }, // U+0400
    { 14, 20, 200, 1, 20, 70, 74 }, // U+0401
    { 11, 15, 200, 2, 15, 42, 144 }, // U+0402
    { 15, 20, 200, 0, 20, 75, 186 }, // U+0403
    { 13, 15, 200, 2, 15, 49, 261 }, // U+0404
    { 13, 15, 200, 1, 15, 49, 310 }, // U+0405
    { 13, 15, 200, 1, 15, 49, 359 }, // U+0406
    { 13, 20, 200, 1, 20, 65, 408 }, // U+0407
    { 13, 15, 200, 1, 15, 49, 473 }, // U+0408
    { 13, 15, 200, 0, 15, 49, 522 }, // U+0409
    { 13, 15, 200, 0, 15, 49, 571 }, // U+040A
    { 11, 15, 200, 2, 15, 42, 620 }, // U+040B
    { 14, 20, 200, 1, 20, 70, 662 }, // U+040C
    { 14, 21, 200, 1, 21, 74, 732 }, // U+040D
    { 16, 20, 200, 0, 20, 80, 806 }, // U+040E
    { 15, 19, 200, 0, 15, 72, 886 }, // U+040F
    { 13, 15, 200, -1, 15, 49, 958 }, // U+0410
    { 13, 15, 200, 1, 15, 49, 1007 }, // U+0411
    { 13, 15, 200, 1, 15, 49, 1056 }, // U+0412
    { 15, 15, 200, 0, 15, 57, 1105 }, // U+0413
    { 16, 19, 200, -1, 15, 76, 1162 }, // U+0414
    { 14, 15, 200, 1, 15, 53, 1238 }, // U+0415
    { 17, 15, 200, -1, 15, 64, 1291 }, // U+0416
    { 14, 15, 200, 0, 15, 53, 1355 }, // U+0417
    { 14, 15, 200, 1, 15, 53, 1408 }, // U+0418
    { 14, 20, 200, 1, 20, 70, 1461 }, // U+0419
    { 14, 15, 200, 1, 15, 53, 1531 }, // U+041A
    { 15, 15, 200, 0, 15, 57, 1584 }, // U+041B
    { 14, 15, 200, 0, 15, 53, 1641 }, // U+041C
    { 15, 15, 200, 0, 15, 57, 1694 }, // U+041D
    { 12, 15, 200, 2, 15, 45, 1751 }, // U+041E
    { 15, 15, 200, 0, 15, 57, 1796 }, // U+041F
    { 13, 15, 200, 1, 15, 49, 1853 }, // U+0420
    { 13, 15, 200, 2, 15, 49, 1902 }, // U+0421
    { 12, 15, 200, 3, 15, 45, 1951 }, // U+0422
    { 16, 15, 200, 0, 15, 60, 1996 }, // U+0423
    { 12, 15, 200, 2, 15, 45, 2056 }, // U+0424
    { 16, 15, 200, 0, 15, 60, 2101 }, // U+0425
    { 15, 19, 200, 0, 15, 72, 2161 }, // U+0426
    { 12, 15, 200, 3, 15, 45, 2233 }, // U+0427
    { 15, 15, 200, 0, 15, 57, 2278 }, // U+0428
    { 15, 19, 200, 0, 15, 72, 2335 }, // U+0429
    { 11, 15, 200, 2, 15, 42, 2407 }, // U+042A
    { 15, 15, 200, 0, 15, 57, 2449 }, // U+042B
    { 12, 15, 200, 1, 15, 45, 2506 }, // U+042C
    { 13, 15, 200, 1, 15, 49, 2551 }, // U+042D
    { 14, 15, 200, 0, 15, 53, 2600 }, // U+042E
    { 15, 15, 200, 0, 15, 57, 2653 }, // U+042F
    { 12, 12, 200, 1, 12, 36, 2710 }, // U+0430
    { 13, 17, 200, 2, 17, 56, 2746 }, // U+0431
    { 11, 12, 200, 1, 12, 33, 2802 }, // U+0432
    { 12, 12, 200, 1, 12, 36, 2835 }, // U+0433
    { 11, 17, 200, 2, 17, 47, 2871 }, // U+0434
    { 12, 12, 200, 1, 12, 36, 2918 }, // U+0435
    { 16, 12, 200, -1, 12, 48, 2954 }, // U+0436
    { 12, 12, 200, 1, 12, 36, 3002 }, // U+0437
    { 11, 12, 200, 2, 12, 33, 3038 }, // U+0438
    { 11, 17, 200, 2, 17, 47, 3071 }, // U+0439
    { 13, 12, 200, 1, 12, 39, 3118 }, // U+043A
    { 14, 12, 200, 0, 12, 42, 3157 }, // U+043B
    { 14, 12, 200, 0, 12, 42, 3199 }, // U+043C
    { 13, 12, 200, 1, 12, 39, 3241 }, // U+043D
    { 11, 12, 200, 2, 12, 33, 3280 }, // U+043E
    { 12, 12, 200, 1, 12, 36, 3313 }, // U+043F
    { 13, 16, 200, 0, 12, 52, 3349 }, // U+0440
    { 12, 12, 200, 1, 12, 36, 3401 }, // U+0441
    { 14, 12, 200, 0, 12, 42, 3437 }, // U+0442
    { 15, 16, 200, -1, 12, 60, 3479 }, // U+0443
    { 13, 21, 200, 1, 17, 69, 3539 }, // U+0444
    { 14, 12, 200, 0, 12, 42, 3608 }, // U+0445
    { 12, 15, 200, 1, 12, 45, 3650 }, // U+0446
    { 12, 12, 200, 2, 12, 36, 3695 }, // U+0447
    { 14, 12, 200, 0, 12, 42, 3731 }, // U+0448
    { 14, 15, 200, 0, 12, 53, 3773 }, // U+0449
    { 11, 12, 200, 2, 12, 33, 3826 }, // U+044A
    { 14, 12, 200, 0, 12, 42, 3859 }, // U+044B
    { 11, 12, 200, 1, 12, 33, 3901 }, // U+044C
    { 12, 12, 200, 1, 12, 36, 3934 }, // U+044D
    { 14, 12, 200, 0, 12, 42, 3970 }, // U+044E
    { 13, 12, 200, 1, 12, 39, 4012 }, // U+044F
    { 12, 18, 200, 1, 18, 54, 4051 }, // U+0450
    { 13, 17, 200, 1, 17, 56, 4105 }, // U+0451
    { 11, 21, 200, 2, 17, 58, 4161 }, // U+0452
    { 12, 17, 200, 1, 17, 51, 4219 }, // U+0453
    { 11, 12, 200, 2, 12, 33, 4270 }, // U+0454
    { 12, 12, 200, 1, 12, 36, 4303 }, // U+0455
    { 8, 17, 200, 3, 17, 34, 4339 }, // U+0456
    { 9, 17, 200, 3, 17, 39, 4373 }, // U+0457
    { 13, 21, 200, 0, 17, 69, 4412 }, // U+0458
    { 13, 12, 200, 0, 12, 39, 4481 }, // U+0459
    { 13, 12, 200, 0, 12, 39, 4520 }, // U+045A
    { 11, 17, 200, 2, 17, 47, 4559 }, // U+045B
    { 13, 17, 200, 1, 17, 56, 4606 }, // U+045C
    { 11, 18, 200, 2, 18, 50, 4662 }, // U+045D
    { 15, 21, 200, -1, 17, 79, 4712 }, // U+045E
    { 11, 16, 200, 2, 12, 44, 4791 }, // U+045F
    { 11, 17, 200, 2, 17, 47, 4835 }, // U+0462
    { 13, 12, 200, 0, 12, 39, 4882 }, // U+0463
    { 13, 15, 200, 1, 15, 49, 4921 }, // U+0472
    { 11, 12, 200, 2, 12, 33, 4970 }, // U+0473
    { 13, 15, 200, 3, 15, 49, 5003 }, // U+0474
    { 13, 12, 200, 2, 12, 39, 5052 }, // U+0475
    { 13, 25, 200, 1, 21, 82, 5091 }, // U+048A
    { 11, 22, 200, 2, 18, 61, 5173 }, // U+048B
    { 10, 15, 200, 2, 15, 38, 5234 }, // U+048C
    { 11, 12, 200, 1, 12, 33, 5272 }, // U+048D
    { 13, 15, 200, 1, 15, 49, 5305 }, // U+048E
    { 13, 16, 200, 0, 12, 52, 5354 }, // U+048F
    { 16, 18, 200, 0, 18, 72, 5406 }, // U+0490
    { 11, 15, 200, 2, 15, 42, 5478 }, // U+0491
    { 15, 15, 200, 0, 15, 57, 5520 }, // U+0492
    { 11, 12, 200, 2, 12, 33, 5577 }, // U+0493
    { 12, 19, 200, 1, 15, 57, 5610 }, // U+0494
    { 11, 16, 200, 1, 12, 44, 5667 }, // U+0495
    { 17, 19, 200, -1, 15, 81, 5711 }, // U+0496
    { 16, 15, 200, -1, 12, 60, 5792 }, // U+0497
    { 14, 19, 200, 0, 15, 67, 5852 }, // U+0498
    { 12, 16, 200, 1, 12, 48, 5919 }, // U+0499
    { 14, 19, 200, 1, 15, 67, 5967 }, // U+049A
    { 13, 15, 200, 1, 12, 49, 6034 }, // U+049B
    { 15, 15, 200, 0, 15, 57, 6083 }, // U+049C
    { 14, 12, 200, 0, 12, 42, 6140 }, // U+049D
    { 14, 15, 200, 1, 15, 53, 6182 }, // U+049E
    { 13, 13, 200, 1, 13, 43, 6235 }, // U+049F
    { 13, 15, 200, 2, 15, 49, 6278 }, // U+04A0
    { 12, 12, 200, 2, 12, 36, 6327 }, // U+04A1
    { 15, 19, 200, 0, 15, 72, 6363 }, // U+04A2
    { 12, 15, 200, 1, 12, 45, 6435 }, // U+04A3
    { 16, 15, 200, 0, 15, 60, 6480 }, // U+04A4
    { 14, 12, 200, 1, 12, 42, 6540 }, // U+04A5
    { 13, 20, 200, 0, 15, 65, 6582 }, // U+04A6
    { 13, 16, 200, 0, 12, 52, 6647 }, // U+04A7
    { 13, 19, 200, 1, 15, 62, 6699 }, // U+04A8
    { 12, 16, 200, 1, 12, 48, 6761 }, // U+04A9
    { 13, 19, 200, 2, 15, 62, 6809 }, // U+04AA
    { 12, 16, 200, 1, 12, 48, 6871 }, // U+04AB
    { 12, 19, 200, 3, 15, 57, 6919 }, // U+04AC
    { 14, 15, 200, 0, 12, 53, 6976 }, // U+04AD
    { 13, 15, 200, 3, 15, 49, 7029 }, // U+04AE
    { 11, 16, 200, 3, 12, 44, 7078 }, // U+04AF
    { 14, 15, 200, 2, 15, 53, 7122 }, // U+04B0
    { 13, 16, 200, 1, 12, 52, 7175 }, // U+04B1
    { 15, 19, 200, 0, 15, 72, 7227 }, // U+04B2
    { 14, 15, 200, 0, 12, 53, 7299 }, // U+04B3
    { 13, 19, 200, 2, 15, 62, 7352 }, // U+04B4
    { 11, 15, 200, 2, 12, 42, 7414 }, // U+04B5
    { 12, 19, 200, 3, 15, 57, 7456 }, // U+04B6
    { 11, 15, 200, 2, 12, 42, 7513 }, // U+04B7
    { 12, 15, 200, 3, 15, 45, 7555 }, // U+04B8
    { 12, 12, 200, 2, 12, 36, 7600 }, // U+04B9
    { 12, 15, 200, 1, 15, 45, 7636 }, // U+04BA
    { 11, 17, 200, 1, 17, 47, 7681 }, // U+04BB
    { 13, 15, 200, 2, 15, 49, 7728 }, // U+04BC
    { 13, 12, 200, 1, 12, 39, 7777 }, // U+04BD
    { 13, 19, 200, 2, 15, 62, 7816 }, // U+04BE
    { 13, 15, 200, 1, 12, 49, 7878 }, // U+04BF
    { 13, 15, 200, 1, 15, 49, 7927 }, // U+04C0
    { 17, 20, 200, -1, 20, 85, 7976 }, // U+04C1
    { 16, 17, 200, -1, 17, 68, 8061 }, // U+04C2
    { 14, 19, 200, 1, 15, 67, 8129 }, // U+04C3
    { 13, 16, 200, 1, 12, 52, 8196 }, // U+04C4
    { 14, 19, 200, 0, 15, 67, 8248 }, // U+04C5
    { 13, 16, 200, 0, 12, 52, 8315 }, // U+04C6
    { 15, 19, 200, 0, 15, 72, 8367 }, // U+04C7
    { 13, 16, 200, 1, 12, 52, 8439 }, // U+04C8
    { 14, 19, 200, 0, 15, 67, 8491 }, // U+04C9
    { 12, 16, 200, 1, 12, 48, 8558 }, // U+04CA
    { 12, 19, 200, 3, 15, 57, 8606 }, // U+04CB
    { 12, 15, 200, 2, 12, 45, 8663 }, // U+04CC
    { 14, 19, 200, 0, 15, 67, 8708 }, // U+04CD
    { 13, 16, 200, 0, 12, 52, 8775 }, // U+04CE
    { 13, 15, 200, 1, 15, 49, 8827 }, // U+04CF
    { 15, 20, 200, -1, 20, 75, 8876 }, // U+04D0
    { 13, 17, 200, 1, 17, 56, 8951 }, // U+04D1
    { 15, 20, 200, -1, 20, 75, 9007 }, // U+04D2
    { 13, 17, 200, 1, 17, 56, 9082 }, // U+04D3
    { 16, 15, 200, 0, 15, 60, 9138 }, // U+04D4
    { 13, 12, 200, 1, 12, 39, 9198 }, // U+04D5
    { 14, 20, 200, 1, 20, 70, 9237 }, // U+04D6
    { 13, 17, 200, 1, 17, 56, 9307 }, // U+04D7
    { 13, 15, 200, 1, 15, 49, 9363 }, // U+04D8
    { 12, 12, 200, 2, 12, 36, 9412 }, // U+04D9
    { 13, 20, 200, 1, 20, 65, 9448 }, // U+04DA
    { 12, 17, 200, 2, 17, 51, 9513 }, // U+04DB
    { 17, 20, 200, -1, 20, 85, 9564 }, // U+04DC
    { 16, 17, 200, -1, 17, 68, 9649 }, // U+04DD
    { 14, 20, 200, 0, 20, 70, 9717 }, // U+04DE
    { 12, 17, 200, 1, 17, 51, 9787 }, // U+04DF
    { 15, 15, 200, 0, 15, 57, 9838 }, // U+04E0
    { 13, 19, 200, 0, 15, 62, 9895 }, // U+04E1
    { 14, 19, 200, 1, 19, 67, 9957 }, // U+04E2
    { 11, 16, 200, 2, 16, 44, 10024 }, // U+04E3
    { 14, 20, 200, 1, 20, 70, 10068 }, // U+04E4
    { 11, 17, 200, 2, 17, 47, 10138 }, // U+04E5
    { 12, 20, 200, 2, 20, 60, 10185 }, // U+04E6
    { 12, 17, 200, 2, 17, 51, 10245 }, // U+04E7
    { 13, 15, 200, 1, 15, 49, 10296 }, // U+04E8
    { 11, 12, 200, 2, 12, 33, 10345 }, // U+04E9
    { 13, 20, 200, 1, 20, 65, 10378 }, // U+04EA
    { 12, 17, 200, 2, 17, 51, 10443 }, // U+04EB
    { 13, 20, 200, 1, 20, 65, 10494 }, // U+04EC
    { 12, 17, 200, 1, 17, 51, 10559 }, // U+04ED
    { 16, 19, 200, 0, 19, 76, 10610 }, // U+04EE
    { 15, 20, 200, -1, 16, 75, 10686 }, // U+04EF
    { 16, 20, 200, 0, 20, 80, 10761 }, // U+04F0
    { 15, 21, 200, -1, 17, 79, 10841 }, // U+04F1
    { 16, 20, 200, 0, 20, 80, 10920 }, // U+04F2
    { 16, 21, 200, -1, 17, 84, 11000 }, // U+04F3
    { 12, 20, 200, 3, 20, 60, 11084 }, // U+04F4
    { 12, 17, 200, 2, 17, 51, 11144 }, // U+04F5
    { 15, 19, 200, 0, 15, 72, 11195 }, // U+04F6
    { 12, 15, 200, 1, 12, 45, 11267 }, // U+04F7
    { 15, 20, 200, 0, 20, 75, 11312 }, // U+04F8
    { 14, 17, 200, 0, 17, 60, 11387 }, // U+04F9
    { 13, 21, 200, 3, 21, 69, 0 }, // U+1EF2
    { 15, 22, 200, -1, 18, 83, 69 }, // U+1EF3
    { 10, 2, 200, 2, 8, 5, 0 }, // U+2013
    { 14, 2, 200, 0, 8, 7, 5 }, // U+2014
    { 14, 2, 200, 0, 8, 7, 12 }, // U+2015
    { 7, 6, 200, 6, 17, 11, 19 }, // U+2018
    { 7, 6, 200, 5, 15, 11, 30 }, // U+2019
    { 7, 6, 200, 2, 3, 11, 41 }, // U+201A
    { 12, 6, 200, 3, 17, 18, 52 }, // U+201C
    { 11, 6, 200, 3, 17, 17, 70 }, // U+201D
    { 12, 6, 200, 0, 3, 18, 87 }, // U+201E
    { 10, 18, 200, 3, 15, 45, 105 }, // U+2020
    { 11, 18, 200, 2, 15, 50, 150 }, // U+2021
    { 7, 7, 200, 4, 11, 13, 200 }, // U+2022
    { 12, 3, 200, 0, 3, 9, 213 }, // U+2026
    { 14, 15, 200, 1, 15, 53, 222 }, // U+2030
    { 7, 10, 200, 4, 12, 18, 275 }, // U+2039
    { 6, 10, 200, 4, 11, 15, 293 }, // U+203A
    { 15, 17, 200, 0, 17, 64, 308 }, // U+2044
    { 8, 8, 200, 4, 15, 16, 0 }, // U+2070
    { 8, 9, 200, 4, 16, 18, 16 }, // U+2074
    { 9, 9, 200, 4, 16, 21, 34 }, // U+2075
    { 8, 9, 200, 4, 16, 18, 55 }, // U+2076
    { 8, 9, 200, 5, 16, 18, 73 }, // U+2077
    { 8, 8, 200, 5, 15, 16, 91 }, // U+2078
    { 8, 9, 200, 4, 15, 18, 107 }, // U+2079
    { 8, 8, 200, 3, 8, 16, 125 }, // U+2080
    { 7, 9, 200, 3, 9, 16, 141 }, // U+2081
    { 8, 8, 200, 3, 8, 16, 157 }, // U+2082
    { 8, 8, 200, 3, 8, 16, 173 }, // U+2083
    { 9, 9, 200, 2, 9, 21, 189 }, // U+2084
    { 9, 9, 200, 2, 9, 21, 210 }, // U+2085
    { 8, 9, 200, 3, 9, 18, 231 }, // U+2086
    { 9, 9, 200, 3, 9, 21, 249 }, // U+2087
    { 8, 8, 200, 3, 8, 16, 270 }, // U+2088
    { 8, 9, 200, 3, 9, 18, 286 }, // U+2089
    { 14, 16, 200, 1, 16, 56, 0 }, // U+20AC
    { 13, 15, 200, 2, 15, 49, 56 }, // U+20AE
    { 13, 15, 200, 1, 15, 49, 105 }, // U+20B4
    { 14, 15, 200, 2, 15, 53, 154 }, // U+20B9
    { 13, 16, 200, 1, 16, 52, 0 }, // U+2202
    { 13, 15, 200, -1, 15, 49, 52 }, // U+2206
    { 15, 17, 200, 0, 15, 64, 101 }, // U+220F
    { 15, 15, 200, 0, 15, 57, 165 }, // U+2211
    { 11, 2, 200, 2, 8, 6, 222 }, // U+2212
    { 15, 17, 200, 0, 17, 64, 228 }, // U+2215
    { 5, 3, 200, 5, 8, 4, 292 }, // U+2219
    { 15, 17, 200, 1, 17, 64, 296 }, // U+221A
    { 12, 5, 200, 1, 8, 15, 360 }, // U+221E
    { 14, 21, 200, 0, 17, 74, 375 }, // U+222B
    { 13, 8, 200, 1, 13, 26, 449 }, // U+2248
    { 13, 13, 200, 1, 15, 43, 475 }, // U+2260
    { 14, 15, 200, 0, 15, 53, 518 }, // U+2264
    { 14, 14, 200, 0, 14, 49, 571 }, // U+2265
    { 18, 21, 200, -3, 17, 95, 0 }, // U+FB01
    { 18, 21, 200, -3, 17, 95, 95 }, // U+FB02
    { 13, 12, 200, 1, 12, 39, 0 }, // U+FFFD
};

static const EpdUnicodeInterval ubuntumono_12_italicIntervals[] = {
    { 0x0, 0x0, 0x0 },
    { 0x8, 0x9, 0x1 },
    { 0xD, 0xD, 0x3 },
    { 0x1D, 0x1D, 0x4 },
    { 0x20, 0x7E, 0x5 },
    { 0xA0, 0xFF, 0x64 },
    { 0x100, 0x17F, 0xC4 },
    { 0x1A0, 0x1A1, 0x144 },
    { 0x1AF, 0x1B0, 0x146 },
    { 0x1C4, 0x21F, 0x148 },
    { 0x311, 0x311, 0x1A4 },
    { 0x400, 0x45F, 0x1A5 },
    { 0x462, 0x463, 0x205 },
    { 0x472, 0x475, 0x207 },
    { 0x48A, 0x4F9, 0x20B },
    { 0x1EF2, 0x1EF3, 0x27B },
    { 0x2013, 0x2015, 0x27D },
    { 0x2018, 0x201A, 0x280 },
    { 0x201C, 0x201E, 0x283 },
    { 0x2020, 0x2022, 0x286 },
    { 0x2026, 0x2026, 0x289 },
    { 0x2030, 0x2030, 0x28A },
    { 0x2039, 0x203A, 0x28B },
    { 0x2044, 0x2044, 0x28D },
    { 0x2070, 0x2070, 0x28E },
    { 0x2074, 0x2079, 0x28F },
    { 0x2080, 0x2089, 0x295 },
    { 0x20AC, 0x20AC, 0x29F },
    { 0x20AE, 0x20AE, 0x2A0 },
    { 0x20B4, 0x20B4, 0x2A1 },
    { 0x20B9, 0x20B9, 0x2A2 },
    { 0x2202, 0x2202, 0x2A3 },
    { 0x2206, 0x2206, 0x2A4 },
    { 0x220F, 0x220F, 0x2A5 },
    { 0x2211, 0x2212, 0x2A6 },
    { 0x2215, 0x2215, 0x2A8 },
    { 0x2219, 0x221A, 0x2A9 },
    { 0x221E, 0x221E, 0x2AB },
    { 0x222B, 0x222B, 0x2AC },
    { 0x2248, 0x2248, 0x2AD },
    { 0x2260, 0x2260, 0x2AE },
    { 0x2264, 0x2265, 0x2AF },
    { 0xFB01, 0xFB02, 0x2B1 },
    { 0xFFFD, 0xFFFD, 0x2B3 },
};

static const EpdFontGroup ubuntumono_12_italicGroups[] = {
    { 0, 2341, 4556, 100, 0 },
    { 2341, 2119, 5201, 96, 100 },
    { 4460, 2631, 8229, 128, 196 },
    { 7091, 2703, 6637, 96, 324 },
    { 9794, 8, 6, 1, 420 },
    { 9802, 5096, 12717, 214, 421 },
    { 14898, 109, 172, 2, 635 },
    { 15007, 307, 411, 17, 637 },
    { 15314, 262, 330, 17, 654 },
    { 15576, 163, 244, 4, 671 },
    { 15739, 395, 699, 14, 675 },
    { 16134, 139, 210, 2, 689 },
    { 16273, 47, 48, 1, 691 },
};

static const EpdFontData ubuntumono_12_italic = {
    ubuntumono_12_italicBitmaps,
    ubuntumono_12_italicGlyphs,
    ubuntumono_12_italicIntervals,
    44,
    25,
    21,
    -5,
    true,
    ubuntumono_12_italicGroups,
    13,
    nullptr,
    nullptr,
    nullptr,
    nullptr,
    0,
    0,
    0,
    0,
    nullptr,
    0,
};
