/**
 * generated by fontconvert.py
 * name: ubuntumono_16_bolditalic
 * size: 16
 * mode: 2-bit  compressed: true
 * Command used: fontconvert.py ubuntumono_16_bolditalic 16 ../builtinFonts/source/UbuntuMono/UbuntuMono-BoldItalic.ttf --2bit --compress
 */
#pragma once
#include "EpdFontData.h"

static const uint8_t ubuntumono_16_bolditalicBitmaps[24807] = {
    0x9D, 0x59, 0x3D, 0x93, 0xE5, 0x46, 0x15, 0x6D, 0x49, 0xB0, 0xAA, 0xB2, 0x0A, 0xCB, 0x01, 0xAE,
    0x32, 0x1E, 0x58, 0x39, 0xA5, 0x28, 0x4A, 0x09, 0x01, 0x04, 0xDE, 0x96, 0xED, 0xC0, 0x01, 0x81,
    0x49, 0x1C, 0x93, 0x38, 0x1F, 0xFE, 0x80, 0xB7, 0x85, 0x1D, 0x38, 0x20, 0xF0, 0xFE, 0x03, 0xF8,
    0x07, 0x4E, 0x09, 0x76, 0x46, 0xBD, 0x4B, 0xE0, 0xD0, 0x02, 0x02, 0x02, 0x07, 0x68, 0x61, 0xCB,
    0x04, 0x04, 0xEE, 0x35, 0xC2, 0xAB, 0x2D, 0xB7, 0xD4, 0x9C, 0x73, 0x5B, 0xD2, 0x7B, 0x33, 0x3B,
    0xB3, 0x0B, 0xCC, 0x8C, 0x7A, 0xDE, 0xD3, 0x47, 0xF7, 0xFD, 0x3C, 0xF7, 0xDC, 0x96, 0xD2, 0x83,
    0x32, 0xBD, 0xEA, 0x2C, 0xFF, 0x42, 0x8B, 0xBF, 0x24, 0x34, 0x69, 0x50, 0xF8, 0xCB, 0x16, 0x95,
    0xCD, 0x2A, 0xF3, 0x2A, 0x9F, 0x54, 0x3E, 0xAA, 0xDC, 0xA9, 0xF8, 0x53, 0xF7, 0xCA, 0x38, 0xA5,
    0x5B, 0x55, 0x0F, 0x41, 0xE9, 0x3F, 0xE2, 0xB8, 0xB7, 0x28, 0x7D, 0x7F, 0x56, 0xE6, 0x43, 0xAF,
    0x4C, 0x36, 0xE1, 0x18, 0xD5, 0x59, 0xE6, 0xD4, 0xDD, 0xAC, 0xC7, 0xED, 0x73, 0xD9, 0xAB, 0xC4,
    0x57, 0x56, 0xA5, 0x53, 0xDD, 0xAA, 0xCC, 0x69, 0xA5, 0x0A, 0xD7, 0xA9, 0x22, 0x84, 0x30, 0x94,
    0x18, 0x7A, 0x0E, 0x16, 0x0F, 0x61, 0xFE, 0xF3, 0x62, 0x38, 0x7A, 0xC0, 0xE0, 0x82, 0xEA, 0x42,
    0x58, 0x14, 0x3E, 0xCC, 0xAA, 0xB4, 0x1E, 0x8B, 0xDF, 0xC3, 0xA0, 0xDF, 0x1A, 0x95, 0x32, 0xF9,
    0xF6, 0x00, 0x26, 0xE4, 0x58, 0x72, 0xB5, 0xD2, 0x2A, 0xC8, 0x3E, 0x29, 0x55, 0x85, 0xD0, 0x70,
    0x06, 0x05, 0x95, 0x7E, 0xA0, 0x12, 0xFC, 0x57, 0xC9, 0xC2, 0x81, 0x9F, 0x54, 0xE0, 0xBD, 0xDD,
    0x4C, 0x6D, 0xA0, 0xB4, 0xCA, 0x02, 0x27, 0x30, 0x23, 0x27, 0x98, 0x38, 0xDF, 0x3A, 0xDC, 0x6C,
    0x6A, 0x68, 0x0A, 0x41, 0x39, 0xB4, 0x90, 0x99, 0xE7, 0x4D, 0xC3, 0x81, 0xB3, 0x74, 0x1C, 0xCE,
    0x45, 0x80, 0x5E, 0xDD, 0x82, 0x5C, 0xA3, 0x82, 0x74, 0x61, 0x82, 0x2A, 0xC9, 0xE4, 0x0B, 0xA8,
    0xEC, 0xA6, 0xBA, 0x51, 0xD9, 0x30, 0xBD, 0x8F, 0x35, 0xFE, 0xF6, 0x68, 0xE2, 0x4A, 0x7F, 0x1F,
    0x28, 0xE1, 0x5F, 0x2D, 0x1F, 0xD5, 0x62, 0xD0, 0xB3, 0xDB, 0x18, 0xD2, 0xAF, 0x61, 0x04, 0x95,
    0xFF, 0x83, 0x63, 0xF5, 0xF1, 0xA7, 0x18, 0x75, 0xF9, 0x36, 0x46, 0x5F, 0x61, 0x9E, 0xCC, 0x55,
    0x15, 0x96, 0xEF, 0x2B, 0x08, 0x5F, 0x37, 0x25, 0xE4, 0xBE, 0x4D, 0x97, 0x40, 0x9B, 0x0E, 0xD2,
    0x17, 0xC1, 0x51, 0x0F, 0xCC, 0xAE, 0x3F, 0xC0, 0xFA, 0x5D, 0x82, 0x4F, 0xE7, 0xF0, 0x01, 0xAC,
    0x83, 0x0B, 0x46, 0x73, 0x2E, 0x6A, 0xAD, 0xC7, 0x1F, 0x42, 0x7D, 0x38, 0xA0, 0xF8, 0x66, 0x3A,
    0x57, 0xF5, 0xFD, 0x79, 0x56, 0xBA, 0x09, 0xF0, 0x99, 0xD2, 0x0E, 0x43, 0x8D, 0x48, 0xF8, 0x75,
    0x27, 0xFA, 0x3A, 0x4C, 0xF7, 0x18, 0x5E, 0x5F, 0xDE, 0xF2, 0xAA, 0x76, 0x7A, 0xD0, 0xBD, 0xB6,
    0xC6, 0x9A, 0xA6, 0x83, 0xB6, 0x77, 0xF1, 0x0B, 0x71, 0x61, 0x04, 0xB8, 0x48, 0x75, 0x3D, 0x94,
    0xB1, 0xAA, 0x84, 0x69, 0xEB, 0x51, 0xBE, 0x22, 0x7E, 0x18, 0x3A, 0xAA, 0x80, 0x28, 0x25, 0x4E,
    0x55, 0x4E, 0x42, 0x46, 0x89, 0x18, 0x38, 0x4C, 0x1B, 0x4D, 0x78, 0x7C, 0x20, 0x98, 0xE4, 0x1A,
    0xEF, 0x2B, 0x71, 0x7F, 0x81, 0xE7, 0x32, 0x7A, 0x87, 0xC7, 0xAF, 0x68, 0xA3, 0x3B, 0x38, 0x81,
    0x93, 0xB9, 0x5F, 0xDD, 0x48, 0xD3, 0x1F, 0x3F, 0x55, 0xF1, 0x80, 0x65, 0xCB, 0x21, 0xFE, 0xE7,
    0xF7, 0x6D, 0x55, 0x43, 0x39, 0x1B, 0xF1, 0xFC, 0x26, 0x58, 0xC5, 0x00, 0x1A, 0x70, 0xCA, 0xAA,
    0x9C, 0x36, 0xF5, 0xF2, 0x15, 0xE6, 0x50, 0xEA, 0x15, 0x2E, 0x27, 0xC2, 0xB6, 0xEA, 0xA7, 0xFA,
    0x83, 0x56, 0xD7, 0xBF, 0xB4, 0xDD, 0x97, 0x5D, 0x8F, 0x40, 0xEC, 0x4F, 0x10, 0x8B, 0x9C, 0x2E,
    0x0D, 0xA3, 0x2A, 0xBE, 0x9E, 0x55, 0xF5, 0x28, 0xA8, 0x7C, 0x80, 0x90, 0xF6, 0x35, 0x98, 0x04,
    0x93, 0x64, 0xD3, 0x7A, 0x50, 0x56, 0x2A, 0x22, 0xE6, 0xF4, 0x88, 0xC3, 0xB1, 0x13, 0xB3, 0xDA,
    0x55, 0xEC, 0x26, 0x86, 0x10, 0xD5, 0xA0, 0x3A, 0x1E, 0x81, 0x41, 0x49, 0x0A, 0x19, 0xD3, 0x85,
    0x9A, 0x23, 0xED, 0xBA, 0x81, 0x82, 0xBF, 0x47, 0xEF, 0x8E, 0x1A, 0x9E, 0x0B, 0xCE, 0x84, 0xA1,
    0xB0, 0xDA, 0x75, 0xF8, 0x35, 0x03, 0xF2, 0x69, 0x0B, 0x68, 0xB1, 0x96, 0x98, 0x27, 0x5A, 0x50,
    0xD1, 0x9D, 0xAB, 0x22, 0x58, 0xA6, 0x95, 0xA0, 0xE7, 0xC0, 0xB9, 0xF7, 0x1B, 0x19, 0x42, 0xE2,
    0x20, 0xDC, 0xC8, 0x8C, 0x10, 0x53, 0x5D, 0xB8, 0x31, 0x93, 0x1B, 0x25, 0x1F, 0x2E, 0xCC, 0xBB,
    0xDE, 0xD8, 0x5C, 0x2D, 0xC0, 0x78, 0x59, 0x00, 0x58, 0x0C, 0x78, 0x01, 0x03, 0x74, 0xC1, 0xA7,
    0xE1, 0xAD, 0x39, 0xF3, 0xC9, 0x02, 0xDB, 0x2C, 0x70, 0xD7, 0x02, 0x37, 0x2D, 0xFA, 0xFE, 0x83,
    0x59, 0xFF, 0xE6, 0xD1, 0x6C, 0xDE, 0xBE, 0xEF, 0x4D, 0x93, 0xF9, 0x0E, 0xDA, 0x77, 0x82, 0x13,
    0xA5, 0xEB, 0x1A, 0x6D, 0xF5, 0xBD, 0xD0, 0x6A, 0x18, 0xBF, 0x44, 0x94, 0x73, 0x2A, 0x25, 0x96,
    0x84, 0xF7, 0x0A, 0x7C, 0xE9, 0x42, 0x9B, 0x23, 0xDB, 0xB3, 0x05, 0x98, 0xF5, 0x20, 0xA8, 0x84,
    0x92, 0x53, 0x1C, 0xCA, 0xCE, 0x03, 0x86, 0x94, 0x88, 0xA2, 0xFC, 0x3C, 0x18, 0x1F, 0x58, 0x14,
    0x8E, 0xB1, 0x70, 0x8C, 0x0D, 0x4C, 0xED, 0xA4, 0xE3, 0xC9, 0xC0, 0xF4, 0x25, 0x66, 0x9C, 0xBF,
    0x01, 0xD5, 0x5E, 0xA3, 0xF1, 0x55, 0x1C, 0xC2, 0x66, 0x91, 0x92, 0x1A, 0x22, 0x5F, 0x24, 0x76,
    0x54, 0xB1, 0x48, 0x5E, 0xAD, 0xDF, 0xF2, 0x65, 0x53, 0x5E, 0x74, 0x97, 0x44, 0x32, 0x41, 0xB4,
    0x16, 0x80, 0xE9, 0x1E, 0xE2, 0x32, 0xA7, 0x2F, 0x89, 0x78, 0x65, 0xD3, 0xD9, 0xCD, 0x40, 0x32,
    0x30, 0x33, 0x52, 0x06, 0x69, 0x10, 0xA0, 0x80, 0x43, 0xF2, 0xC0, 0xC9, 0x18, 0xB0, 0x71, 0xF1,
    0x64, 0x1F, 0xA0, 0xDF, 0x8B, 0x4D, 0xE5, 0x09, 0x73, 0xA3, 0x68, 0xA2, 0x6E, 0x08, 0x38, 0x29,
    0xE2, 0x78, 0x34, 0x51, 0x49, 0xEF, 0x48, 0xE2, 0x73, 0xC9, 0xEC, 0x09, 0x1E, 0x2B, 0x1F, 0xCC,
    0x2B, 0x48, 0x04, 0x18, 0x26, 0xF3, 0x08, 0xD5, 0xC2, 0x01, 0x48, 0x2A, 0x1B, 0x03, 0x35, 0x1C,
    0x61, 0xEE, 0xB1, 0x64, 0x0C, 0xD9, 0x88, 0x7B, 0x0C, 0xD8, 0x42, 0xA4, 0x5F, 0x87, 0x56, 0x3C,
    0x11, 0xEF, 0xD0, 0xDB, 0x1D, 0x2A, 0x3C, 0x94, 0x65, 0x1B, 0x48, 0x42, 0x3D, 0xBE, 0x4D, 0x84,
    0x52, 0x15, 0x05, 0xCC, 0x2F, 0x0E, 0xB0, 0xD6, 0xEB, 0x2C, 0x27, 0x74, 0x04, 0xD7, 0xE5, 0xEC,
    0x7C, 0x16, 0xEA, 0x30, 0x63, 0xC3, 0x6A, 0x30, 0xF3, 0x84, 0x26, 0x6E, 0xD7, 0x78, 0x94, 0x40,
    0xAC, 0xBE, 0x20, 0xE6, 0xF0, 0x31, 0xB1, 0xB3, 0xEE, 0x91, 0xD3, 0xA6, 0xC5, 0xA4, 0xA6, 0x61,
    0xE6, 0x70, 0x30, 0x2D, 0xDC, 0xAE, 0x2D, 0x6E, 0x27, 0x84, 0xD1, 0x56, 0x2D, 0x4C, 0x2A, 0xF0,
    0x31, 0xC8, 0xC4, 0xA1, 0xE1, 0xC0, 0x0B, 0x61, 0xB3, 0x73, 0xED, 0xB6, 0xE8, 0x0E, 0x5B, 0x54,
    0x4B, 0xF4, 0xCB, 0x9A, 0x92, 0x24, 0xFB, 0xC5, 0xE8, 0x08, 0x7F, 0xA4, 0xCA, 0x9A, 0x4C, 0xD1,
    0xFB, 0x36, 0xAA, 0xC1, 0xB8, 0x1F, 0x61, 0x0B, 0x9F, 0x2E, 0xE9, 0x82, 0xBB, 0x03, 0x8C, 0x8E,
    0xFF, 0xC9, 0x9C, 0x2E, 0x78, 0x8C, 0x81, 0xD1, 0xB1, 0xE2, 0x42, 0x94, 0x31, 0x58, 0x6D, 0x6B,
    0x89, 0xF9, 0x20, 0x47, 0xE5, 0x42, 0x6B, 0x7A, 0x9A, 0xA6, 0x86, 0xD4, 0x69, 0x18, 0x56, 0xCF,
    0x72, 0x42, 0x3C, 0x35, 0xC3, 0x24, 0x6F, 0x06, 0x4A, 0x80, 0xE0, 0xA7, 0xB6, 0xF9, 0x18, 0x55,
    0x8E, 0x66, 0x68, 0xF3, 0x19, 0x58, 0x9C, 0x89, 0x6E, 0x32, 0xD4, 0x5F, 0xCC, 0xEA, 0xD8, 0x82,
    0xA8, 0xFB, 0xEA, 0x04, 0x66, 0xD6, 0x0C, 0x7B, 0x4D, 0x3F, 0x69, 0x31, 0xFD, 0x19, 0x56, 0xC1,
    0x73, 0x6D, 0xC6, 0x51, 0x25, 0x93, 0x3A, 0xFE, 0x41, 0x35, 0x42, 0xF4, 0x77, 0xF2, 0x07, 0xC8,
    0x24, 0x04, 0xA1, 0xF8, 0x01, 0xFB, 0xF5, 0xC4, 0x44, 0xC0, 0xB5, 0xAA, 0xBD, 0xF0, 0xC0, 0xF3,
    0xA0, 0x0D, 0x3F, 0xDF, 0x83, 0x5E, 0x10, 0xCD, 0x2C, 0xB8, 0x69, 0x81, 0xD3, 0x1F, 0xB2, 0x98,
    0xE9, 0x27, 0x31, 0xB3, 0xB4, 0x38, 0x0D, 0x42, 0x18, 0xF9, 0x00, 0x1B, 0x9C, 0x32, 0xC2, 0x9B,
    0x9C, 0x79, 0x5B, 0xEC, 0x3E, 0xBC, 0xF4, 0x43, 0xD4, 0xE5, 0x30, 0x31, 0xB2, 0x30, 0x4B, 0x1F,
    0x97, 0x60, 0x56, 0x25, 0x30, 0x1C, 0x5C, 0x3E, 0xAC, 0x1F, 0x20, 0xD0, 0xE9, 0x0C, 0x3B, 0x78,
    0xCC, 0x05, 0x8C, 0x81, 0x0A, 0x38, 0xA3, 0x51, 0x6F, 0x7E, 0x22, 0xF5, 0x75, 0xC0, 0xAD, 0x33,
    0x23, 0x44, 0xDD, 0x64, 0x65, 0x53, 0xEB, 0x21, 0xC5, 0x04, 0x47, 0xE5, 0x85, 0x37, 0x24, 0x98,
    0x97, 0x5F, 0xA5, 0xE8, 0xAD, 0x10, 0xB3, 0xFD, 0xD0, 0x44, 0x34, 0xAE, 0x11, 0xBB, 0x9C, 0x4E,
    0x4C, 0x6B, 0xCC, 0x50, 0x09, 0xEB, 0xE9, 0x89, 0x7E, 0xA0, 0x2E, 0xF0, 0x5F, 0xD9, 0xE7, 0xEE,
    0x04, 0x74, 0x08, 0x95, 0xC6, 0x96, 0xF7, 0x70, 0xB5, 0xFA, 0xD0, 0xEB, 0xB6, 0xFE, 0xB9, 0xD3,
    0x8D, 0x2E, 0x07, 0x14, 0x69, 0x5C, 0xC1, 0x60, 0x17, 0x7E, 0x42, 0xE9, 0x2E, 0x1F, 0x40, 0xC3,
    0x82, 0x6A, 0x12, 0x30, 0x74, 0x4B, 0x51, 0xFB, 0x8D, 0xC1, 0xE4, 0x02, 0x6A, 0x1C, 0xD4, 0xC9,
    0xC2, 0xB4, 0x64, 0xE5, 0xA3, 0x0F, 0x18, 0xF7, 0x6A, 0xC5, 0x05, 0x23, 0xE5, 0x07, 0x75, 0x28,
    0xF1, 0x86, 0x75, 0x0B, 0xF9, 0x5B, 0x60, 0x35, 0x14, 0x51, 0x0C, 0xB5, 0xC5, 0xA0, 0x5B, 0x4D,
    0x7C, 0x25, 0x31, 0xC4, 0x90, 0x72, 0xC8, 0xA6, 0x2D, 0xC8, 0xA0, 0xA8, 0x69, 0xB1, 0xA4, 0x69,
    0x11, 0xEB, 0xD0, 0xEE, 0x84, 0xCE, 0xD1, 0x34, 0xAA, 0xF0, 0xAE, 0x4E, 0xF8, 0x24, 0x2F, 0x2C,
    0x18, 0x92, 0x19, 0x27, 0x52, 0x0F, 0x88, 0xCC, 0xE8, 0x95, 0x8C, 0xB8, 0x90, 0xF3, 0x13, 0x00,
    0xC8, 0xC3, 0x66, 0x08, 0x8C, 0x6A, 0x40, 0x46, 0xD5, 0x3D, 0xFC, 0xA4, 0x7B, 0x44, 0x29, 0x72,
    0x61, 0xDA, 0xE1, 0xB3, 0x51, 0xA7, 0x11, 0x17, 0x76, 0xFB, 0xD5, 0xB2, 0x46, 0x7F, 0x33, 0xD6,
    0x1F, 0x89, 0xEA, 0x43, 0xA2, 0x8A, 0xFD, 0x59, 0xFF, 0x8F, 0x41, 0xEC, 0xD2, 0x20, 0xB7, 0x4C,
    0xE9, 0x0A, 0x65, 0x19, 0x07, 0xC1, 0x19, 0x55, 0xD3, 0x60, 0x26, 0xE6, 0x98, 0x40, 0x25, 0x13,
    0x08, 0xBF, 0x90, 0x0E, 0x99, 0x0A, 0x3D, 0x50, 0xA0, 0xB6, 0x81, 0x29, 0xDC, 0xC0, 0x1A, 0x4C,
    0xD8, 0x24, 0x6C, 0x7A, 0xE0, 0x52, 0xDD, 0xC3, 0x0F, 0x4C, 0x67, 0xD0, 0x63, 0xA8, 0x6A, 0x28,
    0x72, 0xC7, 0x30, 0xFE, 0x44, 0xCA, 0x57, 0xC5, 0xC4, 0xAF, 0x69, 0x04, 0x01, 0xEF, 0x1D, 0xFF,
    0x0F, 0xD5, 0x26, 0x42, 0x4C, 0x90, 0x82, 0x07, 0x59, 0x32, 0x1A, 0xE2, 0x00, 0x36, 0xC5, 0xB8,
    0xA9, 0x7A, 0xA4, 0xAF, 0xE0, 0xE0, 0x3A, 0x0C, 0xB2, 0x86, 0xDB, 0x4F, 0x0E, 0xCF, 0x5A, 0xC3,
    0x73, 0x0D, 0xBF, 0x7A, 0xE6, 0xDA, 0x35, 0x0E, 0xD0, 0xD6, 0x1F, 0x0A, 0x3B, 0xFD, 0x51, 0x04,
    0x41, 0x11, 0x9A, 0x09, 0xFE, 0x60, 0x09, 0x8B, 0x44, 0xE0, 0x08, 0x11, 0xE3, 0x13, 0xC9, 0x2F,
    0x30, 0xE0, 0x12, 0x02, 0x88, 0x51, 0x54, 0x6E, 0x51, 0x64, 0x71, 0x13, 0x6C, 0x05, 0x63, 0x38,
    0x4C, 0x2B, 0x99, 0x51, 0xC4, 0xAA, 0xFC, 0x44, 0x94, 0x13, 0x7B, 0x4A, 0x48, 0xE4, 0x34, 0xEA,
    0x16, 0x7D, 0x5D, 0x83, 0x21, 0x34, 0x50, 0x3E, 0xE0, 0x7A, 0xC2, 0x3E, 0x82, 0x21, 0x6A, 0x33,
    0x19, 0xE0, 0x9E, 0xF6, 0x4A, 0xF7, 0x38, 0xA0, 0x7A, 0xCD, 0x39, 0x75, 0x9F, 0x73, 0x4E, 0x86,
    0xCD, 0x56, 0xAB, 0x89, 0xC6, 0x7B, 0xB2, 0x5E, 0xB2, 0xD3, 0xB2, 0x95, 0xE1, 0x6C, 0xC7, 0xD1,
    0x7C, 0x0F, 0xBB, 0x2B, 0x1C, 0x72, 0x79, 0xCE, 0x7C, 0xD5, 0x6B, 0x8D, 0xB8, 0x95, 0x96, 0x85,
    0x66, 0xF7, 0xC3, 0xD3, 0xF3, 0x5F, 0xE5, 0x0C, 0x4C, 0xFD, 0x2D, 0xBA, 0xA0, 0x7E, 0x23, 0xD8,
    0x98, 0x69, 0xC2, 0x5B, 0x6E, 0x84, 0x3B, 0x62, 0xE3, 0x92, 0x96, 0xD5, 0x44, 0x57, 0x76, 0x74,
    0x9C, 0x34, 0xE4, 0xA8, 0x14, 0x0B, 0xCA, 0x63, 0x3A, 0xE3, 0xB1, 0x6C, 0x26, 0x41, 0x67, 0x96,
    0x0A, 0xBB, 0x20, 0x80, 0xA8, 0xF2, 0x31, 0xBE, 0x96, 0x8F, 0x88, 0x67, 0x03, 0x0B, 0x56, 0x6F,
    0x18, 0x92, 0xB8, 0x59, 0x02, 0x78, 0xB3, 0x35, 0xCD, 0x28, 0xB6, 0xBA, 0xC4, 0xE6, 0x69, 0xA6,
    0x10, 0x95, 0xA0, 0x8D, 0xD2, 0xE7, 0x53, 0x2F, 0x31, 0x0D, 0x83, 0xD2, 0xD0, 0x30, 0x25, 0x7D,
    0x51, 0x0D, 0x05, 0x7B, 0x0D, 0x26, 0x8D, 0x43, 0x35, 0x31, 0x0E, 0xD8, 0x7F, 0x0E, 0x96, 0xAB,
    0x66, 0xF7, 0xD8, 0x29, 0xFF, 0xD5, 0x63, 0x97, 0x4E, 0x8F, 0x3F, 0x1F, 0xB2, 0x31, 0x7C, 0xD6,
    0x67, 0x2E, 0xBC, 0x63, 0x73, 0x17, 0x40, 0x5B, 0x06, 0x5F, 0x5B, 0x34, 0x7E, 0xBA, 0x45, 0x33,
    0xA2, 0x1B, 0x50, 0x11, 0x43, 0x2A, 0xD2, 0x71, 0x58, 0xC8, 0x58, 0x16, 0x7C, 0x4E, 0x08, 0xF3,
    0x7D, 0x82, 0xE9, 0x07, 0x70, 0x74, 0xED, 0x32, 0x56, 0x2A, 0x30, 0x74, 0x33, 0x81, 0xA2, 0x77,
    0x9E, 0x3C, 0xD4, 0x93, 0x88, 0x9E, 0x95, 0x7D, 0x32, 0xDF, 0xAE, 0x6C, 0xEA, 0x75, 0x8D, 0xF0,
    0xD1, 0x1A, 0x58, 0x57, 0x83, 0x4D, 0x8C, 0x15, 0x62, 0xC8, 0x95, 0x0C, 0x1F, 0x0E, 0x03, 0x9A,
    0x9D, 0xAA, 0x2F, 0x10, 0x43, 0x56, 0xC2, 0x87, 0x81, 0x44, 0x54, 0xBC, 0xCC, 0x71, 0x73, 0x70,
    0xDC, 0x72, 0x4C, 0x02, 0x23, 0x0F, 0xD1, 0xB9, 0x20, 0xFC, 0x71, 0xA4, 0xB3, 0x69, 0xB3, 0x99,
    0xE8, 0x41, 0xF0, 0x90, 0xAA, 0xDF, 0x54, 0xAE, 0x6B, 0x35, 0x6C, 0xCE, 0xFA, 0x13, 0x0E, 0x1C,
    0xF7, 0x47, 0x11, 0x4F, 0x17, 0xC1, 0x53, 0x28, 0xD5, 0xC0, 0xDF, 0x81, 0x56, 0xC7, 0x80, 0xF9,
    0x14, 0x27, 0x8B, 0xEB, 0x77, 0x6D, 0xE6, 0x73, 0xD6, 0x57, 0x38, 0xB3, 0x60, 0xC0, 0x95, 0xE1,
    0xC9, 0x33, 0x90, 0xF0, 0x10, 0xDC, 0xD7, 0xC8, 0xBC, 0x54, 0x4F, 0xCB, 0xEC, 0x37, 0x99, 0x19,
    0x09, 0xDD, 0x95, 0x32, 0xDF, 0x89, 0x0D, 0x1B, 0xFF, 0xA3, 0x96, 0x4B, 0x6D, 0x4C, 0x7E, 0x4F,
    0x3D, 0x78, 0x82, 0x71, 0x26, 0x04, 0x2F, 0x80, 0x5D, 0x40, 0x85, 0xAE, 0x85, 0x0A, 0x5D, 0x1B,
    0xF1, 0x74, 0x56, 0xE4, 0x31, 0x08, 0xD6, 0xDC, 0x17, 0xA2, 0xC2, 0x18, 0xB9, 0xA5, 0x90, 0x3F,
    0x2C, 0x05, 0xB8, 0x1F, 0x18, 0x93, 0xE8, 0x43, 0xA1, 0x02, 0x74, 0x32, 0x76, 0xCF, 0x7F, 0x09,
    0x30, 0x41, 0x0A, 0x21, 0x78, 0x82, 0xB4, 0xA1, 0xBD, 0x79, 0x94, 0xB4, 0xB1, 0xFB, 0x17, 0xDC,
    0x15, 0x92, 0xAC, 0x99, 0x73, 0x85, 0x50, 0xF2, 0x03, 0x31, 0x2D, 0xA6, 0xA3, 0x54, 0xBB, 0xD5,
    0x9C, 0x4A, 0xEA, 0xF6, 0xB1, 0xF6, 0xBC, 0xC0, 0xDA, 0x43, 0x7E, 0x8C, 0x53, 0x4B, 0x47, 0x2B,
    0xEF, 0x81, 0xFC, 0xFF, 0xE7, 0xC1, 0xE6, 0x41, 0xDA, 0x36, 0x96, 0x93, 0xC0, 0xFB, 0xA8, 0x0F,
    0x2E, 0x01, 0xAA, 0x66, 0x0C, 0x92, 0x19, 0x02, 0x7F, 0x3B, 0xF2, 0xD9, 0x72, 0x4F, 0xC9, 0x8A,
    0x69, 0x0E, 0x31, 0xD8, 0x22, 0x81, 0xF8, 0x43, 0x43, 0x7D, 0x11, 0x0F, 0xBA, 0xF6, 0x60, 0xE9,
    0xCC, 0x6F, 0xC4, 0x70, 0xC7, 0xDD, 0xB6, 0xDE, 0xAB, 0x37, 0x84, 0x37, 0x6D, 0x60, 0x77, 0xC0,
    0x16, 0xE1, 0x43, 0xA6, 0xF9, 0x47, 0x10, 0x54, 0x7F, 0xCC, 0x18, 0xFC, 0xAD, 0x8D, 0x3C, 0x2C,
    0xD2, 0x86, 0x5A, 0xF6, 0x4D, 0xFC, 0xDE, 0x3A, 0x2E, 0x6C, 0x7D, 0x67, 0xF0, 0x07, 0xA4, 0x58,
    0x36, 0xE2, 0x73, 0xEE, 0xA4, 0xB1, 0x40, 0x8A, 0x95, 0x03, 0x52, 0x8C, 0xC4, 0xC6, 0x23, 0x57,
    0x1F, 0xF8, 0xBA, 0x2D, 0xFF, 0x3C, 0xEB, 0xA6, 0xFC, 0x74, 0xD6, 0xAA, 0xFA, 0xEC, 0xCC, 0xA8,
    0xEA, 0x93, 0xD7, 0xCF, 0x55, 0xFD, 0xFE, 0x2D, 0xC4, 0xF1, 0xDD, 0x5B, 0xC8, 0xA3, 0xB1, 0xDE,
    0xF2, 0xBF, 0xAF, 0xA5, 0x2E, 0x50, 0x41, 0xB2, 0x1A, 0xDD, 0x13, 0x19, 0xC5, 0x14, 0x4C, 0x43,
    0xD9, 0x23, 0xA0, 0xFD, 0x33, 0x4F, 0xCB, 0x67, 0x73, 0x74, 0xB3, 0x74, 0x9F, 0xE2, 0x52, 0x69,
    0x83, 0xA4, 0x43, 0x64, 0x8C, 0xF7, 0xC2, 0x88, 0x64, 0x93, 0x48, 0xAE, 0xEA, 0xCF, 0x39, 0x76,
    0x1F, 0x49, 0xE3, 0x16, 0x7D, 0x24, 0x13, 0x8F, 0x1C, 0x35, 0x2D, 0x8F, 0xE7, 0xE9, 0x43, 0xDD,
    0x26, 0xCC, 0xB8, 0x6C, 0x8E, 0x75, 0x4B, 0x7A, 0x89, 0x9A, 0x9C, 0xAD, 0x22, 0x44, 0x96, 0x03,
    0xFB, 0x93, 0xAF, 0x70, 0x77, 0xF1, 0x8D, 0xD0, 0x12, 0x47, 0x52, 0x68, 0x39, 0x34, 0xCF, 0x28,
    0x15, 0xE5, 0xC5, 0x52, 0xC1, 0x20, 0x9F, 0x62, 0x23, 0x27, 0xC5, 0x3A, 0xB6, 0x97, 0x22, 0x7A,
    0xBA, 0xB7, 0x25, 0xDC, 0xB0, 0x10, 0xC2, 0xAE, 0xA4, 0x0B, 0xDA, 0x3B, 0xD1, 0xBD, 0x5D, 0x11,
    0x72, 0x2A, 0xAB, 0x09, 0xFF, 0xAB, 0x18, 0xA4, 0x35, 0x27, 0xD6, 0xC2, 0x7F, 0x13, 0x56, 0x9C,
    0x94, 0xF9, 0x91, 0x31, 0xA0, 0x9F, 0x43, 0x24, 0xAE, 0x83, 0x8B, 0xBD, 0x16, 0xCA, 0xA6, 0x05,
    0x71, 0x55, 0x76, 0x3D, 0xD6, 0x5A, 0x25, 0x09, 0x24, 0x0D, 0xEB, 0x3E, 0x1D, 0xB7, 0x63, 0x20,
    0xCB, 0xB4, 0xF6, 0x2C, 0x9A, 0xEA, 0x81, 0x53, 0xDA, 0xF8, 0x5B, 0x5B, 0xDA, 0xB2, 0xEA, 0xAB,
    0x01, 0xA0, 0xEA, 0xB6, 0xDF, 0xC2, 0x15, 0x63, 0x3E, 0xE6, 0x53, 0x3E, 0x65, 0x13, 0xFD, 0xC2,
    0xDF, 0xD4, 0xC3, 0x27, 0x51, 0x72, 0x06, 0x78, 0x1E, 0x0E, 0xB9, 0xFD, 0xDF, 0x0A, 0xD1, 0xAF,
    0x9B, 0x06, 0x57, 0x75, 0xB4, 0x97, 0x8B, 0xFC, 0xD3, 0xF5, 0x57, 0xEF, 0xE2, 0x9B, 0x35, 0xBE,
    0x1A, 0x41, 0x94, 0x5C, 0xAA, 0x39, 0x59, 0x1C, 0x22, 0xF5, 0x63, 0x97, 0x06, 0xC8, 0xEE, 0xF3,
    0xA9, 0x42, 0x24, 0x81, 0xC4, 0xCE, 0x35, 0x78, 0x6F, 0x8A, 0xEE, 0x83, 0x1D, 0x66, 0x53, 0xB3,
    0x4F, 0x91, 0x2E, 0xFB, 0xE5, 0x77, 0xDF, 0x7D, 0x57, 0xDD, 0x90, 0xDD, 0x4A, 0x94, 0x39, 0xB4,
    0x20, 0x5C, 0xF6, 0xFB, 0xCC, 0xD9, 0xDF, 0x11, 0x28, 0x49, 0xC6, 0x8A, 0x19, 0xB3, 0xC0, 0x12,
    0xBA, 0x2F, 0x1D, 0x53, 0x9E, 0xC9, 0x8E, 0x29, 0x7A, 0x32, 0x1D, 0x86, 0x64, 0x40, 0xCA, 0x77,
    0xF7, 0xD0, 0x31, 0x4A, 0x77, 0x18, 0xFA, 0x7C, 0x79, 0xB1, 0x15, 0x76, 0xA6, 0x8F, 0x77, 0xBD,
    0xDA, 0xB5, 0x61, 0x61, 0x00, 0x80, 0x83, 0x23, 0x14, 0x38, 0x77, 0xB6, 0xE4, 0x33, 0x6C, 0x8A,
    0x15, 0x92, 0x85, 0x60, 0x43, 0xAC, 0xE1, 0x01, 0x66, 0xE4, 0xEB, 0xA1, 0x98, 0xD0, 0x4B, 0x83,
    0x87, 0x75, 0xEC, 0x3C, 0x5B, 0xB6, 0x99, 0x27, 0x84, 0x92, 0x04, 0x5E, 0x04, 0xB0, 0x90, 0x91,
    0x22, 0xBC, 0x5F, 0x62, 0x94, 0x31, 0xF8, 0xF6, 0xE5, 0xDA, 0xC3, 0x21, 0xA0, 0x38, 0x26, 0x0D,
    0x89, 0x9C, 0x90, 0x9E, 0x4E, 0x5A, 0x90, 0x18, 0x4C, 0x3B, 0xF1, 0x79, 0x9A, 0x5D, 0xDD, 0x88,
    0xBD, 0xC3, 0xCA, 0x46, 0x69, 0x01, 0x45, 0x13, 0x28, 0xDA, 0x60, 0x43, 0xFC, 0x8A, 0x8C, 0xAF,
    0x8E, 0x8C, 0x6F, 0xAD, 0x86, 0x02, 0x7E, 0xF7, 0xE2, 0x46, 0x80, 0x8D, 0xA4, 0x3A, 0x5F, 0xCA,
    0x3B, 0xB1, 0xF9, 0x86, 0xBB, 0x48, 0x70, 0x73, 0x94, 0x36, 0xA8, 0xE8, 0xA5, 0xB0, 0xDB, 0x6A,
    0x32, 0xFF, 0xE4, 0x5E, 0x1A, 0xD5, 0x7B, 0x18, 0xC5, 0xA6, 0xC8, 0x83, 0x88, 0xDC, 0x0A, 0x45,
    0x13, 0xE6, 0x09, 0xF7, 0x4A, 0x9C, 0x08, 0x8C, 0x84, 0x98, 0x79, 0xC9, 0xBE, 0xCD, 0x25, 0xA9,
    0x13, 0x43, 0x2C, 0x97, 0x1D, 0x93, 0x82, 0xDB, 0xD4, 0x4C, 0x67, 0xBF, 0x6F, 0xA8, 0x45, 0x96,
    0x1C, 0xC7, 0xD8, 0x00, 0xC6, 0xBD, 0xB8, 0x58, 0x7D, 0x63, 0xDB, 0x2A, 0x63, 0xDC, 0x45, 0x93,
    0xF0, 0x8B, 0xF1, 0xB7, 0x6E, 0xBD, 0xC5, 0x51, 0x52, 0x35, 0xC2, 0x6D, 0x25, 0x68, 0xA6, 0xE3,
    0x26, 0xD8, 0xDA, 0x9B, 0x9F, 0xC2, 0xBE, 0x39, 0xF5, 0x96, 0xFD, 0x90, 0x0E, 0x55, 0x32, 0x09,
    0x4F, 0xD7, 0x95, 0x9C, 0x75, 0x25, 0x9F, 0x30, 0x3B, 0xAC, 0x21, 0xE9, 0xE4, 0x23, 0xF9, 0x57,
    0xA7, 0x5F, 0x4E, 0x17, 0x58, 0x3E, 0xE8, 0xE3, 0xCF, 0x92, 0xC8, 0x2E, 0x51, 0x4B, 0xA9, 0x94,
    0x84, 0x40, 0xDC, 0xCB, 0xBD, 0x22, 0xC6, 0xA4, 0xF2, 0xE1, 0x0E, 0xC4, 0x17, 0x27, 0x44, 0x64,
    0x21, 0xBE, 0x32, 0x39, 0x90, 0xC5, 0xBE, 0x40, 0x36, 0x94, 0x8E, 0x0E, 0x28, 0x26, 0xE4, 0xFA,
    0x58, 0x23, 0xDB, 0x6B, 0x89, 0xB1, 0x7A, 0x20, 0xCD, 0x94, 0x12, 0x94, 0x0D, 0x11, 0xBA, 0x58,
    0x8C, 0x89, 0x76, 0x45, 0x7F, 0xE8, 0xA0, 0x65, 0x03, 0x7E, 0x90, 0x3D, 0x8A, 0x97, 0xCD, 0x55,
    0xB1, 0xBD, 0x56, 0xDC, 0xB5, 0xEA, 0xA6, 0x21, 0x89, 0x7B, 0x47, 0x52, 0x0C, 0xC5, 0x91, 0xB2,
    0xD3, 0x1E, 0x19, 0x80, 0xDD, 0x48, 0xF7, 0xED, 0xE3, 0x0D, 0x83, 0x8D, 0x6E, 0x48, 0x63, 0x7E,
    0x0D, 0x1B, 0xCF, 0xFF, 0x17, 0xD4, 0x84, 0x7C, 0xDF, 0xE1, 0x24, 0x15, 0x23, 0x43, 0x13, 0x02,
    0x23, 0x43, 0x7F, 0x0E, 0xD6, 0xC6, 0x47, 0x81, 0xF4, 0xA1, 0xA1, 0xED, 0x81, 0xF4, 0x60, 0x90,
    0x20, 0x57, 0x0B, 0x4E, 0x65, 0xCB, 0x46, 0xDD, 0x65, 0x8B, 0x30, 0xA7, 0xEB, 0x8A, 0xAF, 0x59,
    0x83, 0x1C, 0x2E, 0x00, 0x23, 0xD0, 0x3B, 0x71, 0xA3, 0x0B, 0xA8, 0xCA, 0x76, 0x4F, 0x9A, 0xAA,
    0x92, 0x59, 0x0B, 0xAE, 0x3D, 0xD0, 0x78, 0xAC, 0xF4, 0x96, 0x92, 0x75, 0x64, 0x60, 0xB1, 0xA5,
    0x4D, 0xF7, 0xD7, 0x3C, 0x9E, 0xE5, 0x09, 0xC5, 0x09, 0xC2, 0x55, 0xF2, 0x57, 0x8E, 0xDF, 0x2D,
    0x91, 0x3A, 0x4C, 0xFA, 0x87, 0xAA, 0x1E, 0x3B, 0xD9, 0x47, 0xB2, 0x1C, 0xC0, 0xA6, 0xCD, 0x3B,
    0x7D, 0x3A, 0xE9, 0xB2, 0xCF, 0x46, 0x53, 0xDA, 0xCC, 0x9D, 0x57, 0x60, 0xE4, 0xC0, 0xBB, 0xC2,
    0x79, 0x14, 0xF8, 0x07, 0x5E, 0xF3, 0x7D, 0x8C, 0xE1, 0x3B, 0x82, 0x8E, 0xC3, 0xC2, 0x6D, 0x10,
    0xBE, 0x6F, 0x50, 0xA8, 0xA2, 0x0A, 0x44, 0x41, 0x22, 0x6A, 0x8B, 0x97, 0xE5, 0xFA, 0x78, 0x41,
    0x45, 0x18, 0xAB, 0xAB, 0xE2, 0x85, 0x5B, 0xAF, 0x5D, 0xE8, 0x01, 0x15, 0x8C, 0xAA, 0x11, 0x40,
    0x31, 0xB1, 0x3D, 0xE4, 0x61, 0x84, 0xA5, 0x16, 0xA3, 0xEC, 0xA2, 0x09, 0x6E, 0x0A, 0x56, 0xCA,
    0x0E, 0x72, 0x05, 0x20, 0x27, 0x2E, 0x80, 0x31, 0xC6, 0xB7, 0x44, 0xDB, 0x26, 0x62, 0x6F, 0xA4,
    0xDD, 0x19, 0x56, 0xD6, 0xD1, 0xB2, 0xAB, 0x3C, 0xB4, 0x96, 0x6C, 0x5E, 0x23, 0x5D, 0x4D, 0xC8,
    0x54, 0x4F, 0xD6, 0x6D, 0x0C, 0x49, 0xBA, 0x62, 0x27, 0xDB, 0x57, 0xB9, 0x15, 0xAB, 0x01, 0x62,
    0xC2, 0x2C, 0x28, 0xB4, 0x40, 0x31, 0x14, 0x08, 0x01, 0x59, 0x5B, 0x8E, 0x64, 0x61, 0xA6, 0x25,
    0xBF, 0xAD, 0x07, 0x12, 0x39, 0x50, 0x6A, 0x6B, 0xFA, 0x8E, 0xA0, 0xDE, 0xF2, 0x05, 0x56, 0xBA,
    0x5C, 0xC3, 0x27, 0x5F, 0xC5, 0x92, 0x41, 0x0A, 0xC5, 0x04, 0xE7, 0xBD, 0x94, 0xAD, 0xAF, 0x1E,
    0x58, 0xF8, 0x0A, 0x77, 0x45, 0xBB, 0x75, 0x89, 0xA5, 0x8A, 0x4C, 0x35, 0x02, 0x89, 0x1B, 0x1C,
    0xA1, 0x79, 0x8F, 0xD3, 0xC7, 0xDD, 0x2D, 0xD9, 0xF4, 0xE0, 0xE6, 0x4A, 0x1F, 0xF7, 0x1B, 0x09,
    0xF1, 0x95, 0x7B, 0xB1, 0xD1, 0x03, 0xC1, 0x95, 0xEC, 0x92, 0x8F, 0xAA, 0x17, 0x9E, 0x9E, 0x18,
    0x56, 0x1C, 0xD7, 0xB6, 0xCE, 0xED, 0xE2, 0xAE, 0x22, 0x33, 0x71, 0x8A, 0x4B, 0x14, 0xB8, 0x9C,
    0x6E, 0x10, 0x30, 0x63, 0x41, 0x07, 0xDA, 0xE6, 0x28, 0xF3, 0xC5, 0x24, 0xF6, 0x81, 0xD3, 0x0B,
    0x38, 0x14, 0x4E, 0x17, 0xC7, 0x97, 0x8E, 0x94, 0x9F, 0xFB, 0x03, 0x06, 0xA4, 0x81, 0xCE, 0x37,
    0xAD, 0xB1, 0xE6, 0x42, 0xF1, 0xBB, 0xD9, 0x10, 0xEE, 0x0C, 0x7A, 0x79, 0xD4, 0x89, 0x91, 0xB1,
    0xCF, 0x40, 0x89, 0x34, 0x83, 0xEC, 0x18, 0x5E, 0xFC, 0x03, 0x3A, 0xB6, 0xBF, 0x80, 0x4E, 0x7F,
    0x89, 0xC0, 0x96, 0x16, 0xC9, 0xCA, 0x16, 0x39, 0xE3, 0x88, 0xF2, 0x81, 0x1B, 0xD4, 0x16, 0xB4,
    0x00, 0xF4, 0xA4, 0x41, 0x9C, 0xEA, 0x94, 0x5B, 0x6E, 0xB9, 0x3B, 0x57, 0xA6, 0x74, 0xB3, 0xBA,
    0x5D, 0x39, 0xAF, 0xCE, 0xF5, 0xA3, 0x49, 0x9D, 0x99, 0xAF, 0x46, 0x75, 0x36, 0xFF, 0xCB, 0xA9,
    0xB3, 0x7F, 0x7F, 0x83, 0xF0, 0x70, 0xCC, 0x88, 0x9E, 0x83, 0x95, 0xBE, 0x26, 0x90, 0x1C, 0x49,
    0x1B, 0xC4, 0x14, 0xA2, 0x47, 0xA5, 0x5A, 0xAB, 0xFA, 0x4F, 0x24, 0xB0, 0x8F, 0xFD, 0xCA, 0x41,
    0xF3, 0x9D, 0x27, 0xCA, 0x40, 0x69, 0xE2, 0x1E, 0x6C, 0xF8, 0x64, 0x40, 0x4E, 0xC2, 0x42, 0x05,
    0xCC, 0x81, 0x29, 0xB8, 0x5D, 0x42, 0x02, 0x1A, 0x77, 0x30, 0xE2, 0x16, 0x46, 0x6C, 0x0C, 0x30,
    0x12, 0x8C, 0x98, 0x21, 0x24, 0x95, 0x07, 0x52, 0xCC, 0x2C, 0xE0, 0x48, 0x57, 0x67, 0x5E, 0xB6,
    0xC7, 0xA4, 0x24, 0x09, 0x6A, 0xC0, 0xAF, 0x4E, 0xF0, 0xAD, 0xDF, 0x21, 0x71, 0x7D, 0x83, 0xC3,
    0x5B, 0x5E, 0x11, 0xA2, 0x59, 0xAF, 0x35, 0x46, 0xC0, 0x77, 0x8C, 0xAF, 0x15, 0x62, 0x29, 0xD8,
    0xF6, 0x92, 0x15, 0x5F, 0x42, 0xCA, 0xFE, 0xAC, 0xEC, 0x6D, 0x8A, 0x0E, 0xC5, 0xBC, 0xDD, 0xCE,
    0xED, 0x75, 0xE9, 0xB7, 0xF2, 0x03, 0x51, 0x5D, 0xDF, 0xA2, 0xF6, 0x71, 0xAB, 0x9F, 0xA9, 0xC7,
    0x67, 0x19, 0x28, 0x61, 0x8D, 0x94, 0xE7, 0xF1, 0xB6, 0x76, 0xAD, 0x95, 0x9A, 0xF7, 0x1A, 0x79,
    0xA1, 0x32, 0x6E, 0x72, 0xA7, 0xFE, 0x59, 0x34, 0xF0, 0x68, 0x4E, 0xF9, 0x1A, 0x89, 0xBA, 0x5B,
    0x25, 0x5D, 0xDF, 0x71, 0x17, 0x82, 0x7C, 0x04, 0xBF, 0x41, 0x5E, 0x0F, 0xC9, 0xAE, 0x9C, 0x39,
    0xC2, 0xCA, 0x70, 0x2D, 0x56, 0x12, 0x6E, 0x8F, 0xD0, 0x35, 0xB6, 0x97, 0xCD, 0x1A, 0x66, 0x6B,
    0xBC, 0xEF, 0x79, 0xB9, 0xBD, 0x9D, 0xB4, 0x87, 0xF4, 0xE1, 0x67, 0x6E, 0xCB, 0xD2, 0x5C, 0xD4,
    0x8E, 0x1B, 0xCC, 0x5B, 0xB6, 0xAF, 0x69, 0x9D, 0x6F, 0x53, 0xAC, 0x8F, 0x53, 0x3C, 0xA1, 0x37,
    0xD0, 0x61, 0x12, 0x42, 0xF1, 0x63, 0xA8, 0x34, 0x1A, 0xD6, 0xB0, 0x85, 0xD6, 0x06, 0xCE, 0xBE,
    0x89, 0x74, 0x7E, 0x95, 0x2A, 0xFC, 0x07, 0xCD, 0x5A, 0x31, 0x73, 0xDD, 0xC6, 0x11, 0x5E, 0x00,
    0x63, 0xC2, 0x12, 0xE2, 0x40, 0x85, 0x0B, 0x4F, 0x98, 0x18, 0x2E, 0x5C, 0xB8, 0x32, 0x5C, 0xB8,
    0x48, 0x63, 0x1F, 0x6C, 0xCD, 0xC4, 0x65, 0xFC, 0x13, 0xF4, 0x0B, 0xC2, 0x14, 0x2A, 0x52, 0x30,
    0x3C, 0x44, 0x9E, 0x49, 0x8A, 0x34, 0xFA, 0x09, 0xFE, 0x07, 0x49, 0xC9, 0x42, 0x22, 0x40, 0xEB,
    0x07, 0x18, 0xB6, 0x4B, 0x17, 0x81, 0x67, 0xD4, 0xB9, 0x20, 0x94, 0xB9, 0x99, 0x40, 0x63, 0x00,
    0x97, 0xEF, 0xDB, 0xC3, 0x7B, 0x7C, 0x92, 0x68, 0x15, 0x21, 0x4D, 0xE7, 0x0D, 0xDF, 0x51, 0x7C,
    0xEF, 0x70, 0xBB, 0xB7, 0xF7, 0xED, 0xEE, 0xB7, 0x7B, 0x92, 0xB2, 0x16, 0xDF, 0x89, 0xAD, 0x25,
    0xBC, 0x66, 0x89, 0x26, 0x49, 0xF4, 0x27, 0x9D, 0x24, 0x9B, 0x24, 0x1F, 0x25, 0x77, 0x52, 0x38,
    0x29, 0x07, 0xFE, 0x98, 0x9E, 0x3F, 0xB6, 0x93, 0xA6, 0xE5, 0x8F, 0x48, 0x3E, 0x88, 0x14, 0xBD,
    0x48, 0xD9, 0x89, 0x98, 0x56, 0xF6, 0xFC, 0x28, 0xD6, 0xCF, 0x91, 0xF7, 0x53, 0xEA, 0xAB, 0xD7,
    0xF1, 0xB4, 0x14, 0x98, 0x61, 0xC2, 0xB7, 0xE7, 0x6F, 0x3E, 0x31, 0x46, 0x75, 0xEE, 0x7D, 0x9B,
    0xE0, 0x2D, 0x76, 0x39, 0xFF, 0x92, 0xCA, 0x34, 0x15, 0xD6, 0xDE, 0x5F, 0x30, 0xF2, 0xDB, 0xD4,
    0xFB, 0x0A, 0x9A, 0xBC, 0x12, 0x44, 0xE9, 0xA4, 0x30, 0xA8, 0xDE, 0x9C, 0x5B, 0x7A, 0xEC, 0xC2,
    0x70, 0xAE, 0x0E, 0xC9, 0x8C, 0xCF, 0xB1, 0x07, 0x91, 0x14, 0x1A, 0x48, 0xE6, 0x56, 0x4D, 0xA5,
    0xF0, 0x7E, 0xE0, 0x14, 0xEC, 0x81, 0x4F, 0xEC, 0x89, 0xDC, 0x29, 0xAA, 0x68, 0xB4, 0x67, 0x3F,
    0xCC, 0x58, 0x62, 0x82, 0x3E, 0x43, 0x36, 0x16, 0x43, 0x3E, 0x64, 0x43, 0xDE, 0xA7, 0xFA, 0x9B,
    0x7F, 0x67, 0xF8, 0x9C, 0xDF, 0x73, 0x1E, 0xE6, 0x3B, 0x3C, 0xF7, 0x69, 0x06, 0xCB, 0x0C, 0x30,
    0x92, 0xE9, 0x20, 0xC8, 0xD6, 0xF1, 0x2C, 0x5E, 0xA2, 0x85, 0x92, 0x3D, 0xE5, 0x35, 0x54, 0xD5,
    0xD0, 0x46, 0xC6, 0xAB, 0xDC, 0x91, 0x83, 0xA3, 0xA6, 0x50, 0xA4, 0xD4, 0x7D, 0xC0, 0x2A, 0xAA,
    0x46, 0xC3, 0xC1, 0x53, 0x71, 0xF1, 0xDC, 0x38, 0x1E, 0x90, 0x88, 0xC3, 0xE6, 0x28, 0x46, 0x6E,
    0x01, 0x1B, 0x80, 0x2D, 0xF1, 0x24, 0x9E, 0xC3, 0xEE, 0x2D, 0x4E, 0x60, 0x73, 0x6C, 0x9B, 0x57,
    0x38, 0xB6, 0xED, 0x74, 0x3E, 0xD1, 0xF3, 0x68, 0x30, 0x9D, 0x4F, 0xD4, 0xC1, 0xAE, 0x07, 0x4F,
    0x25, 0x98, 0x14, 0x0A, 0x51, 0x95, 0x1B, 0x1B, 0x93, 0x52, 0xA9, 0x82, 0xA6, 0x33, 0xD0, 0x47,
    0x96, 0x03, 0x27, 0xC9, 0xC8, 0xF5, 0x86, 0x18, 0x58, 0xD0, 0x61, 0xC2, 0xDA, 0xA9, 0xFF, 0xC7,
    0x20, 0xB1, 0x6A, 0xCB, 0x63, 0xC3, 0xDF, 0x14, 0xAD, 0x8A, 0x63, 0xF9, 0xB7, 0xA9, 0xB8, 0xF1,
    0xF8, 0xA2, 0xC1, 0x96, 0x65, 0xDF, 0x43, 0xC7, 0xBC, 0x7E, 0x60, 0x4E, 0x17, 0xF3, 0xC5, 0x52,
    0x56, 0xA3, 0x1C, 0x3C, 0x16, 0x1C, 0xB9, 0xE4, 0x5D, 0xD1, 0x1A, 0x49, 0x86, 0xC3, 0xA2, 0x77,
    0xC7, 0xB6, 0x3F, 0x76, 0xA3, 0x1C, 0xBA, 0x61, 0x7D, 0xE3, 0xDF, 0xFC, 0x8C, 0xDF, 0x71, 0x0E,
    0xE7, 0xF2, 0x19, 0x3E, 0x2B, 0x07, 0x73, 0xE2, 0x97, 0xDC, 0xCF, 0xA6, 0x9B, 0x6C, 0x34, 0x9D,
    0xC4, 0xE3, 0x49, 0xE2, 0x9A, 0xD4, 0x19, 0xEF, 0x4A, 0xEF, 0xD2, 0xF1, 0xB1, 0xDC, 0x90, 0xF7,
    0xA4, 0xAC, 0x70, 0x26, 0xC9, 0x28, 0x73, 0x36, 0x24, 0xAE, 0x68, 0xF3, 0xDE, 0x56, 0x65, 0xBB,
    0x88, 0xA9, 0x67, 0x29, 0xF0, 0x3B, 0xEF, 0xAC, 0xA4, 0xBD, 0xA9, 0x92, 0xA1, 0xA8, 0x63, 0x97,
    0xB7, 0xD2, 0xED, 0xA9, 0xFD, 0x60, 0x90, 0x09, 0x07, 0x34, 0x1A, 0x9E, 0x14, 0xF6, 0x0D, 0xE8,
    0x0C, 0x01, 0x39, 0x39, 0x6C, 0x93, 0xC3, 0x28, 0x05, 0x76, 0x5D, 0xF2, 0x50, 0x6B, 0x48, 0x33,
    0x7E, 0xC0, 0x8F, 0x05, 0x9A, 0x9E, 0xDF, 0x94, 0xE9, 0xB0, 0x29, 0x77, 0xEC, 0xEE, 0xFE, 0xE9,
    0xD0, 0x59, 0x87, 0xF7, 0x70, 0xE8, 0xEE, 0xF6, 0x87, 0xC7, 0x77, 0xFF, 0x79, 0x7C, 0x78, 0xF7,
    0xB7, 0x2F, 0x6C, 0xCA, 0xFA, 0xA1, 0xF1, 0x03, 0x60, 0x19, 0x43, 0x37, 0xDF, 0x72, 0xDD, 0x4F,
    0x06, 0x93, 0xE8, 0xE8, 0x87, 0xC2, 0xB7, 0x31, 0x0D, 0x4D, 0x1D, 0x54, 0x09, 0xD5, 0x42, 0xD5,
    0x80, 0x1E, 0x74, 0x11, 0x3C, 0x88, 0xA1, 0x4B, 0x02, 0x86, 0x96, 0xE0, 0xC9, 0x42, 0x5F, 0x16,
    0x89, 0x39, 0x24, 0xE3, 0x8A, 0x10, 0xA2, 0x98, 0x0E, 0xA0, 0x03, 0x3E, 0x6C, 0xEE, 0xA7, 0x7E,
    0x48, 0xFD, 0x98, 0xDC, 0xC3, 0x61, 0x03, 0x5D, 0x5D, 0x8C, 0x5D, 0x3C, 0xC6, 0x34, 0x08, 0xEE,
    0x01, 0x83, 0xA8, 0xC1, 0xAA, 0x2E, 0xFA, 0x78, 0x94, 0x68, 0xE4, 0x04, 0x00, 0x1A, 0xDB, 0x4D,
    0x86, 0xD7, 0xD3, 0x41, 0x77, 0xDF, 0xEE, 0x43, 0xDA, 0x1D, 0xD8, 0x70, 0xB2, 0xCE, 0xD6, 0xEF,
    0x10, 0x49, 0x86, 0xF1, 0xC4, 0x10, 0x9D, 0x18, 0x7C, 0x05, 0xD4, 0x79, 0x00, 0x03, 0xB0, 0xF0,
    0x82, 0x6D, 0x60, 0x98, 0xA3, 0x05, 0x48, 0x85, 0xC3, 0x24, 0x93, 0x02, 0x36, 0x21, 0xB0, 0x30,
    0xE4, 0x73, 0xC6, 0xED, 0xC3, 0x26, 0x85, 0x5F, 0x16, 0x29, 0xFF, 0xD5, 0x1F, 0x5E, 0xE4, 0xEB,
    0xEA, 0x1E, 0x82, 0x50, 0xF3, 0x94, 0x18, 0xF3, 0x84, 0xF2, 0x82, 0x27, 0xBA, 0x19, 0x5B, 0x6A,
    0x71, 0xEC, 0xFE, 0x74, 0x82, 0x49, 0xEE, 0x8D, 0x18, 0x6E, 0x3B, 0x0C, 0xD4, 0xDA, 0xE3, 0x2C,
    0xCD, 0x92, 0xF5, 0x80, 0x37, 0x0C, 0x18, 0x4D, 0x38, 0xF2, 0x68, 0x82, 0x15, 0xE3, 0x11, 0x01,
    0x30, 0x71, 0xA6, 0xC2, 0x96, 0x0C, 0x4F, 0xDC, 0xE2, 0xC8, 0xFB, 0x13, 0x9A, 0x19, 0x06, 0xCC,
    0xB1, 0x9C, 0x14, 0x58, 0x4E, 0x4A, 0x2C, 0x27, 0x06, 0xCB, 0x09, 0x4E, 0x05, 0x53, 0x3A, 0x33,
    0x60, 0xBF, 0xCE, 0x00, 0x3F, 0x91, 0x4B, 0x86, 0x68, 0xBA, 0x35, 0xD9, 0x11, 0x61, 0xB1, 0xE8,
    0x22, 0xDF, 0xE2, 0x04, 0x73, 0xB8, 0x26, 0xD6, 0xC3, 0x6A, 0x27, 0x3C, 0x0A, 0x3D, 0xDF, 0xBE,
    0x81, 0x57, 0x1D, 0xE0, 0xA4, 0xA6, 0xCC, 0x2F, 0x45, 0xDF, 0x98, 0xDA, 0x18, 0x39, 0x32, 0x72,
    0x62, 0xE3, 0xC9, 0x9C, 0x01, 0x73, 0x7D, 0x0E, 0x27, 0xFA, 0x54, 0xA2, 0xF6, 0xA6, 0xA4, 0x1D,
    0x21, 0x52, 0x56, 0x09, 0xC0, 0x19, 0x4F, 0x50, 0x79, 0x02, 0x10, 0x97, 0xC4, 0x29, 0xA0, 0xC7,
    0xA2, 0xCB, 0x06, 0x53, 0x11, 0xC8, 0x06, 0xA7, 0xFB, 0x10, 0x1A, 0xBD, 0x23, 0xB0, 0x0E, 0x35,
    0x83, 0x3B, 0xC7, 0xD8, 0x79, 0x87, 0xFD, 0x9E, 0xB5, 0xD8, 0x65, 0xDE, 0x62, 0x6F, 0x79, 0xFD,
    0x10, 0xFB, 0xF8, 0x08, 0x5B, 0x28, 0x3F, 0x61, 0x34, 0xCE, 0xD5, 0xA8, 0x34, 0xE5, 0xC9, 0x06,
    0x25, 0xFA, 0x2C, 0xDC, 0xA2, 0x92, 0xB2, 0x86, 0x7D, 0x6D, 0x72, 0x26, 0x32, 0xE5, 0x7F, 0x80,
    0x6D, 0xDE, 0xFD, 0x00, 0x16, 0xB1, 0xBE, 0x2A, 0xEA, 0xC6, 0x73, 0x4F, 0xC7, 0x80, 0x94, 0x86,
    0xD2, 0x3E, 0x76, 0x14, 0xD4, 0x8B, 0xA7, 0xA0, 0xDF, 0x03, 0xF8, 0xAB, 0xA0, 0x8F, 0x5F, 0x2A,
    0xE8, 0x09, 0x00, 0x93, 0x7F, 0x8B, 0x9D, 0x96, 0x7F, 0xCD, 0x2B, 0x39, 0x92, 0xA2, 0x92, 0x49,
    0x1A, 0x28, 0xC0, 0xB0, 0x05, 0x9F, 0x90, 0xA2, 0x36, 0x14, 0x64, 0x18, 0x42, 0x6A, 0x06, 0xC2,
    0x1E, 0xCA, 0xDD, 0xEE, 0x60, 0x84, 0xA6, 0x66, 0xBA, 0x6A, 0x79, 0x46, 0x1D, 0xD6, 0xCA, 0x1E,
    0x21, 0xCA, 0xF9, 0xBF, 0xF7, 0x92, 0xCD, 0xEA, 0x10, 0x66, 0x83, 0xFB, 0x98, 0x68, 0x4F, 0xD5,
    0x5B, 0x4E, 0x67, 0x1E, 0x19, 0x26, 0x3F, 0xCC, 0x1F, 0x00, 0xC2, 0x1F, 0x1C, 0xE3, 0x8C, 0x8F,
    0xF1, 0xD8, 0xA9, 0x07, 0x5C, 0x3E, 0x86, 0x1B, 0x9C, 0x48, 0xDC, 0xAF, 0xE8, 0xA2, 0xEF, 0x28,
    0xC0, 0xC2, 0x2B, 0xC2, 0xA3, 0x0C, 0xE7, 0x19, 0xCF, 0x9F, 0x11, 0x9D, 0x51, 0xAF, 0x95, 0x8C,
    0xE1, 0x1C, 0x1F, 0x99, 0x35, 0xAF, 0xD9, 0x36, 0xBC, 0x4D, 0xFF, 0xA6, 0xC6, 0xBD, 0x1C, 0xEF,
    0xD8, 0xDF, 0xE7, 0x02, 0xF5, 0xC6, 0xB0, 0xD9, 0xAC, 0x71, 0xB2, 0xDE, 0xC0, 0x38, 0x7D, 0x36,
    0x6A, 0xD3, 0x61, 0xB9, 0x2C, 0x9E, 0x95, 0x90, 0x2F, 0xC4, 0x36, 0x18, 0x16, 0x4B, 0xA3, 0x59,
    0xBA, 0x2F, 0x8C, 0xC8, 0x33, 0x47, 0x0C, 0xC0, 0x50, 0xF2, 0x50, 0x01, 0x9F, 0x9A, 0xF8, 0xAF,
    0xE9, 0xFF, 0x35, 0xFD, 0xBF, 0x86, 0x97, 0xDB, 0x1A, 0xA1, 0xDF, 0xD6, 0x08, 0x59, 0xB6, 0x2E,
    0x56, 0x47, 0x54, 0x91, 0xAA, 0x4C, 0xC6, 0xE0, 0x41, 0xC5, 0x61, 0x54, 0x0C, 0x1A, 0x28, 0x3E,
    0xBF, 0x7E, 0x5D, 0x6E, 0xC8, 0x06, 0x16, 0x34, 0x79, 0xCA, 0x84, 0x98, 0x7F, 0x0D, 0x0B, 0xEF,
    0xC9, 0xFD, 0xEB, 0xD6, 0x25, 0x75, 0xEF, 0x33, 0xEC, 0x13, 0x25, 0x0C, 0x87, 0xBF, 0x51, 0x82,
    0x21, 0xD7, 0x6E, 0x92, 0xBC, 0xFE, 0x33, 0x56, 0xFE, 0x8A, 0xA9, 0xF3, 0x14, 0xE2, 0x8A, 0xEA,
    0xF8, 0x67, 0x51, 0x23, 0x52, 0xDE, 0x44, 0x9C, 0x66, 0x7F, 0xC3, 0xC9, 0x64, 0xB7, 0x39, 0x7C,
    0xDB, 0xF2, 0x33, 0x9C, 0x56, 0xBA, 0x6C, 0x84, 0x17, 0x5B, 0x0D, 0x1A, 0xBB, 0x6A, 0x80, 0x18,
    0xF6, 0xBF, 0x6A, 0x50, 0xEE, 0x68, 0xA0, 0x6C, 0x90, 0x21, 0x9D, 0x46, 0x21, 0x47, 0x91, 0x52,
    0x5D, 0xD2, 0x5A, 0x75, 0xEE, 0x46, 0xC3, 0x08, 0xF5, 0x48, 0x1C, 0x75, 0xCD, 0x9E, 0x04, 0xF0,
    0x28, 0xA7, 0x7A, 0x44, 0x50, 0x6B, 0x90, 0x86, 0x3C, 0xBA, 0x9D, 0x52, 0xAD, 0x98, 0x6C, 0x0F,
    0xD3, 0x99, 0x3D, 0xB3, 0x01, 0xBB, 0x85, 0x6E, 0x25, 0x84, 0x40, 0x39, 0xD2, 0x45, 0x8C, 0x84,
    0xE4, 0xC1, 0xB8, 0x72, 0xA2, 0x92, 0x29, 0xB9, 0xE9, 0xDE, 0x0C, 0x04, 0x4C, 0x89, 0xA4, 0x72,
    0x48, 0xA5, 0x8F, 0x79, 0x88, 0xB0, 0x12, 0xF8, 0xEE, 0x4E, 0x72, 0xDA, 0x19, 0xBA, 0x2D, 0x93,
    0x1A, 0xF7, 0x5A, 0xEE, 0xA1, 0x5D, 0x37, 0x65, 0x9F, 0x6E, 0x50, 0xCF, 0x68, 0x15, 0xE5, 0xBA,
    0xCF, 0x76, 0x35, 0xAB, 0xC8, 0xAB, 0x9A, 0x9E, 0xAB, 0xCD, 0xD3, 0xE5, 0x36, 0x77, 0xCB, 0xDB,
    0xBB, 0x30, 0x28, 0xB8, 0x9D, 0x1D, 0xBA, 0x7B, 0x41, 0x6A, 0x0C, 0xF4, 0x11, 0x70, 0x8E, 0x49,
    0x63, 0x12, 0x5A, 0xE1, 0x22, 0x2E, 0x1C, 0x08, 0x71, 0x1F, 0x48, 0x81, 0xB2, 0xE2, 0x95, 0x1A,
    0xE3, 0xF5, 0x06, 0x87, 0x87, 0x0A, 0x06, 0x4E, 0x5A, 0x36, 0x33, 0x6F, 0xCA, 0xF5, 0xEB, 0x72,
    0x87, 0x86, 0xD0, 0x99, 0x3C, 0x0C, 0xCB, 0x15, 0x67, 0xE4, 0x01, 0x79, 0x6B, 0xEF, 0xDA, 0x75,
    0x19, 0xD3, 0x0E, 0x90, 0x28, 0xF8, 0x1C, 0x26, 0x44, 0x2E, 0x7B, 0x9E, 0x80, 0x5F, 0x8F, 0x1A,
    0x7A, 0x3A, 0x9A, 0xED, 0x1A, 0xA2, 0xCD, 0x6A, 0xBA, 0x53, 0xA8, 0xFC, 0x71, 0x57, 0x17, 0x7D,
    0xC4, 0xF2, 0x11, 0x2D, 0x30, 0x2E, 0xD4, 0x83, 0x27, 0xAB, 0xE4, 0x72, 0xA7, 0x64, 0xE2, 0x90,
    0xFD, 0x88, 0x32, 0xCF, 0xAF, 0xB9, 0x2A, 0x73, 0xC4, 0x65, 0x5E, 0x06, 0x95, 0xEB, 0xD1, 0xE5,
    0xFE, 0x16, 0x2A, 0xD3, 0x39, 0x54, 0x20, 0xE4, 0xAD, 0x9B, 0xD7, 0xAE, 0x4B, 0x80, 0x4A, 0xAE,
    0x50, 0x19, 0x2E, 0x84, 0xCA, 0x75, 0xA8, 0xB1, 0xCF, 0x08, 0x6A, 0x58, 0xCC, 0x18, 0x70, 0x1D,
    0xB1, 0xF7, 0x48, 0xAA, 0x2A, 0x2F, 0x4A, 0xC9, 0x03, 0x2F, 0x5F, 0x30, 0x94, 0xBE, 0x6B, 0x2A,
    0x84, 0x43, 0xAF, 0x03, 0x90, 0x88, 0xE0, 0x97, 0x39, 0x16, 0x23, 0x03, 0x79, 0x39, 0x6A, 0x60,
    0xAC, 0xCE, 0xE2, 0xB3, 0x6B, 0x14, 0xD8, 0x55, 0x58, 0xAE, 0x54, 0x9A, 0x83, 0x78, 0xFA, 0xF9,
    0x2A, 0x44, 0xE1, 0xF9, 0xFE, 0xC1, 0x8B, 0x5E, 0xD1, 0x81, 0xFB, 0x81, 0x99, 0xA2, 0xEA, 0x00,
    0x7D, 0x15, 0xE3, 0xC0, 0x64, 0xED, 0x08, 0x8E, 0xDA, 0x28, 0xAF, 0x9D, 0x10, 0x9B, 0x97, 0x87,
    0x79, 0x17, 0xCD, 0x47, 0x05, 0xE8, 0xAE, 0x29, 0xDB, 0x64, 0x32, 0x06, 0x69, 0xA2, 0xB4, 0x55,
    0xEA, 0x0A, 0x5F, 0xA1, 0x1A, 0x47, 0x59, 0xA2, 0x43, 0x9F, 0x83, 0xEC, 0x77, 0x20, 0x54, 0x65,
    0xCB, 0xE2, 0x1B, 0x33, 0x85, 0x33, 0xD7, 0x30, 0x79, 0xB4, 0x72, 0x8A, 0xC6, 0xAD, 0xE6, 0x39,
    0x67, 0x37, 0x31, 0xE2, 0x3C, 0xCA, 0x1A, 0x18, 0x66, 0x8A, 0xFD, 0xED, 0x39, 0x9D, 0xA2, 0x25,
    0x77, 0x91, 0xCF, 0x87, 0xC8, 0x97, 0x5D, 0xB4, 0x98, 0x96, 0xEF, 0x78, 0xB6, 0x75, 0x32, 0x37,
    0x55, 0x32, 0x35, 0x55, 0x3A, 0xFA, 0x2A, 0x77, 0x20, 0xBE, 0x03, 0x2A, 0x99, 0xCE, 0xB6, 0x1E,
    0xBC, 0x14, 0x0A, 0xA8, 0xE3, 0xEA, 0x0E, 0xEB, 0x40, 0x32, 0xC9, 0x0D, 0xB9, 0xEF, 0x65, 0x8D,
    0x55, 0x3F, 0x95, 0xBC, 0x64, 0xCD, 0x1C, 0x0D, 0xEA, 0x2F, 0x18, 0x3B, 0xED, 0x27, 0x89, 0xAB,
    0xF7, 0x7E, 0x3A, 0x79, 0x27, 0x37, 0x35, 0x1D, 0xD7, 0xCC, 0x61, 0x58, 0xFE, 0x77, 0xE3, 0x0B,
    0x94, 0x44, 0xE7, 0x51, 0x26, 0x85, 0x0A, 0xA5, 0x0A, 0xC5, 0x0A, 0xE5, 0x0A, 0x05, 0x0B, 0x25,
    0x0B, 0x45, 0x0B, 0x65, 0x0B, 0x85, 0x0B, 0xA5, 0x0B, 0xC5, 0x0B, 0xE5, 0x0B, 0x15, 0x60, 0xAD,
    0x08, 0x12, 0x00, 0x15, 0x88, 0x2E, 0x51, 0x25, 0x56, 0x2D, 0xD2, 0xBE, 0x24, 0xBE, 0xE1, 0x1C,
    0x39, 0xF4, 0x04, 0x83, 0xFD, 0xF0, 0x67, 0x51, 0xE3, 0x53, 0x79, 0x0B, 0x55, 0xCF, 0x98, 0x4E,
    0x28, 0x57, 0x97, 0x62, 0x92, 0xE0, 0x62, 0xF0, 0x03, 0x32, 0x47, 0x14, 0xC7, 0x60, 0x90, 0xA0,
    0x0F, 0xC0, 0x82, 0xAF, 0x6D, 0x67, 0xBA, 0x12, 0x14, 0xEE, 0xD5, 0xC0, 0x73, 0x99, 0xA5, 0x9A,
    0x33, 0xD6, 0x0D, 0x7A, 0x40, 0x64, 0x17, 0x5F, 0x79, 0x94, 0xC3, 0xA0, 0x59, 0x09, 0x2A, 0xC1,
    0x16, 0xE5, 0x9C, 0x6F, 0xC1, 0x99, 0x1A, 0x90, 0xA1, 0x13, 0x53, 0xE7, 0xDF, 0x4D, 0xB6, 0x2A,
    0xBE, 0x71, 0x70, 0xCA, 0x2F, 0x7B, 0x2C, 0x78, 0xC6, 0x2A, 0xCF, 0x43, 0xE9, 0x72, 0x86, 0xBE,
    0xE5, 0xA8, 0xDD, 0x38, 0xDB, 0x07, 0x62, 0x51, 0xB2, 0xCF, 0x62, 0x00, 0x88, 0xC0, 0x1E, 0x14,
    0x92, 0xA0, 0x3A, 0xB2, 0x92, 0x8A, 0xC4, 0x6B, 0xFA, 0xE1, 0x90, 0x56, 0x3B, 0x06, 0xDB, 0xB1,
    0xC3, 0x14, 0xEC, 0x40, 0x9F, 0x17, 0xFA, 0x3C, 0xCD, 0x36, 0xE0, 0x2B, 0x75, 0xFC, 0xA2, 0xA7,
    0xC8, 0x0E, 0x5F, 0x99, 0x96, 0x74, 0xAD, 0x55, 0xBA, 0x86, 0xA1, 0xA9, 0x10, 0x6C, 0xA0, 0x21,
    0x4A, 0xB2, 0x8A, 0x95, 0xFE, 0xD6, 0x62, 0x25, 0xC3, 0xC2, 0x5E, 0x08, 0x0B, 0x1A, 0x8D, 0xB5,
    0xFC, 0x29, 0x08, 0x1D, 0xBA, 0x64, 0xE8, 0x12, 0xBD, 0x2F, 0xD7, 0xAE, 0x4B, 0x5C, 0x3D, 0x5B,
    0xFD, 0x4C, 0x34, 0x13, 0xF9, 0x0D, 0x5B, 0x16, 0xD7, 0xAB, 0x4B, 0xD2, 0xA3, 0xE2, 0xCD, 0x1D,
    0xBE, 0x06, 0xAA, 0x5B, 0x54, 0xFA, 0xEF, 0x3E, 0x8F, 0xE7, 0x6B, 0x32, 0x89, 0x6C, 0x1A, 0x49,
    0x24, 0x11, 0x4A, 0xFA, 0x35, 0xBF, 0x44, 0xDD, 0x33, 0x49, 0xAA, 0x86, 0xFB, 0x20, 0xCA, 0xA2,
    0x5A, 0x0E, 0xF1, 0x36, 0x67, 0x16, 0x28, 0xD9, 0xE9, 0x80, 0xF2, 0x79, 0x4F, 0x2F, 0xF9, 0x37,
    0x8B, 0xE4, 0x1F, 0xC6, 0xB5, 0x92, 0x53, 0xD0, 0x69, 0xBD, 0xF0, 0xA3, 0x89, 0x2B, 0x7F, 0x36,
    0x71, 0xBD, 0xD0, 0xE4, 0xA1, 0x82, 0x6C, 0x51, 0xB1, 0x62, 0x80, 0x35, 0x62, 0xF6, 0x8C, 0x00,
    0x9D, 0x8D, 0x35, 0x82, 0xD3, 0x32, 0x41, 0xD1, 0xBD, 0xF7, 0x67, 0xFA, 0x82, 0x23, 0xF3, 0xA2,
    0x43, 0x3C, 0xBE, 0xB0, 0x3F, 0x2C, 0x5A, 0x7F, 0x6B, 0x21, 0xE1, 0x15, 0x00, 0xCC, 0x56, 0xC9,
    0x42, 0x6D, 0xB2, 0x91, 0xD9, 0x23, 0x1F, 0x52, 0xC7, 0x4C, 0xA6, 0xFD, 0x6C, 0xEE, 0x8F, 0xB9,
    0xAE, 0x5E, 0xCB, 0x31, 0x31, 0x8F, 0x94, 0x4F, 0x7C, 0x46, 0xBD, 0xED, 0x27, 0x8A, 0xE6, 0xDB,
    0xFC, 0xDC, 0xC7, 0x5C, 0xD3, 0xB3, 0x2B, 0xC6, 0x43, 0xEB, 0x59, 0x40, 0xC1, 0xF4, 0xB1, 0x8E,
    0xC9, 0x74, 0x0B, 0xD1, 0x04, 0x99, 0x8C, 0x1D, 0xEC, 0xB1, 0xF1, 0xCC, 0x48, 0x07, 0xE3, 0x66,
    0xCF, 0x5A, 0x45, 0x14, 0xEA, 0xA0, 0xA5, 0xE6, 0xFB, 0x72, 0x8D, 0xAF, 0x3C, 0x9C, 0x31, 0x58,
    0x50, 0xAB, 0x74, 0xA6, 0xF5, 0xA8, 0x5D, 0x5B, 0x5E, 0x9F, 0x43, 0x7F, 0x84, 0x77, 0x3F, 0x65,
    0x73, 0xCA, 0xBE, 0xB4, 0x33, 0x1D, 0x51, 0x84, 0xD0, 0x88, 0x23, 0xF7, 0x38, 0x71, 0xC6, 0x3A,
    0x1E, 0x18, 0x32, 0x79, 0xDB, 0x9C, 0xB2, 0x95, 0xE8, 0x5B, 0xD2, 0xD1, 0x74, 0xF9, 0x65, 0x1D,
    0xF2, 0x13, 0xF9, 0x11, 0xE9, 0x91, 0x75, 0xC1, 0x34, 0xAB, 0x03, 0x5C, 0x7A, 0x6D, 0x4D, 0x4F,
    0xF5, 0x79, 0x7A, 0xFA, 0xEE, 0x3C, 0x3D, 0x5D, 0x76, 0xED, 0x68, 0x7E, 0x8D, 0xA5, 0xAF, 0x46,
    0x64, 0xC0, 0x29, 0xE5, 0x51, 0x9D, 0xBF, 0xB8, 0x3A, 0x97, 0x27, 0x9F, 0x9E, 0x84, 0x02, 0x84,
    0x12, 0x84, 0x22, 0x82, 0x53, 0xA8, 0x3F, 0x50, 0x8A, 0x50, 0x8C, 0x50, 0x8E, 0x78, 0xF5, 0x8C,
    0xD3, 0xCD, 0x8D, 0x81, 0x52, 0xF6, 0xB0, 0x91, 0x97, 0x67, 0x9C, 0xAB, 0x96, 0x26, 0xAC, 0x48,
    0x19, 0x1B, 0x1D, 0x4A, 0xFE, 0xE1, 0x30, 0xFC, 0xE6, 0xDF, 0x45, 0x77, 0x25, 0xB6, 0x6B, 0x6A,
    0x84, 0x11, 0xFF, 0xC4, 0x77, 0xB1, 0xFF, 0xC1, 0x0F, 0xD1, 0x47, 0xFE, 0x11, 0xE0, 0xC7, 0x9E,
    0xE8, 0xFE, 0x92, 0xF5, 0x48, 0x5B, 0xA0, 0x51, 0xF0, 0xB2, 0x2A, 0x7F, 0x02, 0xCB, 0x96, 0xF7,
    0xE0, 0x79, 0xDA, 0x2D, 0x33, 0x74, 0x56, 0x53, 0x2C, 0xAF, 0x40, 0x5F, 0x0B, 0xC2, 0x35, 0x03,
    0xA3, 0x59, 0x4F, 0x77, 0x89, 0x90, 0x13, 0x11, 0x46, 0x58, 0xC0, 0x00, 0xA2, 0xB7, 0x78, 0xC3,
    0x53, 0xEE, 0xDC, 0xF0, 0xD0, 0xE3, 0x36, 0x6F, 0xBD, 0xD0, 0x71, 0x51, 0x45, 0xCF, 0x4C, 0xB9,
    0xED, 0x06, 0x3E, 0xC3, 0xCA, 0x8D, 0x3D, 0xEC, 0xAC, 0xD7, 0x48, 0xA1, 0x31, 0x82, 0x69, 0x8B,
    0xB0, 0x64, 0xB1, 0x19, 0x93, 0xB6, 0xB2, 0xB5, 0x1D, 0xD7, 0xEB, 0xFE, 0x6B, 0xFA, 0xAC, 0xDE,
    0x28, 0x81, 0xD4, 0x20, 0xFA, 0x4D, 0x4A, 0x0F, 0xDB, 0x62, 0xB4, 0xDF, 0xB3, 0xF9, 0xEE, 0xEB,
    0x06, 0x4E, 0xAF, 0x32, 0xB5, 0x0B, 0xA7, 0xF2, 0xEA, 0x4C, 0xE5, 0x3D, 0x7D, 0x39, 0x4D, 0xBB,
    0xF4, 0xDA, 0x7B, 0x6B, 0xC9, 0xCE, 0xD3, 0x44, 0x5C, 0xC9, 0xBF, 0x06, 0x77, 0x5A, 0x17, 0xBF,
    0xEC, 0xDA, 0x79, 0xFD, 0x40, 0x83, 0x8F, 0xF9, 0x02, 0xE6, 0xAF, 0xC6, 0x1D, 0xFC, 0x5D, 0x6E,
    0x5D, 0xB2, 0xE4, 0x0F, 0x57, 0x96, 0xCC, 0x10, 0x90, 0x9E, 0xB3, 0xE4, 0x12, 0xE6, 0x31, 0xFA,
    0xDE, 0x1C, 0x66, 0x1B, 0x5A, 0xB0, 0x21, 0xC8, 0x69, 0x47, 0x84, 0x15, 0x09, 0xCF, 0x0C, 0x21,
    0x0E, 0x47, 0x15, 0x31, 0x92, 0x32, 0x4C, 0xE3, 0xE1, 0xA7, 0x6B, 0x2D, 0xF8, 0x20, 0xDC, 0x08,
    0xF1, 0x1E, 0x89, 0x61, 0xF4, 0x35, 0xB9, 0xA2, 0xB5, 0xD7, 0x06, 0x37, 0x5B, 0xAF, 0xC4, 0x11,
    0xDB, 0x4D, 0x77, 0x5E, 0xBB, 0x92, 0xB5, 0x51, 0x9C, 0xC1, 0x82, 0x25, 0xB2, 0x69, 0xD9, 0xC5,
    0x43, 0xBE, 0xAD, 0x5E, 0xAE, 0xC6, 0x1E, 0xD2, 0x68, 0x35, 0xF7, 0x17, 0x3A, 0x84, 0x1A, 0x1D,
    0x07, 0x98, 0x68, 0xFA, 0xF9, 0xDE, 0x6D, 0x6E, 0x66, 0x38, 0x94, 0xFF, 0xD1, 0x8E, 0xC0, 0xC8,
    0x40, 0x07, 0x17, 0x73, 0x85, 0x63, 0xB6, 0x75, 0xDB, 0x8C, 0x3E, 0x30, 0x9C, 0xF4, 0x6B, 0x38,
    0xA1, 0x1A, 0xCD, 0x3D, 0xBD, 0x69, 0x9B, 0x99, 0x46, 0x60, 0x98, 0x3D, 0xDE, 0x96, 0x86, 0x50,
    0x99, 0x86, 0x50, 0xB9, 0xBC, 0x10, 0x2A, 0xF7, 0x43, 0x66, 0x75, 0x54, 0x13, 0x11, 0x6C, 0x49,
    0xF5, 0x0E, 0x66, 0x1D, 0xD2, 0x91, 0x17, 0x31, 0x4E, 0x0B, 0xBE, 0x74, 0xAD, 0xFA, 0x50, 0x73,
    0x21, 0xB3, 0xF6, 0x9A, 0xF4, 0xA1, 0x81, 0x69, 0x79, 0xFD, 0xB8, 0xBD, 0xE1, 0xD1, 0xA6, 0x32,
    0x0F, 0x85, 0x9D, 0x19, 0x6D, 0x6F, 0x6B, 0x4B, 0x35, 0xC8, 0xCA, 0xF4, 0x0A, 0x10, 0x61, 0x47,
    0xAF, 0x54, 0x1D, 0x02, 0xD7, 0x08, 0x0A, 0xA1, 0x6F, 0x54, 0x75, 0x63, 0x53, 0x65, 0x8E, 0xE9,
    0xDB, 0x6B, 0x10, 0xD3, 0xC0, 0x55, 0x1B, 0xBD, 0xC8, 0x71, 0x8A, 0xF1, 0xC0, 0xD9, 0xD8, 0x24,
    0x03, 0xD9, 0x65, 0x50, 0x50, 0x22, 0xD1, 0x5D, 0xD1, 0xDA, 0x37, 0x42, 0x03, 0x25, 0xD2, 0x7E,
    0x3E, 0xC8, 0xF4, 0x37, 0x6E, 0xDB, 0x7C, 0xBE, 0xEC, 0xDA, 0xEC, 0x28, 0x17, 0x7A, 0xBF, 0x36,
    0xCA, 0xAF, 0x8B, 0x73, 0x32, 0x75, 0xD9, 0x75, 0x77, 0x03, 0x42, 0xB9, 0x13, 0x10, 0x2E, 0x6D,
    0x8B, 0x07, 0x01, 0xC1, 0xEC, 0x2F, 0xD3, 0xC6, 0xD1, 0xF9, 0xD2, 0xBC, 0x2C, 0x34, 0xE1, 0xBD,
    0xF3, 0xA1, 0xAC, 0x4E, 0xB0, 0xDE, 0x56, 0x1F, 0x6D, 0xBA, 0x97, 0x7B, 0xBE, 0xE1, 0x23, 0x73,
    0xE0, 0x6E, 0xC9, 0x92, 0x13, 0x4D, 0x05, 0xB9, 0xAA, 0x05, 0x1F, 0xEA, 0x16, 0x50, 0xC8, 0x47,
    0xA0, 0x8A, 0xE6, 0xCB, 0xAF, 0x61, 0x9C, 0xB3, 0xCF, 0x30, 0x2C, 0x40, 0xA7, 0x41, 0x08, 0x03,
    0x29, 0xE7, 0xDD, 0x59, 0x68, 0xBF, 0xE2, 0xF9, 0x23, 0x32, 0xD2, 0x37, 0x76, 0x5A, 0xDF, 0x2B,
    0x79, 0x67, 0x1D, 0xA1, 0x1D, 0xF0, 0x66, 0x73, 0x89, 0xA0, 0xB7, 0x87, 0x60, 0x70, 0x53, 0xEE,
    0xD2, 0x11, 0x88, 0x75, 0xBC, 0xBB, 0x2F, 0x81, 0xD7, 0x12, 0x39, 0x12, 0x31, 0xB1, 0x07, 0x62,
    0x41, 0x54, 0x4D, 0x4B, 0xBC, 0xDA, 0xDA, 0xB6, 0xF6, 0x99, 0xFC, 0xF8, 0x66, 0x15, 0x78, 0xB0,
    0x96, 0xD5, 0x9D, 0x92, 0x60, 0xBA, 0xE2, 0x4A, 0x81, 0x2F, 0xBF, 0xF6, 0x2F, 0x44, 0xEF, 0x00,
    0x59, 0x42, 0x12, 0x66, 0x05, 0x72, 0xEF, 0x0D, 0x69, 0xAF, 0x64, 0xED, 0x12, 0x24, 0xD1, 0xC2,
    0x88, 0x0D, 0xDE, 0x1F, 0xC6, 0x5B, 0x2F, 0xBF, 0xBC, 0xCE, 0xA1, 0x30, 0x50, 0x2A, 0xB7, 0xF6,
    0x17, 0x93, 0xD0, 0x7E, 0x50, 0x08, 0xAC, 0x4C, 0x54, 0xDB, 0x3E, 0xAC, 0xAC, 0x59, 0x8E, 0xF0,
    0x42, 0x8F, 0xF5, 0x08, 0xE3, 0x86, 0xF2, 0x5B, 0xF2, 0xFB, 0xDC, 0x91, 0xE7, 0x66, 0x8E, 0x39,
    0x80, 0x68, 0xE4, 0x48, 0xBA, 0x99, 0x4C, 0xDA, 0x57, 0xF7, 0x7A, 0x17, 0xA8, 0xB0, 0x8A, 0xB5,
    0x57, 0x1F, 0x85, 0x0E, 0x9E, 0x8A, 0xDA, 0xFE, 0xDF, 0x07, 0xA0, 0xA0, 0x70, 0x0A, 0xC4, 0x6E,
    0x73, 0xE1, 0xA0, 0x79, 0x9C, 0xAF, 0x5F, 0x49, 0x88, 0xBA, 0x61, 0xDE, 0x85, 0x1D, 0x54, 0xD6,
    0x24, 0x2B, 0xAA, 0xC8, 0xBC, 0x3A, 0xDB, 0x6D, 0x22, 0x18, 0x18, 0x9A, 0xAD, 0xB5, 0x48, 0x22,
    0x57, 0xDB, 0xD0, 0x34, 0xF6, 0xC2, 0xEA, 0x78, 0x86, 0xF8, 0x64, 0xDA, 0x5F, 0xD8, 0xFC, 0xE0,
    0xFF, 0x76, 0x80, 0xEC, 0x8C, 0x77, 0xCD, 0xCF, 0x77, 0x65, 0xB7, 0x37, 0x00, 0xF8, 0xB7, 0x3A,
    0x0D, 0x8F, 0x82, 0x95, 0x01, 0xC7, 0x9D, 0x23, 0xF9, 0x3F, 0xB0, 0xD6, 0x7F, 0x01, 0xC5, 0x5B,
    0xBF, 0x93, 0xDD, 0xD4, 0x15, 0xBE, 0x92, 0x12, 0x0B, 0x5B, 0x31, 0xA2, 0x60, 0x26, 0x1E, 0x4C,
    0x2C, 0x0A, 0x0A, 0x67, 0x32, 0x13, 0x35, 0x34, 0xC9, 0x4C, 0x90, 0x0C, 0x99, 0xA1, 0xA0, 0x48,
    0xFA, 0x14, 0x71, 0x41, 0xEF, 0x3E, 0x33, 0x58, 0x1A, 0x28, 0x28, 0xF1, 0x9F, 0xE0, 0xCC, 0xA4,
    0xA7, 0xA5, 0x60, 0x57, 0xB2, 0x53, 0x50, 0xA4, 0x40, 0x86, 0x7F, 0x40, 0x10, 0x77, 0x29, 0x22,
    0x88, 0x08, 0xF2, 0x20, 0xE9, 0xE6, 0xFB, 0xCE, 0xB9, 0xD2, 0x7B, 0x6F, 0x77, 0xED, 0x5D, 0xE2,
    0xF5, 0x63, 0xE1, 0x1D, 0xEF, 0xAE, 0xDE, 0xDE, 0x7B, 0xBE, 0x73, 0xCE, 0x3D, 0xBF, 0xEE, 0x79,
    0xC6, 0xC4, 0x76, 0x32, 0x26, 0xB1, 0xA3, 0x31, 0x29, 0xC9, 0x91, 0xAF, 0x60, 0x06, 0x89, 0x2C,
    0x48, 0x4C, 0x92, 0x91, 0x14, 0x15, 0xC8, 0x5C, 0x18, 0xE3, 0x8D, 0x20, 0xC1, 0x90, 0xE5, 0x26,
    0xEA, 0x40, 0xE2, 0x16, 0x24, 0xAD, 0x41, 0xB2, 0x32, 0x2B, 0x4D, 0x65, 0x6D, 0x69, 0x2C, 0x88,
    0x4F, 0x12, 0x0C, 0xA6, 0x28, 0xA3, 0x1E, 0x24, 0xEE, 0x40, 0x92, 0x06, 0x24, 0xAB, 0x41, 0x4C,
    0x60, 0x6D, 0x6E, 0x42, 0x6B, 0xB9, 0x8F, 0xDD, 0xDE, 0xFB, 0x82, 0xBD, 0x8B, 0xCD, 0xC0, 0x14,
    0x16, 0x18, 0x4D, 0x34, 0x85, 0x83, 0x49, 0x3A, 0x2C, 0x91, 0x35, 0x5C, 0xA2, 0x06, 0xA9, 0xF2,
    0xA4, 0x35, 0x36, 0x4F, 0x1B, 0x63, 0x8D, 0x10, 0xAC, 0x68, 0x73, 0x90, 0xEA, 0x9E, 0xAD, 0xC1,
    0x2C, 0x48, 0x6A, 0x6D, 0x63, 0xC2, 0xF9, 0xF9, 0x92, 0x10, 0xEA, 0x03, 0x90, 0x2F, 0x47, 0xEE,
    0x04, 0x12, 0xD8, 0x0E, 0xBF, 0xAC, 0xCA, 0x1F, 0x03, 0x74, 0xD8, 0x66, 0xC6, 0x84, 0xDD, 0x21,
    0xB9, 0x00, 0x2B, 0x9E, 0xED, 0xB9, 0x47, 0xF9, 0x4C, 0xE1, 0x47, 0x54, 0x6F, 0x4C, 0x92, 0x4D,
    0xDC, 0x8D, 0x64, 0x02, 0xF1, 0x47, 0xE0, 0x0D, 0x7A, 0x90, 0xA8, 0x03, 0x89, 0x1B, 0xE0, 0x4D,
    0x6B, 0x90, 0xAC, 0x04, 0xA9, 0xB0, 0x2E, 0x11, 0x91, 0x0D, 0x4B, 0x65, 0x59, 0xBC, 0x0D, 0xBF,
    0x8B, 0xDB, 0xED, 0x5D, 0x29, 0x46, 0x8A, 0xC9, 0xA3, 0xE8, 0xC0, 0xA9, 0xE1, 0x73, 0xC3, 0xE7,
    0x20, 0x93, 0xDB, 0xFC, 0x82, 0xBD, 0x43, 0x40, 0xC4, 0x43, 0x38, 0x44, 0x43, 0x30, 0xC4, 0x42,
    0x28, 0x44, 0xC2, 0x25, 0xB9, 0x22, 0x61, 0x10, 0x05, 0x41, 0x10, 0x43, 0x38, 0x43, 0x78, 0xE0,
    0xC5, 0x04, 0xA3, 0xAE, 0x1F, 0x41, 0xCE, 0x3E, 0x0C, 0xC7, 0x98, 0x57, 0xB8, 0x2D, 0x51, 0x45,
    0xDC, 0x27, 0xE3, 0xDE, 0xE0, 0xC8, 0x98, 0x5F, 0xEC, 0x2A, 0xF5, 0x16, 0x1E, 0x84, 0x34, 0xB5,
    0x94, 0x56, 0x56, 0x35, 0xD7, 0x20, 0x74, 0xA3, 0xEB, 0x99, 0x48, 0x18, 0xA6, 0x35, 0x24, 0x2B,
    0xD7, 0xB2, 0xC6, 0x89, 0x44, 0xDE, 0x32, 0xF8, 0x35, 0xAC, 0x03, 0x12, 0x0E, 0x48, 0x4C, 0xF1,
    0x48, 0x36, 0xB9, 0x09, 0x56, 0x06, 0x05, 0x5B, 0x0C, 0xAA, 0xD0, 0xEB, 0xBA, 0xBD, 0x67, 0x07,
    0x1E, 0x30, 0xCF, 0xDA, 0x21, 0xB0, 0xF9, 0x0B, 0x31, 0x9E, 0xA6, 0xD8, 0x30, 0x6B, 0x74, 0x55,
    0xBE, 0x73, 0x79, 0xF1, 0xE7, 0xAC, 0xF7, 0xF2, 0x04, 0x2B, 0x87, 0x5C, 0xBD, 0x9A, 0x73, 0x5D,
    0xDB, 0xF8, 0x34, 0x93, 0x58, 0xB4, 0x47, 0xE6, 0x0F, 0x12, 0xBC, 0xFD, 0x95, 0x0B, 0x7B, 0xC7,
    0xE9, 0x83, 0x9F, 0x88, 0x9C, 0x77, 0x58, 0x7C, 0x84, 0xED, 0xE0, 0x5C, 0x95, 0xD7, 0xCF, 0x07,
    0x67, 0xC0, 0x6D, 0xE3, 0x7E, 0x25, 0xE4, 0x36, 0x6C, 0xF6, 0x0E, 0x31, 0x2A, 0x1D, 0xD3, 0xAD,
    0xFE, 0x9B, 0xE4, 0xE7, 0x03, 0xEF, 0x7A, 0x40, 0x9F, 0x93, 0xD6, 0xCE, 0xAD, 0xC8, 0x71, 0x0C,
    0x5B, 0x27, 0xD3, 0x3D, 0x63, 0xBC, 0x7B, 0x99, 0x27, 0x87, 0x8E, 0xAD, 0x12, 0xAF, 0xC0, 0x15,
    0x63, 0x7A, 0x8A, 0xD5, 0xA2, 0x08, 0x57, 0xE2, 0x02, 0x01, 0x1B, 0x22, 0x36, 0x84, 0x2C, 0x98,
    0x05, 0xB4, 0xEE, 0x21, 0x8E, 0x6B, 0x43, 0x74, 0x5F, 0x40, 0x37, 0xC4, 0x6E, 0x04, 0xBC, 0x33,
    0xE2, 0xBB, 0x2F, 0x03, 0xE9, 0xC0, 0x2D, 0x25, 0xD8, 0x08, 0x73, 0x34, 0x62, 0x73, 0x71, 0x07,
    0x7D, 0xCA, 0x37, 0x17, 0x74, 0x8A, 0x15, 0xDF, 0x67, 0x03, 0xFA, 0x20, 0xFC, 0x07, 0xF7, 0x62,
    0x73, 0x7F, 0x82, 0xE7, 0x83, 0x20, 0x1C, 0x81, 0x37, 0xB0, 0x39, 0xFC, 0x22, 0x5C, 0x52, 0xE7,
    0x91, 0xF8, 0x33, 0xE4, 0x82, 0x47, 0x69, 0x03, 0x5E, 0xB3, 0x1A, 0xBC, 0x66, 0xF7, 0xE0, 0x05,
    0x0B, 0x4A, 0xB3, 0x22, 0xA0, 0x8F, 0x6C, 0xA9, 0xE0, 0xE0, 0xB0, 0x8D, 0x3F, 0x67, 0xB4, 0xBA,
    0xA9, 0x10, 0xE9, 0x1E, 0x52, 0x1D, 0xA3, 0x28, 0x65, 0x10, 0x51, 0x7F, 0x0B, 0x1E, 0xAE, 0x6A,
    0xA0, 0x20, 0x85, 0xF8, 0xC0, 0x72, 0x3C, 0x88, 0x49, 0xB4, 0xA2, 0xE2, 0x5A, 0x15, 0x4F, 0xE4,
    0x55, 0x5E, 0xE5, 0xCE, 0x63, 0x0A, 0xBB, 0x2B, 0xBD, 0x41, 0xB7, 0x58, 0x7D, 0x20, 0x81, 0xC4,
    0x6A, 0x4C, 0xB1, 0xA2, 0xC8, 0xBF, 0x90, 0x91, 0xAB, 0xF4, 0x63, 0x19, 0xD1, 0x66, 0x44, 0x5B,
    0xBC, 0x37, 0x73, 0x29, 0x81, 0x8C, 0xF5, 0x48, 0x80, 0xBB, 0xCA, 0x53, 0xDB, 0x54, 0x79, 0x66,
    0xE9, 0x1B, 0x41, 0xC0, 0x20, 0xD0, 0x46, 0x3D, 0xD0, 0xC6, 0x1D, 0xD0, 0xC6, 0x1D, 0xCC, 0x22,
    0x69, 0x93, 0x0E, 0xB8, 0xAB, 0x86, 0x1B, 0xE4, 0xBA, 0x5C, 0x0A, 0xAF, 0x2B, 0xF1, 0x84, 0xA0,
    0xC9, 0x1F, 0x59, 0x02, 0x8E, 0x4E, 0x49, 0x28, 0x88, 0x82, 0xC9, 0x05, 0x45, 0xCA, 0x3B, 0xA0,
    0xB2, 0xE3, 0x09, 0xE7, 0x2F, 0xE9, 0x60, 0x66, 0x59, 0x9D, 0x30, 0x7A, 0xA5, 0x2D, 0xFE, 0x3A,
    0x5B, 0x1D, 0x7E, 0xB1, 0x78, 0x7D, 0x62, 0xAE, 0xEE, 0x63, 0xB7, 0x82, 0xB1, 0x2F, 0xB5, 0x15,
    0x34, 0xFE, 0xE8, 0xD7, 0xE5, 0x22, 0x31, 0x59, 0x9E, 0x51, 0xE8, 0xC8, 0x57, 0xC2, 0x07, 0x12,
    0x9E, 0x24, 0x50, 0x6D, 0xEC, 0x68, 0x61, 0x51, 0x89, 0x18, 0x1E, 0x22, 0x46, 0xEF, 0x58, 0x1E,
    0x97, 0xF8, 0x12, 0xAD, 0xDE, 0x61, 0xEB, 0x24, 0xF0, 0x2D, 0x99, 0x23, 0xAD, 0xD9, 0xCA, 0x2A,
    0x62, 0x3B, 0xEF, 0xC6, 0x56, 0x1E, 0x52, 0x4B, 0xF7, 0x05, 0xBC, 0xE1, 0x14, 0x52, 0x7E, 0x3E,
    0x4C, 0xA6, 0xC6, 0x06, 0xC0, 0x8B, 0xB8, 0xFD, 0x2F, 0x3C, 0x15, 0x44, 0x95, 0x7D, 0xB8, 0x18,
    0xB7, 0x9E, 0x27, 0xB5, 0xEB, 0x92, 0x0B, 0xD3, 0xAE, 0xE5, 0x28, 0x65, 0x01, 0xBD, 0x40, 0x44,
    0x42, 0xA8, 0x09, 0xD7, 0x0F, 0x1F, 0x99, 0x1F, 0x03, 0x74, 0xC0, 0xB4, 0x24, 0xE8, 0x99, 0xA5,
    0x08, 0x68, 0x3B, 0x2C, 0x3E, 0xE2, 0xD9, 0xC1, 0xF7, 0xFA, 0xC5, 0x37, 0x85, 0x2B, 0xF1, 0xBB,
    0x7D, 0x23, 0x17, 0xE7, 0x25, 0xAE, 0xD8, 0xB9, 0x63, 0xE7, 0xB4, 0x09, 0x17, 0x68, 0x09, 0x96,
    0x58, 0x09, 0x95, 0x48, 0x09, 0x94, 0x38, 0x09, 0x93, 0x28, 0xC5, 0x71, 0xD7, 0x0A, 0x91, 0x08,
    0x05, 0x20, 0xF1, 0xED, 0x85, 0xF7, 0xB4, 0x74, 0xD9, 0x93, 0xFC, 0x5D, 0x40, 0xD9, 0x7A, 0x54,
    0xD3, 0xE3, 0x98, 0x2F, 0x6F, 0x0D, 0x60, 0xBC, 0xA5, 0x57, 0xAB, 0xEC, 0xDF, 0x1E, 0xC3, 0x3C,
    0x4E, 0x25, 0x72, 0x50, 0xC9, 0xC5, 0xC4, 0x57, 0x61, 0xE9, 0x84, 0x1C, 0x5D, 0xF6, 0xF8, 0xD3,
    0x87, 0x74, 0x65, 0x62, 0xA9, 0xF3, 0x92, 0x5B, 0x98, 0x72, 0xDF, 0x4A, 0xF3, 0xEA, 0x57, 0x4D,
    0xF8, 0x35, 0xB3, 0x5C, 0xBC, 0x99, 0xA8, 0x91, 0x18, 0x9B, 0x2B, 0xE6, 0x5C, 0x14, 0x67, 0x0C,
    0x39, 0x0E, 0x65, 0x6F, 0xF2, 0x53, 0xCD, 0x0C, 0x78, 0xDC, 0xE0, 0xCE, 0xCF, 0x8E, 0x45, 0xDB,
    0x48, 0x3D, 0x26, 0xDD, 0x2E, 0xA2, 0xAD, 0x6F, 0x17, 0x3B, 0x96, 0x34, 0x24, 0xE9, 0x36, 0x81,
    0xD6, 0xFB, 0x23, 0x08, 0x1E, 0x21, 0xB5, 0x67, 0x7E, 0x1F, 0x2F, 0xF9, 0x3D, 0xDD, 0x24, 0xC2,
    0x0D, 0x84, 0xD5, 0x41, 0x52, 0x12, 0xFA, 0x22, 0x1E, 0x14, 0x4F, 0x59, 0x31, 0xAF, 0x92, 0x1C,
    0x88, 0x72, 0x45, 0xB6, 0xE4, 0xF8, 0x6D, 0x2C, 0xF9, 0x9C, 0xBF, 0x08, 0xFD, 0xD6, 0x2C, 0x95,
    0x50, 0x43, 0x21, 0x01, 0x41, 0x83, 0xBD, 0xE0, 0x68, 0xCB, 0x25, 0xD6, 0xD1, 0xE7, 0x93, 0xF4,
    0xB0, 0x93, 0x70, 0x40, 0x18, 0x84, 0x50, 0x26, 0xCA, 0x7C, 0xD4, 0x83, 0x6C, 0x6E, 0xFD, 0x7B,
    0x93, 0x19, 0x74, 0x1A, 0x5E, 0x7F, 0xE3, 0x61, 0x25, 0x09, 0x7D, 0x96, 0x85, 0xDE, 0x55, 0x0D,
    0x06, 0x63, 0x8C, 0xCD, 0x47, 0x66, 0x21, 0x7C, 0x62, 0x0A, 0xEA, 0x3F, 0x79, 0x78, 0xCC, 0x5D,
    0xED, 0x45, 0x2E, 0x19, 0x0D, 0x2F, 0xFB, 0xA0, 0xA3, 0x69, 0x74, 0x34, 0xC8, 0x9A, 0x41, 0x79,
    0x97, 0x8D, 0x7D, 0xC9, 0xE5, 0x8C, 0xC9, 0xE7, 0x33, 0x37, 0x95, 0x8F, 0x8D, 0x86, 0x64, 0x2D,
    0x45, 0xE5, 0x3B, 0x71, 0xB1, 0xFB, 0x95, 0xC6, 0x5E, 0xA0, 0x1A, 0x3D, 0xF1, 0x86, 0xF9, 0x97,
    0x99, 0x96, 0x94, 0x58, 0x5C, 0x05, 0x3D, 0x88, 0x3C, 0x2F, 0x9D, 0xA3, 0xF1, 0xC5, 0x35, 0x92,
    0xFB, 0x60, 0xFF, 0xD2, 0x38, 0xC3, 0xF9, 0x15, 0x9F, 0xA9, 0xA9, 0xA7, 0x04, 0xD2, 0x90, 0xF9,
    0xE7, 0x52, 0xFF, 0x57, 0x39, 0x88, 0x95, 0x92, 0x1D, 0xCF, 0xB1, 0xB9, 0xAD, 0x59, 0x52, 0xD7,
    0x81, 0x10, 0xB0, 0x5B, 0x9E, 0x98, 0xC9, 0x76, 0xD0, 0x7E, 0xCA, 0x35, 0xB3, 0x26, 0xE4, 0x9A,
    0x92, 0xFC, 0x5F, 0x52, 0x47, 0xEC, 0xE3, 0xC0, 0x44, 0x5F, 0xC1, 0xE3, 0xE6, 0x2E, 0xC5, 0x6B,
    0x55, 0x1D, 0xE2, 0xEB, 0xE9, 0x14, 0x99, 0x8D, 0x82, 0x7B, 0xBA, 0x66, 0x80, 0xF5, 0xE6, 0x70,
    0xF2, 0xC7, 0x60, 0x0A, 0xF8, 0x1A, 0x82, 0x31, 0xEC, 0x83, 0x31, 0xEA, 0xE8, 0x57, 0xA3, 0x21,
    0xEE, 0xE2, 0x3E, 0x69, 0xE3, 0x2E, 0x6D, 0x12, 0xE8, 0x29, 0x45, 0x6A, 0x9B, 0x35, 0xD2, 0xAC,
    0x40, 0x96, 0x0B, 0xDD, 0x41, 0xAC, 0xE4, 0x73, 0x20, 0xE9, 0x21, 0x6E, 0xDB, 0x69, 0x6A, 0x6B,
    0x21, 0x56, 0x8F, 0x52, 0xF2, 0x49, 0x44, 0xAC, 0x58, 0x17, 0x64, 0x00, 0x9F, 0x61, 0x0F, 0x2B,
    0x88, 0x98, 0x42, 0xC6, 0x5D, 0x42, 0x82, 0x14, 0x52, 0x96, 0x4B, 0xB1, 0x9C, 0x26, 0xCE, 0x59,
    0x4D, 0xE7, 0x4D, 0x63, 0xA2, 0x06, 0x62, 0xC9, 0x17, 0xE9, 0xEF, 0x5B, 0x5F, 0xA2, 0x0E, 0x33,
    0x6B, 0xFC, 0x5B, 0x29, 0xFF, 0xC6, 0x86, 0xC0, 0x10, 0x4C, 0xFE, 0x24, 0x18, 0xE4, 0xBF, 0x70,
    0x08, 0x87, 0xA8, 0x8F, 0x7A, 0xF2, 0x8F, 0x57, 0xC7, 0x0C, 0x38, 0x6D, 0xC1, 0x7F, 0x43, 0x9E,
    0x65, 0x81, 0xF7, 0x73, 0xB2, 0xD8, 0x90, 0x3B, 0x98, 0xDD, 0x83, 0xF9, 0x98, 0x97, 0x93, 0x68,
    0xC4, 0x60, 0xCA, 0xF6, 0x4D, 0x73, 0x72, 0x88, 0x93, 0x08, 0xB9, 0x1E, 0xC6, 0x4D, 0xAA, 0x13,
    0x3D, 0x26, 0xCE, 0x1D, 0x5D, 0x33, 0x7D, 0x8F, 0x7D, 0x21, 0xC2, 0xAA, 0xCD, 0x5F, 0x0F, 0x37,
    0x85, 0x0E, 0xDE, 0x90, 0xC9, 0x6B, 0xA9, 0x20, 0x6B, 0x6D, 0x49, 0xD1, 0x2D, 0x5B, 0x23, 0x45,
    0x1F, 0xF7, 0xE6, 0xD6, 0x3E, 0x7B, 0x35, 0xD6, 0x23, 0x18, 0x8A, 0x09, 0x7F, 0xCC, 0x13, 0xB4,
    0xE6, 0xD7, 0x9E, 0xE4, 0x63, 0xFB, 0x47, 0xC6, 0xEF, 0xF0, 0xCD, 0xF6, 0xF6, 0x4F, 0x8F, 0x6A,
    0x64, 0x7B, 0x61, 0x4E, 0xF8, 0x67, 0x76, 0xA9, 0x95, 0x85, 0xA1, 0xFD, 0xE3, 0x3B, 0x40, 0x79,
    0x7E, 0x18, 0xB3, 0x7E, 0x64, 0x3B, 0x2D, 0xDF, 0x66, 0xE3, 0xA9, 0x71, 0xEE, 0x83, 0xFF, 0x6A,
    0xF1, 0x99, 0xFA, 0x36, 0xF1, 0xE0, 0xF3, 0x12, 0xEC, 0x58, 0xCD, 0x33, 0x35, 0x4A, 0x7A, 0xED,
    0xE8, 0x9C, 0x0B, 0x30, 0xAB, 0xE9, 0x5F, 0xD2, 0x6C, 0xB2, 0xCE, 0x94, 0x0C, 0xF8, 0x9B, 0xE8,
    0x3A, 0x2C, 0xDF, 0xED, 0x46, 0xD7, 0x3D, 0xC8, 0xE3, 0xE9, 0x75, 0x56, 0x9B, 0x99, 0xF1, 0x6E,
    0x82, 0x8B, 0x45, 0x40, 0x2A, 0xA4, 0x0B, 0x41, 0x09, 0x33, 0xCA, 0xE0, 0x51, 0xD4, 0xE1, 0x91,
    0x94, 0x53, 0x31, 0xDD, 0x36, 0xE2, 0xC1, 0x00, 0x87, 0x87, 0x47, 0xF0, 0xDD, 0x0C, 0x85, 0x0C,
    0x8A, 0x39, 0x32, 0xF2, 0x8A, 0x02, 0x42, 0x28, 0xF8, 0xF4, 0x0D, 0x2C, 0xF7, 0x19, 0xBC, 0x5B,
    0xF6, 0x21, 0x19, 0xBD, 0xC1, 0x84, 0x3C, 0x29, 0x11, 0x13, 0x8B, 0x86, 0xE5, 0x57, 0xC3, 0x58,
    0x54, 0xB3, 0x11, 0x94, 0xDF, 0xDE, 0x16, 0x95, 0x05, 0x7C, 0x38, 0x43, 0x24, 0xCE, 0x2C, 0xDF,
    0xE0, 0xC8, 0x07, 0x92, 0x1E, 0x92, 0xC7, 0x06, 0xF4, 0xE7, 0x86, 0x0E, 0x9D, 0x4E, 0xB7, 0x31,
    0x74, 0xE9, 0x86, 0x3E, 0x1D, 0x8C, 0x14, 0x74, 0xBA, 0xC0, 0xCB, 0x1E, 0x2B, 0xE4, 0xCB, 0xE6,
    0xD2, 0x0D, 0xBB, 0x88, 0x94, 0x82, 0xF4, 0xB5, 0x37, 0xDE, 0x93, 0x34, 0x2E, 0x03, 0x59, 0xA2,
    0x9F, 0x08, 0xDB, 0x8A, 0x81, 0xB0, 0xD4, 0xC2, 0xA9, 0x30, 0x57, 0x76, 0x1A, 0x57, 0xA1, 0x8B,
    0xEF, 0xAE, 0xDB, 0xE4, 0xDA, 0xEB, 0x36, 0x5F, 0x2B, 0x85, 0xE3, 0xCA, 0x3B, 0xA9, 0x5C, 0x00,
    0xE3, 0x3F, 0x61, 0x15, 0x97, 0xDE, 0xD0, 0x48, 0xEC, 0x2E, 0x27, 0x2E, 0x6C, 0x47, 0xE2, 0x23,
    0xBC, 0xFC, 0x61, 0x9B, 0x97, 0x98, 0xAE, 0x3E, 0x66, 0x04, 0x4F, 0xEC, 0xE3, 0xF6, 0x0D, 0x9F,
    0x5C, 0xA6, 0xEC, 0x36, 0xD5, 0x00, 0xE3, 0x79, 0x4F, 0xD8, 0x98, 0x69, 0x51, 0xC3, 0xC2, 0x0B,
    0xD4, 0xC9, 0x6C, 0x27, 0x63, 0x6F, 0xA4, 0xAA, 0x11, 0x0E, 0x69, 0x28, 0x21, 0x35, 0x83, 0x13,
    0xE5, 0x4F, 0x80, 0x10, 0x4C, 0x2C, 0xC2, 0x98, 0x47, 0x84, 0x94, 0xA9, 0x34, 0x59, 0xE2, 0xEF,
    0xF0, 0x63, 0xFC, 0xB5, 0xE5, 0x5E, 0xEC, 0x99, 0xA8, 0x52, 0x18, 0x67, 0xD9, 0xAD, 0x5A, 0xB2,
    0x05, 0x26, 0x02, 0xAB, 0xB3, 0xD9, 0xE4, 0x48, 0xF3, 0x92, 0x23, 0x49, 0x87, 0xFD, 0x14, 0xBE,
    0x0B, 0x65, 0xBE, 0x80, 0xA5, 0xE5, 0xCC, 0x67, 0x02, 0x86, 0x6B, 0xB0, 0xEC, 0xCF, 0xF8, 0x55,
    0x30, 0x2F, 0xAC, 0x05, 0x56, 0xDA, 0x8D, 0xBC, 0x19, 0xF9, 0x2F, 0xBB, 0x25, 0x1D, 0x1E, 0xC4,
    0x5D, 0x55, 0x2F, 0xE1, 0x1A, 0x81, 0x3B, 0xD3, 0x44, 0x2E, 0x5E, 0x18, 0x92, 0xAE, 0x5D, 0x5A,
    0x3A, 0xAE, 0xC4, 0xA3, 0x88, 0x1C, 0xC1, 0x39, 0x77, 0x33, 0xBB, 0xBB, 0x41, 0x40, 0x3F, 0x70,
    0xB7, 0x78, 0xDD, 0xED, 0xA2, 0xC2, 0xF7, 0xA4, 0xE7, 0x90, 0x8B, 0xDB, 0x08, 0xB6, 0x6C, 0x6E,
    0x29, 0xF6, 0x97, 0xFE, 0x6B, 0xA5, 0xE7, 0xD8, 0x2C, 0xE7, 0x78, 0x52, 0x7D, 0xAF, 0x17, 0x07,
    0x5B, 0xB9, 0x46, 0xB2, 0xE4, 0x4B, 0x70, 0x11, 0x99, 0x16, 0xD3, 0x8D, 0xEE, 0x77, 0xA8, 0x17,
    0x40, 0xBC, 0x4D, 0xF8, 0xE5, 0xE2, 0x9A, 0x58, 0x05, 0xD7, 0x12, 0x06, 0x74, 0x9F, 0x5D, 0x9F,
    0x41, 0xEB, 0x0A, 0xDC, 0x5E, 0x34, 0x2D, 0x6A, 0x6E, 0x3B, 0xAF, 0x61, 0x72, 0x99, 0xF4, 0x2F,
    0xC2, 0x2A, 0x47, 0xC1, 0xEE, 0xD9, 0xF6, 0x19, 0xF0, 0xEE, 0x14, 0x43, 0xBD, 0x14, 0xAA, 0x15,
    0xFE, 0x4D, 0xCA, 0xB7, 0xB4, 0x99, 0x66, 0x54, 0x30, 0x09, 0xB0, 0x2E, 0x8D, 0x45, 0xED, 0xA8,
    0x82, 0x73, 0x30, 0x8E, 0x3D, 0xC0, 0x36, 0xB8, 0x06, 0xD3, 0x58, 0x3F, 0x91, 0xFF, 0xE3, 0xFE,
    0x45, 0xF0, 0x1B, 0xB2, 0xE1, 0xFD, 0xD0, 0x65, 0xBF, 0x13, 0xB3, 0xF0, 0x14, 0xDE, 0xEC, 0x8E,
    0x1A, 0x63, 0xD6, 0xC0, 0x11, 0xDE, 0x83, 0xF7, 0xBA, 0x8F, 0x83, 0xF0, 0x3E, 0x0C, 0xF7, 0x4D,
    0xA4, 0x86, 0x61, 0xF3, 0xFF, 0x42, 0x00, 0xAB, 0x15, 0xFD, 0xF3, 0x4C, 0x81, 0x4F, 0x94, 0x0C,
    0x3B, 0xA2, 0xF7, 0xF0, 0x97, 0xD5, 0x7B, 0xF8, 0x93, 0xEA, 0xCD, 0xF6, 0xCC, 0xB1, 0x60, 0x53,
    0xC2, 0x25, 0x2B, 0x01, 0x20, 0x23, 0x2A, 0x50, 0xFB, 0x53, 0x58, 0x4F, 0xD4, 0x82, 0xD7, 0xFB,
    0x92, 0x6C, 0x86, 0x2E, 0xDD, 0xF4, 0xBB, 0x33, 0x40, 0x38, 0x39, 0xC2, 0x1C, 0xD5, 0xEE, 0x6C,
    0x3E, 0x46, 0x32, 0x0B, 0x1F, 0x1E, 0xCC, 0x58, 0x7D, 0x8A, 0x06, 0xAF, 0x5F, 0x2C, 0x26, 0x71,
    0xAF, 0x78, 0xC7, 0x62, 0x1E, 0x1E, 0x91, 0x1F, 0x6B, 0x66, 0x5A, 0xD1, 0xE7, 0x2C, 0xD1, 0x4A,
    0x31, 0xCD, 0x0A, 0x01, 0x08, 0x7B, 0xF3, 0x7A, 0x88, 0x49, 0xD3, 0x6F, 0x4F, 0xB0, 0x4A, 0xB8,
    0xE7, 0x0E, 0xBE, 0xB1, 0x8D, 0x95, 0xD7, 0x1D, 0xCB, 0x00, 0xFC, 0xEA, 0xF7, 0xEC, 0xCD, 0xF3,
    0x9A, 0xAE, 0x47, 0xBA, 0x83, 0x6F, 0xAB, 0xD1, 0xFC, 0x7C, 0xCB, 0x32, 0x9C, 0x71, 0x6C, 0x2C,
    0xA3, 0x5D, 0x6E, 0x0C, 0xC4, 0x25, 0xE0, 0x18, 0x83, 0xDB, 0xD2, 0xB9, 0x56, 0x7F, 0xB7, 0x9F,
    0xD4, 0x78, 0xB0, 0x9D, 0x16, 0x06, 0x94, 0x75, 0x88, 0x8A, 0x59, 0x8F, 0x32, 0xAE, 0x18, 0x42,
    0x18, 0x0D, 0xEA, 0x10, 0x33, 0x8F, 0xF0, 0x68, 0xF3, 0x41, 0xDC, 0x78, 0xD3, 0xED, 0xA4, 0xF6,
    0xC7, 0x4C, 0x7A, 0x3D, 0x59, 0x19, 0x0C, 0x69, 0x91, 0x87, 0x7D, 0x82, 0xDA, 0x08, 0x7C, 0x63,
    0x7F, 0x92, 0x36, 0x46, 0x6D, 0xD4, 0x44, 0xA8, 0x8D, 0x6A, 0x29, 0x8B, 0x58, 0x20, 0x95, 0x92,
    0xE6, 0xF0, 0xA2, 0x8C, 0x2D, 0x05, 0xFA, 0xC8, 0xA2, 0xDF, 0xB9, 0x84, 0xBB, 0xAA, 0xB5, 0x10,
    0x0B, 0x3F, 0x1F, 0xB5, 0x50, 0xE0, 0x6A, 0xA1, 0x70, 0x60, 0xE4, 0x0C, 0x50, 0x07, 0x9D, 0x56,
    0x0B, 0xED, 0x85, 0x7F, 0xB9, 0xA9, 0xA6, 0xB4, 0x6A, 0x57, 0xFB, 0x4A, 0xBD, 0xA9, 0xCF, 0x9E,
    0x16, 0xC1, 0x12, 0x4A, 0x0A, 0x0D, 0x24, 0x94, 0x91, 0x86, 0x91, 0x4B, 0x86, 0x6D, 0xEB, 0x7F,
    0x74, 0x34, 0x8F, 0xDA, 0x6D, 0x69, 0x16, 0x71, 0xEE, 0x59, 0x83, 0xA7, 0x5F, 0x12, 0x49, 0x49,
    0xCE, 0xAA, 0x56, 0x6A, 0x78, 0x4A, 0xC2, 0x50, 0x0C, 0x4A, 0x28, 0x0C, 0x43, 0x69, 0x18, 0x8A,
    0x43, 0x2F, 0x46, 0x28, 0x10, 0x43, 0x89, 0x18, 0x8A, 0x84, 0x71, 0xB6, 0xD5, 0x88, 0xAB, 0x52,
    0x61, 0xA1, 0x5C, 0x38, 0xA7, 0x32, 0x69, 0x9F, 0x81, 0x1D, 0x06, 0xEF, 0x2E, 0x7E, 0x7E, 0x49,
    0x0A, 0xD0, 0x51, 0x7A, 0x01, 0x88, 0x68, 0xF0, 0x08, 0xD6, 0x9F, 0x3C, 0x1B, 0x8C, 0x3C, 0xB9,
    0xFE, 0xB6, 0xE8, 0x21, 0xF6, 0x48, 0xC5, 0x8E, 0x57, 0xD6, 0xF0, 0x7E, 0x88, 0xC9, 0xD7, 0x69,
    0x22, 0xEB, 0xCC, 0x74, 0x10, 0xB7, 0xDE, 0x78, 0x3B, 0x69, 0x54, 0x64, 0x43, 0x06, 0x69, 0xF4,
    0x69, 0x51, 0x86, 0x5D, 0x52, 0xED, 0x88, 0x2C, 0x7A, 0x9C, 0xC8, 0x42, 0xFA, 0xBA, 0x68, 0xC9,
    0x02, 0x44, 0x85, 0x31, 0x83, 0x53, 0xC4, 0x62, 0xEA, 0x4F, 0x32, 0x93, 0xA0, 0x46, 0x33, 0x9D,
    0x68, 0x34, 0xC2, 0xB9, 0x96, 0xCF, 0x62, 0x34, 0xC2, 0x39, 0xCB, 0x67, 0x27, 0x1E, 0x0D, 0x75,
    0x4C, 0xEC, 0x39, 0x3A, 0x40, 0x85, 0x48, 0x31, 0xBD, 0x19, 0xDD, 0x38, 0xF2, 0xE5, 0xD3, 0x01,
    0x48, 0x3B, 0xAF, 0x92, 0x01, 0x86, 0x37, 0xA1, 0x15, 0x94, 0xEE, 0xF0, 0x20, 0x9E, 0x6B, 0x6E,
    0xA4, 0x8D, 0x27, 0x59, 0x34, 0x09, 0x62, 0x44, 0x51, 0x06, 0xD3, 0xCE, 0x85, 0x1E, 0xB3, 0x9F,
    0x1C, 0x9A, 0xAA, 0x4A, 0x2A, 0xA9, 0xC6, 0x7A, 0x99, 0xDE, 0xE3, 0x0C, 0x6E, 0x75, 0x99, 0x59,
    0x61, 0x56, 0x28, 0xD9, 0x98, 0xFB, 0x8A, 0x78, 0x73, 0x66, 0x1B, 0x54, 0xD9, 0x50, 0x7A, 0xD2,
    0x27, 0xA0, 0xEC, 0xC2, 0xF0, 0x05, 0x03, 0x1C, 0x20, 0xCC, 0xDE, 0x4A, 0xBE, 0xC1, 0x69, 0x03,
    0x99, 0x30, 0x28, 0x33, 0x64, 0x74, 0x09, 0x2C, 0x49, 0xEE, 0x44, 0xBC, 0x01, 0x87, 0xCE, 0x1B,
    0x71, 0xE8, 0x24, 0xE5, 0x37, 0x15, 0xC3, 0x4A, 0xDA, 0xFE, 0x28, 0xF8, 0xE2, 0x1A, 0x65, 0xC4,
    0x83, 0x51, 0x7E, 0x15, 0xD0, 0xC9, 0x56, 0xF9, 0xB9, 0xE1, 0x34, 0xCF, 0x19, 0x1C, 0xA0, 0x77,
    0xFD, 0x4E, 0xF3, 0xB3, 0x68, 0xCE, 0xE0, 0xDA, 0x5B, 0x9C, 0x82, 0x20, 0xBF, 0xB2, 0x6F, 0x9C,
    0xE6, 0x8E, 0xCF, 0xCB, 0x22, 0x1C, 0xF0, 0x78, 0x60, 0x1E, 0xFC, 0x0D, 0x23, 0xD9, 0x1B, 0x23,
    0x9D, 0x76, 0xB3, 0x05, 0x97, 0x78, 0xD9, 0x65, 0x62, 0x71, 0x93, 0xF0, 0x66, 0x32, 0x1A, 0x96,
    0x0E, 0x1B, 0x08, 0x51, 0x9B, 0x6A, 0x69, 0x9E, 0xB9, 0x36, 0x9B, 0x1B, 0x85, 0xE1, 0x96, 0xB3,
    0x11, 0xF0, 0x0E, 0xBD, 0x47, 0x34, 0x31, 0x6F, 0x2D, 0x32, 0x69, 0x8D, 0xBD, 0xC5, 0x5C, 0x3D,
    0xE4, 0xCD, 0x05, 0x8E, 0x10, 0x0F, 0x02, 0xCF, 0x1B, 0x7B, 0x55, 0x09, 0x67, 0x52, 0x52, 0xDE,
    0x78, 0x66, 0x42, 0xB0, 0x54, 0x59, 0x70, 0xD4, 0xA7, 0x72, 0xD3, 0x31, 0x59, 0xC9, 0x7A, 0xE0,
    0xC1, 0x24, 0xF7, 0x1A, 0x13, 0xD7, 0x74, 0xF3, 0x3A, 0x10, 0x0C, 0x72, 0x48, 0xFB, 0x9D, 0xEB,
    0xEF, 0x21, 0xD9, 0x7F, 0xBB, 0x49, 0xEA, 0x29, 0xAA, 0xB3, 0x7C, 0x8C, 0xEB, 0xCC, 0x0C, 0x45,
    0x79, 0x9B, 0x36, 0x76, 0xE8, 0x83, 0x8B, 0x83, 0x00, 0x6C, 0x4D, 0xBC, 0x42, 0x9C, 0x18, 0xDF,
    0x0F, 0x93, 0xF1, 0x39, 0x56, 0x3D, 0xB0, 0xED, 0xA9, 0x80, 0x2B, 0x6B, 0x93, 0x7E, 0xB7, 0xEA,
    0x99, 0x97, 0xA9, 0x1A, 0xB9, 0x82, 0xBF, 0xBC, 0x63, 0x9A, 0xBF, 0xA2, 0x6B, 0x2C, 0xF4, 0x2A,
    0x97, 0x19, 0x1E, 0x87, 0x64, 0x78, 0x51, 0xCB, 0x2B, 0xE4, 0x52, 0xAF, 0xCE, 0xE1, 0xC7, 0x00,
    0x15, 0xCA, 0x0B, 0xC7, 0x68, 0x64, 0x3A, 0xD0, 0xAF, 0x05, 0x13, 0x93, 0x0A, 0xD8, 0x59, 0xDA,
    0x52, 0x13, 0xDA, 0xA5, 0x83, 0x24, 0xDD, 0xB4, 0x11, 0x05, 0xEB, 0x92, 0xFC, 0x3B, 0xBC, 0x67,
    0xD4, 0xD6, 0x41, 0xD5, 0x6B, 0x1E, 0xFC, 0x9A, 0xEE, 0xFF, 0x92, 0x7D, 0xC4, 0x5E, 0x9D, 0xCF,
    0x66, 0xE1, 0x64, 0x5E, 0x90, 0xDC, 0x6F, 0x50, 0x07, 0x15, 0x75, 0x27, 0x24, 0x4E, 0x47, 0xF2,
    0xAE, 0x3D, 0xF1, 0xFF, 0xA4, 0x8A, 0x4A, 0x20, 0x18, 0xA7, 0xC9, 0x81, 0xE9, 0xD3, 0x0B, 0xAE,
    0x52, 0xDD, 0xF5, 0xB4, 0xA7, 0x54, 0x5E, 0x6B, 0xEB, 0xC2, 0x2C, 0x9D, 0x6D, 0xB3, 0x96, 0xBB,
    0x32, 0x6A, 0x91, 0x69, 0x6E, 0x74, 0xC6, 0x91, 0x88, 0xBD, 0xC8, 0xE5, 0x74, 0x5E, 0xCE, 0x5F,
    0x36, 0x67, 0x33, 0x6B, 0xCF, 0x5D, 0xC4, 0x96, 0xAE, 0x31, 0x5F, 0x5E, 0xDB, 0x2A, 0x01, 0x3C,
    0xAD, 0xF1, 0xCB, 0xE5, 0xB6, 0x3B, 0x93, 0xD0, 0x27, 0x89, 0xA9, 0x5D, 0x2F, 0xFF, 0xA4, 0x26,
    0x58, 0xEA, 0xFD, 0xD7, 0xF3, 0x5B, 0xD2, 0x14, 0x62, 0x68, 0xC7, 0x9B, 0x2F, 0x69, 0x79, 0xF3,
    0x84, 0xD4, 0xF1, 0x02, 0xDE, 0x91, 0xE2, 0x84, 0x4B, 0x26, 0x90, 0xBF, 0xC3, 0x6D, 0x3D, 0xA9,
    0xFE, 0x64, 0x46, 0x85, 0xB1, 0x91, 0xDE, 0xA9, 0xD5, 0xD1, 0x98, 0xA4, 0x7B, 0x3E, 0xCF, 0x5A,
    0xDE, 0x99, 0xD2, 0xD9, 0x5D, 0xD0, 0xC5, 0xEF, 0xAC, 0xF3, 0x5B, 0xE3, 0x32, 0xBF, 0x35, 0xA5,
    0x58, 0xE1, 0x95, 0x4B, 0x7B, 0xC7, 0xE9, 0x95, 0x6E, 0x7E, 0xAB, 0x77, 0xF3, 0x5B, 0x70, 0x55,
    0xE5, 0x95, 0x73, 0xC1, 0xE9, 0x55, 0xC3, 0x51, 0xFE, 0xBD, 0xA3, 0xFC, 0x53, 0xBB, 0x56, 0xF4,
    0x4C, 0x28, 0xCA, 0x7F, 0xD5, 0x1F, 0xE7, 0x3F, 0x3E, 0xC6, 0x7F, 0x24, 0xFC, 0x4B, 0xFB, 0x9C,
    0x53, 0x3B, 0x86, 0xF2, 0x8B, 0x37, 0xBD, 0x61, 0x72, 0x90, 0x1D, 0x65, 0xBE, 0xD4, 0xCD, 0x0A,
    0x69, 0x1F, 0xB0, 0x1F, 0xBA, 0x96, 0x57, 0xD7, 0x8E, 0x32, 0x5F, 0xB8, 0x96, 0x46, 0x52, 0x4B,
    0xA7, 0x41, 0x06, 0x0A, 0xCD, 0x75, 0x36, 0x1B, 0x8A, 0x53, 0x27, 0xB6, 0xF6, 0xA2, 0xB8, 0x9B,
    0x17, 0xDD, 0x00, 0xAA, 0x66, 0x26, 0x3A, 0xB1, 0x55, 0x6F, 0x4F, 0x6C, 0x09, 0x0E, 0x2A, 0xD0,
    0x4D, 0x4E, 0xE5, 0xEF, 0x2C, 0x1C, 0x48, 0x0F, 0xAE, 0x37, 0xAA, 0x46, 0xD1, 0xA3, 0x2A, 0x52,
    0x87, 0xB9, 0x20, 0x11, 0xEA, 0xD2, 0x5D, 0xF4, 0xD3, 0x61, 0xC8, 0x4A, 0x0C, 0x5E, 0x1D, 0xEF,
    0x7B, 0xDA, 0x88, 0x61, 0xCC, 0x55, 0xDC, 0x4F, 0xEC, 0xDD, 0x9D, 0xE1, 0xD4, 0xEF, 0x16, 0xF0,
    0x72, 0xF8, 0x65, 0x82, 0xD3, 0xDC, 0x5E, 0x7C, 0xB2, 0xB8, 0x81, 0x54, 0x5C, 0xB5, 0x97, 0x1F,
    0xEB, 0xD3, 0xB2, 0xDA, 0x66, 0x47, 0x97, 0x0D, 0xDD, 0xB5, 0xB9, 0x70, 0x52, 0x83, 0x61, 0xAD,
    0xA2, 0x7F, 0x2A, 0x13, 0x40, 0x21, 0x5E, 0x1E, 0x2D, 0x2D, 0x73, 0xE5, 0x95, 0x28, 0xBA, 0x34,
    0xE1, 0xE4, 0x2A, 0x20, 0x16, 0x40, 0x91, 0x4C, 0xC9, 0xB9, 0xEA, 0xE7, 0xE6, 0x76, 0x6B, 0xDA,
    0x62, 0xCF, 0xB9, 0xA2, 0xF3, 0x7B, 0x5C, 0xF4, 0xFA, 0x01, 0xBD, 0x9B, 0xB5, 0xDA, 0xB8, 0xD4,
    0x22, 0x8F, 0x7D, 0x80, 0x54, 0xE4, 0x3E, 0xEA, 0x92, 0xBF, 0xB7, 0x5C, 0x0B, 0xB9, 0x44, 0xEF,
    0x3A, 0x0A, 0xDD, 0xBA, 0xD6, 0xD1, 0x2A, 0x7E, 0x6B, 0xBD, 0x78, 0xB8, 0x20, 0x63, 0x4E, 0x81,
    0xCC, 0x0A, 0x3E, 0xA2, 0xC3, 0xB7, 0x75, 0xC2, 0x09, 0xE4, 0x94, 0xF3, 0xBA, 0x4F, 0xD6, 0x50,
    0xA2, 0x63, 0x5B, 0xCB, 0x35, 0xEF, 0x89, 0xED, 0xF6, 0x13, 0x14, 0x6E, 0xCC, 0x8B, 0xC7, 0x40,
    0x81, 0x87, 0x89, 0x29, 0x90, 0xA4, 0x41, 0x5B, 0x32, 0x61, 0x96, 0x05, 0xD9, 0x75, 0x90, 0x5D,
    0xB7, 0x2D, 0x17, 0x54, 0x53, 0xA5, 0xDC, 0x88, 0xC9, 0xA8, 0x32, 0x4F, 0xEB, 0x7C, 0xD9, 0x8D,
    0x3D, 0xCA, 0xC0, 0x56, 0xF8, 0xD6, 0xB1, 0x2B, 0x9F, 0xAD, 0x44, 0x73, 0xF7, 0x86, 0x37, 0xE2,
    0x0D, 0x6F, 0xCC, 0xE5, 0x65, 0x1C, 0xCE, 0x5D, 0xC3, 0xAE, 0x37, 0xB0, 0xD2, 0x76, 0x2F, 0x97,
    0xA1, 0xE9, 0x8A, 0x43, 0xD3, 0x95, 0xE4, 0x87, 0x6B, 0x4A, 0xBA, 0xD5, 0x61, 0x0E, 0xFB, 0xD7,
    0xA4, 0xBC, 0x60, 0x69, 0xF1, 0x72, 0xB2, 0xDE, 0x50, 0xB0, 0x05, 0x14, 0xA1, 0x68, 0x8A, 0x7B,
    0x57, 0xEA, 0x75, 0x5A, 0xEA, 0xA5, 0x0D, 0xCA, 0xBD, 0x5A, 0x8B, 0xA6, 0xC2, 0x15, 0x4D, 0x45,
    0x59, 0xD4, 0xC5, 0xCE, 0x00, 0xF3, 0xB5, 0xFC, 0xF1, 0xA3, 0xEE, 0x7B, 0x43, 0x76, 0x42, 0xD1,
    0xF4, 0xF4, 0xA8, 0xBA, 0x94, 0x63, 0x46, 0x05, 0xFD, 0x89, 0x5D, 0x52, 0x87, 0xE3, 0x45, 0xD3,
    0x5E, 0xF0, 0xC5, 0x25, 0x16, 0xB8, 0x8F, 0x7A, 0x1F, 0x9E, 0x2E, 0xE4, 0xA5, 0xE8, 0x9C, 0x9F,
    0x1B, 0x4E, 0xE9, 0x12, 0x48, 0xF4, 0x0A, 0xBE, 0xE2, 0x28, 0x68, 0xD3, 0xB9, 0xEF, 0x34, 0xA2,
    0x15, 0x6E, 0x27, 0x42, 0xD4, 0xFB, 0x7C, 0x42, 0xCC, 0x17, 0x88, 0xEE, 0x3E, 0xFF, 0x24, 0x88,
    0xD9, 0x09, 0x10, 0xED, 0x0A, 0xF1, 0xD8, 0xF5, 0x47, 0x91, 0xCB, 0x8E, 0xC1, 0xE7, 0xAD, 0x09,
    0xEE, 0x75, 0xF2, 0xAF, 0x70, 0xA0, 0x0C, 0x3C, 0x3D, 0xCC, 0x57, 0xE0, 0x71, 0xBD, 0x21, 0xAA,
    0xB1, 0x14, 0x42, 0x43, 0x3A, 0xF0, 0xD2, 0xAC, 0x9E, 0x99, 0x90, 0xDD, 0xDC, 0xB7, 0x3A, 0x4D,
    0x79, 0x81, 0xF7, 0x94, 0x09, 0x5B, 0xE7, 0x55, 0x6D, 0x8A, 0x7F, 0x72, 0x84, 0x97, 0xA9, 0xE6,
    0x6B, 0x5E, 0xBD, 0xD1, 0xAA, 0x21, 0x5E, 0x43, 0xC0, 0x6C, 0xF6, 0xB8, 0xA9, 0xD5, 0x54, 0x9B,
    0x3D, 0x3A, 0xBF, 0xDA, 0xEA, 0x08, 0x0A, 0x71, 0x2F, 0x1F, 0xC1, 0x60, 0xB3, 0xF3, 0xE8, 0xC7,
    0x24, 0x80, 0xFE, 0x49, 0xB0, 0x36, 0x2A, 0x9C, 0x56, 0x58, 0x6E, 0x24, 0x03, 0x2A, 0x5C, 0xC7,
    0x3C, 0x58, 0xED, 0xE6, 0xCB, 0xB4, 0x2C, 0x60, 0xB9, 0x59, 0x92, 0x54, 0x83, 0x2A, 0xCF, 0x5D,
    0xD1, 0x1A, 0x1D, 0xA5, 0xD9, 0xB8, 0x53, 0x69, 0x99, 0xCA, 0x07, 0x1A, 0x8E, 0x2B, 0x30, 0x5A,
    0x14, 0xD8, 0x9E, 0xAA, 0xC0, 0x89, 0x79, 0xCA, 0xAC, 0xE9, 0x78, 0x24, 0xD7, 0x4D, 0xB9, 0x1B,
    0xA6, 0x3A, 0x5B, 0xFA, 0x39, 0xB3, 0xF7, 0x35, 0xE1, 0xCF, 0x3D, 0xA6, 0x85, 0xF8, 0x3E, 0x64,
    0xCF, 0x2A, 0xEA, 0x02, 0xF6, 0x07, 0x50, 0x21, 0xC7, 0x4D, 0xD8, 0x8D, 0x49, 0x1D, 0x7D, 0x39,
    0xA6, 0x65, 0xFC, 0xC5, 0x94, 0xE5, 0xF1, 0xA7, 0x53, 0x66, 0x92, 0xCF, 0x0E, 0x0A, 0x93, 0x7C,
    0xF4, 0xBB, 0x43, 0x93, 0xBE, 0xFB, 0xFA, 0x64, 0xB2, 0x4F, 0x5E, 0x87, 0x58, 0xFA, 0x14, 0x62,
    0xE9, 0x10, 0xC3, 0x8B, 0x26, 0x95, 0x39, 0x20, 0x4A, 0x44, 0x9C, 0xE9, 0xC5, 0xA5, 0xFC, 0xE2,
    0x9C, 0x8D, 0xA6, 0x41, 0xF1, 0x17, 0x2C, 0xCE, 0xCD, 0x1D, 0x77, 0xFD, 0x5C, 0xF3, 0x23, 0x35,
    0x2C, 0xB6, 0xF9, 0xB9, 0x9A, 0x3C, 0xF3, 0xDB, 0xC2, 0x64, 0xFC, 0xB4, 0x4C, 0x11, 0x77, 0x93,
    0xB9, 0x9D, 0x74, 0xA3, 0x39, 0xCC, 0xBE, 0x46, 0xDD, 0x5C, 0x7C, 0xD3, 0x9B, 0x83, 0xE9, 0x3F,
    0x9D, 0x39, 0xF8, 0xF6, 0x7B, 0x14, 0xFC, 0x1D, 0x43, 0x09, 0x2F, 0x4C, 0x39, 0x24, 0xAD, 0x03,
    0x2A, 0xB3, 0x56, 0x5E, 0x92, 0xDC, 0x1E, 0x1A, 0x27, 0x62, 0x99, 0x31, 0x4B, 0x39, 0x72, 0x76,
    0xD1, 0xDB, 0x6E, 0x50, 0x67, 0xA5, 0xC7, 0x32, 0x1F, 0xEA, 0xCD, 0xB4, 0xC1, 0x26, 0x26, 0x24,
    0x3D, 0x3C, 0x98, 0x4B, 0xDC, 0xB2, 0x71, 0xF1, 0x0D, 0x27, 0xA5, 0xBF, 0x97, 0x0B, 0xAC, 0xCE,
    0xCD, 0x69, 0x06, 0x5C, 0xF3, 0x0C, 0xD7, 0x10, 0xB1, 0x9B, 0x88, 0xBD, 0xB8, 0xA9, 0x3F, 0x45,
    0x02, 0x2E, 0x13, 0x14, 0x19, 0x6C, 0x84, 0x60, 0xB4, 0xC1, 0xA2, 0x36, 0xA7, 0x67, 0x89, 0x0D,
    0x4D, 0x5E, 0x2B, 0x75, 0x72, 0x4D, 0xC0, 0x3E, 0x05, 0x94, 0xCC, 0x18, 0xCE, 0xD6, 0x0F, 0x29,
    0xE3, 0x6D, 0x30, 0x8A, 0x65, 0x59, 0x1D, 0x23, 0x95, 0x26, 0xBC, 0xE4, 0x98, 0xEA, 0xA5, 0x8C,
    0x36, 0x40, 0x24, 0xFA, 0x08, 0xA3, 0x57, 0xA4, 0xB9, 0x20, 0xE9, 0xA0, 0x26, 0xB8, 0x2E, 0xED,
    0x92, 0xEE, 0x90, 0xB1, 0x84, 0x60, 0x69, 0x49, 0x9F, 0x04, 0xC7, 0x3C, 0xFA, 0x9E, 0xC4, 0x75,
    0xB6, 0xBB, 0x05, 0x69, 0xE7, 0x24, 0xAC, 0x79, 0x65, 0xC2, 0xD4, 0x25, 0xC7, 0x32, 0x4C, 0x68,
    0x97, 0x0F, 0x3F, 0x09, 0xD4, 0xA2, 0x71, 0x52, 0x08, 0xD6, 0xBA, 0x5F, 0x32, 0xE0, 0xA2, 0x76,
    0x59, 0xB2, 0x70, 0x25, 0x37, 0x8F, 0x89, 0x95, 0x70, 0xB9, 0xF4, 0x89, 0x76, 0x3E, 0x84, 0x23,
    0xA7, 0x68, 0xFD, 0xD4, 0xD6, 0xF5, 0x85, 0x8D, 0x4A, 0xC7, 0xC6, 0xDC, 0x67, 0xA6, 0xDC, 0x87,
    0x75, 0x32, 0xBE, 0x4F, 0x02, 0x87, 0xE4, 0xFD, 0x6B, 0x6E, 0x5B, 0xB5, 0xAE, 0x2A, 0x08, 0x37,
    0xAC, 0x58, 0xB9, 0x39, 0xD2, 0xCF, 0x2B, 0xD4, 0xA7, 0xCE, 0x02, 0xEE, 0x0D, 0xB9, 0x0C, 0x87,
    0xE8, 0xBC, 0x5F, 0xB7, 0x84, 0xF7, 0xB8, 0x7C, 0x56, 0xA0, 0x2F, 0xF3, 0x58, 0x66, 0x7F, 0x6E,
    0x96, 0xF9, 0xE4, 0xE9, 0xE4, 0xF9, 0xE4, 0xBD, 0x20, 0x3F, 0xBD, 0x27, 0x72, 0xFE, 0x3A, 0x77,
    0xC3, 0x05, 0x5A, 0x20, 0xEA, 0x40, 0xAC, 0x97, 0xBB, 0xA3, 0xE2, 0x3A, 0x58, 0x7A, 0x3A, 0xB6,
    0xA9, 0x56, 0x15, 0x3A, 0xE9, 0xAF, 0x57, 0x3D, 0xDB, 0x54, 0x3F, 0x5C, 0xA8, 0x4D, 0x17, 0x6B,
    0x8E, 0x50, 0xAD, 0xC3, 0x24, 0xCD, 0x77, 0x9B, 0x28, 0xD5, 0x4C, 0x5F, 0xAF, 0x4F, 0x85, 0x19,
    0xA9, 0xD8, 0x75, 0x9A, 0xC7, 0xFC, 0x0F, 0xCD, 0x5A, 0x3D, 0x6F, 0xDE, 0xD6, 0x19, 0xBD, 0x24,
    0x1B, 0xD1, 0x31, 0xD3, 0x30, 0x53, 0xE1, 0x7C, 0xC0, 0x37, 0x83, 0x87, 0x14, 0x6D, 0xCD, 0x0E,
    0x19, 0x1A, 0xA0, 0xD1, 0x65, 0xE2, 0x21, 0x43, 0x06, 0xFB, 0x1F, 0x24, 0x43, 0x77, 0x67, 0xEC,
    0x10, 0x89, 0x8C, 0x0D, 0x34, 0x43, 0x86, 0xF8, 0x1F, 0xD4, 0xFF, 0x20, 0x4B, 0x07, 0x0F, 0x92,
    0x48, 0x5B, 0x40, 0x0B, 0x34, 0x83, 0x69, 0x7B, 0xE8, 0x90, 0x21, 0xCC, 0x07, 0x10, 0x04, 0x05,
    0x6A, 0x3A, 0x61, 0x61, 0x0A, 0x21, 0x79, 0x7B, 0xCE, 0x73, 0x49, 0x4A, 0xB2, 0xE4, 0x38, 0xAD,
    0x65, 0xA1, 0x72, 0xDE, 0x1B, 0xD9, 0x2F, 0xDF, 0x7B, 0x9F, 0xEF, 0xE7, 0x3C, 0xE7, 0xBE, 0x4A,
    0xA9, 0xB8, 0x51, 0x58, 0x6A, 0x2C, 0xBA, 0x52, 0x2B, 0xA3, 0x29, 0x55, 0x62, 0x6D, 0xAA, 0xAC,
    0x1D, 0x94, 0x3F, 0x46, 0xBD, 0x0A, 0xFB, 0xA0, 0xC7, 0x43, 0x58, 0x74, 0x8D, 0x25, 0xA9, 0xB0,
    0x98, 0x72, 0x5E, 0xB2, 0x3C, 0xEC, 0x54, 0x91, 0x46, 0x2D, 0x16, 0xEC, 0x64, 0x53, 0xCD, 0xC5,
    0x54, 0xF8, 0x6B, 0x56, 0xAA, 0xEC, 0xBA, 0x55, 0xCA, 0x60, 0x27, 0x15, 0xDB, 0x56, 0x29, 0x1F,
    0xFB, 0xF2, 0x27, 0x29, 0xB1, 0x18, 0x59, 0x72, 0x15, 0x0D, 0x45, 0xAA, 0x0A, 0x3B, 0xAA, 0xC0,
    0xDA, 0x5E, 0x45, 0x5D, 0xD2, 0xE0, 0x20, 0x6C, 0x65, 0xCA, 0x79, 0x91, 0x9D, 0xDD, 0xF6, 0x2A,
    0xA9, 0xB9, 0x7D, 0x89, 0x25, 0xCB, 0x55, 0xE1, 0xB6, 0xEF, 0xB1, 0xA3, 0x85, 0x16, 0xE1, 0xE8,
    0xB6, 0x57, 0x05, 0x97, 0x2D, 0xBC, 0xBC, 0xC1, 0x1B, 0x94, 0xED, 0xFC, 0xDE, 0xB3, 0x10, 0xDB,
    0x1F, 0x54, 0xD0, 0x41, 0xE6, 0xB0, 0x0D, 0x3A, 0x15, 0x35, 0x61, 0x0B, 0xB5, 0xA2, 0x06, 0xBA,
    0x63, 0x67, 0x5D, 0xC1, 0x04, 0x49, 0x09, 0x13, 0x98, 0x12, 0xE2, 0x99, 0x1C, 0x67, 0x64, 0x29,
    0xC4, 0x2B, 0xF0, 0x3F, 0x9C, 0x8B, 0x2D, 0x2D, 0xFE, 0xA8, 0xE2, 0x1C, 0x94, 0xC9, 0x78, 0xA4,
    0xD9, 0x7B, 0xA4, 0x8F, 0x7F, 0xC0, 0xE6, 0x58, 0xA2, 0x36, 0xE8, 0x03, 0x5B, 0xE3, 0x20, 0x9B,
    0x87, 0x2D, 0xCE, 0x88, 0x5A, 0x9E, 0xD1, 0xC4, 0xB2, 0xD4, 0xD0, 0x0D, 0x67, 0xE8, 0x0A, 0x67,
    0x24, 0x25, 0xCE, 0x30, 0x25, 0xCE, 0x30, 0x65, 0x26, 0x4B, 0xAA, 0xCC, 0x2D, 0x9B, 0xD3, 0xFE,
    0x39, 0x0C, 0x66, 0x4B, 0xE5, 0x0F, 0x67, 0x73, 0xB5, 0xFC, 0x78, 0xF9, 0x7B, 0x3C, 0xE5, 0x4B,
    0x1E, 0x03, 0x85, 0xF8, 0x4F, 0x99, 0xBC, 0xF1, 0xCA, 0xFC, 0x44, 0xD2, 0x86, 0xF8, 0xA8, 0x19,
    0x22, 0x18, 0x3A, 0xB3, 0x31, 0xE4, 0xDD, 0x34, 0x6A, 0x55, 0xA9, 0x3E, 0x51, 0x1B, 0x4A, 0x75,
    0x89, 0xEA, 0x94, 0xD7, 0x26, 0x7E, 0xA3, 0xFC, 0x26, 0x09, 0x2A, 0x15, 0x34, 0x26, 0x2A, 0x55,
    0x50, 0x9B, 0x38, 0x55, 0x61, 0xB5, 0x9E, 0x40, 0xFA, 0x72, 0xF3, 0x75, 0x38, 0xAB, 0xEC, 0xA1,
    0x4F, 0xFC, 0xC1, 0x0E, 0x7C, 0xA6, 0xCF, 0x7D, 0x0F, 0x3D, 0x93, 0xE8, 0x1B, 0x9C, 0x67, 0x92,
    0x9B, 0x25, 0x15, 0x8F, 0xB9, 0x7D, 0xAF, 0xB1, 0x7D, 0x56, 0x25, 0xD6, 0x19, 0xC0, 0xA7, 0x21,
    0x22, 0xBE, 0x0F, 0x47, 0x52, 0x12, 0x9C, 0x05, 0x49, 0xD4, 0x05, 0x9A, 0x8B, 0x4F, 0x40, 0x12,
    0x45, 0x49, 0xF4, 0x48, 0x49, 0x92, 0x81, 0x92, 0x98, 0x9E, 0x92, 0x78, 0x1D, 0x25, 0x09, 0x1A,
    0x4A, 0x12, 0x56, 0x94, 0x24, 0x2E, 0x29, 0x49, 0x92, 0x52, 0x12, 0x43, 0x49, 0xBA, 0x0D, 0x4A,
    0xD2, 0x74, 0x94, 0xE4, 0xCB, 0x86, 0x92, 0x6C, 0xD7, 0x94, 0x24, 0x82, 0xBA, 0x59, 0x2F, 0xF2,
    0x54, 0xB1, 0x1C, 0x13, 0xDD, 0x7E, 0x03, 0x26, 0x8B, 0xB7, 0x3F, 0x83, 0x24, 0xF1, 0x0D, 0x06,
    0x9C, 0xCE, 0xE9, 0x1C, 0x9D, 0xBE, 0x4C, 0x03, 0x89, 0xB0, 0x22, 0x49, 0xB2, 0x45, 0x49, 0x8A,
    0x81, 0x92, 0xD8, 0x1E, 0x92, 0x04, 0x4D, 0x0F, 0x49, 0xA2, 0xAA, 0x83, 0x24, 0xF1, 0xF5, 0x16,
    0x92, 0xE8, 0x4B, 0x0D, 0x24, 0x49, 0xCE, 0x35, 0x90, 0x24, 0x81, 0x88, 0xF8, 0x64, 0x58, 0x6F,
    0x62, 0xC5, 0x43, 0x58, 0xE3, 0x1B, 0x94, 0x24, 0xA6, 0x24, 0x89, 0xFD, 0x08, 0x92, 0x68, 0x7B,
    0x1E, 0x07, 0x86, 0x3B, 0x22, 0x89, 0x86, 0x0F, 0xF1, 0x61, 0xE8, 0x90, 0xF3, 0x40, 0x9D, 0x72,
    0xC5, 0xF9, 0xEB, 0x72, 0x3E, 0x76, 0xA1, 0x5F, 0x94, 0x5A, 0x93, 0x75, 0x43, 0xE1, 0x68, 0xFC,
    0xE2, 0xC3, 0xE2, 0xB4, 0x06, 0x8C, 0xC3, 0x15, 0x9E, 0x0A, 0x6B, 0xFE, 0x12, 0xC1, 0x59, 0x35,
    0xF7, 0xC3, 0x2F, 0x58, 0xF9, 0x1F, 0x14, 0x2F, 0x71, 0xE2, 0xDF, 0x70, 0x62, 0x62, 0x3F, 0x1D,
    0x69, 0x8D, 0x8F, 0x6B, 0x17, 0x06, 0xEF, 0x33, 0x40, 0x46, 0x7A, 0x62, 0xC4, 0x59, 0x4C, 0x55,
    0xEE, 0xB7, 0x2E, 0x5E, 0x10, 0x27, 0x70, 0x4B, 0xE4, 0x41, 0x2D, 0xFA, 0xE2, 0xCC, 0xB8, 0xA4,
    0xCE, 0x5C, 0x74, 0x8E, 0x73, 0x92, 0x14, 0xCA, 0x1B, 0xB8, 0x00, 0x0B, 0x8E, 0x5A, 0xE7, 0x61,
    0x6B, 0xD4, 0x60, 0x83, 0x0A, 0x60, 0x3B, 0x5B, 0x77, 0x58, 0x6E, 0xB5, 0x70, 0x2D, 0x6D, 0xC0,
    0xED, 0xD4, 0xCF, 0xE2, 0x8A, 0x69, 0x4E, 0xB3, 0x53, 0xFD, 0xA8, 0x13, 0x43, 0x23, 0xCA, 0x32,
    0x96, 0x98, 0x75, 0x85, 0xC2, 0xB0, 0xC9, 0xF4, 0xED, 0xB9, 0x1B, 0x3D, 0x42, 0x8D, 0xA9, 0x70,
    0xC2, 0x8F, 0x1B, 0x2E, 0xAB, 0xD4, 0x76, 0x8D, 0x3A, 0x6E, 0xF0, 0xDC, 0xDE, 0x2D, 0x3A, 0xC7,
    0x93, 0x49, 0x8A, 0x27, 0xCD, 0xF2, 0xA4, 0xE1, 0x93, 0x59, 0x8E, 0x27, 0x4D, 0x4B, 0x2B, 0xD3,
    0x4F, 0x2B, 0x8D, 0xCE, 0x27, 0xE7, 0x3E, 0xC7, 0x0A, 0x90, 0x21, 0x53, 0x91, 0xFC, 0xAC, 0x07,
    0xCC, 0x15, 0x84, 0x8F, 0x73, 0x26, 0xFD, 0xF1, 0x56, 0x4D, 0x7F, 0xBC, 0x5D, 0x41, 0x9D, 0xEC,
    0xED, 0x12, 0x1F, 0x29, 0xCE, 0x97, 0xF0, 0x87, 0x3D, 0x9F, 0xC3, 0x1F, 0xF6, 0x9D, 0x14, 0xFE,
    0xF8, 0xE1, 0x22, 0xFD, 0x71, 0x3F, 0xA3, 0x3F, 0xEE, 0x6F, 0xD1, 0x1F, 0xDF, 0x0F, 0xF4, 0xC7,
    0x57, 0x3D, 0xFD, 0x71, 0xA7, 0xA7, 0x3F, 0xB6, 0x3B, 0xFA, 0x63, 0x9B, 0x22, 0xC4, 0x97, 0x1B,
    0xA4, 0x33, 0xB2, 0x85, 0xFE, 0x08, 0xBE, 0xA1, 0x3F, 0x82, 0xCF, 0x0E, 0xF1, 0xC7, 0x6A, 0x78,
    0xA7, 0x57, 0xEB, 0xD1, 0xF5, 0x56, 0x6D, 0xE1, 0x53, 0x6A, 0x84, 0x34, 0x6A, 0x84, 0x6C, 0xDE,
    0x98, 0x04, 0xB5, 0x3F, 0x22, 0x01, 0x82, 0x71, 0x35, 0x2A, 0x83, 0x71, 0x0D, 0xFE, 0xF8, 0xD7,
    0x46, 0x9C, 0x87, 0x9F, 0xF7, 0x3A, 0x8D, 0x6E, 0x22, 0x79, 0xE3, 0x9B, 0x2D, 0xFC, 0xF1, 0x71,
    0xB3, 0xAA, 0xF4, 0xF9, 0x66, 0x5D, 0x25, 0x31, 0x62, 0xD1, 0xC4, 0x55, 0xAF, 0x56, 0xB9, 0xAC,
    0xC5, 0xD7, 0x3B, 0xB5, 0x11, 0xDF, 0x68, 0x27, 0x7F, 0xA8, 0xA8, 0x5E, 0xFC, 0x91, 0x4E, 0xFE,
    0xC0, 0xCF, 0x59, 0x57, 0x21, 0xA5, 0x6C, 0xB9, 0xD4, 0x75, 0xEB, 0x86, 0xDA, 0xF7, 0x73, 0xB1,
    0x83, 0xD1, 0x3D, 0x6B, 0x61, 0x75, 0xDF, 0x5A, 0xE6, 0x66, 0x63, 0xCE, 0x71, 0x4D, 0xDE, 0xAA,
    0x61, 0xFB, 0x04, 0x7A, 0x47, 0x95, 0x91, 0x50, 0x5C, 0x95, 0x75, 0x0D, 0xC6, 0xD7, 0xF9, 0x06,
    0x33, 0x25, 0x65, 0xCE, 0x1A, 0x25, 0xAB, 0xD7, 0x21, 0xEC, 0x56, 0xFD, 0x16, 0x66, 0x5D, 0x0B,
    0x1A, 0x1C, 0xB2, 0x81, 0x34, 0x53, 0xB3, 0xF7, 0xBD, 0x50, 0xA2, 0xC7, 0xD2, 0x4E, 0x21, 0x45,
    0x45, 0x41, 0x95, 0xE3, 0x83, 0x14, 0xA5, 0x2E, 0xBE, 0xD3, 0x4D, 0x6F, 0x7A, 0xD2, 0x38, 0x24,
    0x76, 0x5F, 0xDE, 0x27, 0x66, 0xC0, 0xC7, 0x23, 0x6A, 0x20, 0x41, 0x67, 0xB8, 0x64, 0x74, 0xFE,
    0x88, 0xCA, 0xE8, 0xF5, 0x19, 0x8B, 0xB2, 0x49, 0x51, 0xEC, 0xB1, 0xC4, 0x35, 0x16, 0x14, 0xDD,
    0x94, 0xD5, 0x1D, 0x85, 0x9D, 0x55, 0xD6, 0x62, 0xF1, 0xB9, 0xA0, 0x76, 0x23, 0x9C, 0x10, 0xD0,
    0x39, 0x82, 0x35, 0xCB, 0x51, 0xA3, 0x33, 0x69, 0x01, 0xF0, 0x4E, 0x75, 0x4A, 0x05, 0xFF, 0x1E,
    0x5C, 0x28, 0x65, 0x88, 0x24, 0xA8, 0xA8, 0x4E, 0xB8, 0xE3, 0x57, 0xEC, 0x55, 0x36, 0x03, 0xEC,
    0xD0, 0x47, 0x43, 0xD8, 0xE9, 0x26, 0x6A, 0x4D, 0x15, 0x37, 0x19, 0xBA, 0x56, 0x91, 0xEA, 0xDA,
    0xA6, 0x49, 0x85, 0x96, 0x85, 0x97, 0x29, 0xD9, 0xB5, 0xD0, 0xAF, 0x4A, 0x83, 0xBA, 0x8E, 0x02,
    0x5F, 0x85, 0xE3, 0xB3, 0xD8, 0xFB, 0x4C, 0xC8, 0x4E, 0x95, 0xE0, 0x37, 0x43, 0x4D, 0x34, 0x8D,
    0x12, 0x32, 0x5A, 0xFD, 0x74, 0xAF, 0x9A, 0xF8, 0x10, 0xA4, 0xB2, 0x30, 0x05, 0xA4, 0xC6, 0xDB,
    0x14, 0xCB, 0xF9, 0xD0, 0xCE, 0x1E, 0x94, 0xF8, 0xF2, 0x25, 0xC8, 0x18, 0xF7, 0x01, 0x8D, 0x1C,
    0xF6, 0x73, 0x22, 0x46, 0x8C, 0x0A, 0xD7, 0xE9, 0xB9, 0xE8, 0xFA, 0xE0, 0x9E, 0xAF, 0x86, 0x4E,
    0x12, 0x0A, 0x42, 0x39, 0x28, 0xC6, 0x24, 0x45, 0x82, 0x87, 0x8C, 0xBC, 0x2A, 0xD7, 0xB7, 0x51,
    0x79, 0x54, 0x01, 0x19, 0xE8, 0x16, 0x4B, 0xF7, 0xB8, 0xF3, 0x79, 0x3C, 0x9A, 0x2C, 0x22, 0xC6,
    0x63, 0xEC, 0xE0, 0x3D, 0x76, 0x82, 0x1D, 0xEC, 0x70, 0xF5, 0xE7, 0x74, 0x07, 0x1D, 0x53, 0x50,
    0x26, 0x23, 0x92, 0x50, 0x89, 0x95, 0x7D, 0xEE, 0xF4, 0xE1, 0x12, 0xD7, 0xCB, 0x0B, 0xB4, 0x58,
    0xDF, 0xA2, 0xD9, 0x86, 0x3D, 0x76, 0x8E, 0x5B, 0x1C, 0x11, 0x37, 0x1E, 0x8D, 0x89, 0xBF, 0x9A,
    0x52, 0x16, 0x1C, 0x95, 0xE5, 0xD0, 0xB6, 0x48, 0xA1, 0x6D, 0x91, 0x02, 0x88, 0xD8, 0x34, 0x6E,
    0x1D, 0x06, 0x29, 0x72, 0x60, 0x90, 0xAC, 0x64, 0x37, 0xA4, 0x10, 0x31, 0x9D, 0x27, 0xBB, 0x2B,
    0x1F, 0x5D, 0x34, 0xFA, 0x12, 0x25, 0x90, 0xC7, 0xF0, 0x5F, 0x58, 0x17, 0xCF, 0xB8, 0xF3, 0x23,
    0x76, 0x04, 0x5B, 0xC1, 0x9F, 0x4D, 0xD4, 0xE9, 0x16, 0xFE, 0xEC, 0x4C, 0x19, 0xCA, 0x2B, 0xC3,
    0xFE, 0xC4, 0x39, 0x94, 0xC3, 0x8A, 0x6F, 0xC5, 0x9F, 0xB9, 0x01, 0x72, 0xD1, 0x00, 0x37, 0x2B,
    0xB2, 0xF9, 0x95, 0x97, 0x70, 0x40, 0x47, 0xE8, 0x61, 0x45, 0x4F, 0x81, 0x55, 0x34, 0xE2, 0xD3,
    0x7B, 0xD5, 0xDC, 0x23, 0x7D, 0xEF, 0xA4, 0xB7, 0x8A, 0xD2, 0xC3, 0x4D, 0x54, 0xB6, 0xC1, 0x5B,
    0x7B, 0x01, 0x17, 0xDE, 0x32, 0x25, 0x63, 0xB3, 0x94, 0xD8, 0x14, 0x30, 0x04, 0x0F, 0x16, 0x88,
    0x2E, 0x2C, 0xF0, 0x47, 0xB1, 0xE8, 0x99, 0xF0, 0xD8, 0x15, 0x7B, 0x65, 0x4A, 0x21, 0x66, 0x10,
    0x13, 0x48, 0xF2, 0x67, 0x73, 0xC9, 0x1E, 0x42, 0xBA, 0x08, 0x48, 0x28, 0x6E, 0xC3, 0x0E, 0x10,
    0x08, 0x7A, 0xC6, 0x4D, 0x02, 0x14, 0x94, 0x20, 0x76, 0x4D, 0xA9, 0x6B, 0x40, 0xA0, 0x2A, 0x2B,
    0x89, 0x4A, 0xF8, 0xCA, 0xCA, 0x6C, 0x5F, 0xDC, 0x9E, 0xA6, 0xD3, 0x47, 0x7A, 0x7D, 0x98, 0xDD,
    0x56, 0xFD, 0x11, 0xB6, 0x6B, 0x06, 0x2E, 0x38, 0x3F, 0x28, 0xAF, 0x4D, 0xD9, 0xB9, 0xA8, 0x18,
    0x52, 0xC5, 0x88, 0x2A, 0xC6, 0x8B, 0x8A, 0x9A, 0x2A, 0x26, 0x54, 0xD1, 0xEC, 0x57, 0xB1, 0x58,
    0x54, 0xB4, 0x8F, 0x50, 0x11, 0x5E, 0x0D, 0x09, 0x2C, 0x19, 0x4D, 0x6F, 0xA2, 0x6F, 0x6D, 0xA3,
    0x9B, 0x7C, 0x88, 0x26, 0xE6, 0x57, 0x47, 0xA3, 0xA6, 0xC4, 0x3F, 0x13, 0x21, 0x8E, 0x3F, 0x87,
    0x37, 0xFF, 0x4C, 0x84, 0xF6, 0x27, 0x14, 0x90, 0xD3, 0x53, 0x19, 0x9D, 0xD4, 0x87, 0x9A, 0xC4,
    0xC2, 0x05, 0x75, 0xB5, 0xE9, 0xEC, 0x49, 0x46, 0x8A, 0x3F, 0x1E, 0xEA, 0x49, 0x73, 0x88, 0x27,
    0xED, 0xA2, 0x66, 0xF6, 0x80, 0x9A, 0xCA, 0x83, 0x18, 0x68, 0x37, 0xB0, 0x2E, 0xA2, 0xA9, 0x94,
    0x16, 0x77, 0xF6, 0xD7, 0xBF, 0x41, 0x63, 0x2D, 0xE4, 0xF5, 0xBA, 0xFA, 0xFD, 0xD1, 0xA8, 0x7B,
    0xEA, 0xCA, 0x94, 0x9B, 0xD1, 0x3B, 0x9F, 0xA7, 0x4A, 0xFF, 0xDD, 0x81, 0x54, 0xE0, 0x18, 0xA5,
    0x0F, 0xD1, 0xB4, 0x98, 0x35, 0x55, 0x92, 0x9B, 0xFF, 0xA3, 0x57, 0xD3, 0x03, 0x5E, 0x25, 0xCC,
    0x0D, 0xBE, 0x6B, 0x1D, 0xC4, 0x45, 0x05, 0x3F, 0x7B, 0xEA, 0x09, 0xA8, 0xFA, 0x0C, 0xB7, 0x61,
    0xE6, 0x47, 0xD9, 0x79, 0x74, 0x85, 0x9B, 0x9F, 0x40, 0xD5, 0xBF, 0xEE, 0x55, 0xF5, 0x78, 0x3C,
    0x8B, 0x85, 0x2D, 0x90, 0xFD, 0x5A, 0x1A, 0x22, 0x1A, 0xE4, 0xFB, 0xBF, 0x7B, 0x5F, 0x8D, 0x6A,
    0xC0, 0x9F, 0x5E, 0x5D, 0x53, 0xD7, 0x8E, 0x44, 0xDD, 0x8B, 0x32, 0x5D, 0x55, 0x78, 0xB5, 0x5E,
    0xAA, 0x7B, 0xD7, 0x1E, 0xA0, 0xDC, 0x0B, 0x76, 0x40, 0x9D, 0x1E, 0x30, 0x6B, 0xF4, 0xC9, 0x8E,
    0xDF, 0x63, 0xA2, 0xEB, 0x4C, 0xCE, 0x3D, 0xB3, 0x0A, 0x9F, 0xCF, 0x35, 0x67, 0xC0, 0x29, 0xD3,
    0x5A, 0x76, 0xE8, 0x66, 0xB2, 0x0B, 0x93, 0x4D, 0x32, 0x4D, 0x19, 0x2E, 0x3A, 0xA8, 0xA6, 0x37,
    0x42, 0x96, 0x84, 0x98, 0x4B, 0x32, 0xCE, 0xFD, 0xB8, 0x28, 0x38, 0x88, 0x15, 0x3C, 0x14, 0xDE,
    0x0C, 0xDB, 0x8C, 0x4D, 0x08, 0x49, 0xA4, 0xD9, 0x8F, 0x0D, 0xFB, 0x71, 0xC6, 0x7E, 0xBC, 0xDB,
    0x8A, 0xB9, 0x84, 0xDD, 0xD2, 0x8A, 0xEB, 0xDD, 0x56, 0x6C, 0x05, 0xAB, 0xBB, 0xDA, 0x82, 0x22,
    0x13, 0x7D, 0x01, 0x88, 0x88, 0x57, 0x98, 0xB7, 0x47, 0xD3, 0x8E, 0x59, 0x50, 0x96, 0x8A, 0x32,
    0x01, 0x37, 0x35, 0x2C, 0xCB, 0x35, 0x75, 0x4C, 0x6A, 0x8E, 0x8B, 0x9A, 0x12, 0x8E, 0xF8, 0xAC,
    0xBC, 0xCE, 0x1E, 0x11, 0xEA, 0x80, 0xC0, 0x54, 0x31, 0x13, 0x7F, 0x16, 0x8B, 0x57, 0xF7, 0x23,
    0x2B, 0xCE, 0x9F, 0xB0, 0x05, 0xDB, 0x5A, 0x4C, 0x42, 0x40, 0x25, 0x02, 0x38, 0x32, 0x19, 0x39,
    0xA9, 0x27, 0x1A, 0xBA, 0xC0, 0x8D, 0x96, 0x76, 0x88, 0xEE, 0x71, 0x9B, 0xF8, 0x36, 0xD7, 0x64,
    0x9B, 0x98, 0xCD, 0x9C, 0x6B, 0x97, 0xDD, 0x09, 0x35, 0x88, 0x23, 0x6B, 0x3E, 0x1E, 0x4B, 0x25,
    0xD3, 0xAC, 0xAA, 0x75, 0x62, 0xA5, 0xC4, 0x58, 0x19, 0x84, 0xA5, 0x83, 0x12, 0x8B, 0x78, 0x32,
    0xFB, 0x8A, 0x00, 0xCB, 0x4F, 0x91, 0xA3, 0x95, 0xD8, 0x7B, 0x6C, 0xCE, 0x3F, 0xD8, 0xC6, 0x7B,
    0xC3, 0x6E, 0xB3, 0x7D, 0x23, 0x71, 0x5E, 0x1C, 0xA3, 0x1A, 0xAD, 0x28, 0x29, 0x21, 0x2B, 0xFA,
    0xFF, 0x3D, 0xC4, 0x48, 0x72, 0x09, 0x41, 0x6B, 0x18, 0xE3, 0x86, 0x10, 0xC8, 0xE8, 0xF1, 0x29,
    0xA8, 0x9C, 0xA1, 0x51, 0x0F, 0x18, 0x57, 0xA3, 0x5A, 0x20, 0x51, 0xD1, 0x12, 0x39, 0x0A, 0x81,
    0x00, 0x35, 0x6C, 0xF5, 0x92, 0x03, 0x93, 0x82, 0x99, 0x16, 0x90, 0x04, 0x33, 0x0A, 0x55, 0xB1,
    0x54, 0xB2, 0x1C, 0x0F, 0x67, 0x1F, 0xE0, 0x8C, 0xEC, 0x12, 0x3C, 0x94, 0x21, 0xF1, 0x28, 0x39,
    0xC4, 0x17, 0xF4, 0x4F, 0x6B, 0x45, 0x34, 0x96, 0x57, 0x7C, 0x2B, 0x28, 0x7A, 0x14, 0x13, 0x96,
    0x6E, 0xA4, 0xCF, 0x2A, 0xF2, 0x2A, 0xF8, 0x83, 0xCC, 0xB3, 0x08, 0x13, 0x6D, 0x9B, 0xB0, 0x03,
    0xB6, 0x02, 0xC0, 0x80, 0x67, 0x5A, 0x32, 0x13, 0x42, 0x4F, 0xF4, 0x9A, 0x5D, 0xDB, 0x0A, 0xFE,
    0x86, 0x90, 0xD9, 0x27, 0x22, 0x0D, 0x17, 0x8C, 0x4F, 0xAF, 0xA1, 0x92, 0xB0, 0x8E, 0x38, 0x86,
    0x46, 0xBD, 0xE8, 0xEA, 0xC8, 0x2B, 0x01, 0x35, 0x4A, 0xCA, 0x29, 0x16, 0x63, 0x41, 0x7F, 0xF5,
    0x01, 0x1C, 0x09, 0x58, 0xAF, 0x9C, 0x80, 0x52, 0x74, 0x6D, 0x75, 0x1A, 0x66, 0x5E, 0x94, 0x6E,
    0x97, 0x63, 0x9C, 0xD2, 0xDE, 0x05, 0x6A, 0x4E, 0x8E, 0x27, 0x92, 0x30, 0x9D, 0xD1, 0x71, 0xA9,
    0x49, 0xCC, 0x50, 0xF3, 0x49, 0xE9, 0x92, 0x7B, 0xE6, 0x50, 0x7A, 0x47, 0x92, 0x43, 0x5D, 0xC5,
    0x66, 0xFF, 0x90, 0x82, 0x51, 0xCD, 0xA4, 0x4F, 0xBF, 0x0F, 0xBB, 0x5F, 0x1C, 0x53, 0xDA, 0xA5,
    0xA2, 0x5D, 0x50, 0x1A, 0x2B, 0x9C, 0x65, 0x0F, 0xA2, 0xA1, 0x90, 0x50, 0x21, 0xEC, 0x60, 0xAD,
    0x70, 0x40, 0xC6, 0x09, 0x3F, 0xE4, 0x71, 0x51, 0x17, 0xEF, 0x76, 0x8B, 0x97, 0x1A, 0x87, 0xB3,
    0x5E, 0xF3, 0xEC, 0x21, 0x76, 0x79, 0xEF, 0x24, 0x83, 0x15, 0x6D, 0x5B, 0x65, 0xA3, 0xF0, 0x23,
    0x0C, 0x55, 0xC1, 0xD7, 0xFB, 0xCC, 0x82, 0xAA, 0x4D, 0x0D, 0x0D, 0x0B, 0x36, 0xCC, 0x6B, 0x09,
    0x68, 0x2D, 0x8E, 0xF4, 0x46, 0x8D, 0xF9, 0x67, 0x00, 0x94, 0x0C, 0x06, 0xEC, 0x1C, 0x70, 0x67,
    0x29, 0x0F, 0x11, 0xA5, 0x88, 0xEF, 0x93, 0xD8, 0xBA, 0x67, 0x19, 0x2A, 0xA4, 0x6D, 0x50, 0x83,
    0x19, 0x0C, 0x42, 0x21, 0x2D, 0x4D, 0x80, 0x80, 0x54, 0x30, 0xB8, 0xB0, 0x37, 0xC1, 0xFD, 0x76,
    0xE6, 0x6E, 0x24, 0x8F, 0x4E, 0xCD, 0x12, 0xAC, 0xD4, 0xCE, 0xBD, 0x90, 0xA5, 0x9A, 0xC9, 0x31,
    0xA2, 0x6C, 0xC6, 0x3D, 0x9B, 0x25, 0x67, 0x15, 0xC6, 0xA7, 0x8D, 0x60, 0x83, 0x11, 0xDB, 0xFB,
    0x03, 0x04, 0x0D, 0x46, 0xCB, 0x4C, 0xED, 0x29, 0x15, 0x96, 0xE8, 0x07, 0x0A, 0xD4, 0x10, 0xEF,
    0x36, 0x80, 0xE7, 0x6C, 0x0C, 0x90, 0x0A, 0xBB, 0x1A, 0xE7, 0xB2, 0xB8, 0x75, 0x20, 0x98, 0x08,
    0xBB, 0x60, 0x01, 0x39, 0x37, 0x10, 0x5E, 0x13, 0x5D, 0x13, 0x5C, 0x13, 0x5B, 0x13, 0x5A, 0x13,
    0x9B, 0x12, 0x58, 0xD3, 0x17, 0x6C, 0xF2, 0x44, 0xD5, 0x04, 0xD5, 0xC4, 0xD4, 0x84, 0xD4, 0x8C,
    0x1D, 0x8D, 0xF0, 0xF4, 0x99, 0xAA, 0x8C, 0xF0, 0xD6, 0xF9, 0x82, 0x23, 0x98, 0xCC, 0x6F, 0x0E,
    0x46, 0x97, 0x3F, 0x01, 0x46, 0x37, 0xE4, 0x0A, 0x77, 0x61, 0x74, 0x87, 0xDA, 0x06, 0xF5, 0x47,
    0xC7, 0xA5, 0x45, 0x8D, 0x9B, 0x5D, 0x25, 0x2F, 0x03, 0xBA, 0x36, 0x64, 0xD4, 0x4A, 0xD2, 0x3E,
    0xF0, 0xF3, 0xC4, 0x06, 0x07, 0xED, 0x06, 0x87, 0x6A, 0x1A, 0xB0, 0xC2, 0xDD, 0x39, 0xCA, 0x2E,
    0xD3, 0x6A, 0x04, 0xD9, 0x63, 0x79, 0x0D, 0x8B, 0x40, 0x4F, 0xC2, 0x04, 0xEA, 0x69, 0x0F, 0x11,
    0x91, 0x7C, 0x34, 0xCF, 0xF5, 0xF2, 0x8F, 0x5E, 0x3B, 0xE1, 0x88, 0xDD, 0x9F, 0x98, 0xB5, 0x23,
    0x66, 0xED, 0xD0, 0x52, 0x78, 0x25, 0x90, 0x3C, 0x91, 0xB7, 0x9B, 0xA3, 0x8C, 0xD3, 0x9B, 0xC7,
    0x7A, 0xEC, 0x4B, 0xA3, 0x11, 0x45, 0xBC, 0x65, 0x98, 0x74, 0x13, 0xA5, 0x75, 0x03, 0x76, 0x74,
    0x05, 0x88, 0x41, 0x73, 0x3B, 0xC9, 0xD6, 0x29, 0xCB, 0x5F, 0x71, 0x93, 0xEB, 0x52, 0x71, 0xBA,
    0x03, 0x15, 0x27, 0x93, 0xDC, 0x9E, 0xA6, 0xEC, 0x79, 0x2E, 0x95, 0x22, 0xB3, 0x48, 0x20, 0xF3,
    0xAA, 0x54, 0xE3, 0x58, 0xC6, 0x5F, 0xA9, 0xF8, 0x59, 0xBD, 0xD8, 0x78, 0xFF, 0xD4, 0x8A, 0xA8,
    0xFF, 0xE5, 0x92, 0xE5, 0xC5, 0x9E, 0x2C, 0x7F, 0xC9, 0xE7, 0x00, 0xFD, 0x4E, 0xC5, 0x1D, 0xF0,
    0x5B, 0x34, 0xCC, 0x14, 0x88, 0xCA, 0x77, 0x4D, 0x92, 0xBB, 0x36, 0xA6, 0xED, 0xA2, 0xDB, 0x61,
    0xD3, 0x72, 0xF8, 0x90, 0x69, 0x79, 0xAE, 0x89, 0xF3, 0x02, 0xE9, 0x9F, 0xF5, 0x04, 0xCC, 0x09,
    0xF3, 0xD6, 0xCD, 0x88, 0xEE, 0x91, 0x0C, 0x6C, 0xFB, 0x53, 0x19, 0xD8, 0x0D, 0xE1, 0x3D, 0x85,
    0x81, 0xFD, 0x4E, 0x18, 0xD8, 0xAF, 0x84, 0x81, 0xFD, 0xF4, 0x70, 0x06, 0x56, 0x2A, 0x9B, 0x19,
    0xD4, 0xC4, 0xB6, 0x0A, 0xD9, 0x2A, 0x5C, 0x2B, 0xA9, 0x56, 0x61, 0x5A, 0x85, 0x68, 0x15, 0x9E,
    0x55, 0x68, 0x56, 0x61, 0x59, 0x85, 0x64, 0x15, 0x8E, 0x15, 0x47, 0x6D, 0x3A, 0x86, 0x55, 0x08,
    0x56, 0xE1, 0x57, 0x85, 0x5E, 0x15, 0x76, 0x75, 0x22, 0x57, 0xA5, 0x72, 0x92, 0xB5, 0x72, 0x8B,
    0xD0, 0x6D, 0x32, 0xDD, 0x26, 0x33, 0xAB, 0x2A, 0xA4, 0x2A, 0x39, 0x55, 0xA1, 0x54, 0x85, 0x51,
    0x15, 0x42, 0x55, 0xF8, 0x54, 0xA1, 0x53, 0x85, 0x4D, 0x15, 0x32, 0xD5, 0x84, 0xF5, 0x86, 0xA3,
    0x52, 0x85, 0x49, 0x15, 0x22, 0x55, 0x78, 0x54, 0xA1, 0x51, 0x27, 0x16, 0x55, 0x22, 0x5B, 0x7C,
    0xA9, 0xE7, 0xA6, 0x2D, 0xAC, 0x83, 0x7A, 0x55, 0x1D, 0x7B, 0x63, 0x73, 0x43, 0xBC, 0x91, 0xF0,
    0x61, 0x98, 0x51, 0x0E, 0xD9, 0x3B, 0x48, 0x8F, 0xBB, 0xB1, 0x91, 0x2D, 0x57, 0x19, 0x47, 0x87,
    0x2D, 0xD2, 0x7C, 0x03, 0xB9, 0xD7, 0x3E, 0xBE, 0xDE, 0x7B, 0xBD, 0xBE, 0xD1, 0xF9, 0x5D, 0x72,
    0xB9, 0x0D, 0x5A, 0x73, 0xAE, 0xC1, 0xCE, 0x61, 0x03, 0x79, 0x00, 0x79, 0xEC, 0x18, 0x57, 0x51,
    0x35, 0xC4, 0x25, 0xDC, 0xAD, 0x4B, 0x3C, 0x9A, 0xE4, 0x78, 0xD4, 0xA4, 0xC9, 0xA5, 0x0E, 0xAE,
    0x78, 0xB3, 0xDB, 0x52, 0xC6, 0x27, 0xAC, 0xF1, 0x10, 0xCB, 0x5B, 0xC2, 0x73, 0xA9, 0x4F, 0x76,
    0x94, 0xD3, 0x3F, 0xA6, 0x46, 0x00, 0xB3, 0xD3, 0xCD, 0x0C, 0xC6, 0x8E, 0xD6, 0x75, 0x93, 0x07,
    0xA6, 0x1D, 0x56, 0x59, 0x65, 0x5D, 0x95, 0xB5, 0xA9, 0x3F, 0x22, 0xC1, 0x02, 0x74, 0x18, 0xA4,
    0x17, 0x52, 0x37, 0x1C, 0x04, 0x1C, 0xC9, 0x5D, 0x10, 0xB1, 0xDF, 0xCE, 0x43, 0x32, 0x2B, 0x73,
    0x39, 0x2B, 0x0C, 0x1B, 0xA9, 0x36, 0x47, 0x16, 0x25, 0xC3, 0x7C, 0xCB, 0xB2, 0x7B, 0xDB, 0x21,
    0xF0, 0xB8, 0xF2, 0x38, 0x6E, 0xE2, 0x1D, 0xD3, 0xA0, 0x60, 0x1A, 0xE8, 0xAD, 0xB2, 0x0E, 0x86,
    0x29, 0x7A, 0xD4, 0xCE, 0xB1, 0x07, 0xD8, 0x1C, 0x37, 0xE3, 0xCA, 0x1B, 0xD6, 0x75, 0x89, 0x01,
    0x27, 0xC1, 0x34, 0x67, 0x4C, 0x1E, 0x74, 0x09, 0xAA, 0x70, 0xAB, 0x6D, 0x1A, 0x35, 0x31, 0xEB,
    0x30, 0x97, 0x1A, 0x35, 0x48, 0x57, 0x28, 0x1E, 0x09, 0x63, 0xC3, 0x5D, 0x71, 0xE5, 0x72, 0xA7,
    0xF3, 0xAE, 0x03, 0x30, 0x01, 0x81, 0x1D, 0x6B, 0x26, 0xC5, 0xF6, 0x1C, 0x38, 0xA5, 0x3B, 0x38,
    0x55, 0xC1, 0x7B, 0xFE, 0x18, 0x0E, 0x41, 0x1F, 0xC8, 0x8B, 0x40, 0x8E, 0x37, 0x41, 0x71, 0x13,
    0xE2, 0x15, 0x61, 0x6A, 0x8B, 0x5B, 0x2D, 0x13, 0x9B, 0x46, 0x68, 0x25, 0x35, 0x61, 0x82, 0xC0,
    0x7D, 0xF2, 0x51, 0xD3, 0x8D, 0x98, 0x27, 0x77, 0x49, 0xBB, 0x95, 0x5C, 0x0A, 0x13, 0x63, 0x2C,
    0xFC, 0x30, 0x67, 0x83, 0xE7, 0x6F, 0x0B, 0xD3, 0x29, 0x49, 0x2F, 0x58, 0x7C, 0x58, 0x98, 0xCE,
    0xD6, 0xA8, 0x07, 0x99, 0xCE, 0x65, 0xE4, 0xF0, 0x1E, 0x31, 0x72, 0xA8, 0xF7, 0x5C, 0xED, 0x63,
    0x69, 0x7E, 0x7E, 0xCA, 0xED, 0x0C, 0x86, 0xFF, 0xCB, 0xF4, 0xE2, 0xEF, 0x3A, 0x3F, 0xA2, 0xF1,
    0x63, 0x82, 0x3D, 0x9B, 0x6A, 0xBA, 0x2C, 0xC2, 0xD6, 0xD2, 0xDF, 0x24, 0x1C, 0xD4, 0xC9, 0xFF,
    0x97, 0x51, 0xC4, 0x89, 0xB9, 0x39, 0x0B, 0xA9, 0x87, 0x59, 0xC4, 0x93, 0x4F, 0x6C, 0x28, 0xF1,
    0xF2, 0xB9, 0xCC, 0x32, 0xEA, 0x25, 0xD8, 0x04, 0x77, 0x10, 0x52, 0x2F, 0x50, 0x91, 0x07, 0xDF,
    0x9D, 0x4A, 0x53, 0xC2, 0x72, 0x57, 0xDC, 0xB2, 0xA9, 0x67, 0x03, 0x38, 0xB8, 0x8F, 0x2C, 0x66,
    0x78, 0xF4, 0x51, 0xC4, 0x01, 0x09, 0x97, 0x2D, 0x8C, 0xF3, 0x5F, 0xF4, 0x59, 0xAA, 0xEF, 0xB4,
    0x45, 0x9A, 0xDC, 0xAC, 0xE1, 0x98, 0xBB, 0x25, 0x20, 0x90, 0x45, 0xED, 0x49, 0x06, 0x32, 0x17,
    0x1D, 0xD2, 0x58, 0xB7, 0xE8, 0xB9, 0xB1, 0x9B, 0x53, 0xD8, 0xCE, 0x8A, 0x7A, 0x97, 0xE1, 0x5E,
    0xD2, 0xD0, 0xF9, 0x20, 0x9F, 0x5A, 0xA4, 0xBF, 0x64, 0xE9, 0x8A, 0x2D, 0x18, 0x8E, 0x24, 0xC8,
    0x51, 0xC1, 0x82, 0x11, 0xB3, 0x47, 0xD4, 0x6A, 0x32, 0x98, 0xD9, 0x80, 0x7C, 0x1A, 0x07, 0x65,
    0xB6, 0xBF, 0xC3, 0x72, 0xF3, 0x36, 0xF2, 0xE9, 0xEE, 0x65, 0x2C, 0x23, 0x50, 0x94, 0xE9, 0x79,
    0xBB, 0xDB, 0xA0, 0xCE, 0x68, 0x2B, 0x37, 0x58, 0xF8, 0xFC, 0x3A, 0xEF, 0x69, 0x4E, 0xED, 0x71,
    0xFC, 0x09, 0xF6, 0x6F, 0x5E, 0x09, 0xAA, 0xEC, 0x6D, 0xC6, 0xDF, 0x0D, 0x16, 0xF9, 0x8A, 0xD4,
    0x45, 0xFA, 0xDB, 0x63, 0xBE, 0x05, 0x58, 0x41, 0x62, 0x26, 0xBC, 0x78, 0xDA, 0x6E, 0x55, 0x7C,
    0x8B, 0x17, 0x68, 0x6B, 0x70, 0xD6, 0x99, 0x23, 0x4A, 0x88, 0x42, 0x72, 0x5B, 0x70, 0x9D, 0x04,
    0x2D, 0xC2, 0xD5, 0xF8, 0xED, 0x71, 0x5F, 0x74, 0xE0, 0xE5, 0xE3, 0xFC, 0x88, 0xE8, 0x11, 0x2A,
    0xEA, 0xB2, 0x3F, 0x1A, 0xF5, 0x5E, 0x7E, 0x8A, 0x30, 0x35, 0x61, 0xFD, 0x36, 0xBC, 0xED, 0x22,
    0x78, 0x30, 0xC4, 0x8A, 0xCF, 0x78, 0xF9, 0xDE, 0x52, 0xCE, 0xA4, 0xE4, 0xA7, 0xD8, 0xC3, 0xCB,
    0x3D, 0xCD, 0xE0, 0x81, 0x8B, 0x0E, 0x2B, 0xA3, 0x07, 0xE0, 0x68, 0xC0, 0x5C, 0x0E, 0x7E, 0x1C,
    0xB5, 0xF1, 0x11, 0x33, 0x2D, 0xB5, 0x7A, 0x84, 0x1B, 0x49, 0xD0, 0x35, 0x2C, 0xE5, 0x68, 0xCB,
    0x88, 0x4F, 0xBF, 0x97, 0x76, 0x51, 0xEA, 0x2E, 0xFB, 0xA7, 0x6D, 0xD0, 0x82, 0xF3, 0xC2, 0x7E,
    0xED, 0x2C, 0x45, 0x0D, 0x6A, 0x2F, 0xE5, 0xC0, 0x1F, 0x49, 0xA7, 0x67, 0x37, 0x5B, 0x11, 0x42,
    0x88, 0xF5, 0x29, 0xB3, 0xE5, 0xA4, 0x67, 0x1F, 0x97, 0xC7, 0xAC, 0x22, 0xA1, 0x29, 0xEF, 0x36,
    0xF8, 0x8D, 0x0B, 0x7D, 0x1B, 0x78, 0xEE, 0x83, 0xEE, 0x68, 0xD4, 0xCB, 0x4F, 0x28, 0xB1, 0x17,
    0xE0, 0x0B, 0xA9, 0xAE, 0x9E, 0xB7, 0x56, 0x9B, 0x54, 0xEF, 0x4C, 0x70, 0xDC, 0x77, 0x55, 0x17,
    0x4E, 0x00, 0x3F, 0xAF, 0x23, 0xE4, 0x31, 0xD9, 0x03, 0xCD, 0xA8, 0x75, 0x94, 0xCC, 0x53, 0x6E,
    0xF0, 0x78, 0xFC, 0xBB, 0x2A, 0x77, 0x73, 0x3D, 0x4A, 0xAF, 0x48, 0x9D, 0x9E, 0x7E, 0xAB, 0xF3,
    0x63, 0x56, 0x91, 0xCF, 0x91, 0xB3, 0x80, 0x0C, 0x1E, 0xD2, 0x66, 0x96, 0xE0, 0xB1, 0xD5, 0xF3,
    0xD5, 0x05, 0xA5, 0xDF, 0x04, 0x88, 0xDB, 0xEE, 0xD0, 0x74, 0x98, 0x01, 0xEB, 0x4A, 0x95, 0xA7,
    0xF6, 0x4D, 0xD2, 0x47, 0xC0, 0x0F, 0xC4, 0x12, 0xC1, 0x39, 0x31, 0x73, 0x2E, 0xC9, 0x4E, 0xA2,
    0x98, 0x05, 0x9C, 0xA0, 0xDF, 0xCF, 0x5F, 0x3D, 0x9A, 0xEB, 0x36, 0x1A, 0x4E, 0xE6, 0x7D, 0x00,
    0xCD, 0x36, 0xC3, 0xDE, 0xE6, 0x89, 0xE9, 0xF1, 0xB0, 0xB4, 0x7A, 0x5C, 0x1D, 0xA4, 0xFA, 0x44,
    0x2C, 0xB5, 0x31, 0x2F, 0xD0, 0xA8, 0x06, 0xAA, 0x06, 0xA7, 0xAA, 0x77, 0xF7, 0xDD, 0x19, 0xFE,
    0x8A, 0xB8, 0x5F, 0xBE, 0x78, 0x54, 0x88, 0x3B, 0x7D, 0xE1, 0x12, 0x8B, 0x1C, 0xCE, 0x2E, 0x72,
    0x5F, 0xB8, 0x0C, 0xC7, 0x2A, 0x22, 0x02, 0xC2, 0x3E, 0xEA, 0x09, 0x0F, 0xDA, 0x65, 0xEE, 0xE5,
    0x38, 0x81, 0x00, 0x4D, 0x6A, 0x52, 0x54, 0x95, 0x7C, 0xEF, 0x88, 0xE8, 0xAF, 0xDC, 0xFD, 0x62,
    0x15, 0x43, 0x72, 0xF1, 0xD5, 0x5B, 0x93, 0xAF, 0xD0, 0x6B, 0xE7, 0x56, 0xFB, 0x82, 0xDD, 0x61,
    0x83, 0x87, 0x9E, 0x1D, 0x0E, 0x7A, 0x8E, 0x01, 0x4D, 0x6C, 0x4C, 0x42, 0x44, 0x48, 0x8A, 0xE9,
    0x45, 0x8F, 0x24, 0x53, 0x68, 0x4A, 0x78, 0xE6, 0xF3, 0x97, 0x0D, 0x1E, 0x9D, 0x56, 0xC7, 0xA1,
    0xE2, 0xC3, 0x9A, 0xDC, 0xE3, 0xAA, 0xE7, 0x93, 0xDC, 0xC4, 0x94, 0x8B, 0x47, 0x6E, 0x93, 0x8E,
    0x6B, 0xB6, 0xF8, 0xDD, 0x16, 0x86, 0xE3, 0x95, 0x67, 0x8E, 0xFB, 0xE6, 0xF7, 0x47, 0x52, 0xEE,
    0xF1, 0x2F, 0xCE, 0x84, 0xBB, 0xB1, 0xF2, 0xC5, 0x8C, 0x61, 0xD2, 0x33, 0xAA, 0xD6, 0x8F, 0x5B,
    0xC5, 0x87, 0x64, 0xE3, 0x63, 0xAB, 0x27, 0x93, 0xBE, 0xD0, 0xF8, 0x6E, 0xE2, 0xCE, 0x4F, 0xEF,
    0x29, 0xE7, 0x9E, 0x9D, 0x47, 0x7F, 0xF7, 0xB5, 0x22, 0x23, 0xDF, 0xAB, 0x91, 0x9E, 0x6B, 0x17,
    0x86, 0x42, 0xC2, 0x7C, 0x6E, 0xD6, 0xAB, 0xE9, 0x45, 0x29, 0xEA, 0x15, 0x23, 0x3A, 0x55, 0x27,
    0xD1, 0x5F, 0xA7, 0x9F, 0xAD, 0x79, 0xC2, 0x93, 0x99, 0xD6, 0xB1, 0x37, 0x95, 0x6B, 0xD3, 0x5F,
    0x0B, 0x1A, 0x26, 0x8F, 0x69, 0xD3, 0x3F, 0x78, 0xE3, 0xF4, 0xED, 0x17, 0xB2, 0xCE, 0x85, 0x20,
    0xE5, 0x0A, 0x01, 0x5C, 0x0B, 0x1B, 0x86, 0x88, 0x7F, 0x36, 0x35, 0x35, 0x35, 0xA0, 0x81, 0x56,
    0xE6, 0xED, 0xCD, 0x44, 0x2F, 0x8F, 0xEE, 0x26, 0x80, 0x53, 0x0E, 0x47, 0x3F, 0x32, 0x01, 0xB6,
    0x46, 0xD2, 0x90, 0xC5, 0x1B, 0xDD, 0xF5, 0xE6, 0xD4, 0x9A, 0x82, 0xFF, 0x86, 0xFB, 0x7A, 0x58,
    0xBB, 0x53, 0xCB, 0xF7, 0x7A, 0x02, 0x6E, 0x22, 0xDF, 0xED, 0x11, 0x32, 0xCF, 0x15, 0x80, 0x93,
    0x07, 0x73, 0x07, 0x76, 0x6F, 0xD9, 0xF8, 0xF8, 0xF2, 0xA6, 0x8E, 0xC5, 0x7E, 0x49, 0x71, 0xD8,
    0x2D, 0x69, 0xCC, 0xA8, 0xDD, 0x4D, 0xBF, 0xB8, 0x5B, 0x11, 0xFA, 0x37, 0x90, 0xA9, 0x67, 0x67,
    0xE2, 0x19, 0x9D, 0x39, 0xBD, 0xC1, 0xB1, 0x90, 0xBA, 0xDA, 0x43, 0xC4, 0x34, 0x5C, 0xD0, 0xE4,
    0x48, 0x61, 0xCE, 0xAD, 0x78, 0xD8, 0xA7, 0xAF, 0x96, 0x71, 0xB0, 0x74, 0xE1, 0x3C, 0x51, 0xE9,
    0x76, 0xF9, 0x3A, 0x52, 0x51, 0x2E, 0x8C, 0xFC, 0x7E, 0x5A, 0x7E, 0x9E, 0xC6, 0xBD, 0xA2, 0x9F,
    0x51, 0xDD, 0x48, 0xF2, 0xE9, 0xCA, 0xE4, 0x42, 0x37, 0x98, 0x49, 0x24, 0x3D, 0xEF, 0xD9, 0xF2,
    0xC0, 0x67, 0xD9, 0x36, 0xE4, 0xAB, 0x4D, 0x02, 0xFB, 0xE5, 0x3A, 0x41, 0xBD, 0x38, 0xCC, 0x98,
    0x61, 0xD7, 0x3B, 0x82, 0x19, 0x12, 0x08, 0xFA, 0x0B, 0x87, 0x1C, 0x69, 0x33, 0x7E, 0xF7, 0xF0,
    0x5B, 0xF5, 0x20, 0x21, 0x9C, 0xCF, 0x2C, 0xEE, 0x41, 0x42, 0x78, 0xEF, 0x17, 0x77, 0x77, 0x6F,
    0xB2, 0x96, 0xC2, 0x38, 0x53, 0x37, 0xE4, 0x08, 0xC8, 0x58, 0x63, 0x84, 0x94, 0x85, 0xF7, 0xDE,
    0xC2, 0x8D, 0xCF, 0x57, 0xFC, 0xD3, 0xBD, 0xB7, 0x6E, 0x60, 0xC3, 0xF9, 0x8A, 0x9F, 0x7B, 0xD2,
    0x4D, 0x7E, 0x7A, 0x55, 0x85, 0xDF, 0x34, 0x62, 0x4B, 0x89, 0xEE, 0xE9, 0x2B, 0x35, 0x2F, 0x1C,
    0x52, 0x2D, 0xED, 0xE3, 0x91, 0x26, 0xFF, 0x01, 0x63, 0xFA, 0xCB, 0x20, 0xFF, 0xBF, 0xC1, 0xFE,
    0xFF, 0x81, 0xFD, 0xFC, 0x17, 0xFE, 0x70, 0x5F, 0x00, 0x00, 0xCD, 0x5C, 0x3D, 0x8F, 0xDD, 0x56,
    0x7A, 0x3E, 0x24, 0x37, 0x22, 0x12, 0x66, 0xF7, 0xA4, 0xD8, 0x00, 0x86, 0x15, 0x98, 0x29, 0xB6,
    0xC8, 0xC2, 0x80, 0xD9, 0x6C, 0x91, 0x62, 0x57, 0x87, 0xB6, 0x80, 0xB8, 0x70, 0xA1, 0xFD, 0x07,
    0xEB, 0x62, 0xBB, 0x04, 0x50, 0x8A, 0x14, 0x2E, 0xD6, 0x43, 0x5A, 0x42, 0xE0, 0xC2, 0xC5, 0xEA,
    0x1F, 0x64, 0x8B, 0xF4, 0xDB, 0x3A, 0x80, 0x66, 0xC8, 0xD1, 0x14, 0x2A, 0xB6, 0x30, 0x65, 0x03,
    0xD9, 0xC2, 0x85, 0xE8, 0x0F, 0x60, 0x13, 0xB8, 0x30, 0x65, 0x73, 0x63, 0x8E, 0x45, 0xF2, 0xE4,
    0x79, 0xDE, 0x73, 0xC8, 0x7B, 0xEF, 0x7C, 0xC8, 0xB2, 0x25, 0x8F, 0x3D, 0xC2, 0x3D, 0xD0, 0xDC,
    0xB9, 0x3C, 0x1F, 0xEF, 0xE7, 0xF3, 0x7E, 0x9C, 0xAB, 0xD4, 0x33, 0x0A, 0x3F, 0x86, 0x43, 0xD5,
    0x60, 0x28, 0x06, 0x0C, 0x31, 0x07, 0xF5, 0xAF, 0x6A, 0xEB, 0x27, 0xB5, 0xB6, 0x55, 0x99, 0xB5,
    0x8D, 0x32, 0xD6, 0xD6, 0xCA, 0xD4, 0xFC, 0x6C, 0xC9, 0xA7, 0x72, 0x0C, 0x56, 0xF9, 0x21, 0xB0,
    0x76, 0x50, 0xA1, 0xB5, 0xBD, 0x8A, 0xAC, 0xED, 0x54, 0x34, 0x2E, 0xB3, 0x25, 0x3D, 0x06, 0xDD,
    0x2D, 0x43, 0xDA, 0x62, 0xC8, 0xF8, 0x11, 0xE3, 0x07, 0xBE, 0x31, 0xC4, 0x8D, 0x8A, 0xA6, 0x94,
    0xCF, 0xE1, 0x03, 0x41, 0x9F, 0x94, 0xEA, 0xC4, 0xCF, 0x05, 0x6C, 0x23, 0xB1, 0x76, 0xD4, 0x78,
    0x54, 0xF3, 0x1D, 0x4E, 0x6B, 0xDD, 0xA4, 0xC1, 0xAC, 0x30, 0xE5, 0x9C, 0x63, 0xC6, 0x16, 0xAF,
    0x3E, 0x1E, 0xF4, 0x90, 0x74, 0xD1, 0xA8, 0xFD, 0x2B, 0x6D, 0xE3, 0x21, 0x6B, 0x74, 0x6F, 0x6A,
    0xD3, 0x99, 0xBB, 0xB6, 0x29, 0xDE, 0xB2, 0x79, 0x75, 0x4D, 0x28, 0xA9, 0x6E, 0xE1, 0x15, 0xC9,
    0x82, 0xFC, 0xBD, 0xE2, 0x26, 0x2C, 0x37, 0xFC, 0xB3, 0x9D, 0xC3, 0x59, 0x3B, 0x73, 0x98, 0xB8,
    0xFD, 0x51, 0x85, 0x13, 0x1F, 0x1A, 0x97, 0x21, 0x7E, 0xF4, 0x19, 0xC8, 0x3B, 0xA1, 0xC6, 0x2E,
    0x49, 0x70, 0xA2, 0x92, 0x43, 0xAE, 0x0A, 0x2B, 0xD4, 0xB9, 0x8E, 0x19, 0x62, 0xFE, 0x9E, 0xF1,
    0xF7, 0xAA, 0x79, 0x0E, 0x8B, 0x2D, 0x4B, 0x24, 0xC3, 0x3A, 0xE7, 0xFA, 0x09, 0x23, 0x43, 0xAD,
    0x4E, 0x0F, 0xB2, 0xEC, 0x10, 0x96, 0x4A, 0x93, 0x13, 0x11, 0x07, 0x55, 0x1C, 0x93, 0xF8, 0xD5,
    0xB1, 0xCC, 0x50, 0x72, 0xCD, 0x5C, 0xD9, 0xF2, 0x39, 0xCF, 0x94, 0x59, 0x38, 0x23, 0x03, 0xF7,
    0x67, 0xB9, 0x9C, 0x21, 0x1D, 0x12, 0xE1, 0xBE, 0x5D, 0x09, 0x94, 0x0C, 0x5B, 0x67, 0xBD, 0x92,
    0x5F, 0xEF, 0x38, 0x53, 0xA3, 0x2A, 0x4E, 0xF7, 0x57, 0xF6, 0x63, 0x79, 0xCC, 0xCA, 0x9B, 0x2D,
    0xDF, 0x6C, 0xCE, 0x96, 0x01, 0x2E, 0x17, 0x72, 0x88, 0xA6, 0x1D, 0x22, 0x26, 0xE7, 0x10, 0xF1,
    0xE4, 0x9C, 0x5E, 0x1C, 0xB5, 0x88, 0x63, 0x77, 0xA6, 0x38, 0x5E, 0xC4, 0x36, 0x62, 0x52, 0x36,
    0xE1, 0x20, 0x84, 0xC6, 0xFC, 0xE5, 0x22, 0x3E, 0x76, 0x21, 0xE8, 0x89, 0xF9, 0xCF, 0x92, 0x77,
    0x4C, 0xFD, 0x03, 0x65, 0x1A, 0x95, 0xBD, 0x88, 0x49, 0x44, 0x18, 0x32, 0x08, 0x99, 0xBA, 0x64,
    0x29, 0x9B, 0x21, 0x84, 0x0E, 0x2C, 0x1C, 0xFD, 0x10, 0x7F, 0x80, 0x67, 0x93, 0x77, 0xF1, 0xAC,
    0x3E, 0xEA, 0xFC, 0x90, 0xBE, 0x49, 0x91, 0x78, 0x85, 0x9A, 0xA7, 0xA9, 0x2A, 0xFA, 0x6E, 0xA7,
    0xF6, 0xD2, 0x9B, 0xBD, 0x9A, 0xB2, 0xAB, 0x9D, 0x1A, 0x4D, 0xD4, 0x85, 0x83, 0x89, 0xBB, 0xA8,
    0xDB, 0xD3, 0xAD, 0x6E, 0xF7, 0xB3, 0xDA, 0xD4, 0x60, 0x97, 0xC9, 0x31, 0xF3, 0x2F, 0x54, 0xC5,
    0x73, 0xE1, 0x63, 0xCA, 0x50, 0x0B, 0x4C, 0x8C, 0x5F, 0xF7, 0x12, 0x9C, 0xED, 0xB6, 0xC6, 0x81,
    0x46, 0x0E, 0x43, 0x5A, 0x7A, 0xB1, 0xB7, 0xD8, 0x1B, 0xA4, 0xC9, 0xD6, 0x51, 0x57, 0xA4, 0x75,
    0xDC, 0xEE, 0xEB, 0x3A, 0x69, 0xF0, 0x19, 0x5D, 0x73, 0x38, 0x1C, 0xD2, 0x3A, 0xBD, 0xD1, 0x9B,
    0x1C, 0xAB, 0x5A, 0x4C, 0x87, 0xE9, 0x4D, 0x0C, 0x3D, 0xDF, 0xBB, 0x04, 0x99, 0x02, 0xA9, 0x46,
    0xAF, 0xBE, 0x83, 0xF0, 0x62, 0x5B, 0x7D, 0xB1, 0x1B, 0xCC, 0xDD, 0xD0, 0x20, 0x40, 0x61, 0xA1,
    0xBE, 0x49, 0xCF, 0x7F, 0xBA, 0x73, 0xFF, 0xD2, 0x36, 0xED, 0xB2, 0x26, 0x6D, 0x4D, 0x9D, 0x35,
    0x50, 0xE1, 0xBA, 0x28, 0x45, 0xCC, 0x7F, 0x42, 0x3E, 0x0A, 0x39, 0x49, 0xE2, 0x6C, 0x5A, 0x74,
    0xED, 0x87, 0xBB, 0x72, 0x50, 0x6B, 0x2E, 0x08, 0x9D, 0xA8, 0xF2, 0xAA, 0x56, 0x96, 0x4C, 0xB1,
    0x31, 0x14, 0x79, 0x4E, 0x7B, 0x28, 0xB2, 0xA1, 0x1C, 0x81, 0x7C, 0xDC, 0xAD, 0xE2, 0x6E, 0xC1,
    0x4F, 0xCC, 0xA9, 0xBF, 0xC0, 0xAF, 0xFA, 0x81, 0x25, 0x73, 0xB0, 0xFB, 0xAC, 0x29, 0x68, 0xD1,
    0xF0, 0x61, 0xEC, 0x01, 0x22, 0x50, 0x6A, 0xDA, 0x1F, 0xDD, 0x63, 0xF7, 0x22, 0x2B, 0x7F, 0x29,
    0x06, 0x90, 0xCC, 0x37, 0xDD, 0xB2, 0x17, 0x31, 0x12, 0xEA, 0x1F, 0x76, 0x4C, 0x64, 0x13, 0x8E,
    0x2A, 0xAB, 0x93, 0x11, 0xD3, 0x40, 0x9B, 0x4C, 0x69, 0x7A, 0x55, 0xE4, 0xB4, 0x65, 0x21, 0x06,
    0x1B, 0x43, 0xB0, 0x66, 0x7D, 0xBF, 0x09, 0xA6, 0xEC, 0x57, 0x75, 0x38, 0x16, 0x59, 0x1D, 0x8D,
    0xA3, 0x29, 0xA3, 0x2F, 0x41, 0xD3, 0xF8, 0x61, 0x5B, 0xE4, 0x89, 0xAD, 0x2B, 0x88, 0x5A, 0x6E,
    0x95, 0x9E, 0xD5, 0xAC, 0xD2, 0x31, 0x98, 0x54, 0xD6, 0x63, 0x4E, 0xD3, 0x46, 0x9C, 0x33, 0xE2,
    0x5E, 0xFE, 0x25, 0xE2, 0x3E, 0x66, 0x91, 0x2C, 0xA7, 0x2C, 0xA2, 0xC8, 0x6E, 0xA3, 0xA7, 0x7F,
    0x8A, 0x9A, 0x14, 0x29, 0xEA, 0x68, 0x26, 0xAD, 0x28, 0xFE, 0xA6, 0x01, 0xC5, 0x54, 0x06, 0xA2,
    0x63, 0xC7, 0x1D, 0xCE, 0x0C, 0x29, 0x05, 0xE5, 0x20, 0xB0, 0xE4, 0x57, 0xFC, 0xA5, 0x08, 0xB4,
    0x15, 0x61, 0x26, 0xBD, 0xC0, 0xBE, 0x56, 0x34, 0xAA, 0x56, 0x8B, 0xF0, 0x8B, 0x62, 0x39, 0x51,
    0xFF, 0x31, 0x67, 0xC1, 0x0E, 0xC4, 0x81, 0x39, 0x33, 0xD7, 0x3B, 0x5A, 0x80, 0xD5, 0x20, 0x2E,
    0x86, 0xAC, 0x81, 0x3E, 0x98, 0x1A, 0xFA, 0x00, 0x5E, 0xAD, 0xC4, 0x85, 0x52, 0x58, 0xF2, 0x13,
    0x92, 0x54, 0x63, 0x3E, 0x53, 0x83, 0x9E, 0x45, 0x89, 0x8F, 0x57, 0x39, 0x06, 0x4B, 0x1D, 0x02,
    0xF1, 0x7B, 0xFC, 0x49, 0x77, 0xF8, 0x93, 0x96, 0xE9, 0x28, 0xA5, 0x19, 0x25, 0xCC, 0xD0, 0xC1,
    0x80, 0xDE, 0x64, 0xC6, 0xC6, 0x2E, 0x92, 0x30, 0x45, 0x2E, 0x7B, 0xE3, 0x0E, 0x13, 0xEE, 0x47,
    0x5B, 0xD9, 0x1F, 0xFF, 0x52, 0x91, 0x6E, 0x05, 0xB6, 0x3F, 0x62, 0x88, 0x06, 0x93, 0xAB, 0xA4,
    0xC3, 0xA0, 0x5B, 0x0C, 0x50, 0x9A, 0x9C, 0x0C, 0x2B, 0xA9, 0xFA, 0x25, 0x08, 0x6B, 0x4B, 0xAA,
    0x43, 0x19, 0x51, 0xB8, 0xB0, 0x75, 0xD9, 0x75, 0x51, 0x62, 0x45, 0x91, 0xCE, 0x62, 0xDB, 0xB4,
    0x57, 0x1C, 0x4E, 0x58, 0x1D, 0x31, 0x08, 0x70, 0x59, 0xD4, 0xA7, 0x96, 0xDA, 0x31, 0x60, 0x31,
    0x08, 0x06, 0xCE, 0x31, 0xB9, 0xC1, 0xD3, 0x46, 0x18, 0x9B, 0x90, 0x40, 0x85, 0xD8, 0x9E, 0x1A,
    0xD3, 0x61, 0x86, 0xEB, 0x62, 0x1C, 0x2E, 0x5B, 0xB1, 0x4A, 0x93, 0xF2, 0x0B, 0x29, 0x6E, 0x8D,
    0x8B, 0xCF, 0x18, 0x20, 0x1C, 0x95, 0x0A, 0x47, 0x68, 0x47, 0xC4, 0xE9, 0x23, 0x0A, 0x83, 0x5F,
    0x28, 0xE6, 0x42, 0xB0, 0x4C, 0x69, 0x8B, 0xDD, 0x64, 0x0D, 0x76, 0x63, 0xDC, 0x42, 0xD9, 0xC0,
    0x99, 0x3A, 0x67, 0xCF, 0xAF, 0x8B, 0x3D, 0xBF, 0x10, 0xDF, 0x97, 0xF0, 0xFF, 0xB4, 0xA2, 0x6A,
    0x19, 0xD3, 0x9A, 0x63, 0x76, 0x48, 0x6A, 0x99, 0x1B, 0x5C, 0xD4, 0xC8, 0x82, 0x85, 0x8C, 0xB3,
    0x2C, 0x39, 0x71, 0xCD, 0x60, 0xE4, 0x7A, 0xD1, 0xC0, 0x31, 0xEE, 0xB8, 0xAC, 0xEE, 0xB8, 0x6E,
    0xDA, 0x70, 0x4D, 0xDA, 0x0B, 0x12, 0x06, 0x4B, 0xD3, 0x72, 0x09, 0x86, 0x00, 0x1D, 0xB4, 0x15,
    0xAB, 0xDD, 0x72, 0x5F, 0xE0, 0x19, 0xD8, 0x0A, 0x31, 0x81, 0x68, 0xE0, 0xD7, 0x4A, 0x04, 0xC5,
    0x5E, 0x10, 0xB0, 0xA2, 0xE9, 0xC4, 0x76, 0x0E, 0xC7, 0x14, 0xDB, 0xB9, 0x33, 0x00, 0xED, 0x25,
    0xEF, 0xF5, 0x07, 0x1C, 0x1F, 0xD0, 0xDA, 0xFF, 0xE9, 0x73, 0xCC, 0x11, 0x7D, 0xF2, 0x49, 0x4B,
    0x69, 0xF9, 0xB4, 0xA6, 0x3B, 0x10, 0x4C, 0x40, 0x96, 0xE3, 0x28, 0x93, 0xEC, 0xF2, 0x80, 0xC4,
    0x31, 0x04, 0x8A, 0x13, 0xC7, 0x60, 0xDC, 0xCB, 0x20, 0x57, 0xFD, 0x7E, 0x56, 0xAA, 0xA4, 0x1D,
    0x31, 0xBA, 0xE9, 0xB3, 0x1B, 0x30, 0xD0, 0xA0, 0x62, 0x8F, 0x11, 0x48, 0x60, 0x90, 0xCD, 0x08,
    0x96, 0xA8, 0xD5, 0x73, 0x79, 0x21, 0xAC, 0x5A, 0xF9, 0x05, 0x7B, 0x07, 0x07, 0x44, 0x66, 0x0C,
    0x5C, 0xA2, 0xF5, 0x3E, 0xC9, 0xD9, 0xDA, 0x60, 0x3D, 0xBB, 0xF2, 0x2E, 0xEE, 0xB9, 0x3C, 0x1D,
    0x9D, 0xD2, 0x89, 0x88, 0x5E, 0xB2, 0xC7, 0x17, 0x65, 0xEE, 0x2E, 0xAB, 0x86, 0x0E, 0x6C, 0xA0,
    0x50, 0xD1, 0x60, 0x89, 0x5F, 0x9E, 0x4F, 0x99, 0xB9, 0x8B, 0xD8, 0xCB, 0x85, 0xB8, 0x9A, 0x82,
    0x4F, 0x57, 0x7C, 0x90, 0xDA, 0xA8, 0x26, 0x48, 0x5A, 0x30, 0x42, 0xD2, 0x42, 0xAA, 0x81, 0x68,
    0x01, 0x18, 0x0C, 0x8B, 0x42, 0x1D, 0x48, 0xE0, 0x32, 0x95, 0xA6, 0x1E, 0xA4, 0x35, 0x2D, 0x52,
    0x09, 0xC1, 0x2D, 0x94, 0x18, 0x23, 0x38, 0xF2, 0x09, 0xBA, 0x9F, 0x0E, 0xD0, 0xE7, 0x8A, 0x47,
    0xA8, 0x68, 0x5B, 0x5F, 0x13, 0xC1, 0xD5, 0xAD, 0x98, 0x66, 0xD0, 0x2A, 0xEB, 0x70, 0x22, 0xD3,
    0x65, 0xA0, 0x55, 0x07, 0x82, 0x1D, 0x74, 0x55, 0xA7, 0xA6, 0xEE, 0x0B, 0x80, 0x8A, 0xCF, 0xBE,
    0x00, 0xA8, 0xF8, 0xE2, 0xFD, 0x36, 0xEA, 0xED, 0x3B, 0x4D, 0xD4, 0xD9, 0x6B, 0x75, 0xDC, 0xD9,
    0xB4, 0xA6, 0xBC, 0xD5, 0x9A, 0x0A, 0x45, 0x51, 0xCB, 0xA9, 0x54, 0xD4, 0xA6, 0x8A, 0xC3, 0x4C,
    0x05, 0x9B, 0xF1, 0x7F, 0x90, 0x6E, 0xC7, 0xBA, 0x2D, 0xE6, 0x7F, 0x39, 0x2B, 0xF8, 0xB1, 0x98,
    0xFF, 0x80, 0x7A, 0x1A, 0x0A, 0xE4, 0x90, 0x81, 0xFB, 0xA4, 0xE5, 0xCF, 0x13, 0x12, 0x44, 0x77,
    0x81, 0xF5, 0x86, 0x8C, 0x16, 0x33, 0x13, 0x56, 0x34, 0xB1, 0xB7, 0x98, 0xD0, 0x15, 0x90, 0x53,
    0x8C, 0xD9, 0x18, 0xDA, 0xAB, 0x53, 0x3C, 0x06, 0xB3, 0xEE, 0x03, 0xCB, 0xA7, 0x30, 0xF3, 0x4C,
    0xBF, 0x42, 0xB7, 0x02, 0xAF, 0x32, 0xD1, 0xA9, 0x54, 0x79, 0x3C, 0x58, 0x50, 0x1A, 0x8B, 0x77,
    0x55, 0x69, 0xC0, 0x07, 0x5B, 0x12, 0x63, 0x6B, 0x51, 0xEF, 0x52, 0xAD, 0xEE, 0x45, 0x24, 0xFD,
    0xF4, 0x9E, 0xD5, 0xB2, 0x67, 0xEF, 0xAD, 0x0C, 0xB7, 0xEB, 0x5D, 0x56, 0x3C, 0x3A, 0xFE, 0x61,
    0xB6, 0xD5, 0x65, 0xED, 0x78, 0xC0, 0x65, 0xCF, 0xCF, 0x3B, 0x8B, 0x3E, 0x8B, 0x45, 0x07, 0xE1,
    0x72, 0x68, 0x13, 0x5D, 0x20, 0x87, 0xDD, 0x99, 0xC9, 0xB0, 0xD8, 0x0A, 0xB0, 0xA2, 0x51, 0x6B,
    0xB1, 0xCF, 0xE3, 0xC7, 0xB1, 0xBD, 0x8F, 0x1F, 0x69, 0x9C, 0x31, 0xCB, 0x39, 0x91, 0x46, 0x7D,
    0x32, 0xD2, 0x00, 0x81, 0x2C, 0x0E, 0x30, 0x57, 0xDC, 0x1D, 0x27, 0xE2, 0x3C, 0xCE, 0x1E, 0xAB,
    0x53, 0xF0, 0x6F, 0x76, 0xFE, 0x90, 0xCB, 0xF3, 0x45, 0x11, 0xA4, 0xE9, 0xE4, 0x26, 0xF8, 0x92,
    0x7D, 0x7C, 0x57, 0x30, 0x05, 0x42, 0xEC, 0x83, 0xF0, 0x44, 0xA2, 0x08, 0xF0, 0x5D, 0xDC, 0x60,
    0x34, 0x4D, 0x60, 0xE3, 0x03, 0x20, 0x85, 0xF4, 0xCE, 0x50, 0xA8, 0xEC, 0x66, 0x5F, 0x10, 0x46,
    0x17, 0xAA, 0x88, 0x39, 0x24, 0xED, 0x81, 0x3A, 0xD0, 0xCD, 0x84, 0xE1, 0xDE, 0x88, 0xE1, 0x08,
    0x86, 0x21, 0x05, 0x2C, 0x37, 0xD7, 0x7F, 0xDF, 0x3A, 0xEF, 0xA7, 0xAD, 0x04, 0xAD, 0xDC, 0x13,
    0xED, 0xB7, 0x12, 0xB4, 0x68, 0x1A, 0x86, 0x0B, 0x22, 0x13, 0x8A, 0xC8, 0x97, 0xA7, 0x21, 0xE5,
    0xA2, 0x91, 0x34, 0x8B, 0x26, 0x67, 0x7C, 0x47, 0xB5, 0x84, 0x64, 0xAA, 0xAA, 0xD7, 0x33, 0x85,
    0xB2, 0xF9, 0x58, 0x66, 0xD4, 0xF2, 0x57, 0xF3, 0x3E, 0xC7, 0xEA, 0x4D, 0x3A, 0x49, 0xEB, 0xA8,
    0x2B, 0x13, 0xF7, 0x1C, 0x0D, 0x45, 0x10, 0xCF, 0x0B, 0x11, 0xA0, 0xEC, 0x3D, 0x58, 0x84, 0x05,
    0x05, 0x82, 0xC1, 0x44, 0xB6, 0xE0, 0x12, 0x56, 0xAE, 0x72, 0xB3, 0xCA, 0x5F, 0xC1, 0xCF, 0x16,
    0x25, 0x0D, 0x86, 0x83, 0x60, 0x7E, 0xC0, 0xBB, 0x31, 0xCD, 0x48, 0xC2, 0x79, 0x05, 0x87, 0xE9,
    0x0E, 0x3C, 0x4C, 0x89, 0x1B, 0x32, 0xE2, 0x06, 0x63, 0xED, 0x8A, 0x17, 0xC4, 0x66, 0xC7, 0xA4,
    0x6D, 0xE2, 0x1D, 0xE3, 0x59, 0x5A, 0xB1, 0x68, 0xF2, 0x36, 0x2E, 0x74, 0x43, 0x9B, 0x79, 0x97,
    0x2C, 0x02, 0x17, 0xBA, 0xB0, 0xEB, 0xDC, 0xD8, 0x6E, 0xC5, 0x2A, 0x60, 0x20, 0xB8, 0x42, 0x52,
    0x1F, 0x90, 0xD4, 0x13, 0x03, 0x87, 0x11, 0x86, 0x33, 0x00, 0xA0, 0x19, 0x42, 0x80, 0xA3, 0x1E,
    0x1B, 0x8B, 0xBA, 0xA8, 0x47, 0x9C, 0x04, 0x06, 0x26, 0x6D, 0xD2, 0x81, 0x7D, 0xBA, 0x9D, 0x10,
    0xD7, 0x34, 0x70, 0x9E, 0xE9, 0x21, 0xFC, 0x68, 0x06, 0xFF, 0x9C, 0x9B, 0x9B, 0xBD, 0x21, 0xA7,
    0x0D, 0x15, 0x74, 0x26, 0x50, 0x9A, 0x88, 0x06, 0xB1, 0x08, 0x1C, 0xED, 0x48, 0x71, 0xC1, 0xA0,
    0x02, 0xF0, 0x5B, 0x85, 0xB0, 0x98, 0x98, 0x19, 0xAB, 0x21, 0xB4, 0x1A, 0x61, 0x92, 0xB1, 0x5A,
    0xD2, 0x22, 0x16, 0xD3, 0x4D, 0xD8, 0x17, 0x1A, 0x51, 0xD4, 0x41, 0x8A, 0x61, 0xCA, 0xCA, 0xB8,
    0x1D, 0x4D, 0x9E, 0xDC, 0x83, 0xFB, 0xD7, 0x77, 0x20, 0x48, 0x88, 0xEA, 0x0E, 0x54, 0x7A, 0xB3,
    0x9B, 0x78, 0x54, 0x44, 0x6A, 0x8C, 0xBB, 0x8C, 0xC0, 0x30, 0xA5, 0xF6, 0x97, 0xA8, 0x47, 0x86,
    0x80, 0xE4, 0xC4, 0x3A, 0xB1, 0x04, 0xA2, 0x54, 0xC3, 0x33, 0x74, 0x0B, 0x3B, 0x8C, 0x9C, 0x05,
    0x05, 0x5F, 0xB2, 0x3E, 0x41, 0x78, 0xC5, 0x20, 0x4B, 0x77, 0x49, 0x9F, 0x42, 0xC8, 0xA8, 0x42,
    0xA6, 0xA9, 0x6A, 0x23, 0x4B, 0xD1, 0xC2, 0xDD, 0x12, 0xB1, 0x3F, 0x20, 0xD5, 0xF6, 0x49, 0xB5,
    0x91, 0x54, 0x1B, 0x71, 0x0E, 0x2C, 0x07, 0x82, 0xF5, 0x38, 0x07, 0x62, 0x4A, 0xDB, 0x82, 0x60,
    0x76, 0x8C, 0x5B, 0xE0, 0xD8, 0xA4, 0x81, 0xF9, 0x47, 0x34, 0xD8, 0x16, 0x24, 0x58, 0x91, 0x96,
    0xBA, 0x06, 0x08, 0x49, 0xEB, 0xC9, 0xA8, 0xEC, 0x8D, 0x11, 0x04, 0x7B, 0x79, 0xD8, 0xA3, 0x83,
    0xC6, 0x74, 0xB6, 0x9E, 0x18, 0x20, 0x8D, 0x27, 0x6C, 0x41, 0xEE, 0x43, 0x41, 0x17, 0x31, 0x47,
    0x2E, 0x9B, 0xD3, 0x11, 0xAF, 0x62, 0xBF, 0x08, 0x0A, 0x19, 0xED, 0x87, 0x53, 0x8A, 0x17, 0x85,
    0xC3, 0x34, 0xC9, 0x40, 0x44, 0xCC, 0xE4, 0x03, 0xE1, 0xF5, 0x75, 0xFB, 0x3B, 0x1F, 0x30, 0x0B,
    0x4C, 0x11, 0xBB, 0xF6, 0x4C, 0x28, 0x5A, 0x5E, 0x9D, 0xB2, 0x5B, 0x62, 0xA6, 0x36, 0xB1, 0xBB,
    0xFF, 0xC8, 0x1A, 0xB6, 0xBB, 0xD8, 0x60, 0x54, 0x3F, 0xCA, 0x8B, 0x7E, 0x85, 0x7F, 0x9C, 0x5D,
    0xB2, 0x1B, 0x39, 0x1D, 0x29, 0x31, 0x03, 0x62, 0x5B, 0x84, 0xD9, 0xFA, 0xA3, 0x5E, 0xED, 0x67,
    0x77, 0x7A, 0x84, 0xD9, 0x60, 0xC3, 0x58, 0x80, 0x38, 0xC3, 0x01, 0x89, 0x33, 0x0A, 0x71, 0x3C,
    0x85, 0x10, 0xB5, 0x27, 0x0D, 0xA2, 0x76, 0x10, 0xE7, 0x08, 0xF0, 0x0B, 0xFC, 0xCD, 0x4A, 0xF0,
    0x17, 0xC4, 0xB9, 0xDA, 0xCF, 0x9C, 0x0E, 0x32, 0x13, 0x70, 0x3A, 0x27, 0xCA, 0x97, 0xB1, 0x94,
    0xA0, 0xCA, 0x84, 0x88, 0x2A, 0xEB, 0x17, 0xE9, 0x47, 0x7C, 0x41, 0x6C, 0xC1, 0xA8, 0x88, 0x7A,
    0x59, 0x31, 0xD2, 0xA8, 0x9A, 0x25, 0xD6, 0x10, 0xDC, 0x2C, 0x83, 0x21, 0x6A, 0xB6, 0x2F, 0x4D,
    0x20, 0x25, 0xA4, 0x3F, 0x1E, 0x17, 0x95, 0x04, 0xD5, 0x7A, 0x3C, 0x45, 0xBB, 0x72, 0x09, 0x04,
    0x2B, 0xE8, 0x17, 0x11, 0x96, 0x03, 0x43, 0xA4, 0x90, 0x05, 0x18, 0xD4, 0xAE, 0xC0, 0x32, 0x8C,
    0xBD, 0x2C, 0x16, 0xA1, 0x2F, 0xA3, 0xEA, 0x73, 0xAD, 0xEA, 0xD0, 0x52, 0x3E, 0x6A, 0x92, 0x23,
    0x9E, 0x7F, 0xC4, 0x4D, 0xFE, 0x73, 0xCE, 0x28, 0x24, 0x5F, 0x1C, 0xC9, 0x7F, 0xBA, 0x2C, 0xA5,
    0xE8, 0x9D, 0x83, 0xC0, 0xB4, 0xC0, 0xDA, 0x27, 0x47, 0x3A, 0x95, 0x7D, 0x9C, 0xF6, 0x3E, 0x92,
    0x29, 0x31, 0x14, 0x70, 0xB6, 0x38, 0x0A, 0xF7, 0xA3, 0xBC, 0x2F, 0x77, 0x5E, 0x1F, 0x16, 0x07,
    0x31, 0xD4, 0x3D, 0x17, 0x1F, 0xD0, 0xE7, 0x7A, 0x47, 0xEE, 0xD8, 0x9B, 0xE1, 0xD7, 0xCA, 0x4E,
    0x81, 0x0D, 0x27, 0x18, 0x9E, 0x29, 0x1A, 0x62, 0xF8, 0x40, 0xDB, 0x91, 0x8F, 0x5C, 0x45, 0xC3,
    0x8E, 0xA5, 0x4D, 0x34, 0x64, 0xC0, 0x14, 0x30, 0x62, 0x3D, 0x81, 0x36, 0xFD, 0xE8, 0x65, 0xFB,
    0x3F, 0xD8, 0xAC, 0x04, 0x42, 0x0D, 0x8E, 0xDC, 0x05, 0x65, 0xEA, 0x9D, 0x0B, 0x20, 0xD6, 0x25,
    0xC9, 0x5F, 0x95, 0x09, 0x5D, 0x3A, 0x02, 0xB2, 0xA2, 0x75, 0x79, 0x9C, 0xAA, 0xBC, 0x24, 0xD1,
    0x09, 0x65, 0xE9, 0x92, 0xFD, 0x5F, 0x20, 0xE6, 0x8F, 0x05, 0x7D, 0x07, 0x3C, 0x52, 0x7E, 0xBD,
    0x75, 0xCF, 0xD3, 0x59, 0xC1, 0x74, 0x5C, 0x7E, 0x38, 0x12, 0x8F, 0x45, 0xCC, 0x70, 0x00, 0x68,
    0x64, 0x30, 0x62, 0x74, 0xD2, 0x05, 0xF6, 0x51, 0xE1, 0xB8, 0x3C, 0x28, 0x41, 0x02, 0x49, 0x4B,
    0x93, 0x5A, 0x1C, 0x12, 0x5A, 0xCC, 0x1B, 0x68, 0x71, 0x49, 0x52, 0x72, 0x1D, 0x5D, 0x4B, 0x8C,
    0xE7, 0x21, 0xEA, 0x23, 0x21, 0x28, 0xB1, 0x6A, 0xF1, 0x89, 0x3B, 0x43, 0x05, 0xA1, 0xA0, 0x74,
    0x10, 0x99, 0x9B, 0x36, 0xC8, 0x99, 0xC6, 0x13, 0xF9, 0x65, 0x4E, 0x6F, 0x88, 0x9A, 0x82, 0x60,
    0xF0, 0xDE, 0x0C, 0x0E, 0x24, 0x47, 0x74, 0x92, 0xFA, 0x2E, 0x91, 0x84, 0x7E, 0x8B, 0x1F, 0x4F,
    0xAF, 0x31, 0xE8, 0x4A, 0x53, 0xE5, 0xB3, 0x86, 0x7E, 0x7C, 0xFD, 0xF5, 0x2B, 0x18, 0x6F, 0xFF,
    0x86, 0xE3, 0x70, 0x1B, 0x63, 0xD4, 0x33, 0x02, 0x31, 0x1D, 0x88, 0xA7, 0xCC, 0xBD, 0x1E, 0xF0,
    0xCD, 0xBC, 0xD4, 0x25, 0x35, 0x61, 0x09, 0x63, 0xDE, 0x5E, 0x30, 0xE7, 0x2F, 0x63, 0xEF, 0xA8,
    0xC9, 0x4B, 0x4B, 0x77, 0xC6, 0xBD, 0xB7, 0x42, 0x4B, 0xEF, 0xB4, 0x7F, 0x4C, 0xBC, 0x88, 0xBD,
    0x51, 0x35, 0x29, 0xCC, 0x14, 0xC1, 0x64, 0x70, 0xB9, 0x9D, 0x8D, 0xD9, 0x61, 0x9C, 0xA6, 0x3B,
    0x3A, 0x1B, 0x66, 0x76, 0x0A, 0x9F, 0xD9, 0x29, 0xCA, 0x82, 0xF4, 0xD9, 0x12, 0xB7, 0xE7, 0x72,
    0xA0, 0x7C, 0xAC, 0x73, 0x83, 0xB6, 0xA9, 0x07, 0xD1, 0x5A, 0x08, 0x76, 0xBE, 0x20, 0xFB, 0x27,
    0x9E, 0xBB, 0x62, 0xEC, 0x03, 0xB0, 0x9E, 0x6F, 0x83, 0x75, 0xBC, 0x15, 0xCD, 0x76, 0xCD, 0xBC,
    0x11, 0x30, 0x3D, 0x84, 0xD7, 0x48, 0xFE, 0x4C, 0x1D, 0xEB, 0xA8, 0x6D, 0xD0, 0x15, 0xF8, 0x4D,
    0xA6, 0xED, 0x9A, 0x6C, 0xF5, 0x9B, 0x84, 0x24, 0x12, 0xD1, 0x2F, 0xD1, 0x36, 0x6C, 0x0C, 0x3F,
    0xA8, 0x5B, 0x88, 0x14, 0x42, 0x5A, 0x26, 0x12, 0xA8, 0xA0, 0x25, 0xC1, 0xCC, 0x8B, 0x60, 0x53,
    0x05, 0x1F, 0x05, 0x39, 0x1E, 0x9D, 0x6F, 0x4E, 0x7B, 0x6A, 0x45, 0x2B, 0x5A, 0x0A, 0xFF, 0xF8,
    0x9A, 0x90, 0xD3, 0xE4, 0x5A, 0xBC, 0x31, 0xD0, 0x25, 0x50, 0x29, 0x86, 0x0A, 0xB0, 0xF8, 0x90,
    0xB0, 0xF8, 0x08, 0x46, 0xFD, 0xE1, 0xDD, 0xFB, 0x75, 0xFC, 0xC5, 0x3B, 0xF7, 0xCB, 0xE4, 0x4F,
    0x36, 0x2B, 0xF5, 0x7B, 0x33, 0x3E, 0x7E, 0x04, 0x6F, 0x92, 0x1D, 0x01, 0x96, 0x98, 0x9B, 0x5D,
    0x45, 0x53, 0x3E, 0xD3, 0x8A, 0x2F, 0xD0, 0xDB, 0x62, 0x72, 0xA8, 0xA9, 0xCD, 0x61, 0x68, 0x25,
    0x0C, 0xA0, 0x13, 0xC7, 0xFF, 0xB1, 0x83, 0x69, 0x85, 0x93, 0xA3, 0x92, 0x4C, 0x9D, 0x6E, 0x11,
    0x79, 0xA4, 0xA0, 0xE6, 0x82, 0x0E, 0x52, 0x86, 0xCC, 0x99, 0xCF, 0x72, 0x08, 0x3A, 0x50, 0x09,
    0x8F, 0xE1, 0xF4, 0x2A, 0x19, 0x52, 0xD0, 0x9F, 0xA6, 0x39, 0x96, 0x17, 0xB5, 0x9C, 0xB2, 0x6F,
    0x85, 0x66, 0x34, 0x2B, 0x62, 0x4A, 0x44, 0xF6, 0x53, 0xB0, 0x92, 0x62, 0x0F, 0x01, 0xB9, 0x45,
    0xD9, 0xA2, 0xEC, 0x87, 0x73, 0x3C, 0x71, 0x1B, 0x7C, 0xC5, 0xE0, 0x29, 0x21, 0x05, 0x2C, 0x17,
    0x5E, 0x09, 0x78, 0xAB, 0xFB, 0x54, 0xF8, 0x0A, 0x77, 0x55, 0x67, 0x2D, 0x63, 0x24, 0xD9, 0x85,
    0x84, 0xB2, 0xA9, 0x4B, 0x9B, 0x32, 0x4C, 0x6F, 0x0A, 0x89, 0x9D, 0x40, 0x33, 0xEE, 0xB6, 0xA2,
    0xCD, 0xDC, 0x8A, 0x27, 0x5C, 0x3A, 0xA9, 0x02, 0x8C, 0x91, 0x73, 0x5F, 0xF6, 0xD9, 0x91, 0x98,
    0xFC, 0x4A, 0x56, 0x04, 0x7D, 0x16, 0x00, 0x86, 0xE6, 0x0F, 0x74, 0x2F, 0xB4, 0xCC, 0x91, 0xCD,
    0xFF, 0x46, 0xE0, 0x67, 0xE7, 0x82, 0xE6, 0xC5, 0x95, 0x2D, 0x2F, 0x81, 0xBA, 0xBD, 0x28, 0x69,
    0x2D, 0x52, 0x50, 0x41, 0x60, 0xB3, 0xBE, 0x62, 0xD4, 0x46, 0x44, 0x8F, 0xD5, 0x82, 0xB1, 0xB8,
    0xD6, 0x08, 0x18, 0x88, 0x56, 0x30, 0x10, 0x13, 0x0C, 0x24, 0x1D, 0xD8, 0xA7, 0x3F, 0x80, 0xD7,
    0x44, 0x20, 0x05, 0x7C, 0xC9, 0x94, 0x04, 0x86, 0x99, 0x00, 0x63, 0x5A, 0x01, 0x86, 0x20, 0xC4,
    0x40, 0xA4, 0x91, 0x0E, 0x53, 0x70, 0x97, 0xB3, 0xF2, 0x44, 0x8E, 0x84, 0xCF, 0xFD, 0x06, 0x3F,
    0x92, 0x1B, 0x1C, 0xE9, 0x69, 0xA3, 0xD1, 0x6E, 0x21, 0x63, 0xC1, 0x0F, 0x82, 0x16, 0x03, 0xC1,
    0x8F, 0x4A, 0x4C, 0xAD, 0x0B, 0xF0, 0xC5, 0x8C, 0x3F, 0x93, 0xF6, 0x92, 0xB6, 0x68, 0x96, 0x34,
    0x19, 0x8E, 0xE1, 0x14, 0x2F, 0xF8, 0x1D, 0xFD, 0x24, 0xDF, 0x67, 0x96, 0xD8, 0x0D, 0x92, 0x03,
    0xCD, 0x16, 0xC8, 0x2C, 0x0E, 0xB9, 0x70, 0xD9, 0x11, 0x88, 0xD6, 0x38, 0x51, 0x0E, 0x00, 0x99,
    0xB3, 0x43, 0x9C, 0xD0, 0xDC, 0x20, 0x9A, 0xBA, 0x8A, 0x00, 0xDB, 0x44, 0x44, 0x53, 0x31, 0x45,
    0x35, 0x69, 0xE1, 0x0E, 0xAF, 0xBD, 0x8B, 0x13, 0xDE, 0x7F, 0xBF, 0x77, 0x09, 0x18, 0x49, 0x0D,
    0x05, 0x52, 0x98, 0x91, 0x5A, 0x58, 0xA1, 0x76, 0x20, 0xB3, 0x03, 0xC3, 0x80, 0x8D, 0xCE, 0x1D,
    0x1A, 0xD1, 0xB1, 0x77, 0x89, 0xA2, 0xBF, 0x18, 0x3D, 0x10, 0x26, 0x38, 0xC2, 0x51, 0x73, 0x3F,
    0x68, 0xFE, 0x2A, 0x50, 0xDF, 0xFE, 0x9E, 0x96, 0x84, 0x18, 0x14, 0x16, 0x04, 0x53, 0xC0, 0xB0,
    0x21, 0xC2, 0xC0, 0x4E, 0x07, 0xA6, 0xA0, 0xE3, 0x9E, 0xE6, 0xC4, 0x25, 0xA0, 0xF5, 0xA9, 0x04,
    0x74, 0x55, 0x16, 0x08, 0xA7, 0x8B, 0x1C, 0xA1, 0x7E, 0x59, 0xDD, 0xB1, 0x35, 0xD3, 0x66, 0x99,
    0xFD, 0xB4, 0x8B, 0x27, 0x68, 0xAB, 0x64, 0x1E, 0x33, 0x1F, 0xEE, 0x98, 0x72, 0xAD, 0x43, 0x11,
    0x7F, 0xB5, 0xCE, 0xD3, 0xD2, 0x60, 0xC8, 0xAB, 0x4D, 0x5B, 0x9A, 0x22, 0xED, 0x02, 0xDD, 0x33,
    0xC3, 0x23, 0xC0, 0x47, 0x0D, 0xD9, 0x50, 0x8C, 0xAF, 0x21, 0x05, 0x8C, 0xAF, 0x73, 0x7D, 0xB8,
    0xA0, 0x45, 0x00, 0x89, 0x03, 0x00, 0x89, 0x8E, 0xE9, 0xF6, 0x16, 0x94, 0x4B, 0x10, 0x71, 0x14,
    0xF8, 0x33, 0xC2, 0x8E, 0x3B, 0xB0, 0x26, 0xE9, 0x91, 0x24, 0x65, 0x06, 0x07, 0xC3, 0xD3, 0x0F,
    0x07, 0x02, 0x5D, 0x45, 0xCC, 0x89, 0x59, 0xC0, 0x3E, 0x43, 0xCE, 0xC9, 0x54, 0x7B, 0x9C, 0x6A,
    0x9F, 0x53, 0x61, 0x96, 0x97, 0xDD, 0x54, 0xF0, 0xD4, 0xF8, 0x0B, 0x23, 0x18, 0xE0, 0x1C, 0x7D,
    0x13, 0xFF, 0x4B, 0xEF, 0xF6, 0xAA, 0xF2, 0x41, 0x30, 0xE6, 0x7B, 0xAF, 0x17, 0x0E, 0x50, 0x8E,
    0x02, 0xF2, 0x28, 0xEC, 0x5C, 0x41, 0x2D, 0x15, 0x7D, 0xC4, 0xE9, 0xB7, 0xA3, 0x3B, 0xA8, 0x3D,
    0x15, 0x2D, 0xA1, 0xAB, 0x16, 0x43, 0x4D, 0x73, 0x9D, 0x78, 0xB5, 0x36, 0x2D, 0xCD, 0xB2, 0xF1,
    0x2E, 0x83, 0xA8, 0x19, 0x80, 0x0A, 0x53, 0x05, 0x84, 0xCE, 0xC0, 0xE8, 0x49, 0x8B, 0x37, 0xA0,
    0x2D, 0xA0, 0x15, 0x74, 0xAA, 0xE7, 0x30, 0xA6, 0x65, 0x72, 0x6F, 0xCA, 0x72, 0x4D, 0xA0, 0x29,
    0x43, 0x5A, 0x8E, 0x7B, 0x38, 0xC1, 0xB0, 0x4F, 0xB4, 0xC9, 0xD0, 0xA3, 0x86, 0xD3, 0x98, 0xA8,
    0x2D, 0x67, 0x45, 0x9B, 0x10, 0x2D, 0x0F, 0x1F, 0xE8, 0x3A, 0x7C, 0xAD, 0x30, 0x1A, 0x99, 0x97,
    0x30, 0x8D, 0xC0, 0x87, 0xD6, 0xC1, 0x07, 0xEC, 0xE7, 0xBA, 0x24, 0x40, 0x99, 0x91, 0xE8, 0x54,
    0xC9, 0x5A, 0x98, 0x8F, 0x57, 0x8D, 0x44, 0x38, 0x23, 0xD1, 0x94, 0x4B, 0x87, 0x3A, 0xBB, 0xF0,
    0x03, 0xC4, 0x9B, 0xE0, 0x6B, 0xC9, 0x3F, 0xD3, 0xC2, 0x29, 0xC6, 0x49, 0x6A, 0x4C, 0x6C, 0x19,
    0x0C, 0x19, 0x58, 0xDD, 0x43, 0xFB, 0x81, 0xFD, 0x13, 0x0C, 0x23, 0xD0, 0xB3, 0x25, 0x40, 0xE4,
    0xA1, 0x20, 0xB1, 0x44, 0x89, 0x18, 0xC0, 0x8C, 0x8C, 0xB5, 0x14, 0xC3, 0x9C, 0xDD, 0xCC, 0x82,
    0xCA, 0x0E, 0x4A, 0x0C, 0x68, 0x52, 0x44, 0x43, 0xA4, 0x02, 0x87, 0x95, 0xEA, 0x60, 0x5A, 0xF2,
    0xE4, 0x21, 0x8C, 0x7C, 0xCE, 0xE4, 0x89, 0xCF, 0x3E, 0x4B, 0x46, 0xE1, 0x04, 0x22, 0xEC, 0x99,
    0x74, 0x68, 0x89, 0xC5, 0x6A, 0xDA, 0x0B, 0x55, 0x4A, 0x24, 0x01, 0xA2, 0xF8, 0x58, 0x92, 0xF2,
    0x1B, 0xBA, 0xBA, 0xDA, 0x93, 0xC2, 0x13, 0x5D, 0xDE, 0x16, 0x50, 0x6A, 0xEE, 0xC0, 0xEE, 0xE7,
    0x9B, 0x42, 0xC4, 0x93, 0xCE, 0xAB, 0xFE, 0x6D, 0x93, 0x26, 0xB0, 0x32, 0x4F, 0x1B, 0x0A, 0x60,
    0xA7, 0x1A, 0x09, 0xAC, 0x73, 0x90, 0xC5, 0x32, 0xF7, 0x13, 0x4D, 0x00, 0x8D, 0x74, 0x2D, 0xF2,
    0xCF, 0xE9, 0xF8, 0x4E, 0x91, 0x09, 0xB1, 0x25, 0xA4, 0x50, 0x34, 0x7C, 0xB1, 0xE7, 0x02, 0x6D,
    0xB1, 0xF0, 0xE8, 0x73, 0x1D, 0xA1, 0xB7, 0x71, 0x80, 0xBA, 0x11, 0xF6, 0xCE, 0x68, 0x36, 0xA8,
    0xDD, 0x59, 0x9E, 0x10, 0x5E, 0x42, 0xB8, 0x3E, 0x96, 0xE0, 0x65, 0xCB, 0xBB, 0x70, 0x96, 0xCC,
    0x8B, 0x97, 0xBC, 0x16, 0x8B, 0x42, 0xB0, 0x35, 0x04, 0xA5, 0x5E, 0xBC, 0xCB, 0xF5, 0x63, 0x17,
    0x9F, 0xF0, 0xC3, 0xCC, 0x0D, 0xDA, 0xFC, 0xD7, 0x94, 0xB6, 0x40, 0xA2, 0xAA, 0x9E, 0x32, 0x90,
    0x8B, 0x09, 0x0F, 0x17, 0x98, 0x96, 0x76, 0x3F, 0xCA, 0x37, 0xFA, 0x26, 0xA1, 0x4D, 0xD4, 0x3A,
    0xD1, 0xA5, 0x68, 0xD3, 0xE6, 0x8B, 0x65, 0x77, 0x3F, 0x99, 0xA0, 0xBC, 0x56, 0x8C, 0xE6, 0xDF,
    0x92, 0x11, 0x7C, 0x55, 0xE5, 0x4E, 0xD4, 0x26, 0x7A, 0xE5, 0x75, 0x2B, 0xB4, 0x01, 0x75, 0x85,
    0x3C, 0xC1, 0xC3, 0xC7, 0xAC, 0xCF, 0x82, 0xAB, 0x99, 0x68, 0x56, 0xD8, 0xE9, 0xF2, 0xAC, 0x79,
    0x1D, 0xCF, 0xBE, 0xDE, 0xBC, 0x8B, 0x4B, 0x70, 0x35, 0xEB, 0x35, 0x88, 0xDB, 0xDB, 0x4E, 0xFC,
    0x6A, 0x97, 0x6C, 0xB1, 0xB9, 0x83, 0x08, 0x67, 0x16, 0x65, 0xBF, 0x56, 0x11, 0x03, 0xFB, 0xFB,
    0x61, 0x20, 0x91, 0x09, 0x51, 0x36, 0x1D, 0xA8, 0x2B, 0xD4, 0x8A, 0xAB, 0xD1, 0x2E, 0x07, 0x4D,
    0x2A, 0xBF, 0xC2, 0x33, 0xD1, 0x29, 0xCA, 0xB0, 0x97, 0xE2, 0xD3, 0xFB, 0x50, 0x7C, 0x04, 0x8A,
    0xF8, 0xF3, 0x00, 0x4F, 0x07, 0x13, 0x80, 0xD8, 0xB9, 0xDB, 0x4F, 0x5A, 0x49, 0x31, 0xB0, 0x28,
    0x5B, 0x1A, 0x1E, 0xED, 0x1F, 0xA5, 0x0D, 0x41, 0x6A, 0xAF, 0x23, 0x6B, 0xAF, 0x03, 0x1C, 0x6A,
    0xD8, 0x1B, 0x9A, 0x55, 0x19, 0xF6, 0x18, 0x5C, 0x39, 0xCC, 0x62, 0xA5, 0x9E, 0x91, 0xEB, 0xFF,
    0x1E, 0xE8, 0x11, 0x7A, 0x84, 0xDC, 0x37, 0x9C, 0xD1, 0xA8, 0x7C, 0x01, 0x96, 0x62, 0xB7, 0x17,
    0x73, 0x83, 0xBA, 0x7F, 0x1A, 0xBA, 0xD2, 0xAF, 0x05, 0x59, 0x68, 0x8B, 0xF1, 0xDA, 0x82, 0xD3,
    0xBF, 0xEA, 0xF2, 0x10, 0x98, 0x5E, 0x8A, 0x34, 0xFD, 0x92, 0x95, 0x59, 0xEB, 0x9F, 0x4F, 0x1D,
    0x65, 0x7B, 0xF0, 0x41, 0x71, 0x95, 0x42, 0x5E, 0xB5, 0xD4, 0x61, 0x9F, 0x3C, 0x22, 0x50, 0xCF,
    0x06, 0xE4, 0x68, 0x21, 0x79, 0x2A, 0x29, 0x2B, 0xA8, 0x4C, 0xC4, 0x2B, 0x9E, 0x4E, 0x94, 0x15,
    0xBE, 0x53, 0x08, 0x76, 0xFA, 0x9C, 0x58, 0xEA, 0xF1, 0xCF, 0xE9, 0xD4, 0x90, 0x66, 0x82, 0xAA,
    0x35, 0xFA, 0xDC, 0x9C, 0x47, 0x2E, 0xDE, 0x2D, 0xB6, 0x5A, 0xBA, 0x3B, 0xD4, 0xA3, 0x12, 0x4A,
    0x04, 0x49, 0x1E, 0x2A, 0x2D, 0xAE, 0x9C, 0x1C, 0x73, 0x09, 0xA5, 0x62, 0x49, 0x28, 0x31, 0x9F,
    0x1A, 0x5A, 0x0F, 0x02, 0xE0, 0xDA, 0x0F, 0x28, 0xC9, 0x18, 0xE2, 0x96, 0xD5, 0xAE, 0x86, 0xB1,
    0x46, 0xC3, 0x64, 0x3B, 0xA1, 0x61, 0x7A, 0x07, 0x22, 0x9F, 0xDD, 0x84, 0x38, 0x33, 0xD1, 0x96,
    0x1B, 0x42, 0xC3, 0x22, 0xC6, 0xAA, 0x07, 0x14, 0xE7, 0x29, 0xE1, 0x7C, 0x5F, 0x95, 0xDC, 0xB7,
    0x37, 0xF0, 0xB2, 0x13, 0x4C, 0xEC, 0x54, 0xBD, 0x61, 0x77, 0x93, 0xFB, 0xF9, 0x19, 0xC9, 0xFD,
    0x33, 0xA3, 0x18, 0xBC, 0x66, 0x44, 0x31, 0xF6, 0xEE, 0x00, 0x2F, 0xDA, 0xDB, 0x97, 0xEC, 0xB9,
    0x51, 0x8C, 0x65, 0x1C, 0x49, 0x34, 0x51, 0x73, 0xCE, 0xB5, 0x74, 0x2D, 0xE5, 0x58, 0x57, 0x6F,
    0x81, 0xF0, 0x33, 0xF8, 0x22, 0x47, 0x2D, 0x05, 0xCB, 0x8A, 0x22, 0x92, 0xDC, 0x95, 0x94, 0x28,
    0x99, 0x68, 0xAE, 0x88, 0x6B, 0x2B, 0xF2, 0xBC, 0x92, 0x6E, 0x24, 0x0A, 0x45, 0xD1, 0xFA, 0x72,
    0x1C, 0xAB, 0xB9, 0x8C, 0xE1, 0x30, 0x3D, 0xB4, 0x9B, 0xC5, 0x5D, 0xC8, 0x52, 0x45, 0x06, 0x16,
    0xE4, 0x5E, 0x41, 0xF6, 0x15, 0x12, 0x30, 0x72, 0x52, 0x23, 0x0E, 0x93, 0xF6, 0xD0, 0x48, 0x09,
    0x75, 0x5C, 0xC4, 0x46, 0x32, 0xDD, 0xA9, 0x73, 0x5A, 0x2F, 0x50, 0xCE, 0x45, 0xCC, 0x45, 0xCA,
    0x45, 0xC8, 0x77, 0x65, 0x3C, 0x65, 0x12, 0x36, 0x23, 0x40, 0x60, 0xF3, 0x14, 0x0E, 0xC4, 0x2A,
    0x74, 0xCE, 0x0E, 0x98, 0x88, 0xA0, 0x83, 0x39, 0xC7, 0x59, 0xFF, 0x1E, 0xC8, 0xC3, 0x98, 0x32,
    0x1C, 0xF7, 0x4D, 0x1E, 0x8D, 0x88, 0x3B, 0xA3, 0x87, 0xE0, 0x58, 0xFC, 0xB0, 0x99, 0xA1, 0x9A,
    0xE5, 0x84, 0x1D, 0x03, 0x80, 0xE9, 0x09, 0xBB, 0x4C, 0x47, 0xF8, 0xB6, 0xAC, 0x03, 0xC6, 0x30,
    0x6D, 0xCC, 0x58, 0x2C, 0x91, 0x56, 0x89, 0x71, 0x49, 0x0A, 0x4B, 0xC5, 0x5E, 0x52, 0xEE, 0x3F,
    0x94, 0xDA, 0xDE, 0xC9, 0xA8, 0x5F, 0x9D, 0x13, 0xF5, 0x0F, 0x8F, 0x29, 0xFB, 0x84, 0x64, 0x5D,
    0x2C, 0xCD, 0x11, 0xDA, 0x43, 0x9C, 0xCA, 0x47, 0x12, 0x3F, 0x51, 0x4B, 0xA1, 0x82, 0xB0, 0x10,
    0x2F, 0xEA, 0xC0, 0x16, 0x12, 0x9F, 0x73, 0x6F, 0x32, 0xB9, 0xAA, 0x37, 0x8B, 0xD1, 0xE4, 0x22,
    0xD4, 0x48, 0x22, 0xD4, 0xB4, 0xBD, 0xDE, 0x65, 0xE2, 0x52, 0x67, 0x07, 0xF9, 0xBC, 0xCE, 0x30,
    0x27, 0x97, 0x4A, 0x32, 0x7C, 0x76, 0x05, 0x0E, 0x4B, 0xBA, 0x08, 0xE4, 0xA7, 0x31, 0xF5, 0xE1,
    0x85, 0x76, 0x51, 0xAD, 0x95, 0x50, 0x42, 0x3D, 0x4F, 0x97, 0x7C, 0xAA, 0x18, 0x54, 0xAD, 0xC9,
    0x78, 0x29, 0x33, 0x65, 0x00, 0x7B, 0x2F, 0x30, 0xCF, 0x64, 0x58, 0x0C, 0x32, 0xB2, 0xE3, 0x89,
    0x53, 0x77, 0x4A, 0xF4, 0x16, 0xB6, 0xA8, 0x63, 0x35, 0x81, 0xD1, 0x7B, 0xD8, 0x9C, 0x5D, 0x0C,
    0x3A, 0x15, 0x3D, 0x4B, 0xE5, 0x31, 0x5D, 0xA3, 0x67, 0xBD, 0x44, 0xCF, 0x01, 0xA3, 0xE7, 0x94,
    0xD1, 0x73, 0x66, 0x11, 0x3D, 0xA7, 0x8C, 0x9E, 0xD3, 0x69, 0x8D, 0x9E, 0x11, 0x44, 0xD9, 0x87,
    0x3D, 0x4D, 0xE1, 0x40, 0x17, 0x23, 0x55, 0x9F, 0x7C, 0x3B, 0x7A, 0x5E, 0x1A, 0x30, 0x7C, 0x07,
    0x46, 0xA5, 0x96, 0x54, 0xBD, 0x4B, 0x6C, 0x73, 0xE7, 0xAE, 0xB4, 0xE2, 0x3B, 0x67, 0xC4, 0xF4,
    0xF9, 0x31, 0x76, 0xA3, 0x00, 0x47, 0x71, 0xD1, 0xCE, 0x3D, 0xFB, 0x51, 0xBC, 0xB4, 0x5B, 0xCA,
    0xAF, 0xE5, 0x46, 0x39, 0xA5, 0x3B, 0xA6, 0x94, 0x5C, 0x5C, 0x9A, 0x74, 0x69, 0x39, 0xD8, 0xEE,
    0x07, 0xA9, 0xFC, 0x5E, 0xB8, 0x95, 0x80, 0x3B, 0x09, 0xA5, 0xC6, 0x73, 0x5E, 0xC3, 0xD6, 0x63,
    0x76, 0x39, 0x9C, 0xEA, 0x9D, 0x08, 0xA6, 0x9D, 0xA2, 0xC4, 0xEE, 0xD4, 0x4B, 0x93, 0x46, 0xEF,
    0xA8, 0xF9, 0xD8, 0xBD, 0x13, 0xC0, 0x9D, 0xE1, 0x82, 0x3B, 0x73, 0x87, 0x3B, 0x13, 0xE0, 0x4F,
    0x3D, 0xCB, 0x7B, 0x8C, 0x6F, 0xCA, 0x6C, 0xBE, 0x0E, 0xB6, 0x06, 0xA5, 0xE0, 0xCE, 0xFA, 0x92,
    0x64, 0xFF, 0xC8, 0xF2, 0xD0, 0x1E, 0xFB, 0xF9, 0xA4, 0x1D, 0xF0, 0xAB, 0xFA, 0x54, 0x1A, 0xCF,
    0xE7, 0x3E, 0x1D, 0x96, 0x3A, 0xCF, 0xA6, 0x82, 0xE9, 0xAA, 0xE0, 0xE3, 0x52, 0xF5, 0x94, 0xEC,
    0xAE, 0xAB, 0x8A, 0x76, 0xDE, 0x7E, 0x89, 0x99, 0xB5, 0x02, 0x4B, 0x59, 0x91, 0x92, 0x0C, 0x9E,
    0x80, 0x55, 0x79, 0xF5, 0x0B, 0xD0, 0x8B, 0xA6, 0x35, 0xFD, 0xDF, 0x88, 0x17, 0xC2, 0x72, 0x9B,
    0x46, 0x4E, 0x1F, 0x9C, 0x49, 0x7E, 0x89, 0x54, 0xE3, 0xEC, 0x55, 0x23, 0x39, 0x48, 0xC3, 0x36,
    0x98, 0xE6, 0x51, 0x2D, 0x15, 0x9D, 0x6B, 0xA9, 0xE8, 0xBE, 0xB2, 0xA5, 0xA2, 0xDA, 0xDB, 0xB4,
    0x54, 0x14, 0x6C, 0xA9, 0x18, 0x0E, 0xD8, 0x52, 0xD1, 0x21, 0xD4, 0xDC, 0xB4, 0x54, 0xB0, 0x12,
    0x75, 0x63, 0x00, 0x9B, 0x10, 0x9E, 0x49, 0x93, 0x91, 0x4B, 0x81, 0xB8, 0x1C, 0x88, 0xCA, 0xD4,
    0x0A, 0x4F, 0x95, 0xE4, 0x57, 0xBF, 0x2A, 0x43, 0x5B, 0x7E, 0xCD, 0x0C, 0x6D, 0xB3, 0xC9, 0xD0,
    0xBA, 0x75, 0x1D, 0xAE, 0x4E, 0xF3, 0xDD, 0xD5, 0xBF, 0xCD, 0x46, 0x8F, 0xC6, 0x37, 0x7A, 0x48,
    0xC2, 0x87, 0xF6, 0x54, 0x10, 0x59, 0x44, 0x2F, 0xE2, 0x4C, 0xF5, 0xD9, 0x69, 0xE3, 0x51, 0xBC,
    0x8D, 0x91, 0x66, 0xC7, 0xE6, 0x8C, 0xB4, 0x31, 0x2B, 0x3A, 0xB9, 0xC4, 0xDC, 0x64, 0x43, 0x56,
    0x8A, 0xBB, 0x4A, 0x70, 0x02, 0x71, 0x16, 0xCC, 0xEB, 0x33, 0xFD, 0xC8, 0xE2, 0x24, 0x04, 0xDA,
    0x86, 0xD2, 0x65, 0x31, 0x12, 0x52, 0x76, 0xEC, 0xB2, 0xA8, 0x97, 0x2E, 0x8B, 0x71, 0xED, 0xB2,
    0x20, 0x20, 0xFB, 0x7C, 0xAB, 0xCB, 0x82, 0xCA, 0xC5, 0xAA, 0x49, 0x2D, 0x09, 0x23, 0xC9, 0x66,
    0xA6, 0xAC, 0xD2, 0xEB, 0x71, 0xE9, 0xB2, 0x88, 0xA8, 0xEB, 0x71, 0xB7, 0x96, 0x29, 0x5B, 0x7F,
    0x40, 0xA0, 0xD8, 0xDA, 0xA3, 0xD8, 0x88, 0x28, 0x56, 0x2F, 0x8D, 0x1D, 0xF3, 0xD2, 0xD8, 0xE1,
    0x50, 0x2C, 0x17, 0x4F, 0xFE, 0x4F, 0x40, 0xA1, 0xE0, 0x43, 0x66, 0x7F, 0xD9, 0x8C, 0x01, 0x14,
    0xBB, 0x74, 0xA0, 0xB8, 0xA0, 0xFB, 0x8C, 0x35, 0xC4, 0xBE, 0xC3, 0x38, 0x51, 0xF7, 0xE0, 0x4F,
    0xE9, 0xD5, 0x85, 0x3E, 0xD5, 0x0B, 0x34, 0x09, 0xF3, 0x2F, 0x68, 0xB1, 0xA6, 0x9F, 0xCF, 0xD2,
    0xA7, 0x36, 0x8A, 0xF8, 0x76, 0xCA, 0x97, 0xDE, 0x25, 0xF5, 0xAC, 0xE2, 0x07, 0x7C, 0x27, 0xF9,
    0xEC, 0x4F, 0x24, 0xEA, 0xE7, 0xEF, 0xF1, 0xF4, 0x1F, 0x1D, 0x8D, 0xBE, 0x07, 0x06, 0x4E, 0x83,
    0x66, 0xC8, 0x30, 0xA1, 0xE8, 0xBA, 0x32, 0x68, 0x02, 0x2B, 0x31, 0x82, 0x52, 0xD0, 0x85, 0x56,
    0x01, 0xD6, 0x34, 0xC1, 0xF4, 0x1B, 0x7A, 0xF4, 0xDB, 0x7C, 0xF7, 0xBF, 0x60, 0x0B, 0x87, 0x87,
    0xDD, 0x92, 0x24, 0xA5, 0x67, 0xF9, 0xEC, 0x53, 0xF8, 0x98, 0x8F, 0xFE, 0xD8, 0xAB, 0xF4, 0x8F,
    0x47, 0x03, 0xF8, 0x23, 0xDD, 0x35, 0xF0, 0xF2, 0xC6, 0xE7, 0x28, 0x67, 0x7F, 0x20, 0x3A, 0x74,
    0xC0, 0xBE, 0x04, 0x20, 0x6D, 0x4C, 0xE1, 0xF7, 0x07, 0x69, 0x8E, 0xA3, 0xB1, 0xB9, 0x4A, 0x34,
    0x44, 0x1A, 0x58, 0x0A, 0xA3, 0x24, 0xF9, 0xEC, 0xB4, 0x83, 0x11, 0x07, 0x4B, 0x54, 0x00, 0xD2,
    0x25, 0x1D, 0xFB, 0x58, 0xD8, 0xD1, 0xA2, 0x99, 0x8A, 0x4E, 0x99, 0x8A, 0xCE, 0x5C, 0x61, 0x58,
    0x4A, 0xC4, 0x94, 0x2A, 0xDA, 0xC7, 0xD8, 0x76, 0xA6, 0x49, 0x00, 0xD2, 0x20, 0x16, 0x11, 0xF5,
    0x0C, 0x81, 0x02, 0xD8, 0xD3, 0x6E, 0xF5, 0xDD, 0xF8, 0x20, 0x63, 0x8B, 0x3D, 0x27, 0x82, 0x8C,
    0x76, 0x2B, 0xC8, 0x88, 0x6D, 0x03, 0x5C, 0x01, 0x87, 0x5E, 0x6B, 0xCB, 0xBC, 0x62, 0x71, 0x83,
    0x20, 0xF1, 0xE5, 0x71, 0x01, 0x6F, 0x4C, 0x3E, 0x93, 0xF1, 0xE1, 0x3A, 0xB3, 0x93, 0xBA, 0x2F,
    0x27, 0xDF, 0x86, 0xE0, 0xB9, 0x8F, 0xBD, 0xE9, 0x56, 0x3A, 0xCD, 0x28, 0x02, 0x14, 0x38, 0x97,
    0x48, 0x67, 0x25, 0x0E, 0x7E, 0x14, 0x88, 0x88, 0xD2, 0x64, 0x66, 0x88, 0x5E, 0x30, 0x41, 0x1D,
    0xC2, 0x11, 0x8E, 0x7E, 0x13, 0x18, 0xC5, 0xC2, 0xCE, 0x87, 0x22, 0xC5, 0x8C, 0x30, 0x1E, 0xCC,
    0xAB, 0x14, 0x57, 0x94, 0xE2, 0xB5, 0x61, 0x88, 0x35, 0x82, 0xC7, 0xAE, 0xE5, 0x2F, 0x2D, 0x8C,
    0x34, 0xB4, 0x52, 0xC6, 0x67, 0x4F, 0x25, 0xD4, 0x16, 0x88, 0x66, 0x5A, 0xCB, 0xF8, 0xD2, 0x07,
    0x34, 0x90, 0xE2, 0xEC, 0x13, 0xD4, 0xCC, 0x2F, 0xE9, 0x47, 0xD4, 0xF2, 0x05, 0xE8, 0xB2, 0xB6,
    0x00, 0xFD, 0x67, 0xDE, 0x72, 0x82, 0xA8, 0x45, 0x63, 0xE8, 0xAB, 0x1B, 0xCC, 0xE8, 0x53, 0x7C,
    0x06, 0xA2, 0x93, 0xDE, 0x95, 0x05, 0x7D, 0x6D, 0x61, 0x29, 0x2B, 0xE0, 0x1C, 0xD2, 0x42, 0xD5,
    0x53, 0xD3, 0x36, 0xAE, 0x76, 0x91, 0x24, 0x01, 0x6C, 0x78, 0x84, 0xD6, 0xAC, 0x49, 0xA5, 0xFD,
    0x5D, 0xD2, 0x33, 0x3E, 0x5F, 0x23, 0x38, 0x9A, 0x1A, 0x0A, 0x92, 0x4A, 0xF6, 0x86, 0x0E, 0xD3,
    0x65, 0xC1, 0xA4, 0x77, 0x99, 0xFA, 0x31, 0x2B, 0x57, 0xE8, 0x70, 0xBB, 0xC1, 0x69, 0xE3, 0xAD,
    0xA0, 0xCD, 0x79, 0x14, 0x49, 0xDC, 0xB4, 0x82, 0xA4, 0x1B, 0x69, 0xFB, 0xAE, 0xC5, 0x17, 0xDB,
    0xC8, 0xB6, 0x01, 0x86, 0x26, 0x9C, 0x01, 0xF3, 0x01, 0xFD, 0xD8, 0xEB, 0xA7, 0xFD, 0x10, 0xF3,
    0x5A, 0x44, 0xB2, 0x36, 0x26, 0xC8, 0x90, 0xB6, 0x05, 0xFB, 0xB9, 0x2A, 0xB6, 0x15, 0xCA, 0x2E,
    0x59, 0xF4, 0x79, 0x83, 0x98, 0xF2, 0xA5, 0x79, 0x09, 0x2C, 0x8D, 0x83, 0x78, 0x98, 0x7F, 0x8F,
    0x56, 0x7C, 0x9F, 0xC0, 0x9C, 0xFE, 0x45, 0x21, 0x0C, 0x82, 0xDB, 0x01, 0x35, 0xC2, 0xBE, 0x00,
    0x7B, 0xBA, 0x0A, 0x8C, 0xEA, 0x26, 0xC3, 0x56, 0x81, 0xAC, 0x4C, 0xEE, 0x61, 0x80, 0x6F, 0xC3,
    0x70, 0xD4, 0x9B, 0x32, 0x3D, 0x42, 0x94, 0x94, 0xBD, 0xC9, 0x4C, 0xE1, 0x2B, 0x6D, 0x01, 0x97,
    0x02, 0xE0, 0x5D, 0xC0, 0x43, 0x2D, 0x3C, 0x72, 0xBD, 0xC0, 0x8D, 0x4F, 0x08, 0x85, 0x7C, 0xEB,
    0xF9, 0x63, 0xE5, 0xD2, 0x28, 0x4A, 0x90, 0xD1, 0x08, 0xC2, 0x06, 0x6C, 0x0F, 0x0C, 0x7B, 0xB8,
    0xAF, 0xA8, 0xCB, 0x98, 0x74, 0x86, 0x53, 0x8D, 0x01, 0x48, 0xEB, 0xA4, 0x29, 0xD2, 0x5A, 0xD7,
    0x6C, 0x88, 0xA8, 0x27, 0xDD, 0xA4, 0xEC, 0xF6, 0xCE, 0xDE, 0xC0, 0x60, 0x5E, 0xC2, 0x23, 0x26,
    0xEC, 0x1D, 0x90, 0x5A, 0x30, 0x43, 0x36, 0x2E, 0x7D, 0xD0, 0x82, 0xAD, 0x80, 0x4F, 0x1C, 0x92,
    0x26, 0xFC, 0x55, 0x55, 0xFB, 0x83, 0xED, 0x66, 0x23, 0xD6, 0xBB, 0xA0, 0xD8, 0x40, 0x09, 0x30,
    0xFA, 0x79, 0x76, 0x88, 0x03, 0x9A, 0xA3, 0x01, 0xC3, 0xCD, 0x0E, 0xC3, 0x2B, 0x0C, 0xFE, 0xAE,
    0xF1, 0x44, 0xD7, 0x58, 0x89, 0xFE, 0xED, 0x9D, 0x49, 0x65, 0xF7, 0xFF, 0x30, 0x38, 0xC9, 0x89,
    0x65, 0xE3, 0xD5, 0x7A, 0x3E, 0x89, 0x5B, 0x5C, 0x13, 0x8C, 0xD4, 0xF3, 0x2F, 0x8B, 0x41, 0x60,
    0xBF, 0x2E, 0x03, 0xD5, 0x3C, 0x99, 0x7C, 0x0F, 0x3F, 0xC3, 0x01, 0x04, 0x72, 0x55, 0x6C, 0x07,
    0xAB, 0x3F, 0x1C, 0xE6, 0xF4, 0x70, 0x98, 0xB3, 0x1B, 0xBD, 0x45, 0xA8, 0x59, 0x15, 0xD7, 0xA4,
    0x6C, 0xE9, 0xB0, 0xD1, 0xC7, 0x4E, 0xDC, 0xB4, 0xD8, 0x73, 0x2A, 0x39, 0x03, 0xA6, 0x47, 0x74,
    0x4F, 0x4D, 0x0B, 0x9A, 0xDB, 0xC0, 0xC3, 0xEC, 0xD1, 0x2D, 0x54, 0xCD, 0xD2, 0x42, 0x95, 0x0E,
    0x97, 0x4E, 0xB5, 0x50, 0xB9, 0x30, 0x48, 0x7A, 0x35, 0x29, 0x19, 0x52, 0xC4, 0x70, 0x8D, 0x8D,
    0x4F, 0x56, 0x87, 0x72, 0x1E, 0x95, 0x8E, 0x26, 0x69, 0xC5, 0x57, 0x87, 0xF3, 0x53, 0xE8, 0xD7,
    0x1A, 0x5C, 0x27, 0x35, 0x5F, 0xE9, 0x76, 0x4A, 0xC1, 0xA7, 0x15, 0xC4, 0x4A, 0xEC, 0xD4, 0xBF,
    0xE0, 0x2C, 0x0A, 0x5D, 0x87, 0x03, 0x4B, 0x5F, 0xFD, 0x1E, 0xFB, 0x60, 0xF6, 0xB3, 0x32, 0x66,
    0xE9, 0x0B, 0x00, 0xCB, 0x28, 0x7D, 0x0F, 0x61, 0xA4, 0x5E, 0x4B, 0x5F, 0x29, 0xDD, 0x4A, 0xC6,
    0x30, 0xDB, 0xE4, 0xAC, 0xE1, 0x79, 0x7C, 0x71, 0xAA, 0x19, 0xC6, 0x94, 0x52, 0xE1, 0xA3, 0x35,
    0xAD, 0xA5, 0xA7, 0x4E, 0xAC, 0x0B, 0x0E, 0x93, 0x36, 0x52, 0x85, 0xE5, 0x16, 0x3F, 0x9B, 0xBC,
    0x35, 0x8D, 0x9D, 0xE3, 0x5C, 0x8A, 0x43, 0xE7, 0xDE, 0x04, 0xD1, 0xBB, 0xC0, 0x9F, 0x2D, 0x7D,
    0x45, 0x9D, 0x0C, 0x4C, 0x9B, 0xC3, 0xBA, 0x76, 0xB4, 0xBD, 0x34, 0xC2, 0xD4, 0x6F, 0x26, 0xB9,
    0xB3, 0xF7, 0x40, 0xC2, 0x3F, 0xC2, 0x68, 0xD2, 0x45, 0xFA, 0x9E, 0x1C, 0x66, 0xA8, 0xE2, 0xD1,
    0xD3, 0xC9, 0x27, 0xE2, 0xD2, 0x6E, 0x8D, 0x38, 0x49, 0x23, 0x69, 0x7C, 0x92, 0x36, 0xEC, 0xA2,
    0x16, 0x47, 0x1C, 0x4E, 0x52, 0x1B, 0xE6, 0x63, 0x12, 0xB0, 0x5A, 0x7E, 0xB0, 0x22, 0x86, 0x97,
    0x0E, 0x35, 0x17, 0xD1, 0x4B, 0xD4, 0x2E, 0x29, 0x54, 0x37, 0x34, 0xEA, 0xDC, 0x3E, 0x65, 0x71,
    0x95, 0xB1, 0x74, 0x50, 0x32, 0x43, 0x1C, 0x8F, 0x52, 0x00, 0x8D, 0x26, 0x67, 0x9C, 0x59, 0x6C,
    0xA5, 0x29, 0x43, 0x94, 0x3D, 0xD2, 0xAF, 0x4D, 0x9C, 0x61, 0x16, 0x96, 0x8F, 0xFE, 0x46, 0x90,
    0x0B, 0x10, 0xD7, 0xF0, 0xE3, 0xDC, 0x8E, 0x2B, 0xE6, 0x0B, 0x70, 0xF4, 0x26, 0x23, 0xC5, 0x0B,
    0x76, 0xD1, 0xD3, 0xE8, 0x7E, 0x2E, 0x7E, 0xBD, 0x5B, 0x74, 0x94, 0x13, 0x38, 0xBD, 0xB1, 0x82,
    0xBB, 0x73, 0xA2, 0x4F, 0x0A, 0xDC, 0x7F, 0xD0, 0x7C, 0x43, 0x3C, 0x43, 0x16, 0xD2, 0xE2, 0x21,
    0xA1, 0x33, 0x4A, 0x7C, 0x8F, 0xA4, 0x37, 0x5E, 0x82, 0xCE, 0xE4, 0xD2, 0xD6, 0x0A, 0x9F, 0x9C,
    0x5F, 0xCB, 0x19, 0xCA, 0xD0, 0xC2, 0x1A, 0xE2, 0x9D, 0xEC, 0x3E, 0x29, 0xCD, 0xD5, 0xA4, 0x2D,
    0x4A, 0x94, 0x27, 0x11, 0x0B, 0x25, 0xED, 0xFE, 0x12, 0x8E, 0x14, 0x84, 0x8B, 0x6C, 0x95, 0x1D,
    0x52, 0x76, 0x91, 0xC2, 0xC3, 0x15, 0xB5, 0x5B, 0xE8, 0x94, 0x87, 0x43, 0x6C, 0x80, 0x83, 0xD9,
    0xD1, 0xC8, 0xC0, 0xA6, 0x56, 0xDF, 0xCF, 0x0A, 0xD1, 0xB4, 0x2C, 0xC8, 0x22, 0x10, 0x63, 0x5B,
    0x70, 0x34, 0xD0, 0xE1, 0xB1, 0x19, 0x2E, 0xEE, 0x22, 0x76, 0xDB, 0xB3, 0x6C, 0xC5, 0x48, 0x5C,
    0xB7, 0x89, 0x80, 0x97, 0x56, 0xB9, 0x1E, 0xD9, 0x3A, 0xAD, 0x57, 0x28, 0x2D, 0x2D, 0xF7, 0x0B,
    0x02, 0xF4, 0xB5, 0xD4, 0xDA, 0xA3, 0x5F, 0x5A, 0x82, 0xCC, 0x7E, 0x80, 0x00, 0xFF, 0x1E, 0x5E,
    0x77, 0x06, 0xCC, 0xDD, 0xF3, 0x3A, 0x4F, 0x82, 0x49, 0x31, 0x67, 0x0B, 0xBB, 0xCC, 0x7F, 0x98,
    0x8E, 0xFF, 0x32, 0xF9, 0x97, 0xB6, 0x15, 0xCD, 0x18, 0x5C, 0xE5, 0xFD, 0x36, 0x9C, 0x93, 0xC6,
    0xCD, 0xC9, 0x17, 0xA7, 0x85, 0x07, 0xE9, 0x41, 0xDF, 0x9D, 0xEB, 0x71, 0x49, 0xBF, 0x94, 0x24,
    0x11, 0xF9, 0xE3, 0xE5, 0xD3, 0xBB, 0xCE, 0x1C, 0xB2, 0x34, 0x59, 0x9E, 0xD1, 0xA5, 0x55, 0x8A,
    0xEA, 0xC4, 0xDE, 0x32, 0xA8, 0x5D, 0xCD, 0x5F, 0xAB, 0xF5, 0xCD, 0x6E, 0x3E, 0x46, 0x4A, 0xA7,
    0x35, 0x1C, 0xB5, 0x2F, 0x7F, 0x88, 0x77, 0xD8, 0x84, 0x7E, 0x6E, 0xBE, 0xC4, 0xCF, 0xC7, 0xDC,
    0x0C, 0xCB, 0x77, 0xC2, 0x8F, 0x5F, 0x52, 0x79, 0x36, 0x71, 0x25, 0x1E, 0xE7, 0x05, 0x06, 0xD3,
    0x2C, 0x3D, 0xB1, 0xE6, 0x08, 0x7C, 0x2F, 0xDE, 0xBC, 0x0B, 0x0C, 0xF1, 0xD6, 0x5B, 0xA0, 0xEB,
    0xFD, 0x6B, 0xBE, 0xD9, 0x5E, 0xEA, 0x64, 0x92, 0xEE, 0x56, 0xBF, 0xA0, 0x7E, 0xFC, 0x9C, 0xC3,
    0x6F, 0x28, 0xE2, 0xAF, 0x9D, 0x96, 0x62, 0x1F, 0x61, 0x8E, 0xC6, 0x2B, 0x79, 0xF5, 0xEF, 0x00,
    0xF0, 0xD7, 0x80, 0xE5, 0x7E, 0x05, 0xD4, 0x65, 0x2B, 0x86, 0x27, 0x92, 0x47, 0x4D, 0x48, 0x93,
    0xDB, 0x78, 0xFE, 0x6D, 0x3C, 0xF9, 0xEA, 0x96, 0x65, 0x5C, 0x8D, 0xE6, 0x59, 0x24, 0xB3, 0xA5,
    0x5C, 0x51, 0x64, 0xE3, 0xD5, 0x10, 0x4F, 0xAE, 0xB1, 0x8D, 0x37, 0x2B, 0x5D, 0x81, 0x84, 0x4D,
    0x8F, 0x8C, 0x6C, 0xA5, 0x11, 0xAB, 0x74, 0x5D, 0x13, 0xAE, 0x0E, 0xD4, 0x6E, 0x59, 0x78, 0x5F,
    0x26, 0x11, 0xA3, 0xBC, 0xD5, 0x3D, 0x31, 0x9D, 0xDF, 0x3D, 0x01, 0x5E, 0xF8, 0xFC, 0xD8, 0x89,
    0xEE, 0x09, 0x75, 0x99, 0xE2, 0x5D, 0xCD, 0x3E, 0x0E, 0x66, 0xCF, 0xC6, 0x0B, 0x9A, 0x7E, 0x17,
    0x60, 0x35, 0xBF, 0xC2, 0x6B, 0x2F, 0x05, 0x1C, 0xA6, 0x38, 0x08, 0x52, 0x91, 0x8E, 0x91, 0x7E,
    0x7C, 0x5E, 0x0A, 0xF0, 0xC1, 0x3A, 0xB8, 0xF7, 0xEC, 0x8B, 0xDC, 0xDC, 0x5A, 0x62, 0x17, 0x7D,
    0x53, 0x97, 0x25, 0x9B, 0xE9, 0x00, 0x58, 0x7E, 0x25, 0xA1, 0x83, 0x4F, 0x9B, 0xAC, 0xBC, 0x82,
    0x5D, 0x94, 0xA6, 0xFA, 0x27, 0xE9, 0x6E, 0x9C, 0x9C, 0x5B, 0xE7, 0x3D, 0x4E, 0x9F, 0x90, 0xA9,
    0xDC, 0xFD, 0xA4, 0x57, 0x39, 0x95, 0x68, 0xB2, 0xA4, 0x90, 0xE5, 0xDE, 0xCB, 0xB7, 0xBA, 0x67,
    0x3A, 0x30, 0xC5, 0x8B, 0x70, 0xBE, 0xBB, 0x61, 0xD5, 0xC8, 0xDD, 0x73, 0x28, 0x9E, 0xE3, 0xCA,
    0x19, 0xE7, 0x48, 0x1F, 0x7D, 0x8E, 0xCC, 0x05, 0xA5, 0xB7, 0xBC, 0x79, 0x39, 0x11, 0x6A, 0x5E,
    0xC8, 0xF5, 0xC9, 0x4B, 0xF5, 0xCF, 0xE4, 0x60, 0xB3, 0xD4, 0xAD, 0xE4, 0x79, 0xDF, 0x23, 0x5D,
    0x9E, 0x75, 0x47, 0xEC, 0xBB, 0xBA, 0xA4, 0xF2, 0xF8, 0x75, 0x98, 0x6F, 0xBB, 0xFF, 0x0D, 0xE6,
    0x80, 0x65, 0xF5, 0xB4, 0xDF, 0xA9, 0x63, 0x31, 0xE9, 0xC0, 0x70, 0x6D, 0x62, 0xB8, 0x26, 0x91,
    0x85, 0x0B, 0xD7, 0xC4, 0xE1, 0x33, 0x09, 0x3B, 0x57, 0xA3, 0xF3, 0x5E, 0x69, 0xCB, 0xFB, 0x09,
    0xCE, 0x4E, 0x6D, 0xAA, 0xF4, 0x9B, 0xDB, 0x6C, 0x02, 0x31, 0xE8, 0xCC, 0x03, 0x5B, 0x3B, 0x09,
    0x13, 0x8F, 0x1B, 0xF8, 0xA6, 0xD4, 0xAA, 0x61, 0x9E, 0x23, 0xC7, 0xD1, 0x26, 0xAC, 0x96, 0x31,
    0xE6, 0x58, 0x96, 0x74, 0xA9, 0x06, 0x5F, 0xE4, 0xC4, 0x92, 0x5F, 0x56, 0x3D, 0xFD, 0x18, 0xF0,
    0x44, 0xCB, 0xCC, 0xBD, 0xEB, 0xA1, 0xDE, 0xB9, 0x61, 0xE1, 0xEC, 0xC8, 0xEE, 0x42, 0xAE, 0xE6,
    0x04, 0x19, 0x91, 0x62, 0xB1, 0xAB, 0x10, 0x82, 0x9E, 0xBC, 0xEA, 0x3D, 0xC2, 0x3B, 0x0A, 0x24,
    0x88, 0x48, 0x95, 0xA8, 0x87, 0x40, 0xC6, 0x5D, 0xC5, 0x3C, 0x18, 0xC1, 0x54, 0x43, 0xC0, 0xC7,
    0x76, 0x53, 0xB9, 0xA3, 0x25, 0x97, 0xB3, 0x58, 0xE2, 0x80, 0x11, 0xC2, 0x0E, 0x06, 0x18, 0xF2,
    0xAA, 0x4D, 0xD8, 0x70, 0x86, 0xF8, 0xF1, 0x35, 0x57, 0x1B, 0x14, 0x0F, 0x2E, 0xF2, 0xBE, 0x9B,
    0xEC, 0x7F, 0xB2, 0xB6, 0x39, 0x9B, 0x2F, 0x0B, 0x59, 0x2E, 0x24, 0xC9, 0xAB, 0xDD, 0xF8, 0x47,
    0x34, 0x38, 0x52, 0xDF, 0xF0, 0xEA, 0x89, 0xBF, 0xC6, 0xE1, 0x2E, 0x1D, 0xBA, 0xAB, 0x27, 0x8F,
    0x68, 0x58, 0x5F, 0xE0, 0x7F, 0xB7, 0x8D, 0x3F, 0xD2, 0x63, 0xF5, 0xF4, 0x9B, 0xEF, 0x9C, 0x7D,
    0xA0, 0x98, 0x64, 0x2B, 0x28, 0x74, 0x21, 0xC5, 0xA3, 0xD3, 0x00, 0x2E, 0x17, 0x50, 0x94, 0x3C,
    0x65, 0xBE, 0x5E, 0xEC, 0x7D, 0x44, 0x37, 0x7F, 0x97, 0xD0, 0xDB, 0x6A, 0x5E, 0x43, 0xD1, 0xBC,
    0x86, 0x92, 0x6E, 0xF0, 0xD1, 0x5A, 0x50, 0x12, 0x5E, 0xFE, 0xDD, 0x72, 0x4A, 0xBB, 0x39, 0xE5,
    0x72, 0x4F, 0x00, 0x47, 0x9D, 0x5C, 0xF7, 0xC9, 0xD6, 0x29, 0x89, 0x80, 0x76, 0x4E, 0x49, 0xFD,
    0xC8, 0x98, 0x44, 0x36, 0xA4, 0xB9, 0x59, 0xD7, 0x90, 0x34, 0x80, 0x8B, 0x9C, 0x28, 0xAC, 0x7F,
    0xAD, 0xBE, 0xC1, 0xDD, 0x01, 0xF3, 0x18, 0x77, 0x07, 0x44, 0x7A, 0xB4, 0x98, 0xAD, 0xF1, 0x9C,
    0x0B, 0xA4, 0x95, 0x72, 0xF5, 0xDE, 0xAF, 0xDD, 0xD5, 0xB5, 0x40, 0x1B, 0xAE, 0x41, 0xC7, 0x22,
    0x68, 0xAC, 0x76, 0x53, 0xB3, 0x7B, 0xD9, 0x53, 0xA2, 0x65, 0xB1, 0xBB, 0x45, 0x10, 0x5D, 0xB4,
    0x55, 0xAB, 0x0E, 0xDA, 0x87, 0xAD, 0x9A, 0x3E, 0x7C, 0xD8, 0xA8, 0xE9, 0xA3, 0xFB, 0x75, 0x78,
    0xFC, 0xE9, 0x3B, 0x75, 0xF4, 0x67, 0x8B, 0x98, 0xE9, 0xC1, 0x8C, 0x98, 0xE9, 0x01, 0x63, 0xA6,
    0x0F, 0x86, 0x4D, 0xBB, 0xE0, 0x01, 0x67, 0x9C, 0x5D, 0xF1, 0x51, 0x02, 0xA2, 0x22, 0x97, 0xC2,
    0x61, 0xF4, 0x28, 0x96, 0x15, 0xEE, 0xEE, 0x63, 0x51, 0x0A, 0x8A, 0x0E, 0xEC, 0x8B, 0x14, 0x8B,
    0x9B, 0xCC, 0x0E, 0xBD, 0x49, 0xD9, 0xF8, 0x6D, 0xA5, 0xE2, 0x4F, 0xEE, 0x23, 0x24, 0x7B, 0x7F,
    0x3E, 0x50, 0xFA, 0x0F, 0x23, 0xC0, 0xF2, 0xDD, 0x01, 0x26, 0xED, 0x2E, 0x3C, 0x80, 0x79, 0xF3,
    0x43, 0x5B, 0x1A, 0x7C, 0x1C, 0x3E, 0x37, 0x62, 0x71, 0x52, 0x20, 0xBD, 0x5A, 0x7D, 0x93, 0xF8,
    0x35, 0x71, 0xA5, 0x61, 0x7E, 0x51, 0x0E, 0xAE, 0xFC, 0x35, 0xED, 0xD2, 0xE4, 0xDD, 0x5B, 0x62,
    0xBB, 0xC5, 0x98, 0xEE, 0xFE, 0x5C, 0xC0, 0x3D, 0xE0, 0xB0, 0xFD, 0x29, 0x49, 0x50, 0xE4, 0x1E,
    0xE7, 0x8A, 0xBB, 0x2D, 0x9A, 0xED, 0x5D, 0xB0, 0x19, 0x5F, 0xFA, 0xC7, 0xA4, 0xEC, 0xC4, 0x7E,
    0x7C, 0xEA, 0x5B, 0x4F, 0x55, 0xEB, 0xD8, 0x9D, 0xB5, 0xDC, 0x87, 0x96, 0xCE, 0xFF, 0xE5, 0x52,
    0xB4, 0xBF, 0x03, 0x70, 0xE8, 0x62, 0xB2, 0xDA, 0xDD, 0x54, 0xF0, 0xBD, 0xF9, 0x69, 0xFE, 0x36,
    0x0E, 0x73, 0x87, 0x16, 0xF9, 0x68, 0x62, 0x99, 0xB7, 0xFF, 0x2E, 0x4E, 0x1E, 0x37, 0x99, 0xCF,
    0x7D, 0x6B, 0x71, 0x18, 0xF5, 0x95, 0x6F, 0xF5, 0xD0, 0x2E, 0x75, 0xE2, 0xD2, 0x42, 0xD2, 0xF0,
    0xA3, 0x32, 0x11, 0xAB, 0x42, 0x3A, 0x46, 0xA7, 0x4A, 0x5C, 0x82, 0x08, 0x55, 0x2F, 0xC0, 0x44,
    0xB2, 0xE4, 0xFA, 0x5D, 0xA9, 0xB5, 0x1D, 0x49, 0x1A, 0xEE, 0xAA, 0xC0, 0x4A, 0xEB, 0x6E, 0xCE,
    0x4B, 0xA4, 0xCA, 0xB7, 0xA3, 0x9E, 0x86, 0x27, 0xE9, 0xE8, 0xAE, 0x74, 0x4B, 0x00, 0x02, 0x52,
    0xC8, 0x7D, 0x60, 0x23, 0x19, 0x28, 0x44, 0x33, 0x91, 0x7D, 0xC0, 0x6A, 0xDB, 0x43, 0xDB, 0x05,
    0x2F, 0x5A, 0x7E, 0x25, 0x83, 0x45, 0x74, 0x7A, 0x79, 0x4E, 0xDA, 0x80, 0x31, 0x63, 0x2C, 0x2D,
    0x3A, 0x0F, 0x00, 0x84, 0xB2, 0x1B, 0x80, 0x7D, 0x72, 0x8F, 0xD9, 0xC8, 0x15, 0xB6, 0x74, 0xFE,
    0x0B, 0x9C, 0xA3, 0x80, 0x32, 0x4D, 0x30, 0xDF, 0x49, 0x9B, 0xAC, 0x17, 0xF8, 0x67, 0x2A, 0x4D,
    0x25, 0xE1, 0xBC, 0x74, 0x27, 0x9C, 0xBE, 0xBC, 0x7F, 0x11, 0xB7, 0x93, 0x89, 0x13, 0x89, 0x12,
    0xA9, 0x44, 0x82, 0x10, 0xAB, 0xF2, 0xA9, 0xF5, 0xEE, 0xB9, 0xBA, 0xA5, 0x14, 0xD4, 0x83, 0xF2,
    0xB2, 0x2F, 0xFB, 0x8A, 0xE6, 0xAF, 0x2F, 0x9F, 0x91, 0x9A, 0x98, 0x95, 0xA2, 0x07, 0x99, 0x41,
    0x07, 0xBA, 0xDE, 0x0A, 0xB3, 0x21, 0xCC, 0xAF, 0x37, 0x0D, 0x1C, 0xB7, 0xD6, 0xFE, 0x3B, 0x06,
    0x57, 0x01, 0x8B, 0x54, 0x72, 0x54, 0xCC, 0xF9, 0x2C, 0xAF, 0x8B, 0xD8, 0x09, 0x12, 0x31, 0x66,
    0xC7, 0x04, 0x32, 0x90, 0xEB, 0x92, 0x56, 0xBA, 0x60, 0x70, 0x5B, 0xA6, 0x52, 0xED, 0xBD, 0xB5,
    0xDB, 0xA3, 0x98, 0xE5, 0xBB, 0xF4, 0x7E, 0xDA, 0x7B, 0x4D, 0xCA, 0xD7, 0x95, 0xDC, 0xAE, 0x01,
    0xCA, 0x24, 0x80, 0xCA, 0x6F, 0x9F, 0x58, 0xCD, 0x01, 0x21, 0xA9, 0x06, 0xBB, 0xC3, 0x38, 0xC6,
    0x71, 0xD9, 0x67, 0x5D, 0x35, 0x59, 0xC2, 0x25, 0x78, 0xBB, 0xE3, 0xD0, 0x5F, 0x3F, 0x96, 0x6A,
    0x02, 0x4F, 0xE5, 0x52, 0x34, 0xA9, 0x2B, 0xA6, 0xDC, 0x72, 0x95, 0xC1, 0xD7, 0x05, 0xF5, 0x89,
    0xA2, 0x1F, 0xDA, 0xC5, 0x40, 0x7C, 0x8F, 0x80, 0xFE, 0xEB, 0xD2, 0x36, 0x6C, 0x45, 0xCC, 0xAD,
    0x48, 0xE6, 0xED, 0xA8, 0xBD, 0x58, 0x88, 0xAF, 0xDE, 0x8E, 0x25, 0xE9, 0xD4, 0xB9, 0xEF, 0x39,
    0x62, 0xCF, 0xE2, 0x49, 0xF2, 0x5C, 0xC4, 0xA5, 0x79, 0x6F, 0x34, 0x8B, 0xD2, 0x59, 0xCE, 0x13,
    0x46, 0xF3, 0x79, 0xC9, 0xC2, 0x50, 0x13, 0xA5, 0x53, 0x42, 0x6A, 0xAA, 0x9B, 0x7B, 0xBB, 0xBE,
    0x98, 0x20, 0x19, 0xC2, 0xD6, 0xE3, 0xCF, 0x55, 0xC5, 0x59, 0x5C, 0x75, 0xA6, 0x42, 0xEA, 0xFC,
    0x52, 0x5F, 0xDD, 0x46, 0x60, 0x62, 0xF1, 0xE4, 0x08, 0x81, 0x5D, 0x6C, 0x84, 0xE4, 0xAF, 0xA9,
    0xF3, 0x72, 0x79, 0x36, 0x3C, 0xF7, 0x30, 0x81, 0xBF, 0x37, 0x97, 0xDC, 0x4A, 0xE5, 0x5B, 0x38,
    0x7A, 0x47, 0x20, 0xF9, 0xBA, 0xA1, 0xE5, 0x4B, 0x2B, 0x9C, 0xCF, 0x58, 0x7C, 0xBA, 0x0B, 0x78,
    0x96, 0xE9, 0xC5, 0xD7, 0xBB, 0x5C, 0xAB, 0x5C, 0x47, 0x75, 0xC8, 0xAC, 0x5D, 0x77, 0xBF, 0x6B,
    0xAA, 0x70, 0xAC, 0x9F, 0x06, 0xEE, 0xAB, 0x72, 0xD8, 0xB4, 0x30, 0xB9, 0x2B, 0x24, 0xCA, 0x77,
    0x63, 0x4A, 0x8C, 0x5D, 0xB8, 0xEB, 0xB1, 0x17, 0xFD, 0x0D, 0x00, 0x99, 0x34, 0xEA, 0x0E, 0x6E,
    0x0F, 0x4F, 0xE9, 0x7A, 0x92, 0xD3, 0x0D, 0xAA, 0x46, 0x20, 0x9A, 0x71, 0x4A, 0x31, 0x2E, 0xE8,
    0x68, 0xC1, 0xA0, 0xAA, 0x9B, 0x00, 0xE4, 0x57, 0x47, 0x75, 0x25, 0x7C, 0x7A, 0xC7, 0x8B, 0x9B,
    0x17, 0x98, 0x0A, 0x87, 0xD3, 0x62, 0x63, 0x9D, 0xB3, 0x8C, 0x27, 0x7E, 0xA4, 0x71, 0x84, 0xBD,
    0x7E, 0xD2, 0x2E, 0xC2, 0x6E, 0x3F, 0xC5, 0x76, 0x3F, 0x02, 0x7F, 0xFF, 0x1D, 0x00, 0xFE, 0xD2,
    0xFD, 0xD6, 0xF7, 0xC4, 0xF8, 0x4B, 0xCA, 0x2E, 0x64, 0x93, 0xAF, 0x4F, 0xC8, 0xDD, 0x15, 0x11,
    0xC0, 0x93, 0x7A, 0xB9, 0x5C, 0xA8, 0x37, 0x97, 0x0B, 0x33, 0x05, 0x18, 0xC3, 0xE3, 0xE1, 0x75,
    0x65, 0x0B, 0x2E, 0x3D, 0xE9, 0xE5, 0xA6, 0x13, 0x6D, 0x8A, 0xD1, 0xDA, 0xA6, 0xA8, 0x6C, 0x06,
    0x74, 0x60, 0xA4, 0x55, 0xD1, 0xCE, 0x85, 0xF7, 0x1C, 0xD8, 0xF4, 0xD6, 0x65, 0xC1, 0x73, 0xDB,
    0x14, 0xA5, 0xF5, 0x52, 0x0F, 0x6C, 0x1D, 0x63, 0xDA, 0x96, 0x2D, 0x8A, 0x96, 0x2D, 0x8A, 0x83,
    0x65, 0x9B, 0xA2, 0xDB, 0xCF, 0xD9, 0xCF, 0x7F, 0x33, 0x72, 0x47, 0x5B, 0xE4, 0x76, 0x59, 0xD7,
    0xE5, 0xEB, 0x08, 0x98, 0x58, 0xE3, 0xE6, 0xDD, 0x95, 0x10, 0x6E, 0xDF, 0xDF, 0xEA, 0xCC, 0x05,
    0xC0, 0x7D, 0x33, 0x72, 0x7F, 0xF3, 0xE3, 0x89, 0x76, 0x04, 0x6C, 0x2B, 0x08, 0xA4, 0x66, 0xC2,
    0xEF, 0x09, 0x3B, 0xF1, 0x73, 0x11, 0xB7, 0x84, 0x85, 0xCA, 0x02, 0x7A, 0xD3, 0xEE, 0x34, 0x95,
    0xAF, 0xBB, 0x4E, 0xB7, 0x46, 0xC9, 0x5D, 0x12, 0x77, 0x99, 0x64, 0xD3, 0x11, 0x26, 0x5F, 0xE7,
    0xC3, 0x6E, 0x7F, 0x77, 0xA3, 0xC4, 0x05, 0x3E, 0x7A, 0x70, 0x76, 0x8F, 0xB7, 0x4A, 0xB8, 0x5A,
    0xE9, 0x3E, 0xB6, 0xDA, 0x3D, 0xE9, 0xB7, 0x16, 0x9B, 0x57, 0x9D, 0xB6, 0x7C, 0xDF, 0xE5, 0xD7,
    0x3C, 0x79, 0x0F, 0x68, 0xFC, 0x37, 0xCA, 0xF5, 0xDF, 0xA3, 0xF6, 0x69, 0xE5, 0x25, 0xCF, 0x5E,
    0x95, 0x02, 0x97, 0xD0, 0xF9, 0xF5, 0xB0, 0xFD, 0x5E, 0x51, 0xCF, 0xEF, 0xF0, 0x65, 0xB7, 0xC3,
    0xE1, 0xAC, 0x1D, 0x7E, 0xC7, 0x34, 0x54, 0xB7, 0x42, 0xB9, 0xF5, 0xC5, 0xEE, 0x33, 0x3D, 0x08,
    0xD2, 0xFF, 0xB3, 0x20, 0x90, 0x97, 0x46, 0x69, 0xFF, 0x6F, 0xBE, 0x27, 0x94, 0x54, 0x7F, 0x1F,
    0xB0, 0xE2, 0x38, 0x10, 0xD5, 0xF1, 0x82, 0x36, 0x6F, 0xD0, 0xB8, 0x5B, 0x4E, 0xB3, 0x24, 0x20,
    0x5F, 0xFD, 0x7E, 0xD0, 0x53, 0x42, 0x75, 0xFA, 0x58, 0xC7, 0x74, 0x87, 0x8B, 0x77, 0x7E, 0x2E,
    0xE4, 0xFB, 0x32, 0x18, 0x1F, 0x30, 0x7F, 0x50, 0xDC, 0x9C, 0xB6, 0xB3, 0x07, 0x4F, 0x7A, 0x91,
    0xF1, 0x62, 0xBE, 0x4C, 0xEC, 0x8C, 0xF3, 0x48, 0xD6, 0x6B, 0xBB, 0x53, 0x96, 0xA9, 0xFC, 0xCD,
    0x0D, 0xAD, 0x36, 0x90, 0x1B, 0x5A, 0xC7, 0xEE, 0x86, 0x56, 0xE3, 0xAB, 0x6B, 0xF5, 0x25, 0x96,
    0x28, 0x73, 0x77, 0x43, 0xEB, 0x74, 0x79, 0x53, 0xA9, 0xFD, 0xAF, 0x74, 0x36, 0x17, 0xF1, 0x35,
    0x1A, 0xF2, 0xED, 0x97, 0xEC, 0x8B, 0x05, 0xFD, 0xA0, 0x3E, 0x61, 0x9B, 0x6E, 0xE7, 0xB9, 0x9E,
    0xF2, 0x35, 0xCA, 0xFF, 0x07, 0x4D, 0x8E, 0x31, 0x0E, 0xC2, 0x30, 0x0C, 0x45, 0x7F, 0x9B, 0x21,
    0x42, 0x19, 0xBC, 0xB2, 0xA0, 0xAE, 0x6C, 0x39, 0x42, 0x7A, 0x33, 0x7A, 0x33, 0x72, 0x84, 0x1C,
    0x81, 0x23, 0x44, 0xA8, 0x43, 0x24, 0x5A, 0x82, 0xBF, 0x51, 0x11, 0x1E, 0x9E, 0x2C, 0xC7, 0x79,
    0xFE, 0x38, 0x41, 0x6B, 0x5A, 0x14, 0xA9, 0x2A, 0xE2, 0xAE, 0x18, 0x09, 0x5C, 0xF1, 0x57, 0x69,
    0x19, 0x3A, 0x52, 0x76, 0xBB, 0xC2, 0x6F, 0x0A, 0xA9, 0x88, 0x25, 0x16, 0x4C, 0xE5, 0x96, 0x21,
    0x8F, 0x0E, 0xC8, 0x53, 0xBF, 0x85, 0x57, 0x03, 0x7C, 0x57, 0x95, 0xEB, 0x99, 0x98, 0x55, 0xF7,
    0x56, 0x81, 0xA3, 0xD3, 0x6D, 0x0A, 0x4F, 0x04, 0x5D, 0x83, 0xAC, 0x44, 0x3D, 0xA0, 0x9B, 0xC6,
    0x50, 0x2C, 0x53, 0xB3, 0xBE, 0xDB, 0xE8, 0xCB, 0xCB, 0x2F, 0x8E, 0xD4, 0x81, 0x17, 0x2B, 0xD5,
    0x52, 0xA9, 0x95, 0xEA, 0x1B, 0x49, 0xA7, 0xAC, 0xF4, 0x85, 0x55, 0xE3, 0xC1, 0xB7, 0x94, 0xC9,
    0xFB, 0xCC, 0xF3, 0xF4, 0xB8, 0xBE, 0x19, 0xE9, 0x1F, 0x99, 0x14, 0x43, 0xB7, 0x8B, 0x7D, 0xB1,
    0x1E, 0x47, 0xD0, 0xF3, 0xC4, 0x7C, 0xD1, 0x1E, 0x93, 0x8D, 0x23, 0x07, 0xF8, 0x00, 0x65, 0x52,
    0xB1, 0x8E, 0xD5, 0x30, 0x10, 0x9C, 0xD8, 0x45, 0xA4, 0x73, 0xE1, 0x0F, 0xB8, 0x22, 0x94, 0x54,
    0x97, 0x9A, 0x02, 0xD9, 0x1D, 0x05, 0x1F, 0x41, 0x43, 0x8D, 0x68, 0x91, 0x4E, 0xC4, 0x1D, 0xC5,
    0x15, 0xEF, 0x13, 0xF8, 0x03, 0xEA, 0x47, 0x83, 0x2D, 0x51, 0xD2, 0xA4, 0xA3, 0x4D, 0xC1, 0x07,
    0xA4, 0x48, 0x61, 0x24, 0xBF, 0x2C, 0x63, 0xE7, 0x1D, 0x12, 0x5C, 0x92, 0xB5, 0x92, 0xCD, 0xCC,
    0xEC, 0xEE, 0xD8, 0x83, 0xC8, 0x36, 0x8A, 0xAC, 0x8E, 0x31, 0x89, 0x48, 0x8A, 0x75, 0x61, 0x48,
    0xF8, 0xEF, 0x13, 0xB7, 0xBE, 0x93, 0xD0, 0xEF, 0xDE, 0xCE, 0x18, 0x03, 0xDC, 0x82, 0x69, 0xAB,
    0x8F, 0x5B, 0xEB, 0xFB, 0x8D, 0x07, 0x3E, 0xA2, 0x13, 0xAF, 0x25, 0x68, 0x49, 0x8A, 0x78, 0xF1,
    0x70, 0x50, 0x17, 0x38, 0x62, 0x66, 0x3C, 0x07, 0x50, 0xA0, 0x05, 0xBD, 0xC0, 0xB4, 0x55, 0xED,
    0xC0, 0x05, 0x7D, 0x46, 0x5C, 0x10, 0x3D, 0xDE, 0x12, 0x70, 0x8F, 0x73, 0x5F, 0x4C, 0x19, 0x7E,
    0x8D, 0xB3, 0xA3, 0xDC, 0xE4, 0xA3, 0x8F, 0x89, 0x4D, 0xCC, 0x92, 0xA6, 0x24, 0xC1, 0x79, 0x87,
    0x7A, 0x75, 0x9B, 0x5A, 0x89, 0xCB, 0xA6, 0xD8, 0x52, 0x43, 0x97, 0x3E, 0x77, 0x59, 0x6D, 0xB7,
    0xEB, 0x9B, 0x85, 0xF8, 0xF0, 0x01, 0x67, 0xA8, 0x4D, 0x2D, 0xFC, 0x97, 0x6D, 0x69, 0x77, 0x6E,
    0x18, 0xF2, 0x1A, 0x26, 0x88, 0xFF, 0x8A, 0x0C, 0xF4, 0x2B, 0x60, 0x18, 0x76, 0x61, 0xCC, 0xC0,
    0x90, 0x80, 0x31, 0x81, 0x66, 0x24, 0x4E, 0x1F, 0x38, 0xBC, 0x47, 0x64, 0x41, 0x76, 0xCA, 0x56,
    0xD1, 0x15, 0x40, 0x31, 0x34, 0xA9, 0x7A, 0x7B, 0x4A, 0xB7, 0xA4, 0x0F, 0x81, 0x41, 0x33, 0xC6,
    0xD6, 0xE9, 0xC4, 0x78, 0x2A, 0xA0, 0x45, 0x4A, 0x2F, 0x92, 0x0D, 0xCD, 0xFF, 0x47, 0xE0, 0x5A,
    0xDB, 0x1D, 0xEE, 0x1F, 0xB5, 0xE5, 0x4A, 0x2F, 0x07, 0xBD, 0xCB, 0x75, 0x7E, 0xCA, 0x90, 0x46,
    0x73, 0x2D, 0x5D, 0xA9, 0x84, 0xE5, 0xF1, 0x99, 0x99, 0x61, 0x7E, 0x50, 0xCB, 0xBD, 0x7B, 0x58,
    0x77, 0xC6, 0xE5, 0x4E, 0xCF, 0x67, 0xBA, 0x49, 0x1E, 0x77, 0x05, 0xFA, 0x27, 0xBB, 0xEC, 0xBF,
    0x73, 0x31, 0x9F, 0x12, 0x9E, 0xD9, 0xD7, 0xA1, 0x5F, 0xED, 0xA9, 0x8B, 0xDE, 0xEC, 0xE3, 0x02,
    0x25, 0xBF, 0x89, 0x8B, 0x75, 0x00, 0xF6, 0x83, 0x17, 0xDF, 0x58, 0x53, 0xC9, 0x2B, 0x6E, 0xD8,
    0x8F, 0xD3, 0x09, 0xE6, 0xE1, 0xB3, 0x85, 0x35, 0x5F, 0xB8, 0xD8, 0x77, 0x23, 0xEC, 0x78, 0xF7,
    0x12, 0xF6, 0x32, 0x64, 0xBA, 0x61, 0x38, 0xC2, 0x4D, 0x63, 0x4D, 0xA9, 0x23, 0xBC, 0x60, 0xE0,
    0xF1, 0x98, 0xE1, 0x12, 0x28, 0x6B, 0x57, 0x98, 0xAD, 0xFA, 0x56, 0xED, 0xA3, 0xF0, 0xFB, 0xEB,
    0x7B, 0xB7, 0xB7, 0x01, 0x63, 0x20, 0x8B, 0xE8, 0x7A, 0x7E, 0x38, 0x53, 0x3B, 0x30, 0x53, 0xA8,
    0x7A, 0x38, 0x1C, 0xAF, 0x6C, 0xFA, 0xCA, 0x1A, 0x55, 0xF0, 0x30, 0x85, 0x53, 0xA2, 0x1E, 0x1F,
    0x54, 0xF5, 0x6B, 0xBE, 0x36, 0x5E, 0x35, 0xA1, 0xCB, 0x63, 0xBE, 0xCD, 0x41, 0xB1, 0xC3, 0xC5,
    0x96, 0xAF, 0x96, 0x63, 0xF8, 0x9B, 0xFF, 0x03, 0x95, 0x90, 0x31, 0x4E, 0xC4, 0x30, 0x10, 0x45,
    0xBF, 0xE3, 0xC2, 0x45, 0x0A, 0x37, 0x74, 0x29, 0x7C, 0x84, 0x1C, 0x21, 0xD1, 0x52, 0x70, 0x9C,
    0x3D, 0x82, 0x23, 0x38, 0x12, 0x05, 0x0D, 0xAC, 0x2D, 0x71, 0x01, 0x4B, 0x5C, 0xC0, 0x05, 0x1D,
    0xCD, 0x20, 0x59, 0x60, 0x24, 0x6F, 0x86, 0x09, 0x54, 0x08, 0x58, 0x81, 0x34, 0x8D, 0xAD, 0xF9,
    0xFF, 0xCF, 0x7F, 0x2A, 0x2C, 0x3D, 0xE7, 0x91, 0x69, 0xBA, 0xA2, 0x43, 0x47, 0xED, 0x86, 0xDA,
    0x2B, 0x35, 0x97, 0x98, 0xA3, 0x67, 0xB8, 0x02, 0xA8, 0x86, 0xBE, 0x61, 0xAC, 0x38, 0x94, 0xEE,
    0x85, 0xFA, 0x07, 0x72, 0xE7, 0x79, 0xE2, 0xEA, 0xB9, 0xC0, 0x46, 0xB8, 0x19, 0xE1, 0x08, 0x6E,
    0x8A, 0x5B, 0x47, 0xD0, 0xEB, 0x6C, 0x38, 0xA1, 0xA7, 0x33, 0x43, 0x13, 0x67, 0xCF, 0xD1, 0xBD,
    0x01, 0x03, 0x75, 0x9C, 0x6D, 0xC1, 0xB4, 0xC0, 0xAF, 0x08, 0xBC, 0x34, 0x17, 0x9B, 0x8D, 0x6D,
    0x5C, 0x24, 0xA2, 0x97, 0x7F, 0x49, 0x67, 0xF2, 0x9C, 0xB7, 0x8D, 0x15, 0xBA, 0x8A, 0xC1, 0xE6,
    0x2D, 0xAF, 0x09, 0x38, 0x00, 0xD8, 0xE7, 0x8E, 0x9B, 0xC9, 0x77, 0x26, 0xDD, 0x9A, 0xE7, 0xDA,
    0x71, 0xB2, 0x22, 0xB9, 0x28, 0x93, 0x16, 0x61, 0xEA, 0x57, 0xA8, 0x20, 0xB9, 0xD9, 0xDE, 0xD3,
    0xB8, 0xDB, 0xC6, 0x3D, 0x91, 0xE5, 0xAC, 0xF6, 0x51, 0x05, 0x78, 0x39, 0x7C, 0x96, 0x85, 0xAF,
    0x35, 0xAF, 0xBF, 0xD5, 0x74, 0x49, 0x71, 0xB4, 0x32, 0x61, 0xDE, 0x52, 0xFD, 0x47, 0xF0, 0x11,
    0x9E, 0x29, 0x70, 0x66, 0x29, 0x15, 0x16, 0xC3, 0x64, 0xB8, 0xEA, 0xCB, 0x02, 0x4D, 0x18, 0x53,
    0xC7, 0xB0, 0x8F, 0xD8, 0x3C, 0x59, 0x80, 0x24, 0x15, 0x92, 0xE6, 0xA2, 0x76, 0x15, 0xAA, 0x6E,
    0x0B, 0x21, 0x42, 0x54, 0xFA, 0x13, 0x85, 0x4C, 0x1C, 0xD6, 0xD3, 0x30, 0x97, 0x5F, 0x61, 0xF6,
    0x7F, 0x85, 0x39, 0x9C, 0x80, 0x39, 0xFF, 0x0C, 0x53, 0xFF, 0x1F, 0xE6, 0x3B, 0x45, 0x90, 0xC1,
    0x0D, 0x82, 0x50, 0x10, 0x44, 0x07, 0x31, 0x72, 0xE0, 0xE0, 0xD5, 0xC4, 0x03, 0x25, 0x50, 0x02,
    0x94, 0x62, 0x62, 0x21, 0x50, 0x82, 0x1D, 0xFD, 0x5F, 0x82, 0x25, 0xD0, 0x81, 0x1C, 0x38, 0x68,
    0x02, 0x8C, 0x33, 0x5F, 0xD4, 0xCB, 0xE4, 0xB3, 0x3B, 0xBB, 0xFB, 0x06, 0xE0, 0xCC, 0x1B, 0x32,
    0x72, 0x40, 0x49, 0x46, 0x54, 0x2F, 0xB4, 0x68, 0xEE, 0x00, 0xD8, 0x02, 0x15, 0xF9, 0xB4, 0x4C,
    0xA8, 0xC9, 0x11, 0xF9, 0xAC, 0x7A, 0xF1, 0x94, 0x74, 0x64, 0x8F, 0x40, 0x79, 0x48, 0x6E, 0xB5,
    0xC2, 0xDD, 0x9C, 0xED, 0xC5, 0xEB, 0x46, 0x7B, 0x24, 0xA5, 0xB6, 0x1F, 0xE5, 0x89, 0xDA, 0xC2,
    0x5E, 0x5B, 0x34, 0x92, 0xDC, 0xE5, 0x24, 0x39, 0x8E, 0xBD, 0x44, 0x67, 0x75, 0x44, 0x37, 0xBB,
    0x55, 0x5B, 0xFC, 0xA8, 0x3F, 0xA5, 0x07, 0xB0, 0x0F, 0x34, 0xCB, 0x82, 0xC4, 0x09, 0xCA, 0x81,
    0xA0, 0x2F, 0x5C, 0xD3, 0xB5, 0x1F, 0x10, 0x0E, 0x4A, 0x80, 0x86, 0xB3, 0x87, 0x65, 0x3A, 0xED,
    0x3C, 0x87, 0x4D, 0x12, 0xC1, 0x1F, 0x43, 0x54, 0x0A, 0x17, 0xA6, 0x94, 0x83, 0x96, 0xD5, 0x61,
    0x16, 0x54, 0x0E, 0x5E, 0x27, 0x99, 0x0E, 0xD1, 0x63, 0x51, 0x40, 0x22, 0xCA, 0xC2, 0x0B, 0x8E,
    0xC5, 0x71, 0x27, 0x19, 0x72, 0xAF, 0x32, 0xBE, 0xBB, 0xF4, 0x9F, 0x5B, 0x6D, 0x36, 0x4D, 0x13,
    0x4D, 0xD8, 0x3A, 0x88, 0x51, 0x66, 0x43, 0x99, 0xCC, 0xE0, 0xD5, 0xF0, 0x0D, 0x9E, 0xC0, 0xB3,
    0x44, 0x17, 0xFA, 0xEF, 0x54, 0xAD, 0xF6, 0x1B, 0x4D, 0x54, 0x31, 0x92, 0x9C, 0x30, 0x10, 0x1C,
    0x50, 0xD5, 0x2A, 0x20, 0xD0, 0xE5, 0x5B, 0x2E, 0x12, 0x07, 0x4E, 0x5C, 0x8A, 0x1D, 0x89, 0xDF,
    0x38, 0xBC, 0x1F, 0x58, 0x64, 0x4E, 0xFD, 0x04, 0x07, 0x7E, 0xC7, 0x81, 0x7F, 0xC0, 0x0F, 0xCC,
    0x13, 0x14, 0x10, 0xE0, 0x33, 0x20, 0x77, 0x0F, 0x2B, 0xEE, 0x08, 0xBA, 0x90, 0x34, 0xEA, 0xE9,
    0xE9, 0x19, 0x90, 0xFB, 0x21, 0x22, 0x39, 0xCF, 0x22, 0x43, 0x5E, 0x45, 0x7E, 0x35, 0x1B, 0xD6,
    0x35, 0x37, 0x25, 0x5F, 0x30, 0x88, 0xDC, 0xF7, 0xCC, 0x90, 0x2C, 0x26, 0x03, 0xDC, 0x6E, 0x0F,
    0xF1, 0xA9, 0x3A, 0x24, 0x8C, 0xF5, 0x2E, 0xB1, 0x37, 0x9B, 0x0C, 0x9D, 0x59, 0x11, 0xD9, 0x24,
    0xDC, 0x71, 0x09, 0xCB, 0x30, 0x4A, 0xFC, 0x9D, 0x7B, 0x09, 0x19, 0x74, 0x2E, 0x2F, 0xE0, 0xC5,
    0x0A, 0x8F, 0x21, 0x7D, 0x43, 0x68, 0x49, 0x1F, 0x08, 0x11, 0x39, 0xE4, 0x88, 0x88, 0xD9, 0x00,
    0x66, 0x8D, 0x1D, 0x98, 0x42, 0x27, 0x6E, 0x06, 0xF8, 0x11, 0x10, 0x08, 0x60, 0xED, 0xC1, 0x1F,
    0xFA, 0x92, 0x35, 0xF6, 0xCD, 0x0A, 0x70, 0x50, 0xD5, 0xB7, 0x84, 0x40, 0x00, 0x71, 0xDE, 0xC4,
    0x13, 0xB0, 0x5E, 0x71, 0xB7, 0x59, 0x18, 0x45, 0x59, 0x8E, 0x02, 0xDB, 0x19, 0xE0, 0xA7, 0x52,
    0x40, 0x18, 0x95, 0x4A, 0xAB, 0xB0, 0x2B, 0x8E, 0x10, 0xCE, 0x2A, 0x70, 0xEE, 0x12, 0xCE, 0xDB,
    0x19, 0x47, 0x7E, 0x02, 0x84, 0xD1, 0x16, 0xBA, 0x91, 0x74, 0xE4, 0xCC, 0x1D, 0xE8, 0xC4, 0x22,
    0x31, 0x44, 0xD3, 0x1E, 0x71, 0x8A, 0x88, 0x64, 0xB5, 0x74, 0x54, 0xAA, 0x5D, 0x2E, 0x3B, 0x91,
    0x84, 0x08, 0x7F, 0xF0, 0xF8, 0x89, 0x08, 0x16, 0xEE, 0xCC, 0x7A, 0x4A, 0x93, 0x6A, 0x8D, 0xB4,
    0x7A, 0xB7, 0x3D, 0x0F, 0x35, 0x50, 0x1D, 0x54, 0x03, 0x45, 0x5B, 0xC5, 0x22, 0x33, 0x3D, 0xCC,
    0xBB, 0xE2, 0x76, 0x22, 0xAB, 0x8E, 0x99, 0x9E, 0xC3, 0x50, 0xC6, 0xF2, 0x8D, 0x2A, 0xCF, 0xAC,
    0x24, 0xAF, 0xA9, 0x48, 0x25, 0x6A, 0x72, 0xDD, 0xA7, 0xB0, 0xEA, 0x28, 0xA2, 0x75, 0x5F, 0xF5,
    0x45, 0x66, 0xBD, 0xF6, 0x1B, 0xEE, 0xB7, 0xD7, 0x7E, 0x33, 0x85, 0x14, 0x97, 0xB8, 0x84, 0xD4,
    0xF6, 0x57, 0xC8, 0xC5, 0xEB, 0xE7, 0xF7, 0xE4, 0x6F, 0x99, 0x4D, 0x91, 0xF5, 0x84, 0xB0, 0x7B,
    0x42, 0x9A, 0x21, 0x21, 0x6C, 0x58, 0x10, 0xF6, 0x75, 0x41, 0x98, 0x79, 0x45, 0x84, 0xF9, 0xB7,
    0xD2, 0x8B, 0x44, 0x00, 0x51, 0x95, 0x47, 0x42, 0x4F, 0x90, 0x87, 0x24, 0x79, 0xA9, 0x57, 0x98,
    0xFF, 0x27, 0xAB, 0xEB, 0x9D, 0xFF, 0x7E, 0xF8, 0x3E, 0x98, 0xB5, 0x05, 0x2C, 0xBE, 0x0B, 0x6E,
    0x0B, 0x74, 0xE4, 0x90, 0xF6, 0x88, 0x9B, 0xD8, 0x45, 0x4D, 0x10, 0x1D, 0xFB, 0x61, 0x27, 0x2D,
    0xC0, 0xD0, 0x36, 0x4B, 0x55, 0xEE, 0xD2, 0xAD, 0xA6, 0x6B, 0xB0, 0x3A, 0xA0, 0x15, 0x28, 0xC4,
    0xB1, 0xF4, 0x28, 0x97, 0x82, 0x54, 0x8C, 0x7E, 0x34, 0xE6, 0x2A, 0x4D, 0x41, 0xFB, 0xA7, 0x9C,
    0x3E, 0x71, 0xDA, 0x13, 0xFB, 0x35, 0xB1, 0x45, 0xB8, 0x1A, 0x74, 0x3C, 0x30, 0x5A, 0x3F, 0x64,
    0x38, 0xDC, 0x5C, 0x41, 0xFD, 0xC8, 0xAF, 0xAB, 0x6F, 0x52, 0x3C, 0xE4, 0x36, 0x6A, 0xCF, 0xC8,
    0xFE, 0x22, 0x5F, 0x50, 0xE0, 0x3C, 0xB0, 0xC0, 0xFD, 0x6C, 0x72, 0xB4, 0xE0, 0xFA, 0x7C, 0xFA,
    0x2F, 0x1F, 0x09, 0xDF, 0x08, 0x9A, 0x78, 0x39, 0x47, 0x91, 0x93, 0xD8, 0xE9, 0x20, 0x9E, 0xD3,
    0x58, 0xE9, 0x21, 0xAB, 0x72, 0xD3, 0x63, 0x54, 0xF4, 0xDB, 0x88, 0x84, 0x81, 0xB3, 0x62, 0xF5,
    0x90, 0xE5, 0x79, 0x56, 0x76, 0x93, 0xC7, 0xF3, 0xF3, 0x61, 0x07, 0x73, 0x56, 0x03, 0xA4, 0x3F,
    0xA3, 0x17, 0x15, 0x7F, 0x17, 0x86, 0x75, 0x18, 0x1D, 0xB3, 0xC8, 0xAE, 0xD8, 0xFC, 0x17, 0xAF,
    0xCF, 0xB9, 0x8C, 0x9D, 0x7C, 0x3A, 0x19, 0x4A, 0xB6, 0xED, 0x5D, 0x36, 0xF9, 0x70, 0x4D, 0x75,
    0xDC, 0x75, 0x90, 0xB5, 0xC1, 0xFA, 0x6F, 0xA0, 0x47, 0xC2, 0x5E, 0xDF, 0x01, 0x37, 0x14, 0xAD,
    0x69, 0x1B, 0x46, 0x58, 0x66, 0xB8, 0x75, 0x45, 0xDB, 0x1B, 0x73, 0x29, 0x66, 0x91, 0xFF, 0x8D,
    0x90, 0xB1, 0x0D, 0x83, 0x30, 0x10, 0x45, 0x1F, 0x71, 0x41, 0xE1, 0xC2, 0x23, 0x30, 0x02, 0x23,
    0xC0, 0x44, 0x61, 0x04, 0xB2, 0x19, 0x28, 0x59, 0x80, 0x11, 0x1C, 0x65, 0x01, 0x17, 0x14, 0x14,
    0x86, 0xCB, 0x9D, 0x69, 0xA8, 0xA2, 0x5C, 0xF1, 0x65, 0x9D, 0x9E, 0xFD, 0x9F, 0x0C, 0x0C, 0x31,
    0xC3, 0x4D, 0x3E, 0x07, 0x78, 0x79, 0x09, 0x84, 0xE4, 0x76, 0x68, 0xE7, 0x6A, 0x83, 0x6E, 0x46,
    0xA7, 0x7B, 0x68, 0x38, 0x11, 0x9F, 0xA8, 0xE5, 0x08, 0x49, 0xC1, 0x3D, 0x44, 0x10, 0x9A, 0x05,
    0x0E, 0x65, 0xA9, 0x76, 0x63, 0x6F, 0xD9, 0x58, 0x97, 0x19, 0x7B, 0xCB, 0x49, 0x6F, 0x6D, 0x4A,
    0x51, 0xAF, 0xD8, 0xF3, 0x6B, 0x65, 0x99, 0x94, 0xD5, 0x12, 0x65, 0x09, 0xD1, 0x59, 0x2E, 0x4A,
    0xD1, 0x9C, 0x55, 0x25, 0xA7, 0xDE, 0x8E, 0x52, 0x16, 0xD9, 0xB2, 0x8D, 0x9C, 0x33, 0xC4, 0xBB,
    0xD9, 0xBE, 0x77, 0xB3, 0x7D, 0xE6, 0x62, 0x9B, 0xCD, 0xD6, 0x15, 0x5B, 0x2D, 0x52, 0x03, 0xBF,
    0x9A, 0x6D, 0xB8, 0xD8, 0x36, 0xC5, 0xB6, 0x2D, 0xB6, 0xDD, 0xC5, 0x76, 0x2C, 0xB6, 0xD3, 0x2F,
    0x5B, 0xCA, 0x97, 0x20, 0xB3, 0xDA, 0x1A, 0x1F, 0x16, 0x7C, 0xFF, 0x8F, 0xED, 0x17, 0x63, 0x60,
    0x6C, 0x60, 0x60, 0x60, 0x60, 0x7F, 0x00, 0x24, 0xE4, 0x7F, 0x00, 0x89, 0x12, 0x6E, 0x06, 0x06,
    0xC6, 0x0F, 0xCC, 0x07, 0x18, 0xD8, 0x7F, 0x5F, 0xFA, 0xC0, 0x20, 0xFF, 0xFF, 0xF0, 0x1F, 0x86,
    0xFA, 0xFF, 0xDE, 0xFF, 0x19, 0xEA, 0xFF, 0xCA, 0xFF, 0x67, 0x90, 0xFF, 0x63, 0xFF, 0x87, 0x81,
    0xFD, 0xFF, 0xFF, 0x0F, 0x0C, 0x8C, 0xFF, 0xFF, 0x1F, 0x60, 0x60, 0xA8, 0xB1, 0x07, 0xEA, 0x90,
    0xB1, 0x81, 0x19, 0x00, 0x32, 0x0A, 0x00,
};

static const EpdGlyph ubuntumono_16_bolditalicGlyphs[] = {
    { 0, 0, 267, 0, 0, 0, 0 }, // U+0000
    { 0, 0, 267, 0, 0, 0, 0 }, // U+0008
    { 0, 0, 267, 0, 0, 0, 0 }, // U+0009
    { 0, 0, 267, 0, 0, 0, 0 }, // U+000D
    { 0, 0, 267, 0, 0, 0, 0 }, // U+001D
    { 0, 0, 267, 0, 0, 0, 0 }, // U+0020
    { 10, 20, 267, 5, 20, 50, 0 }, // !
    { 13, 9, 267, 6, 22, 30, 50 }, // "
    { 18, 20, 267, 1, 20, 90, 80 }, // #
    { 17, 26, 267, 1, 23, 111, 170 }, // $
    { 21, 20, 267, 0, 20, 105, 281 }, // %
    { 17, 20, 267, 1, 20, 85, 386 }, // &
    { 6, 10, 267, 9, 22, 15, 471 }, // '
    { 14, 28, 267, 4, 23, 98, 486 }, // (
    { 14, 28, 267, 1, 23, 98, 584 }, // )
    { 14, 13, 267, 4, 20, 46, 682 }, // *
    { 15, 15, 267, 2, 16, 57, 728 }, // +
    { 9, 11, 267, 3, 6, 25, 785 }, // ,
    { 11, 4, 267, 4, 10, 11, 810 }, // -
    { 7, 6, 267, 5, 6, 11, 821 }, // .
    { 21, 28, 267, -1, 23, 147, 832 }, // /
    { 16, 20, 267, 2, 20, 80, 979 }, // 0
    { 14, 20, 267, 2, 20, 70, 1059 }, // 1
    { 17, 20, 267, 1, 20, 85, 1129 }, // 2
    { 18, 20, 267, 0, 20, 90, 1214 }, // 3
    { 17, 20, 267, 1, 20, 85, 1304 }, // 4
    { 18, 20, 267, 1, 20, 90, 1389 }, // 5
    { 17, 20, 267, 2, 20, 85, 1479 }, // 6
    { 17, 20, 267, 3, 20, 85, 1564 }, // 7
    { 16, 20, 267, 2, 20, 80, 1649 }, // 8
    { 17, 20, 267, 1, 20, 85, 1729 }, // 9
    { 9, 16, 267, 5, 16, 36, 1814 }, // :
    { 11, 21, 267, 3, 16, 58, 1850 }, // ;
    { 16, 14, 267, 2, 16, 56, 1908 }, // <
    { 17, 9, 267, 1, 14, 39, 1964 }, // =
    { 16, 14, 267, 1, 16, 56, 2003 }, // >
    { 13, 20, 267, 5, 20, 65, 2059 }, // ?
    { 18, 24, 267, 1, 20, 108, 2124 }, // @
    { 17, 20, 267, -1, 20, 85, 2232 }, // A
    { 17, 20, 267, 1, 20, 85, 2317 }, // B
    { 17, 20, 267, 2, 20, 85, 2402 }, // C
    { 17, 20, 267, 1, 20, 85, 2487 }, // D
    { 18, 20, 267, 1, 20, 90, 2572 }, // E
    { 19, 20, 267, 1, 20, 95, 2662 }, // F
    { 17, 20, 267, 2, 20, 85, 2757 }, // G
    { 20, 20, 267, 0, 20, 100, 2842 }, // H
    { 19, 20, 267, 1, 20, 95, 2942 }, // I
    { 18, 20, 267, 1, 20, 90, 3037 }, // J
    { 19, 20, 267, 1, 20, 95, 3127 }, // K
    { 14, 20, 267, 1, 20, 70, 3222 }, // L
    { 20, 20, 267, 0, 20, 100, 3292 }, // M
    { 20, 20, 267, 0, 20, 100, 3392 }, // N
    { 16, 20, 267, 2, 20, 80, 3492 }, // O
    { 18, 20, 267, 1, 20, 90, 3572 }, // P
    { 16, 25, 267, 2, 20, 100, 3662 }, // Q
    { 17, 20, 267, 1, 20, 85, 3762 }, // R
    { 17, 20, 267, 1, 20, 85, 3847 }, // S
    { 16, 20, 267, 4, 20, 80, 3932 }, // T
    { 18, 20, 267, 2, 20, 90, 4012 }, // U
    { 17, 20, 267, 4, 20, 85, 4102 }, // V
    { 20, 20, 267, 1, 20, 100, 4187 }, // W
    { 21, 20, 267, 0, 20, 105, 4287 }, // X
    { 17, 20, 267, 4, 20, 85, 4392 }, // Y
    { 19, 20, 267, 0, 20, 95, 4477 }, // Z
    { 17, 28, 267, 2, 23, 119, 4572 }, // [
    { 8, 28, 267, 6, 23, 56, 4691 }, // <backslash>
    { 17, 28, 267, 0, 23, 119, 4747 }, // ]
    { 16, 12, 267, 2, 20, 48, 4866 }, // ^
    { 17, 4, 267, -2, -2, 17, 4914 }, // _
    { 9, 6, 267, 7, 23, 14, 4931 }, // `
    { 16, 16, 267, 2, 16, 64, 4945 }, // a
    { 16, 23, 267, 1, 23, 92, 5009 }, // b
    { 16, 16, 267, 2, 16, 64, 5101 }, // c
    { 18, 23, 267, 2, 23, 104, 5165 }, // d
    { 16, 16, 267, 2, 16, 64, 5269 }, // e
    { 22, 28, 267, -2, 23, 154, 5333 }, // f
    { 18, 21, 267, 0, 16, 95, 5487 }, // g
    { 16, 23, 267, 1, 23, 92, 5582 }, // h
    { 13, 23, 267, 3, 23, 75, 5674 }, // i
    { 17, 28, 267, -1, 23, 119, 5749 }, // j
    { 18, 23, 267, 1, 23, 104, 5868 }, // k
    { 12, 23, 267, 4, 23, 69, 5972 }, // l
    { 18, 16, 267, 0, 16, 72, 6041 }, // m
    { 16, 16, 267, 1, 16, 64, 6113 }, // n
    { 15, 16, 267, 2, 16, 60, 6177 }, // o
    { 18, 21, 267, -1, 16, 95, 6237 }, // p
    { 16, 21, 267, 2, 16, 84, 6332 }, // q
    { 16, 16, 267, 2, 16, 64, 6416 }, // r
    { 16, 16, 267, 1, 16, 64, 6480 }, // s
    { 15, 21, 267, 3, 21, 79, 6544 }, // t
    { 16, 16, 267, 2, 16, 64, 6623 }, // u
    { 16, 16, 267, 3, 16, 64, 6687 }, // v
    { 18, 16, 267, 2, 16, 72, 6751 }, // w
    { 19, 16, 267, 0, 16, 76, 6823 }, // x
    { 21, 21, 267, -2, 16, 111, 6899 }, // y
    { 17, 16, 267, 1, 16, 68, 7010 }, // z
    { 17, 28, 267, 3, 23, 119, 7078 }, // {
    { 12, 28, 267, 4, 23, 84, 7197 }, // |
    { 16, 28, 267, 0, 23, 112, 7281 }, // }
    { 17, 6, 267, 1, 12, 26, 7393 }, // ~
    { 0, 0, 267, 0, 0, 0, 0 }, // U+00A0
    { 10, 21, 267, 4, 16, 53, 0 }, // U+00A1
    { 16, 23, 267, 2, 20, 92, 53 }, // U+00A2
    { 18, 20, 267, 2, 20, 90, 145 }, // U+00A3
    { 16, 15, 267, 2, 17, 60, 235 }, // U+00A4
    { 19, 20, 267, 2, 20, 95, 295 }, // U+00A5
    { 12, 28, 267, 4, 23, 84, 390 }, // U+00A6
    { 17, 23, 267, 1, 20, 98, 474 }, // U+00A7
    { 12, 4, 267, 6, 22, 12, 572 }, // U+00A8
    { 15, 16, 267, 2, 16, 60, 584 }, // U+00A9
    { 12, 11, 267, 5, 20, 33, 644 }, // U+00AA
    { 16, 15, 267, 2, 16, 60, 677 }, // U+00AB
    { 16, 11, 267, 2, 12, 44, 737 }, // U+00AC
    { 11, 4, 267, 4, 10, 11, 781 }, // U+00AD
    { 15, 16, 267, 2, 16, 60, 792 }, // U+00AE
    { 11, 3, 267, 7, 21, 9, 852 }, // U+00AF
    { 11, 9, 267, 6, 23, 25, 861 }, // U+00B0
    { 18, 17, 267, 0, 17, 77, 886 }, // U+00B1
    { 11, 11, 267, 5, 20, 31, 963 }, // U+00B2
    { 11, 12, 267, 5, 20, 33, 994 }, // U+00B3
    { 8, 6, 267, 9, 23, 12, 1027 }, // U+00B4
    { 18, 21, 267, 0, 16, 95, 1039 }, // U+00B5
    { 17, 25, 267, 3, 20, 107, 1134 }, // U+00B6
    { 7, 6, 267, 6, 12, 11, 1241 }, // U+00B7
    { 8, 6, 267, 4, 0, 12, 1252 }, // U+00B8
    { 10, 11, 267, 5, 20, 28, 1264 }, // U+00B9
    { 12, 12, 267, 5, 20, 36, 1292 }, // U+00BA
    { 15, 14, 267, 2, 16, 53, 1328 }, // U+00BB
    { 19, 21, 267, 0, 21, 100, 1381 }, // U+00BC
    { 19, 21, 267, 0, 21, 100, 1481 }, // U+00BD
    { 19, 21, 267, 1, 21, 100, 1581 }, // U+00BE
    { 14, 21, 267, 1, 16, 74, 1681 }, // U+00BF
    { 18, 28, 267, -1, 28, 126, 1755 }, // U+00C0
    { 19, 28, 267, -1, 28, 133, 1881 }, // U+00C1
    { 19, 28, 267, -1, 28, 133, 2014 }, // U+00C2
    { 20, 27, 267, -1, 27, 135, 2147 }, // U+00C3
    { 20, 27, 267, -1, 27, 135, 2282 }, // U+00C4
    { 18, 26, 267, -1, 26, 117, 2417 }, // U+00C5
    { 21, 20, 267, -1, 20, 105, 2534 }, // U+00C6
    { 17, 26, 267, 2, 20, 111, 2639 }, // U+00C7
    { 18, 28, 267, 1, 28, 126, 2750 }, // U+00C8
    { 18, 28, 267, 1, 28, 126, 2876 }, // U+00C9
    { 18, 28, 267, 1, 28, 126, 3002 }, // U+00CA
    { 18, 27, 267, 1, 27, 122, 3128 }, // U+00CB
    { 19, 28, 267, 1, 28, 133, 3250 }, // U+00CC
    { 19, 28, 267, 1, 28, 133, 3383 }, // U+00CD
    { 19, 28, 267, 1, 28, 133, 3516 }, // U+00CE
    { 19, 27, 267, 1, 27, 129, 3649 }, // U+00CF
    { 17, 20, 267, 1, 20, 85, 3778 }, // U+00D0
    { 20, 27, 267, 0, 27, 135, 3863 }, // U+00D1
    { 16, 28, 267, 2, 28, 112, 3998 }, // U+00D2
    { 16, 28, 267, 2, 28, 112, 4110 }, // U+00D3
    { 16, 28, 267, 2, 28, 112, 4222 }, // U+00D4
    { 17, 27, 267, 2, 27, 115, 4334 }, // U+00D5
    { 17, 27, 267, 2, 27, 115, 4449 }, // U+00D6
    { 16, 14, 267, 2, 16, 56, 4564 }, // U+00D7
    { 18, 22, 267, 1, 21, 99, 4620 }, // U+00D8
    { 18, 28, 267, 2, 28, 126, 4719 }, // U+00D9
    { 18, 28, 267, 2, 28, 126, 4845 }, // U+00DA
    { 18, 28, 267, 2, 28, 126, 4971 }, // U+00DB
    { 18, 27, 267, 2, 27, 122, 5097 }, // U+00DC
    { 17, 28, 267, 4, 28, 119, 5219 }, // U+00DD
    { 17, 20, 267, 1, 20, 85, 5338 }, // U+00DE
    { 23, 28, 267, -5, 23, 161, 5423 }, // U+00DF
    { 16, 23, 267, 2, 23, 92, 5584 }, // U+00E0
    { 16, 23, 267, 2, 23, 92, 5676 }, // U+00E1
    { 16, 23, 267, 2, 23, 92, 5768 }, // U+00E2
    { 17, 22, 267, 2, 22, 94, 5860 }, // U+00E3
    { 17, 22, 267, 2, 22, 94, 5954 }, // U+00E4
    { 16, 24, 267, 2, 24, 96, 6048 }, // U+00E5
    { 18, 16, 267, 0, 16, 72, 6144 }, // U+00E6
    { 16, 21, 267, 2, 16, 84, 6216 }, // U+00E7
    { 16, 23, 267, 2, 23, 92, 6300 }, // U+00E8
    { 16, 23, 267, 2, 23, 92, 6392 }, // U+00E9
    { 16, 23, 267, 2, 23, 92, 6484 }, // U+00EA
    { 16, 22, 267, 2, 22, 88, 6576 }, // U+00EB
    { 13, 23, 267, 3, 23, 75, 6664 }, // U+00EC
    { 13, 23, 267, 3, 23, 75, 6739 }, // U+00ED
    { 13, 23, 267, 3, 23, 75, 6814 }, // U+00EE
    { 14, 22, 267, 3, 22, 77, 6889 }, // U+00EF
    { 18, 23, 267, 2, 23, 104, 6966 }, // U+00F0
    { 17, 22, 267, 1, 22, 94, 7070 }, // U+00F1
    { 15, 23, 267, 2, 23, 87, 7164 }, // U+00F2
    { 15, 23, 267, 2, 23, 87, 7251 }, // U+00F3
    { 15, 23, 267, 2, 23, 87, 7338 }, // U+00F4
    { 16, 22, 267, 2, 22, 88, 7425 }, // U+00F5
    { 16, 22, 267, 2, 22, 88, 7513 }, // U+00F6
    { 16, 17, 267, 2, 17, 68, 7601 }, // U+00F7
    { 17, 19, 267, 2, 17, 81, 7669 }, // U+00F8
    { 16, 23, 267, 2, 23, 92, 7750 }, // U+00F9
    { 16, 23, 267, 2, 23, 92, 7842 }, // U+00FA
    { 16, 23, 267, 2, 23, 92, 7934 }, // U+00FB
    { 16, 22, 267, 2, 22, 88, 8026 }, // U+00FC
    { 21, 28, 267, -2, 23, 147, 8114 }, // U+00FD
    { 18, 28, 267, -1, 23, 126, 8261 }, // U+00FE
    { 21, 27, 267, -2, 22, 142, 8387 }, // U+00FF
    { 20, 26, 267, -1, 26, 130, 0 }, // U+0100
    { 17, 21, 267, 2, 21, 90, 130 }, // U+0101
    { 20, 28, 267, -1, 28, 140, 220 }, // U+0102
    { 17, 23, 267, 2, 23, 98, 360 }, // U+0103
    { 17, 26, 267, 0, 20, 111, 458 }, // U+0104
    { 16, 21, 267, 2, 16, 84, 569 }, // U+0105
    { 17, 28, 267, 2, 28, 119, 653 }, // U+0106
    { 16, 23, 267, 2, 23, 92, 772 }, // U+0107
    { 17, 28, 267, 2, 28, 119, 864 }, // U+0108
    { 16, 23, 267, 2, 23, 92, 983 }, // U+0109
    { 17, 27, 267, 2, 27, 115, 1075 }, // U+010A
    { 16, 22, 267, 2, 22, 88, 1190 }, // U+010B
    { 18, 28, 267, 2, 28, 126, 1278 }, // U+010C
    { 17, 23, 267, 2, 23, 98, 1404 }, // U+010D
    { 17, 28, 267, 1, 28, 119, 1502 }, // U+010E
    { 21, 23, 267, 1, 23, 121, 1621 }, // U+010F
    { 17, 20, 267, 1, 20, 85, 1742 }, // U+0110
    { 19, 23, 267, 2, 23, 110, 1827 }, // U+0111
    { 19, 26, 267, 1, 26, 124, 1937 }, // U+0112
    { 17, 21, 267, 2, 21, 90, 2061 }, // U+0113
    { 19, 28, 267, 1, 28, 133, 2151 }, // U+0114
    { 17, 23, 267, 2, 23, 98, 2284 }, // U+0115
    { 18, 27, 267, 1, 27, 122, 2382 }, // U+0116
    { 16, 22, 267, 2, 22, 88, 2504 }, // U+0117
    { 18, 25, 267, 1, 20, 113, 2592 }, // U+0118
    { 16, 21, 267, 2, 16, 84, 2705 }, // U+0119
    { 18, 28, 267, 1, 28, 126, 2789 }, // U+011A
    { 16, 23, 267, 2, 23, 92, 2915 }, // U+011B
    { 17, 28, 267, 2, 28, 119, 3007 }, // U+011C
    { 18, 28, 267, 0, 23, 126, 3126 }, // U+011D
    { 18, 28, 267, 2, 28, 126, 3252 }, // U+011E
    { 19, 28, 267, 0, 23, 133, 3378 }, // U+011F
    { 17, 27, 267, 2, 27, 115, 3511 }, // U+0120
    { 18, 27, 267, 0, 22, 122, 3626 }, // U+0121
    { 17, 26, 267, 2, 20, 111, 3748 }, // U+0122
    { 18, 28, 267, 0, 23, 126, 3859 }, // U+0123
    { 20, 28, 267, 0, 28, 140, 3985 }, // U+0124
    { 16, 27, 267, 1, 27, 108, 4125 }, // U+0125
    { 19, 20, 267, 1, 20, 95, 4233 }, // U+0126
    { 16, 23, 267, 1, 23, 92, 4328 }, // U+0127
    { 19, 27, 267, 1, 27, 129, 4420 }, // U+0128
    { 14, 22, 267, 3, 22, 77, 4549 }, // U+0129
    { 19, 26, 267, 1, 26, 124, 4626 }, // U+012A
    { 14, 21, 267, 3, 21, 74, 4750 }, // U+012B
    { 19, 28, 267, 1, 28, 133, 4824 }, // U+012C
    { 14, 23, 267, 3, 23, 81, 4957 }, // U+012D
    { 19, 25, 267, 1, 20, 119, 5038 }, // U+012E
    { 13, 28, 267, 3, 23, 91, 5157 }, // U+012F
    { 19, 27, 267, 1, 27, 129, 5248 }, // U+0130
    { 13, 16, 267, 3, 16, 52, 5377 }, // U+0131
    { 20, 20, 267, 0, 20, 100, 5429 }, // U+0132
    { 17, 29, 267, 2, 23, 124, 5529 }, // U+0133
    { 18, 28, 267, 1, 28, 126, 5653 }, // U+0134
    { 18, 28, 267, -1, 23, 126, 5779 }, // U+0135
    { 19, 26, 267, 1, 20, 124, 5905 }, // U+0136
    { 18, 29, 267, 1, 23, 131, 6029 }, // U+0137
    { 18, 16, 267, 1, 16, 72, 6160 }, // U+0138
    { 14, 28, 267, 1, 28, 98, 6232 }, // U+0139
    { 13, 27, 267, 4, 27, 88, 6330 }, // U+013A
    { 14, 26, 267, 1, 20, 91, 6418 }, // U+013B
    { 12, 29, 267, 4, 23, 87, 6509 }, // U+013C
    { 16, 21, 267, 1, 21, 84, 6596 }, // U+013D
    { 17, 23, 267, 4, 23, 98, 6680 }, // U+013E
    { 16, 20, 267, 1, 20, 80, 6778 }, // U+013F
    { 16, 23, 267, 4, 23, 92, 6858 }, // U+0140
    { 14, 20, 267, 1, 20, 70, 6950 }, // U+0141
    { 12, 23, 267, 4, 23, 69, 7020 }, // U+0142
    { 20, 28, 267, 0, 28, 140, 7089 }, // U+0143
    { 16, 23, 267, 1, 23, 92, 7229 }, // U+0144
    { 20, 26, 267, 0, 20, 130, 7321 }, // U+0145
    { 16, 22, 267, 1, 16, 88, 7451 }, // U+0146
    { 20, 28, 267, 0, 28, 140, 7539 }, // U+0147
    { 17, 23, 267, 1, 23, 98, 7679 }, // U+0148
    { 16, 23, 267, 1, 23, 92, 7777 }, // U+0149
    { 20, 26, 267, 0, 20, 130, 7869 }, // U+014A
    { 16, 21, 267, 1, 16, 84, 7999 }, // U+014B
    { 17, 26, 267, 2, 26, 111, 8083 }, // U+014C
    { 16, 21, 267, 2, 21, 84, 8194 }, // U+014D
    { 17, 28, 267, 2, 28, 119, 8278 }, // U+014E
    { 16, 23, 267, 2, 23, 92, 8397 }, // U+014F
    { 19, 28, 267, 2, 28, 133, 8489 }, // U+0150
    { 18, 23, 267, 2, 23, 104, 8622 }, // U+0151
    { 20, 20, 267, 1, 20, 100, 8726 }, // U+0152
    { 18, 16, 267, 1, 16, 72, 8826 }, // U+0153
    { 17, 28, 267, 1, 28, 119, 8898 }, // U+0154
    { 16, 23, 267, 2, 23, 92, 9017 }, // U+0155
    { 17, 26, 267, 1, 20, 111, 9109 }, // U+0156
    { 20, 22, 267, -2, 16, 110, 9220 }, // U+0157
    { 17, 28, 267, 1, 28, 119, 9330 }, // U+0158
    { 17, 23, 267, 2, 23, 98, 9449 }, // U+0159
    { 17, 28, 267, 1, 28, 119, 9547 }, // U+015A
    { 16, 23, 267, 1, 23, 92, 9666 }, // U+015B
    { 17, 28, 267, 1, 28, 119, 9758 }, // U+015C
    { 16, 23, 267, 1, 23, 92, 9877 }, // U+015D
    { 17, 25, 267, 1, 20, 107, 9969 }, // U+015E
    { 16, 21, 267, 1, 16, 84, 10076 }, // U+015F
    { 18, 28, 267, 1, 28, 126, 10160 }, // U+0160
    { 17, 23, 267, 1, 23, 98, 10286 }, // U+0161
    { 18, 26, 267, 2, 20, 117, 10384 }, // U+0162
    { 15, 26, 267, 3, 21, 98, 10501 }, // U+0163
    { 16, 28, 267, 4, 28, 112, 10599 }, // U+0164
    { 16, 23, 267, 3, 23, 92, 10711 }, // U+0165
    { 17, 20, 267, 3, 20, 85, 10803 }, // U+0166
    { 16, 21, 267, 2, 21, 84, 10888 }, // U+0167
    { 18, 27, 267, 2, 27, 122, 10972 }, // U+0168
    { 16, 22, 267, 2, 22, 88, 11094 }, // U+0169
    { 18, 26, 267, 2, 26, 117, 11182 }, // U+016A
    { 16, 21, 267, 2, 21, 84, 11299 }, // U+016B
    { 18, 28, 267, 2, 28, 126, 11383 }, // U+016C
    { 16, 23, 267, 2, 23, 92, 11509 }, // U+016D
    { 17, 27, 267, 2, 27, 115, 11601 }, // U+016E
    { 16, 24, 267, 2, 24, 96, 11716 }, // U+016F
    { 19, 28, 267, 2, 28, 133, 11812 }, // U+0170
    { 18, 23, 267, 2, 23, 104, 11945 }, // U+0171
    { 18, 26, 267, 2, 20, 117, 12049 }, // U+0172
    { 16, 21, 267, 2, 16, 84, 12166 }, // U+0173
    { 20, 28, 267, 1, 28, 140, 12250 }, // U+0174
    { 18, 23, 267, 2, 23, 104, 12390 }, // U+0175
    { 17, 28, 267, 4, 28, 119, 12494 }, // U+0176
    { 21, 28, 267, -2, 23, 147, 12613 }, // U+0177
    { 17, 27, 267, 4, 27, 115, 12760 }, // U+0178
    { 19, 28, 267, 0, 28, 133, 12875 }, // U+0179
    { 17, 23, 267, 1, 23, 98, 13008 }, // U+017A
    { 19, 27, 267, 0, 27, 129, 13106 }, // U+017B
    { 17, 22, 267, 1, 22, 94, 13235 }, // U+017C
    { 19, 28, 267, 0, 28, 133, 13329 }, // U+017D
    { 17, 23, 267, 1, 23, 98, 13462 }, // U+017E
    { 22, 28, 267, -2, 23, 154, 13560 }, // U+017F
    { 18, 23, 267, 2, 23, 104, 0 }, // U+01A0
    { 18, 19, 267, 2, 19, 86, 104 }, // U+01A1
    { 20, 23, 267, 2, 23, 115, 190 }, // U+01AF
    { 19, 19, 267, 1, 19, 91, 305 }, // U+01B0
    { 23, 27, 267, 0, 27, 156, 396 }, // U+01C4
    { 21, 23, 267, 0, 23, 121, 552 }, // U+01C5
    { 22, 23, 267, 0, 23, 127, 673 }, // U+01C6
    { 22, 20, 267, -1, 20, 110, 800 }, // U+01C7
    { 20, 28, 267, 0, 23, 140, 910 }, // U+01C8
    { 19, 28, 267, 2, 23, 133, 1050 }, // U+01C9
    { 22, 20, 267, -1, 20, 110, 1183 }, // U+01CA
    { 20, 28, 267, 0, 23, 140, 1293 }, // U+01CB
    { 21, 28, 267, 0, 23, 147, 1433 }, // U+01CC
    { 19, 28, 267, -1, 28, 133, 1580 }, // U+01CD
    { 16, 23, 267, 2, 23, 92, 1713 }, // U+01CE
    { 19, 28, 267, 1, 28, 133, 1805 }, // U+01CF
    { 13, 23, 267, 3, 23, 75, 1938 }, // U+01D0
    { 17, 28, 267, 2, 28, 119, 2013 }, // U+01D1
    { 16, 23, 267, 2, 23, 92, 2132 }, // U+01D2
    { 18, 28, 267, 2, 28, 126, 2224 }, // U+01D3
    { 16, 23, 267, 2, 23, 92, 2350 }, // U+01D4
    { 17, 27, 267, 2, 27, 115, 2442 }, // U+01D5
    { 16, 24, 267, 2, 24, 96, 2557 }, // U+01D6
    { 17, 27, 267, 2, 27, 115, 2653 }, // U+01D7
    { 16, 26, 267, 2, 26, 104, 2768 }, // U+01D8
    { 17, 27, 267, 2, 27, 115, 2872 }, // U+01D9
    { 16, 25, 267, 2, 25, 100, 2987 }, // U+01DA
    { 17, 27, 267, 2, 27, 115, 3087 }, // U+01DB
    { 16, 26, 267, 2, 26, 104, 3202 }, // U+01DC
    { 16, 16, 267, 1, 16, 64, 3306 }, // U+01DD
    { 19, 27, 267, -1, 27, 129, 3370 }, // U+01DE
    { 16, 24, 267, 2, 24, 96, 3499 }, // U+01DF
    { 19, 27, 267, -1, 27, 129, 3595 }, // U+01E0
    { 16, 24, 267, 2, 24, 96, 3724 }, // U+01E1
    { 23, 26, 267, -1, 26, 150, 3820 }, // U+01E2
    { 18, 21, 267, 0, 21, 95, 3970 }, // U+01E3
    { 17, 20, 267, 2, 20, 85, 4065 }, // U+01E4
    { 19, 21, 267, 0, 16, 100, 4150 }, // U+01E5
    { 18, 28, 267, 2, 28, 126, 4250 }, // U+01E6
    { 19, 28, 267, 0, 23, 133, 4376 }, // U+01E7
    { 19, 28, 267, 1, 28, 133, 4509 }, // U+01E8
    { 18, 27, 267, 1, 27, 122, 4642 }, // U+01E9
    { 16, 25, 267, 2, 20, 100, 4764 }, // U+01EA
    { 15, 21, 267, 2, 16, 79, 4864 }, // U+01EB
    { 17, 31, 267, 2, 26, 132, 4943 }, // U+01EC
    { 16, 26, 267, 2, 21, 104, 5075 }, // U+01ED
    { 19, 28, 267, 0, 28, 133, 5179 }, // U+01EE
    { 18, 28, 267, 0, 23, 126, 5312 }, // U+01EF
    { 18, 28, 267, -1, 23, 126, 5438 }, // U+01F0
    { 21, 20, 267, 0, 20, 105, 5564 }, // U+01F1
    { 20, 20, 267, 0, 20, 100, 5669 }, // U+01F2
    { 20, 23, 267, 0, 23, 115, 5769 }, // U+01F3
    { 17, 28, 267, 2, 28, 119, 5884 }, // U+01F4
    { 18, 28, 267, 0, 23, 126, 6003 }, // U+01F5
    { 19, 20, 267, 0, 20, 95, 6129 }, // U+01F6
    { 19, 25, 267, 0, 20, 119, 6224 }, // U+01F7
    { 20, 28, 267, 0, 28, 140, 6343 }, // U+01F8
    { 16, 23, 267, 1, 23, 92, 6483 }, // U+01F9
    { 18, 27, 267, -1, 27, 122, 6575 }, // U+01FA
    { 16, 27, 267, 2, 27, 108, 6697 }, // U+01FB
    { 21, 28, 267, -1, 28, 147, 6805 }, // U+01FC
    { 18, 23, 267, 0, 23, 104, 6952 }, // U+01FD
    { 18, 29, 267, 1, 28, 131, 7056 }, // U+01FE
    { 17, 25, 267, 2, 23, 107, 7187 }, // U+01FF
    { 20, 28, 267, -1, 28, 140, 7294 }, // U+0200
    { 16, 23, 267, 2, 23, 92, 7434 }, // U+0201
    { 19, 27, 267, -1, 27, 129, 7526 }, // U+0202
    { 16, 22, 267, 2, 22, 88, 7655 }, // U+0203
    { 18, 28, 267, 1, 28, 126, 7743 }, // U+0204
    { 16, 23, 267, 2, 23, 92, 7869 }, // U+0205
    { 18, 27, 267, 1, 27, 122, 7961 }, // U+0206
    { 16, 22, 267, 2, 22, 88, 8083 }, // U+0207
    { 19, 28, 267, 1, 28, 133, 8171 }, // U+0208
    { 14, 23, 267, 3, 23, 81, 8304 }, // U+0209
    { 19, 27, 267, 1, 27, 129, 8385 }, // U+020A
    { 13, 22, 267, 3, 22, 72, 8514 }, // U+020B
    { 16, 28, 267, 2, 28, 112, 8586 }, // U+020C
    { 16, 23, 267, 2, 23, 92, 8698 }, // U+020D
    { 16, 27, 267, 2, 27, 108, 8790 }, // U+020E
    { 15, 22, 267, 2, 22, 83, 8898 }, // U+020F
    { 17, 28, 267, 1, 28, 119, 8981 }, // U+0210
    { 16, 23, 267, 2, 23, 92, 9100 }, // U+0211
    { 17, 27, 267, 1, 27, 115, 9192 }, // U+0212
    { 16, 22, 267, 2, 22, 88, 9307 }, // U+0213
    { 18, 28, 267, 2, 28, 126, 9395 }, // U+0214
    { 16, 23, 267, 2, 23, 92, 9521 }, // U+0215
    { 18, 27, 267, 2, 27, 122, 9613 }, // U+0216
    { 16, 22, 267, 2, 22, 88, 9735 }, // U+0217
    { 17, 26, 267, 1, 20, 111, 9823 }, // U+0218
    { 16, 22, 267, 1, 16, 88, 9934 }, // U+0219
    { 18, 26, 267, 2, 20, 117, 10022 }, // U+021A
    { 15, 27, 267, 3, 21, 102, 10139 }, // U+021B
    { 20, 25, 267, -2, 20, 125, 10241 }, // U+021C
    { 18, 21, 267, -1, 16, 95, 10366 }, // U+021D
    { 20, 28, 267, 0, 28, 140, 10461 }, // U+021E
    { 16, 27, 267, 1, 27, 108, 10601 }, // U+021F
    { 10, 5, 267, 7, 22, 13, 0 }, // U+0311
    { 18, 28, 267, 1, 28, 126, 0 }, // U+0400
    { 18, 27, 267, 1, 27, 122, 126 }, // U+0401
    { 15, 20, 267, 2, 20, 75, 248 }, // U+0402
    { 20, 28, 267, 0, 28, 140, 323 }, // U+0403
    { 17, 20, 267, 2, 20, 85, 463 }, // U+0404
    { 17, 20, 267, 1, 20, 85, 548 }, // U+0405
    { 19, 20, 267, 1, 20, 95, 633 }, // U+0406
    { 19, 27, 267, 1, 27, 129, 728 }, // U+0407
    { 18, 20, 267, 1, 20, 90, 857 }, // U+0408
    { 19, 20, 267, -1, 20, 95, 947 }, // U+0409
    { 18, 20, 267, 0, 20, 90, 1042 }, // U+040A
    { 16, 20, 267, 2, 20, 80, 1132 }, // U+040B
    { 19, 28, 267, 1, 28, 133, 1212 }, // U+040C
    { 20, 28, 267, 0, 28, 140, 1345 }, // U+040D
    { 21, 28, 267, 0, 28, 147, 1485 }, // U+040E
    { 20, 25, 267, 0, 20, 125, 1632 }, // U+040F
    { 17, 20, 267, -1, 20, 85, 1757 }, // U+0410
    { 17, 20, 267, 1, 20, 85, 1842 }, // U+0411
    { 17, 20, 267, 1, 20, 85, 1927 }, // U+0412
    { 20, 20, 267, 0, 20, 100, 2012 }, // U+0413
    { 21, 25, 267, -2, 20, 132, 2112 }, // U+0414
    { 18, 20, 267, 1, 20, 90, 2244 }, // U+0415
    { 22, 20, 267, -1, 20, 110, 2334 }, // U+0416
    { 18, 20, 267, 0, 20, 90, 2444 }, // U+0417
    { 20, 20, 267, 0, 20, 100, 2534 }, // U+0418
    { 20, 28, 267, 0, 28, 140, 2634 }, // U+0419
    { 19, 20, 267, 1, 20, 95, 2774 }, // U+041A
    { 20, 20, 267, 0, 20, 100, 2869 }, // U+041B
    { 20, 20, 267, 0, 20, 100, 2969 }, // U+041C
    { 20, 20, 267, 0, 20, 100, 3069 }, // U+041D
    { 16, 20, 267, 2, 20, 80, 3169 }, // U+041E
    { 20, 20, 267, 0, 20, 100, 3249 }, // U+041F
    { 18, 20, 267, 1, 20, 90, 3349 }, // U+0420
    { 17, 20, 267, 2, 20, 85, 3439 }, // U+0421
    { 16, 20, 267, 4, 20, 80, 3524 }, // U+0422
    { 21, 20, 267, 0, 20, 105, 3604 }, // U+0423
    { 17, 22, 267, 2, 22, 94, 3709 }, // U+0424
    { 21, 20, 267, 0, 20, 105, 3803 }, // U+0425
    { 19, 25, 267, 0, 20, 119, 3908 }, // U+0426
    { 17, 20, 267, 3, 20, 85, 4027 }, // U+0427
    { 20, 20, 267, 0, 20, 100, 4112 }, // U+0428
    { 20, 25, 267, 0, 20, 125, 4212 }, // U+0429
    { 15, 20, 267, 2, 20, 75, 4337 }, // U+042A
    { 20, 20, 267, 0, 20, 100, 4412 }, // U+042B
    { 16, 20, 267, 1, 20, 80, 4512 }, // U+042C
    { 18, 20, 267, 0, 20, 90, 4592 }, // U+042D
    { 19, 20, 267, 0, 20, 95, 4682 }, // U+042E
    { 19, 20, 267, 0, 20, 95, 4777 }, // U+042F
    { 16, 16, 267, 2, 16, 64, 4872 }, // U+0430
    { 17, 23, 267, 2, 23, 98, 4936 }, // U+0431
    { 16, 16, 267, 1, 16, 64, 5034 }, // U+0432
    { 15, 16, 267, 2, 16, 60, 5098 }, // U+0433
    { 15, 23, 267, 2, 23, 87, 5158 }, // U+0434
    { 16, 16, 267, 2, 16, 64, 5245 }, // U+0435
    { 21, 16, 267, -1, 16, 84, 5309 }, // U+0436
    { 16, 16, 267, 1, 16, 64, 5393 }, // U+0437
    { 16, 16, 267, 2, 16, 64, 5457 }, // U+0438
    { 16, 23, 267, 2, 23, 92, 5521 }, // U+0439
    { 18, 16, 267, 1, 16, 72, 5613 }, // U+043A
    { 18, 16, 267, 0, 16, 72, 5685 }, // U+043B
    { 18, 16, 267, 0, 16, 72, 5757 }, // U+043C
    { 17, 16, 267, 1, 16, 68, 5829 }, // U+043D
    { 15, 16, 267, 2, 16, 60, 5897 }, // U+043E
    { 16, 16, 267, 1, 16, 64, 5957 }, // U+043F
    { 18, 21, 267, -1, 16, 95, 6021 }, // U+0440
    { 16, 16, 267, 2, 16, 64, 6116 }, // U+0441
    { 18, 16, 267, 0, 16, 72, 6180 }, // U+0442
    { 21, 21, 267, -2, 16, 111, 6252 }, // U+0443
    { 17, 28, 267, 1, 23, 119, 6363 }, // U+0444
    { 19, 16, 267, 0, 16, 76, 6482 }, // U+0445
    { 15, 20, 267, 2, 16, 75, 6558 }, // U+0446
    { 16, 16, 267, 2, 16, 64, 6633 }, // U+0447
    { 18, 16, 267, 1, 16, 72, 6697 }, // U+0448
    { 17, 20, 267, 1, 16, 85, 6769 }, // U+0449
    { 15, 16, 267, 2, 16, 60, 6854 }, // U+044A
    { 19, 16, 267, 0, 16, 76, 6914 }, // U+044B
    { 16, 16, 267, 1, 16, 64, 6990 }, // U+044C
    { 16, 16, 267, 1, 16, 64, 7054 }, // U+044D
    { 18, 16, 267, 0, 16, 72, 7118 }, // U+044E
    { 18, 16, 267, 0, 16, 72, 7190 }, // U+044F
    { 16, 23, 267, 2, 23, 92, 7262 }, // U+0450
    { 16, 22, 267, 2, 22, 88, 7354 }, // U+0451
    { 16, 28, 267, 1, 23, 112, 7442 }, // U+0452
    { 15, 23, 267, 2, 23, 87, 7554 }, // U+0453
    { 16, 16, 267, 2, 16, 64, 7641 }, // U+0454
    { 16, 16, 267, 1, 16, 64, 7705 }, // U+0455
    { 13, 23, 267, 3, 23, 75, 7769 }, // U+0456
    { 14, 22, 267, 3, 22, 77, 7844 }, // U+0457
    { 17, 28, 267, -1, 23, 119, 7921 }, // U+0458
    { 18, 16, 267, -1, 16, 72, 8040 }, // U+0459
    { 17, 16, 267, 0, 16, 68, 8112 }, // U+045A
    { 16, 23, 267, 1, 23, 92, 8180 }, // U+045B
    { 18, 23, 267, 1, 23, 104, 8272 }, // U+045C
    { 16, 23, 267, 2, 23, 92, 8376 }, // U+045D
    { 21, 28, 267, -2, 23, 147, 8468 }, // U+045E
    { 16, 21, 267, 2, 16, 84, 8615 }, // U+045F
    { 15, 22, 267, 2, 22, 83, 8699 }, // U+0462
    { 17, 16, 267, 0, 16, 68, 8782 }, // U+0463
    { 16, 20, 267, 2, 20, 80, 8850 }, // U+0472
    { 15, 16, 267, 2, 16, 60, 8930 }, // U+0473
    { 18, 20, 267, 4, 20, 90, 8990 }, // U+0474
    { 17, 16, 267, 3, 16, 68, 9080 }, // U+0475
    { 19, 32, 267, 0, 27, 152, 9148 }, // U+048A
    { 16, 28, 267, 2, 23, 112, 9300 }, // U+048B
    { 16, 20, 267, 1, 20, 80, 9412 }, // U+048C
    { 15, 16, 267, 2, 16, 60, 9492 }, // U+048D
    { 18, 20, 267, 1, 20, 90, 9552 }, // U+048E
    { 18, 21, 267, -1, 16, 95, 9642 }, // U+048F
    { 21, 24, 267, 0, 24, 126, 9737 }, // U+0490
    { 17, 20, 267, 2, 20, 85, 9863 }, // U+0491
    { 20, 20, 267, 0, 20, 100, 9948 }, // U+0492
    { 15, 16, 267, 2, 16, 60, 10048 }, // U+0493
    { 17, 25, 267, 1, 20, 107, 10108 }, // U+0494
    { 16, 21, 267, 1, 16, 84, 10215 }, // U+0495
    { 22, 25, 267, -1, 20, 138, 10299 }, // U+0496
    { 21, 20, 267, -1, 16, 105, 10437 }, // U+0497
    { 18, 25, 267, 0, 20, 113, 10542 }, // U+0498
    { 16, 21, 267, 1, 16, 84, 10655 }, // U+0499
    { 19, 25, 267, 1, 20, 119, 10739 }, // U+049A
    { 18, 20, 267, 1, 16, 90, 10858 }, // U+049B
    { 21, 20, 267, 0, 20, 105, 10948 }, // U+049C
    { 20, 16, 267, 0, 16, 80, 11053 }, // U+049D
    { 20, 22, 267, 1, 22, 110, 11133 }, // U+049E
    { 18, 17, 267, 1, 17, 77, 11243 }, // U+049F
    { 19, 20, 267, 2, 20, 95, 11320 }, // U+04A0
    { 17, 16, 267, 2, 16, 68, 11415 }, // U+04A1
    { 19, 25, 267, 0, 20, 119, 11483 }, // U+04A2
    { 17, 20, 267, 1, 16, 85, 11602 }, // U+04A3
    { 21, 20, 267, 0, 20, 105, 11687 }, // U+04A4
    { 18, 16, 267, 1, 16, 72, 11792 }, // U+04A5
    { 17, 25, 267, 0, 20, 107, 11864 }, // U+04A6
    { 18, 21, 267, -1, 16, 95, 11971 }, // U+04A7
    { 17, 25, 267, 1, 20, 107, 12066 }, // U+04A8
    { 15, 21, 267, 2, 16, 79, 12173 }, // U+04A9
    { 17, 26, 267, 2, 20, 111, 12252 }, // U+04AA
    { 16, 21, 267, 2, 16, 84, 12363 }, // U+04AB
    { 16, 25, 267, 4, 20, 100, 12447 }, // U+04AC
    { 18, 20, 267, 0, 16, 90, 12547 }, // U+04AD
    { 17, 20, 267, 4, 20, 85, 12637 }, // U+04AE
    { 16, 21, 267, 3, 16, 84, 12722 }, // U+04AF
    { 19, 20, 267, 2, 20, 95, 12806 }, // U+04B0
    { 18, 21, 267, 1, 16, 95, 12901 }, // U+04B1
    { 19, 23, 267, 0, 18, 110, 12996 }, // U+04B2
    { 18, 20, 267, 0, 16, 90, 13106 }, // U+04B3
    { 18, 25, 267, 2, 20, 113, 13196 }, // U+04B4
    { 16, 20, 267, 2, 16, 80, 13309 }, // U+04B5
    { 16, 25, 267, 3, 20, 100, 13389 }, // U+04B6
    { 15, 21, 267, 3, 16, 79, 13489 }, // U+04B7
    { 17, 20, 267, 3, 20, 85, 13568 }, // U+04B8
    { 16, 16, 267, 3, 16, 64, 13653 }, // U+04B9
    { 16, 20, 267, 1, 20, 80, 13717 }, // U+04BA
    { 16, 23, 267, 1, 23, 92, 13797 }, // U+04BB
    { 17, 20, 267, 2, 20, 85, 13889 }, // U+04BC
    { 17, 16, 267, 1, 16, 68, 13974 }, // U+04BD
    { 17, 24, 267, 2, 20, 102, 14042 }, // U+04BE
    { 17, 20, 267, 1, 16, 85, 14144 }, // U+04BF
    { 19, 20, 267, 1, 20, 95, 14229 }, // U+04C0
    { 22, 28, 267, -1, 28, 154, 14324 }, // U+04C1
    { 21, 23, 267, -1, 23, 121, 14478 }, // U+04C2
    { 20, 25, 267, 1, 20, 125, 14599 }, // U+04C3
    { 18, 21, 267, 1, 16, 95, 14724 }, // U+04C4
    { 19, 25, 267, 0, 20, 119, 14819 }, // U+04C5
    { 18, 21, 267, 0, 16, 95, 14938 }, // U+04C6
    { 20, 25, 267, 0, 20, 125, 15033 }, // U+04C7
    { 17, 21, 267, 1, 16, 90, 15158 }, // U+04C8
    { 19, 25, 267, 0, 20, 119, 15248 }, // U+04C9
    { 17, 21, 267, 1, 16, 90, 15367 }, // U+04CA
    { 17, 25, 267, 3, 20, 107, 15457 }, // U+04CB
    { 16, 20, 267, 2, 16, 80, 15564 }, // U+04CC
    { 19, 25, 267, 0, 20, 119, 15644 }, // U+04CD
    { 17, 21, 267, 0, 16, 90, 15763 }, // U+04CE
    { 19, 20, 267, 1, 20, 95, 15853 }, // U+04CF
    { 20, 28, 267, -1, 28, 140, 15948 }, // U+04D0
    { 17, 23, 267, 2, 23, 98, 16088 }, // U+04D1
    { 20, 27, 267, -1, 27, 135, 16186 }, // U+04D2
    { 17, 22, 267, 2, 22, 94, 16321 }, // U+04D3
    { 21, 20, 267, -1, 20, 105, 16415 }, // U+04D4
    { 18, 16, 267, 0, 16, 72, 16520 }, // U+04D5
    { 19, 28, 267, 1, 28, 133, 16592 }, // U+04D6
    { 16, 23, 267, 2, 23, 92, 16725 }, // U+04D7
    { 16, 20, 267, 2, 20, 80, 16817 }, // U+04D8
    { 16, 16, 267, 1, 16, 64, 16897 }, // U+04D9
    { 16, 27, 267, 2, 27, 108, 16961 }, // U+04DA
    { 17, 22, 267, 1, 22, 94, 17069 }, // U+04DB
    { 22, 27, 267, -1, 27, 149, 17163 }, // U+04DC
    { 21, 22, 267, -1, 22, 116, 17312 }, // U+04DD
    { 19, 27, 267, 0, 27, 129, 17428 }, // U+04DE
    { 17, 22, 267, 1, 22, 94, 17557 }, // U+04DF
    { 19, 20, 267, 0, 20, 95, 17651 }, // U+04E0
    { 18, 21, 267, 0, 16, 95, 17746 }, // U+04E1
    { 20, 26, 267, 0, 26, 130, 17841 }, // U+04E2
    { 16, 21, 267, 2, 21, 84, 17971 }, // U+04E3
    { 20, 27, 267, 0, 27, 135, 18055 }, // U+04E4
    { 16, 22, 267, 2, 22, 88, 18190 }, // U+04E5
    { 17, 27, 267, 2, 27, 115, 18278 }, // U+04E6
    { 16, 22, 267, 2, 22, 88, 18393 }, // U+04E7
    { 16, 20, 267, 2, 20, 80, 18481 }, // U+04E8
    { 15, 16, 267, 2, 16, 60, 18561 }, // U+04E9
    { 17, 27, 267, 2, 27, 115, 18621 }, // U+04EA
    { 16, 22, 267, 2, 22, 88, 18736 }, // U+04EB
    { 19, 27, 267, 0, 27, 129, 18824 }, // U+04EC
    { 17, 22, 267, 1, 22, 94, 18953 }, // U+04ED
    { 21, 26, 267, 0, 26, 137, 19047 }, // U+04EE
    { 21, 26, 267, -2, 21, 137, 19184 }, // U+04EF
    { 21, 27, 267, 0, 27, 142, 19321 }, // U+04F0
    { 21, 27, 267, -2, 22, 142, 19463 }, // U+04F1
    { 22, 28, 267, 0, 28, 154, 19605 }, // U+04F2
    { 23, 28, 267, -2, 23, 161, 19759 }, // U+04F3
    { 17, 27, 267, 3, 27, 115, 19920 }, // U+04F4
    { 16, 22, 267, 2, 22, 88, 20035 }, // U+04F5
    { 20, 25, 267, 0, 20, 125, 20123 }, // U+04F6
    { 15, 20, 267, 2, 16, 75, 20248 }, // U+04F7
    { 20, 27, 267, 0, 27, 135, 20323 }, // U+04F8
    { 19, 22, 267, 0, 22, 105, 20458 }, // U+04F9
    { 17, 28, 267, 4, 28, 119, 0 }, // U+1EF2
    { 21, 28, 267, -2, 23, 147, 119 }, // U+1EF3
    { 15, 3, 267, 2, 10, 12, 0 }, // U+2013
    { 18, 3, 267, 1, 10, 14, 12 }, // U+2014
    { 18, 3, 267, 1, 10, 14, 26 }, // U+2015
    { 9, 11, 267, 8, 24, 25, 40 }, // U+2018
    { 9, 11, 267, 7, 24, 25, 65 }, // U+2019
    { 9, 11, 267, 3, 6, 25, 90 }, // U+201A
    { 15, 10, 267, 5, 23, 38, 115 }, // U+201C
    { 15, 9, 267, 4, 23, 34, 153 }, // U+201D
    { 15, 9, 267, 0, 5, 34, 187 }, // U+201E
    { 14, 24, 267, 4, 20, 84, 221 }, // U+2020
    { 16, 24, 267, 2, 20, 96, 305 }, // U+2021
    { 10, 9, 267, 5, 15, 23, 401 }, // U+2022
    { 16, 4, 267, 0, 4, 16, 424 }, // U+2026
    { 19, 20, 267, 1, 20, 95, 440 }, // U+2030
    { 10, 14, 267, 5, 16, 35, 535 }, // U+2039
    { 10, 14, 267, 4, 16, 35, 570 }, // U+203A
    { 20, 20, 267, 0, 20, 100, 605 }, // U+2044
    { 11, 11, 267, 6, 20, 31, 0 }, // U+2070
    { 12, 11, 267, 5, 20, 33, 31 }, // U+2074
    { 12, 11, 267, 5, 20, 33, 64 }, // U+2075
    { 10, 11, 267, 6, 20, 28, 97 }, // U+2076
    { 11, 11, 267, 7, 20, 31, 125 }, // U+2077
    { 12, 11, 267, 5, 20, 33, 156 }, // U+2078
    { 11, 11, 267, 6, 20, 31, 189 }, // U+2079
    { 11, 11, 267, 4, 11, 31, 220 }, // U+2080
    { 10, 11, 267, 3, 11, 28, 251 }, // U+2081
    { 11, 11, 267, 3, 11, 31, 279 }, // U+2082
    { 11, 12, 267, 3, 11, 33, 310 }, // U+2083
    { 12, 11, 267, 3, 11, 33, 343 }, // U+2084
    { 12, 11, 267, 3, 11, 33, 376 }, // U+2085
    { 10, 11, 267, 4, 11, 28, 409 }, // U+2086
    { 11, 11, 267, 5, 11, 31, 437 }, // U+2087
    { 12, 11, 267, 3, 11, 33, 468 }, // U+2088
    { 11, 11, 267, 4, 11, 31, 501 }, // U+2089
    { 18, 20, 267, 2, 20, 90, 0 }, // U+20AC
    { 17, 20, 267, 3, 20, 85, 90 }, // U+20AE
    { 18, 20, 267, 1, 20, 90, 175 }, // U+20B4
    { 19, 20, 267, 2, 20, 95, 265 }, // U+20B9
    { 17, 23, 267, 2, 23, 98, 0 }, // U+2202
    { 17, 20, 267, -1, 20, 85, 98 }, // U+2206
    { 20, 23, 267, 0, 20, 115, 183 }, // U+220F
    { 21, 23, 267, -1, 20, 121, 298 }, // U+2211
    { 16, 3, 267, 2, 10, 12, 419 }, // U+2212
    { 20, 20, 267, 0, 20, 100, 431 }, // U+2215
    { 7, 6, 267, 6, 12, 11, 531 }, // U+2219
    { 20, 23, 267, 2, 23, 115, 542 }, // U+221A
    { 17, 10, 267, 1, 14, 43, 657 }, // U+221E
    { 20, 28, 267, -1, 23, 140, 700 }, // U+222B
    { 18, 13, 267, 1, 15, 59, 840 }, // U+2248
    { 17, 19, 267, 2, 18, 81, 899 }, // U+2260
    { 18, 18, 267, 1, 18, 81, 980 }, // U+2264
    { 18, 18, 267, 1, 18, 81, 1061 }, // U+2265
    { 24, 29, 267, -4, 23, 174, 0 }, // U+FB01
    { 24, 29, 267, -4, 23, 174, 174 }, // U+FB02
    { 17, 16, 267, 0, 16, 68, 0 }, // U+FFFD
};

static const EpdUnicodeInterval ubuntumono_16_bolditalicIntervals[] = {
    { 0x0, 0x0, 0x0 },
    { 0x8, 0x9, 0x1 },
    { 0xD, 0xD, 0x3 },
    { 0x1D, 0x1D, 0x4 },
    { 0x20, 0x7E, 0x5 },
    { 0xA0, 0xFF, 0x64 },
    { 0x100, 0x17F, 0xC4 },
    { 0x1A0, 0x1A1, 0x144 },
    { 0x1AF, 0x1B0, 0x146 },
    { 0x1C4, 0x21F, 0x148 },
    { 0x311, 0x311, 0x1A4 },
    { 0x400, 0x45F, 0x1A5 },
    { 0x462, 0x463, 0x205 },
    { 0x472, 0x475, 0x207 },
    { 0x48A, 0x4F9, 0x20B },
    { 0x1EF2, 0x1EF3, 0x27B },
    { 0x2013, 0x2015, 0x27D },
    { 0x2018, 0x201A, 0x280 },
    { 0x201C, 0x201E, 0x283 },
    { 0x2020, 0x2022, 0x286 },
    { 0x2026, 0x2026, 0x289 },
    { 0x2030, 0x2030, 0x28A },
    { 0x2039, 0x203A, 0x28B },
    { 0x2044, 0x2044, 0x28D },
    { 0x2070, 0x2070, 0x28E },
    { 0x2074, 0x2079, 0x28F },
    { 0x2080, 0x2089, 0x295 },
    { 0x20AC, 0x20AC, 0x29F },
    { 0x20AE, 0x20AE, 0x2A0 },
    { 0x20B4, 0x20B4, 0x2A1 },
    { 0x20B9, 0x20B9, 0x2A2 },
    { 0x2202, 0x2202, 0x2A3 },
    { 0x2206, 0x2206, 0x2A4 },
    { 0x220F, 0x220F, 0x2A5 },
    { 0x2211, 0x2212, 0x2A6 },
    { 0x2215, 0x2215, 0x2A8 },
    { 0x2219, 0x221A, 0x2A9 },
    { 0x221E, 0x221E, 0x2AB },
    { 0x222B, 0x222B, 0x2AC },
    { 0x2248, 0x2248, 0x2AD },
    { 0x2260, 0x2260, 0x2AE },
    { 0x2264, 0x2265, 0x2AF },
    { 0xFB01, 0xFB02, 0x2B1 },
    { 0xFFFD, 0xFFFD, 0x2B3 },
};

static const EpdFontGroup ubuntumono_16_bolditalicGroups[] = {
    { 0, 3639, 8166, 100, 0 },
    { 3639, 3159, 9191, 96, 100 },
    { 6798, 4265, 14908, 128, 196 },
    { 11063, 4065, 11445, 96, 324 },
    { 15128, 18, 15, 1, 420 },
    { 15146, 7723, 22166, 214, 421 },
    { 22869, 169, 308, 2, 635 },
    { 23038, 442, 772, 17, 637 },
    { 23480, 277, 564, 17, 654 },
    { 23757, 219, 400, 4, 671 },
    { 23976, 583, 1237, 14, 675 },
    { 24559, 175, 348, 2, 689 },
    { 24734, 73, 80, 1, 691 },
};

static const EpdFontData ubuntumono_16_bolditalic = {
    ubuntumono_16_bolditalicBitmaps,
    ubuntumono_16_bolditalicGlyphs,
    ubuntumono_16_bolditalicIntervals,
    44,
    33,
    28,
    -6,
    true,
    ubuntumono_16_bolditalicGroups,
    13,
    nullptr,
    nullptr,
    nullptr,
    nullptr,
    0,
    0,
    0,
    0,
    nullptr,
    0,
};
