/**
 * generated by fontconvert.py
 * name: ubuntumono_14_bolditalic
 * size: 14
 * mode: 2-bit  compressed: true
 * Command used: fontconvert.py ubuntumono_14_bolditalic 14 ../builtinFonts/source/UbuntuMono/UbuntuMono-BoldItalic.ttf --2bit --compress
 */
#pragma once
#include "EpdFontData.h"

static const uint8_t ubuntumono_14_bolditalicBitmaps[21010] = {
    0x9D, 0x58, 0x31, 0x8F, 0xDE, 0xC6, 0x11, 0x1D, 0x92, 0x81, 0x08, 0x87, 0x70, 0xE8, 0x22, 0x01,
    0x1C, 0x08, 0x08, 0x1B, 0x17, 0x31, 0x92, 0x98, 0x7F, 0xC0, 0xB9, 0xA5, 0xE5, 0xC2, 0x45, 0x0A,
    0xFD, 0x04, 0xA7, 0x0C, 0x90, 0xE2, 0x9A, 0x14, 0x2E, 0x74, 0x47, 0x3A, 0x2A, 0x52, 0xEA, 0x90,
    0x3F, 0xA0, 0x26, 0x5D, 0x80, 0x24, 0xA5, 0x03, 0xDC, 0x1D, 0x57, 0xBA, 0x42, 0x45, 0x0A, 0x53,
    0x52, 0x80, 0x14, 0x29, 0x4C, 0x5B, 0x02, 0x5C, 0xA4, 0x10, 0x15, 0xD1, 0x10, 0x15, 0x91, 0xDC,
    0xBC, 0x37, 0xBB, 0xDF, 0xDD, 0x77, 0xD2, 0x59, 0x71, 0xAC, 0x4F, 0x4B, 0xE9, 0xBE, 0xE3, 0xEE,
    0xCE, 0xCE, 0xBC, 0x79, 0xF3, 0x66, 0xA5, 0xB6, 0xD2, 0x36, 0xD2, 0x56, 0xE2, 0x04, 0x7F, 0xA3,
    0x55, 0xE2, 0x55, 0x92, 0x45, 0x92, 0x59, 0x92, 0x49, 0x92, 0x51, 0xD2, 0x41, 0xD2, 0x5E, 0xFC,
    0x9F, 0xC2, 0x8A, 0xE9, 0xA4, 0x6C, 0xA4, 0xB8, 0x3F, 0x97, 0x27, 0xB3, 0x39, 0x19, 0xCD, 0x07,
    0x83, 0x49, 0x87, 0xFD, 0xAC, 0xDB, 0xCB, 0xEC, 0xB5, 0xAC, 0x11, 0x99, 0x8D, 0x48, 0x3C, 0xEE,
    0x88, 0x24, 0xC3, 0xA1, 0x60, 0x26, 0x96, 0x71, 0xCE, 0x55, 0x7C, 0x48, 0xCA, 0x87, 0x98, 0xAC,
    0x13, 0xD9, 0xCF, 0xAD, 0xC8, 0x51, 0xC1, 0x09, 0x65, 0x25, 0x85, 0x73, 0xB3, 0x94, 0xCE, 0x4D,
    0x62, 0x9C, 0x1B, 0x25, 0xEB, 0x26, 0x91, 0xFC, 0xF6, 0x88, 0x0D, 0xDF, 0x1F, 0xC2, 0x04, 0xFC,
    0x83, 0xB1, 0x8F, 0x71, 0x24, 0x92, 0xB9, 0x03, 0xA9, 0xDD, 0x18, 0x39, 0x37, 0x24, 0x6B, 0x74,
    0x00, 0x43, 0x69, 0x2F, 0x76, 0x12, 0x89, 0x1C, 0x8C, 0xAD, 0xF1, 0x43, 0xAE, 0x3F, 0x60, 0x03,
    0xA3, 0xE3, 0x67, 0x38, 0x22, 0x16, 0xC7, 0xB4, 0x45, 0x2E, 0x39, 0x2C, 0x88, 0x57, 0x38, 0x22,
    0xCC, 0x95, 0xB2, 0x4A, 0x3B, 0x71, 0x36, 0xAF, 0xE2, 0x27, 0xDD, 0x8E, 0x24, 0xF7, 0x3A, 0x58,
    0x7D, 0x72, 0x0F, 0x07, 0x3F, 0xB9, 0x63, 0x25, 0xFD, 0xDB, 0xCD, 0x0A, 0x4B, 0xEF, 0xF1, 0x5D,
    0xBE, 0x9C, 0x3C, 0x85, 0x4D, 0xD9, 0x67, 0x98, 0x5B, 0xEC, 0xBC, 0x2B, 0xB2, 0xF7, 0x2E, 0x1E,
    0xE3, 0x47, 0xEF, 0x4A, 0xD2, 0x7F, 0xF2, 0x91, 0xE4, 0xF6, 0x93, 0x51, 0x4A, 0xA9, 0x7B, 0xB9,
    0x46, 0x3F, 0x49, 0xBA, 0x60, 0x75, 0x57, 0x49, 0xEB, 0xAC, 0x2C, 0xB9, 0x8D, 0x66, 0x8C, 0x09,
    0x27, 0x9E, 0x8F, 0xE1, 0x6D, 0xAC, 0xE6, 0xEE, 0x1E, 0x24, 0xEE, 0xFA, 0x90, 0x7F, 0x76, 0xBF,
    0x37, 0xA9, 0xB3, 0xFB, 0x89, 0x6B, 0x8E, 0x11, 0x86, 0x36, 0xA6, 0xA5, 0x0E, 0x16, 0x3F, 0x6A,
    0xB2, 0x67, 0x85, 0x35, 0xFC, 0x34, 0x75, 0xD5, 0xCA, 0xB1, 0x1C, 0xC2, 0x6C, 0xB8, 0x46, 0x5E,
    0xF3, 0x3E, 0x89, 0xB0, 0x7A, 0xBA, 0xC2, 0x18, 0xAC, 0x86, 0xE0, 0x08, 0x7E, 0x44, 0x04, 0xD5,
    0x1F, 0x19, 0x5E, 0xCB, 0x61, 0x6C, 0x81, 0xAF, 0x4B, 0x1B, 0x3C, 0x51, 0xBD, 0x30, 0xF0, 0x1D,
    0x0D, 0x45, 0x68, 0x25, 0x87, 0xEB, 0x10, 0x6E, 0x9D, 0xAB, 0xFE, 0xF9, 0x25, 0x8F, 0x8B, 0xEF,
    0x2D, 0x7F, 0x85, 0xDF, 0xC4, 0x93, 0x44, 0xF8, 0x1E, 0x67, 0x82, 0xF9, 0xED, 0xE6, 0x2F, 0xFE,
    0xBF, 0xF2, 0xCB, 0x78, 0xE6, 0x4C, 0x6C, 0x8A, 0x3D, 0x61, 0x49, 0xDB, 0xE0, 0x10, 0xD9, 0x2C,
    0x66, 0x90, 0xD6, 0x0A, 0x10, 0xF1, 0x56, 0x08, 0x62, 0x18, 0x6F, 0x97, 0xDF, 0x15, 0xF3, 0xA7,
    0x96, 0x21, 0xAF, 0x32, 0xFA, 0x02, 0x30, 0x8C, 0x9F, 0x0F, 0x92, 0x3D, 0xC1, 0x22, 0x9F, 0x63,
    0x27, 0x7B, 0x40, 0x28, 0x11, 0x49, 0x7E, 0x10, 0x86, 0x80, 0x02, 0xC0, 0xD2, 0x03, 0x2B, 0x1D,
    0xE6, 0x59, 0x44, 0xEE, 0x6C, 0xCD, 0x00, 0x0E, 0x99, 0x93, 0x35, 0x71, 0xC0, 0xC5, 0x22, 0x87,
    0xE9, 0x68, 0x10, 0x50, 0xFC, 0xDA, 0x35, 0xB5, 0xAB, 0x5A, 0x57, 0x01, 0x01, 0x99, 0x35, 0xBD,
    0x19, 0x4C, 0x47, 0xF0, 0xE9, 0x91, 0xD5, 0x37, 0x52, 0x63, 0x25, 0xE6, 0x80, 0x60, 0x5E, 0x70,
    0x41, 0x4A, 0x37, 0xD3, 0x81, 0xEA, 0x41, 0x75, 0x15, 0xCF, 0xAB, 0xC7, 0xE5, 0x69, 0x85, 0x29,
    0x02, 0x9B, 0x86, 0xCD, 0x42, 0xE6, 0x7F, 0x2E, 0xA4, 0x5B, 0xE9, 0x42, 0x92, 0xF1, 0xC8, 0xAE,
    0x8A, 0x71, 0x8C, 0x74, 0x2A, 0xBA, 0xBC, 0xCF, 0xBB, 0xC2, 0xE6, 0xBD, 0x69, 0xF2, 0xCE, 0xE4,
    0x57, 0xBB, 0xBA, 0xBC, 0x6A, 0x8F, 0xDF, 0x29, 0xEC, 0x82, 0x39, 0x0B, 0x42, 0xB5, 0x48, 0x8D,
    0x7D, 0x57, 0x69, 0xD3, 0x99, 0xD8, 0x07, 0xAA, 0x3A, 0x8D, 0xBB, 0x86, 0x31, 0xC2, 0x7E, 0x05,
    0xB2, 0xD7, 0x21, 0x77, 0x01, 0xF0, 0xF8, 0x2B, 0xEC, 0x7A, 0x65, 0xF6, 0xF6, 0x21, 0x87, 0x35,
    0xAA, 0x34, 0x93, 0x56, 0xE6, 0x9D, 0x8F, 0x36, 0x4C, 0x29, 0x15, 0x62, 0x8E, 0x21, 0x10, 0xB9,
    0xB4, 0xD2, 0x9E, 0x0E, 0xF6, 0x0C, 0x32, 0x21, 0x8A, 0xD5, 0x66, 0x22, 0x0D, 0x47, 0x3C, 0x09,
    0xB4, 0x0C, 0x47, 0x42, 0x3C, 0x05, 0x79, 0xC5, 0x83, 0xF1, 0x37, 0x0A, 0x2C, 0x47, 0xE7, 0x02,
    0xB6, 0xBA, 0x0E, 0x7E, 0x69, 0xB0, 0x86, 0x41, 0x4E, 0xFF, 0x90, 0x6F, 0x11, 0x32, 0x40, 0x0E,
    0x0D, 0xC8, 0x60, 0x74, 0xBE, 0x32, 0x39, 0x09, 0xBB, 0x2E, 0x18, 0xA4, 0x86, 0xBD, 0x2E, 0x75,
    0x07, 0x7B, 0x1A, 0x83, 0x33, 0x5C, 0x62, 0x12, 0x4B, 0x8A, 0x39, 0x05, 0x6C, 0xA8, 0x07, 0xEC,
    0x8D, 0x64, 0xC4, 0x97, 0xC5, 0xA7, 0x9D, 0xD4, 0x80, 0xE3, 0x5C, 0xD8, 0x64, 0x28, 0x2D, 0x3C,
    0xD5, 0x94, 0x95, 0xE1, 0x19, 0x06, 0xA4, 0x4B, 0x8F, 0xFD, 0x7B, 0x85, 0xA7, 0x6E, 0x19, 0xCE,
    0x9F, 0xD2, 0xA8, 0xDC, 0xAD, 0xE1, 0xA1, 0x61, 0x27, 0x6C, 0x14, 0x33, 0x52, 0x3F, 0x64, 0xB4,
    0xE8, 0x47, 0xC2, 0x49, 0xA2, 0x96, 0x91, 0x2E, 0xFA, 0x4D, 0xBC, 0x34, 0xAC, 0x78, 0x7C, 0x4F,
    0xC0, 0x93, 0x40, 0x1E, 0x8F, 0xB6, 0x4A, 0x30, 0x50, 0x76, 0x79, 0xA2, 0x01, 0xE1, 0x18, 0x22,
    0xF7, 0x77, 0xCD, 0xF5, 0x53, 0x8F, 0xFC, 0x79, 0xC4, 0xD7, 0xAB, 0x7A, 0xA4, 0xAD, 0xDA, 0x66,
    0x45, 0xD0, 0x39, 0x00, 0xF7, 0xAA, 0xFE, 0x98, 0x1E, 0x5F, 0x60, 0xCE, 0x28, 0x31, 0x56, 0xC4,
    0xB2, 0x03, 0x4E, 0x3E, 0x18, 0xB5, 0xBE, 0x6E, 0x14, 0x5F, 0x9A, 0xBF, 0x21, 0x77, 0x89, 0x97,
    0xD6, 0xE3, 0x89, 0x5F, 0xA7, 0x17, 0xA4, 0x75, 0x4D, 0x73, 0x2E, 0xAD, 0x15, 0x16, 0xEE, 0x71,
    0x92, 0x31, 0x5A, 0xD3, 0x29, 0x9E, 0xE3, 0x29, 0x9E, 0x92, 0x31, 0x9A, 0x11, 0x45, 0xB7, 0x6B,
    0xA5, 0x5E, 0xE1, 0xC8, 0x05, 0x19, 0xEA, 0xAA, 0xC2, 0x96, 0xD6, 0xE0, 0x69, 0x2A, 0xFC, 0x6B,
    0x5B, 0x4B, 0x04, 0xE4, 0x44, 0x0E, 0x98, 0x55, 0xA3, 0xDC, 0xBA, 0x06, 0xF4, 0xDA, 0x27, 0x73,
    0x3E, 0x64, 0x43, 0x3A, 0xE6, 0x7D, 0x32, 0xE6, 0x5D, 0xE2, 0xFF, 0x1D, 0xB3, 0x31, 0x25, 0xF5,
    0xD2, 0xDE, 0xF6, 0x66, 0xA7, 0xB8, 0x27, 0x02, 0x77, 0xE7, 0x10, 0xF8, 0xCA, 0xBB, 0xF5, 0x10,
    0x69, 0xC8, 0x44, 0x9C, 0x42, 0xF9, 0xD8, 0x4E, 0xBD, 0xCC, 0x12, 0x48, 0xFC, 0xDB, 0xFB, 0x90,
    0x9C, 0xFD, 0x01, 0x8D, 0x10, 0xC6, 0x7C, 0xF2, 0xC8, 0x87, 0x3C, 0x30, 0xF0, 0xB7, 0x13, 0x7E,
    0x1D, 0x1D, 0x28, 0x74, 0x52, 0xD7, 0x45, 0x48, 0x9F, 0x12, 0x36, 0x98, 0x67, 0xC2, 0xF0, 0x48,
    0x3B, 0x91, 0x6C, 0xC1, 0x22, 0x64, 0x93, 0x72, 0x0D, 0x39, 0xFA, 0x63, 0x1C, 0xCC, 0x8D, 0x18,
    0x03, 0xC7, 0xF6, 0x46, 0x64, 0x10, 0xC0, 0xC6, 0x22, 0x48, 0x4D, 0xDC, 0x78, 0xB4, 0x64, 0xA7,
    0xF3, 0xF5, 0x3F, 0xBD, 0x42, 0xFF, 0x12, 0xA0, 0x01, 0x87, 0x14, 0xEE, 0xA1, 0xD4, 0x8B, 0x0F,
    0x11, 0xC9, 0x0C, 0x60, 0x29, 0xDC, 0x54, 0xB8, 0xF9, 0x75, 0x14, 0xCC, 0x48, 0x09, 0x10, 0xC9,
    0x59, 0x80, 0xEF, 0x90, 0x45, 0x84, 0x2F, 0xA2, 0x94, 0x77, 0x61, 0x33, 0x90, 0x2C, 0x6C, 0x24,
    0xE5, 0xFA, 0x98, 0x13, 0x1F, 0x73, 0xB4, 0xBE, 0x37, 0x23, 0xCD, 0x0E, 0xB3, 0xBE, 0x9E, 0xF3,
    0x13, 0x37, 0x17, 0xBF, 0x70, 0x53, 0x99, 0xDF, 0x1B, 0x77, 0xCA, 0xEB, 0xC3, 0x8E, 0x49, 0x86,
    0x3D, 0x93, 0xF6, 0x7B, 0x26, 0xC3, 0xB8, 0xDA, 0xED, 0x95, 0xA8, 0x0F, 0xB9, 0xB3, 0x26, 0x5E,
    0x2B, 0x2E, 0x53, 0xF6, 0xDF, 0xC1, 0xC9, 0x58, 0x5F, 0x71, 0xCA, 0xDD, 0x29, 0x20, 0x96, 0xD9,
    0x59, 0x33, 0x43, 0xC1, 0xD6, 0xCF, 0x47, 0x49, 0xFE, 0x8D, 0x72, 0xFA, 0xC5, 0xA8, 0xD5, 0xB4,
    0xFC, 0x2D, 0xEA, 0x2B, 0x12, 0xB1, 0xC5, 0x40, 0xAD, 0x45, 0xA2, 0x4F, 0x08, 0xE1, 0x94, 0x0D,
    0xF1, 0x9C, 0xF7, 0x31, 0x53, 0x6A, 0x36, 0x0D, 0x00, 0xB6, 0x0B, 0x18, 0x39, 0x85, 0xD1, 0x00,
    0xE8, 0x8C, 0x31, 0x2C, 0x4C, 0x00, 0xA3, 0x64, 0x2C, 0x06, 0x84, 0xBD, 0xC9, 0x00, 0x6B, 0x78,
    0x12, 0xC9, 0x57, 0x2A, 0x61, 0x95, 0x4A, 0x5A, 0x45, 0x67, 0xAA, 0x96, 0xDE, 0x04, 0x11, 0x60,
    0x09, 0xC2, 0x88, 0xE7, 0x2C, 0x71, 0x4E, 0xAC, 0x83, 0x8A, 0x74, 0xC0, 0x74, 0xDE, 0xC0, 0xD6,
    0x6C, 0x55, 0x23, 0x42, 0xF7, 0x74, 0xF0, 0xBB, 0xEE, 0x4D, 0x4C, 0x9B, 0x15, 0x8E, 0x5A, 0xCD,
    0x19, 0x49, 0x03, 0xE2, 0x20, 0xEB, 0x91, 0xFD, 0x56, 0xF8, 0x79, 0x89, 0x96, 0x68, 0x8E, 0x96,
    0x18, 0x23, 0x99, 0x22, 0x58, 0x18, 0x03, 0xE4, 0xC9, 0xEC, 0xA1, 0x9A, 0x0F, 0xB0, 0xAD, 0x2F,
    0xEE, 0x3A, 0x5B, 0x2A, 0xB9, 0x4D, 0x5A, 0x82, 0xB5, 0xF4, 0xD3, 0x38, 0x8A, 0x0D, 0x26, 0xFC,
    0x36, 0x4F, 0xE0, 0x5C, 0x1C, 0x29, 0x6B, 0xD1, 0xCB, 0x3C, 0xA9, 0x04, 0xE7, 0xD5, 0x83, 0xD3,
    0x1F, 0x42, 0x6E, 0x2F, 0x17, 0xAC, 0x63, 0x39, 0xD4, 0x4F, 0xDB, 0xEB, 0x6C, 0x52, 0x75, 0xEB,
    0xDC, 0xDB, 0xFE, 0x01, 0xD4, 0x0F, 0xB4, 0x5A, 0xF7, 0x5B, 0x29, 0x5D, 0xFD, 0x00, 0xF5, 0xDE,
    0x53, 0x46, 0x0B, 0xEF, 0xB4, 0xFA, 0x59, 0x81, 0xA2, 0x45, 0xB9, 0x15, 0xB8, 0xC3, 0x12, 0x7F,
    0xE0, 0xCB, 0x98, 0x52, 0x57, 0x98, 0xC3, 0x57, 0x51, 0x7A, 0x6A, 0x32, 0x48, 0x4B, 0xC3, 0x56,
    0x5A, 0xC6, 0xAC, 0x56, 0x9C, 0xF8, 0xC7, 0x04, 0x52, 0x07, 0xE6, 0xE0, 0x2A, 0xA0, 0xB3, 0xCF,
    0x08, 0x51, 0x84, 0x85, 0x91, 0xC4, 0xD6, 0x30, 0x54, 0x97, 0x03, 0xA7, 0x5A, 0x52, 0xE2, 0x8A,
    0xB1, 0x44, 0x9C, 0xA9, 0xC7, 0xDB, 0x50, 0xEA, 0x18, 0xCA, 0x49, 0x38, 0xE2, 0xE6, 0x78, 0x5B,
    0x22, 0xA3, 0x0E, 0xE5, 0xC0, 0x29, 0xE7, 0xAA, 0xBC, 0x9B, 0x35, 0x14, 0xAF, 0xAA, 0x47, 0xE7,
    0x30, 0xB1, 0xCA, 0xCF, 0x53, 0x1F, 0x30, 0xF0, 0xAB, 0x64, 0xAB, 0x8A, 0x15, 0x43, 0xD3, 0x20,
    0x56, 0xEB, 0x88, 0xD5, 0x8A, 0x90, 0x5A, 0x69, 0xC4, 0x42, 0x06, 0x5A, 0x1C, 0x7D, 0xAA, 0x51,
    0xA0, 0x62, 0x70, 0xDC, 0xE7, 0x29, 0x69, 0xF4, 0x31, 0xB9, 0x7F, 0x60, 0x15, 0xE8, 0x01, 0x30,
    0x20, 0x15, 0x95, 0xCF, 0x82, 0x42, 0x88, 0x5C, 0xAC, 0xC9, 0x05, 0xDA, 0x50, 0xB3, 0x5F, 0x8C,
    0xE7, 0x37, 0xB1, 0x37, 0xE0, 0xA2, 0xE5, 0x49, 0x0D, 0xC3, 0x40, 0xA5, 0x06, 0x28, 0x03, 0x73,
    0xEE, 0x63, 0xAA, 0xEA, 0x13, 0x54, 0xE6, 0xE7, 0x77, 0x9C, 0xC4, 0x4F, 0x3F, 0xDD, 0x97, 0xE4,
    0xC9, 0x67, 0x7B, 0x92, 0x3C, 0x58, 0x8E, 0x24, 0xBD, 0x3F, 0x03, 0xE5, 0x27, 0x23, 0x1F, 0x8F,
    0x27, 0xB0, 0x20, 0xC4, 0x4E, 0xC9, 0xAA, 0x6B, 0x2A, 0xC8, 0x1D, 0xC3, 0x4D, 0x6B, 0xC9, 0x7A,
    0xE8, 0x2B, 0x6E, 0x69, 0xB8, 0x69, 0xDD, 0x80, 0x46, 0xC0, 0xD6, 0x58, 0xD9, 0xA2, 0x7C, 0xB9,
    0xAE, 0x66, 0x8A, 0x1C, 0x4B, 0xFC, 0x9F, 0xE1, 0x08, 0x55, 0x7F, 0x40, 0x80, 0x87, 0x91, 0x8F,
    0x67, 0x88, 0x72, 0x7F, 0x4C, 0x29, 0xDD, 0x22, 0xC0, 0xB6, 0xE6, 0x83, 0x4C, 0xCB, 0x47, 0xD9,
    0xE0, 0xEC, 0x24, 0x7E, 0xBF, 0xA6, 0x16, 0x7E, 0xAA, 0x89, 0x96, 0x79, 0x9A, 0x31, 0xD7, 0xC1,
    0x09, 0xC9, 0x04, 0xAA, 0x87, 0x2C, 0x49, 0xA6, 0xD2, 0x26, 0x63, 0x69, 0xD3, 0xC1, 0x00, 0xD1,
    0x70, 0x16, 0x73, 0x1D, 0x5A, 0x14, 0x9F, 0xBB, 0x0E, 0x81, 0x45, 0x39, 0x81, 0xA3, 0x55, 0x68,
    0x9F, 0xF1, 0x06, 0x32, 0x32, 0x9D, 0x51, 0x7E, 0xE6, 0x64, 0x8A, 0x37, 0xB9, 0x89, 0x35, 0x0B,
    0x32, 0x70, 0x87, 0x51, 0x91, 0x49, 0xB7, 0xF3, 0x81, 0x9A, 0x69, 0x13, 0x82, 0x6D, 0x7B, 0xA2,
    0x97, 0xED, 0x19, 0xBF, 0xB1, 0x3D, 0x24, 0xFF, 0xF6, 0xC0, 0x77, 0x03, 0x54, 0xC7, 0xD1, 0x5F,
    0x44, 0x2E, 0x6B, 0x05, 0x57, 0xEE, 0x05, 0x0F, 0x32, 0x41, 0x16, 0x7E, 0x22, 0xD8, 0x1A, 0xCD,
    0xD9, 0x1C, 0xFB, 0xB2, 0xD6, 0x25, 0x88, 0x65, 0x3A, 0x60, 0xAD, 0xA1, 0x46, 0xCC, 0x4D, 0x05,
    0x3E, 0xC1, 0x2E, 0x2C, 0x9A, 0x94, 0x1C, 0x40, 0x41, 0x84, 0x03, 0x50, 0x4E, 0x30, 0x11, 0xDB,
    0xEA, 0x57, 0x8A, 0x1B, 0x15, 0x11, 0x3C, 0xC8, 0x48, 0x50, 0xB0, 0x94, 0xB0, 0x2C, 0x32, 0x35,
    0xFA, 0x80, 0x9C, 0x3E, 0xAF, 0xB6, 0x45, 0xCE, 0x43, 0x0A, 0xB0, 0xD1, 0xF8, 0xD2, 0x3F, 0xBC,
    0x94, 0x00, 0xED, 0x05, 0x78, 0xFC, 0x9A, 0x04, 0x64, 0xAA, 0x33, 0xD3, 0x79, 0x0A, 0xEF, 0xF3,
    0x64, 0x62, 0x96, 0x33, 0xC9, 0x99, 0xE3, 0x48, 0xF1, 0xBE, 0x20, 0x63, 0x5B, 0xF6, 0x12, 0xA5,
    0xF7, 0x17, 0x50, 0x6A, 0x6E, 0x39, 0xD8, 0x40, 0x29, 0x32, 0x29, 0x1D, 0x81, 0xFF, 0x27, 0xD3,
    0xD0, 0xB7, 0xF9, 0xA0, 0x9C, 0xDE, 0xE8, 0xBB, 0x95, 0xB2, 0x50, 0x03, 0xDE, 0xF9, 0x18, 0x49,
    0x7C, 0x1D, 0x08, 0xFD, 0x1D, 0xCC, 0xBD, 0x81, 0x0C, 0xBA, 0x89, 0x54, 0x42, 0x3A, 0x16, 0x4C,
    0xF2, 0xE0, 0x66, 0xDA, 0x84, 0x0A, 0x53, 0x36, 0x44, 0xB2, 0x28, 0x92, 0xF1, 0xD8, 0xA7, 0x7C,
    0x3F, 0xA2, 0x7E, 0x07, 0xDC, 0x6F, 0x1F, 0xE0, 0x71, 0x87, 0x98, 0xBF, 0x81, 0xFA, 0x54, 0x7C,
    0xF8, 0x04, 0xAB, 0xED, 0xE0, 0x61, 0xAE, 0x3D, 0x45, 0x9D, 0x1F, 0x9F, 0x53, 0x1B, 0xC0, 0x79,
    0xB5, 0x85, 0x49, 0x2D, 0xF3, 0xA8, 0x25, 0x32, 0x56, 0x76, 0x1A, 0xF0, 0x8C, 0x72, 0x14, 0x1C,
    0x55, 0x5A, 0xEE, 0x7A, 0x8F, 0x3A, 0xF4, 0x4B, 0xB6, 0x07, 0x74, 0x75, 0xC2, 0x00, 0xB0, 0xFF,
    0x61, 0x0F, 0x0B, 0x1F, 0xF1, 0x7F, 0x05, 0x51, 0x65, 0x60, 0xA5, 0x38, 0xCC, 0x8A, 0x67, 0xF8,
    0x19, 0x82, 0x1B, 0x3D, 0x0D, 0xDC, 0x02, 0x04, 0xC2, 0x7F, 0x6D, 0x85, 0x07, 0xAA, 0x5A, 0x8F,
    0x53, 0xDA, 0x1A, 0x68, 0xA4, 0xD4, 0x36, 0x10, 0xD0, 0xE6, 0x03, 0xA4, 0xE4, 0x0D, 0xE4, 0xCD,
    0x23, 0xAB, 0x0D, 0x65, 0xBE, 0x78, 0xDD, 0xBE, 0xED, 0xFB, 0x17, 0xF9, 0x40, 0x8B, 0x85, 0x97,
    0xD4, 0xFA, 0x90, 0x78, 0xD9, 0xB4, 0x00, 0xAA, 0x2B, 0xF5, 0x1D, 0xB7, 0x69, 0x0D, 0xB4, 0x79,
    0xA0, 0x12, 0xF6, 0x7D, 0xC3, 0x7A, 0xAE, 0xA9, 0x28, 0xA8, 0x49, 0x4D, 0x78, 0x34, 0x44, 0xD4,
    0xA4, 0xAA, 0x31, 0x77, 0xCC, 0xE7, 0x8B, 0x69, 0xB3, 0xFD, 0x16, 0x2C, 0xA6, 0x1B, 0xC0, 0xDF,
    0x4E, 0x89, 0x1F, 0xBE, 0x05, 0x45, 0x58, 0x62, 0x85, 0x1F, 0x60, 0x87, 0x9F, 0x1E, 0x38, 0x02,
    0x92, 0x88, 0x28, 0x20, 0x6B, 0xA0, 0x1E, 0x50, 0x5D, 0x30, 0x69, 0xC2, 0xA9, 0x45, 0xA4, 0xDD,
    0x2C, 0xAC, 0x7D, 0x6A, 0xDE, 0xA6, 0xE7, 0x94, 0xFF, 0xD7, 0xBC, 0x33, 0xAB, 0x36, 0xD2, 0x0C,
    0xEF, 0x96, 0x94, 0x5F, 0xBC, 0xA6, 0x68, 0xE1, 0x3E, 0xE4, 0xE5, 0x00, 0x34, 0x03, 0xD5, 0x35,
    0x32, 0xF4, 0x47, 0x10, 0xE9, 0xAA, 0xE8, 0x7D, 0x23, 0xD0, 0x61, 0xD8, 0xD7, 0xC0, 0xAA, 0x66,
    0x84, 0x66, 0xF8, 0x0D, 0xE0, 0xC1, 0x3B, 0x83, 0x81, 0x19, 0x9E, 0x2D, 0x41, 0x23, 0x30, 0x1B,
    0x88, 0xF0, 0x4A, 0x31, 0x8E, 0x67, 0x2D, 0x3E, 0x23, 0x5C, 0x95, 0x53, 0x13, 0xAE, 0xEF, 0x54,
    0xE7, 0xA8, 0x69, 0xF5, 0x22, 0x5C, 0x8D, 0x5E, 0x17, 0x09, 0x8A, 0xC1, 0x66, 0x63, 0x89, 0x12,
    0x4A, 0x0F, 0x21, 0xCB, 0x3A, 0xB6, 0x71, 0x45, 0x57, 0x6A, 0x96, 0xD5, 0x8D, 0x79, 0xCF, 0x05,
    0xE1, 0x31, 0xC8, 0x4F, 0x58, 0xC3, 0xC8, 0x40, 0x41, 0x21, 0xE4, 0xCF, 0x22, 0x6D, 0xD9, 0x83,
    0xBE, 0x3F, 0x37, 0xEA, 0xEE, 0xFB, 0x5B, 0x55, 0x9E, 0x6A, 0xFA, 0x25, 0x0B, 0xBC, 0xEB, 0x52,
    0xAA, 0xA2, 0x6F, 0x71, 0xAE, 0xCB, 0xE8, 0xB0, 0xF1, 0x33, 0xED, 0x2F, 0x46, 0xDA, 0x5A, 0x00,
    0xF9, 0xC8, 0xF3, 0x3F, 0xB2, 0x92, 0x41, 0x20, 0xAE, 0x95, 0xB7, 0xA5, 0x79, 0xF3, 0x45, 0x3B,
    0xA8, 0x35, 0xB5, 0xCE, 0x32, 0xF0, 0x88, 0xD6, 0x1B, 0x5B, 0x6D, 0x2D, 0x09, 0x5E, 0xD5, 0xA1,
    0xC7, 0xEE, 0x59, 0xBB, 0xEC, 0x1F, 0xCC, 0x04, 0x86, 0x3D, 0x74, 0xCF, 0xA7, 0x2D, 0x34, 0xC3,
    0xAF, 0xF1, 0xDF, 0x6A, 0xA6, 0x99, 0x14, 0x05, 0xD7, 0x28, 0x79, 0xF0, 0x72, 0x54, 0xED, 0xDF,
    0x3E, 0x54, 0x8E, 0x87, 0x2A, 0x88, 0x5C, 0x32, 0xE3, 0x33, 0xA5, 0xA3, 0xA7, 0x39, 0x82, 0x93,
    0x41, 0x60, 0x30, 0xD2, 0x20, 0xC3, 0xA4, 0x6D, 0x03, 0xFC, 0x5A, 0x79, 0x0B, 0xAC, 0x50, 0xAB,
    0xFA, 0x03, 0xD9, 0xAC, 0xD5, 0xF9, 0xBA, 0xB3, 0x8D, 0x48, 0xB7, 0x6C, 0xE4, 0xA0, 0x4D, 0xB1,
    0x16, 0xCA, 0x16, 0x87, 0x17, 0xBA, 0xE7, 0x5C, 0x5B, 0x07, 0x61, 0x46, 0xAD, 0x85, 0xC9, 0x45,
    0xC5, 0x72, 0x56, 0xB3, 0x48, 0xCB, 0x3B, 0xA7, 0x1D, 0x06, 0xD1, 0xDA, 0xEA, 0xF5, 0x48, 0x34,
    0x87, 0x1B, 0x12, 0x06, 0xCD, 0xDF, 0xAB, 0x4D, 0x6F, 0x20, 0x7A, 0x14, 0x2A, 0x2D, 0x0E, 0x1C,
    0x91, 0xC3, 0x66, 0x0F, 0x73, 0x0A, 0x9B, 0xA4, 0x3F, 0x6D, 0x54, 0x0A, 0x95, 0xB0, 0xA3, 0x76,
    0x57, 0x17, 0x67, 0xF0, 0x56, 0x1D, 0xDD, 0xCA, 0x32, 0x40, 0xE5, 0xF5, 0x74, 0x0E, 0x53, 0xFB,
    0xA0, 0xA1, 0x2E, 0x28, 0xB9, 0xFA, 0x6A, 0x82, 0x1A, 0x98, 0xA3, 0x17, 0x30, 0x36, 0x99, 0x5C,
    0x95, 0x40, 0x39, 0xA5, 0xD4, 0x5D, 0x8E, 0xCC, 0xD7, 0x4B, 0xFE, 0x4F, 0x10, 0xF5, 0x09, 0xD6,
    0xBA, 0x85, 0x2A, 0x60, 0x9D, 0xEA, 0x52, 0x6A, 0xCE, 0x0B, 0x4E, 0xB8, 0xB9, 0x36, 0xA4, 0xB4,
    0xEC, 0x69, 0x66, 0x41, 0xA9, 0xC5, 0x8D, 0xA9, 0x8D, 0x2C, 0x84, 0xB4, 0x45, 0x5C, 0x53, 0x18,
    0xB3, 0xFB, 0x0F, 0xDE, 0xE1, 0xB1, 0xEA, 0x2E, 0xC9, 0xE3, 0xE9, 0x28, 0x79, 0x3C, 0x1E, 0xA6,
    0x5F, 0x0C, 0x73, 0x76, 0x7F, 0x98, 0xF2, 0x93, 0xCF, 0xC7, 0xFC, 0xF6, 0xEF, 0x87, 0xA2, 0x41,
    0xA3, 0x5F, 0x25, 0x3D, 0xE4, 0x10, 0x46, 0xD6, 0xED, 0x93, 0x59, 0x76, 0x55, 0xD2, 0x6A, 0x88,
    0x12, 0x86, 0xFB, 0x5C, 0x88, 0xCC, 0xD7, 0x87, 0x28, 0x34, 0xB6, 0xFE, 0xCA, 0xA5, 0x54, 0x4E,
    0x0B, 0x57, 0x2E, 0xFE, 0xDA, 0xA5, 0x2A, 0x4F, 0x95, 0x44, 0x79, 0xDA, 0xA0, 0x57, 0x6C, 0xF7,
    0x0F, 0x54, 0x35, 0x30, 0x11, 0xEA, 0x2B, 0xAB, 0xCA, 0xF0, 0x55, 0xB5, 0x43, 0xA8, 0xBA, 0x54,
    0x3A, 0x29, 0x7A, 0xA4, 0x92, 0x1D, 0x52, 0x97, 0x69, 0x33, 0xFD, 0xF0, 0xE2, 0xEA, 0x70, 0x79,
    0xAD, 0x70, 0xE6, 0xCE, 0xE7, 0xDD, 0xE6, 0x5E, 0xEF, 0xCC, 0xCA, 0xCD, 0xC2, 0xED, 0x95, 0x59,
    0xE1, 0x4A, 0xC9, 0x9C, 0x3D, 0x1F, 0x2F, 0xD6, 0xDC, 0xBB, 0x01, 0xA6, 0xEC, 0x36, 0xC6, 0xC8,
    0x73, 0xEF, 0x2B, 0x14, 0xF5, 0x06, 0xE9, 0xCA, 0x41, 0xFE, 0xAA, 0x07, 0x3D, 0x5F, 0x54, 0x29,
    0x01, 0xAF, 0xBC, 0x45, 0x1A, 0x3D, 0xC3, 0xC6, 0x4E, 0xDF, 0x7E, 0x5B, 0x9C, 0x5E, 0x77, 0xD4,
    0xB4, 0x81, 0x1D, 0xDD, 0xAF, 0xCF, 0xB3, 0x10, 0x0B, 0xDD, 0x46, 0xE7, 0xBF, 0xAA, 0xBE, 0x94,
    0xA0, 0x88, 0x22, 0x14, 0x08, 0x5E, 0x30, 0x6C, 0x69, 0x11, 0x1F, 0x27, 0xCF, 0x3C, 0xC0, 0x93,
    0x8F, 0x53, 0x0B, 0xA7, 0x3A, 0x20, 0x89, 0xCD, 0x5E, 0xAB, 0x3E, 0xE0, 0xA5, 0xC5, 0x5F, 0x69,
    0x0D, 0x90, 0xC7, 0x5B, 0x50, 0xDF, 0x09, 0xB5, 0x78, 0xA7, 0x86, 0xF1, 0x35, 0x36, 0x35, 0x57,
    0x21, 0xE5, 0x77, 0xAD, 0xD6, 0x79, 0x36, 0x8C, 0xE5, 0xEC, 0x2F, 0x8F, 0xD4, 0x16, 0x2B, 0xC7,
    0x18, 0xBC, 0x6E, 0x9E, 0xCB, 0xF7, 0xEF, 0x4E, 0x65, 0x76, 0x6F, 0x2C, 0xF3, 0x07, 0x83, 0x29,
    0x1F, 0xF4, 0x3B, 0xE6, 0xCB, 0x6E, 0xE7, 0xE8, 0x5F, 0x76, 0xE7, 0xAB, 0x47, 0x8D, 0xF9, 0x1C,
    0x3B, 0xDC, 0x5A, 0xBD, 0xD2, 0x11, 0x05, 0x33, 0x82, 0x81, 0x8C, 0x6D, 0xB9, 0xC1, 0x87, 0x9D,
    0xDE, 0x09, 0xF0, 0xFA, 0x8A, 0x29, 0x9A, 0x63, 0x98, 0x85, 0x3D, 0x12, 0xDE, 0x6B, 0xAB, 0x6C,
    0xA4, 0x5E, 0x42, 0x25, 0x6A, 0x8A, 0xD0, 0x58, 0x68, 0x33, 0xC5, 0x32, 0x40, 0xD5, 0x8D, 0xB6,
    0x03, 0x87, 0x84, 0x57, 0xD8, 0x8A, 0x74, 0xBC, 0x28, 0xFA, 0x82, 0x6B, 0x3C, 0x60, 0x50, 0xDD,
    0x99, 0x78, 0x69, 0xFC, 0x25, 0xB6, 0x17, 0x2F, 0xCA, 0x8C, 0xC5, 0x10, 0x58, 0xD0, 0x30, 0x72,
    0xA5, 0x72, 0x82, 0xF3, 0x57, 0xDF, 0x7A, 0x53, 0x47, 0xC2, 0xE1, 0xDD, 0x0B, 0x99, 0xA3, 0x38,
    0xFB, 0x71, 0x73, 0x3B, 0xE7, 0x6F, 0xF7, 0x56, 0x2D, 0x41, 0x98, 0x3E, 0x69, 0x8C, 0xD9, 0x1F,
    0x9D, 0xC2, 0xE9, 0x82, 0x5A, 0xDD, 0x7A, 0x14, 0x18, 0x5E, 0x7E, 0x8C, 0xFE, 0xEE, 0x2E, 0x0A,
    0x57, 0xE5, 0x7A, 0x1F, 0x1B, 0xEE, 0x64, 0x37, 0xE1, 0xE6, 0xC5, 0x5C, 0x42, 0xFB, 0x5B, 0x2B,
    0xE7, 0xF3, 0xDE, 0x6A, 0xDE, 0x37, 0xDA, 0x0F, 0xEA, 0xB2, 0x2F, 0xD3, 0xC4, 0xA8, 0xAF, 0xEB,
    0x8C, 0x6D, 0x9A, 0x20, 0x3B, 0x15, 0x93, 0xE7, 0x7E, 0xDE, 0x27, 0x9D, 0xDD, 0x57, 0x07, 0x1D,
    0x71, 0x1C, 0xAA, 0xC9, 0x1C, 0x30, 0xCD, 0x3B, 0x0F, 0xD3, 0xAB, 0xDE, 0x4E, 0xA6, 0x57, 0x1E,
    0x0D, 0x74, 0x25, 0x2D, 0xA6, 0xF1, 0x6A, 0x21, 0x5E, 0xA2, 0x3E, 0x77, 0xD7, 0x79, 0xFD, 0xD6,
    0xED, 0x64, 0xAE, 0xF9, 0x29, 0x60, 0xFD, 0x5F, 0xBD, 0x59, 0xBF, 0x73, 0xDC, 0xC6, 0x15, 0x7E,
    0x00, 0x3C, 0x42, 0x14, 0x38, 0xB3, 0x2A, 0x54, 0x68, 0x46, 0xF6, 0x20, 0x85, 0x0B, 0x17, 0x4A,
    0x90, 0x82, 0x85, 0x0B, 0x92, 0x8B, 0x48, 0x85, 0x8A, 0x14, 0xC9, 0x9F, 0xA0, 0xFF, 0x80, 0xC9,
    0x8C, 0x4B, 0x91, 0x40, 0xC4, 0xC2, 0xA5, 0xF8, 0x27, 0xB8, 0x4F, 0x61, 0x8D, 0x8B, 0x8C, 0x32,
    0x43, 0x12, 0x2B, 0xAA, 0x70, 0xE1, 0x06, 0x8A, 0x0B, 0x95, 0x5E, 0xD9, 0xEA, 0x52, 0x18, 0x71,
    0x10, 0x0B, 0x92, 0x80, 0xDB, 0x7C, 0xDF, 0x2E, 0x48, 0x9E, 0x14, 0x69, 0x26, 0x26, 0xCF, 0xE1,
    0xDD, 0x1E, 0xEF, 0x0E, 0xD8, 0xF7, 0xDE, 0xBE, 0x9F, 0xDF, 0x7B, 0x27, 0xBA, 0x14, 0x57, 0x4B,
    0x25, 0xF3, 0xDF, 0x28, 0xD1, 0x28, 0x09, 0x9E, 0x83, 0xA4, 0x83, 0x64, 0xBD, 0xA8, 0x6E, 0x7E,
    0xE6, 0x56, 0x8A, 0x56, 0x34, 0x9E, 0x86, 0x4F, 0x91, 0x06, 0x6B, 0x81, 0x35, 0x89, 0x44, 0x58,
    0xB9, 0xAB, 0x23, 0xE7, 0x4C, 0x8A, 0xA5, 0x9E, 0x47, 0xBC, 0x57, 0x74, 0x2D, 0x52, 0x95, 0xE2,
    0xA9, 0xFB, 0xFF, 0xD8, 0xA6, 0x17, 0xFB, 0xB8, 0x75, 0x92, 0xD4, 0x8D, 0xAF, 0x92, 0x18, 0xC9,
    0xBE, 0xB1, 0x92, 0xB9, 0x41, 0x0A, 0xD7, 0x81, 0xD3, 0x1F, 0x5E, 0xBF, 0xAE, 0xB1, 0x4F, 0x63,
    0x5F, 0x85, 0x95, 0x76, 0x22, 0x19, 0x96, 0x02, 0x9F, 0x1C, 0x74, 0x0B, 0xE7, 0x70, 0x6D, 0x21,
    0x0D, 0xEE, 0x79, 0x57, 0x2E, 0x88, 0x6E, 0x3E, 0x33, 0x15, 0x64, 0xC9, 0xF1, 0x7D, 0xDE, 0x36,
    0x92, 0xD7, 0x3A, 0x2C, 0xBE, 0xC7, 0x77, 0xBC, 0xC6, 0x7B, 0x78, 0x2F, 0x0E, 0xAB, 0x6B, 0x1C,
    0xBA, 0x91, 0x78, 0xC4, 0x51, 0xA2, 0x11, 0xEF, 0x65, 0x41, 0xEA, 0x4D, 0x0E, 0xF2, 0x55, 0x55,
    0x93, 0x37, 0xE4, 0x28, 0xF0, 0xBD, 0x72, 0xCE, 0xF2, 0x05, 0x17, 0x0A, 0xAA, 0x81, 0xBA, 0xD0,
    0x0E, 0x3A, 0xC4, 0x4B, 0x19, 0x8E, 0x24, 0xBC, 0xD7, 0x0B, 0x4E, 0x31, 0xB3, 0xA0, 0x41, 0x0B,
    0xD6, 0xDC, 0x41, 0xF5, 0xD5, 0x54, 0x47, 0x23, 0xAF, 0xFD, 0x41, 0x8C, 0xA4, 0x3F, 0xDE, 0x61,
    0x79, 0x32, 0x1C, 0xAC, 0xF0, 0xB7, 0xC3, 0x4A, 0x20, 0xFD, 0x14, 0x5A, 0x9B, 0xC0, 0x7B, 0x84,
    0x76, 0x2F, 0x7B, 0xEE, 0x30, 0x8A, 0xE4, 0x60, 0x54, 0xB9, 0x36, 0x1A, 0xF3, 0x2E, 0xE9, 0xD3,
    0x2E, 0xE1, 0x63, 0x48, 0x6D, 0xBC, 0x50, 0x06, 0xDA, 0xC0, 0x75, 0x08, 0x1D, 0x51, 0x98, 0x43,
    0xB9, 0x88, 0xFF, 0x39, 0xB6, 0x6B, 0xD7, 0x43, 0xCF, 0xB5, 0x6C, 0xA4, 0xC6, 0x29, 0xBB, 0x50,
    0xED, 0xED, 0xAC, 0x96, 0x2D, 0x2B, 0x09, 0x14, 0xA8, 0xDA, 0xA2, 0xCE, 0xD5, 0x63, 0xB3, 0xA1,
    0x8F, 0xEC, 0xFA, 0xFD, 0xA8, 0x5B, 0xBF, 0x27, 0xDD, 0x7A, 0x87, 0x85, 0xF7, 0x1B, 0xFA, 0xEF,
    0x96, 0xD7, 0x70, 0x4F, 0xC9, 0x7B, 0xB9, 0x47, 0xB6, 0x86, 0xC4, 0x0D, 0xCA, 0xF5, 0xC5, 0x9D,
    0x4E, 0x27, 0xDD, 0x76, 0x6A, 0x75, 0xD6, 0x6A, 0xD7, 0x16, 0xCE, 0xA6, 0x3F, 0xEC, 0xC9, 0x07,
    0x89, 0xC8, 0xBE, 0x32, 0xD1, 0x50, 0x94, 0x69, 0x77, 0x28, 0xEA, 0x01, 0xB8, 0xDF, 0x80, 0x75,
    0x53, 0xB8, 0x53, 0x02, 0xAF, 0xFA, 0x33, 0x5C, 0xCC, 0xC0, 0xD9, 0xCC, 0xBE, 0x24, 0xF5, 0x47,
    0x5E, 0x0F, 0x9A, 0xA6, 0x81, 0x46, 0x2B, 0xAF, 0x50, 0x2D, 0x61, 0xED, 0xF8, 0x13, 0x78, 0x5F,
    0x90, 0xD1, 0x2F, 0xCD, 0x5B, 0xCA, 0xC6, 0x95, 0x30, 0xE7, 0x2B, 0xD2, 0xEB, 0x4F, 0xCC, 0xC6,
    0xDA, 0xF7, 0x76, 0x7D, 0xED, 0x4F, 0xDD, 0xFA, 0xDA, 0xBD, 0x6E, 0x5D, 0x1B, 0xFC, 0x7F, 0xD2,
    0x6D, 0xAC, 0x7D, 0x6E, 0x73, 0x70, 0x5A, 0x96, 0xBE, 0x72, 0xF0, 0x12, 0xD3, 0xB8, 0x3A, 0x9E,
    0xA0, 0x99, 0x52, 0x2B, 0xB3, 0x99, 0xF2, 0x89, 0x37, 0xF8, 0x98, 0x4E, 0x33, 0xF3, 0x6A, 0x16,
    0xE0, 0xC0, 0x33, 0x8E, 0x9D, 0x9B, 0x92, 0xB0, 0x10, 0x29, 0x70, 0x13, 0x2E, 0x3A, 0x24, 0x0E,
    0x25, 0x59, 0x7B, 0x7C, 0x88, 0x76, 0x3E, 0x88, 0x09, 0xB4, 0x7F, 0x91, 0xD7, 0xF0, 0x40, 0x90,
    0x82, 0x77, 0xC1, 0x6E, 0x30, 0x29, 0xAC, 0x03, 0x31, 0xA2, 0xA6, 0x4E, 0x9C, 0x8D, 0x6E, 0x58,
    0x49, 0x5B, 0xC6, 0xA2, 0x33, 0x92, 0x19, 0x88, 0xF9, 0x8E, 0xC2, 0xE6, 0x32, 0x7F, 0x2E, 0x52,
    0xA7, 0xB6, 0xE8, 0x9A, 0x72, 0x0D, 0x2E, 0x80, 0x30, 0x58, 0xC4, 0xA3, 0x4C, 0xC9, 0x00, 0x2F,
    0xED, 0xE3, 0x11, 0xF6, 0x1E, 0x32, 0xD8, 0x5D, 0xD9, 0xB4, 0x53, 0x6D, 0xD6, 0xE5, 0xAD, 0xEA,
    0x72, 0xA3, 0x7A, 0xDD, 0xC2, 0x45, 0x3B, 0x38, 0xBA, 0x2D, 0x9A, 0x3B, 0xAD, 0x2E, 0x4F, 0x8F,
    0x71, 0x1C, 0x53, 0x70, 0x80, 0xA7, 0xE2, 0xDC, 0x80, 0x80, 0xED, 0x95, 0x7B, 0xD8, 0x15, 0x6E,
    0xB7, 0xD3, 0xEE, 0x86, 0xD5, 0x2E, 0x6D, 0x2B, 0x97, 0x19, 0x0D, 0xFF, 0x29, 0x26, 0x55, 0xAB,
    0x09, 0x42, 0x8F, 0x45, 0x29, 0xA3, 0x96, 0x68, 0xD0, 0x12, 0xF7, 0x3B, 0x38, 0xEF, 0x01, 0x16,
    0x82, 0xD0, 0x8E, 0x92, 0x3D, 0x1A, 0x44, 0x1D, 0xC1, 0x8A, 0x0F, 0x61, 0xCD, 0xDD, 0x4E, 0x8A,
    0x9B, 0x88, 0x61, 0xA3, 0x3B, 0x3C, 0x6C, 0x5E, 0x47, 0xF0, 0x46, 0x19, 0x74, 0x8F, 0x74, 0x80,
    0x0F, 0xAE, 0x54, 0x4E, 0x54, 0xE3, 0x75, 0x79, 0xE0, 0xCD, 0x48, 0x2B, 0xC2, 0x02, 0xE1, 0x92,
    0xD1, 0x37, 0xED, 0x4E, 0xD2, 0xED, 0x83, 0x74, 0x62, 0xC7, 0xAC, 0x1D, 0x73, 0x58, 0x46, 0x8A,
    0x81, 0xD2, 0x46, 0xE6, 0x3D, 0x49, 0xEC, 0x86, 0xC4, 0x1D, 0xC5, 0xC8, 0x21, 0x0E, 0xDC, 0xFB,
    0x00, 0x31, 0x32, 0x29, 0x13, 0xF7, 0xBA, 0x4C, 0xED, 0x01, 0x9C, 0x0B, 0x81, 0x9C, 0x58, 0x79,
    0x37, 0x42, 0x68, 0x64, 0x35, 0x64, 0x6E, 0xCA, 0x1D, 0x58, 0x8B, 0x59, 0x6D, 0x8B, 0x36, 0xDA,
    0xA4, 0x71, 0x36, 0x70, 0x1E, 0xB9, 0xAD, 0x65, 0xF6, 0xA3, 0xB8, 0x97, 0x60, 0x38, 0xF8, 0x21,
    0xED, 0x86, 0x10, 0x04, 0xDD, 0x0E, 0x4C, 0x7E, 0xD5, 0xE1, 0x90, 0x7F, 0xC5, 0x69, 0x1E, 0x20,
    0x5C, 0x8A, 0xEB, 0xC8, 0x49, 0x38, 0x39, 0xEE, 0x51, 0x75, 0x21, 0x90, 0x77, 0x9B, 0x94, 0x07,
    0x89, 0x8A, 0x40, 0xD9, 0x90, 0x32, 0xF4, 0x7C, 0x7B, 0xF3, 0x84, 0x72, 0x47, 0xCA, 0x74, 0x07,
    0x55, 0x93, 0x72, 0x06, 0x26, 0xFB, 0xBA, 0x97, 0xA8, 0xBF, 0xDC, 0xE3, 0x2C, 0xE0, 0x09, 0x6F,
    0x2B, 0xA5, 0x10, 0x50, 0xDE, 0x16, 0x64, 0x15, 0xA9, 0x6A, 0xC8, 0x80, 0xD0, 0x11, 0xB9, 0x61,
    0xB6, 0x99, 0x33, 0x41, 0x3E, 0x83, 0x5E, 0x13, 0xF7, 0xA5, 0x91, 0x64, 0x41, 0xF2, 0xF2, 0x26,
    0xF2, 0xBB, 0x90, 0x59, 0x43, 0x66, 0xD9, 0x87, 0xCC, 0x51, 0x0F, 0x99, 0x93, 0x27, 0x90, 0x59,
    0x1D, 0x81, 0x72, 0xE1, 0x65, 0x66, 0x56, 0x9F, 0x24, 0x1E, 0xE6, 0x54, 0x93, 0xFA, 0x0C, 0x03,
    0xA3, 0xD0, 0xF7, 0x44, 0x21, 0xA1, 0x74, 0x4C, 0x4C, 0xC8, 0x4A, 0x7C, 0x9A, 0x7B, 0xDA, 0xC1,
    0x1F, 0xBA, 0x74, 0x01, 0x86, 0x17, 0x71, 0x3B, 0x35, 0x06, 0xC1, 0x25, 0x25, 0xDF, 0x8F, 0x03,
    0x09, 0xB2, 0xD3, 0x58, 0x15, 0x16, 0xD8, 0xC4, 0x2F, 0x71, 0xA6, 0xEF, 0x91, 0x56, 0xBE, 0xE9,
    0xBD, 0x3B, 0x14, 0x77, 0x60, 0x0B, 0xF0, 0x6B, 0xB0, 0xE0, 0x65, 0x08, 0x19, 0xA4, 0x09, 0x07,
    0x5F, 0x8D, 0x47, 0x65, 0x63, 0x58, 0x36, 0x19, 0x7D, 0xCE, 0x15, 0xF9, 0x99, 0xCC, 0xC1, 0x15,
    0x33, 0x6D, 0x2A, 0x9A, 0x23, 0x29, 0x8F, 0x73, 0x22, 0xB9, 0x78, 0x36, 0x9E, 0x0F, 0x19, 0x79,
    0x4E, 0x9E, 0x95, 0xE7, 0xE5, 0x99, 0x79, 0x6E, 0x9E, 0x9D, 0xE7, 0x47, 0x86, 0x0C, 0x52, 0xE4,
    0x53, 0xBE, 0x90, 0xA7, 0x90, 0xA9, 0x90, 0xAB, 0xCC, 0x6C, 0xE5, 0x16, 0x59, 0x52, 0x21, 0xCA,
    0x47, 0x39, 0x63, 0xE3, 0xDA, 0xCF, 0x7F, 0x7A, 0xBE, 0xF9, 0x2E, 0x2B, 0x21, 0x82, 0x5C, 0x7C,
    0x7A, 0xFB, 0xE3, 0xC1, 0x2B, 0x35, 0xE0, 0xA7, 0xE3, 0x8B, 0x5C, 0x8F, 0x1B, 0x61, 0x75, 0x59,
    0xB0, 0x66, 0x32, 0xE3, 0xFF, 0x5F, 0xF8, 0xD2, 0xEB, 0x59, 0x82, 0x36, 0xD6, 0x45, 0xD6, 0xAF,
    0xE1, 0xFD, 0x3E, 0xD6, 0x59, 0x7C, 0x67, 0xFC, 0x6F, 0xDF, 0x41, 0xD5, 0x11, 0x0F, 0x16, 0xA0,
    0x50, 0x92, 0xC2, 0xA7, 0xE8, 0x25, 0xF3, 0xF1, 0xBF, 0x88, 0x0E, 0x1E, 0x83, 0xB3, 0xFA, 0x12,
    0x4E, 0x55, 0xFC, 0xDE, 0x31, 0x3E, 0x90, 0xF5, 0x0E, 0x73, 0xAF, 0xF7, 0x9A, 0x52, 0x97, 0x94,
    0x9A, 0x20, 0xA2, 0x22, 0x8A, 0x68, 0x10, 0x03, 0x86, 0xA5, 0xB1, 0x24, 0x30, 0x89, 0x71, 0x4B,
    0x01, 0x72, 0xC8, 0xA1, 0xF0, 0xCA, 0x3D, 0x40, 0x21, 0xAF, 0xA1, 0x7C, 0x2E, 0xFA, 0x04, 0x36,
    0xFA, 0x18, 0xD8, 0xC8, 0x29, 0xC0, 0xD1, 0xE6, 0x1D, 0x29, 0x5E, 0xEC, 0x43, 0xAE, 0x09, 0xC4,
    0xB1, 0xE9, 0x00, 0x5F, 0x6E, 0x87, 0x1A, 0x42, 0xF6, 0xD9, 0x70, 0xEC, 0x78, 0x44, 0x34, 0xE0,
    0x21, 0x5B, 0xA0, 0x18, 0x07, 0x4B, 0x54, 0xD8, 0xD4, 0x80, 0x39, 0x8B, 0xCA, 0x12, 0xE8, 0x81,
    0x3A, 0x29, 0x68, 0xCD, 0x85, 0x5C, 0x5D, 0x7A, 0xD0, 0x63, 0x97, 0x80, 0x4F, 0xC0, 0x1F, 0xA5,
    0x0E, 0xA0, 0x86, 0x94, 0xEA, 0x90, 0xD0, 0x0A, 0x02, 0x18, 0x08, 0xB0, 0x26, 0xAB, 0xA5, 0x9F,
    0x48, 0xB8, 0x02, 0xB0, 0x96, 0xBC, 0xE8, 0x25, 0x36, 0xB7, 0x56, 0x4A, 0x3F, 0x69, 0x6F, 0x43,
    0xD9, 0x28, 0xE5, 0x16, 0x28, 0xD1, 0xDC, 0x3F, 0x71, 0xD1, 0x95, 0xC9, 0xBF, 0x17, 0x36, 0x26,
    0x6E, 0x86, 0xA4, 0x69, 0xC8, 0x36, 0x0E, 0xB5, 0x18, 0x45, 0x3D, 0x22, 0x7D, 0x4F, 0x74, 0xF4,
    0x90, 0x4C, 0xD2, 0x7E, 0x46, 0x9A, 0x33, 0xE1, 0x63, 0x27, 0x58, 0x72, 0x04, 0xD2, 0x6D, 0xB0,
    0x48, 0x02, 0x7F, 0xE6, 0x8D, 0xFA, 0x5F, 0x19, 0xFD, 0x0B, 0x44, 0xA2, 0x75, 0xD0, 0xFF, 0x0F,
    0xD4, 0xFF, 0xA7, 0x2B, 0xA5, 0x4F, 0xFD, 0x67, 0x6F, 0xD0, 0xFF, 0xAA, 0xE8, 0x6F, 0x31, 0x7B,
    0x10, 0xE7, 0x00, 0x42, 0x4F, 0x79, 0x17, 0xF9, 0xB8, 0x4E, 0xFB, 0x64, 0x48, 0x7A, 0x60, 0x0F,
    0xAE, 0xAE, 0x02, 0xF8, 0x56, 0x56, 0x01, 0xD1, 0xE4, 0x6D, 0x6E, 0xB4, 0x29, 0x4C, 0x53, 0xEB,
    0x3B, 0x6E, 0x06, 0xFF, 0x56, 0xB6, 0xBC, 0x9A, 0x77, 0x2E, 0x32, 0x88, 0xE8, 0x31, 0x24, 0x1B,
    0x1D, 0x0D, 0xCB, 0x09, 0x4D, 0xD3, 0xF8, 0x55, 0x0D, 0x3D, 0x35, 0x86, 0x3D, 0x8E, 0x41, 0x08,
    0xBA, 0xB6, 0xC2, 0x06, 0x7B, 0x28, 0xF1, 0x0B, 0x00, 0x98, 0xF8, 0xDF, 0x1D, 0xD1, 0x5B, 0xCF,
    0x97, 0xE7, 0x40, 0xA0, 0xF6, 0x10, 0x19, 0xA8, 0x6D, 0x50, 0x19, 0x4D, 0xC5, 0x17, 0x0D, 0xC4,
    0xCE, 0x97, 0xA2, 0x66, 0xDF, 0x53, 0x12, 0x88, 0x7B, 0x87, 0x92, 0x5F, 0x2E, 0xC5, 0x6F, 0x71,
    0x1A, 0xBF, 0x17, 0x16, 0xCC, 0x45, 0x28, 0xA9, 0xC8, 0x19, 0x8B, 0x8C, 0xE7, 0x21, 0x32, 0x1B,
    0x94, 0x4D, 0x86, 0xBC, 0x4D, 0x86, 0xC2, 0x24, 0x7D, 0x61, 0xD2, 0x4E, 0xD7, 0x19, 0x96, 0xB2,
    0xBA, 0x06, 0xF5, 0x1A, 0x8F, 0x47, 0xCE, 0x37, 0x44, 0x19, 0xD2, 0x8D, 0x27, 0x29, 0x71, 0x19,
    0xB0, 0x48, 0xD5, 0x06, 0xDC, 0x1E, 0xCC, 0xBB, 0x3A, 0xFA, 0xAC, 0xE8, 0x50, 0x49, 0x84, 0x1A,
    0x94, 0x3E, 0x03, 0xB8, 0xA8, 0xDB, 0x95, 0xD2, 0x8F, 0x9E, 0x7F, 0x08, 0x8B, 0xB0, 0x4F, 0x41,
    0x5D, 0xF8, 0x9D, 0x3D, 0xB1, 0xC8, 0xAA, 0xE8, 0xA7, 0xE6, 0xB6, 0xF7, 0x4D, 0xF5, 0x04, 0x5F,
    0xD6, 0xF7, 0x57, 0x4E, 0x9F, 0x60, 0xB3, 0x4E, 0x50, 0xB7, 0x72, 0x93, 0xF5, 0xC4, 0x47, 0x8B,
    0x50, 0x59, 0x1A, 0x83, 0xB2, 0x60, 0x7D, 0xCD, 0xA9, 0xBE, 0x82, 0x1F, 0x02, 0x84, 0x7D, 0x28,
    0xB7, 0x8E, 0xB9, 0x5F, 0x02, 0xFF, 0xD1, 0xD7, 0x0C, 0xCF, 0x5F, 0x81, 0x7F, 0x01, 0xFE, 0xD5,
    0xA0, 0x5A, 0x37, 0xE4, 0x47, 0xCF, 0x86, 0xE2, 0x93, 0x6F, 0xFB, 0xE2, 0xEE, 0xC3, 0x4E, 0x57,
    0x90, 0x61, 0x02, 0xFF, 0x21, 0x27, 0x4A, 0x3E, 0xE1, 0xCF, 0x9E, 0x6C, 0x07, 0xFC, 0xAF, 0x04,
    0x01, 0x42, 0x53, 0x91, 0xD1, 0xB1, 0x99, 0xA7, 0x66, 0x60, 0x32, 0xC9, 0x02, 0xA9, 0x6B, 0x42,
    0x9B, 0x3A, 0x26, 0x43, 0x8C, 0x0E, 0x00, 0x9D, 0x1E, 0xD0, 0x7F, 0xD6, 0x01, 0xFD, 0x5B, 0xC4,
    0x4C, 0xAB, 0x20, 0x35, 0xFA, 0x1B, 0x13, 0xA2, 0xC6, 0x9F, 0xAF, 0xAE, 0x4A, 0xFD, 0x00, 0x30,
    0x7A, 0x36, 0x49, 0xEC, 0xCF, 0x48, 0x06, 0x84, 0xAC, 0x95, 0x0D, 0xDD, 0xC0, 0xA7, 0x2B, 0xA6,
    0xFF, 0x96, 0x1C, 0xB5, 0x2A, 0xFA, 0x6F, 0xCB, 0x51, 0x2B, 0x93, 0xFF, 0x83, 0x00, 0xB2, 0xD9,
    0x00, 0xB2, 0xC7, 0x9E, 0xD5, 0x4F, 0x86, 0x0D, 0xAA, 0x7C, 0x85, 0x6A, 0x5F, 0xE1, 0x93, 0xBE,
    0x0E, 0xC0, 0x70, 0x13, 0x80, 0xE5, 0x2E, 0x72, 0xC5, 0x77, 0x06, 0xFB, 0x03, 0x9A, 0x64, 0x9D,
    0x5F, 0x4E, 0x89, 0xAF, 0xD4, 0xA2, 0xFA, 0xB5, 0xD9, 0x09, 0xFC, 0x0B, 0x68, 0xC4, 0xA0, 0x7E,
    0xD1, 0x5B, 0xBB, 0xB4, 0x4F, 0x7B, 0xDF, 0xD1, 0x79, 0x99, 0xD1, 0xCD, 0xB5, 0x15, 0x7A, 0x69,
    0x57, 0x87, 0xE1, 0xC7, 0x9E, 0xC7, 0x19, 0xCD, 0xF1, 0x8C, 0xC1, 0x2B, 0x38, 0xCC, 0x52, 0xE8,
    0x43, 0xA2, 0x5B, 0x0E, 0x03, 0xCA, 0x29, 0x74, 0x8A, 0xB2, 0x60, 0x33, 0x03, 0x5F, 0x43, 0xBD,
    0x83, 0x31, 0xE2, 0xB1, 0x62, 0xC6, 0x0E, 0x2F, 0xB5, 0x20, 0xDD, 0xB6, 0x68, 0x04, 0x14, 0xE7,
    0x0D, 0xC8, 0xE3, 0x8C, 0x13, 0xC4, 0x14, 0xA0, 0x8E, 0xFA, 0x0A, 0x60, 0x2A, 0xFF, 0x02, 0xBE,
    0x5E, 0x7C, 0x81, 0x0E, 0x20, 0x08, 0x5C, 0xCE, 0x23, 0x10, 0x4D, 0x4C, 0xA7, 0x43, 0x54, 0xB3,
    0x90, 0x0E, 0x4C, 0xBF, 0xE2, 0xA3, 0x43, 0xD2, 0xB9, 0xB9, 0xA0, 0x94, 0x04, 0x4E, 0xAE, 0xCB,
    0xA6, 0x90, 0xC6, 0xBD, 0xC2, 0x6B, 0x28, 0xBC, 0x84, 0xC2, 0x4B, 0xBE, 0x56, 0x12, 0x94, 0xCE,
    0xBE, 0x0F, 0xDD, 0xF7, 0xE2, 0xD7, 0xE5, 0xEC, 0x94, 0x6D, 0x80, 0x86, 0x74, 0xFA, 0x8F, 0xCF,
    0x49, 0xEF, 0x62, 0x40, 0x5E, 0xA7, 0x89, 0xCE, 0x9C, 0x8B, 0x5E, 0x3C, 0xAC, 0x21, 0x4B, 0x8C,
    0x3E, 0x03, 0x5C, 0x98, 0xDB, 0xFC, 0xF3, 0xD0, 0x7B, 0x5B, 0x22, 0x3B, 0xF3, 0x79, 0xD1, 0xF0,
    0x0A, 0xE7, 0x52, 0x4F, 0x6C, 0x58, 0x7E, 0x46, 0x55, 0x9E, 0x87, 0x66, 0xBC, 0x88, 0x01, 0xBD,
    0xEF, 0x4E, 0x89, 0xFB, 0x6E, 0x11, 0xA7, 0xD3, 0x26, 0x3C, 0x67, 0x53, 0xB6, 0xBA, 0xED, 0xC4,
    0xFD, 0x73, 0x50, 0x8F, 0x9D, 0x2D, 0x90, 0xA0, 0x36, 0xE1, 0x5F, 0x9B, 0xBA, 0xBB, 0xA4, 0x17,
    0x0E, 0x49, 0x0D, 0xF4, 0xDB, 0x62, 0x4F, 0xAE, 0xFA, 0x02, 0xCF, 0x69, 0x60, 0xCD, 0x69, 0xA0,
    0x9E, 0xA7, 0x81, 0x8D, 0xBC, 0xBA, 0xAA, 0xF6, 0xB2, 0x2F, 0xEA, 0x1C, 0x4A, 0xC5, 0xEE, 0xE9,
    0x09, 0x58, 0x46, 0xD7, 0x0A, 0x91, 0x85, 0x33, 0x48, 0xD4, 0x43, 0x99, 0x23, 0x08, 0x1F, 0x62,
    0x46, 0xCD, 0xB5, 0xA0, 0xA7, 0xAB, 0x03, 0xCB, 0x7F, 0xC9, 0x89, 0x63, 0xDE, 0x33, 0x98, 0x73,
    0x04, 0xA6, 0xAE, 0x9B, 0xBF, 0x10, 0x6C, 0xA0, 0x73, 0x58, 0x84, 0x19, 0x5B, 0x53, 0x5F, 0x79,
    0x95, 0x87, 0xEF, 0x38, 0x75, 0x48, 0xAC, 0x64, 0x30, 0xD7, 0xEF, 0xB3, 0xD3, 0xFB, 0x4D, 0x00,
    0x94, 0x19, 0x5B, 0x8D, 0xCF, 0x6A, 0x79, 0x3F, 0x3D, 0x1F, 0x3D, 0x76, 0x6A, 0x6C, 0xD4, 0xD8,
    0xA7, 0x2D, 0xB7, 0x69, 0x67, 0xA5, 0xB7, 0xC7, 0x28, 0x25, 0xDA, 0x05, 0xD8, 0xF5, 0x58, 0x57,
    0x13, 0x09, 0x4B, 0xB3, 0x60, 0xFE, 0x89, 0x3C, 0x98, 0x9B, 0x27, 0xBE, 0x7E, 0xFA, 0x98, 0x0E,
    0x97, 0x52, 0xD7, 0x27, 0xAC, 0x64, 0x96, 0xBD, 0x04, 0x27, 0x75, 0x1D, 0x13, 0xC0, 0x9A, 0xFC,
    0xB8, 0xBD, 0x17, 0x7C, 0x09, 0x68, 0xDA, 0xE4, 0x59, 0x1F, 0xF2, 0xFF, 0xFF, 0xBE, 0x17, 0xF9,
    0x1D, 0x2D, 0x00, 0x82, 0xE3, 0x24, 0xB9, 0xFF, 0x18, 0x99, 0xD7, 0xC2, 0x44, 0x5A, 0x9A, 0x2D,
    0xBF, 0x2F, 0x81, 0x12, 0x12, 0xC4, 0x42, 0x44, 0x27, 0x42, 0x3B, 0x5A, 0xFC, 0xC3, 0x22, 0x0E,
    0x6C, 0x86, 0xA5, 0xFA, 0xE2, 0xB5, 0x38, 0x40, 0x7A, 0x3F, 0x5A, 0x20, 0x06, 0x18, 0xE6, 0xE8,
    0x4C, 0x39, 0x01, 0x49, 0xED, 0x1E, 0x94, 0xD9, 0x81, 0x94, 0x95, 0xF7, 0x8A, 0x93, 0xD1, 0x84,
    0x6C, 0x4D, 0x4C, 0xDC, 0x6C, 0x3C, 0x08, 0x2D, 0xDA, 0x14, 0xA9, 0x3A, 0xE3, 0xF0, 0xCD, 0x16,
    0x28, 0x31, 0x7A, 0x89, 0x2A, 0xAC, 0x04, 0xBA, 0x2C, 0x18, 0x0D, 0x33, 0x7E, 0x5C, 0x86, 0xFE,
    0x40, 0xF9, 0xEC, 0x0F, 0x42, 0xEF, 0x07, 0x7A, 0xD9, 0xE4, 0x81, 0x31, 0x8B, 0x41, 0x3A, 0x14,
    0x28, 0x55, 0xBE, 0x58, 0xD9, 0x00, 0x56, 0x40, 0xB1, 0x2C, 0x4E, 0x00, 0x4B, 0x28, 0x56, 0xA8,
    0xAB, 0x4C, 0x93, 0xA1, 0xD8, 0x32, 0xF6, 0x6B, 0x0E, 0x79, 0x24, 0x6A, 0xCF, 0x49, 0xEF, 0x4A,
    0x18, 0xB5, 0xD2, 0x65, 0xD4, 0xD7, 0xAD, 0x64, 0x73, 0x80, 0x9C, 0x95, 0xDE, 0xDB, 0xF4, 0x77,
    0x56, 0x7A, 0xEA, 0xB7, 0xA0, 0xF5, 0x70, 0x10, 0xBD, 0xDB, 0x4B, 0x1E, 0xDB, 0x73, 0xD3, 0xF3,
    0xB6, 0x98, 0xAB, 0xF5, 0x52, 0x5A, 0xE7, 0xE4, 0x96, 0xBF, 0x12, 0x34, 0xCE, 0x9D, 0xC6, 0xE0,
    0x3E, 0xCC, 0x37, 0x85, 0x15, 0x85, 0x7E, 0xA3, 0x96, 0xAB, 0x2F, 0xAD, 0x84, 0x02, 0x6E, 0x54,
    0x5F, 0xC1, 0xEE, 0xAE, 0xD5, 0xBB, 0x58, 0xEA, 0x6B, 0x53, 0x55, 0x88, 0xD1, 0xB1, 0x40, 0x43,
    0xA1, 0xCB, 0xEA, 0x51, 0x68, 0x60, 0x34, 0x54, 0x71, 0x08, 0xBE, 0x6C, 0x23, 0x42, 0x2A, 0x2A,
    0x03, 0x0E, 0xF3, 0xD3, 0x81, 0x7B, 0x61, 0x1C, 0x73, 0x0A, 0x53, 0x82, 0x0F, 0x85, 0x48, 0x47,
    0x69, 0x0F, 0x3E, 0xC4, 0xEA, 0xEE, 0x10, 0x03, 0x4D, 0x3A, 0xFA, 0x9E, 0x98, 0xE0, 0x20, 0xEB,
    0xFF, 0xB6, 0x04, 0x5C, 0x16, 0x01, 0x79, 0xCC, 0xC0, 0xE5, 0xEC, 0xF4, 0x6E, 0x85, 0x09, 0x29,
    0x7D, 0x95, 0x23, 0xB2, 0x8F, 0x2E, 0x9E, 0x8F, 0xDE, 0xFD, 0xAC, 0x8E, 0xA6, 0xC2, 0x00, 0x8F,
    0x18, 0xE9, 0xD5, 0xE9, 0x98, 0xEF, 0xCC, 0xF2, 0xF9, 0x03, 0xFB, 0x79, 0x28, 0x8F, 0xEC, 0xCF,
    0x2C, 0x27, 0x53, 0x3C, 0x04, 0x22, 0xC2, 0xDD, 0xF8, 0x1F, 0x5E, 0xC0, 0x90, 0xD4, 0x85, 0x49,
    0x13, 0xE5, 0x84, 0xFA, 0x69, 0x71, 0x28, 0xF5, 0x0D, 0xE7, 0x48, 0xDF, 0xB2, 0x87, 0xE5, 0x08,
    0x29, 0x65, 0xCD, 0x4C, 0x3C, 0xC4, 0xF4, 0xA3, 0x8E, 0x29, 0xFC, 0x2E, 0x13, 0x46, 0x56, 0xB9,
    0xF3, 0x3F, 0x60, 0x91, 0xB0, 0xF7, 0xBA, 0x37, 0x75, 0xBE, 0xE1, 0xB7, 0x28, 0x34, 0x8C, 0xC8,
    0xC8, 0xBE, 0x5D, 0xBD, 0xCE, 0x13, 0x2C, 0xFC, 0xE3, 0x04, 0x9D, 0x02, 0x99, 0x0E, 0x29, 0xFA,
    0xDD, 0xA2, 0x43, 0x32, 0x6F, 0x91, 0x88, 0xE0, 0x8C, 0x4F, 0xDF, 0x8C, 0x14, 0xA9, 0x31, 0xA1,
    0xCA, 0xC4, 0xEB, 0x6C, 0x59, 0x69, 0x3F, 0xF9, 0x01, 0xFF, 0x03, 0xBD, 0x5A, 0xBF, 0x8F, 0xDD,
    0xC6, 0x11, 0x1E, 0x92, 0x81, 0x68, 0x9B, 0x36, 0xD6, 0x85, 0x03, 0x08, 0x71, 0x00, 0xA6, 0x10,
    0x10, 0x07, 0x09, 0x44, 0x17, 0x6E, 0x52, 0xE8, 0x48, 0x27, 0x85, 0xFF, 0x0C, 0xB9, 0x0C, 0x90,
    0x42, 0x2E, 0x52, 0x3A, 0x22, 0xA3, 0x14, 0xAE, 0x02, 0xDF, 0x9F, 0xA0, 0x22, 0x5D, 0x1A, 0x97,
    0x36, 0xA0, 0x3B, 0x52, 0x56, 0xA1, 0x96, 0x4A, 0xE3, 0xC2, 0x45, 0x18, 0x4B, 0x80, 0x0A, 0x17,
    0xA6, 0x6D, 0xCA, 0xA2, 0x6C, 0x92, 0x9B, 0xEF, 0x9B, 0x25, 0xDF, 0x7B, 0x77, 0xBA, 0xA7, 0x1F,
    0x77, 0x4F, 0x39, 0x81, 0xAB, 0xFB, 0xF1, 0x38, 0xFB, 0xCD, 0xEC, 0xCC, 0xEC, 0x37, 0xB3, 0x2B,
    0x92, 0xDA, 0x4A, 0x24, 0xE7, 0x50, 0xDA, 0x42, 0x36, 0xBE, 0x4C, 0x8B, 0x21, 0xE5, 0x90, 0x73,
    0xB0, 0x18, 0xFC, 0x9F, 0x3A, 0x91, 0xE0, 0x3B, 0x0C, 0xD1, 0x57, 0x18, 0xCC, 0xE7, 0x18, 0x92,
    0x6B, 0x3D, 0x3E, 0xE6, 0x63, 0x28, 0x39, 0x58, 0xDB, 0x8B, 0xCF, 0x21, 0xE0, 0x10, 0xB5, 0xFE,
    0x20, 0xA6, 0xC1, 0x10, 0x57, 0xC1, 0x20, 0x69, 0x81, 0x01, 0x7F, 0x19, 0x24, 0xC4, 0x13, 0xE1,
    0x03, 0xCB, 0x57, 0x68, 0xF7, 0x01, 0xA2, 0xC5, 0x9B, 0x6D, 0x34, 0x9A, 0xC6, 0xB4, 0xA6, 0x4E,
    0xAA, 0xB8, 0x4A, 0x8B, 0xA4, 0x4A, 0xB3, 0xB4, 0xC0, 0x83, 0x31, 0x97, 0xF4, 0xA6, 0x95, 0xC4,
    0xDA, 0xCC, 0x58, 0x5B, 0xF8, 0xD3, 0xC5, 0x0C, 0x33, 0x87, 0x40, 0x9E, 0x1A, 0x0C, 0xB1, 0xA5,
    0x9C, 0x5E, 0xFE, 0x2F, 0x3A, 0x84, 0x75, 0x2F, 0x21, 0xDE, 0x0F, 0x6C, 0x83, 0x97, 0xB2, 0x1D,
    0xE8, 0xC1, 0x55, 0xA8, 0x31, 0x77, 0x8D, 0xA9, 0x1B, 0x09, 0x1E, 0x36, 0x12, 0xDD, 0x6F, 0xC4,
    0xDC, 0x6E, 0x25, 0xFD, 0xA8, 0x95, 0x3C, 0x68, 0x65, 0x0A, 0x5A, 0x6F, 0x08, 0x5B, 0x80, 0x6A,
    0x43, 0xCA, 0xC7, 0x63, 0xEA, 0xB0, 0x4D, 0xAA, 0xB0, 0x4D, 0xB3, 0xB0, 0x2D, 0x25, 0x84, 0x7A,
    0x11, 0xF0, 0xA4, 0x90, 0x57, 0x52, 0x5D, 0x7E, 0x5F, 0x3F, 0x23, 0xA6, 0x6C, 0x03, 0x53, 0xE6,
    0x4F, 0x09, 0x7C, 0x61, 0x82, 0xA1, 0x60, 0x0E, 0x15, 0x0B, 0xE3, 0xFA, 0x23, 0x64, 0xFA, 0x90,
    0x6D, 0x1C, 0x56, 0x0F, 0x7F, 0x97, 0xEB, 0x4E, 0x6F, 0x1F, 0xBE, 0x93, 0xD8, 0x0E, 0xA6, 0x6B,
    0xFD, 0x49, 0xF6, 0xB9, 0x0C, 0xB4, 0x7D, 0x5C, 0x3B, 0xCD, 0xD2, 0xC2, 0xA1, 0xCA, 0x65, 0xE3,
    0xE1, 0xEF, 0xEA, 0xF3, 0x78, 0x0D, 0xE6, 0xB5, 0xA3, 0x78, 0x84, 0x2B, 0x01, 0x9E, 0x18, 0x7F,
    0x29, 0x2B, 0x37, 0x5F, 0xED, 0xE4, 0xBF, 0x09, 0xF9, 0xD6, 0x56, 0xD0, 0xBB, 0x30, 0x8F, 0x3C,
    0x6A, 0xA5, 0x32, 0xA9, 0xE5, 0xE6, 0x93, 0xD7, 0x6F, 0xC0, 0xA1, 0xB1, 0x52, 0x78, 0x7C, 0x7B,
    0x0F, 0xBF, 0x39, 0x87, 0x87, 0xBA, 0x94, 0xB0, 0xE9, 0x8F, 0x9D, 0xF8, 0xD5, 0xF5, 0xDD, 0xE2,
    0x3D, 0x8F, 0xE7, 0xD0, 0xC9, 0x33, 0x5F, 0xD6, 0x12, 0xF9, 0xC5, 0xD9, 0xF0, 0x26, 0xFC, 0x6D,
    0xE6, 0x7C, 0x6A, 0x6F, 0xED, 0xC8, 0x3B, 0xC3, 0x7B, 0x43, 0x74, 0x5D, 0x75, 0xED, 0x3E, 0x5D,
    0xCB, 0x3F, 0x35, 0xDE, 0xEA, 0x6D, 0x09, 0x7E, 0xE8, 0x67, 0x5F, 0xCB, 0x9C, 0x3D, 0x76, 0x88,
    0xD7, 0xCF, 0x0A, 0x89, 0xBE, 0x68, 0x55, 0x9E, 0xD0, 0x1F, 0xDE, 0x3E, 0x23, 0xDE, 0xFD, 0xB7,
    0xC5, 0x7F, 0x30, 0xAC, 0xF1, 0xBE, 0xEA, 0xE4, 0x25, 0xB0, 0x47, 0x8A, 0xD8, 0xCB, 0x81, 0xB9,
    0x0C, 0x07, 0x99, 0x10, 0xEE, 0xA3, 0x37, 0x7A, 0x83, 0x37, 0xFA, 0x78, 0x82, 0xDE, 0x1B, 0x82,
    0xCE, 0x67, 0xF4, 0x0D, 0x51, 0x1B, 0x76, 0x73, 0x14, 0x35, 0xF1, 0x1D, 0x5B, 0x21, 0x66, 0xF0,
    0x6A, 0x0F, 0xDC, 0x4C, 0x03, 0xC1, 0xC0, 0x0C, 0xF7, 0x88, 0x61, 0xF3, 0x03, 0x73, 0xCC, 0xF7,
    0xD0, 0xDA, 0x7C, 0x0F, 0x78, 0xE6, 0x7E, 0x85, 0x28, 0xAA, 0x99, 0x66, 0x2B, 0x66, 0x17, 0xFC,
    0xD4, 0x03, 0xB2, 0x69, 0x80, 0x22, 0xAE, 0x60, 0x80, 0xA4, 0x2A, 0xA9, 0x04, 0x81, 0x14, 0xD0,
    0x34, 0xFD, 0x1B, 0x04, 0xA5, 0xB7, 0x31, 0x24, 0x30, 0x06, 0x34, 0x18, 0x99, 0xDD, 0x3E, 0xC3,
    0x14, 0x57, 0x7A, 0x97, 0xAB, 0x2D, 0xA4, 0x8D, 0x31, 0x72, 0x02, 0x33, 0x54, 0xD8, 0x05, 0x7D,
    0xD0, 0xA5, 0x36, 0xE4, 0xD3, 0xE6, 0x53, 0xD4, 0x3A, 0x8C, 0x71, 0x8D, 0x48, 0xAF, 0x20, 0xBB,
    0x48, 0xAF, 0x59, 0xB5, 0x45, 0x0E, 0xD5, 0xAF, 0x70, 0xF9, 0xC5, 0xD3, 0x80, 0xD6, 0x8C, 0x0C,
    0x71, 0xB0, 0x65, 0xE6, 0x82, 0x1D, 0x29, 0x8F, 0x11, 0xCF, 0xCC, 0x86, 0x29, 0x02, 0x87, 0x35,
    0xA9, 0x80, 0x15, 0x03, 0x92, 0x46, 0x21, 0xCC, 0x1A, 0x30, 0x5F, 0x4E, 0x1B, 0x12, 0x75, 0x46,
    0xD4, 0x9F, 0x4F, 0xC4, 0x8A, 0x44, 0x61, 0x38, 0x84, 0x8F, 0xF6, 0xD4, 0x0F, 0x26, 0x08, 0x18,
    0x35, 0xE7, 0x2F, 0x5F, 0x39, 0x7E, 0x2E, 0xF1, 0xB3, 0xC5, 0x43, 0x1C, 0x40, 0xE1, 0x0D, 0x6B,
    0x20, 0x7C, 0x88, 0x85, 0x20, 0x0C, 0x30, 0x18, 0xD8, 0x2C, 0xAE, 0x68, 0x1F, 0x2E, 0x91, 0xCD,
    0xF0, 0x40, 0x84, 0xA5, 0x49, 0x5A, 0xCC, 0xD7, 0xE0, 0x97, 0xCD, 0xDA, 0x8F, 0x7B, 0xF8, 0x8D,
    0xCD, 0xF0, 0x7E, 0x15, 0x77, 0x84, 0x4A, 0xD3, 0xA6, 0x45, 0xF9, 0x2F, 0x8B, 0x29, 0x7B, 0xB1,
    0x53, 0xE6, 0x7C, 0xA3, 0x38, 0x7F, 0xD4, 0x2F, 0xBC, 0x6E, 0x4F, 0xBC, 0xFE, 0x00, 0x7E, 0x01,
    0xE3, 0x26, 0xF5, 0xCE, 0xB1, 0x9A, 0x6B, 0x2D, 0x72, 0x39, 0x72, 0x3A, 0x6C, 0xA9, 0xB1, 0x77,
    0x46, 0xBC, 0x62, 0x8A, 0x79, 0x16, 0xEE, 0x7C, 0xD9, 0xCE, 0xF1, 0x32, 0x4F, 0xD0, 0x3D, 0xD4,
    0x45, 0xFA, 0xB3, 0xE3, 0xDD, 0x19, 0xAE, 0xD1, 0xB9, 0x28, 0x3F, 0x60, 0xF8, 0xFD, 0x70, 0x14,
    0xD3, 0xBD, 0x19, 0x93, 0x57, 0x16, 0xA5, 0x7D, 0x12, 0xA6, 0xDE, 0xC9, 0x38, 0xB6, 0x55, 0x8A,
    0xBC, 0x8F, 0x04, 0x36, 0xC0, 0x0F, 0xF2, 0xCE, 0x21, 0x78, 0x65, 0xB7, 0x76, 0x7D, 0x05, 0xFB,
    0x67, 0xFC, 0x71, 0xE5, 0xF6, 0x53, 0xDA, 0x75, 0xFF, 0x8C, 0x7E, 0xF0, 0x32, 0x09, 0x0E, 0xC0,
    0xC0, 0xAF, 0xC2, 0x87, 0xAD, 0x04, 0x45, 0x75, 0x3C, 0xFF, 0x06, 0xC8, 0xBF, 0x51, 0xE7, 0x70,
    0x25, 0x73, 0xEE, 0xCD, 0xB3, 0x9F, 0x23, 0x6E, 0x21, 0x5F, 0xE3, 0x37, 0x87, 0x6C, 0xFE, 0x9B,
    0x24, 0xAF, 0xC6, 0x0D, 0xF9, 0xFF, 0x64, 0x8E, 0x28, 0x1C, 0xA7, 0x48, 0x00, 0x76, 0x84, 0x5D,
    0x3E, 0x79, 0x4B, 0xE5, 0x7B, 0xE5, 0x3D, 0x4D, 0x49, 0xB0, 0x89, 0x67, 0x83, 0x01, 0xFF, 0x7A,
    0x64, 0xA0, 0x0E, 0xB9, 0xB1, 0x8D, 0x1A, 0xE4, 0x1E, 0x64, 0x9F, 0xA8, 0x4B, 0x6A, 0xEA, 0xA3,
    0xF9, 0xA3, 0x2C, 0x8B, 0xC5, 0xD8, 0x17, 0xB0, 0x21, 0xE4, 0x6A, 0x4A, 0x84, 0xEF, 0x94, 0x6D,
    0xE7, 0x52, 0x3B, 0xD3, 0x61, 0x88, 0x39, 0xA4, 0x5C, 0x46, 0x66, 0xA1, 0xB8, 0xD9, 0xA4, 0x88,
    0xD4, 0xC4, 0x65, 0x57, 0xAE, 0x2F, 0x95, 0x11, 0x6A, 0x23, 0x54, 0x47, 0xA8, 0x8F, 0x50, 0x21,
    0xA1, 0x46, 0x42, 0x95, 0x98, 0x27, 0x2B, 0x97, 0x14, 0x9D, 0x56, 0xAA, 0x16, 0x57, 0x87, 0x8A,
    0xA9, 0x66, 0xAA, 0x9A, 0xD3, 0xED, 0x59, 0x36, 0xF4, 0xB3, 0x29, 0x17, 0x55, 0xEE, 0x4D, 0x6A,
    0x15, 0x15, 0x47, 0xD4, 0xDA, 0xD5, 0x02, 0xED, 0x0C, 0x2B, 0x97, 0xC1, 0xF9, 0x7D, 0xD2, 0xBA,
    0x77, 0xF1, 0xF5, 0x89, 0x63, 0x99, 0x74, 0x32, 0x12, 0xCB, 0xE4, 0xC5, 0xE8, 0xA0, 0x8E, 0xAC,
    0x93, 0xA8, 0x2B, 0xAB, 0x2F, 0x2F, 0xCE, 0x4C, 0x28, 0x50, 0x06, 0x14, 0xB8, 0x10, 0x2A, 0x21,
    0x96, 0x84, 0x64, 0xE2, 0x9A, 0x8E, 0xF8, 0x0F, 0x81, 0x3E, 0x72, 0xC7, 0x1E, 0xB8, 0xEA, 0x83,
    0x2B, 0x0A, 0x40, 0x04, 0x66, 0xEF, 0x30, 0xEA, 0x1D, 0x35, 0xD8, 0x4D, 0x5C, 0xC1, 0x2A, 0x60,
    0xD6, 0xB5, 0x13, 0x07, 0x56, 0xCD, 0x58, 0xFC, 0xC0, 0x65, 0x09, 0xC3, 0x0D, 0xEB, 0x72, 0x26,
    0x2F, 0x9D, 0x73, 0x33, 0xFE, 0x76, 0x66, 0x28, 0x4B, 0x32, 0xB1, 0x3A, 0x05, 0x13, 0x49, 0x15,
    0x50, 0xA7, 0x36, 0xAE, 0x23, 0x3C, 0xDC, 0x72, 0x4D, 0x9D, 0x6E, 0xD0, 0xF5, 0x7C, 0xB6, 0x32,
    0xE1, 0xE1, 0xC5, 0xFC, 0xDD, 0x81, 0x55, 0x0B, 0x2B, 0x2A, 0xE4, 0x97, 0x88, 0x03, 0xB6, 0x5F,
    0x82, 0x06, 0x2C, 0x7F, 0x00, 0xA2, 0xC0, 0x2E, 0x9B, 0xB8, 0x7A, 0x6E, 0xD4, 0x2E, 0xAC, 0xC3,
    0xD4, 0x39, 0xB3, 0x54, 0xC9, 0x95, 0x5C, 0xB1, 0x8E, 0x77, 0x29, 0x93, 0x80, 0x17, 0x9E, 0x86,
    0x37, 0xE7, 0x67, 0x72, 0x68, 0x29, 0x9C, 0x65, 0x0B, 0x91, 0xF6, 0x49, 0x1D, 0x74, 0x71, 0x1D,
    0xB4, 0x71, 0xC5, 0x42, 0x04, 0xB2, 0x61, 0x83, 0xB4, 0x00, 0xE2, 0x8C, 0x09, 0x8C, 0x94, 0x86,
    0x8C, 0x26, 0xCD, 0xA8, 0x62, 0x7F, 0x41, 0xCB, 0x3E, 0x43, 0xF3, 0x45, 0xEB, 0x18, 0x24, 0x5A,
    0x6B, 0x47, 0x8F, 0xB6, 0xD5, 0x7C, 0x3A, 0xCC, 0x65, 0x47, 0xE7, 0x88, 0x88, 0x99, 0x73, 0x2A,
    0xB9, 0x63, 0x52, 0xAD, 0xDD, 0x0E, 0x1A, 0xE4, 0x9A, 0xE2, 0xAD, 0x8A, 0x90, 0x83, 0xF3, 0x80,
    0x88, 0x09, 0xFC, 0x8F, 0xDA, 0x79, 0x51, 0x99, 0x73, 0xA5, 0x9C, 0x68, 0x60, 0x4F, 0x65, 0x33,
    0xB6, 0x19, 0xD9, 0xDC, 0x42, 0xC2, 0xFE, 0xF5, 0xD0, 0x76, 0x01, 0xF9, 0x5E, 0xB3, 0xA2, 0x28,
    0xE1, 0x06, 0x4D, 0xD9, 0x11, 0x2E, 0x80, 0x82, 0xF4, 0x15, 0xFF, 0x79, 0x1E, 0x50, 0xED, 0x87,
    0x78, 0x98, 0x93, 0x5A, 0xC7, 0x8E, 0x77, 0x0B, 0xCC, 0x6B, 0xF7, 0xBC, 0xEE, 0x80, 0x84, 0x67,
    0xE1, 0x3B, 0xCF, 0x81, 0x6D, 0x57, 0x18, 0x86, 0x75, 0xE0, 0xC7, 0xFC, 0x9E, 0xA1, 0x09, 0x3A,
    0x03, 0xDF, 0xCB, 0x2B, 0xEA, 0x7C, 0x51, 0x9E, 0x13, 0x5A, 0xCB, 0xA9, 0x34, 0x70, 0xC5, 0xAA,
    0x10, 0x4D, 0xC0, 0x9A, 0xA6, 0xF0, 0x5C, 0x94, 0x5D, 0x5B, 0xF1, 0x39, 0x6C, 0x96, 0x93, 0x16,
    0x1C, 0x52, 0xD7, 0x91, 0xE4, 0x60, 0x40, 0xAA, 0xC3, 0x1B, 0x69, 0x86, 0x7C, 0x98, 0x0A, 0xD2,
    0x49, 0x8E, 0xD5, 0xC6, 0xDF, 0xF1, 0xDA, 0x48, 0x04, 0x6C, 0x3A, 0xE0, 0xEF, 0xA6, 0xC6, 0xDF,
    0x63, 0x24, 0x05, 0x61, 0xA1, 0x2F, 0xE9, 0x3F, 0x00, 0x2C, 0xBD, 0xC2, 0x52, 0x25, 0x45, 0x5A,
    0x2E, 0xA3, 0x51, 0x2D, 0xF6, 0x29, 0xE8, 0xF7, 0x28, 0xF9, 0x2D, 0x64, 0xBD, 0x5B, 0x10, 0xEC,
    0x75, 0x2B, 0x3D, 0x27, 0xCA, 0x8B, 0x50, 0x25, 0xB0, 0x85, 0x61, 0xEA, 0x60, 0x88, 0x19, 0xB6,
    0x15, 0xEA, 0x04, 0x86, 0x6B, 0x61, 0xDA, 0x34, 0x33, 0x0D, 0xA1, 0x95, 0x98, 0x65, 0xC2, 0x24,
    0xA3, 0x2B, 0x3D, 0x68, 0x13, 0x28, 0x41, 0xE7, 0xF3, 0xD9, 0x94, 0x50, 0xD2, 0xCA, 0xEA, 0x3F,
    0xAA, 0xB5, 0xA5, 0xE2, 0x8D, 0xF8, 0x40, 0xF3, 0x8E, 0xCE, 0xC1, 0x0C, 0xCF, 0xB2, 0x8D, 0x65,
    0x10, 0x35, 0x71, 0x2D, 0x83, 0x93, 0xB8, 0xD0, 0x46, 0xDD, 0x37, 0xC9, 0xA5, 0xD0, 0x91, 0xAA,
    0x1C, 0x73, 0x44, 0xAB, 0x24, 0xAD, 0x1D, 0x0C, 0xC8, 0x18, 0xC7, 0x55, 0x82, 0x8E, 0xB5, 0xBC,
    0xEA, 0x20, 0x7F, 0x9B, 0xDC, 0xD5, 0x56, 0xE4, 0x64, 0xCF, 0x99, 0x15, 0xEC, 0xF5, 0xB5, 0x70,
    0x98, 0x5F, 0x6D, 0xDC, 0x1C, 0x28, 0x5D, 0x98, 0x9B, 0xB1, 0x1D, 0xE7, 0x24, 0xE2, 0x25, 0x4B,
    0xD3, 0x89, 0x8B, 0x3D, 0xE2, 0xF7, 0xDE, 0x48, 0x5E, 0x66, 0x95, 0xD5, 0xB5, 0x1C, 0xA8, 0xCB,
    0x43, 0x3A, 0xE6, 0xB7, 0x13, 0x5D, 0x82, 0x4C, 0xBE, 0x81, 0x23, 0xC5, 0x48, 0xC9, 0x98, 0x18,
    0x81, 0x93, 0x30, 0xE9, 0xD3, 0x8C, 0x8B, 0xA3, 0x72, 0xB8, 0x2A, 0x8E, 0x99, 0xBA, 0xFD, 0xE6,
    0x08, 0x3A, 0x25, 0x9B, 0x0B, 0xBA, 0x60, 0xC0, 0x92, 0xA0, 0x78, 0x4B, 0xB1, 0x24, 0x36, 0x0B,
    0x1E, 0x32, 0x01, 0xB5, 0x5A, 0x23, 0x18, 0xC0, 0x35, 0x5F, 0x76, 0x12, 0x73, 0x35, 0x6F, 0x62,
    0x49, 0x2A, 0xAB, 0x3B, 0xAC, 0xEE, 0x51, 0xFC, 0xFA, 0xAB, 0xDB, 0x4B, 0x4D, 0xEF, 0x8C, 0xF1,
    0x54, 0x59, 0x5F, 0x6C, 0xC8, 0x2A, 0x36, 0x65, 0xFD, 0x8A, 0x99, 0x19, 0x48, 0x07, 0x47, 0x80,
    0x5F, 0x9B, 0xF5, 0xD8, 0xC0, 0x79, 0x84, 0xEC, 0x3E, 0xCB, 0x02, 0xCF, 0x64, 0xB7, 0x64, 0x56,
    0x96, 0xB7, 0xF8, 0x5E, 0x32, 0xC8, 0xEF, 0xB9, 0xBE, 0x89, 0xAD, 0xE0, 0xB5, 0x29, 0x0A, 0xCD,
    0x5C, 0xA7, 0xD8, 0x0C, 0x9B, 0x9E, 0x82, 0x49, 0xB7, 0x48, 0xB6, 0x28, 0xD8, 0xB4, 0xAF, 0x1B,
    0xB6, 0xBA, 0x5A, 0xCF, 0xEE, 0xEF, 0x0E, 0xCF, 0xE3, 0xB6, 0x3B, 0x21, 0x84, 0x37, 0xB1, 0x34,
    0x14, 0x18, 0x73, 0xA5, 0xB9, 0x90, 0x2C, 0x7E, 0x2B, 0xF0, 0xF9, 0x2A, 0xB6, 0x55, 0xA8, 0x3E,
    0x8B, 0xA0, 0xC5, 0x27, 0xF3, 0x5A, 0x57, 0xBD, 0x0C, 0x91, 0x1B, 0x11, 0x21, 0x13, 0xA3, 0xDC,
    0x64, 0x1E, 0xA8, 0xA7, 0x3F, 0x5C, 0x7C, 0x6E, 0x98, 0xA9, 0x8D, 0x9A, 0xDC, 0x9A, 0xAA, 0x54,
    0x39, 0x31, 0xE4, 0x24, 0x4F, 0x96, 0x53, 0x1F, 0x8D, 0x03, 0x40, 0xD4, 0xC6, 0x6E, 0xCC, 0x5D,
    0x7F, 0xCA, 0x9E, 0xB0, 0x9C, 0x51, 0xE1, 0xE8, 0x06, 0x37, 0xEF, 0x38, 0x7B, 0x3A, 0x2E, 0x32,
    0x5C, 0x51, 0x63, 0x9D, 0xBC, 0x0C, 0xA6, 0x88, 0x5A, 0xC6, 0x04, 0x88, 0x40, 0x1D, 0x67, 0x4F,
    0xC5, 0x75, 0x52, 0x62, 0x28, 0x3F, 0x04, 0x56, 0xB2, 0x68, 0x30, 0x2C, 0x7A, 0x0A, 0xBE, 0xCD,
    0x21, 0xFF, 0xD7, 0xC7, 0xF5, 0x06, 0xA6, 0xD8, 0xB2, 0x67, 0x39, 0xE1, 0x7B, 0xAE, 0x47, 0x82,
    0x84, 0x98, 0x2E, 0xAE, 0x05, 0xE7, 0xB7, 0x9D, 0x6F, 0xF7, 0x53, 0xA4, 0xA5, 0x9E, 0x2F, 0x6F,
    0x75, 0x2D, 0xD7, 0x54, 0x62, 0x10, 0x68, 0x14, 0xB8, 0xED, 0x70, 0x89, 0x03, 0x04, 0x74, 0xCC,
    0x9D, 0x08, 0xB4, 0xB4, 0xAC, 0x48, 0x0D, 0xAB, 0x94, 0x4D, 0xDA, 0x9C, 0xED, 0xA9, 0x43, 0xF1,
    0x7F, 0x6C, 0x0F, 0xC4, 0x7F, 0x80, 0x4D, 0x3A, 0x68, 0x3B, 0x0E, 0x8F, 0x90, 0xF9, 0x9B, 0x43,
    0x00, 0xAF, 0xB1, 0x13, 0x99, 0x2A, 0xE7, 0x90, 0x36, 0x10, 0x81, 0x21, 0x29, 0x20, 0x39, 0xCD,
    0xE8, 0x47, 0xAA, 0xB7, 0xF8, 0x27, 0xF7, 0x3A, 0xAF, 0x9C, 0x48, 0x05, 0xAB, 0xA7, 0x52, 0xC1,
    0x17, 0x88, 0x74, 0x5B, 0x66, 0x3B, 0x2D, 0xD4, 0xB9, 0x12, 0xA0, 0xCD, 0xE3, 0x76, 0xE1, 0xFC,
    0x17, 0x5E, 0xC2, 0x70, 0x90, 0x2F, 0x0C, 0x9D, 0x7E, 0xA8, 0xED, 0xE0, 0x17, 0xBC, 0x0C, 0x7E,
    0x56, 0x69, 0x8B, 0x31, 0x38, 0xD6, 0x62, 0x3C, 0xAD, 0x6E, 0xE3, 0xBA, 0xCA, 0x09, 0xE6, 0x86,
    0xBC, 0x4F, 0x1B, 0x5E, 0x51, 0xDE, 0x5C, 0x41, 0x66, 0x83, 0x4D, 0xB8, 0x09, 0x3A, 0xD3, 0x84,
    0xAC, 0x60, 0x5A, 0x16, 0x0F, 0x4E, 0x2E, 0xB6, 0x15, 0x27, 0xD3, 0x15, 0xFF, 0x73, 0x5F, 0x6D,
    0x27, 0x9A, 0x17, 0x6B, 0xCD, 0xE3, 0xD5, 0xB2, 0xAA, 0xDD, 0x73, 0x99, 0xCF, 0x4E, 0x12, 0x75,
    0xFE, 0x66, 0xAB, 0xEA, 0x73, 0x31, 0x92, 0x6C, 0x57, 0xDD, 0x9B, 0x79, 0x14, 0x9B, 0x27, 0xDC,
    0x3F, 0x59, 0x8F, 0x9D, 0x44, 0xAD, 0xCF, 0x69, 0xA7, 0xB0, 0x46, 0x4A, 0x69, 0xFD, 0x29, 0x62,
    0xE7, 0xB2, 0x8F, 0xDA, 0xA0, 0x37, 0x4D, 0xD0, 0xA3, 0x98, 0x00, 0x3B, 0xC1, 0xAC, 0x3C, 0xD5,
    0x28, 0x94, 0xA1, 0x34, 0xEC, 0x86, 0x60, 0xDB, 0x2E, 0xD2, 0x3B, 0x56, 0xEB, 0xC1, 0xC8, 0x92,
    0x97, 0x14, 0xAE, 0x03, 0xB8, 0x74, 0x01, 0x97, 0xAF, 0x48, 0x2B, 0x79, 0x2D, 0x4F, 0x42, 0x94,
    0x27, 0xA6, 0x31, 0x4D, 0xEC, 0x8A, 0x92, 0xB9, 0x30, 0x49, 0x56, 0xB2, 0xD8, 0x58, 0x35, 0x90,
    0xE5, 0xB3, 0xF1, 0xE9, 0xB7, 0x97, 0xC4, 0xEF, 0x6E, 0x68, 0xDA, 0xD9, 0x2C, 0x42, 0x77, 0x85,
    0x55, 0x3B, 0x80, 0xB7, 0xB0, 0x57, 0x1C, 0xEB, 0x00, 0x9E, 0x16, 0xAF, 0x5C, 0x08, 0xB4, 0xB5,
    0x81, 0x44, 0x3A, 0xC0, 0xCE, 0xA6, 0x1E, 0x99, 0x50, 0xDE, 0xDF, 0x40, 0xAD, 0xB0, 0x89, 0x5B,
    0x08, 0x5C, 0x88, 0x5C, 0x08, 0x5D, 0x88, 0x5D, 0x08, 0x5E, 0x92, 0x35, 0xAF, 0x04, 0x7E, 0xF2,
    0x18, 0x92, 0x19, 0x3A, 0x48, 0xC1, 0x8D, 0xEE, 0x8E, 0x9D, 0x5B, 0x23, 0xD4, 0xC2, 0xA9, 0x21,
    0x52, 0x9D, 0x67, 0x1E, 0x3E, 0x84, 0xF8, 0xBB, 0x4C, 0x3A, 0x4C, 0xC9, 0xE7, 0xFD, 0x6C, 0x43,
    0x1B, 0x6D, 0x4E, 0x6B, 0x87, 0x9B, 0x0A, 0x09, 0x35, 0x72, 0xB5, 0xF1, 0x2C, 0xDE, 0x2C, 0xE1,
    0xB7, 0x9A, 0x43, 0x3B, 0xDC, 0xD4, 0x6C, 0x56, 0x8D, 0x6D, 0x7D, 0xED, 0x9B, 0x09, 0xEB, 0xD9,
    0x60, 0xC4, 0x72, 0x80, 0xAF, 0x66, 0x2C, 0x5B, 0x65, 0xD5, 0x2C, 0x27, 0x5C, 0xE8, 0x96, 0x66,
    0x58, 0xFC, 0x9C, 0x9E, 0x97, 0x33, 0xE4, 0x72, 0x6E, 0x43, 0x3C, 0x2D, 0x93, 0xFC, 0xBD, 0x56,
    0x37, 0xAF, 0x9A, 0xBB, 0xC4, 0x5C, 0xFC, 0x72, 0x7F, 0x0E, 0xEC, 0x37, 0x03, 0xF6, 0x8E, 0x21,
    0xBE, 0xDD, 0xDF, 0x48, 0x51, 0x63, 0x5D, 0x0D, 0x9A, 0xFE, 0x46, 0xF8, 0x45, 0x3B, 0x80, 0x2B,
    0x0D, 0xE6, 0x91, 0x9A, 0x74, 0x48, 0xEB, 0x0C, 0x0C, 0xBF, 0xCA, 0x7F, 0xC0, 0xC6, 0x52, 0x6B,
    0x4F, 0x6A, 0xDF, 0x85, 0x73, 0xDC, 0xBB, 0xCD, 0xEA, 0xAD, 0xF5, 0x39, 0x44, 0x0A, 0xE0, 0xEC,
    0x35, 0x94, 0x3E, 0xBB, 0x05, 0x23, 0xFF, 0x79, 0x20, 0x63, 0xA8, 0xC0, 0x07, 0x9E, 0xB9, 0xB1,
    0xFE, 0x66, 0xF1, 0x1C, 0xB6, 0xA4, 0xF5, 0xB9, 0xD6, 0xDE, 0x88, 0x22, 0x58, 0x39, 0xAE, 0x34,
    0x95, 0xD0, 0x2A, 0xEE, 0x9C, 0xCA, 0xD9, 0x98, 0x9B, 0xE9, 0x7C, 0x8C, 0x24, 0x57, 0x5C, 0x14,
    0xD2, 0x20, 0x51, 0xE7, 0xB9, 0x5A, 0xE9, 0x09, 0x9C, 0x7A, 0xE9, 0x28, 0xEC, 0x0E, 0xD7, 0x9C,
    0xF8, 0xAF, 0xBA, 0xB4, 0x3F, 0x67, 0x7D, 0x5B, 0xAC, 0x1A, 0x0A, 0x85, 0x10, 0x97, 0xFB, 0x83,
    0x7E, 0x5E, 0xD3, 0xB6, 0xCB, 0x2E, 0xD5, 0x5C, 0x79, 0xB9, 0x0E, 0x59, 0xBE, 0xD0, 0x4A, 0x59,
    0x7B, 0x3F, 0xF3, 0xBC, 0xCF, 0x5A, 0x25, 0x69, 0x65, 0xD5, 0x10, 0xDA, 0x72, 0x44, 0xB3, 0x2B,
    0x95, 0x02, 0x41, 0xBE, 0xFF, 0xB2, 0x79, 0x3C, 0xDF, 0x9F, 0xD2, 0xD4, 0xDB, 0x5C, 0xC3, 0xB3,
    0xF7, 0xE0, 0xD3, 0x93, 0xB6, 0xC0, 0xCA, 0xEC, 0x4F, 0xFA, 0x61, 0xED, 0x9F, 0x90, 0x8E, 0x75,
    0x4A, 0x3B, 0xDD, 0x71, 0x00, 0xA3, 0x34, 0x59, 0x66, 0x6B, 0x4C, 0x96, 0xD7, 0x89, 0x25, 0x49,
    0x9E, 0xE4, 0x9C, 0xB6, 0x78, 0xFD, 0xED, 0x47, 0xA2, 0xA5, 0xAD, 0xB5, 0x0F, 0x33, 0x78, 0x99,
    0x52, 0x30, 0x50, 0x2A, 0x4F, 0xF3, 0x17, 0x93, 0x81, 0x55, 0x94, 0xBF, 0x11, 0x1E, 0xFB, 0xB0,
    0x1B, 0x86, 0xE8, 0x57, 0xB6, 0xB3, 0xAD, 0xA5, 0xBB, 0x2B, 0xBC, 0xAF, 0xBA, 0xC5, 0xF6, 0xD9,
    0x6C, 0xFA, 0xBA, 0x91, 0xF0, 0xDD, 0xEA, 0x4C, 0x78, 0x89, 0x2B, 0x3E, 0x09, 0x17, 0x4D, 0x42,
    0x93, 0x03, 0x60, 0xA4, 0xB1, 0x3D, 0x77, 0x41, 0xB7, 0xE0, 0xBA, 0x34, 0x37, 0x63, 0xE3, 0x0C,
    0x7E, 0x3B, 0xDF, 0x14, 0x38, 0x8E, 0x69, 0x14, 0xED, 0x42, 0x7B, 0x56, 0x8F, 0xDD, 0x8E, 0x61,
    0x1A, 0x15, 0xD3, 0x9B, 0xC4, 0xD4, 0xCF, 0x55, 0xC4, 0x9E, 0x3B, 0x85, 0x88, 0xB4, 0xDC, 0x7E,
    0x07, 0x8A, 0x1F, 0x20, 0x50, 0xD2, 0xF9, 0x6C, 0x21, 0xD8, 0xAD, 0x1F, 0xF8, 0xC5, 0xBE, 0x84,
    0xF7, 0x5B, 0xB5, 0x2B, 0x8F, 0x9C, 0xE5, 0xC2, 0x99, 0xFC, 0x20, 0xB2, 0x76, 0x64, 0x1A, 0xE4,
    0xF3, 0xD4, 0x5A, 0xFD, 0x48, 0xD5, 0x2A, 0x47, 0xFA, 0x25, 0x7E, 0x33, 0x87, 0x70, 0xEF, 0xCA,
    0x76, 0x65, 0xCF, 0x6F, 0x1E, 0x7D, 0x17, 0x7A, 0xA0, 0xEE, 0xA3, 0x2E, 0x36, 0x5B, 0x95, 0x0B,
    0x1B, 0xBD, 0x96, 0xD5, 0xF4, 0xED, 0x1B, 0xC0, 0xE5, 0xB8, 0x02, 0xCD, 0xA6, 0x0D, 0xF3, 0x24,
    0xD3, 0x35, 0x0B, 0xB8, 0x66, 0x74, 0xFF, 0x97, 0x11, 0x0F, 0xC9, 0x65, 0xF8, 0xD6, 0xE4, 0x6A,
    0x0E, 0x71, 0xEE, 0x85, 0x39, 0x3A, 0xC8, 0x6F, 0x53, 0x6D, 0xF9, 0x6E, 0x09, 0xD6, 0xCD, 0x92,
    0x65, 0x4B, 0xBF, 0xC7, 0x35, 0x38, 0x50, 0x76, 0xFD, 0xD9, 0x14, 0x62, 0x63, 0xBC, 0x77, 0x51,
    0x75, 0x26, 0xF6, 0xA5, 0xF1, 0xF3, 0xA4, 0x52, 0x2E, 0x69, 0x5E, 0x57, 0x4E, 0x62, 0xB4, 0x71,
    0xB2, 0xFF, 0x54, 0x5C, 0xE9, 0xDC, 0x37, 0xE1, 0xC9, 0xF3, 0x49, 0xB6, 0x59, 0xE1, 0xFA, 0xC5,
    0xD1, 0x3E, 0x07, 0xD6, 0xAD, 0xE6, 0xC6, 0x46, 0xDB, 0xCA, 0xBC, 0x26, 0xC0, 0x96, 0x71, 0xC7,
    0x0C, 0x37, 0xF0, 0x85, 0xFD, 0xCF, 0x94, 0x7F, 0x69, 0x57, 0x23, 0xBF, 0xB7, 0xBD, 0x0F, 0x8B,
    0x8C, 0xCA, 0x4E, 0x37, 0xB3, 0x69, 0xD0, 0xFB, 0x43, 0x00, 0xAA, 0xC3, 0x2E, 0x37, 0x9B, 0xDC,
    0x33, 0x4B, 0x25, 0x31, 0x71, 0xF4, 0xAF, 0x9A, 0x49, 0xC9, 0xEA, 0xDA, 0xC8, 0xA8, 0xE2, 0xF4,
    0x94, 0x3E, 0xBE, 0x96, 0xE9, 0x7D, 0x22, 0xEE, 0x0D, 0x1F, 0x1C, 0xAC, 0xAF, 0xE2, 0xAC, 0xDF,
    0x3E, 0xC2, 0x71, 0xF3, 0xCC, 0x91, 0xC7, 0x12, 0x93, 0x5B, 0x28, 0xC1, 0xD3, 0xF7, 0x52, 0x6D,
    0x82, 0x1C, 0xDE, 0x7D, 0x76, 0xF2, 0x75, 0xA1, 0x5D, 0x61, 0x25, 0x4E, 0x3E, 0x1B, 0x57, 0x9F,
    0x4E, 0x8F, 0x73, 0x4B, 0xBB, 0x76, 0x57, 0x58, 0x2F, 0xC1, 0x27, 0xF7, 0xE2, 0x42, 0xF3, 0x52,
    0xD4, 0x9D, 0xDD, 0xAE, 0xCB, 0xB5, 0x95, 0xE0, 0x56, 0xA5, 0x8F, 0x4E, 0x72, 0xE8, 0x52, 0xD6,
    0x82, 0x17, 0x7B, 0x2B, 0x69, 0xE3, 0x72, 0xEA, 0x62, 0x5A, 0xBD, 0x56, 0xD0, 0xA0, 0x14, 0x78,
    0x1C, 0x6F, 0xB5, 0x89, 0x77, 0xDF, 0x15, 0x40, 0x86, 0x5D, 0x33, 0x33, 0x3F, 0xD3, 0x7C, 0xE4,
    0x79, 0x16, 0xCC, 0xD7, 0x5F, 0x66, 0xD0, 0xF3, 0xCA, 0xC4, 0x03, 0xF2, 0xC6, 0xBF, 0x77, 0xAC,
    0xD4, 0xAB, 0xB5, 0xA5, 0xE7, 0xC3, 0x1A, 0x60, 0x17, 0x1A, 0x5B, 0x68, 0xED, 0x13, 0x0E, 0x6B,
    0x94, 0x90, 0xB2, 0xA5, 0x43, 0xAA, 0x5B, 0xAD, 0xB8, 0x28, 0xD4, 0xD0, 0xAB, 0x59, 0x0B, 0x21,
    0xED, 0x9D, 0x85, 0xC8, 0xCE, 0xAE, 0xEB, 0x64, 0xF6, 0x72, 0xE7, 0xF5, 0x60, 0xA3, 0xFB, 0xAF,
    0x9D, 0x4D, 0x8F, 0x67, 0xF7, 0x89, 0xFA, 0x71, 0x9F, 0x60, 0xBB, 0x63, 0xD0, 0x5B, 0x62, 0xCC,
    0x03, 0xDE, 0x92, 0x33, 0x2C, 0x73, 0xFE, 0x69, 0x31, 0x8D, 0xF3, 0x7A, 0x2D, 0xFD, 0x1A, 0x7E,
    0xDF, 0xCD, 0xD7, 0xA7, 0x5C, 0x35, 0xC4, 0xDD, 0x35, 0xE0, 0x95, 0x96, 0xE5, 0x0A, 0x15, 0x5F,
    0x48, 0x0A, 0x58, 0x36, 0x25, 0xFB, 0xD1, 0xE1, 0x2A, 0x6A, 0x4F, 0x39, 0x60, 0x02, 0x45, 0x7A,
    0xF9, 0x7C, 0x1F, 0xC3, 0xED, 0x6F, 0x51, 0x69, 0x7C, 0xFC, 0x5D, 0x27, 0xF1, 0xE5, 0xEF, 0x91,
    0xFE, 0xF6, 0x30, 0xA4, 0x1F, 0x3E, 0xAC, 0x65, 0xAF, 0xFB, 0x09, 0x46, 0x6F, 0xB5, 0x45, 0xCF,
    0xFD, 0xAB, 0xB0, 0x3C, 0xE0, 0xB6, 0xCC, 0xD2, 0xEA, 0x82, 0xF3, 0xB5, 0x2A, 0x2A, 0x65, 0xFE,
    0xB3, 0xBA, 0x56, 0x85, 0x08, 0x38, 0xC4, 0x73, 0x80, 0x28, 0x18, 0x92, 0x3F, 0xDE, 0xE9, 0x93,
    0xE8, 0xDF, 0x5D, 0x62, 0xEE, 0xB6, 0x69, 0x72, 0xB7, 0xD9, 0x4B, 0xEF, 0xD7, 0x7B, 0x07, 0x5F,
    0x57, 0x7B, 0x0F, 0xBE, 0x29, 0xD2, 0xFF, 0x62, 0xAF, 0xBB, 0x39, 0xE9, 0x91, 0x56, 0xCA, 0x62,
    0x9C, 0x2E, 0xC2, 0x84, 0xC8, 0x12, 0xF7, 0x10, 0x72, 0xFF, 0xF2, 0x4B, 0xD7, 0x1B, 0x87, 0xB5,
    0x50, 0x65, 0xC3, 0x42, 0x79, 0xC6, 0x22, 0x36, 0xFD, 0x03, 0xEC, 0xF1, 0x1E, 0x2A, 0xA2, 0x8F,
    0xE1, 0x20, 0xDF, 0x54, 0x7A, 0x68, 0xA7, 0xFB, 0x7B, 0x7F, 0x34, 0x17, 0x1F, 0xDF, 0x26, 0x79,
    0x6F, 0x40, 0x66, 0xEF, 0xE6, 0xE7, 0x25, 0x65, 0xAB, 0xF7, 0x77, 0xF3, 0xDD, 0x01, 0xD7, 0x23,
    0xD6, 0x83, 0xC1, 0x84, 0xBE, 0xC6, 0x95, 0x71, 0x55, 0x8C, 0xA9, 0x19, 0x1F, 0xAC, 0xDC, 0xCC,
    0x57, 0x6C, 0x48, 0xDE, 0x65, 0xCE, 0x67, 0xFA, 0x08, 0xC9, 0x05, 0x94, 0xA0, 0x72, 0xDB, 0x13,
    0xF2, 0x12, 0x5D, 0x64, 0xED, 0x96, 0xB0, 0x79, 0x26, 0xE9, 0xB4, 0x14, 0xEB, 0x5E, 0xCB, 0xBE,
    0x60, 0x9E, 0x05, 0x5D, 0x8E, 0xCD, 0xF8, 0xD2, 0xBA, 0xF1, 0xBF, 0x3B, 0xE5, 0x9E, 0xD8, 0x1F,
    0x63, 0x99, 0xC6, 0x1E, 0xA1, 0x1B, 0x1C, 0x45, 0xE5, 0x06, 0xE4, 0xCE, 0xD9, 0x55, 0x82, 0xEA,
    0x30, 0xCC, 0x17, 0x8B, 0xDC, 0xFB, 0x34, 0x90, 0x6E, 0xC9, 0xAA, 0x96, 0xFE, 0x5E, 0xCB, 0xB4,
    0x74, 0x1E, 0x8A, 0xED, 0xC4, 0x17, 0x1B, 0xAA, 0x67, 0xDD, 0x7D, 0x46, 0xE1, 0x09, 0x0F, 0xBD,
    0x9E, 0xC5, 0x49, 0xBC, 0xFE, 0x91, 0x93, 0x19, 0x57, 0xFE, 0xCD, 0xA4, 0x67, 0x9C, 0x8F, 0xCA,
    0xDD, 0x5E, 0xAA, 0xD0, 0xA2, 0x23, 0xD7, 0x5D, 0x5F, 0xA0, 0x1E, 0x7B, 0xF3, 0xAB, 0x76, 0x66,
    0x8D, 0x72, 0x46, 0x3D, 0x78, 0x47, 0x45, 0x2F, 0xA9, 0x68, 0xA3, 0xC5, 0x15, 0x5B, 0xE7, 0x5E,
    0xBC, 0x1E, 0xDB, 0x1A, 0x65, 0xA7, 0xD6, 0x43, 0x6F, 0xB2, 0x29, 0x2F, 0x21, 0xE9, 0x53, 0xF6,
    0xF7, 0x94, 0xCA, 0xD1, 0xAE, 0xCA, 0xC7, 0xD1, 0x6D, 0x53, 0x8E, 0xF7, 0xB8, 0x41, 0x91, 0x2B,
    0x23, 0x5C, 0x5D, 0x62, 0x73, 0x17, 0x80, 0xA9, 0xA0, 0x06, 0x4D, 0xA2, 0x6D, 0x2E, 0x7E, 0xE2,
    0x7F, 0xBD, 0x5A, 0xBF, 0x6F, 0xDD, 0xD6, 0x15, 0x3E, 0x24, 0x5B, 0x31, 0x36, 0x9D, 0x5C, 0x0F,
    0x2D, 0x60, 0xC0, 0x49, 0xE8, 0x41, 0x28, 0x52, 0x04, 0x30, 0x3D, 0x64, 0xE8, 0x90, 0xF7, 0xC8,
    0x34, 0x43, 0x86, 0x0C, 0xE9, 0x1F, 0xD0, 0x21, 0x63, 0x81, 0x0C, 0xEA, 0xD0, 0xA1, 0x83, 0x64,
    0xB2, 0xD6, 0xE0, 0xA1, 0x2D, 0xAC, 0xFF, 0x20, 0x19, 0xBA, 0x75, 0xE8, 0x9A, 0x00, 0x4F, 0xE2,
    0xB5, 0x3D, 0x76, 0x30, 0x93, 0x0C, 0xD9, 0x1A, 0x26, 0x31, 0x50, 0x14, 0x05, 0x12, 0x3A, 0x61,
    0x6A, 0x3A, 0x26, 0xDF, 0xED, 0xF7, 0xDD, 0x4B, 0x3E, 0x49, 0xB6, 0x15, 0x34, 0x92, 0x5C, 0x0B,
    0xEF, 0x5A, 0x7A, 0x7A, 0xEF, 0x9C, 0x73, 0xCF, 0x8F, 0xEF, 0x7C, 0xE7, 0x3C, 0x89, 0x48, 0x9A,
    0x09, 0x0E, 0x91, 0xB5, 0x61, 0x0F, 0xFF, 0x9B, 0x5E, 0xC4, 0x98, 0x46, 0xFC, 0xA5, 0x6A, 0x24,
    0xE8, 0xA2, 0x46, 0xA2, 0x26, 0x6C, 0x44, 0xD5, 0x38, 0xE2, 0x0A, 0x3F, 0x26, 0x1A, 0x47, 0xAA,
    0x55, 0x2D, 0x69, 0xA1, 0x2A, 0x1C, 0x89, 0xC6, 0x91, 0x16, 0x38, 0xCA, 0x4C, 0xD2, 0x5B, 0x4B,
    0x91, 0x98, 0x42, 0x14, 0x84, 0x40, 0x0A, 0x85, 0x8B, 0xE4, 0x78, 0xEC, 0xC9, 0xC5, 0x07, 0xBD,
    0x94, 0xA6, 0x0B, 0x8C, 0xA9, 0xA3, 0x96, 0x22, 0x12, 0x9D, 0xE8, 0x58, 0x53, 0x84, 0x7D, 0x64,
    0x94, 0x53, 0x5A, 0x19, 0x09, 0x44, 0x28, 0x53, 0x4F, 0x02, 0x7C, 0xC8, 0x92, 0x80, 0x47, 0x54,
    0x4B, 0x1F, 0x18, 0xED, 0xF5, 0xC1, 0x52, 0xFC, 0x0E, 0x46, 0x05, 0x2D, 0xEC, 0x09, 0x1A, 0xD8,
    0x13, 0x36, 0xB0, 0x27, 0xAA, 0x63, 0x2D, 0xAA, 0x82, 0x51, 0x0A, 0x42, 0x05, 0xD2, 0x33, 0x49,
    0x8A, 0x9C, 0xD7, 0x2C, 0x79, 0xC0, 0xBC, 0xD4, 0x1B, 0x70, 0x6C, 0xF7, 0xBC, 0x6D, 0x4B, 0x6B,
    0x6B, 0x5C, 0x7E, 0x34, 0x34, 0x19, 0x9D, 0x41, 0x93, 0xC3, 0x26, 0x1E, 0x20, 0x2F, 0xA9, 0x71,
    0x7B, 0x48, 0x51, 0x15, 0x9E, 0x8F, 0x35, 0x44, 0x25, 0x9A, 0x9E, 0x2A, 0x28, 0x25, 0xA3, 0x14,
    0x0F, 0x47, 0xEE, 0xF3, 0xBB, 0xEB, 0xFD, 0xE8, 0x42, 0xDA, 0x2F, 0x51, 0xDB, 0xC9, 0xEA, 0xDF,
    0x85, 0xB3, 0x38, 0x5E, 0xDC, 0x72, 0x57, 0xC0, 0x8D, 0x9C, 0x3E, 0xC9, 0xAB, 0xB4, 0x11, 0xD3,
    0xE4, 0x38, 0xBA, 0xB2, 0xF6, 0xDA, 0x2E, 0xD0, 0x7E, 0xD3, 0x45, 0x59, 0xD0, 0x74, 0x4A, 0x82,
    0xBA, 0x9B, 0x49, 0x58, 0x75, 0x9B, 0x12, 0xE9, 0xB6, 0x15, 0x75, 0xF3, 0x1E, 0x22, 0x71, 0xED,
    0x9B, 0x4A, 0xE2, 0xE0, 0x9F, 0x5A, 0xE2, 0xE8, 0x4E, 0x26, 0x97, 0xD5, 0xBB, 0x22, 0xB3, 0x7C,
    0x06, 0xBD, 0x43, 0xDE, 0x4A, 0xDE, 0x96, 0x8D, 0x94, 0x05, 0x7D, 0x2F, 0x72, 0xE9, 0x12, 0x8E,
    0x59, 0x03, 0x1D, 0xF0, 0x89, 0x69, 0x60, 0x80, 0x81, 0x41, 0x1E, 0xAD, 0x82, 0x0E, 0x53, 0x05,
    0xCD, 0x03, 0xA3, 0x83, 0xFA, 0x3B, 0xA3, 0xA1, 0x23, 0xCE, 0xA0, 0x63, 0x0E, 0x1D, 0xCD, 0x26,
    0x74, 0x34, 0x2D, 0x74, 0x7C, 0x8E, 0x90, 0x47, 0xB7, 0x35, 0x74, 0xDC, 0x28, 0xA0, 0x23, 0xA6,
    0x8E, 0xB4, 0x83, 0x8E, 0xB4, 0x85, 0x8E, 0x9C, 0x3A, 0xD2, 0x75, 0xE8, 0x98, 0xCF, 0xE0, 0xC6,
    0x2D, 0x38, 0x5F, 0x16, 0x6B, 0x78, 0xAE, 0xA7, 0x6E, 0xDE, 0xFC, 0x6A, 0x6B, 0x2A, 0xCF, 0xDC,
    0x83, 0x0E, 0xF3, 0xB5, 0x29, 0xA2, 0x8F, 0xEB, 0x58, 0xD4, 0x76, 0x35, 0x93, 0x38, 0xD4, 0x9B,
    0x92, 0x40, 0x9D, 0xCC, 0xD5, 0xB5, 0x5A, 0x66, 0xEA, 0x75, 0x2D, 0xB3, 0x38, 0x2A, 0x64, 0x9E,
    0x2A, 0x88, 0x5C, 0x42, 0x47, 0x32, 0x40, 0x47, 0xD4, 0x52, 0xC7, 0x9C, 0xC2, 0x66, 0x30, 0x5B,
    0x36, 0x99, 0x07, 0x0B, 0xE6, 0x41, 0x07, 0xD7, 0x48, 0x0B, 0xD7, 0x78, 0xC8, 0x4F, 0x38, 0x0C,
    0xC1, 0xC6, 0x13, 0xAA, 0x08, 0xE0, 0x9A, 0x2C, 0xD4, 0x92, 0xE0, 0x59, 0x84, 0x51, 0x41, 0xA4,
    0xA8, 0x4C, 0xB6, 0x24, 0x16, 0x04, 0x29, 0x36, 0x09, 0x24, 0x1B, 0x38, 0x3C, 0x35, 0x36, 0xEB,
    0xF9, 0x2A, 0xC6, 0x14, 0x92, 0x91, 0x30, 0x0B, 0xBC, 0xCA, 0xDA, 0x0D, 0xC9, 0x70, 0x53, 0x83,
    0xF7, 0x42, 0xF2, 0x8C, 0xAA, 0x36, 0x05, 0x92, 0x17, 0x02, 0xC9, 0x1D, 0xDF, 0x83, 0x50, 0x14,
    0xB0, 0x47, 0x65, 0xF8, 0x7D, 0x4C, 0x7B, 0x12, 0xBE, 0x68, 0x0E, 0x7B, 0x20, 0xF9, 0x4D, 0x2D,
    0xB9, 0x51, 0x1A, 0x99, 0x0E, 0xF5, 0x90, 0x3E, 0x65, 0x54, 0x32, 0xF0, 0x1B, 0x3A, 0x27, 0xA9,
    0xAD, 0x97, 0x36, 0x21, 0x6C, 0xE9, 0xB5, 0xDE, 0x00, 0x29, 0x2D, 0x93, 0x1B, 0x32, 0x20, 0xC2,
    0x6F, 0x22, 0x5C, 0x06, 0x77, 0xA9, 0x55, 0x16, 0x56, 0x31, 0xF4, 0xC1, 0x6D, 0xFA, 0x32, 0x54,
    0xCE, 0xA0, 0xF1, 0x55, 0x28, 0x84, 0xB5, 0xA8, 0xA6, 0xB9, 0x94, 0xF0, 0x65, 0xAA, 0x99, 0x1C,
    0x0B, 0xE7, 0x71, 0x1F, 0x86, 0xB3, 0x76, 0x8D, 0x16, 0x6F, 0xC9, 0xD8, 0xAB, 0x02, 0xAE, 0x8B,
    0x5F, 0x6B, 0x65, 0x2B, 0x81, 0x92, 0xDD, 0x14, 0x5A, 0x86, 0x39, 0xD4, 0x0C, 0x33, 0xB8, 0x6E,
    0xD8, 0x84, 0xEB, 0x96, 0x0B, 0xB8, 0xEE, 0xCB, 0x0E, 0xEA, 0xFE, 0xD1, 0xC2, 0x75, 0x77, 0x1A,
    0xB8, 0xEE, 0x4E, 0x03, 0xD7, 0xDD, 0xA9, 0xE1, 0xBA, 0x1B, 0x15, 0x5C, 0xF7, 0xD6, 0x4D, 0xB8,
    0x4E, 0x7D, 0x0A, 0xD7, 0xA9, 0x77, 0xE1, 0x14, 0xB5, 0x71, 0xC0, 0x75, 0x95, 0xBC, 0x9F, 0xC2,
    0x75, 0xDD, 0x1C, 0xD7, 0xEC, 0x90, 0xDC, 0x1E, 0x72, 0x15, 0x75, 0xB9, 0x98, 0x03, 0x3B, 0x3A,
    0x1C, 0x7D, 0xBB, 0x25, 0xE1, 0xD0, 0x2C, 0x24, 0xFA, 0xB2, 0x41, 0x45, 0x7F, 0x55, 0x77, 0xA2,
    0xFE, 0x56, 0x21, 0xB9, 0x36, 0x6E, 0xC2, 0x6B, 0xC9, 0x2D, 0x84, 0x22, 0xD9, 0x86, 0xEB, 0x92,
    0xD7, 0x2B, 0x99, 0x25, 0xF0, 0xEF, 0x26, 0xF2, 0x42, 0x16, 0x97, 0x1F, 0x71, 0xDD, 0xF2, 0x90,
    0xEB, 0x84, 0xD1, 0x00, 0xC2, 0x30, 0x01, 0x15, 0x9F, 0x88, 0x8A, 0xFD, 0x3A, 0xF3, 0xCA, 0x3A,
    0xCE, 0x02, 0xD3, 0x22, 0x24, 0xA6, 0x4F, 0xE0, 0xCF, 0x7E, 0x0E, 0x5B, 0x51, 0x47, 0x4A, 0xC3,
    0x36, 0x55, 0xB4, 0x08, 0xF3, 0x6B, 0x0D, 0x2E, 0xE3, 0x23, 0xC7, 0xD3, 0xE0, 0x33, 0xDC, 0x28,
    0xF8, 0xA8, 0x91, 0xAD, 0xF0, 0x76, 0x2D, 0x8B, 0xE8, 0x36, 0xC2, 0xAC, 0xAE, 0xEB, 0xF1, 0x7E,
    0x3F, 0x8A, 0x0B, 0x02, 0x19, 0xD5, 0x30, 0x78, 0x8A, 0x79, 0x21, 0xCF, 0x33, 0xC7, 0x53, 0x02,
    0x85, 0x7D, 0x32, 0xA4, 0x15, 0xDE, 0xCA, 0x00, 0x6B, 0x54, 0xCA, 0xC3, 0xD6, 0x87, 0x05, 0xC1,
    0x87, 0x78, 0x5F, 0xF0, 0x35, 0x8E, 0xE8, 0x73, 0x1C, 0xEA, 0x16, 0x8E, 0xE4, 0x1A, 0xC2, 0x95,
    0xFA, 0x38, 0x4A, 0x1E, 0x06, 0x85, 0xE9, 0xF3, 0x08, 0x78, 0x44, 0x0D, 0xC0, 0x44, 0xD5, 0x38,
    0x62, 0x1D, 0xF4, 0x40, 0x1A, 0x1C, 0x50, 0xF1, 0xB6, 0x15, 0xE2, 0x99, 0xCA, 0xE1, 0xE9, 0x05,
    0xA7, 0x30, 0x34, 0x3B, 0xC8, 0xB7, 0x06, 0xEF, 0x6E, 0xA2, 0x41, 0xD5, 0xAA, 0x21, 0xF8, 0xC5,
    0xFB, 0x80, 0x9A, 0xF1, 0xCC, 0x25, 0xBD, 0x69, 0x90, 0xFA, 0x26, 0x53, 0xC6, 0x14, 0xFE, 0xF2,
    0x32, 0xAC, 0xD7, 0xBF, 0x85, 0x3C, 0xEA, 0xAE, 0x5D, 0x0F, 0x18, 0xE5, 0x19, 0xB3, 0xC4, 0x63,
    0xF0, 0x0C, 0x10, 0x8C, 0x98, 0x46, 0xDD, 0x01, 0x5E, 0x16, 0xD2, 0xFE, 0xC6, 0x5D, 0x90, 0x4E,
    0x47, 0xE8, 0x59, 0x34, 0xF6, 0x01, 0xA0, 0xA5, 0x88, 0xDC, 0x18, 0x64, 0xBD, 0xB1, 0x22, 0x64,
    0xE7, 0x92, 0xFF, 0x6D, 0x4F, 0xE1, 0xF8, 0xC5, 0x39, 0x0A, 0x4E, 0x0D, 0x5E, 0x20, 0x25, 0x7E,
    0x35, 0xB0, 0x18, 0x21, 0x1B, 0xA2, 0x21, 0x19, 0x82, 0xE1, 0xC3, 0xB0, 0x3B, 0x1F, 0x9A, 0x16,
    0x71, 0x93, 0xB2, 0xE6, 0x9B, 0x85, 0xEF, 0xB6, 0xDF, 0xD3, 0xB6, 0x73, 0xCE, 0xB6, 0xB5, 0x25,
    0x91, 0xB5, 0x82, 0x92, 0xC6, 0x5F, 0x46, 0x6D, 0xD0, 0xB1, 0x41, 0x05, 0x9D, 0xAA, 0x83, 0x2E,
    0xAE, 0x82, 0x2E, 0xD1, 0x41, 0x9B, 0xE8, 0xB0, 0x49, 0x8B, 0x08, 0x0F, 0x80, 0x76, 0x41, 0x3F,
    0xE0, 0xEB, 0x43, 0x83, 0xDA, 0x07, 0x96, 0x1B, 0xBA, 0xAF, 0x20, 0xF8, 0x6A, 0x89, 0x3E, 0x41,
    0xDB, 0xE0, 0x0F, 0x0C, 0xE2, 0x15, 0x27, 0x3F, 0xC2, 0xF7, 0x25, 0xFC, 0x63, 0x80, 0x88, 0x5D,
    0x52, 0xC1, 0x9B, 0xE8, 0x26, 0x94, 0x63, 0x1F, 0x55, 0x9A, 0x25, 0x2B, 0x79, 0x09, 0xE4, 0x29,
    0xC8, 0xF3, 0x0D, 0x93, 0x54, 0x5F, 0x91, 0xE0, 0x3F, 0x8F, 0xFB, 0x72, 0x40, 0x7D, 0xF7, 0x32,
    0xF8, 0x3D, 0xDA, 0x55, 0xE7, 0xF7, 0x01, 0x2C, 0x0E, 0x1B, 0x36, 0x2C, 0xB4, 0xAA, 0x3A, 0x42,
    0xA4, 0xAC, 0x7C, 0x17, 0x2F, 0x3D, 0xCA, 0x2E, 0xF2, 0xCC, 0xC5, 0x8A, 0xF2, 0x99, 0x15, 0x30,
    0xF1, 0x5C, 0xC8, 0x8C, 0x2B, 0x44, 0xE1, 0xFE, 0x41, 0xBB, 0x4A, 0xB7, 0x03, 0xEF, 0x76, 0xD1,
    0x46, 0x73, 0x62, 0x03, 0xCD, 0xD1, 0xE5, 0x4A, 0x28, 0x2F, 0xA1, 0xDC, 0xC0, 0xCF, 0x65, 0xC8,
    0xBE, 0x8B, 0x44, 0xA2, 0x0F, 0xDA, 0x0F, 0xC4, 0xF6, 0x01, 0xCF, 0xB4, 0xAE, 0x94, 0x50, 0x88,
    0xD1, 0xC7, 0x08, 0xC0, 0x2D, 0x5B, 0x5A, 0xFF, 0xB3, 0xBD, 0xC5, 0xF7, 0xD8, 0xAB, 0x70, 0xC4,
    0xC6, 0x75, 0xB8, 0x57, 0x01, 0xAA, 0xBB, 0xF0, 0xC9, 0xE6, 0x8B, 0x27, 0xB4, 0x99, 0x65, 0x07,
    0x58, 0x88, 0x13, 0xC0, 0xDF, 0xAF, 0x7B, 0x79, 0x51, 0xDE, 0x5F, 0x95, 0xFC, 0x64, 0x73, 0x0F,
    0x9B, 0x91, 0x13, 0x61, 0x3B, 0xDA, 0xDC, 0xC0, 0x66, 0xC6, 0xB0, 0x7A, 0x82, 0x8F, 0xF5, 0x41,
    0x9B, 0x77, 0x46, 0x49, 0xE7, 0x46, 0xC0, 0xD9, 0x73, 0x78, 0xFA, 0x01, 0x5A, 0x6D, 0x1F, 0xA2,
    0xD3, 0x58, 0xBC, 0x39, 0xA1, 0xFD, 0x3F, 0x83, 0x3F, 0x4A, 0xD0, 0x92, 0x1C, 0x00, 0xF4, 0xA7,
    0x3D, 0x51, 0x80, 0xF1, 0xD3, 0xB4, 0x7F, 0x2D, 0x80, 0x71, 0xEF, 0x66, 0x12, 0x2D, 0x5D, 0x1F,
    0x78, 0x7F, 0xFB, 0x90, 0xED, 0xC7, 0xB7, 0x7B, 0x1D, 0x0F, 0xF4, 0x17, 0x75, 0xF5, 0x55, 0x49,
    0xFE, 0xBC, 0x7B, 0xEA, 0x76, 0x07, 0x23, 0xD0, 0xA3, 0x63, 0xB2, 0xBF, 0x12, 0xDA, 0xBD, 0x7B,
    0xD7, 0x51, 0xC9, 0x4A, 0x7B, 0xB5, 0x03, 0xF6, 0xE3, 0xDA, 0xEE, 0x95, 0x77, 0x01, 0x8F, 0x86,
    0x8F, 0xC2, 0x97, 0x1C, 0xC2, 0xC1, 0x51, 0xDE, 0x31, 0x15, 0x7E, 0xAE, 0xE2, 0xBB, 0xE0, 0x87,
    0xA8, 0xE7, 0x5C, 0xF2, 0x22, 0x7F, 0x8D, 0xD0, 0xD4, 0xC3, 0x2E, 0x94, 0x81, 0x25, 0x82, 0x36,
    0x79, 0x13, 0x33, 0x5D, 0xD4, 0xE6, 0xEE, 0xC0, 0xC4, 0xF8, 0xFD, 0xE5, 0xE9, 0x39, 0xDB, 0x89,
    0x2C, 0xD0, 0x83, 0x71, 0xA1, 0x9A, 0xD8, 0xBF, 0xEF, 0xE3, 0x08, 0xBF, 0x98, 0x30, 0x3E, 0xBE,
    0x86, 0x23, 0xFD, 0xE5, 0x93, 0x30, 0xBE, 0x1F, 0x31, 0xBE, 0x7A, 0x04, 0xE3, 0x2D, 0xA0, 0x34,
    0x0E, 0xD7, 0x51, 0x8F, 0xEA, 0x36, 0x6A, 0xF3, 0x5A, 0x75, 0x32, 0x9C, 0x7F, 0xE4, 0x2E, 0x36,
    0x1D, 0x42, 0x1A, 0x1F, 0xE8, 0xFF, 0xD7, 0x5D, 0x40, 0xA2, 0xC0, 0x06, 0x09, 0x06, 0x27, 0xEC,
    0x59, 0x3E, 0x3B, 0x4B, 0x80, 0xF0, 0xBA, 0x63, 0xFF, 0x1F, 0xA1, 0xD8, 0xC6, 0x8F, 0x72, 0x61,
    0x1F, 0x41, 0xF2, 0x21, 0xAF, 0xF1, 0x0D, 0x8E, 0xE8, 0x13, 0xDC, 0x4F, 0xFD, 0x1D, 0x2E, 0x48,
    0xDE, 0xC2, 0x91, 0x12, 0x46, 0xF7, 0xC0, 0xFA, 0x70, 0x8D, 0x82, 0xD7, 0xC8, 0x78, 0x0D, 0x76,
    0xB7, 0x9C, 0x19, 0x52, 0x22, 0x11, 0x34, 0xB3, 0x28, 0x23, 0x87, 0xA7, 0x1E, 0x10, 0x09, 0x98,
    0xDC, 0x4F, 0xBA, 0xFC, 0xA5, 0x8F, 0x19, 0xE6, 0xC6, 0x10, 0x98, 0xAF, 0x96, 0x7E, 0x38, 0x90,
    0xEA, 0xCC, 0x65, 0xA3, 0xD9, 0x0A, 0xCC, 0xBD, 0x4E, 0x7D, 0x62, 0xEA, 0x04, 0x25, 0x38, 0x47,
    0x8B, 0x9C, 0xA7, 0xCD, 0xF9, 0x74, 0x69, 0xEA, 0xB4, 0xC3, 0x35, 0xAB, 0x64, 0x47, 0xD6, 0xA0,
    0x8E, 0x36, 0x22, 0xFD, 0x82, 0xA5, 0xA7, 0x23, 0xFA, 0xB5, 0xDE, 0xEF, 0xA0, 0x39, 0x06, 0x95,
    0x92, 0x73, 0x4A, 0x68, 0xAA, 0x32, 0x32, 0xBA, 0x54, 0x78, 0x20, 0xBD, 0xF3, 0x9B, 0xBD, 0x1D,
    0x2A, 0xE2, 0xA9, 0x64, 0x3C, 0x73, 0xD7, 0xCE, 0x58, 0x98, 0xA5, 0x3C, 0xF3, 0x46, 0x1B, 0xF4,
    0x28, 0xBA, 0xB6, 0x5C, 0x46, 0x8D, 0x19, 0x22, 0x16, 0x5D, 0xC3, 0x19, 0x2D, 0xD7, 0x48, 0x73,
    0x30, 0x6F, 0xE8, 0x2C, 0x4B, 0x42, 0x0F, 0x1E, 0x46, 0xD6, 0xFD, 0xA5, 0x4D, 0x75, 0x8E, 0x78,
    0xC9, 0xF2, 0x7B, 0x5A, 0x97, 0x6F, 0x6D, 0x6D, 0xF9, 0x42, 0x4C, 0x5A, 0x3B, 0xB4, 0x55, 0x1D,
    0xB4, 0x35, 0xFB, 0x29, 0xE6, 0xA9, 0xD4, 0xD9, 0x0B, 0xCB, 0x4B, 0xFB, 0x05, 0xD9, 0x7A, 0x18,
    0x6D, 0x45, 0x87, 0x37, 0x7F, 0x81, 0xA0, 0x97, 0xCE, 0x30, 0xF6, 0x96, 0xC5, 0xF5, 0x8F, 0x0E,
    0x3F, 0xB6, 0x42, 0x6D, 0x6B, 0xB6, 0x75, 0xEB, 0x19, 0x32, 0x82, 0xDE, 0x72, 0x02, 0xB4, 0x39,
    0x3B, 0x78, 0x46, 0xE8, 0x3B, 0xE0, 0x1C, 0xD0, 0x1D, 0xB5, 0x49, 0xC5, 0x52, 0xD6, 0x8C, 0x16,
    0xCC, 0x28, 0x4B, 0x82, 0x83, 0xE5, 0xF1, 0x98, 0xEC, 0x78, 0x31, 0x7B, 0x33, 0x7B, 0xB5, 0xF1,
    0x6E, 0xF2, 0x36, 0x6F, 0xD3, 0xEF, 0x92, 0x8D, 0xB5, 0x8E, 0xE9, 0x8B, 0x9C, 0x9D, 0xE2, 0x88,
    0x44, 0xD3, 0x34, 0x1F, 0xC4, 0x85, 0x6C, 0xB9, 0x0C, 0xE1, 0x05, 0x4E, 0xBD, 0xA8, 0x74, 0xF0,
    0xE7, 0xC1, 0xD0, 0x09, 0x36, 0x03, 0x98, 0x47, 0xCC, 0xA8, 0xF0, 0x3E, 0x87, 0xBA, 0x7B, 0x4B,
    0x92, 0x20, 0x43, 0x7F, 0xE4, 0x68, 0x47, 0x15, 0x5E, 0x8C, 0x39, 0xB6, 0xC2, 0xE1, 0x66, 0xE2,
    0x66, 0xC4, 0xE2, 0xAF, 0x0A, 0x10, 0x0E, 0x92, 0x61, 0xA8, 0x1A, 0xFB, 0xCB, 0xCB, 0x99, 0xA3,
    0x6E, 0xB0, 0x57, 0x48, 0x69, 0x87, 0x00, 0xE8, 0xA9, 0x5A, 0xBF, 0x4F, 0xC0, 0x5E, 0xF2, 0x2C,
    0x78, 0xB0, 0x94, 0xF0, 0x21, 0xF8, 0x1F, 0x62, 0xA1, 0x40, 0x73, 0xD4, 0xBF, 0x31, 0x5E, 0x7C,
    0x0C, 0xAA, 0x7A, 0x0B, 0x09, 0xA0, 0x97, 0x23, 0xE6, 0xC1, 0xFD, 0x27, 0xE4, 0x41, 0x8E, 0xB7,
    0x68, 0x4B, 0x7D, 0x82, 0x91, 0xD6, 0x59, 0x53, 0x87, 0xE3, 0x72, 0x20, 0x6D, 0x5B, 0x26, 0xAF,
    0x4A, 0x3A, 0x1C, 0x52, 0x16, 0xEF, 0x37, 0x15, 0x4E, 0x64, 0xF6, 0x07, 0xE1, 0xA7, 0x69, 0x3B,
    0x9B, 0x0A, 0x5F, 0xA0, 0x26, 0xDC, 0x39, 0xE5, 0xFB, 0xC8, 0x15, 0x12, 0x04, 0xEE, 0x49, 0x24,
    0xE5, 0x8D, 0x38, 0xF2, 0x5A, 0x5E, 0xE2, 0x50, 0x94, 0x48, 0x92, 0x12, 0x49, 0x52, 0xC2, 0x94,
    0x8B, 0xBC, 0xCD, 0x77, 0xBB, 0x55, 0x58, 0xC8, 0x28, 0x25, 0x22, 0x83, 0x97, 0xC4, 0x6E, 0x33,
    0x0E, 0x1F, 0xC8, 0x9D, 0xE7, 0xB2, 0xBC, 0xA2, 0xA4, 0xC2, 0x09, 0x59, 0x33, 0x96, 0x95, 0xED,
    0x5C, 0x71, 0x7C, 0xD8, 0x1C, 0xE6, 0xC3, 0xC6, 0x56, 0x32, 0x40, 0xC0, 0xEE, 0x31, 0x38, 0x17,
    0x64, 0xC2, 0xE5, 0x46, 0x38, 0xFE, 0x98, 0x12, 0xB4, 0x97, 0x04, 0x0C, 0xB1, 0xBF, 0x9B, 0x88,
    0x3A, 0x12, 0x70, 0xDD, 0x77, 0x3D, 0x0F, 0x61, 0x90, 0x97, 0x6D, 0xB1, 0xB0, 0x56, 0x58, 0x2A,
    0x7C, 0x13, 0x0B, 0x65, 0xBC, 0x17, 0x51, 0x87, 0x40, 0x90, 0xD2, 0xA7, 0xD1, 0x48, 0xFE, 0x79,
    0xF1, 0x78, 0x22, 0xFF, 0x2B, 0x48, 0x38, 0x94, 0xDC, 0xB0, 0xE3, 0xD9, 0xB0, 0x1F, 0xDF, 0x8A,
    0xEA, 0xA5, 0x8E, 0x27, 0x2F, 0x3B, 0x30, 0x7B, 0x36, 0x5D, 0xCC, 0x65, 0xC7, 0xFC, 0xD8, 0xCB,
    0x8E, 0xBC, 0x1A, 0x87, 0xAD, 0xA3, 0x56, 0x1C, 0x05, 0x57, 0x1C, 0x94, 0x3C, 0x3B, 0xBC, 0xE2,
    0xA8, 0xA7, 0x15, 0xC7, 0x1F, 0xB9, 0xE2, 0x50, 0x4F, 0x5A, 0x71, 0xD0, 0x0B, 0x73, 0x1E, 0x5C,
    0xDE, 0xD8, 0x30, 0x1E, 0xB1, 0xE2, 0xD0, 0x5C, 0x71, 0x64, 0x6A, 0xBB, 0x9A, 0x1F, 0x5E, 0x71,
    0x34, 0xD3, 0x8A, 0x83, 0xFB, 0x88, 0x34, 0x7E, 0x7C, 0xC5, 0x21, 0x67, 0x9C, 0x1E, 0x0E, 0x27,
    0x9C, 0xB5, 0xFC, 0xE2, 0x94, 0x41, 0x98, 0x00, 0xC4, 0x0D, 0x43, 0xDC, 0xB9, 0x77, 0xBE, 0xB4,
    0x0F, 0xBF, 0x2C, 0x2A, 0x80, 0x2F, 0xB1, 0x97, 0xD0, 0x3B, 0x71, 0x38, 0xE2, 0x2E, 0x61, 0x97,
    0xA8, 0x3B, 0x36, 0x12, 0xED, 0x20, 0x77, 0xCA, 0x9F, 0x47, 0x1A, 0xC9, 0x82, 0x24, 0x0E, 0x03,
    0x37, 0xFC, 0xC2, 0x9B, 0xB4, 0x73, 0x46, 0x60, 0x0B, 0xA3, 0x78, 0xB3, 0xE0, 0x76, 0xA4, 0x4F,
    0x51, 0x46, 0x08, 0x30, 0x66, 0xB0, 0xAB, 0xAC, 0xCF, 0x5D, 0x92, 0x1B, 0x98, 0xB8, 0x5D, 0x23,
    0x47, 0xDE, 0xF8, 0xB0, 0x93, 0x34, 0xFA, 0x08, 0x99, 0xC2, 0x49, 0xE4, 0x2A, 0xF1, 0x6F, 0x37,
    0x84, 0xBE, 0x85, 0xDD, 0x62, 0xAC, 0xB1, 0x5E, 0x12, 0xC6, 0x95, 0xC4, 0x4E, 0xD2, 0x3F, 0x18,
    0x5E, 0xDD, 0x88, 0xBD, 0xAD, 0x3B, 0xC8, 0x03, 0x39, 0x6D, 0x81, 0x92, 0xDA, 0xD1, 0xD2, 0x4E,
    0x96, 0xDC, 0x0B, 0xB6, 0x28, 0x83, 0xB0, 0x05, 0x4E, 0x47, 0xF7, 0x97, 0x23, 0x4B, 0xE0, 0x70,
    0x22, 0x31, 0xDB, 0x01, 0xFD, 0x68, 0xDD, 0xE1, 0xBA, 0x48, 0x3E, 0xB6, 0x12, 0xBB, 0x3A, 0x73,
    0xE3, 0x9B, 0x0B, 0xC9, 0x48, 0x90, 0xFC, 0x89, 0x2F, 0xA5, 0xCC, 0xFD, 0xBC, 0xC0, 0x40, 0x56,
    0x72, 0xBD, 0x68, 0x34, 0x2E, 0x6C, 0xAA, 0x1C, 0xAF, 0xAD, 0xF7, 0xC4, 0xFF, 0x0E, 0x77, 0xF3,
    0xBF, 0xC5, 0xDD, 0x82, 0xA6, 0xE5, 0xF1, 0x00, 0xED, 0xAC, 0xDE, 0x43, 0xA8, 0xAB, 0x92, 0x7B,
    0xAA, 0x9C, 0x47, 0x5A, 0x73, 0x33, 0x59, 0xA3, 0xE1, 0xA3, 0x71, 0x10, 0x82, 0x9C, 0x4C, 0xDB,
    0x18, 0xC9, 0xCD, 0xB8, 0x59, 0xB0, 0x45, 0xFB, 0x82, 0xD3, 0xB8, 0x31, 0x90, 0xA7, 0x14, 0x0C,
    0x42, 0xC0, 0x80, 0x34, 0x5C, 0xC5, 0xC6, 0x76, 0x83, 0x0A, 0x08, 0x3B, 0x40, 0x9D, 0xF2, 0x31,
    0x15, 0x1C, 0x31, 0x16, 0x1B, 0x69, 0x4E, 0xF1, 0x11, 0xFA, 0xAC, 0x37, 0x12, 0x3F, 0xDE, 0xFD,
    0x85, 0x5F, 0xE0, 0xF1, 0x8A, 0x23, 0x7D, 0xCC, 0x40, 0x6E, 0x8D, 0xC0, 0x97, 0x82, 0x6F, 0x60,
    0x27, 0xE2, 0x10, 0x83, 0xF3, 0x91, 0xED, 0xE5, 0xC0, 0x30, 0x07, 0x30, 0xDC, 0xDA, 0xF6, 0x21,
    0x88, 0x1E, 0xF7, 0x12, 0xA4, 0x79, 0xD3, 0x56, 0xC2, 0x71, 0x18, 0x3A, 0x70, 0x7D, 0x44, 0x3A,
    0xA2, 0xE7, 0xD7, 0xDA, 0xFD, 0x9F, 0x64, 0x27, 0x23, 0x7C, 0x6E, 0xD4, 0x8D, 0xAA, 0x89, 0x9F,
    0xDA, 0xA1, 0xF2, 0x77, 0x4F, 0x9D, 0xF5, 0x89, 0x14, 0xCE, 0x57, 0x44, 0x69, 0x32, 0xA7, 0x57,
    0x4E, 0xC6, 0xFC, 0xE4, 0x19, 0xB7, 0x04, 0xE7, 0xB6, 0x80, 0x34, 0x23, 0xB0, 0x05, 0x7E, 0x1E,
    0xCD, 0xD0, 0x21, 0xA4, 0x6D, 0x86, 0x0A, 0xCD, 0x30, 0x41, 0xD6, 0xE6, 0x9D, 0xAA, 0x4C, 0x17,
    0xDF, 0xBA, 0xDF, 0x25, 0xD7, 0xBF, 0x68, 0x93, 0x1B, 0xB7, 0x9B, 0x34, 0x47, 0x43, 0x84, 0xDF,
    0xD2, 0x0E, 0x3E, 0x6B, 0xF6, 0x9B, 0x21, 0xF7, 0xD7, 0x57, 0x71, 0x9B, 0x0B, 0x53, 0xCE, 0x72,
    0x13, 0xCD, 0x86, 0xC7, 0x90, 0x3C, 0x27, 0xEE, 0x1E, 0x17, 0x1F, 0xD6, 0x32, 0x16, 0xB0, 0x6A,
    0x73, 0x78, 0xDD, 0x54, 0xE9, 0x36, 0x1E, 0xEA, 0x53, 0x9D, 0xE7, 0xB1, 0xCE, 0x7B, 0x0C, 0x41,
    0x4D, 0x9A, 0xE5, 0x90, 0x99, 0xDA, 0xE1, 0xA9, 0x91, 0x3D, 0x98, 0x79, 0xC9, 0xC9, 0x7C, 0x86,
    0x3B, 0x3D, 0x52, 0xF7, 0x9E, 0x38, 0x38, 0xE7, 0x5E, 0xEE, 0xD9, 0x20, 0x7B, 0xDA, 0xCB, 0xAE,
    0x1F, 0xA3, 0x10, 0xB8, 0x08, 0x8C, 0xAF, 0xD7, 0x18, 0x84, 0x90, 0x9B, 0xC5, 0x7B, 0x27, 0xCB,
    0x23, 0x3A, 0x9D, 0x1B, 0x28, 0x80, 0x38, 0x21, 0xAA, 0x8F, 0xB3, 0x43, 0xD3, 0xC3, 0xD3, 0xBA,
    0x07, 0x73, 0x27, 0x20, 0x93, 0xBB, 0xCD, 0x5E, 0xB6, 0x4F, 0x4A, 0x8E, 0x7B, 0x0F, 0xAF, 0xF8,
    0x95, 0x44, 0xF0, 0x47, 0xF8, 0x59, 0x07, 0x88, 0xC5, 0x20, 0xFE, 0x9E, 0x43, 0xF2, 0xDC, 0x81,
    0xB8, 0x25, 0x04, 0x4B, 0x87, 0x5C, 0x4C, 0x05, 0xBB, 0xBF, 0x73, 0xB8, 0x51, 0x00, 0xC4, 0xB3,
    0x27, 0xB6, 0x6F, 0x3C, 0x4F, 0xD2, 0xC2, 0xE5, 0x9D, 0xFC, 0x04, 0x8D, 0x08, 0x70, 0x2D, 0x57,
    0x63, 0x30, 0x5B, 0xF8, 0xFF, 0xEC, 0xD8, 0x89, 0x2E, 0x72, 0x5F, 0x64, 0x32, 0x36, 0x82, 0xB8,
    0x25, 0x61, 0x8A, 0xDD, 0x08, 0xFE, 0x57, 0x2E, 0xFC, 0x00, 0x11, 0x68, 0x00, 0x04, 0xCE, 0xB2,
    0xB8, 0x70, 0xA0, 0xF1, 0xDC, 0x25, 0x1E, 0x54, 0xB6, 0x2C, 0x03, 0xC2, 0x61, 0xBD, 0x58, 0xDD,
    0xFF, 0xB4, 0xEC, 0x5D, 0xEB, 0x48, 0x50, 0x58, 0xDC, 0x85, 0x6C, 0xA9, 0xFD, 0x2D, 0xF0, 0x71,
    0xED, 0xF5, 0x51, 0x2F, 0xCC, 0x39, 0xC6, 0x0B, 0x7C, 0x44, 0xA4, 0x7A, 0xE5, 0x34, 0x97, 0xA2,
    0x5E, 0xB6, 0x83, 0xE8, 0x21, 0x78, 0x7E, 0xB3, 0x70, 0xA1, 0xFB, 0x21, 0x4B, 0xD1, 0xBC, 0xB0,
    0x03, 0x75, 0xF8, 0x59, 0x4B, 0x1E, 0xB3, 0xBA, 0xEB, 0x69, 0x2D, 0x6C, 0x37, 0x0A, 0x0C, 0xFE,
    0xC1, 0xBD, 0x2E, 0xD4, 0x23, 0x59, 0xFF, 0x01, 0xB6, 0xAD, 0x01, 0xA6, 0x93, 0x37, 0xB5, 0xF5,
    0x5B, 0xF8, 0x61, 0x6B, 0x97, 0xD5, 0xA7, 0xB9, 0xB0, 0x3D, 0xE3, 0x33, 0xC6, 0x18, 0xB4, 0xDE,
    0xAC, 0x6C, 0xFE, 0xFB, 0xC5, 0xCE, 0xC9, 0x16, 0xB6, 0xE8, 0xDD, 0x5C, 0x73, 0x80, 0x78, 0x92,
    0x72, 0x9E, 0xD6, 0x70, 0xB2, 0xB2, 0xD7, 0xDB, 0x63, 0x8D, 0xD3, 0x1F, 0x68, 0xF4, 0xAF, 0xD7,
    0x27, 0x1B, 0x46, 0x60, 0x2F, 0x12, 0x67, 0xBF, 0xEE, 0x91, 0x3B, 0x53, 0xDD, 0x5F, 0xB4, 0x73,
    0x42, 0xEB, 0x98, 0xBC, 0x4F, 0x02, 0x34, 0xF0, 0xCB, 0xEB, 0xB9, 0x96, 0x8B, 0x7A, 0xE2, 0x4B,
    0xC0, 0x6D, 0x03, 0xE2, 0x1B, 0x36, 0x83, 0xED, 0x75, 0xFC, 0x2C, 0x13, 0x68, 0x03, 0xCB, 0x63,
    0x6D, 0xD9, 0x03, 0x74, 0x5B, 0x98, 0x27, 0xC0, 0xEF, 0x26, 0x0E, 0x77, 0x27, 0x88, 0xDF, 0x70,
    0x9C, 0x83, 0x0B, 0xB4, 0xA8, 0xF5, 0xEC, 0x30, 0xF3, 0x58, 0x3D, 0x8E, 0x94, 0xF0, 0xE0, 0x5C,
    0xEB, 0x1A, 0x10, 0x5A, 0xAA, 0xD7, 0x6D, 0x81, 0x05, 0xCE, 0xF6, 0xEB, 0xF2, 0x94, 0xEC, 0xE5,
    0xB4, 0xA7, 0x38, 0x6D, 0x21, 0x27, 0xE6, 0xD1, 0x6A, 0x8F, 0x75, 0x6C, 0x7B, 0x8F, 0xAA, 0xFB,
    0xD3, 0x5A, 0xE0, 0xAF, 0x3F, 0xE2, 0xDF, 0xB3, 0x6E, 0x03, 0x72, 0xFC, 0xA5, 0xEC, 0x11, 0x58,
    0x70, 0x5A, 0xF6, 0xAE, 0x70, 0x35, 0x3E, 0x84, 0xAB, 0xC7, 0xB6, 0x97, 0x1B, 0x2B, 0x85, 0xA0,
    0x12, 0x6C, 0xCB, 0xEC, 0x37, 0xD6, 0xE9, 0xCB, 0x91, 0xCE, 0x95, 0xAD, 0xEB, 0xCC, 0x11, 0x3F,
    0xB5, 0xB4, 0x54, 0x7F, 0x8A, 0x5A, 0xAD, 0x30, 0x0C, 0x73, 0x16, 0xE6, 0x28, 0xBC, 0x66, 0xFB,
    0xC9, 0x38, 0x85, 0xF1, 0xEF, 0x0B, 0xBA, 0x71, 0xFE, 0x66, 0x4E, 0x95, 0xA6, 0x62, 0x4D, 0x05,
    0xBD, 0x97, 0x11, 0xFA, 0x02, 0xE0, 0xBB, 0xFD, 0x7C, 0x83, 0x9F, 0xB9, 0xFA, 0xC6, 0x46, 0xFA,
    0xE7, 0x62, 0xEC, 0x48, 0x9D, 0xB3, 0x57, 0x4F, 0x0B, 0x7F, 0x32, 0x58, 0x5E, 0xB5, 0xB1, 0x88,
    0xC0, 0x6E, 0x6E, 0x32, 0x24, 0x90, 0x11, 0x7B, 0x58, 0x38, 0xB5, 0x58, 0x6A, 0x57, 0x0D, 0xEE,
    0xA3, 0xBE, 0x68, 0xF5, 0xA9, 0xA3, 0xD5, 0x6E, 0x57, 0x4A, 0x6E, 0x90, 0x58, 0x4D, 0x13, 0xFB,
    0x83, 0x84, 0xDD, 0xBA, 0x2E, 0x57, 0xE1, 0x59, 0x49, 0xB2, 0x5C, 0xC3, 0xBE, 0x56, 0xDE, 0x19,
    0x5F, 0xE6, 0x46, 0x66, 0xDB, 0xDE, 0x26, 0x58, 0xE6, 0x4B, 0xC3, 0x23, 0xA6, 0xEE, 0xA4, 0x3E,
    0x8F, 0x08, 0x35, 0x76, 0xD5, 0x31, 0x7D, 0x7E, 0xC1, 0xAB, 0xF0, 0x3D, 0x69, 0x3D, 0x0A, 0xF7,
    0x4A, 0x3A, 0x89, 0x37, 0x51, 0x1C, 0xDF, 0xCE, 0x66, 0xB9, 0x1E, 0x7B, 0xF2, 0x01, 0xBB, 0x69,
    0x28, 0xE2, 0x05, 0xBC, 0xAA, 0xC7, 0xDD, 0x84, 0xB2, 0xEB, 0x9A, 0x98, 0x97, 0xB7, 0x6B, 0x15,
    0x6F, 0x58, 0x4D, 0x43, 0xD6, 0x21, 0xFD, 0xF8, 0x59, 0x28, 0xE6, 0x1D, 0xD8, 0x60, 0x67, 0xD4,
    0x07, 0x1C, 0x6A, 0xB3, 0x03, 0x15, 0xCE, 0x48, 0xAF, 0x87, 0x53, 0x4F, 0x77, 0x3E, 0xE6, 0xE4,
    0xC5, 0xAA, 0x8D, 0xA9, 0x64, 0x63, 0x6A, 0x4D, 0xE3, 0xE5, 0x60, 0xDA, 0x45, 0x93, 0x25, 0x96,
    0xD5, 0xD6, 0x92, 0xFE, 0xCB, 0xAE, 0x5B, 0x9E, 0x67, 0x8C, 0x8E, 0x58, 0xB7, 0xD8, 0xBF, 0x3C,
    0xB1, 0xEB, 0x30, 0xCE, 0xBF, 0xF0, 0x61, 0x7E, 0x68, 0x0E, 0x14, 0x3B, 0x32, 0xF5, 0x6E, 0x43,
    0x6D, 0x19, 0x1A, 0x2B, 0x61, 0xFA, 0x6B, 0x16, 0x2E, 0x15, 0x2B, 0xA8, 0x26, 0xFA, 0xC2, 0x0D,
    0xF1, 0xF4, 0x87, 0x2C, 0x19, 0xA3, 0x78, 0x26, 0x84, 0xB9, 0x60, 0x6E, 0x44, 0x6B, 0xFB, 0x97,
    0x27, 0x63, 0x01, 0xBC, 0x7C, 0x70, 0x75, 0xC7, 0xEB, 0x7F, 0xDF, 0x54, 0x96, 0x1C, 0x39, 0x95,
    0xFD, 0x17, 0x63, 0xFF, 0xC1, 0xA0, 0xFF, 0x9F, 0xA1, 0x4E, 0xDF, 0x61, 0x0F, 0xBF, 0x03, 0x00,
    0xBD, 0x5B, 0xBF, 0x8F, 0xDD, 0x56, 0x76, 0xBE, 0x24, 0x0D, 0xD3, 0x36, 0xB1, 0xA1, 0x8B, 0x2D,
    0x36, 0xF1, 0x26, 0x4C, 0xA1, 0x26, 0xD8, 0xAC, 0x98, 0x22, 0xC5, 0x16, 0xAB, 0x77, 0x69, 0xAB,
    0x50, 0xE1, 0x42, 0xF9, 0x0B, 0x22, 0x97, 0x01, 0x76, 0x01, 0xA5, 0xDC, 0x62, 0x66, 0x48, 0x7B,
    0x0A, 0x15, 0x06, 0x22, 0x23, 0x4D, 0x8A, 0x2D, 0x36, 0x7D, 0x10, 0x78, 0x11, 0x20, 0x80, 0x83,
    0xCC, 0x0C, 0xA9, 0x99, 0x62, 0x0A, 0x17, 0xA6, 0x2C, 0x20, 0x2A, 0x5C, 0x98, 0xFA, 0x91, 0x38,
    0xD8, 0x05, 0x56, 0x77, 0x64, 0x7A, 0x45, 0xAD, 0x48, 0xDE, 0xFD, 0xBE, 0x73, 0xC9, 0x37, 0x6F,
    0x46, 0x3F, 0xD6, 0x3B, 0x9E, 0xB1, 0x04, 0xD2, 0x9E, 0xD1, 0xE3, 0xE5, 0xB9, 0xE7, 0x9E, 0xF3,
    0x9D, 0xEF, 0xFC, 0x78, 0x4A, 0x7D, 0xA0, 0x94, 0xD7, 0x29, 0x15, 0xD8, 0x4C, 0xA9, 0xBC, 0x52,
    0x2A, 0xC4, 0x7F, 0xF1, 0x27, 0xB7, 0x83, 0x2A, 0x6D, 0xAF, 0x2C, 0xAE, 0x11, 0x3F, 0x0F, 0xF8,
    0x58, 0xAF, 0x94, 0xDF, 0xF3, 0xA3, 0xB6, 0xE0, 0x15, 0x5A, 0x9B, 0x45, 0x46, 0xA9, 0xB8, 0xC1,
    0x55, 0x2B, 0x95, 0xE0, 0xE9, 0x14, 0x97, 0xC6, 0xEF, 0x71, 0x61, 0x09, 0x8B, 0x0F, 0xD7, 0x6B,
    0x2A, 0x36, 0x23, 0x3E, 0x34, 0xA8, 0xB0, 0xFA, 0x48, 0xCD, 0x7F, 0x4E, 0x69, 0xFD, 0x18, 0x9F,
    0x4B, 0xF0, 0x73, 0x8A, 0x6B, 0xF9, 0x3C, 0xB7, 0xD3, 0x62, 0x27, 0xB6, 0x53, 0x91, 0xFB, 0x4C,
    0x16, 0x37, 0x79, 0x95, 0x54, 0x29, 0xFE, 0xEA, 0x42, 0xFE, 0x66, 0x78, 0x3E, 0x19, 0x55, 0x99,
    0xE2, 0xF5, 0xBA, 0xA6, 0x44, 0xAF, 0xF2, 0xA6, 0x71, 0x79, 0x54, 0x45, 0x88, 0x45, 0x94, 0x5F,
    0x4C, 0xD2, 0x42, 0x9C, 0x9A, 0xB7, 0x0A, 0x8B, 0xE2, 0x46, 0xA9, 0xB0, 0x2B, 0xE5, 0x64, 0x13,
    0xE1, 0x44, 0x3A, 0x11, 0x4F, 0x69, 0x3E, 0xA5, 0xA9, 0xC6, 0x9C, 0xCF, 0x96, 0xBC, 0x71, 0x8B,
    0xDC, 0x23, 0x84, 0xEF, 0xA7, 0x5B, 0x6E, 0xE5, 0x15, 0xB6, 0x50, 0xA9, 0x6D, 0xA1, 0x07, 0xE3,
    0x8F, 0xEA, 0x83, 0xB0, 0x75, 0x6B, 0x26, 0xB2, 0xCF, 0x0E, 0x57, 0x8B, 0xCB, 0xC8, 0x4A, 0x72,
    0xF1, 0x94, 0xB0, 0xBE, 0xAE, 0xBF, 0x87, 0xC7, 0x7A, 0xEC, 0xAD, 0x87, 0xBC, 0x0D, 0x85, 0xBE,
    0x8F, 0x1F, 0x46, 0x59, 0xBA, 0xCC, 0xFE, 0x41, 0x5E, 0xC8, 0x8B, 0x7B, 0x29, 0x5B, 0x2E, 0xA6,
    0xA0, 0x8C, 0x0A, 0x9F, 0x83, 0xB0, 0x69, 0x33, 0x69, 0xB5, 0x89, 0xB3, 0xBC, 0x86, 0xEE, 0x0A,
    0x8D, 0x47, 0x5F, 0xC6, 0x12, 0x90, 0x63, 0xC4, 0x35, 0x78, 0x3C, 0x17, 0x51, 0xE6, 0xA4, 0x50,
    0x0A, 0x26, 0x87, 0x31, 0x1D, 0x48, 0x52, 0xBB, 0xDD, 0xCA, 0x81, 0x14, 0xB2, 0x5F, 0x9E, 0x47,
    0x89, 0x8B, 0x4B, 0xC8, 0xB9, 0x47, 0xCF, 0x38, 0xF7, 0xD3, 0x5A, 0x3F, 0xC1, 0xF3, 0x54, 0x00,
    0x95, 0xE4, 0x4E, 0xDB, 0x4C, 0x0B, 0x1C, 0xB7, 0x16, 0xF7, 0xB0, 0x68, 0x6F, 0x54, 0x17, 0x42,
    0x67, 0x76, 0x39, 0x74, 0x1A, 0x8D, 0x3C, 0x67, 0x2A, 0x2F, 0xA2, 0x52, 0x62, 0x68, 0x47, 0xC5,
    0xEF, 0xE3, 0x96, 0x5C, 0xC6, 0x33, 0x69, 0x8C, 0x7F, 0xD5, 0x09, 0x56, 0x5E, 0xA4, 0x38, 0xB8,
    0x75, 0x2A, 0x70, 0x6B, 0x01, 0xFB, 0xE8, 0xD7, 0x12, 0x78, 0xCC, 0x56, 0xAA, 0x02, 0xD3, 0x69,
    0xBC, 0xB6, 0xDD, 0x50, 0xF1, 0xCD, 0x83, 0x41, 0xE9, 0x5D, 0x9E, 0x57, 0x80, 0x85, 0x2F, 0xF8,
    0xD4, 0xFA, 0x3A, 0x16, 0xD8, 0x4A, 0x32, 0xD5, 0xA7, 0x4A, 0xE1, 0x83, 0x5E, 0xBB, 0x50, 0xBE,
    0x59, 0xC7, 0x53, 0x5B, 0x62, 0x4E, 0x30, 0xA4, 0x36, 0xBA, 0xD1, 0xF6, 0xF1, 0xAE, 0xD9, 0x8A,
    0x37, 0xCD, 0x56, 0x72, 0xB1, 0xD9, 0x4A, 0xC3, 0xBA, 0xD3, 0xD1, 0x6E, 0xBB, 0x88, 0xF7, 0x9B,
    0x75, 0xC8, 0xB3, 0x15, 0x0D, 0xB4, 0xDE, 0x6A, 0xB2, 0xF2, 0xE2, 0x88, 0x97, 0x88, 0xD3, 0x76,
    0x34, 0x48, 0x67, 0xE5, 0x4D, 0x9E, 0xC5, 0xB5, 0xCE, 0x92, 0x4A, 0x63, 0xDF, 0x39, 0xF6, 0x5D,
    0x62, 0xDF, 0x23, 0xF6, 0x8D, 0x1D, 0xF3, 0x21, 0xA5, 0xDE, 0xA1, 0xBD, 0xB5, 0x34, 0x58, 0x5A,
    0x9E, 0x58, 0xFD, 0x9F, 0xCE, 0xE7, 0x02, 0x97, 0xA8, 0xF0, 0xF9, 0x12, 0x6A, 0xF6, 0xA0, 0xDE,
    0x92, 0xF6, 0x3F, 0xF2, 0x30, 0x06, 0xFC, 0xDE, 0x1B, 0x2C, 0x2D, 0x55, 0x7C, 0xD3, 0xF0, 0x46,
    0x7D, 0x3F, 0xC2, 0x8F, 0xD1, 0xC1, 0xC8, 0x23, 0xB3, 0x54, 0x3B, 0xCC, 0x32, 0xA9, 0xF1, 0x61,
    0x38, 0x59, 0x8D, 0x1B, 0xCE, 0x41, 0x17, 0xE2, 0x23, 0x7F, 0xC3, 0xF5, 0xB7, 0xE5, 0xF0, 0xC5,
    0x47, 0xE8, 0x32, 0x7E, 0x35, 0xBF, 0x97, 0x87, 0x94, 0xD3, 0xA6, 0x77, 0x68, 0xAB, 0x43, 0x80,
    0xB5, 0xFA, 0xC8, 0x62, 0x9B, 0xF0, 0x4E, 0xBF, 0xD3, 0x03, 0x24, 0xDE, 0xEA, 0x55, 0x70, 0xD0,
    0xE2, 0xF6, 0xE5, 0x1D, 0xEC, 0xF7, 0xD7, 0xBB, 0x2D, 0x36, 0x7C, 0xD1, 0xA8, 0x78, 0x0C, 0x70,
    0xEB, 0xC3, 0x46, 0x25, 0x6D, 0xD4, 0x60, 0x5D, 0x1C, 0xBB, 0xAE, 0x62, 0x6E, 0x43, 0x9C, 0xF1,
    0x9D, 0x73, 0x10, 0xD5, 0xEC, 0x50, 0x5E, 0xEA, 0x4D, 0xDC, 0x2D, 0xAF, 0xA7, 0xF7, 0x8E, 0x2A,
    0x69, 0x94, 0xC5, 0xE7, 0xE1, 0x9F, 0x78, 0x79, 0x0E, 0x3C, 0x50, 0xFA, 0x5D, 0xEC, 0x46, 0x6F,
    0x62, 0x5F, 0xE9, 0x3E, 0x76, 0x98, 0x7C, 0x6E, 0x26, 0xAB, 0x88, 0xA0, 0x7A, 0x28, 0x9A, 0x40,
    0x40, 0x1F, 0xA6, 0xEA, 0xC5, 0x50, 0x5F, 0x77, 0x70, 0x44, 0xEB, 0xE2, 0xEF, 0xAF, 0x36, 0x2B,
    0x9A, 0x84, 0xDD, 0xE5, 0x74, 0xD7, 0x92, 0x96, 0x37, 0x12, 0x05, 0x06, 0xFC, 0x07, 0x07, 0x81,
    0x1D, 0xF5, 0xF8, 0x4F, 0xD0, 0xE1, 0x14, 0x83, 0x16, 0x6B, 0x85, 0x06, 0xF6, 0x1B, 0x19, 0x18,
    0x70, 0xDC, 0xC0, 0x82, 0xE3, 0x1A, 0xAA, 0x4B, 0x6A, 0x6C, 0x26, 0x25, 0xD6, 0xE8, 0xE9, 0x56,
    0x38, 0x70, 0x7A, 0x16, 0xA6, 0x38, 0x61, 0x34, 0xAE, 0x1C, 0x17, 0x4E, 0xC8, 0x7F, 0xD2, 0xAA,
    0xE0, 0x21, 0x16, 0xBD, 0xDB, 0xAA, 0x18, 0xEA, 0x4A, 0xDF, 0x83, 0x65, 0xFA, 0x9D, 0x2A, 0x71,
    0x59, 0xDB, 0xF9, 0xB8, 0x60, 0x82, 0x5D, 0x64, 0xFC, 0x3E, 0x6E, 0xFC, 0x3E, 0xA9, 0x82, 0x5E,
    0x17, 0x01, 0x9D, 0x69, 0x10, 0x00, 0xC9, 0x09, 0x22, 0xD3, 0x1B, 0x44, 0x75, 0x38, 0x0A, 0x88,
    0x81, 0x67, 0x20, 0x6A, 0x02, 0x49, 0xC3, 0x16, 0xF2, 0xB6, 0x71, 0x13, 0x1A, 0x48, 0x6B, 0x92,
    0x7A, 0x06, 0x91, 0x41, 0xFD, 0xC0, 0x22, 0xA0, 0x5C, 0x85, 0x67, 0x59, 0x38, 0x16, 0x3E, 0xEF,
    0xF5, 0x61, 0xEB, 0xF7, 0xDC, 0x27, 0x2E, 0x3E, 0x8B, 0xCF, 0x45, 0x58, 0x4F, 0xCC, 0xBA, 0x4E,
    0xEB, 0x04, 0x86, 0x42, 0x63, 0xD1, 0x05, 0x8C, 0x27, 0x2B, 0x2B, 0x38, 0x79, 0x46, 0x07, 0xBD,
    0xCA, 0x75, 0xCE, 0x0E, 0x76, 0xA1, 0x5B, 0xAA, 0x6C, 0x79, 0xDB, 0xE0, 0x8A, 0xDB, 0x5C, 0xB1,
    0xE7, 0x8A, 0x3D, 0x56, 0x84, 0xF1, 0x15, 0xB0, 0x1F, 0xAC, 0x18, 0x18, 0xAC, 0x18, 0xD5, 0x58,
    0x31, 0xAE, 0xB0, 0x62, 0x5A, 0x60, 0x45, 0x4D, 0x97, 0x1A, 0x70, 0x84, 0x90, 0x4C, 0x1C, 0x50,
    0xB6, 0x04, 0x77, 0xAD, 0x54, 0x0F, 0xA1, 0xF0, 0xAF, 0x69, 0x05, 0x6D, 0xA7, 0x05, 0xCE, 0x56,
    0x67, 0x81, 0x39, 0xBD, 0x88, 0xAA, 0xC3, 0x1A, 0x8B, 0x03, 0x25, 0x54, 0x12, 0xEF, 0x19, 0x80,
    0x15, 0x20, 0x2B, 0xBE, 0x72, 0xA5, 0x50, 0xF1, 0x87, 0x14, 0x93, 0x7B, 0x0C, 0xE9, 0xA0, 0x11,
    0x91, 0x2D, 0xE1, 0x4D, 0x8F, 0x58, 0xB3, 0x1F, 0x8C, 0xF2, 0xBE, 0x7A, 0x2C, 0x86, 0x81, 0xB8,
    0x78, 0xCB, 0x74, 0x0A, 0x8F, 0x63, 0xA5, 0x4B, 0x0D, 0x0E, 0x3E, 0xC2, 0x9A, 0xEA, 0x35, 0xE8,
    0x3C, 0x97, 0x80, 0xD3, 0xAB, 0x1F, 0x11, 0x98, 0x67, 0xF9, 0xDE, 0xE0, 0xEF, 0x6A, 0x89, 0x21,
    0x9A, 0xFE, 0x90, 0x4E, 0x58, 0xEB, 0x00, 0xFB, 0x87, 0xF0, 0x2A, 0x5A, 0x69, 0x0E, 0x1D, 0xC8,
    0x4B, 0xCF, 0xD0, 0xA7, 0xCF, 0xBD, 0x42, 0xA9, 0x78, 0xCA, 0x54, 0x85, 0x2A, 0x79, 0xB6, 0x49,
    0x73, 0xE6, 0x58, 0x72, 0x76, 0xE8, 0xE8, 0xD1, 0xB0, 0x7D, 0xBA, 0x37, 0x0C, 0x80, 0xA6, 0x06,
    0x27, 0x0F, 0x1B, 0xB1, 0xB7, 0x1D, 0xDA, 0xDB, 0x30, 0xDD, 0x92, 0x77, 0x69, 0xC0, 0x6F, 0xF1,
    0x46, 0xF8, 0xD9, 0x81, 0x59, 0xC1, 0xB5, 0x0C, 0x60, 0x04, 0x87, 0x90, 0x18, 0xAC, 0x57, 0x12,
    0x32, 0x4A, 0x8A, 0xFB, 0x91, 0x33, 0x1A, 0x42, 0x90, 0x2E, 0x00, 0x41, 0x79, 0x81, 0x95, 0xED,
    0xBB, 0x90, 0xC3, 0xEE, 0x41, 0x1B, 0x4F, 0xF6, 0xAD, 0xF2, 0x1F, 0x7D, 0xB2, 0x01, 0x1D, 0x7C,
    0x8E, 0x78, 0x74, 0x6F, 0xD8, 0x56, 0xE1, 0xAD, 0x1E, 0x5C, 0x62, 0xAF, 0xE5, 0xED, 0xA0, 0x53,
    0x49, 0x81, 0x30, 0x91, 0x66, 0xB3, 0xE9, 0x32, 0xCA, 0x41, 0xAF, 0xD0, 0xCB, 0x8E, 0x98, 0xA5,
    0x2E, 0xA8, 0x67, 0x2E, 0xCF, 0x10, 0x03, 0x14, 0x7D, 0x1A, 0xE1, 0x68, 0xE4, 0xC1, 0x74, 0x7B,
    0x16, 0xC2, 0x41, 0x66, 0xEA, 0x20, 0xAD, 0x10, 0xE7, 0x65, 0x39, 0x48, 0x0B, 0x99, 0x5F, 0xA6,
    0x7B, 0xC1, 0xD2, 0x4A, 0xB2, 0xA1, 0x88, 0xA0, 0x81, 0xED, 0x05, 0x5D, 0xDC, 0x04, 0x5D, 0x52,
    0x07, 0x5D, 0x5A, 0x05, 0x6D, 0x5A, 0x85, 0x46, 0x17, 0x11, 0x2E, 0x01, 0x0D, 0xC7, 0xE7, 0x6E,
    0x5A, 0x58, 0xFA, 0x80, 0xA3, 0x84, 0x56, 0x04, 0x29, 0xA9, 0xD5, 0x9C, 0x5A, 0x25, 0x9E, 0x9C,
    0x14, 0x83, 0x2B, 0x62, 0x30, 0x68, 0xE3, 0xAA, 0x84, 0x87, 0xD0, 0xD6, 0x41, 0xFF, 0xBD, 0x8F,
    0xBF, 0x5C, 0x25, 0x00, 0xC8, 0x61, 0x0D, 0x48, 0x8B, 0xB3, 0x00, 0x6A, 0x91, 0x73, 0x26, 0xE0,
    0x53, 0x72, 0x10, 0x13, 0x0B, 0x21, 0x77, 0x23, 0x2A, 0xD1, 0x70, 0x9F, 0xE2, 0x7D, 0x9D, 0x43,
    0x36, 0xD2, 0x1E, 0x7D, 0x8C, 0xB5, 0x2C, 0xAF, 0x23, 0xBC, 0x6F, 0x10, 0xDE, 0x07, 0xD8, 0x6D,
    0xB1, 0x59, 0xC3, 0xEB, 0x29, 0xBA, 0xB3, 0x0A, 0xE1, 0x33, 0xD2, 0x3C, 0x87, 0x6E, 0x9D, 0x61,
    0x3C, 0x64, 0x76, 0x41, 0xD6, 0x91, 0x52, 0x62, 0xC1, 0xB8, 0x3A, 0xFE, 0xE2, 0xD7, 0x4D, 0xFA,
    0xFE, 0x9E, 0xD1, 0x40, 0xA0, 0x0D, 0x21, 0x3F, 0x00, 0xA1, 0x14, 0x18, 0xA4, 0xE3, 0xAA, 0xDF,
    0xD0, 0xC5, 0xCE, 0x76, 0x29, 0x70, 0x49, 0xF6, 0xCB, 0x77, 0x79, 0x78, 0xDC, 0x37, 0xA2, 0x06,
    0xB1, 0x17, 0x6C, 0x32, 0x25, 0x12, 0x27, 0x9F, 0x42, 0xB6, 0xF8, 0x0B, 0x43, 0x61, 0xEA, 0x29,
    0x87, 0xF1, 0xC7, 0x59, 0xAC, 0x88, 0xFF, 0x97, 0x50, 0x4A, 0x5D, 0x12, 0x30, 0xF0, 0x94, 0x4F,
    0x60, 0x0F, 0x3B, 0x1C, 0x69, 0x6C, 0x9C, 0x87, 0xC3, 0x6F, 0x32, 0x2A, 0x40, 0x67, 0x39, 0x97,
    0x2F, 0x79, 0xA3, 0x87, 0x53, 0x69, 0xE3, 0x8C, 0xF1, 0x5E, 0x1F, 0x90, 0xAD, 0x62, 0x9F, 0x41,
    0x07, 0xCD, 0x05, 0x2D, 0xEC, 0x24, 0x34, 0xD0, 0x5F, 0x44, 0xC7, 0x8B, 0x09, 0x16, 0x31, 0x22,
    0x99, 0x62, 0x86, 0xC1, 0x23, 0x31, 0x34, 0xC0, 0x86, 0x37, 0x86, 0xA8, 0xB8, 0x5A, 0xC6, 0xA9,
    0x65, 0x88, 0xD2, 0x4A, 0x6C, 0x8C, 0x26, 0x46, 0x0B, 0xA3, 0x81, 0xD1, 0x5F, 0x73, 0x82, 0x8C,
    0x88, 0x81, 0xBF, 0x24, 0x6F, 0x53, 0x40, 0x16, 0x54, 0x0F, 0x8E, 0x33, 0xDD, 0xE9, 0xEC, 0xB6,
    0x54, 0x58, 0x23, 0xE8, 0x44, 0x95, 0x02, 0xA4, 0x57, 0xD0, 0x55, 0x5C, 0x40, 0x59, 0x49, 0x01,
    0xCF, 0x4D, 0x27, 0xF7, 0x6D, 0x40, 0x40, 0xA3, 0x9B, 0x64, 0xAA, 0xBB, 0x66, 0xDB, 0xE1, 0x7E,
    0xB2, 0xD9, 0x10, 0xFC, 0x6F, 0x82, 0x19, 0x30, 0x96, 0xF0, 0x28, 0xE8, 0x2C, 0x86, 0x14, 0x9B,
    0xE6, 0x4D, 0xD1, 0x17, 0x94, 0x7D, 0x1D, 0xEB, 0xE1, 0x1D, 0x64, 0xB2, 0x8A, 0x54, 0x56, 0x91,
    0xCB, 0x2A, 0x92, 0x59, 0x45, 0x36, 0xDB, 0x81, 0xCE, 0xDE, 0x01, 0x70, 0x84, 0x9F, 0x22, 0xA2,
    0x44, 0x7B, 0x07, 0x78, 0xFD, 0xDE, 0x5D, 0x78, 0xD0, 0xB5, 0x5B, 0x90, 0xE1, 0xED, 0x3D, 0x98,
    0x68, 0xBC, 0xCF, 0xD0, 0x21, 0x71, 0xC5, 0x4E, 0xEF, 0xC0, 0x46, 0x68, 0x1B, 0x21, 0xD5, 0x13,
    0x55, 0xB3, 0x8E, 0xF0, 0x9E, 0x98, 0x60, 0xC9, 0x93, 0x7D, 0x8A, 0xE9, 0x36, 0x38, 0xE3, 0x61,
    0x62, 0xBA, 0x96, 0x4C, 0x97, 0xBE, 0x9F, 0x39, 0xB5, 0x01, 0x86, 0xDE, 0x1A, 0x1D, 0x6B, 0xC1,
    0xE7, 0xAE, 0xF2, 0xDC, 0xD7, 0x01, 0xA0, 0x90, 0x5A, 0xC2, 0x71, 0x2C, 0x9A, 0x29, 0x20, 0x75,
    0x92, 0x41, 0x6A, 0x30, 0x77, 0x70, 0x15, 0x2E, 0xB9, 0xC0, 0x9A, 0xA0, 0xE4, 0xD1, 0x5E, 0x8B,
    0x4F, 0xDE, 0x20, 0xFA, 0xBD, 0x8B, 0xD8, 0x98, 0xBC, 0x85, 0x4D, 0xA4, 0xC1, 0x43, 0x68, 0x2E,
    0xBE, 0xC7, 0xA3, 0xC4, 0x26, 0x72, 0x0B, 0x59, 0xAF, 0xB6, 0x94, 0x75, 0xCA, 0xAC, 0xBC, 0xE1,
    0x98, 0x47, 0x1D, 0x66, 0x9B, 0xB0, 0xAA, 0x1C, 0x60, 0x9C, 0xD4, 0xD3, 0xF1, 0xD6, 0x0C, 0x1F,
    0xFA, 0x4D, 0x9B, 0x31, 0x42, 0x96, 0xF8, 0x1C, 0x41, 0x44, 0xBD, 0x31, 0x92, 0x13, 0x54, 0xC2,
    0x3F, 0xFE, 0x32, 0xEA, 0xDC, 0x4A, 0xBE, 0x8B, 0xBA, 0xF1, 0x94, 0xDA, 0x25, 0x76, 0xC5, 0x5F,
    0x79, 0xDE, 0x69, 0xF3, 0x1D, 0xAF, 0xAC, 0x60, 0x62, 0x92, 0xF8, 0xBC, 0x4C, 0x92, 0xB4, 0x0E,
    0x9A, 0xA1, 0xB6, 0xA8, 0xB4, 0x9E, 0x01, 0xBA, 0xCB, 0x53, 0x9C, 0x4F, 0x9F, 0x28, 0xFF, 0xA0,
    0x4B, 0x19, 0xEC, 0xB9, 0x5D, 0x44, 0x95, 0x90, 0xDB, 0x8D, 0xF6, 0x6B, 0x9C, 0xE9, 0xFB, 0xF5,
    0x3A, 0x13, 0x1D, 0x2C, 0xFF, 0x76, 0x05, 0x8A, 0x42, 0x86, 0xA8, 0xA3, 0x7D, 0xA3, 0x16, 0x4C,
    0x10, 0x2F, 0xD0, 0x8B, 0xD6, 0x3C, 0xE1, 0x95, 0x25, 0xE4, 0x8C, 0x08, 0xA0, 0x24, 0x1F, 0x08,
    0x30, 0x25, 0xC1, 0x6B, 0x24, 0xA0, 0xC0, 0x97, 0xE9, 0x18, 0xCA, 0x52, 0x68, 0x42, 0xBC, 0xF8,
    0xAA, 0xE3, 0x52, 0x25, 0x8C, 0xD3, 0x1B, 0x60, 0x99, 0x00, 0x6E, 0x38, 0x86, 0xA1, 0x63, 0xD4,
    0x04, 0xD0, 0x62, 0x8E, 0x18, 0x10, 0x86, 0x4C, 0xC3, 0x20, 0x4C, 0x98, 0x08, 0x9F, 0xA4, 0x33,
    0xAE, 0xBA, 0x01, 0x2E, 0xE7, 0x0C, 0x37, 0x2C, 0xDD, 0x29, 0x63, 0xFE, 0xE3, 0x8F, 0xE7, 0xF1,
    0xA0, 0xF7, 0xEF, 0xCA, 0x2B, 0x9D, 0x3F, 0xE8, 0xF1, 0xEF, 0x18, 0xE5, 0xE5, 0x0C, 0x9E, 0x0C,
    0xE4, 0x61, 0x99, 0xE8, 0xFE, 0xFE, 0x2A, 0xA9, 0x64, 0x46, 0xC4, 0x2B, 0x5D, 0xC6, 0x89, 0x94,
    0x24, 0x0D, 0xB2, 0x12, 0x80, 0xD5, 0x1B, 0xD8, 0x66, 0x69, 0x2B, 0xC8, 0x51, 0x07, 0x7D, 0x5C,
    0x47, 0xA4, 0xB3, 0x4D, 0x5A, 0x30, 0x91, 0x4E, 0x70, 0xB9, 0xA7, 0x28, 0x53, 0x5E, 0x38, 0x62,
    0xEA, 0x08, 0xAE, 0x87, 0x8C, 0x3A, 0xC4, 0xBF, 0x33, 0xF7, 0xF2, 0x05, 0x66, 0x71, 0x85, 0xA3,
    0x90, 0x80, 0x04, 0x8E, 0x93, 0xDF, 0x77, 0x28, 0x6F, 0x91, 0x72, 0x39, 0xC3, 0x27, 0x8E, 0xE1,
    0xAC, 0x4A, 0x58, 0x3D, 0xB3, 0x57, 0xEA, 0x34, 0x63, 0xB5, 0x85, 0xE1, 0x14, 0x71, 0x35, 0x81,
    0xDE, 0x48, 0xAE, 0xA9, 0x8F, 0x0E, 0xDA, 0x40, 0x0C, 0x12, 0xF9, 0x2B, 0xB1, 0xF3, 0x5A, 0x64,
    0x78, 0x56, 0x9C, 0x7B, 0xA3, 0x23, 0xA6, 0x66, 0x64, 0xC7, 0x49, 0xCB, 0xCF, 0x24, 0x2E, 0xF3,
    0xFB, 0x37, 0x2B, 0x76, 0x66, 0xC7, 0xCC, 0x49, 0x57, 0x7C, 0x4F, 0x60, 0x84, 0xE6, 0xE4, 0x23,
    0x2A, 0x79, 0x26, 0x09, 0x1B, 0xBF, 0x3B, 0x9F, 0xD4, 0x7E, 0x7F, 0x01, 0x79, 0xE0, 0xD6, 0x85,
    0x85, 0x52, 0x6B, 0x6B, 0x5B, 0xBC, 0xB5, 0x4A, 0x92, 0x63, 0x86, 0x60, 0xA5, 0xDA, 0x03, 0x1C,
    0xE5, 0x01, 0x3C, 0x21, 0x78, 0x08, 0x9F, 0xD6, 0xB7, 0x6E, 0x42, 0xED, 0x7B, 0x30, 0x9C, 0x45,
    0x58, 0xAD, 0x29, 0xF5, 0xE1, 0x63, 0x61, 0x2E, 0x42, 0x61, 0xB2, 0x74, 0xE2, 0xAB, 0xD8, 0x55,
    0x49, 0xA6, 0xD1, 0x4F, 0x14, 0x2D, 0xCF, 0xCE, 0x01, 0xCA, 0x5C, 0xEE, 0xEE, 0x68, 0xFD, 0x53,
    0xB0, 0x37, 0x65, 0xAB, 0x79, 0x36, 0x0A, 0xEE, 0x32, 0x5B, 0xB5, 0x38, 0xD6, 0x32, 0xEC, 0xE5,
    0x19, 0xA6, 0x15, 0x51, 0xFB, 0x5F, 0x4A, 0x7D, 0xFF, 0x55, 0x70, 0xF4, 0x84, 0xEB, 0x17, 0xAE,
    0x9E, 0xD1, 0xBA, 0xE4, 0xE7, 0x84, 0xEB, 0x79, 0x43, 0x80, 0xE8, 0x1D, 0x23, 0x09, 0xD2, 0x55,
    0xD0, 0x59, 0x58, 0x51, 0x27, 0xE5, 0x00, 0x56, 0x03, 0xE2, 0x07, 0x80, 0xB0, 0xDB, 0x00, 0x8C,
    0x3D, 0x80, 0xDE, 0x0D, 0x80, 0x70, 0x61, 0x1D, 0x34, 0x93, 0xF5, 0xC4, 0x62, 0x42, 0x4E, 0x9D,
    0xE9, 0x26, 0x00, 0xF1, 0x22, 0x8E, 0x18, 0xA8, 0xBC, 0x03, 0xC3, 0x1F, 0x98, 0x50, 0x91, 0xAF,
    0xC0, 0xFF, 0x61, 0xF9, 0x25, 0xE4, 0x2A, 0xF1, 0xCC, 0xCF, 0x68, 0xF6, 0xDB, 0xE0, 0x4F, 0xA3,
    0x37, 0x78, 0x63, 0x30, 0x80, 0xDD, 0xF4, 0x81, 0x05, 0xE1, 0x7C, 0x70, 0xBE, 0x8F, 0x3E, 0x5F,
    0xEB, 0xE2, 0x4F, 0x1E, 0x77, 0xC9, 0x75, 0x38, 0xEB, 0xE5, 0x5B, 0x12, 0x15, 0xB5, 0x24, 0x1D,
    0x61, 0xB3, 0x03, 0xEB, 0x70, 0xE9, 0x13, 0x19, 0x0A, 0x09, 0x0A, 0x6D, 0x23, 0xAE, 0xA7, 0xAA,
    0x40, 0xC5, 0xAA, 0xC0, 0x14, 0x3A, 0x32, 0x27, 0x9F, 0x95, 0x00, 0x56, 0xD2, 0x81, 0x23, 0xB1,
    0xEE, 0x82, 0xA9, 0x5B, 0xD8, 0xA5, 0xB0, 0x6C, 0xD1, 0x54, 0xE3, 0x98, 0xD3, 0xF3, 0xBC, 0x02,
    0x4E, 0x76, 0x55, 0x08, 0x1C, 0x33, 0x12, 0xF2, 0xAD, 0x3A, 0x44, 0x82, 0x07, 0x5E, 0xE3, 0x7C,
    0x0A, 0x1C, 0xF6, 0xE9, 0x70, 0xE5, 0xF4, 0x2C, 0x70, 0xA4, 0xA7, 0xFC, 0x21, 0x7F, 0x8B, 0xBF,
    0x1C, 0xE5, 0xEF, 0x20, 0x91, 0x74, 0x70, 0x5C, 0x29, 0x44, 0x22, 0x98, 0x32, 0x0D, 0xAC, 0x1D,
    0x5A, 0xDE, 0x7F, 0x66, 0xC5, 0x46, 0xBD, 0x81, 0x33, 0xA6, 0xDC, 0x90, 0x23, 0x7E, 0xEC, 0x49,
    0xB1, 0x82, 0xBF, 0x9F, 0x7C, 0x6D, 0x79, 0xE5, 0xF5, 0x77, 0x8F, 0x58, 0xB6, 0xBA, 0x7A, 0xBB,
    0x65, 0x6D, 0x09, 0xF2, 0x0F, 0xC1, 0x41, 0xB7, 0x0D, 0xAE, 0xBF, 0x15, 0xDE, 0x35, 0x3D, 0xF3,
    0x9D, 0x78, 0xEF, 0x4E, 0x1B, 0xEF, 0xFE, 0xB3, 0x61, 0x64, 0x44, 0x60, 0x6C, 0x18, 0x17, 0x11,
    0x16, 0xEB, 0x0D, 0x06, 0x88, 0x74, 0x49, 0x47, 0x59, 0x24, 0x54, 0xDC, 0xA3, 0xA2, 0x33, 0x41,
    0x32, 0x92, 0xF8, 0x9A, 0x3C, 0xFC, 0x2E, 0xD9, 0xC6, 0x3D, 0x49, 0xAD, 0x0E, 0x29, 0x47, 0xC1,
    0xDB, 0x11, 0x26, 0x94, 0x90, 0xC7, 0x91, 0x26, 0xE9, 0x71, 0x2E, 0x77, 0xB8, 0xDC, 0x7D, 0x63,
    0xAA, 0x83, 0xC0, 0xCF, 0x14, 0x0B, 0x32, 0x9D, 0xC4, 0x39, 0xCF, 0x6D, 0xB3, 0x89, 0xEF, 0x7D,
    0x61, 0xD2, 0x7D, 0x1C, 0x3F, 0xC2, 0xF1, 0xC6, 0x44, 0x8C, 0xD6, 0x93, 0x4B, 0x66, 0x23, 0x85,
    0xD2, 0x73, 0x04, 0x10, 0x51, 0x17, 0xB7, 0xF9, 0x81, 0x7B, 0x7C, 0x5A, 0x62, 0x26, 0x47, 0x3E,
    0xD3, 0xCA, 0x11, 0x78, 0x4C, 0xFC, 0xD5, 0x57, 0x58, 0x3E, 0x28, 0x24, 0x96, 0x46, 0x14, 0x9B,
    0x89, 0xC3, 0x20, 0x2E, 0xE9, 0xF7, 0x65, 0x16, 0xB5, 0x84, 0x95, 0xB4, 0xCA, 0x0B, 0x16, 0x1A,
    0xE6, 0x50, 0x8A, 0xE3, 0xAC, 0x80, 0xCF, 0xC5, 0xE8, 0x0A, 0x47, 0x9E, 0x73, 0x9D, 0x91, 0x0B,
    0x63, 0x63, 0x36, 0xA2, 0xFB, 0x0C, 0x2A, 0x1F, 0x01, 0x42, 0x2D, 0x95, 0xBF, 0x33, 0x25, 0xD7,
    0x2E, 0x66, 0xB9, 0xF2, 0x2A, 0x0C, 0xC3, 0x19, 0x55, 0x96, 0x67, 0xAC, 0x7F, 0x90, 0x4D, 0x8E,
    0xE2, 0x72, 0xA4, 0xAD, 0xE1, 0x92, 0xC7, 0x1C, 0x72, 0x50, 0xC4, 0xD4, 0x9E, 0x11, 0x9A, 0xD4,
    0x25, 0xB9, 0xB6, 0x6B, 0xD2, 0xB7, 0xF7, 0x4C, 0x1A, 0x6F, 0x36, 0x3A, 0xBE, 0x54, 0x2F, 0x92,
    0xA8, 0x5A, 0x4F, 0xE3, 0x6A, 0x4B, 0xC7, 0xC5, 0xB6, 0x4E, 0x0A, 0x70, 0x13, 0x02, 0x71, 0x95,
    0xFE, 0xFC, 0xB3, 0x22, 0xC2, 0xE7, 0xE3, 0xCA, 0x37, 0x31, 0x8E, 0x33, 0x91, 0x67, 0xAE, 0xE1,
    0x99, 0xB7, 0xF1, 0x4C, 0xEC, 0x9E, 0x59, 0x24, 0x45, 0xBF, 0x48, 0xB2, 0x7E, 0x23, 0xCD, 0xAC,
    0x7B, 0xAE, 0x4E, 0x7F, 0xF1, 0x71, 0xE5, 0xC8, 0x06, 0xB8, 0x86, 0x62, 0x85, 0x2F, 0x51, 0x9A,
    0xAA, 0x81, 0x38, 0x79, 0xBB, 0x42, 0x8B, 0x61, 0xC5, 0x2E, 0x08, 0x58, 0x16, 0xD3, 0x00, 0x29,
    0x34, 0x77, 0x06, 0xDD, 0x51, 0x0A, 0x08, 0x57, 0x1D, 0x29, 0x4D, 0xA9, 0x78, 0xBA, 0x2A, 0xE8,
    0x10, 0x08, 0xCD, 0x3A, 0x0C, 0x0A, 0x87, 0x1B, 0xD9, 0x8C, 0xD1, 0xBB, 0x06, 0xE7, 0xB0, 0x60,
    0x12, 0xC9, 0x26, 0xF0, 0x33, 0xB9, 0xF8, 0x25, 0x88, 0x47, 0x74, 0x8F, 0xA4, 0x50, 0xE8, 0xD0,
    0x25, 0x9C, 0x4F, 0x87, 0xAD, 0x3F, 0x93, 0x94, 0xDB, 0x4E, 0x8A, 0xD6, 0xC9, 0xAF, 0xCA, 0x49,
    0xA3, 0x92, 0xE6, 0x54, 0xF9, 0xAF, 0x48, 0x21, 0x06, 0xF5, 0x13, 0x09, 0x41, 0xF7, 0x61, 0x77,
    0xA3, 0x94, 0x0E, 0x3C, 0x29, 0xDC, 0x0B, 0x30, 0xD6, 0xCA, 0xCA, 0x35, 0xA5, 0x1D, 0x79, 0xF1,
    0x5D, 0xDF, 0x8A, 0xF6, 0x89, 0xE9, 0x29, 0xC2, 0x81, 0x67, 0x00, 0x28, 0x46, 0xF7, 0x41, 0x63,
    0xFB, 0xE0, 0x4E, 0xB7, 0x1D, 0xDE, 0x32, 0xEB, 0xD1, 0x5E, 0xCD, 0x6A, 0xE3, 0x1A, 0x2B, 0x8E,
    0xC9, 0xE5, 0xA2, 0x4B, 0x41, 0x83, 0x74, 0xBC, 0x6F, 0x16, 0xD8, 0xC4, 0x7A, 0x68, 0x8B, 0x2D,
    0x4F, 0x9C, 0xFB, 0xFF, 0x65, 0x21, 0x3A, 0xD7, 0x30, 0x55, 0x74, 0x78, 0x67, 0x8D, 0xC7, 0xD1,
    0x46, 0xE3, 0x03, 0xFC, 0x40, 0xAE, 0x91, 0xDD, 0x89, 0x15, 0x08, 0xF0, 0x21, 0x3E, 0x4E, 0xDE,
    0xDD, 0x4D, 0xDC, 0xFC, 0xAF, 0x5D, 0xB2, 0x7E, 0xC2, 0xD0, 0xA5, 0x2E, 0x84, 0x95, 0xB2, 0xF0,
    0xD5, 0x11, 0x8B, 0xAE, 0x45, 0xC5, 0xB2, 0xB0, 0x7C, 0xD2, 0xF5, 0x26, 0xC4, 0xC1, 0x3E, 0xE4,
    0x92, 0xB8, 0x2D, 0x85, 0xF3, 0x51, 0xD2, 0x15, 0xA9, 0x7B, 0x01, 0x3C, 0x83, 0x36, 0x99, 0x80,
    0x10, 0x48, 0x61, 0xF4, 0xB2, 0x62, 0x75, 0xD4, 0x6B, 0x26, 0xD6, 0xCA, 0x03, 0xA5, 0x39, 0x49,
    0x1C, 0xA5, 0x88, 0xE7, 0x9C, 0x97, 0x84, 0xA3, 0x63, 0xEC, 0xAF, 0x39, 0x91, 0x4F, 0x4C, 0x23,
    0xDE, 0x90, 0x24, 0x94, 0xF5, 0xB8, 0x22, 0xEE, 0xBC, 0xA9, 0x44, 0x44, 0x6A, 0x4D, 0xA2, 0x5A,
    0x2F, 0x1B, 0x05, 0x4C, 0x16, 0xF5, 0xB2, 0x49, 0x70, 0xDF, 0x81, 0x2A, 0x6C, 0x44, 0xF6, 0xD4,
    0x7B, 0x99, 0x38, 0x22, 0x6D, 0xC2, 0xBA, 0xF4, 0x0C, 0x2F, 0x16, 0x19, 0xFE, 0x4A, 0x1D, 0x5A,
    0xBA, 0xBC, 0x0F, 0xDC, 0x1F, 0xD6, 0x04, 0x23, 0x43, 0x66, 0x78, 0x7E, 0x2E, 0xB6, 0xB0, 0x1C,
    0x05, 0x86, 0x48, 0x08, 0xF0, 0xA4, 0x96, 0x1F, 0x30, 0xA1, 0xA6, 0x11, 0x33, 0x3B, 0xEA, 0x5E,
    0x0F, 0x6D, 0xCB, 0x52, 0x48, 0xD9, 0x04, 0xF5, 0x5A, 0x6C, 0xC6, 0xB8, 0x19, 0x96, 0x7D, 0x80,
    0xAF, 0xFF, 0x2C, 0x94, 0x44, 0xA8, 0xED, 0x1D, 0x8A, 0x31, 0x4B, 0x0E, 0x9A, 0xE5, 0x91, 0x27,
    0x90, 0x2F, 0x9D, 0x1A, 0x24, 0xCF, 0xAE, 0xFD, 0xAF, 0x64, 0xDE, 0x2B, 0x09, 0x31, 0xCC, 0xF9,
    0x3B, 0x61, 0x3F, 0x3D, 0xDA, 0xB8, 0x3E, 0x40, 0x82, 0xC0, 0x97, 0x5A, 0x16, 0xFB, 0x95, 0xFA,
    0x31, 0xD9, 0x10, 0xAE, 0x8F, 0x72, 0xA3, 0xDA, 0xB2, 0xF7, 0x4C, 0xB7, 0xE1, 0x9B, 0x6E, 0x11,
    0xDC, 0x6C, 0x17, 0xC8, 0x9F, 0xD6, 0xF5, 0x45, 0xD3, 0x6B, 0x88, 0xF7, 0x23, 0x50, 0x48, 0xAF,
    0x5D, 0x03, 0x06, 0x6C, 0x31, 0x0F, 0x82, 0x64, 0x10, 0xFF, 0xA6, 0x21, 0x63, 0x06, 0x83, 0xB4,
    0x26, 0xFE, 0x97, 0x4F, 0x5B, 0x60, 0x58, 0x0B, 0x0C, 0x6B, 0xD3, 0xF8, 0x06, 0xDC, 0xE9, 0x9A,
    0xB9, 0x80, 0xC0, 0xB0, 0x96, 0x8C, 0x4B, 0xD1, 0x66, 0xB3, 0xA3, 0x2B, 0x3F, 0xCF, 0xEC, 0x00,
    0x6F, 0x55, 0x08, 0xB3, 0x8B, 0x26, 0xB3, 0x73, 0x55, 0xFE, 0x1C, 0x3B, 0x5C, 0x31, 0x3B, 0x15,
    0x50, 0x21, 0x8C, 0x90, 0xC0, 0x14, 0xFE, 0xEC, 0x0A, 0xDD, 0x27, 0xE6, 0x38, 0xAF, 0x4C, 0x99,
    0x6A, 0xCE, 0xF6, 0x08, 0xA3, 0xDA, 0x2F, 0xBF, 0x11, 0xD7, 0x72, 0x95, 0x3B, 0xF5, 0xBC, 0xCA,
    0xDD, 0xD9, 0x46, 0xDF, 0xAF, 0x25, 0x34, 0xAE, 0x32, 0x38, 0x2E, 0xB4, 0x4B, 0xB8, 0x59, 0xBD,
    0x95, 0xA4, 0xBB, 0x51, 0x4B, 0x3B, 0x8A, 0x5D, 0xAA, 0x27, 0x69, 0xC2, 0x0B, 0x92, 0xD4, 0xEC,
    0xE9, 0x24, 0xB5, 0x5B, 0x26, 0xA9, 0x5E, 0x59, 0x48, 0xC9, 0x30, 0x00, 0xB7, 0x0E, 0x59, 0x89,
    0xDC, 0xC5, 0x81, 0xEC, 0xC1, 0x78, 0x36, 0xAD, 0x49, 0x2E, 0x7D, 0xDA, 0xA6, 0x51, 0x0D, 0x1C,
    0xAE, 0x60, 0x75, 0x37, 0xCC, 0x3A, 0x8C, 0x67, 0x0B, 0xFB, 0x62, 0x29, 0xF3, 0x85, 0x65, 0x32,
    0xBB, 0xD9, 0xB1, 0x28, 0xC4, 0x2A, 0x04, 0xD2, 0xA7, 0x17, 0x97, 0xC9, 0x56, 0x09, 0x22, 0x88,
    0x9E, 0x54, 0x24, 0xE0, 0xA8, 0xDA, 0x5E, 0x6F, 0xF4, 0xCF, 0x6D, 0xAD, 0xDF, 0xB2, 0xEE, 0xB9,
    0xEA, 0x28, 0x41, 0xCC, 0x33, 0xBF, 0xCB, 0xB3, 0x78, 0x80, 0x16, 0x5B, 0xC6, 0x78, 0x12, 0xC0,
    0x1C, 0xFA, 0xCB, 0xA1, 0x84, 0x1C, 0xCA, 0xCA, 0xA1, 0xA8, 0x1C, 0x41, 0x36, 0x4F, 0xC1, 0xD3,
    0x41, 0x7C, 0x34, 0x88, 0xCF, 0x1C, 0x65, 0xD9, 0xA5, 0xD0, 0xCD, 0x64, 0xFF, 0x59, 0xD8, 0x41,
    0x33, 0xB8, 0x4A, 0x43, 0xC6, 0xA1, 0x2F, 0x42, 0xF7, 0x97, 0x10, 0x51, 0x2F, 0xC3, 0x18, 0xAE,
    0x80, 0x93, 0xC1, 0x6F, 0x59, 0xBF, 0x49, 0x7A, 0xD7, 0xB2, 0x92, 0x82, 0x87, 0xD8, 0xF5, 0x2F,
    0xFF, 0x9C, 0x75, 0x25, 0xED, 0xFC, 0x05, 0x7B, 0x20, 0x15, 0x4A, 0xEB, 0x65, 0x19, 0x98, 0xCD,
    0x42, 0x22, 0xE7, 0x0E, 0x01, 0x6D, 0x08, 0x98, 0x1A, 0xC7, 0x44, 0x9A, 0x14, 0x58, 0xD3, 0x6D,
    0xE0, 0xD6, 0x3E, 0x86, 0xBB, 0x3E, 0x7C, 0xD8, 0xAA, 0xE0, 0xCB, 0x5B, 0xD0, 0xFD, 0x83, 0x4D,
    0x7A, 0x2D, 0x82, 0x77, 0x3C, 0x44, 0xF0, 0x0B, 0xD2, 0x91, 0xC4, 0xC4, 0x88, 0xEF, 0x0D, 0xAC,
    0x49, 0x57, 0xA9, 0x61, 0xF1, 0x6F, 0x59, 0xCA, 0x91, 0x2A, 0x8E, 0xF4, 0x18, 0xA4, 0xAB, 0xF6,
    0x8F, 0xB8, 0x7E, 0xFA, 0x5A, 0xA6, 0x06, 0x09, 0xC0, 0x99, 0xD8, 0xDD, 0x89, 0x32, 0x93, 0x51,
    0xD2, 0xEC, 0x48, 0xA8, 0x15, 0xC1, 0xB8, 0x73, 0x56, 0xE7, 0x1D, 0x56, 0xF4, 0x5C, 0x8D, 0x81,
    0xD4, 0xC4, 0xB8, 0xEA, 0x08, 0x7E, 0x9E, 0x10, 0x04, 0x08, 0x91, 0x03, 0x21, 0x12, 0x1E, 0x21,
    0x6B, 0x0F, 0x7C, 0x67, 0x95, 0xDE, 0x60, 0xDF, 0x60, 0x94, 0xC0, 0xC1, 0xE0, 0x4F, 0x43, 0x4D,
    0xA5, 0x3A, 0x65, 0x0E, 0x2B, 0x48, 0xF8, 0x37, 0xC9, 0x75, 0x59, 0x53, 0x10, 0x44, 0x21, 0xAB,
    0xB7, 0x53, 0xBB, 0xA2, 0x15, 0xAA, 0xF3, 0xEC, 0xAA, 0xA7, 0x87, 0xF0, 0xFF, 0x1F, 0x7D, 0x78,
    0xF0, 0x04, 0xC6, 0x67, 0xE7, 0xAA, 0x27, 0xD6, 0x2A, 0xE9, 0xC4, 0x58, 0x0B, 0xD4, 0xAA, 0x78,
    0xE9, 0x68, 0xD5, 0xF3, 0x48, 0x86, 0xF0, 0xE6, 0xF0, 0x74, 0x86, 0xB0, 0x8E, 0x75, 0x4B, 0x64,
    0x08, 0x39, 0x33, 0x84, 0xC6, 0x21, 0xE9, 0x03, 0x98, 0x70, 0x0C, 0x3D, 0x86, 0xD8, 0x95, 0x7F,
    0x98, 0x21, 0x38, 0xBF, 0x9C, 0x9A, 0x42, 0xCD, 0x59, 0xF6, 0x8A, 0x0E, 0x8B, 0x6E, 0x58, 0xBF,
    0x99, 0x9A, 0xB7, 0xD5, 0xF1, 0x6E, 0xF5, 0xB3, 0x1A, 0xCE, 0x73, 0x05, 0xF6, 0x05, 0xD2, 0xCD,
    0x82, 0xCD, 0xFF, 0x58, 0xB8, 0x8A, 0x8B, 0xE8, 0xCD, 0x09, 0xF6, 0x42, 0xE9, 0x56, 0x39, 0x84,
    0x87, 0x8F, 0xBE, 0x8A, 0x2B, 0xF9, 0xBF, 0x51, 0x4C, 0x25, 0xB6, 0x8F, 0x95, 0xFE, 0xDF, 0x6D,
    0xFC, 0xE6, 0x25, 0xA8, 0xFF, 0x75, 0x39, 0xCE, 0x25, 0x87, 0x38, 0xDE, 0xEB, 0xB3, 0x2B, 0x65,
    0x2D, 0xC7, 0x2B, 0xC9, 0x2F, 0x9A, 0xB0, 0x4D, 0x4C, 0x84, 0xBF, 0xB1, 0xA4, 0x9E, 0x64, 0x40,
    0x2E, 0x14, 0xCD, 0x3D, 0x3B, 0xF1, 0x64, 0xCF, 0x3A, 0x40, 0x27, 0x8F, 0x18, 0x05, 0xE1, 0x2B,
    0x66, 0x35, 0x92, 0x44, 0x2E, 0x87, 0x31, 0xDA, 0xC3, 0x61, 0x8C, 0x7A, 0x1E, 0xC6, 0x98, 0x1C,
    0xA3, 0x10, 0x8E, 0xED, 0xD2, 0x3B, 0x72, 0x44, 0xFA, 0x33, 0x41, 0x9E, 0x7A, 0x38, 0xD2, 0xEE,
    0x6A, 0x96, 0xED, 0xAE, 0x4C, 0xC5, 0x1F, 0x2E, 0x18, 0x0B, 0xB6, 0x9E, 0x6A, 0x77, 0x2D, 0xD8,
    0xEE, 0xDA, 0x7A, 0xCC, 0x76, 0x57, 0xCB, 0x76, 0x97, 0x99, 0xDB, 0x5D, 0x9B, 0x66, 0x64, 0xBB,
    0x6B, 0x98, 0xDA, 0x5D, 0x2E, 0x11, 0x53, 0x72, 0xC4, 0xF4, 0x57, 0x32, 0x0D, 0x12, 0xFA, 0x17,
    0x55, 0x47, 0x98, 0x27, 0xF0, 0x6D, 0xCF, 0xAC, 0x8E, 0x7C, 0x8A, 0xDB, 0x1E, 0x02, 0xE9, 0x22,
    0xAC, 0x9E, 0xB3, 0xFC, 0xC9, 0x3B, 0x6C, 0xCD, 0x91, 0x0E, 0x1B, 0x33, 0xC9, 0x54, 0x09, 0x31,
    0x63, 0x19, 0x5E, 0x86, 0x55, 0x9E, 0xAA, 0xC6, 0xA4, 0x0E, 0x8F, 0xD8, 0xFC, 0x76, 0x28, 0x29,
    0x36, 0x7F, 0xCE, 0x73, 0xBD, 0xC4, 0x65, 0x93, 0xB5, 0x93, 0x6A, 0x29, 0x8B, 0xBD, 0x80, 0x3F,
    0x5C, 0xED, 0x61, 0x0F, 0x1B, 0x4B, 0xE7, 0x24, 0x13, 0x53, 0xBF, 0xAB, 0xF9, 0x03, 0xFD, 0xAE,
    0xF0, 0x80, 0x45, 0x87, 0xA9, 0xDF, 0x45, 0xD3, 0x96, 0x28, 0x9E, 0xB2, 0x31, 0x41, 0x1C, 0x2D,
    0xC4, 0x13, 0xA3, 0x7A, 0xB6, 0xFA, 0x78, 0x59, 0xF8, 0x05, 0x6F, 0x61, 0x89, 0xFD, 0x08, 0x51,
    0x79, 0xC4, 0x6C, 0xD1, 0xC8, 0xCC, 0x4A, 0x8C, 0x2D, 0xC7, 0x9F, 0x4D, 0x44, 0x65, 0x57, 0x88,
    0x4A, 0x25, 0xBD, 0x62, 0x69, 0x89, 0xA4, 0x99, 0xCB, 0xAE, 0xA7, 0x0C, 0x3B, 0xE7, 0xE2, 0x3B,
    0xDC, 0xFC, 0xC0, 0x5F, 0xF5, 0x86, 0x0D, 0x9F, 0x87, 0xC0, 0xFC, 0xC7, 0x5F, 0xE0, 0xA0, 0x7E,
    0xFB, 0xA0, 0x72, 0x8D, 0x36, 0xFA, 0x8C, 0x8A, 0x6E, 0x33, 0x92, 0x7F, 0x76, 0x15, 0xC6, 0xF4,
    0xF1, 0x15, 0xC8, 0xFA, 0x09, 0x81, 0xFF, 0x3A, 0xAB, 0x01, 0x19, 0xC4, 0x64, 0x7D, 0x60, 0xEE,
    0x7D, 0x11, 0x6A, 0x10, 0x9C, 0x0A, 0xAF, 0xC3, 0xDA, 0xFE, 0x57, 0xE0, 0x22, 0xC1, 0xC3, 0xDB,
    0x58, 0xEF, 0xCB, 0x07, 0xE2, 0xB4, 0x34, 0x3F, 0x12, 0x95, 0x8F, 0xB9, 0xDE, 0x27, 0x29, 0x97,
    0x82, 0x4F, 0xA7, 0xD7, 0xA5, 0x81, 0xC8, 0x46, 0x03, 0xB9, 0x83, 0x74, 0xD0, 0xE6, 0xF2, 0x7F,
    0x9E, 0x81, 0x2D, 0xD0, 0x4D, 0x6F, 0xB1, 0xC7, 0xC0, 0x63, 0x66, 0x6B, 0xC2, 0xEB, 0xE1, 0xF6,
    0xFE, 0xE3, 0x61, 0xD2, 0x6A, 0x40, 0x92, 0xE3, 0x26, 0x54, 0x1E, 0xB1, 0x00, 0x7C, 0x8F, 0x81,
    0xF0, 0x26, 0xBB, 0x81, 0x88, 0xC8, 0x32, 0xE5, 0xC1, 0x93, 0x42, 0xC8, 0xC9, 0x52, 0x4E, 0x1B,
    0x10, 0x46, 0x78, 0x02, 0x76, 0xB7, 0x8F, 0xED, 0xFB, 0xAD, 0x4F, 0xFE, 0xD8, 0x95, 0x59, 0xF0,
    0xDB, 0x15, 0x55, 0x3E, 0x68, 0x9E, 0xCD, 0xF9, 0x78, 0x3C, 0xD6, 0x1B, 0x62, 0x64, 0xFA, 0xC9,
    0x00, 0x64, 0x82, 0x34, 0x14, 0xC6, 0xEF, 0x46, 0xE1, 0x8C, 0x3C, 0xE9, 0x90, 0xC0, 0xB5, 0xE4,
    0x8D, 0xC8, 0x69, 0xF7, 0x40, 0xBF, 0x77, 0xA1, 0x95, 0x77, 0xFB, 0x69, 0xD2, 0xC4, 0x4A, 0xE3,
    0x22, 0xC5, 0x31, 0xEA, 0x0E, 0x6E, 0xDD, 0xE2, 0xDD, 0x30, 0x89, 0xF0, 0x51, 0xE7, 0x9E, 0x63,
    0x3D, 0x02, 0xFA, 0x4A, 0x3E, 0x41, 0x78, 0xBF, 0x06, 0x83, 0x60, 0xE9, 0xEC, 0xAD, 0xDE, 0x15,
    0x1A, 0x88, 0x3D, 0x5F, 0xA3, 0x07, 0x63, 0x5D, 0xC4, 0x6B, 0x79, 0x7B, 0x51, 0x0F, 0xA6, 0xD2,
    0x34, 0x38, 0x10, 0x0D, 0xAC, 0xF9, 0x82, 0x1E, 0xCC, 0xDC, 0xB4, 0x0B, 0xA6, 0x59, 0x06, 0x29,
    0x73, 0x1D, 0x0E, 0xDC, 0x64, 0x47, 0x07, 0x69, 0x6C, 0x91, 0xC3, 0x79, 0x4A, 0xC9, 0x92, 0xF4,
    0x14, 0x3B, 0xA6, 0x1A, 0x08, 0x3E, 0x64, 0x58, 0x7C, 0x6B, 0x20, 0x35, 0xE3, 0x24, 0xA5, 0x66,
    0xE1, 0x04, 0xEC, 0xA3, 0xA3, 0xE8, 0x24, 0x4E, 0x64, 0x7A, 0xD3, 0x0D, 0x3C, 0x91, 0xFD, 0x27,
    0xBE, 0x4E, 0xB1, 0xAC, 0x36, 0xFB, 0x0A, 0xE4, 0x9A, 0x4E, 0xB5, 0x54, 0xF2, 0x52, 0x76, 0xAC,
    0xB0, 0x04, 0xF2, 0xF5, 0x56, 0x43, 0xD6, 0x3C, 0x8B, 0x4C, 0x39, 0x71, 0xCF, 0x51, 0xB8, 0x5C,
    0x7A, 0x03, 0xCA, 0x7F, 0x0F, 0xD7, 0x45, 0x70, 0x2F, 0x5E, 0xC8, 0xA1, 0x58, 0x00, 0x62, 0x82,
    0xE5, 0x0A, 0xB1, 0x64, 0x3F, 0xEB, 0x9C, 0x58, 0x02, 0xED, 0x81, 0xD9, 0x1A, 0x5B, 0x07, 0x07,
    0xD6, 0x84, 0x77, 0x6D, 0x1B, 0xDD, 0x7A, 0xC8, 0xA2, 0x58, 0x17, 0xEF, 0xDF, 0xEC, 0x92, 0xF7,
    0x6F, 0x74, 0xC9, 0xE5, 0x1B, 0x48, 0x54, 0xDE, 0x6B, 0x75, 0xB2, 0x69, 0x16, 0xC9, 0x45, 0xB3,
    0x9E, 0xD2, 0x59, 0x63, 0x61, 0x6A, 0x42, 0xB3, 0x99, 0x87, 0xB1, 0x67, 0xC3, 0xC6, 0x9E, 0xE4,
    0x94, 0xEC, 0xA8, 0x6F, 0x63, 0xCD, 0x75, 0x24, 0x3F, 0x65, 0x13, 0xD6, 0xB6, 0x8B, 0x2A, 0xDB,
    0xC7, 0x37, 0xDA, 0x21, 0x7E, 0xCF, 0x6C, 0x63, 0x89, 0xED, 0x34, 0x30, 0x5B, 0x3A, 0x68, 0xFA,
    0x05, 0x61, 0x5C, 0xFA, 0x80, 0x8C, 0xA4, 0x65, 0xED, 0xC0, 0x9D, 0x01, 0xCC, 0xBA, 0xF2, 0x37,
    0x48, 0x31, 0x07, 0xEF, 0x02, 0xE1, 0x79, 0x29, 0x18, 0xAB, 0x35, 0xE9, 0xA6, 0x6D, 0xF5, 0xA5,
    0x7B, 0xE0, 0xC0, 0xBB, 0x5D, 0x9E, 0xBC, 0xD7, 0xE6, 0xE9, 0x45, 0x93, 0x6B, 0x68, 0x41, 0x23,
    0xF6, 0xE4, 0x5A, 0xDA, 0x20, 0xAE, 0x22, 0xD6, 0xB8, 0xB0, 0x9B, 0xDC, 0x77, 0x5D, 0x3F, 0xC9,
    0x06, 0xD6, 0xE8, 0x09, 0xA2, 0x03, 0xC6, 0xB3, 0xE8, 0xB1, 0x43, 0x9D, 0xB4, 0x28, 0x33, 0x7D,
    0x09, 0xF8, 0x11, 0xEF, 0x37, 0xD8, 0x67, 0xA3, 0xD3, 0xB0, 0xD6, 0x65, 0xC2, 0xB5, 0xA4, 0xEC,
    0x2F, 0x79, 0x32, 0xF3, 0x28, 0xE2, 0xA0, 0xAC, 0xF3, 0xD3, 0xA3, 0xCD, 0x5A, 0x7B, 0xB4, 0x59,
    0x9B, 0x3E, 0xAF, 0x59, 0x4B, 0x54, 0xAA, 0x5E, 0x52, 0xE9, 0xEF, 0xB6, 0xA4, 0x5E, 0xCC, 0x51,
    0x2D, 0xB5, 0x9D, 0x39, 0xA8, 0xD5, 0xAE, 0xC9, 0x25, 0x79, 0xD5, 0x49, 0x0B, 0x9D, 0xD3, 0x3A,
    0x0C, 0x03, 0x73, 0x08, 0xF8, 0xA3, 0x9B, 0xC1, 0xAB, 0x85, 0xB8, 0xA9, 0xF1, 0x16, 0x1F, 0x16,
    0xF4, 0x84, 0x81, 0xCE, 0xF9, 0x8F, 0xBA, 0x7A, 0xDB, 0x4C, 0x85, 0xD5, 0x3E, 0x38, 0xE8, 0x7A,
    0x0E, 0x51, 0x84, 0x77, 0x4D, 0x17, 0xDD, 0x3A, 0x68, 0xD9, 0xF0, 0x8B, 0xF7, 0x6F, 0xB1, 0xB0,
    0xDA, 0xA4, 0x19, 0xF4, 0x09, 0x12, 0xAB, 0xA1, 0xA1, 0x0D, 0xD1, 0x12, 0x13, 0x76, 0x1A, 0x4D,
    0x54, 0xB9, 0xF9, 0x99, 0xB8, 0x81, 0x3F, 0x55, 0x73, 0xDE, 0x40, 0x00, 0xD0, 0x97, 0x40, 0x4F,
    0xAF, 0xC3, 0x0C, 0x1E, 0x54, 0xAE, 0x01, 0x38, 0x38, 0xDD, 0xAC, 0x32, 0xAC, 0xE3, 0x05, 0x62,
    0x92, 0x55, 0x2B, 0xF5, 0xC5, 0x52, 0xC0, 0xA3, 0xF4, 0xA7, 0xFC, 0x23, 0x72, 0xF9, 0x83, 0xBE,
    0x5A, 0x49, 0xDB, 0x37, 0x1D, 0xA7, 0xFC, 0xA1, 0x3D, 0x3A, 0x57, 0xB8, 0xDA, 0x64, 0x67, 0x35,
    0x09, 0x18, 0xD0, 0x73, 0xA6, 0x89, 0x2C, 0x27, 0x30, 0x1C, 0x34, 0xD0, 0x02, 0x7E, 0xDE, 0xD0,
    0x3B, 0x5E, 0x43, 0x1B, 0x2B, 0x0B, 0xE5, 0xC6, 0x70, 0xC6, 0x25, 0x57, 0x5A, 0xD5, 0x65, 0x8C,
    0x35, 0x62, 0xCE, 0x45, 0x39, 0xC6, 0x24, 0x4D, 0x1C, 0x0E, 0x2B, 0x84, 0xF0, 0xD9, 0xA0, 0x05,
    0x90, 0x02, 0x88, 0x83, 0x27, 0x84, 0x02, 0xF0, 0x06, 0xE9, 0xFC, 0x39, 0xFA, 0x75, 0xBC, 0x95,
    0x18, 0x48, 0x08, 0x26, 0xB4, 0xE8, 0x37, 0xC9, 0xD8, 0x37, 0xA9, 0x83, 0x8F, 0xE9, 0x8A, 0x0F,
    0x0A, 0x77, 0x52, 0xF2, 0x51, 0xF7, 0x39, 0x99, 0xE5, 0x4B, 0xF9, 0xA3, 0xF4, 0xDC, 0x87, 0x0D,
    0x9E, 0x1B, 0x87, 0x48, 0x0C, 0xD0, 0x0F, 0xB0, 0xC2, 0x2E, 0x77, 0xBA, 0x1A, 0x69, 0x5D, 0xC4,
    0x74, 0xE8, 0x87, 0xB7, 0x0E, 0x38, 0x7D, 0x86, 0xF6, 0x9C, 0x11, 0xDF, 0xBA, 0x3A, 0x10, 0x95,
    0x95, 0xB2, 0x11, 0xC4, 0xBD, 0xC3, 0x76, 0x7B, 0xA4, 0x25, 0xA6, 0x34, 0x69, 0xAD, 0x9B, 0xBC,
    0xD0, 0x13, 0x26, 0xC8, 0x69, 0x88, 0x06, 0x63, 0x7B, 0x07, 0x79, 0xE7, 0x5D, 0xE4, 0x9C, 0xB7,
    0x8C, 0xD7, 0x05, 0xC6, 0x6F, 0x43, 0xE8, 0x30, 0xAA, 0x03, 0x13, 0x57, 0x21, 0xA8, 0x7B, 0xC4,
    0x86, 0x5C, 0x95, 0x16, 0x31, 0xF0, 0x2D, 0x29, 0x34, 0xDE, 0x9F, 0xCB, 0xF6, 0xB4, 0x1A, 0x94,
    0x6B, 0xAB, 0x71, 0xA8, 0xD3, 0xAE, 0x54, 0xC8, 0xA7, 0xF2, 0xB6, 0xC7, 0x01, 0xD8, 0xCB, 0xA0,
    0x3D, 0x71, 0x55, 0xDA, 0xA4, 0x88, 0xEA, 0x34, 0xC3, 0x1A, 0x8A, 0x57, 0x52, 0x6C, 0x60, 0x9D,
    0x6D, 0xAC, 0xD1, 0xBB, 0x6B, 0xD3, 0xE5, 0xED, 0x4C, 0x3F, 0xC2, 0x0E, 0x5C, 0x46, 0x5D, 0x70,
    0x18, 0x30, 0x55, 0xDB, 0x93, 0x79, 0xFC, 0x77, 0xA5, 0x3A, 0xED, 0x6C, 0xC7, 0x4A, 0x4F, 0xB3,
    0x7C, 0x73, 0x98, 0x72, 0x7F, 0x76, 0x17, 0x8F, 0x77, 0xDA, 0xA7, 0x04, 0x34, 0x39, 0x56, 0x0C,
    0x88, 0x9D, 0x2A, 0xA6, 0xC6, 0xC8, 0x4A, 0x15, 0x7D, 0x8A, 0x1A, 0xD5, 0x38, 0xC9, 0xB4, 0x5A,
    0xF9, 0x86, 0xE1, 0x84, 0x83, 0xAB, 0x67, 0xAD, 0x3A, 0x99, 0xFF, 0xAF, 0x90, 0x71, 0xAA, 0x2E,
    0x32, 0x67, 0xCF, 0x92, 0x9A, 0x11, 0xBD, 0x7C, 0x29, 0xAD, 0xEC, 0x5F, 0x20, 0x4C, 0xFF, 0x10,
    0x74, 0xEC, 0xC7, 0xB9, 0x0C, 0xC0, 0x6A, 0xA1, 0x81, 0x58, 0xE3, 0x00, 0xCF, 0x83, 0xDA, 0x78,
    0xF7, 0x8E, 0xCA, 0x2B, 0x33, 0x79, 0xD5, 0x8A, 0x54, 0xFF, 0x84, 0x7D, 0xFF, 0x3D, 0x76, 0xFD,
    0x9B, 0x5C, 0xA8, 0x1F, 0x71, 0x53, 0xF8, 0xCF, 0xCF, 0xB0, 0xC6, 0x7F, 0xAE, 0x18, 0xF0, 0x12,
    0x2F, 0x56, 0x72, 0xB6, 0x51, 0x66, 0x94, 0x32, 0xDF, 0x65, 0x3E, 0x8C, 0x96, 0x6D, 0xD0, 0xD2,
    0x4F, 0xC2, 0xD5, 0x76, 0xD4, 0x91, 0x44, 0xF7, 0xC8, 0xB4, 0xCB, 0x2A, 0xE6, 0x08, 0x0E, 0xBA,
    0xC6, 0x12, 0xEB, 0x0D, 0xD1, 0x91, 0xC6, 0x52, 0xFA, 0xFC, 0xC6, 0x92, 0x2A, 0x33, 0x29, 0xAE,
    0x30, 0xEF, 0x4D, 0xF7, 0xCC, 0x8F, 0x75, 0x60, 0xD6, 0x76, 0x02, 0xB3, 0x3D, 0x04, 0xA6, 0x74,
    0x78, 0xC7, 0x54, 0xB1, 0x9E, 0xB1, 0x4A, 0x2E, 0xFE, 0x7F, 0xFF, 0x8A, 0xBC, 0x53, 0x28, 0x70,
    0x7A, 0xDF, 0x8D, 0xD0, 0x90, 0xC9, 0x20, 0xE7, 0xBD, 0x90, 0x7E, 0xDA, 0xAD, 0x69, 0xAF, 0x5B,
    0xDB, 0xF1, 0xCD, 0x62, 0x48, 0x9A, 0x54, 0x46, 0x53, 0xEE, 0x3B, 0xD3, 0x1B, 0x3D, 0xA6, 0xBB,
    0x1C, 0x1E, 0x2A, 0xA4, 0x46, 0x72, 0x1A, 0xEF, 0x67, 0x3D, 0x18, 0x74, 0x5D, 0x68, 0xBB, 0x76,
    0x74, 0xFB, 0x44, 0xF2, 0x24, 0x8F, 0xA7, 0x06, 0xC6, 0xD4, 0xC4, 0x48, 0xB2, 0xD3, 0x1B, 0xAA,
    0x56, 0xAF, 0xB2, 0x5A, 0x9F, 0xCB, 0x8C, 0x97, 0x64, 0x21, 0xCB, 0x49, 0x78, 0xA9, 0xAB, 0x9C,
    0xD9, 0xE0, 0xE1, 0x3C, 0xD6, 0xA7, 0x56, 0x8B, 0x83, 0x53, 0xE3, 0xEC, 0xB4, 0x9A, 0xD5, 0x70,
    0x04, 0x96, 0x71, 0x58, 0xC4, 0x96, 0x74, 0x95, 0x5C, 0x66, 0x64, 0x01, 0x72, 0xC0, 0x21, 0x78,
    0x23, 0xA9, 0x96, 0xA3, 0xDC, 0x24, 0x21, 0xCC, 0xD6, 0xC3, 0xDF, 0x95, 0x42, 0x2E, 0x0D, 0x71,
    0xBD, 0x85, 0xFE, 0x70, 0x4B, 0x78, 0xC6, 0x0C, 0x0E, 0x8A, 0x39, 0xF0, 0x9C, 0xD2, 0x30, 0x96,
    0x48, 0x3D, 0x2D, 0x97, 0x34, 0xAB, 0x9B, 0xC6, 0xEE, 0x41, 0x2E, 0xC1, 0x59, 0x13, 0xB8, 0x4C,
    0x5E, 0x85, 0x5F, 0xC1, 0x65, 0x9F, 0xCC, 0x3C, 0xB8, 0x77, 0xA5, 0xC3, 0xFF, 0xB1, 0xC5, 0xE1,
    0x84, 0x41, 0x5A, 0xCC, 0xB5, 0x21, 0xF1, 0x3B, 0x42, 0x84, 0xED, 0x64, 0x5C, 0x5F, 0xBA, 0x26,
    0x9E, 0x95, 0xA4, 0x8B, 0xDF, 0xA8, 0x90, 0xF1, 0x7A, 0x83, 0x7F, 0x0F, 0xEF, 0xB0, 0x2E, 0x2E,
    0x33, 0x50, 0xBB, 0x0C, 0x3F, 0x7B, 0xED, 0x14, 0x2C, 0x58, 0x44, 0x83, 0x6A, 0x21, 0xDB, 0x0E,
    0xCE, 0xD2, 0x63, 0x3D, 0x2B, 0xE0, 0xD0, 0x53, 0x62, 0x90, 0x8C, 0x95, 0x35, 0xB8, 0x31, 0x48,
    0x50, 0xA3, 0x3E, 0x52, 0x87, 0xDC, 0x58, 0x62, 0xC2, 0xC6, 0xB2, 0xA8, 0xC5, 0x51, 0xF1, 0x3F,
    0xDC, 0xE6, 0xAE, 0xB9, 0x6A, 0x62, 0x92, 0xB6, 0xAC, 0x53, 0x83, 0x25, 0xCD, 0xCF, 0xA4, 0xB6,
    0xC7, 0x05, 0xB9, 0x1E, 0x97, 0xFB, 0xDE, 0xE9, 0x8E, 0x0B, 0x32, 0x97, 0x2A, 0x38, 0x91, 0x97,
    0x1D, 0xD6, 0x71, 0xC8, 0x6E, 0xFE, 0x4C, 0x38, 0x39, 0x45, 0xA7, 0x00, 0x5F, 0xA3, 0x63, 0x5E,
    0x3C, 0xD5, 0x31, 0x57, 0xCF, 0x69, 0xDE, 0x10, 0x8D, 0x84, 0x68, 0xB8, 0x24, 0xC5, 0x1E, 0xCF,
    0x4A, 0x3A, 0x8A, 0xDF, 0x2E, 0xA9, 0x3D, 0xB3, 0x12, 0x88, 0xCA, 0x57, 0x4A, 0xFD, 0x4F, 0x11,
    0xD9, 0x48, 0xED, 0xCD, 0x9C, 0x95, 0xE4, 0xCC, 0x4A, 0xCA, 0xA3, 0x9A, 0xDF, 0x59, 0x96, 0x0A,
    0xDE, 0xF9, 0x5A, 0xE2, 0xCF, 0x18, 0x59, 0x43, 0x7C, 0x44, 0x1B, 0x5B, 0x21, 0x8E, 0xAD, 0x90,
    0xBD, 0xDE, 0xB5, 0x85, 0xB1, 0xD8, 0x37, 0x9A, 0x32, 0xD3, 0xF3, 0x58, 0x79, 0x73, 0xBC, 0xD9,
    0x2B, 0x61, 0xEB, 0x8F, 0xEA, 0xF8, 0xB2, 0xFF, 0x47, 0x4E, 0x21, 0x6B, 0x1E, 0x4D, 0x9E, 0x5C,
    0xE2, 0xE7, 0xCA, 0x0D, 0x32, 0xA5, 0xBA, 0x49, 0x3D, 0x5F, 0x1B, 0x94, 0xF7, 0xE4, 0xFA, 0xB6,
    0xF2, 0x1F, 0xFD, 0x62, 0x4B, 0x05, 0x8F, 0xB6, 0x61, 0x1C, 0x5F, 0xF4, 0x58, 0xF0, 0xF6, 0x57,
    0x00, 0x90, 0xFD, 0x87, 0xF0, 0xC8, 0xFD, 0x5B, 0xED, 0x3C, 0xE6, 0x16, 0xD2, 0xB7, 0x23, 0xA6,
    0xEB, 0x31, 0xD3, 0x75, 0xDC, 0x76, 0x5C, 0x77, 0xE1, 0xB0, 0x62, 0x5B, 0x1E, 0x31, 0x6E, 0xA1,
    0x3E, 0x41, 0xE7, 0x0F, 0x51, 0x17, 0x0C, 0x71, 0x1B, 0x8C, 0x69, 0x1B, 0xFE, 0x66, 0x61, 0xE2,
    0xCF, 0xFF, 0xDB, 0xC4, 0xBF, 0xF8, 0xD2, 0x24, 0x57, 0xBE, 0x68, 0xD2, 0xCB, 0x1F, 0x37, 0x3A,
    0xBE, 0x0E, 0x3A, 0x1B, 0x77, 0x1B, 0x88, 0xFD, 0x3B, 0xAE, 0x2A, 0x33, 0x7F, 0x3B, 0x07, 0x8B,
    0x7C, 0xFF, 0x14, 0xA1, 0xF7, 0x95, 0x97, 0xE9, 0x80, 0x14, 0x37, 0x97, 0xEE, 0x05, 0x0D, 0x3A,
    0x9A, 0xA1, 0xD7, 0xD5, 0x0A, 0xB5, 0x8C, 0x40, 0xF2, 0x46, 0xDB, 0xE4, 0x90, 0xBF, 0x4C, 0xF9,
    0xCB, 0x98, 0xBF, 0xCC, 0xF9, 0xCB, 0xA0, 0xBF, 0x4C, 0xFA, 0xCB, 0xA8, 0xBF, 0x0C, 0x66, 0xCD,
    0x29, 0x33, 0xB0, 0xC7, 0x40, 0x40, 0xFA, 0xAD, 0xE2, 0xC0, 0xBF, 0x92, 0x89, 0x7F, 0xE5, 0x15,
    0xEF, 0xA8, 0xE8, 0x4E, 0x2F, 0xF5, 0xC2, 0x60, 0xD9, 0xAF, 0xFC, 0x06, 0x13, 0x5A, 0xD2, 0x93,
    0x65, 0x2D, 0xDC, 0x1B, 0xB8, 0xD7, 0x8F, 0xE2, 0x4C, 0xAD, 0xFC, 0x39, 0xB3, 0x7D, 0xB0, 0xB7,
    0x18, 0xDF, 0x01, 0x60, 0x01, 0xF5, 0xA3, 0xA2, 0x5D, 0xBE, 0xF0, 0xC4, 0xFB, 0x88, 0xA5, 0x29,
    0x6A, 0xCD, 0x14, 0x61, 0xF8, 0x93, 0xF7, 0x84, 0x81, 0xFD, 0x4B, 0x1A, 0xC1, 0x6D, 0xC2, 0xDC,
    0xC7, 0xA4, 0xCB, 0x97, 0x59, 0xB2, 0x63, 0xE6, 0xB4, 0x43, 0xAB, 0x60, 0x94, 0xF6, 0xA7, 0x10,
    0x42, 0x03, 0x90, 0x32, 0x58, 0xC9, 0x2F, 0x03, 0x90, 0x5B, 0x66, 0x34, 0x92, 0xD1, 0xEF, 0x02,
    0x7B, 0x7D, 0x08, 0xEC, 0x83, 0xD1, 0x0F, 0x87, 0x05, 0xAC, 0x65, 0xA1, 0xAE, 0x9A, 0xF5, 0xC0,
    0x1E, 0x74, 0xF1, 0x6D, 0xDB, 0xA4, 0x48, 0x60, 0x17, 0xB0, 0x98, 0x85, 0x36, 0xAF, 0xEB, 0xD1,
    0x36, 0xBA, 0x83, 0xE4, 0x75, 0xFA, 0x81, 0x7C, 0x9F, 0x85, 0x5F, 0x67, 0x09, 0x64, 0xF4, 0x97,
    0x85, 0xC8, 0x0F, 0x4E, 0xF5, 0x9B, 0x7A, 0xAF, 0x05, 0x19, 0xC3, 0xB1, 0x44, 0x7E, 0x76, 0x43,
    0xC3, 0xC7, 0xDF, 0xAC, 0xB1, 0x7E, 0xF5, 0xB1, 0x1B, 0x6E, 0x67, 0xB5, 0x23, 0x4B, 0x66, 0x4A,
    0xD4, 0xCD, 0xD7, 0x6A, 0xB2, 0xCA, 0xF2, 0x98, 0x66, 0xB2, 0x82, 0x50, 0x8A, 0x93, 0xC8, 0x12,
    0x21, 0xB8, 0xAE, 0x49, 0xC5, 0x41, 0x87, 0x50, 0x08, 0x2B, 0x4E, 0x46, 0x4D, 0x33, 0x73, 0x3F,
    0x91, 0x12, 0x7C, 0x9D, 0xDC, 0x8F, 0x27, 0xCA, 0x9D, 0x17, 0xF9, 0x9B, 0x56, 0x92, 0x29, 0x1E,
    0x59, 0xC8, 0x22, 0x74, 0xFC, 0x26, 0xCB, 0xB1, 0x08, 0x5B, 0x9B, 0x40, 0x09, 0xFF, 0xB0, 0x6B,
    0x7C, 0x4A, 0x72, 0xA9, 0xF3, 0x41, 0x2D, 0xD9, 0x66, 0x09, 0x9B, 0xE6, 0x50, 0x82, 0x9A, 0x9B,
    0xFA, 0x27, 0x94, 0xD7, 0x2D, 0x52, 0xF2, 0x8C, 0x38, 0xDB, 0x70, 0x64, 0xB8, 0xE1, 0x2C, 0xC9,
    0x17, 0xF8, 0x15, 0xF7, 0xCD, 0x12, 0x4F, 0xC7, 0xEA, 0x63, 0x73, 0x7E, 0xE5, 0xB5, 0xA7, 0x44,
    0xBE, 0xFC, 0xE6, 0x82, 0x14, 0x86, 0xF9, 0x8D, 0x40, 0x7E, 0x33, 0x70, 0xFE, 0x73, 0x5A, 0xDF,
    0x38, 0x79, 0xDE, 0x59, 0x9F, 0x70, 0x42, 0x51, 0xA0, 0xC0, 0x0D, 0xBD, 0x6A, 0x01, 0x67, 0x82,
    0x90, 0x6B, 0xFF, 0x4A, 0xB4, 0x66, 0x4A, 0x29, 0xAC, 0x4C, 0xBE, 0x38, 0x28, 0xC2, 0xB9, 0x96,
    0xCE, 0xE1, 0x0D, 0x46, 0xF1, 0x27, 0x2C, 0x3D, 0x92, 0xC7, 0xBB, 0x45, 0x5E, 0xA6, 0xA0, 0xE2,
    0xA5, 0xEC, 0xA2, 0x91, 0x32, 0x48, 0x50, 0x80, 0xCA, 0x99, 0xFF, 0x87, 0xD3, 0x8F, 0xBA, 0x75,
    0x9D, 0x6B, 0xCF, 0xCE, 0x45, 0xA4, 0x29, 0xAC, 0x97, 0xEA, 0x9C, 0x6F, 0xA7, 0x19, 0x67, 0xA3,
    0x7E, 0x20, 0x16, 0x23, 0x8D, 0x22, 0x4A, 0x29, 0xEC, 0x70, 0xC5, 0x58, 0xCE, 0xEC, 0x8B, 0x30,
    0xA5, 0x75, 0xE3, 0x97, 0xF2, 0x66, 0xF5, 0xCD, 0x46, 0x02, 0x3C, 0x73, 0x5E, 0x39, 0x9B, 0x0B,
    0xDA, 0xDC, 0xD9, 0xC8, 0xB7, 0xB2, 0x87, 0x8F, 0xA2, 0x82, 0xB1, 0xC9, 0x63, 0xC1, 0xBD, 0x8D,
    0xBF, 0xF9, 0x3E, 0x24, 0xF4, 0xC0, 0xDE, 0xF9, 0x6D, 0x84, 0xD5, 0xD0, 0x73, 0x5A, 0x5F, 0x66,
    0x39, 0x0F, 0x83, 0x26, 0xA3, 0xCF, 0xDF, 0x36, 0x6A, 0x11, 0xD4, 0xCB, 0xF5, 0x4F, 0x3A, 0xDE,
    0xE9, 0x1F, 0xCA, 0xE5, 0x8D, 0xE1, 0xA1, 0x5C, 0x64, 0xF3, 0x30, 0xCD, 0x64, 0x9E, 0x1E, 0x28,
    0xA6, 0x4A, 0xC4, 0x0B, 0x86, 0x8F, 0xD9, 0x60, 0x62, 0x36, 0x1F, 0x4D, 0xEF, 0x97, 0xAE, 0x20,
    0x80, 0x95, 0xDF, 0x7C, 0x58, 0x7D, 0x7F, 0x32, 0xBD, 0x5F, 0x9E, 0x7B, 0x9E, 0xBE, 0x4E, 0x4B,
    0xAE, 0xE7, 0xE9, 0xEB, 0xA4, 0xF2, 0x0A, 0x22, 0x86, 0x6C, 0xCB, 0xB3, 0x90, 0x07, 0xFC, 0x3A,
    0x62, 0xA7, 0x1C, 0xE3, 0x9F, 0x29, 0x1B, 0x1C, 0x5F, 0x26, 0xF9, 0x5D, 0x79, 0x8E, 0x38, 0x26,
    0x80, 0xC6, 0x24, 0xCA, 0xDD, 0x64, 0x9E, 0xDF, 0xCD, 0xA9, 0x84, 0xED, 0x4C, 0x87, 0x90, 0xE8,
    0x72, 0xA8, 0x5F, 0xCA, 0x32, 0xEE, 0xFB, 0xCC, 0x32, 0xD7, 0x2F, 0x40, 0xA6, 0xAF, 0xB5, 0xB2,
    0x97, 0xF3, 0x87, 0xFB, 0x38, 0xE9, 0xE4, 0x9F, 0x03, 0x89, 0x29, 0x8F, 0x1C, 0x57, 0xB7, 0x70,
    0x76, 0xDF, 0xFD, 0x11, 0xBC, 0x10, 0xC0, 0x58, 0x45, 0x8C, 0x33, 0x1F, 0xF8, 0x41, 0x38, 0x4A,
    0xA8, 0x7F, 0x0E, 0x58, 0x31, 0xB0, 0x09, 0xD2, 0x7C, 0x2B, 0xFB, 0x25, 0xDD, 0x65, 0x0B, 0xD3,
    0xBD, 0x5C, 0xC4, 0xF8, 0xF6, 0x36, 0xFD, 0x32, 0x33, 0x9B, 0xF4, 0x3D, 0xE6, 0xAE, 0x57, 0xF8,
    0xF5, 0x40, 0xA6, 0x3D, 0x1F, 0xBC, 0x7A, 0xF6, 0x9B, 0xF6, 0x8B, 0x73, 0x93, 0xF8, 0xF9, 0xED,
    0xDE, 0xD5, 0x1C, 0xD4, 0xDF, 0x06, 0xDF, 0xCE, 0xA6, 0xA1, 0x70, 0xEA, 0x5B, 0xD4, 0xBD, 0xA2,
    0xED, 0x53, 0xFB, 0x72, 0x15, 0x59, 0xD8, 0x08, 0xE1, 0x99, 0xD1, 0xAC, 0xE4, 0x32, 0x27, 0x1D,
    0x76, 0x3E, 0xC3, 0x31, 0x15, 0xE9, 0x06, 0x48, 0xAB, 0x26, 0x34, 0x33, 0x5B, 0xE1, 0x7A, 0xC7,
    0xA6, 0x4C, 0x5D, 0x59, 0x36, 0xB4, 0xCF, 0x98, 0x32, 0xFD, 0xAE, 0x24, 0x5A, 0x6E, 0x42, 0xC4,
    0x1C, 0xAA, 0x62, 0xAE, 0x74, 0x0B, 0x0E, 0x06, 0x82, 0x83, 0xBC, 0x05, 0x47, 0xE3, 0xF5, 0xD9,
    0x7D, 0xE1, 0x4A, 0xC6, 0x46, 0x99, 0xDB, 0x49, 0xD4, 0x38, 0x12, 0x32, 0xD4, 0x29, 0x4D, 0x61,
    0xFF, 0x1E, 0x25, 0x8F, 0xCB, 0x0D, 0xC2, 0x30, 0x10, 0x44, 0x1F, 0xE4, 0x00, 0x52, 0x0E, 0x2E,
    0x61, 0x4B, 0x30, 0x1D, 0x38, 0xE2, 0x42, 0x59, 0x4E, 0x07, 0xB4, 0x40, 0x23, 0x08, 0x97, 0x90,
    0x12, 0x22, 0x28, 0x00, 0x0E, 0x39, 0x70, 0x48, 0xE2, 0xCC, 0x2A, 0x2B, 0xCD, 0xC8, 0xAB, 0xD5,
    0x7C, 0xCC, 0x05, 0x78, 0xC2, 0xA1, 0xF6, 0x10, 0x47, 0x38, 0x16, 0x7C, 0x56, 0xC2, 0xF8, 0x22,
    0x95, 0x4C, 0xEE, 0xB2, 0xB6, 0x74, 0x9D, 0x49, 0xB7, 0x89, 0x78, 0x1F, 0xB1, 0x6F, 0x21, 0x54,
    0x08, 0x0B, 0xB4, 0x7F, 0xE1, 0xA7, 0xB7, 0x43, 0xF2, 0x30, 0x80, 0xC9, 0x22, 0x0A, 0xA9, 0x77,
    0xA7, 0xB3, 0x53, 0xEA, 0x44, 0x59, 0x77, 0xDA, 0xC9, 0xF7, 0x07, 0xFB, 0xC4, 0x22, 0x51, 0x2C,
    0x36, 0x88, 0x24, 0xB1, 0x22, 0x8D, 0x29, 0x54, 0x3E, 0xAB, 0x93, 0x12, 0xC2, 0x7B, 0x16, 0x7D,
    0x24, 0x6B, 0xAB, 0x42, 0x4E, 0x55, 0x09, 0x8D, 0xB7, 0x6D, 0x54, 0x81, 0x66, 0x71, 0x52, 0x09,
    0x4C, 0x47, 0xAB, 0x1E, 0xBB, 0xB2, 0x7F, 0x85, 0x0D, 0x5D, 0x51, 0x41, 0x6E, 0xD5, 0x30, 0x10,
    0x7D, 0x89, 0xA5, 0x46, 0xC2, 0x02, 0x73, 0x01, 0x92, 0x15, 0xCB, 0xE2, 0x0B, 0x40, 0xED, 0xAE,
    0xD8, 0x72, 0x11, 0xE0, 0x02, 0x95, 0x12, 0xC4, 0x41, 0xCA, 0x21, 0x58, 0x74, 0x51, 0x7E, 0xDC,
    0x6E, 0xBB, 0xF1, 0x11, 0xBC, 0xE8, 0x01, 0x2C, 0x94, 0x85, 0x11, 0x89, 0x87, 0x19, 0x97, 0x0D,
    0x48, 0x7E, 0x96, 0x32, 0x93, 0x79, 0xF3, 0xDE, 0xB3, 0x23, 0xF2, 0x8E, 0x31, 0x13, 0x61, 0x22,
    0xBE, 0xAC, 0x5C, 0x5C, 0xA9, 0xFF, 0x7F, 0xE2, 0xA3, 0xAA, 0xE6, 0xD1, 0x7A, 0xB7, 0xCC, 0x69,
    0x4E, 0x2E, 0x5A, 0x0F, 0xE0, 0x56, 0x55, 0x45, 0x8A, 0xBA, 0x8A, 0xDB, 0xA1, 0xB8, 0x74, 0xC1,
    0x25, 0xEC, 0xAD, 0x56, 0xBB, 0x83, 0x6B, 0x9B, 0x8B, 0xAD, 0x76, 0x73, 0x16, 0x75, 0xB1, 0x71,
    0x5A, 0x4E, 0xB8, 0xC0, 0x06, 0xF7, 0xE5, 0xC0, 0x7C, 0xCF, 0xC4, 0x77, 0x15, 0x23, 0x6E, 0xD0,
    0x67, 0x1D, 0x86, 0x62, 0xD3, 0xB0, 0xDB, 0xA4, 0xCA, 0x14, 0xBB, 0x4D, 0x07, 0x9B, 0x56, 0xEF,
    0x2E, 0x0F, 0xBC, 0x84, 0xC7, 0x90, 0x26, 0x6F, 0xB2, 0x0B, 0x26, 0xCF, 0x41, 0x67, 0x1B, 0x54,
    0x32, 0xFE, 0xF3, 0xDD, 0x09, 0x27, 0x55, 0xF0, 0xA1, 0x63, 0x21, 0x26, 0xC2, 0x04, 0x4C, 0x01,
    0x76, 0x81, 0xF3, 0x2C, 0xDA, 0x51, 0x75, 0x74, 0xE0, 0x07, 0xCB, 0x91, 0xD3, 0xED, 0xE8, 0x0B,
    0xD4, 0x06, 0x95, 0x31, 0x64, 0xE8, 0x04, 0xDD, 0x26, 0xCC, 0x02, 0xE3, 0x61, 0x58, 0x21, 0xF7,
    0xA4, 0x29, 0x5D, 0x69, 0x0B, 0xA3, 0x26, 0x0A, 0x86, 0x68, 0x61, 0x78, 0x88, 0x5D, 0x87, 0x27,
    0xCC, 0x7C, 0x68, 0xC7, 0xCA, 0x20, 0x2A, 0x42, 0x2E, 0xEC, 0xE8, 0xFF, 0x52, 0x28, 0x1E, 0x57,
    0x91, 0x11, 0x84, 0xCA, 0xED, 0x6B, 0xE5, 0x10, 0x69, 0xAD, 0x6E, 0xD7, 0xE9, 0x8D, 0xFE, 0x1A,
    0xDD, 0xF4, 0x90, 0x04, 0xEF, 0xCC, 0xFB, 0x00, 0x9E, 0x53, 0x1C, 0xAE, 0xBE, 0xE6, 0x95, 0x2F,
    0x18, 0x23, 0x46, 0xF3, 0xB6, 0xFF, 0x65, 0xCA, 0xEC, 0x87, 0xDF, 0x8F, 0xE0, 0x14, 0xC5, 0x13,
    0x5E, 0x17, 0x4E, 0xE8, 0x70, 0xD9, 0x7C, 0xBA, 0xCA, 0xE6, 0xD5, 0xF7, 0x3C, 0x9E, 0xE7, 0x3C,
    0x5E, 0xFD, 0x4C, 0xD3, 0xB6, 0x06, 0x2D, 0x19, 0x3F, 0x67, 0x69, 0x0B, 0x56, 0xF4, 0x07, 0x74,
    0xC1, 0x94, 0xE1, 0x38, 0x8C, 0xD0, 0x6C, 0x64, 0x51, 0x25, 0x02, 0x59, 0xD3, 0x37, 0x31, 0x2A,
    0x82, 0x99, 0x77, 0x65, 0x1B, 0x1E, 0x6B, 0x00, 0x41, 0xF1, 0xD4, 0x86, 0x29, 0x0A, 0xC7, 0x33,
    0x79, 0x30, 0x99, 0x6D, 0x46, 0xDB, 0x9F, 0xE0, 0x9C, 0x21, 0x44, 0x90, 0x8C, 0x79, 0x93, 0xBC,
    0x3D, 0xAB, 0x46, 0xCF, 0x4C, 0x2D, 0x32, 0x59, 0xD4, 0x14, 0x34, 0xDA, 0xB6, 0xA1, 0x45, 0x0A,
    0x93, 0xFE, 0x21, 0xFB, 0x03, 0x2D, 0x91, 0xB1, 0x4E, 0xC3, 0x30, 0x10, 0x86, 0xFF, 0xC4, 0xA0,
    0x0E, 0x91, 0x30, 0x3B, 0x83, 0x79, 0x03, 0x3F, 0x41, 0xEB, 0x93, 0x18, 0x18, 0x3A, 0xF0, 0x28,
    0xBC, 0x40, 0xD2, 0x58, 0x62, 0xE0, 0x81, 0x58, 0xD3, 0xE6, 0x36, 0xD6, 0x6C, 0x0C, 0x0C, 0x78,
    0x40, 0x62, 0xCD, 0x10, 0x89, 0x0E, 0x6D, 0x8E, 0x73, 0xA8, 0xE4, 0x21, 0x92, 0x2F, 0xFF, 0x7D,
    0xFF, 0xE7, 0x62, 0x46, 0x25, 0xEC, 0xB7, 0xBC, 0x31, 0x43, 0xFD, 0xC3, 0xDD, 0x27, 0x77, 0x36,
    0x76, 0x1E, 0xE1, 0x0C, 0x97, 0x00, 0x33, 0xC2, 0x8E, 0x68, 0x53, 0xF1, 0x3B, 0xAC, 0x3E, 0xD8,
    0x6E, 0xD9, 0xCB, 0x18, 0x24, 0xC1, 0x01, 0x1E, 0x90, 0x09, 0x32, 0x16, 0x23, 0xCA, 0x04, 0x33,
    0x63, 0x25, 0x0C, 0xC7, 0x57, 0x96, 0x83, 0x90, 0x3B, 0xEA, 0x00, 0x97, 0xC2, 0xF6, 0x1B, 0x81,
    0xD0, 0x9E, 0xD0, 0x0B, 0x34, 0xB6, 0x0B, 0x39, 0xD9, 0x26, 0x04, 0xE1, 0x56, 0x22, 0x5A, 0x14,
    0xA7, 0xBC, 0xA4, 0x1A, 0xE0, 0x22, 0x02, 0xB0, 0x01, 0x1A, 0xA0, 0x98, 0xC9, 0x0A, 0xBB, 0xC7,
    0xC1, 0x6D, 0xD9, 0xCE, 0x3A, 0x8C, 0xBD, 0xA7, 0x93, 0xA3, 0x7E, 0x86, 0x9B, 0xF4, 0x56, 0x99,
    0xA3, 0x7D, 0x65, 0x67, 0x96, 0x01, 0xE1, 0x95, 0x10, 0x0E, 0x08, 0x47, 0xEC, 0x08, 0x45, 0x4F,
    0xDA, 0xC8, 0xBD, 0x0E, 0xC1, 0xA4, 0xF5, 0x5B, 0x2E, 0x55, 0x57, 0xDC, 0x78, 0x0A, 0x33, 0x14,
    0x46, 0x09, 0x0B, 0x89, 0x95, 0x50, 0xD5, 0x23, 0xEF, 0xDB, 0x01, 0x7B, 0xE0, 0x94, 0x79, 0xF4,
    0x94, 0x3A, 0x23, 0xF1, 0xC6, 0x32, 0xF4, 0xB4, 0x54, 0x9E, 0x73, 0xFB, 0xA0, 0x98, 0x42, 0xCA,
    0x5F, 0x2E, 0xAE, 0xAE, 0x2B, 0xBD, 0x8D, 0xFA, 0x6D, 0x44, 0xD3, 0x08, 0x96, 0xEE, 0x3D, 0x14,
    0xEC, 0x79, 0x42, 0xAE, 0x11, 0x18, 0xC2, 0xE6, 0x2B, 0xDA, 0x27, 0xDA, 0x38, 0x6D, 0xCD, 0xA2,
    0x5A, 0xD6, 0x40, 0x8D, 0x52, 0x92, 0x91, 0xC1, 0x30, 0x56, 0x1A, 0x70, 0xD4, 0x45, 0xAA, 0x88,
    0x6E, 0xFF, 0xFF, 0x55, 0xB0, 0xBB, 0x45, 0xD7, 0x04, 0x1F, 0xB3, 0xA2, 0x56, 0xD0, 0x38, 0xAA,
    0xF5, 0x21, 0x74, 0xE9, 0x74, 0xC1, 0xCB, 0xC0, 0xAA, 0x6B, 0x42, 0x95, 0x32, 0xA0, 0xA7, 0x4B,
    0x83, 0x42, 0xEB, 0xC8, 0x60, 0x5F, 0x92, 0x3A, 0xA9, 0x04, 0x5E, 0xA8, 0x71, 0xB1, 0x73, 0x51,
    0x43, 0xB2, 0xAE, 0x43, 0x7E, 0x1A, 0xFB, 0x3E, 0xD8, 0x87, 0xA4, 0x5A, 0x54, 0x57, 0xB9, 0x98,
    0x57, 0x5D, 0x9B, 0x88, 0x3F, 0x35, 0x90, 0x21, 0x12, 0x83, 0x30, 0x14, 0x44, 0xB7, 0x30, 0xD3,
    0x0A, 0x04, 0x95, 0x9D, 0x41, 0x70, 0x04, 0x7C, 0x4D, 0x22, 0x7A, 0x9F, 0x1E, 0x01, 0x0E, 0xD6,
    0x19, 0x38, 0x02, 0x47, 0x40, 0xE0, 0x6A, 0x10, 0x15, 0x08, 0x92, 0xDF, 0x17, 0x68, 0xC5, 0xFE,
    0xC9, 0xCF, 0xDF, 0xEC, 0xEE, 0x8F, 0x54, 0x45, 0xE9, 0x64, 0x26, 0x15, 0xC6, 0xA9, 0xFE, 0x48,
    0x72, 0x03, 0xA5, 0x07, 0xA5, 0xD9, 0x94, 0xCA, 0xA0, 0x6C, 0xA3, 0xCD, 0x57, 0x4A, 0x93, 0xB8,
    0xCE, 0xC2, 0xAF, 0xCD, 0xD3, 0x20, 0x8B, 0xF2, 0x52, 0xE2, 0xA9, 0x4D, 0xA5, 0x88, 0x1E, 0x39,
    0x0B, 0x3C, 0xDD, 0x12, 0x54, 0x2C, 0x88, 0x4D, 0xE0, 0x8D, 0x85, 0x79, 0x35, 0x41, 0x67, 0x88,
    0xA5, 0x3D, 0x54, 0xF6, 0x2F, 0xCC, 0x02, 0x19, 0x26, 0x35, 0x24, 0x70, 0x28, 0xDF, 0xB7, 0x43,
    0xF8, 0x30, 0xE4, 0xB2, 0x87, 0xDC, 0x42, 0xB8, 0xD6, 0x08, 0x15, 0x3B, 0x6A, 0x74, 0xC9, 0xB2,
    0x3A, 0xA0, 0xE7, 0xCC, 0xD8, 0xA6, 0x1E, 0x98, 0xD9, 0xE8, 0x3A, 0x74, 0xC6, 0x1B, 0x59, 0x03,
    0x1E, 0x51, 0x99, 0xCD, 0xCA, 0xCD, 0x22, 0x08, 0x97, 0x94, 0x87, 0xED, 0xC8, 0xB5, 0x80, 0xB1,
    0xFE, 0xAF, 0x57, 0xAD, 0xAC, 0xB5, 0xA0, 0xD3, 0xA9, 0xC5, 0xB7, 0x19, 0x8E, 0xC8, 0x39, 0x3F,
    0xB2, 0x6F, 0x4F, 0x0C, 0xB5, 0x5E, 0x5F, 0x55, 0x53, 0x3D, 0x8E, 0xD4, 0x30, 0x14, 0xFE, 0xC6,
    0x2E, 0x22, 0xE1, 0xC2, 0x35, 0x1A, 0xA4, 0x1C, 0x21, 0x0D, 0x05, 0x0D, 0x72, 0x3A, 0xAE, 0xC1,
    0x01, 0x90, 0xB8, 0xC1, 0x4E, 0xC4, 0x09, 0xB8, 0x09, 0x27, 0x60, 0xE3, 0x9D, 0x13, 0x44, 0x50,
    0xD2, 0x44, 0x68, 0x7B, 0x0C, 0x72, 0x91, 0x85, 0x4C, 0x1E, 0xDF, 0x73, 0xC6, 0x2B, 0x4D, 0x46,
    0xCF, 0x19, 0x39, 0xEF, 0x7D, 0x7F, 0x71, 0x70, 0xBC, 0x00, 0xA3, 0x44, 0x9C, 0x64, 0xC6, 0x7B,
    0x9F, 0x01, 0xBB, 0x00, 0x66, 0x05, 0x0E, 0x2B, 0x8E, 0x7F, 0x57, 0x88, 0xAC, 0x56, 0x64, 0xF1,
    0x8B, 0xCB, 0xED, 0x6C, 0x53, 0x17, 0x9B, 0x14, 0x06, 0x37, 0x87, 0xDE, 0xC7, 0xD0, 0x87, 0x21,
    0x3C, 0x08, 0x5A, 0xB9, 0xC0, 0x4B, 0xC6, 0x41, 0x7A, 0x00, 0x6D, 0x02, 0x02, 0xEB, 0xC4, 0x92,
    0x04, 0xF3, 0x2F, 0xC1, 0xFE, 0xC9, 0x70, 0x3F, 0x33, 0xFC, 0x39, 0xA3, 0xFB, 0xB4, 0x20, 0x98,
    0x05, 0xF7, 0xAC, 0xD5, 0x2C, 0x86, 0x65, 0xB3, 0x59, 0x5C, 0x32, 0x8B, 0x27, 0x4F, 0x4B, 0xBE,
    0xC0, 0x02, 0x17, 0x15, 0x25, 0x03, 0xD5, 0x11, 0x57, 0x70, 0x02, 0x36, 0x8C, 0x38, 0x5C, 0x78,
    0xA3, 0xB6, 0x0B, 0x45, 0xF2, 0x66, 0x89, 0x00, 0x9B, 0x29, 0xBA, 0x49, 0x96, 0x2C, 0xA9, 0x49,
    0xF0, 0xB3, 0xE3, 0x32, 0xF9, 0x84, 0x36, 0xFA, 0x19, 0x5D, 0x6C, 0x27, 0x84, 0xA1, 0x8B, 0xA0,
    0x60, 0x62, 0xF2, 0x3F, 0x71, 0x4E, 0x8A, 0x39, 0x52, 0x2F, 0x59, 0xD9, 0x78, 0x5D, 0x66, 0xCE,
    0x71, 0x8F, 0x20, 0x0C, 0x82, 0x61, 0x94, 0x24, 0x40, 0x32, 0x5E, 0xF7, 0xBA, 0x04, 0x5D, 0xA4,
    0x3E, 0x70, 0xDA, 0xD2, 0xCE, 0xBA, 0x3F, 0x5C, 0xF7, 0x6D, 0xD9, 0xD7, 0xF9, 0x82, 0x19, 0x14,
    0x93, 0xCB, 0xA4, 0x5E, 0x22, 0xAD, 0x0C, 0x22, 0x25, 0x26, 0xCA, 0x81, 0x7A, 0xDA, 0xC1, 0x35,
    0xF4, 0xEB, 0x94, 0xEE, 0x07, 0xED, 0xD8, 0x2A, 0x4B, 0x51, 0x53, 0x74, 0x15, 0x16, 0x15, 0x7D,
    0x58, 0xAB, 0x40, 0x3F, 0xDF, 0x80, 0xB9, 0x18, 0x12, 0x7F, 0x73, 0x3B, 0x54, 0x98, 0xB1, 0x72,
    0x98, 0xE7, 0x19, 0xF7, 0x0C, 0xD8, 0x55, 0xB6, 0x9E, 0xEE, 0x8E, 0x91, 0x1D, 0x72, 0xA6, 0x14,
    0xF9, 0xCE, 0x8E, 0x2F, 0x3F, 0x08, 0xED, 0x7E, 0xB1, 0xA3, 0xE1, 0x5B, 0x80, 0x2D, 0xEE, 0x2E,
    0xD5, 0xE2, 0x9E, 0xCE, 0xC2, 0x84, 0xB7, 0x31, 0x75, 0x22, 0x39, 0xB4, 0xBF, 0xF3, 0x5B, 0x1F,
    0xF3, 0x5D, 0xF7, 0x2D, 0xD1, 0x70, 0x0A, 0x4F, 0x12, 0xDD, 0x54, 0x42, 0x1B, 0x27, 0x1D, 0x8F,
    0x9A, 0x75, 0xAC, 0x79, 0xC5, 0x6A, 0xA7, 0x88, 0x2C, 0xDA, 0x8B, 0xD2, 0xAD, 0xCA, 0x2D, 0x16,
    0x77, 0xCD, 0x6B, 0x4D, 0xA8, 0x90, 0x96, 0x38, 0x76, 0x0B, 0x73, 0xF5, 0xB1, 0xA7, 0xA6, 0xE0,
    0x1A, 0x6E, 0xA7, 0x20, 0xE1, 0x51, 0x91, 0x4E, 0xFD, 0x1B, 0x23, 0xE9, 0x6B, 0xC3, 0x23, 0xE5,
    0xCF, 0x92, 0x5C, 0xDF, 0x29, 0x27, 0x85, 0x9B, 0xC9, 0xCB, 0x3B, 0x15, 0x1A, 0xEF, 0x38, 0xF3,
    0xC1, 0x94, 0x84, 0xF8, 0xAC, 0x21, 0x5C, 0xDB, 0xEB, 0xA1, 0xD0, 0x2A, 0x47, 0xC2, 0x11, 0xB7,
    0xC3, 0xCD, 0x0B, 0xF4, 0x71, 0x3F, 0x0A, 0xAF, 0x50, 0xAE, 0x97, 0x9C, 0x25, 0xE7, 0xB8, 0x91,
    0xFF, 0xD1, 0xC8, 0x13, 0xEC, 0xD6, 0xA3, 0xD1, 0xE2, 0x67, 0x81, 0x8F, 0x8C, 0x8F, 0x22, 0x08,
    0x32, 0xED, 0x1C, 0x28, 0xA7, 0xBB, 0xE2, 0xE1, 0xB5, 0x7A, 0xA7, 0x6C, 0x59, 0x94, 0x44, 0x7B,
    0xF9, 0xA7, 0x5D, 0x4B, 0x11, 0xE0, 0x20, 0x1B, 0xF5, 0x7C, 0x86, 0x7E, 0x9C, 0x2F, 0x76, 0xBE,
    0x9B, 0xF9, 0xFF, 0x85, 0x8E, 0xB1, 0x11, 0x03, 0x21, 0x0C, 0x04, 0x0F, 0x98, 0xF1, 0x07, 0x1F,
    0x50, 0x02, 0x25, 0x50, 0x02, 0xDF, 0x19, 0x14, 0xE5, 0xF8, 0x4D, 0x09, 0x94, 0x40, 0x09, 0x04,
    0x04, 0x04, 0x18, 0x2C, 0x29, 0x71, 0x66, 0x2B, 0xD8, 0x51, 0xA0, 0x3B, 0x2D, 0x00, 0xD8, 0x04,
    0xA8, 0xED, 0x0B, 0x6D, 0x3B, 0x10, 0xFD, 0x0A, 0x19, 0x08, 0xC9, 0x5D, 0x40, 0x04, 0xCF, 0xCD,
    0x38, 0xF7, 0x88, 0x7C, 0xD2, 0x6F, 0x66, 0x7B, 0x03, 0x7A, 0x62, 0x12, 0x87, 0x22, 0x9A, 0xAE,
    0x07, 0xB1, 0x99, 0x0E, 0x1C, 0xCD, 0x34, 0xBA, 0x6F, 0x07, 0xB3, 0x9E, 0x44, 0x5B, 0x6C, 0x25,
    0x66, 0x4B, 0xF5, 0x2E, 0x3B, 0xAA, 0xF7, 0xC2, 0x90, 0xB8, 0x59, 0x9E, 0xF8, 0xC5, 0x0C, 0x53,
    0xF6, 0x2A, 0x6F, 0xC9, 0xEA, 0x21, 0x56, 0x12, 0x58, 0x5E, 0x02, 0x1C, 0x89, 0x08, 0x17, 0x5B,
    0x45, 0xB1, 0x7A, 0x89, 0xD5, 0xFA, 0x5A, 0x29, 0xB1, 0xD2, 0xBF, 0xAD, 0xD8, 0xA7, 0x88, 0x5B,
    0x3E, 0x27, 0x5B, 0x99, 0xC1, 0x56, 0x78, 0xFE, 0xB1, 0xFA, 0x00, 0x63, 0x60, 0x63, 0x60, 0x60,
    0x90, 0x6F, 0x60, 0x60, 0xA8, 0x7F, 0xC0, 0xC0, 0xF8, 0xC0, 0x86, 0x81, 0xFD, 0x00, 0x3F, 0x83,
    0xFC, 0x7F, 0xFE, 0x03, 0xF5, 0xFF, 0xF5, 0x3F, 0xD4, 0xFF, 0xA9, 0xFF, 0x20, 0xFF, 0xE5, 0xFF,
    0x01, 0xF6, 0xFF, 0xFF, 0x19, 0x18, 0xBF, 0xFC, 0x61, 0x60, 0x28, 0xF9, 0x00, 0x51, 0x0B, 0xD4,
    0x03, 0x00,
};

static const EpdGlyph ubuntumono_14_bolditalicGlyphs[] = {
    { 0, 0, 233, 0, 0, 0, 0 }, // U+0000
    { 0, 0, 233, 0, 0, 0, 0 }, // U+0008
    { 0, 0, 233, 0, 0, 0, 0 }, // U+0009
    { 0, 0, 233, 0, 0, 0, 0 }, // U+000D
    { 0, 0, 233, 0, 0, 0, 0 }, // U+001D
    { 0, 0, 233, 0, 0, 0, 0 }, // U+0020
    { 9, 18, 233, 4, 18, 41, 0 }, // !
    { 12, 8, 233, 5, 20, 24, 41 }, // "
    { 17, 18, 233, 0, 18, 77, 65 }, // #
    { 15, 23, 233, 1, 20, 87, 142 }, // $
    { 18, 18, 233, 0, 18, 81, 229 }, // %
    { 15, 18, 233, 1, 18, 68, 310 }, // &
    { 6, 9, 233, 8, 20, 14, 378 }, // '
    { 13, 26, 233, 3, 21, 85, 392 }, // (
    { 12, 26, 233, 1, 21, 78, 477 }, // )
    { 13, 12, 233, 3, 18, 39, 555 }, // *
    { 14, 13, 233, 1, 14, 46, 594 }, // +
    { 8, 10, 233, 2, 5, 20, 640 }, // ,
    { 9, 4, 233, 4, 9, 9, 660 }, // -
    { 6, 5, 233, 4, 5, 8, 669 }, // .
    { 18, 25, 233, -1, 20, 113, 677 }, // /
    { 14, 18, 233, 2, 18, 63, 790 }, // 0
    { 13, 18, 233, 1, 18, 59, 853 }, // 1
    { 15, 18, 233, 1, 18, 68, 912 }, // 2
    { 16, 18, 233, 0, 18, 72, 980 }, // 3
    { 15, 18, 233, 1, 18, 68, 1052 }, // 4
    { 17, 18, 233, 0, 18, 77, 1120 }, // 5
    { 15, 18, 233, 2, 18, 68, 1197 }, // 6
    { 15, 18, 233, 3, 18, 68, 1265 }, // 7
    { 15, 18, 233, 1, 18, 68, 1333 }, // 8
    { 15, 18, 233, 1, 18, 68, 1401 }, // 9
    { 8, 14, 233, 4, 14, 28, 1469 }, // :
    { 10, 19, 233, 2, 14, 48, 1497 }, // ;
    { 14, 13, 233, 2, 14, 46, 1545 }, // <
    { 15, 9, 233, 1, 12, 34, 1591 }, // =
    { 14, 13, 233, 1, 14, 46, 1625 }, // >
    { 12, 18, 233, 4, 18, 54, 1671 }, // ?
    { 16, 22, 233, 1, 18, 88, 1725 }, // @
    { 15, 18, 233, -1, 18, 68, 1813 }, // A
    { 15, 18, 233, 1, 18, 68, 1881 }, // B
    { 15, 18, 233, 2, 18, 68, 1949 }, // C
    { 16, 18, 233, 0, 18, 72, 2017 }, // D
    { 16, 18, 233, 1, 18, 72, 2089 }, // E
    { 16, 18, 233, 1, 18, 72, 2161 }, // F
    { 15, 18, 233, 2, 18, 68, 2233 }, // G
    { 17, 18, 233, 0, 18, 77, 2301 }, // H
    { 16, 18, 233, 1, 18, 72, 2378 }, // I
    { 16, 18, 233, 1, 18, 72, 2450 }, // J
    { 18, 18, 233, 0, 18, 81, 2522 }, // K
    { 13, 18, 233, 1, 18, 59, 2603 }, // L
    { 17, 18, 233, 0, 18, 77, 2662 }, // M
    { 17, 18, 233, 0, 18, 77, 2739 }, // N
    { 15, 18, 233, 1, 18, 68, 2816 }, // O
    { 16, 18, 233, 1, 18, 72, 2884 }, // P
    { 15, 23, 233, 1, 18, 87, 2956 }, // Q
    { 16, 18, 233, 0, 18, 72, 3043 }, // R
    { 16, 18, 233, 0, 18, 72, 3115 }, // S
    { 15, 18, 233, 3, 18, 68, 3187 }, // T
    { 16, 18, 233, 1, 18, 72, 3255 }, // U
    { 15, 18, 233, 3, 18, 68, 3327 }, // V
    { 17, 18, 233, 1, 18, 77, 3395 }, // W
    { 18, 18, 233, 0, 18, 81, 3472 }, // X
    { 14, 18, 233, 4, 18, 63, 3553 }, // Y
    { 17, 18, 233, 0, 18, 77, 3616 }, // Z
    { 15, 25, 233, 2, 20, 94, 3693 }, // [
    { 7, 25, 233, 5, 20, 44, 3787 }, // <backslash>
    { 15, 25, 233, 0, 20, 94, 3831 }, // ]
    { 14, 11, 233, 2, 18, 39, 3925 }, // ^
    { 14, 3, 233, -1, -2, 11, 3964 }, // _
    { 8, 5, 233, 6, 20, 10, 3975 }, // `
    { 15, 14, 233, 1, 14, 53, 3985 }, // a
    { 14, 20, 233, 1, 20, 70, 4038 }, // b
    { 14, 14, 233, 2, 14, 49, 4108 }, // c
    { 16, 20, 233, 1, 20, 80, 4157 }, // d
    { 14, 14, 233, 2, 14, 49, 4237 }, // e
    { 20, 25, 233, -2, 20, 125, 4286 }, // f
    { 16, 19, 233, 0, 14, 76, 4411 }, // g
    { 14, 20, 233, 1, 20, 70, 4487 }, // h
    { 11, 21, 233, 3, 21, 58, 4557 }, // i
    { 15, 26, 233, -1, 21, 98, 4615 }, // j
    { 16, 20, 233, 1, 20, 80, 4713 }, // k
    { 10, 20, 233, 4, 20, 50, 4793 }, // l
    { 16, 14, 233, 0, 14, 56, 4843 }, // m
    { 14, 14, 233, 1, 14, 49, 4899 }, // n
    { 14, 14, 233, 1, 14, 49, 4948 }, // o
    { 16, 19, 233, -1, 14, 76, 4997 }, // p
    { 14, 19, 233, 2, 14, 67, 5073 }, // q
    { 14, 14, 233, 2, 14, 49, 5140 }, // r
    { 14, 14, 233, 1, 14, 49, 5189 }, // s
    { 13, 18, 233, 3, 18, 59, 5238 }, // t
    { 14, 14, 233, 2, 14, 49, 5297 }, // u
    { 14, 14, 233, 3, 14, 49, 5346 }, // v
    { 16, 14, 233, 1, 14, 56, 5395 }, // w
    { 16, 14, 233, 0, 14, 56, 5451 }, // x
    { 18, 19, 233, -2, 14, 86, 5507 }, // y
    { 15, 14, 233, 1, 14, 53, 5593 }, // z
    { 15, 25, 233, 2, 20, 94, 5646 }, // {
    { 11, 25, 233, 3, 20, 69, 5740 }, // |
    { 14, 25, 233, 0, 20, 88, 5809 }, // }
    { 15, 5, 233, 1, 10, 19, 5897 }, // ~
    { 0, 0, 233, 0, 0, 0, 0 }, // U+00A0
    { 9, 19, 233, 3, 14, 43, 0 }, // U+00A1
    { 14, 21, 233, 2, 18, 74, 43 }, // U+00A2
    { 15, 18, 233, 2, 18, 68, 117 }, // U+00A3
    { 14, 12, 233, 2, 15, 42, 185 }, // U+00A4
    { 18, 18, 233, 1, 18, 81, 227 }, // U+00A5
    { 11, 25, 233, 3, 20, 69, 308 }, // U+00A6
    { 16, 21, 233, 0, 18, 84, 377 }, // U+00A7
    { 10, 4, 233, 6, 20, 10, 461 }, // U+00A8
    { 14, 14, 233, 1, 14, 49, 471 }, // U+00A9
    { 11, 10, 233, 4, 18, 28, 520 }, // U+00AA
    { 14, 13, 233, 2, 14, 46, 548 }, // U+00AB
    { 13, 10, 233, 2, 11, 33, 594 }, // U+00AC
    { 9, 4, 233, 4, 9, 9, 627 }, // U+00AD
    { 14, 14, 233, 1, 14, 49, 636 }, // U+00AE
    { 10, 3, 233, 6, 19, 8, 685 }, // U+00AF
    { 10, 8, 233, 5, 20, 20, 693 }, // U+00B0
    { 16, 17, 233, 0, 17, 68, 713 }, // U+00B1
    { 9, 10, 233, 5, 18, 23, 781 }, // U+00B2
    { 10, 11, 233, 4, 18, 28, 804 }, // U+00B3
    { 7, 5, 233, 8, 20, 9, 832 }, // U+00B4
    { 16, 19, 233, 0, 14, 76, 841 }, // U+00B5
    { 15, 23, 233, 2, 18, 87, 917 }, // U+00B6
    { 6, 5, 233, 5, 10, 8, 1004 }, // U+00B7
    { 7, 5, 233, 3, 0, 9, 1012 }, // U+00B8
    { 10, 10, 233, 4, 18, 25, 1021 }, // U+00B9
    { 10, 11, 233, 5, 18, 28, 1046 }, // U+00BA
    { 14, 12, 233, 1, 14, 42, 1074 }, // U+00BB
    { 17, 18, 233, 0, 18, 77, 1116 }, // U+00BC
    { 17, 18, 233, 0, 18, 77, 1193 }, // U+00BD
    { 18, 18, 233, 0, 18, 81, 1270 }, // U+00BE
    { 12, 19, 233, 1, 14, 57, 1351 }, // U+00BF
    { 16, 24, 233, -1, 24, 96, 1408 }, // U+00C0
    { 17, 24, 233, -1, 24, 102, 1504 }, // U+00C1
    { 17, 24, 233, -1, 24, 102, 1606 }, // U+00C2
    { 18, 24, 233, -1, 24, 108, 1708 }, // U+00C3
    { 18, 24, 233, -1, 24, 108, 1816 }, // U+00C4
    { 16, 23, 233, -1, 23, 92, 1924 }, // U+00C5
    { 19, 18, 233, -1, 18, 86, 2016 }, // U+00C6
    { 15, 23, 233, 2, 18, 87, 2102 }, // U+00C7
    { 16, 24, 233, 1, 24, 96, 2189 }, // U+00C8
    { 16, 24, 233, 1, 24, 96, 2285 }, // U+00C9
    { 16, 24, 233, 1, 24, 96, 2381 }, // U+00CA
    { 16, 24, 233, 1, 24, 96, 2477 }, // U+00CB
    { 16, 24, 233, 1, 24, 96, 2573 }, // U+00CC
    { 16, 24, 233, 1, 24, 96, 2669 }, // U+00CD
    { 16, 24, 233, 1, 24, 96, 2765 }, // U+00CE
    { 16, 24, 233, 1, 24, 96, 2861 }, // U+00CF
    { 15, 18, 233, 1, 18, 68, 2957 }, // U+00D0
    { 17, 24, 233, 0, 24, 102, 3025 }, // U+00D1
    { 15, 24, 233, 1, 24, 90, 3127 }, // U+00D2
    { 15, 24, 233, 1, 24, 90, 3217 }, // U+00D3
    { 15, 24, 233, 1, 24, 90, 3307 }, // U+00D4
    { 16, 24, 233, 1, 24, 96, 3397 }, // U+00D5
    { 16, 24, 233, 1, 24, 96, 3493 }, // U+00D6
    { 14, 13, 233, 2, 15, 46, 3589 }, // U+00D7
    { 16, 20, 233, 1, 19, 80, 3635 }, // U+00D8
    { 16, 24, 233, 1, 24, 96, 3715 }, // U+00D9
    { 16, 24, 233, 1, 24, 96, 3811 }, // U+00DA
    { 16, 24, 233, 1, 24, 96, 3907 }, // U+00DB
    { 16, 24, 233, 1, 24, 96, 4003 }, // U+00DC
    { 14, 24, 233, 4, 24, 84, 4099 }, // U+00DD
    { 15, 18, 233, 1, 18, 68, 4183 }, // U+00DE
    { 20, 25, 233, -4, 20, 125, 4251 }, // U+00DF
    { 15, 20, 233, 1, 20, 75, 4376 }, // U+00E0
    { 15, 20, 233, 1, 20, 75, 4451 }, // U+00E1
    { 15, 20, 233, 1, 20, 75, 4526 }, // U+00E2
    { 16, 20, 233, 1, 20, 80, 4601 }, // U+00E3
    { 16, 20, 233, 1, 20, 80, 4681 }, // U+00E4
    { 15, 21, 233, 1, 21, 79, 4761 }, // U+00E5
    { 16, 14, 233, 0, 14, 56, 4840 }, // U+00E6
    { 14, 19, 233, 2, 14, 67, 4896 }, // U+00E7
    { 14, 20, 233, 2, 20, 70, 4963 }, // U+00E8
    { 14, 20, 233, 2, 20, 70, 5033 }, // U+00E9
    { 14, 20, 233, 2, 20, 70, 5103 }, // U+00EA
    { 14, 20, 233, 2, 20, 70, 5173 }, // U+00EB
    { 11, 20, 233, 3, 20, 55, 5243 }, // U+00EC
    { 11, 20, 233, 3, 20, 55, 5298 }, // U+00ED
    { 11, 20, 233, 3, 20, 55, 5353 }, // U+00EE
    { 12, 20, 233, 3, 20, 60, 5408 }, // U+00EF
    { 16, 20, 233, 1, 20, 80, 5468 }, // U+00F0
    { 15, 20, 233, 1, 20, 75, 5548 }, // U+00F1
    { 14, 20, 233, 1, 20, 70, 5623 }, // U+00F2
    { 14, 20, 233, 1, 20, 70, 5693 }, // U+00F3
    { 14, 20, 233, 1, 20, 70, 5763 }, // U+00F4
    { 15, 20, 233, 1, 20, 75, 5833 }, // U+00F5
    { 15, 20, 233, 1, 20, 75, 5908 }, // U+00F6
    { 14, 15, 233, 2, 15, 53, 5983 }, // U+00F7
    { 14, 16, 233, 2, 15, 56, 6036 }, // U+00F8
    { 14, 20, 233, 2, 20, 70, 6092 }, // U+00F9
    { 14, 20, 233, 2, 20, 70, 6162 }, // U+00FA
    { 14, 20, 233, 2, 20, 70, 6232 }, // U+00FB
    { 14, 20, 233, 2, 20, 70, 6302 }, // U+00FC
    { 18, 25, 233, -2, 20, 113, 6372 }, // U+00FD
    { 16, 25, 233, -1, 20, 100, 6485 }, // U+00FE
    { 18, 25, 233, -2, 20, 113, 6585 }, // U+00FF
    { 18, 23, 233, -1, 23, 104, 0 }, // U+0100
    { 16, 19, 233, 1, 19, 76, 104 }, // U+0101
    { 18, 24, 233, -1, 24, 108, 180 }, // U+0102
    { 15, 20, 233, 1, 20, 75, 288 }, // U+0103
    { 15, 23, 233, 0, 18, 87, 363 }, // U+0104
    { 15, 19, 233, 1, 14, 72, 450 }, // U+0105
    { 15, 24, 233, 2, 24, 90, 522 }, // U+0106
    { 14, 20, 233, 2, 20, 70, 612 }, // U+0107
    { 15, 24, 233, 2, 24, 90, 682 }, // U+0108
    { 14, 20, 233, 2, 20, 70, 772 }, // U+0109
    { 15, 24, 233, 2, 24, 90, 842 }, // U+010A
    { 14, 20, 233, 2, 20, 70, 932 }, // U+010B
    { 15, 24, 233, 2, 24, 90, 1002 }, // U+010C
    { 15, 20, 233, 2, 20, 75, 1092 }, // U+010D
    { 16, 24, 233, 0, 24, 96, 1167 }, // U+010E
    { 20, 20, 233, 0, 20, 100, 1263 }, // U+010F
    { 15, 18, 233, 1, 18, 68, 1363 }, // U+0110
    { 17, 20, 233, 1, 20, 85, 1431 }, // U+0111
    { 16, 23, 233, 1, 23, 92, 1516 }, // U+0112
    { 15, 19, 233, 2, 19, 72, 1608 }, // U+0113
    { 16, 24, 233, 1, 24, 96, 1680 }, // U+0114
    { 15, 20, 233, 2, 20, 75, 1776 }, // U+0115
    { 16, 24, 233, 1, 24, 96, 1851 }, // U+0116
    { 14, 20, 233, 2, 20, 70, 1947 }, // U+0117
    { 16, 23, 233, 1, 18, 92, 2017 }, // U+0118
    { 14, 19, 233, 2, 14, 67, 2109 }, // U+0119
    { 16, 24, 233, 1, 24, 96, 2176 }, // U+011A
    { 14, 20, 233, 2, 20, 70, 2272 }, // U+011B
    { 15, 24, 233, 2, 24, 90, 2342 }, // U+011C
    { 16, 25, 233, 0, 20, 100, 2432 }, // U+011D
    { 15, 24, 233, 2, 24, 90, 2532 }, // U+011E
    { 17, 25, 233, 0, 20, 107, 2622 }, // U+011F
    { 15, 24, 233, 2, 24, 90, 2729 }, // U+0120
    { 16, 25, 233, 0, 20, 100, 2819 }, // U+0121
    { 15, 23, 233, 2, 18, 87, 2919 }, // U+0122
    { 16, 26, 233, 0, 21, 104, 3006 }, // U+0123
    { 17, 24, 233, 0, 24, 102, 3110 }, // U+0124
    { 14, 24, 233, 1, 24, 84, 3212 }, // U+0125
    { 17, 18, 233, 1, 18, 77, 3296 }, // U+0126
    { 14, 20, 233, 1, 20, 70, 3373 }, // U+0127
    { 16, 24, 233, 1, 24, 96, 3443 }, // U+0128
    { 12, 20, 233, 3, 20, 60, 3539 }, // U+0129
    { 16, 23, 233, 1, 23, 92, 3599 }, // U+012A
    { 12, 19, 233, 3, 19, 57, 3691 }, // U+012B
    { 16, 24, 233, 1, 24, 96, 3748 }, // U+012C
    { 12, 20, 233, 3, 20, 60, 3844 }, // U+012D
    { 16, 23, 233, 1, 18, 92, 3904 }, // U+012E
    { 11, 26, 233, 3, 21, 72, 3996 }, // U+012F
    { 16, 24, 233, 1, 24, 96, 4068 }, // U+0130
    { 11, 14, 233, 3, 14, 39, 4164 }, // U+0131
    { 18, 18, 233, 0, 18, 81, 4203 }, // U+0132
    { 16, 26, 233, 1, 21, 104, 4284 }, // U+0133
    { 16, 24, 233, 1, 24, 96, 4388 }, // U+0134
    { 16, 25, 233, -1, 20, 100, 4484 }, // U+0135
    { 18, 23, 233, 0, 18, 104, 4584 }, // U+0136
    { 16, 25, 233, 1, 20, 100, 4688 }, // U+0137
    { 16, 14, 233, 1, 14, 56, 4788 }, // U+0138
    { 13, 24, 233, 1, 24, 78, 4844 }, // U+0139
    { 12, 24, 233, 3, 24, 72, 4922 }, // U+013A
    { 13, 23, 233, 1, 18, 75, 4994 }, // U+013B
    { 10, 25, 233, 4, 20, 63, 5069 }, // U+013C
    { 14, 18, 233, 1, 18, 63, 5132 }, // U+013D
    { 14, 20, 233, 4, 20, 70, 5195 }, // U+013E
    { 14, 18, 233, 1, 18, 63, 5265 }, // U+013F
    { 14, 20, 233, 4, 20, 70, 5328 }, // U+0140
    { 13, 18, 233, 1, 18, 59, 5398 }, // U+0141
    { 11, 20, 233, 3, 20, 55, 5457 }, // U+0142
    { 17, 24, 233, 0, 24, 102, 5512 }, // U+0143
    { 14, 20, 233, 1, 20, 70, 5614 }, // U+0144
    { 17, 23, 233, 0, 18, 98, 5684 }, // U+0145
    { 14, 19, 233, 1, 14, 67, 5782 }, // U+0146
    { 17, 24, 233, 0, 24, 102, 5849 }, // U+0147
    { 14, 20, 233, 1, 20, 70, 5951 }, // U+0148
    { 14, 20, 233, 1, 20, 70, 6021 }, // U+0149
    { 17, 23, 233, 0, 18, 98, 6091 }, // U+014A
    { 14, 19, 233, 1, 14, 67, 6189 }, // U+014B
    { 16, 23, 233, 1, 23, 92, 6256 }, // U+014C
    { 15, 19, 233, 1, 19, 72, 6348 }, // U+014D
    { 16, 24, 233, 1, 24, 96, 6420 }, // U+014E
    { 15, 20, 233, 1, 20, 75, 6516 }, // U+014F
    { 18, 24, 233, 1, 24, 108, 6591 }, // U+0150
    { 17, 20, 233, 1, 20, 85, 6699 }, // U+0151
    { 17, 18, 233, 1, 18, 77, 6784 }, // U+0152
    { 16, 14, 233, 1, 14, 56, 6861 }, // U+0153
    { 16, 24, 233, 0, 24, 96, 6917 }, // U+0154
    { 14, 20, 233, 2, 20, 70, 7013 }, // U+0155
    { 16, 23, 233, 0, 18, 92, 7083 }, // U+0156
    { 18, 19, 233, -2, 14, 86, 7175 }, // U+0157
    { 16, 24, 233, 0, 24, 96, 7261 }, // U+0158
    { 14, 20, 233, 2, 20, 70, 7357 }, // U+0159
    { 16, 24, 233, 0, 24, 96, 7427 }, // U+015A
    { 14, 20, 233, 1, 20, 70, 7523 }, // U+015B
    { 16, 24, 233, 0, 24, 96, 7593 }, // U+015C
    { 14, 20, 233, 1, 20, 70, 7689 }, // U+015D
    { 16, 23, 233, 0, 18, 92, 7759 }, // U+015E
    { 14, 19, 233, 1, 14, 67, 7851 }, // U+015F
    { 16, 24, 233, 0, 24, 96, 7918 }, // U+0160
    { 15, 20, 233, 1, 20, 75, 8014 }, // U+0161
    { 16, 23, 233, 2, 18, 92, 8089 }, // U+0162
    { 13, 23, 233, 2, 18, 75, 8181 }, // U+0163
    { 15, 24, 233, 3, 24, 90, 8256 }, // U+0164
    { 14, 20, 233, 3, 20, 70, 8346 }, // U+0165
    { 15, 18, 233, 3, 18, 68, 8416 }, // U+0166
    { 14, 18, 233, 2, 18, 63, 8484 }, // U+0167
    { 16, 24, 233, 1, 24, 96, 8547 }, // U+0168
    { 14, 20, 233, 2, 20, 70, 8643 }, // U+0169
    { 16, 23, 233, 1, 23, 92, 8713 }, // U+016A
    { 14, 19, 233, 2, 19, 67, 8805 }, // U+016B
    { 16, 24, 233, 1, 24, 96, 8872 }, // U+016C
    { 14, 20, 233, 2, 20, 70, 8968 }, // U+016D
    { 16, 24, 233, 1, 24, 96, 9038 }, // U+016E
    { 14, 21, 233, 2, 21, 74, 9134 }, // U+016F
    { 17, 24, 233, 1, 24, 102, 9208 }, // U+0170
    { 15, 20, 233, 2, 20, 75, 9310 }, // U+0171
    { 16, 23, 233, 1, 18, 92, 9385 }, // U+0172
    { 14, 19, 233, 2, 14, 67, 9477 }, // U+0173
    { 17, 24, 233, 1, 24, 102, 9544 }, // U+0174
    { 16, 20, 233, 1, 20, 80, 9646 }, // U+0175
    { 14, 24, 233, 4, 24, 84, 9726 }, // U+0176
    { 18, 25, 233, -2, 20, 113, 9810 }, // U+0177
    { 14, 24, 233, 4, 24, 84, 9923 }, // U+0178
    { 17, 24, 233, 0, 24, 102, 10007 }, // U+0179
    { 15, 20, 233, 1, 20, 75, 10109 }, // U+017A
    { 17, 24, 233, 0, 24, 102, 10184 }, // U+017B
    { 15, 20, 233, 1, 20, 75, 10286 }, // U+017C
    { 17, 24, 233, 0, 24, 102, 10361 }, // U+017D
    { 15, 20, 233, 1, 20, 75, 10463 }, // U+017E
    { 20, 25, 233, -2, 20, 125, 10538 }, // U+017F
    { 17, 20, 233, 1, 20, 85, 0 }, // U+01A0
    { 16, 16, 233, 1, 16, 64, 85 }, // U+01A1
    { 19, 21, 233, 1, 21, 100, 149 }, // U+01AF
    { 17, 17, 233, 1, 17, 73, 249 }, // U+01B0
    { 20, 24, 233, 0, 24, 120, 322 }, // U+01C4
    { 19, 20, 233, 0, 20, 95, 442 }, // U+01C5
    { 19, 20, 233, 0, 20, 95, 537 }, // U+01C6
    { 19, 18, 233, -1, 18, 86, 632 }, // U+01C7
    { 18, 25, 233, 0, 20, 113, 718 }, // U+01C8
    { 16, 25, 233, 2, 20, 100, 831 }, // U+01C9
    { 19, 18, 233, -1, 18, 86, 931 }, // U+01CA
    { 18, 25, 233, 0, 20, 113, 1017 }, // U+01CB
    { 18, 25, 233, 0, 20, 113, 1130 }, // U+01CC
    { 17, 24, 233, -1, 24, 102, 1243 }, // U+01CD
    { 15, 20, 233, 1, 20, 75, 1345 }, // U+01CE
    { 16, 24, 233, 1, 24, 96, 1420 }, // U+01CF
    { 12, 20, 233, 3, 20, 60, 1516 }, // U+01D0
    { 16, 24, 233, 1, 24, 96, 1576 }, // U+01D1
    { 14, 20, 233, 1, 20, 70, 1672 }, // U+01D2
    { 16, 24, 233, 1, 24, 96, 1742 }, // U+01D3
    { 14, 20, 233, 2, 20, 70, 1838 }, // U+01D4
    { 16, 24, 233, 1, 24, 96, 1908 }, // U+01D5
    { 14, 21, 233, 2, 21, 74, 2004 }, // U+01D6
    { 16, 24, 233, 1, 24, 96, 2078 }, // U+01D7
    { 14, 24, 233, 2, 24, 84, 2174 }, // U+01D8
    { 16, 24, 233, 1, 24, 96, 2258 }, // U+01D9
    { 14, 22, 233, 2, 22, 77, 2354 }, // U+01DA
    { 16, 24, 233, 1, 24, 96, 2431 }, // U+01DB
    { 14, 23, 233, 2, 23, 81, 2527 }, // U+01DC
    { 14, 14, 233, 1, 14, 49, 2608 }, // U+01DD
    { 17, 24, 233, -1, 24, 102, 2657 }, // U+01DE
    { 15, 21, 233, 1, 21, 79, 2759 }, // U+01DF
    { 17, 24, 233, -1, 24, 102, 2838 }, // U+01E0
    { 15, 21, 233, 1, 21, 79, 2940 }, // U+01E1
    { 20, 23, 233, -1, 23, 115, 3019 }, // U+01E2
    { 16, 19, 233, 0, 19, 76, 3134 }, // U+01E3
    { 15, 18, 233, 2, 18, 68, 3210 }, // U+01E4
    { 16, 19, 233, 0, 14, 76, 3278 }, // U+01E5
    { 15, 24, 233, 2, 24, 90, 3354 }, // U+01E6
    { 17, 25, 233, 0, 20, 107, 3444 }, // U+01E7
    { 18, 24, 233, 0, 24, 108, 3551 }, // U+01E8
    { 16, 24, 233, 1, 24, 96, 3659 }, // U+01E9
    { 15, 23, 233, 1, 18, 87, 3755 }, // U+01EA
    { 14, 19, 233, 1, 14, 67, 3842 }, // U+01EB
    { 16, 28, 233, 1, 23, 112, 3909 }, // U+01EC
    { 15, 24, 233, 1, 19, 90, 4021 }, // U+01ED
    { 17, 24, 233, 0, 24, 102, 4111 }, // U+01EE
    { 16, 25, 233, 0, 20, 100, 4213 }, // U+01EF
    { 16, 25, 233, -1, 20, 100, 4313 }, // U+01F0
    { 19, 18, 233, 0, 18, 86, 4413 }, // U+01F1
    { 18, 18, 233, 0, 18, 81, 4499 }, // U+01F2
    { 18, 20, 233, 0, 20, 90, 4580 }, // U+01F3
    { 15, 24, 233, 2, 24, 90, 4670 }, // U+01F4
    { 16, 25, 233, 0, 20, 100, 4760 }, // U+01F5
    { 17, 18, 233, 0, 18, 77, 4860 }, // U+01F6
    { 17, 23, 233, 0, 18, 98, 4937 }, // U+01F7
    { 17, 24, 233, 0, 24, 102, 5035 }, // U+01F8
    { 14, 20, 233, 1, 20, 70, 5137 }, // U+01F9
    { 16, 24, 233, -1, 24, 96, 5207 }, // U+01FA
    { 15, 24, 233, 1, 24, 90, 5303 }, // U+01FB
    { 19, 24, 233, -1, 24, 114, 5393 }, // U+01FC
    { 16, 20, 233, 0, 20, 80, 5507 }, // U+01FD
    { 16, 25, 233, 1, 24, 100, 5587 }, // U+01FE
    { 14, 21, 233, 2, 20, 74, 5687 }, // U+01FF
    { 17, 24, 233, -1, 24, 102, 5761 }, // U+0200
    { 15, 20, 233, 1, 20, 75, 5863 }, // U+0201
    { 17, 24, 233, -1, 24, 102, 5938 }, // U+0202
    { 15, 20, 233, 1, 20, 75, 6040 }, // U+0203
    { 16, 24, 233, 1, 24, 96, 6115 }, // U+0204
    { 14, 20, 233, 2, 20, 70, 6211 }, // U+0205
    { 16, 24, 233, 1, 24, 96, 6281 }, // U+0206
    { 14, 20, 233, 2, 20, 70, 6377 }, // U+0207
    { 16, 24, 233, 1, 24, 96, 6447 }, // U+0208
    { 12, 20, 233, 3, 20, 60, 6543 }, // U+0209
    { 16, 24, 233, 1, 24, 96, 6603 }, // U+020A
    { 11, 20, 233, 3, 20, 55, 6699 }, // U+020B
    { 15, 24, 233, 1, 24, 90, 6754 }, // U+020C
    { 15, 20, 233, 1, 20, 75, 6844 }, // U+020D
    { 15, 24, 233, 1, 24, 90, 6919 }, // U+020E
    { 14, 20, 233, 1, 20, 70, 7009 }, // U+020F
    { 16, 24, 233, 0, 24, 96, 7079 }, // U+0210
    { 14, 20, 233, 2, 20, 70, 7175 }, // U+0211
    { 16, 24, 233, 0, 24, 96, 7245 }, // U+0212
    { 14, 20, 233, 2, 20, 70, 7341 }, // U+0213
    { 16, 24, 233, 1, 24, 96, 7411 }, // U+0214
    { 14, 20, 233, 2, 20, 70, 7507 }, // U+0215
    { 16, 24, 233, 1, 24, 96, 7577 }, // U+0216
    { 14, 20, 233, 2, 20, 70, 7673 }, // U+0217
    { 16, 23, 233, 0, 18, 92, 7743 }, // U+0218
    { 14, 19, 233, 1, 14, 67, 7835 }, // U+0219
    { 17, 23, 233, 1, 18, 98, 7902 }, // U+021A
    { 13, 23, 233, 3, 18, 75, 8000 }, // U+021B
    { 18, 23, 233, -2, 18, 104, 8075 }, // U+021C
    { 16, 19, 233, -1, 14, 76, 8179 }, // U+021D
    { 17, 24, 233, 0, 24, 102, 8255 }, // U+021E
    { 14, 24, 233, 1, 24, 84, 8357 }, // U+021F
    { 9, 4, 233, 6, 20, 9, 0 }, // U+0311
    { 16, 24, 233, 1, 24, 96, 0 }, // U+0400
    { 16, 24, 233, 1, 24, 96, 96 }, // U+0401
    { 13, 18, 233, 2, 18, 59, 192 }, // U+0402
    { 18, 24, 233, 0, 24, 108, 251 }, // U+0403
    { 15, 18, 233, 2, 18, 68, 359 }, // U+0404
    { 16, 18, 233, 0, 18, 72, 427 }, // U+0405
    { 16, 18, 233, 1, 18, 72, 499 }, // U+0406
    { 16, 24, 233, 1, 24, 96, 571 }, // U+0407
    { 16, 18, 233, 1, 18, 72, 667 }, // U+0408
    { 17, 18, 233, -1, 18, 77, 739 }, // U+0409
    { 16, 18, 233, 0, 18, 72, 816 }, // U+040A
    { 14, 18, 233, 2, 18, 63, 888 }, // U+040B
    { 18, 24, 233, 0, 24, 108, 951 }, // U+040C
    { 17, 24, 233, 0, 24, 102, 1059 }, // U+040D
    { 19, 24, 233, 0, 24, 114, 1161 }, // U+040E
    { 17, 23, 233, 0, 18, 98, 1275 }, // U+040F
    { 15, 18, 233, -1, 18, 68, 1373 }, // U+0410
    { 16, 18, 233, 0, 18, 72, 1441 }, // U+0411
    { 15, 18, 233, 1, 18, 68, 1513 }, // U+0412
    { 18, 18, 233, 0, 18, 81, 1581 }, // U+0413
    { 19, 23, 233, -2, 18, 110, 1662 }, // U+0414
    { 16, 18, 233, 1, 18, 72, 1772 }, // U+0415
    { 20, 18, 233, -1, 18, 90, 1844 }, // U+0416
    { 16, 18, 233, 0, 18, 72, 1934 }, // U+0417
    { 17, 18, 233, 0, 18, 77, 2006 }, // U+0418
    { 17, 24, 233, 0, 24, 102, 2083 }, // U+0419
    { 18, 18, 233, 0, 18, 81, 2185 }, // U+041A
    { 18, 18, 233, 0, 18, 81, 2266 }, // U+041B
    { 17, 18, 233, 0, 18, 77, 2347 }, // U+041C
    { 17, 18, 233, 0, 18, 77, 2424 }, // U+041D
    { 15, 18, 233, 1, 18, 68, 2501 }, // U+041E
    { 17, 18, 233, 0, 18, 77, 2569 }, // U+041F
    { 16, 18, 233, 1, 18, 72, 2646 }, // U+0420
    { 15, 18, 233, 2, 18, 68, 2718 }, // U+0421
    { 15, 18, 233, 3, 18, 68, 2786 }, // U+0422
    { 19, 18, 233, 0, 18, 86, 2854 }, // U+0423
    { 14, 19, 233, 2, 19, 67, 2940 }, // U+0424
    { 18, 18, 233, 0, 18, 81, 3007 }, // U+0425
    { 17, 23, 233, 0, 18, 98, 3088 }, // U+0426
    { 14, 18, 233, 3, 18, 63, 3186 }, // U+0427
    { 18, 18, 233, 0, 18, 81, 3249 }, // U+0428
    { 17, 23, 233, 0, 18, 98, 3330 }, // U+0429
    { 13, 18, 233, 2, 18, 59, 3428 }, // U+042A
    { 18, 18, 233, 0, 18, 81, 3487 }, // U+042B
    { 14, 18, 233, 1, 18, 63, 3568 }, // U+042C
    { 16, 18, 233, 0, 18, 72, 3631 }, // U+042D
    { 17, 18, 233, 0, 18, 77, 3703 }, // U+042E
    { 17, 18, 233, 0, 18, 77, 3780 }, // U+042F
    { 15, 14, 233, 1, 14, 53, 3857 }, // U+0430
    { 16, 20, 233, 1, 20, 80, 3910 }, // U+0431
    { 14, 14, 233, 1, 14, 49, 3990 }, // U+0432
    { 13, 14, 233, 2, 14, 46, 4039 }, // U+0433
    { 14, 20, 233, 1, 20, 70, 4085 }, // U+0434
    { 14, 14, 233, 2, 14, 49, 4155 }, // U+0435
    { 18, 14, 233, -1, 14, 63, 4204 }, // U+0436
    { 14, 14, 233, 1, 14, 49, 4267 }, // U+0437
    { 14, 14, 233, 2, 14, 49, 4316 }, // U+0438
    { 14, 20, 233, 2, 20, 70, 4365 }, // U+0439
    { 16, 14, 233, 1, 14, 56, 4435 }, // U+043A
    { 16, 14, 233, 0, 14, 56, 4491 }, // U+043B
    { 16, 14, 233, 0, 14, 56, 4547 }, // U+043C
    { 15, 14, 233, 1, 14, 53, 4603 }, // U+043D
    { 14, 14, 233, 1, 14, 49, 4656 }, // U+043E
    { 14, 14, 233, 1, 14, 49, 4705 }, // U+043F
    { 16, 19, 233, -1, 14, 76, 4754 }, // U+0440
    { 14, 14, 233, 2, 14, 49, 4830 }, // U+0441
    { 16, 14, 233, 0, 14, 56, 4879 }, // U+0442
    { 18, 19, 233, -2, 14, 86, 4935 }, // U+0443
    { 15, 25, 233, 1, 20, 94, 5021 }, // U+0444
    { 16, 14, 233, 0, 14, 56, 5115 }, // U+0445
    { 13, 18, 233, 2, 14, 59, 5171 }, // U+0446
    { 14, 14, 233, 2, 14, 49, 5230 }, // U+0447
    { 15, 14, 233, 1, 14, 53, 5279 }, // U+0448
    { 15, 18, 233, 1, 14, 68, 5332 }, // U+0449
    { 13, 14, 233, 2, 14, 46, 5400 }, // U+044A
    { 17, 14, 233, 0, 14, 60, 5446 }, // U+044B
    { 14, 14, 233, 1, 14, 49, 5506 }, // U+044C
    { 14, 14, 233, 1, 14, 49, 5555 }, // U+044D
    { 16, 14, 233, 0, 14, 56, 5604 }, // U+044E
    { 16, 14, 233, 0, 14, 56, 5660 }, // U+044F
    { 14, 20, 233, 2, 20, 70, 5716 }, // U+0450
    { 14, 20, 233, 2, 20, 70, 5786 }, // U+0451
    { 14, 25, 233, 1, 20, 88, 5856 }, // U+0452
    { 13, 20, 233, 2, 20, 65, 5944 }, // U+0453
    { 14, 14, 233, 2, 14, 49, 6009 }, // U+0454
    { 14, 14, 233, 1, 14, 49, 6058 }, // U+0455
    { 11, 21, 233, 3, 21, 58, 6107 }, // U+0456
    { 12, 20, 233, 3, 20, 60, 6165 }, // U+0457
    { 15, 26, 233, -1, 21, 98, 6225 }, // U+0458
    { 16, 14, 233, -1, 14, 56, 6323 }, // U+0459
    { 15, 14, 233, 0, 14, 53, 6379 }, // U+045A
    { 14, 20, 233, 1, 20, 70, 6432 }, // U+045B
    { 16, 20, 233, 1, 20, 80, 6502 }, // U+045C
    { 14, 20, 233, 2, 20, 70, 6582 }, // U+045D
    { 18, 25, 233, -2, 20, 113, 6652 }, // U+045E
    { 14, 19, 233, 2, 14, 67, 6765 }, // U+045F
    { 13, 19, 233, 2, 19, 62, 6832 }, // U+0462
    { 15, 14, 233, 0, 14, 53, 6894 }, // U+0463
    { 15, 18, 233, 1, 18, 68, 6947 }, // U+0472
    { 14, 14, 233, 1, 14, 49, 7015 }, // U+0473
    { 16, 18, 233, 3, 18, 72, 7064 }, // U+0474
    { 16, 14, 233, 2, 14, 56, 7136 }, // U+0475
    { 17, 29, 233, 0, 24, 124, 7192 }, // U+048A
    { 14, 24, 233, 2, 20, 84, 7316 }, // U+048B
    { 14, 18, 233, 1, 18, 63, 7400 }, // U+048C
    { 13, 14, 233, 2, 14, 46, 7463 }, // U+048D
    { 16, 18, 233, 1, 18, 72, 7509 }, // U+048E
    { 16, 19, 233, -1, 14, 76, 7581 }, // U+048F
    { 19, 21, 233, 0, 21, 100, 7657 }, // U+0490
    { 15, 17, 233, 2, 17, 64, 7757 }, // U+0491
    { 18, 18, 233, 0, 18, 81, 7821 }, // U+0492
    { 13, 14, 233, 2, 14, 46, 7902 }, // U+0493
    { 16, 23, 233, 0, 18, 92, 7948 }, // U+0494
    { 14, 19, 233, 1, 14, 67, 8040 }, // U+0495
    { 20, 23, 233, -1, 18, 115, 8107 }, // U+0496
    { 18, 18, 233, -1, 14, 81, 8222 }, // U+0497
    { 16, 23, 233, 0, 18, 92, 8303 }, // U+0498
    { 14, 19, 233, 1, 14, 67, 8395 }, // U+0499
    { 18, 23, 233, 0, 18, 104, 8462 }, // U+049A
    { 16, 18, 233, 1, 14, 72, 8566 }, // U+049B
    { 18, 18, 233, 0, 18, 81, 8638 }, // U+049C
    { 18, 14, 233, 0, 14, 63, 8719 }, // U+049D
    { 17, 19, 233, 1, 19, 81, 8782 }, // U+049E
    { 16, 15, 233, 1, 15, 60, 8863 }, // U+049F
    { 16, 18, 233, 2, 18, 72, 8923 }, // U+04A0
    { 15, 14, 233, 2, 14, 53, 8995 }, // U+04A1
    { 17, 23, 233, 0, 18, 98, 9048 }, // U+04A2
    { 15, 18, 233, 1, 14, 68, 9146 }, // U+04A3
    { 19, 18, 233, 0, 18, 86, 9214 }, // U+04A4
    { 16, 14, 233, 1, 14, 56, 9300 }, // U+04A5
    { 15, 23, 233, 0, 18, 87, 9356 }, // U+04A6
    { 16, 19, 233, -1, 14, 76, 9443 }, // U+04A7
    { 15, 23, 233, 1, 18, 87, 9519 }, // U+04A8
    { 14, 18, 233, 1, 14, 63, 9606 }, // U+04A9
    { 15, 23, 233, 2, 18, 87, 9669 }, // U+04AA
    { 14, 19, 233, 2, 14, 67, 9756 }, // U+04AB
    { 15, 23, 233, 3, 18, 87, 9823 }, // U+04AC
    { 16, 18, 233, 0, 14, 72, 9910 }, // U+04AD
    { 14, 18, 233, 4, 18, 63, 9982 }, // U+04AE
    { 14, 19, 233, 3, 14, 67, 10045 }, // U+04AF
    { 16, 18, 233, 2, 18, 72, 10112 }, // U+04B0
    { 16, 19, 233, 1, 14, 76, 10184 }, // U+04B1
    { 17, 20, 233, 0, 16, 85, 10260 }, // U+04B2
    { 16, 18, 233, 0, 14, 72, 10345 }, // U+04B3
    { 15, 23, 233, 2, 18, 87, 10417 }, // U+04B4
    { 14, 18, 233, 2, 14, 63, 10504 }, // U+04B5
    { 14, 23, 233, 3, 18, 81, 10567 }, // U+04B6
    { 14, 18, 233, 2, 14, 63, 10648 }, // U+04B7
    { 15, 18, 233, 3, 18, 68, 10711 }, // U+04B8
    { 14, 14, 233, 2, 14, 49, 10779 }, // U+04B9
    { 15, 18, 233, 0, 18, 68, 10828 }, // U+04BA
    { 14, 20, 233, 1, 20, 70, 10896 }, // U+04BB
    { 15, 18, 233, 2, 18, 68, 10966 }, // U+04BC
    { 15, 14, 233, 1, 14, 53, 11034 }, // U+04BD
    { 15, 22, 233, 2, 18, 83, 11087 }, // U+04BE
    { 15, 18, 233, 1, 14, 68, 11170 }, // U+04BF
    { 16, 18, 233, 1, 18, 72, 11238 }, // U+04C0
    { 20, 24, 233, -1, 24, 120, 11310 }, // U+04C1
    { 18, 20, 233, -1, 20, 90, 11430 }, // U+04C2
    { 19, 23, 233, 0, 18, 110, 11520 }, // U+04C3
    { 16, 19, 233, 1, 14, 76, 11630 }, // U+04C4
    { 17, 23, 233, 0, 18, 98, 11706 }, // U+04C5
    { 16, 18, 233, 0, 14, 72, 11804 }, // U+04C6
    { 17, 23, 233, 0, 18, 98, 11876 }, // U+04C7
    { 15, 19, 233, 1, 14, 72, 11974 }, // U+04C8
    { 17, 23, 233, 0, 18, 98, 12046 }, // U+04C9
    { 15, 19, 233, 1, 14, 72, 12144 }, // U+04CA
    { 14, 23, 233, 3, 18, 81, 12216 }, // U+04CB
    { 14, 18, 233, 2, 14, 63, 12297 }, // U+04CC
    { 17, 23, 233, 0, 18, 98, 12360 }, // U+04CD
    { 15, 18, 233, 0, 14, 68, 12458 }, // U+04CE
    { 16, 18, 233, 1, 18, 72, 12526 }, // U+04CF
    { 18, 24, 233, -1, 24, 108, 12598 }, // U+04D0
    { 16, 20, 233, 1, 20, 80, 12706 }, // U+04D1
    { 18, 24, 233, -1, 24, 108, 12786 }, // U+04D2
    { 16, 20, 233, 1, 20, 80, 12894 }, // U+04D3
    { 19, 18, 233, -1, 18, 86, 12974 }, // U+04D4
    { 16, 14, 233, 0, 14, 56, 13060 }, // U+04D5
    { 16, 24, 233, 1, 24, 96, 13116 }, // U+04D6
    { 14, 20, 233, 2, 20, 70, 13212 }, // U+04D7
    { 15, 18, 233, 1, 18, 68, 13282 }, // U+04D8
    { 14, 14, 233, 1, 14, 49, 13350 }, // U+04D9
    { 15, 24, 233, 1, 24, 90, 13399 }, // U+04DA
    { 14, 20, 233, 1, 20, 70, 13489 }, // U+04DB
    { 20, 24, 233, -1, 24, 120, 13559 }, // U+04DC
    { 18, 20, 233, -1, 20, 90, 13679 }, // U+04DD
    { 16, 24, 233, 0, 24, 96, 13769 }, // U+04DE
    { 15, 20, 233, 1, 20, 75, 13865 }, // U+04DF
    { 17, 18, 233, 0, 18, 77, 13940 }, // U+04E0
    { 16, 19, 233, 0, 14, 76, 14017 }, // U+04E1
    { 17, 23, 233, 0, 23, 98, 14093 }, // U+04E2
    { 14, 19, 233, 2, 19, 67, 14191 }, // U+04E3
    { 17, 24, 233, 0, 24, 102, 14258 }, // U+04E4
    { 14, 20, 233, 2, 20, 70, 14360 }, // U+04E5
    { 16, 24, 233, 1, 24, 96, 14430 }, // U+04E6
    { 15, 20, 233, 1, 20, 75, 14526 }, // U+04E7
    { 15, 18, 233, 1, 18, 68, 14601 }, // U+04E8
    { 14, 14, 233, 1, 14, 49, 14669 }, // U+04E9
    { 16, 24, 233, 1, 24, 96, 14718 }, // U+04EA
    { 15, 20, 233, 1, 20, 75, 14814 }, // U+04EB
    { 17, 24, 233, 0, 24, 102, 14889 }, // U+04EC
    { 15, 20, 233, 1, 20, 75, 14991 }, // U+04ED
    { 19, 23, 233, 0, 23, 110, 15066 }, // U+04EE
    { 18, 24, 233, -2, 19, 108, 15176 }, // U+04EF
    { 19, 24, 233, 0, 24, 114, 15284 }, // U+04F0
    { 18, 25, 233, -2, 20, 113, 15398 }, // U+04F1
    { 19, 24, 233, 0, 24, 114, 15511 }, // U+04F2
    { 20, 25, 233, -2, 20, 125, 15625 }, // U+04F3
    { 14, 24, 233, 3, 24, 84, 15750 }, // U+04F4
    { 14, 20, 233, 2, 20, 70, 15834 }, // U+04F5
    { 18, 23, 233, 0, 18, 104, 15904 }, // U+04F6
    { 13, 18, 233, 2, 14, 59, 16008 }, // U+04F7
    { 18, 24, 233, 0, 24, 108, 16067 }, // U+04F8
    { 17, 20, 233, 0, 20, 85, 16175 }, // U+04F9
    { 14, 24, 233, 4, 24, 84, 0 }, // U+1EF2
    { 18, 25, 233, -2, 20, 113, 84 }, // U+1EF3
    { 13, 3, 233, 2, 9, 10, 0 }, // U+2013
    { 17, 3, 233, 0, 9, 13, 10 }, // U+2014
    { 17, 3, 233, 0, 9, 13, 23 }, // U+2015
    { 8, 10, 233, 7, 21, 20, 36 }, // U+2018
    { 8, 10, 233, 6, 21, 20, 56 }, // U+2019
    { 8, 10, 233, 2, 5, 20, 76 }, // U+201A
    { 14, 8, 233, 4, 20, 28, 96 }, // U+201C
    { 14, 8, 233, 3, 20, 28, 124 }, // U+201D
    { 14, 8, 233, 0, 4, 28, 152 }, // U+201E
    { 12, 22, 233, 3, 18, 66, 180 }, // U+2020
    { 13, 22, 233, 2, 18, 72, 246 }, // U+2021
    { 8, 8, 233, 5, 13, 16, 318 }, // U+2022
    { 14, 4, 233, 0, 4, 14, 334 }, // U+2026
    { 16, 18, 233, 1, 18, 72, 348 }, // U+2030
    { 9, 13, 233, 4, 14, 30, 420 }, // U+2039
    { 9, 13, 233, 3, 14, 30, 450 }, // U+203A
    { 18, 18, 233, 0, 18, 81, 480 }, // U+2044
    { 10, 10, 233, 5, 18, 25, 0 }, // U+2070
    { 11, 10, 233, 4, 18, 28, 25 }, // U+2074
    { 11, 10, 233, 4, 18, 28, 53 }, // U+2075
    { 9, 10, 233, 5, 18, 23, 81 }, // U+2076
    { 10, 10, 233, 6, 18, 25, 104 }, // U+2077
    { 10, 10, 233, 5, 18, 25, 129 }, // U+2078
    { 10, 10, 233, 5, 18, 25, 154 }, // U+2079
    { 10, 10, 233, 3, 10, 25, 179 }, // U+2080
    { 10, 10, 233, 2, 10, 25, 204 }, // U+2081
    { 9, 10, 233, 3, 10, 23, 229 }, // U+2082
    { 9, 11, 233, 3, 10, 25, 252 }, // U+2083
    { 10, 10, 233, 3, 10, 25, 277 }, // U+2084
    { 10, 10, 233, 3, 10, 25, 302 }, // U+2085
    { 10, 10, 233, 3, 10, 25, 327 }, // U+2086
    { 10, 10, 233, 4, 10, 25, 352 }, // U+2087
    { 10, 10, 233, 3, 10, 25, 377 }, // U+2088
    { 10, 10, 233, 3, 10, 25, 402 }, // U+2089
    { 17, 18, 233, 1, 18, 77, 0 }, // U+20AC
    { 16, 18, 233, 2, 18, 72, 77 }, // U+20AE
    { 16, 18, 233, 1, 18, 72, 149 }, // U+20B4
    { 16, 18, 233, 2, 18, 72, 221 }, // U+20B9
    { 15, 20, 233, 1, 20, 75, 0 }, // U+2202
    { 15, 18, 233, -1, 18, 68, 75 }, // U+2206
    { 17, 21, 233, 0, 18, 90, 143 }, // U+220F
    { 19, 21, 233, -1, 18, 100, 233 }, // U+2211
    { 14, 3, 233, 2, 9, 11, 333 }, // U+2212
    { 18, 18, 233, 0, 18, 81, 344 }, // U+2215
    { 6, 5, 233, 5, 10, 8, 425 }, // U+2219
    { 17, 20, 233, 2, 20, 85, 433 }, // U+221A
    { 15, 9, 233, 1, 12, 34, 518 }, // U+221E
    { 18, 25, 233, -1, 20, 113, 552 }, // U+222B
    { 16, 11, 233, 1, 13, 44, 665 }, // U+2248
    { 15, 14, 233, 2, 15, 53, 709 }, // U+2260
    { 16, 16, 233, 1, 16, 64, 762 }, // U+2264
    { 16, 16, 233, 1, 16, 64, 826 }, // U+2265
    { 22, 26, 233, -4, 21, 143, 0 }, // U+FB01
    { 22, 25, 233, -4, 20, 138, 143 }, // U+FB02
    { 15, 14, 233, 0, 14, 53, 0 }, // U+FFFD
};

static const EpdUnicodeInterval ubuntumono_14_bolditalicIntervals[] = {
    { 0x0, 0x0, 0x0 },
    { 0x8, 0x9, 0x1 },
    { 0xD, 0xD, 0x3 },
    { 0x1D, 0x1D, 0x4 },
    { 0x20, 0x7E, 0x5 },
    { 0xA0, 0xFF, 0x64 },
    { 0x100, 0x17F, 0xC4 },
    { 0x1A0, 0x1A1, 0x144 },
    { 0x1AF, 0x1B0, 0x146 },
    { 0x1C4, 0x21F, 0x148 },
    { 0x311, 0x311, 0x1A4 },
    { 0x400, 0x45F, 0x1A5 },
    { 0x462, 0x463, 0x205 },
    { 0x472, 0x475, 0x207 },
    { 0x48A, 0x4F9, 0x20B },
    { 0x1EF2, 0x1EF3, 0x27B },
    { 0x2013, 0x2015, 0x27D },
    { 0x2018, 0x201A, 0x280 },
    { 0x201C, 0x201E, 0x283 },
    { 0x2020, 0x2022, 0x286 },
    { 0x2026, 0x2026, 0x289 },
    { 0x2030, 0x2030, 0x28A },
    { 0x2039, 0x203A, 0x28B },
    { 0x2044, 0x2044, 0x28D },
    { 0x2070, 0x2070, 0x28E },
    { 0x2074, 0x2079, 0x28F },
    { 0x2080, 0x2089, 0x295 },
    { 0x20AC, 0x20AC, 0x29F },
    { 0x20AE, 0x20AE, 0x2A0 },
    { 0x20B4, 0x20B4, 0x2A1 },
    { 0x20B9, 0x20B9, 0x2A2 },
    { 0x2202, 0x2202, 0x2A3 },
    { 0x2206, 0x2206, 0x2A4 },
    { 0x220F, 0x220F, 0x2A5 },
    { 0x2211, 0x2212, 0x2A6 },
    { 0x2215, 0x2215, 0x2A8 },
    { 0x2219, 0x221A, 0x2A9 },
    { 0x221E, 0x221E, 0x2AB },
    { 0x222B, 0x222B, 0x2AC },
    { 0x2248, 0x2248, 0x2AD },
    { 0x2260, 0x2260, 0x2AE },
    { 0x2264, 0x2265, 0x2AF },
    { 0xFB01, 0xFB02, 0x2B1 },
    { 0xFFFD, 0xFFFD, 0x2B3 },
};

static const EpdFontGroup ubuntumono_14_bolditalicGroups[] = {
    { 0, 3048, 6418, 100, 0 },
    { 3048, 2627, 7197, 96, 100 },
    { 5675, 3494, 11512, 128, 196 },
    { 9169, 3425, 9076, 96, 324 },
    { 12594, 14, 12, 1, 420 },
    { 12608, 6594, 17671, 214, 421 },
    { 19202, 151, 221, 2, 635 },
    { 19353, 396, 624, 17, 637 },
    { 19749, 352, 513, 17, 654 },
    { 20101, 194, 306, 4, 671 },
    { 20295, 508, 963, 14, 675 },
    { 20803, 152, 306, 2, 689 },
    { 20955, 55, 56, 1, 691 },
};

static const EpdFontData ubuntumono_14_bolditalic = {
    ubuntumono_14_bolditalicBitmaps,
    ubuntumono_14_bolditalicGlyphs,
    ubuntumono_14_bolditalicIntervals,
    44,
    29,
    25,
    -5,
    true,
    ubuntumono_14_bolditalicGroups,
    13,
    nullptr,
    nullptr,
    nullptr,
    nullptr,
    0,
    0,
    0,
    0,
    nullptr,
    0,
};
