/**
 * generated by fontconvert.py
 * name: ubuntumono_14_regular
 * size: 14
 * mode: 2-bit  compressed: true
 * Command used: fontconvert.py ubuntumono_14_regular 14 ../builtinFonts/source/UbuntuMono/UbuntuMono-Regular.ttf --2bit --compress
 */
#pragma once
#include "EpdFontData.h"

static const uint8_t ubuntumono_14_regularBitmaps[14725] = {
    0x95, 0x58, 0xBD, 0x6E, 0xDC, 0xD8, 0x15, 0x3E, 0xE4, 0x04, 0x43, 0x78, 0x09, 0xE7, 0x36, 0x01,
    0xB2, 0x0B, 0xC1, 0xBA, 0x8D, 0x0A, 0x07, 0xB0, 0xC4, 0xC6, 0x85, 0x03, 0xF0, 0x6F, 0x93, 0x07,
    0x49, 0x8A, 0x14, 0xE9, 0xD4, 0x18, 0x58, 0x07, 0xA1, 0x44, 0x66, 0x9F, 0x40, 0x6F, 0x90, 0x27,
    0x08, 0x60, 0x20, 0x2A, 0x66, 0x81, 0x91, 0xC9, 0x4D, 0xCA, 0x6D, 0x68, 0xB8, 0xD8, 0x62, 0x8B,
    0x10, 0x59, 0x17, 0xE9, 0x96, 0x86, 0x19, 0x98, 0x0A, 0x38, 0x73, 0xF3, 0x9D, 0x73, 0xC9, 0xD1,
    0x48, 0x1A, 0xDB, 0xF2, 0xCC, 0x39, 0x12, 0xE7, 0xFE, 0x9E, 0x7B, 0xCE, 0x77, 0x7E, 0x2E, 0x63,
    0x8A, 0xE5, 0x1B, 0x6D, 0xBE, 0x21, 0x3D, 0x22, 0xFB, 0x89, 0xA8, 0xC4, 0x37, 0xA2, 0x4C, 0x67,
    0x3A, 0xDC, 0xE7, 0xEF, 0x93, 0xFB, 0x4F, 0xEE, 0x53, 0xE4, 0x17, 0x14, 0xFA, 0x29, 0x65, 0x2A,
    0xA5, 0x67, 0x8A, 0x68, 0xA1, 0x28, 0x31, 0xA6, 0x61, 0xA6, 0x36, 0x22, 0xA7, 0x0D, 0xC9, 0x6D,
    0x32, 0x9A, 0xD5, 0x8B, 0x4D, 0xBB, 0x57, 0xB4, 0xE4, 0x83, 0xD5, 0x97, 0x60, 0xB7, 0x21, 0x35,
    0xAB, 0x79, 0x79, 0x4B, 0x4E, 0xF9, 0x5A, 0x99, 0x21, 0x28, 0x1E, 0xC6, 0x04, 0x41, 0x28, 0x21,
    0x0A, 0x6A, 0x52, 0x2B, 0x72, 0x4C, 0x4D, 0x7B, 0x3D, 0xD1, 0xCA, 0xB6, 0xE1, 0xEF, 0x63, 0xBA,
    0xC8, 0x4D, 0xBF, 0x67, 0xCE, 0x36, 0x73, 0xFD, 0xDA, 0xAD, 0x93, 0x76, 0x56, 0x85, 0x10, 0xE2,
    0x69, 0xB8, 0x0F, 0x0E, 0xC1, 0xE7, 0x14, 0x7E, 0xD3, 0x52, 0xF2, 0xB6, 0x22, 0xFF, 0xFB, 0x82,
    0x48, 0x05, 0x29, 0x1D, 0x96, 0x35, 0x3D, 0x7B, 0xD3, 0xD0, 0x9B, 0xA6, 0x75, 0x5F, 0xD6, 0xED,
    0xEC, 0xDB, 0xA6, 0x55, 0xE9, 0x9B, 0x66, 0x9F, 0xCA, 0x3A, 0x24, 0xF4, 0x97, 0x05, 0xCD, 0x0C,
    0x84, 0x7C, 0xD9, 0x91, 0x2A, 0xCE, 0xC1, 0x1D, 0xF9, 0xDF, 0xB6, 0x34, 0xFB, 0xA1, 0x82, 0x1C,
    0x44, 0xEE, 0xE0, 0xA5, 0xBE, 0xF1, 0x0B, 0xAD, 0xBE, 0x4B, 0xE3, 0xD9, 0x4F, 0x14, 0x39, 0x6B,
    0xEC, 0x7E, 0x02, 0x79, 0x4B, 0x0A, 0xBE, 0x36, 0xA9, 0x32, 0x3F, 0x54, 0xEE, 0x7A, 0x56, 0xC7,
    0x11, 0x7F, 0x1E, 0x3D, 0xA2, 0x7B, 0x22, 0xF4, 0x40, 0x33, 0xAC, 0x59, 0x11, 0x34, 0x15, 0x88,
    0xC4, 0x19, 0xD1, 0x12, 0x1A, 0x9B, 0x68, 0x29, 0x2D, 0x91, 0x9C, 0x0E, 0x63, 0xFC, 0x9A, 0xC7,
    0x8F, 0x07, 0xBE, 0x47, 0x07, 0x84, 0x1D, 0x28, 0x28, 0xA6, 0xF6, 0x5E, 0x46, 0xC7, 0x32, 0x5A,
    0x63, 0xC2, 0x44, 0x5A, 0x5A, 0x62, 0xE9, 0xED, 0xC9, 0x6D, 0x79, 0x3C, 0x66, 0x9D, 0x12, 0xAF,
    0xC0, 0xED, 0xA2, 0xAA, 0x87, 0x8F, 0xBE, 0x48, 0xFE, 0xB6, 0x9E, 0x9B, 0xD7, 0x94, 0x93, 0xF3,
    0xAE, 0x9A, 0xBD, 0x6A, 0x70, 0x40, 0x37, 0xAD, 0xAC, 0xA5, 0x6F, 0x71, 0x69, 0x8C, 0xF0, 0xAE,
    0x3E, 0xAF, 0x56, 0xAD, 0x6A, 0xBD, 0xD6, 0x6D, 0xF6, 0xAA, 0x32, 0x7D, 0x46, 0xA6, 0x33, 0x1D,
    0x34, 0x91, 0x9A, 0x14, 0x9B, 0x51, 0x07, 0x08, 0x00, 0x01, 0x00, 0x00, 0x79, 0xB0, 0x40, 0xC1,
    0x27, 0xB3, 0x22, 0x6E, 0x14, 0x60, 0x87, 0x40, 0xBD, 0x8D, 0x0C, 0x81, 0x82, 0x0A, 0x3E, 0x48,
    0x30, 0x49, 0xBB, 0x94, 0xC3, 0xB2, 0x51, 0x3C, 0x18, 0x45, 0xFD, 0xA5, 0x47, 0x57, 0x86, 0x8E,
    0x18, 0x7F, 0x03, 0xF4, 0x6A, 0x5A, 0x1E, 0x82, 0xF3, 0x91, 0xF9, 0x19, 0x6D, 0xDC, 0xC7, 0x63,
    0x78, 0x2C, 0xCF, 0xE1, 0xB9, 0xBC, 0x06, 0xAF, 0xB8, 0xA2, 0xD9, 0x8A, 0x82, 0x15, 0xBD, 0x88,
    0xE8, 0xF7, 0xD1, 0x15, 0xF6, 0x76, 0x52, 0x62, 0x7A, 0x90, 0x6B, 0x8A, 0xC0, 0xB4, 0xB1, 0xDB,
    0xFF, 0x62, 0x34, 0x93, 0x88, 0xEE, 0x74, 0x2C, 0xB4, 0xAA, 0x6E, 0x5B, 0x17, 0x38, 0x07, 0xCD,
    0x4D, 0x8A, 0x59, 0x5F, 0xB8, 0x3D, 0x5D, 0xCD, 0x82, 0x24, 0x2D, 0x99, 0x8A, 0xE0, 0x1F, 0xEE,
    0x30, 0x19, 0x90, 0xCF, 0xFA, 0xD8, 0x19, 0x12, 0xD3, 0xED, 0x99, 0x82, 0x97, 0x25, 0x0F, 0xAC,
    0xC0, 0x11, 0x78, 0xC1, 0x1A, 0xC2, 0x56, 0x15, 0xE0, 0x98, 0x76, 0xB4, 0x0F, 0x8D, 0x85, 0xE0,
    0x05, 0xD8, 0x18, 0x53, 0x30, 0xB3, 0x16, 0x6F, 0xB2, 0x67, 0x56, 0x4C, 0x50, 0x5B, 0xC1, 0x8A,
    0x67, 0x4A, 0x49, 0xAD, 0x49, 0x61, 0xEB, 0x5F, 0x62, 0xEB, 0x8B, 0x69, 0xF7, 0x23, 0x3C, 0x1C,
    0x8C, 0xBB, 0xA7, 0x22, 0x55, 0x32, 0x90, 0xB3, 0x4E, 0xC9, 0x6B, 0x88, 0x8D, 0xC1, 0x06, 0xE3,
    0xA1, 0x14, 0x97, 0x67, 0x04, 0x9F, 0x03, 0x98, 0x2E, 0x70, 0x14, 0xAB, 0xFF, 0x0C, 0xBD, 0x11,
    0xFE, 0x27, 0xF8, 0xAD, 0x8B, 0x81, 0x7C, 0x03, 0x69, 0xA1, 0x67, 0x1C, 0x5F, 0xD8, 0xCE, 0x5C,
    0x5A, 0xA9, 0x60, 0x65, 0x46, 0x02, 0xEB, 0x89, 0x15, 0xB5, 0x59, 0x98, 0xA1, 0x04, 0xDD, 0xB0,
    0x17, 0x4C, 0x07, 0x00, 0x26, 0x2C, 0x63, 0x2D, 0x5E, 0x33, 0x48, 0x07, 0x89, 0x4C, 0x21, 0xC4,
    0xE5, 0xC8, 0x94, 0xF0, 0xCE, 0x2F, 0xF9, 0x94, 0x35, 0xF9, 0x3F, 0x75, 0xA4, 0x9D, 0x61, 0xC4,
    0x84, 0x1E, 0x19, 0x32, 0xA5, 0x17, 0xA4, 0x21, 0xAF, 0x8B, 0x20, 0xE1, 0x98, 0x42, 0x99, 0x36,
    0xF8, 0x72, 0x80, 0xA7, 0x42, 0x76, 0x74, 0x83, 0x4E, 0x48, 0x27, 0x69, 0xAE, 0x8C, 0x71, 0xCD,
    0x8B, 0x09, 0x91, 0x3D, 0x1B, 0xF2, 0xB8, 0x0A, 0xD6, 0x14, 0x9C, 0xD1, 0x15, 0x90, 0xA7, 0xCF,
    0xD4, 0x32, 0x6B, 0xFC, 0x4E, 0x75, 0x30, 0xFF, 0xE6, 0x63, 0x5B, 0xBC, 0xCE, 0x69, 0xFD, 0x3A,
    0x2F, 0x9E, 0xA0, 0xE5, 0x33, 0x92, 0x78, 0x11, 0x5C, 0x12, 0x90, 0x40, 0x39, 0xC6, 0x62, 0x17,
    0xF9, 0xEF, 0xE1, 0x37, 0xB7, 0x4B, 0x3F, 0xC6, 0x6D, 0x1C, 0x6C, 0xEB, 0x33, 0xB5, 0x3D, 0xE6,
    0x39, 0x6C, 0x85, 0x15, 0x37, 0x62, 0xF2, 0x9C, 0xC7, 0x25, 0xA9, 0xFC, 0x2F, 0x5F, 0x4B, 0x3B,
    0xF7, 0xF3, 0xB8, 0xBD, 0x35, 0x94, 0x5E, 0x1D, 0xF8, 0x0D, 0xAB, 0x9A, 0x7D, 0xAA, 0x66, 0x03,
    0xC6, 0x7C, 0x2A, 0x76, 0xB2, 0xFA, 0x6A, 0x75, 0xF6, 0xC9, 0x8E, 0x09, 0x0F, 0x94, 0xD7, 0xD0,
    0x11, 0x6C, 0x57, 0x9F, 0x42, 0x73, 0x1A, 0xE3, 0x55, 0x1A, 0x62, 0x62, 0x06, 0xD8, 0x2F, 0xB5,
    0x29, 0x16, 0x89, 0x2A, 0xFA, 0xCC, 0x2F, 0xFA, 0x25, 0x78, 0x61, 0xFF, 0x2F, 0xF0, 0x3B, 0x8B,
    0x55, 0x11, 0xA2, 0x3F, 0x9E, 0xAF, 0x53, 0x36, 0x25, 0x3C, 0x01, 0x2B, 0xFE, 0x8C, 0x08, 0x6B,
    0x91, 0x06, 0xEA, 0x75, 0x25, 0xF1, 0x9B, 0x62, 0xEC, 0xF1, 0x27, 0x18, 0xB3, 0x83, 0x61, 0xDB,
    0x05, 0x39, 0x4D, 0x08, 0xC9, 0x22, 0x20, 0xFA, 0x08, 0x2E, 0xAF, 0x81, 0x4B, 0x05, 0x54, 0x9A,
    0x54, 0x03, 0xC9, 0xDC, 0x82, 0x1E, 0x04, 0xE2, 0x19, 0xF2, 0x86, 0xDB, 0xC2, 0xCB, 0xDA, 0x63,
    0x60, 0x31, 0x87, 0xFF, 0x66, 0xF0, 0xA4, 0x0C, 0x58, 0xCA, 0x80, 0x02, 0xCB, 0x78, 0x76, 0x3B,
    0xF4, 0xD5, 0xB6, 0xDF, 0x59, 0x6D, 0x30, 0x69, 0x39, 0x91, 0x36, 0xC6, 0x6C, 0xCE, 0x4E, 0x12,
    0x30, 0x16, 0x0C, 0xF9, 0xCD, 0x67, 0xC0, 0xAA, 0x04, 0xD6, 0x0D, 0xF4, 0x96, 0x37, 0x38, 0x1B,
    0xFB, 0xD8, 0xF6, 0x1A, 0xC6, 0x52, 0xCD, 0x5C, 0xE6, 0xD2, 0xF1, 0x25, 0x93, 0xEC, 0x99, 0xC1,
    0x4B, 0xAD, 0x3C, 0xF1, 0xD6, 0xBE, 0x8A, 0x39, 0x1D, 0x79, 0x83, 0x45, 0x3B, 0x66, 0x29, 0x73,
    0x78, 0xAE, 0x5D, 0xA3, 0x07, 0x65, 0x53, 0x68, 0xD8, 0x10, 0xCE, 0x02, 0xDA, 0xD5, 0xBE, 0x12,
    0x1A, 0x40, 0x77, 0x9F, 0x65, 0xE9, 0x6E, 0x67, 0x57, 0xC2, 0x2C, 0x77, 0x04, 0x4E, 0xC0, 0x9A,
    0x6D, 0xD3, 0xE8, 0xCD, 0xD9, 0x17, 0x68, 0xFB, 0x10, 0x4F, 0xA8, 0xFD, 0xD8, 0x38, 0x2B, 0x2D,
    0x7B, 0xFA, 0xDD, 0xC8, 0x8E, 0xF7, 0xCC, 0xE0, 0x31, 0xB8, 0xC2, 0x8F, 0x11, 0x8E, 0x35, 0x3C,
    0x74, 0xBB, 0xC4, 0x34, 0xFE, 0x1A, 0x58, 0xD6, 0xE0, 0x18, 0xED, 0x03, 0x85, 0xF0, 0xEE, 0x10,
    0x39, 0x31, 0x84, 0x12, 0xC2, 0x1C, 0x3A, 0xE0, 0x70, 0xD7, 0x59, 0x0E, 0x91, 0x25, 0xA5, 0x1D,
    0x81, 0x2F, 0x74, 0x38, 0xCA, 0x2E, 0xC1, 0x09, 0xD9, 0xF9, 0xAA, 0x7A, 0x9F, 0x6E, 0xDF, 0x47,
    0xD6, 0x5E, 0xAA, 0x50, 0xA9, 0xAA, 0xA0, 0xC7, 0x3A, 0x28, 0x54, 0x93, 0x14, 0x3F, 0x6F, 0xBF,
    0xAA, 0xF6, 0x9F, 0xFF, 0xBD, 0x7A, 0xF0, 0xEC, 0x6D, 0xF5, 0x20, 0x7A, 0x55, 0x1D, 0x06, 0xFF,
    0xAC, 0x0E, 0x35, 0x58, 0xFD, 0x56, 0x90, 0xBF, 0x83, 0x1B, 0x66, 0x04, 0xAB, 0x1C, 0x94, 0xEA,
    0xBC, 0xD2, 0x79, 0xAD, 0x4F, 0x5A, 0x9D, 0x9D, 0xEB, 0x0C, 0xF5, 0x58, 0x84, 0x92, 0x4C, 0x67,
    0xEA, 0x77, 0x99, 0xF7, 0xD7, 0x6C, 0xF6, 0xAF, 0xCC, 0x31, 0x19, 0x81, 0x4A, 0xA0, 0x9F, 0x81,
    0x77, 0x8C, 0x58, 0x60, 0x56, 0xF0, 0xED, 0x1C, 0x88, 0x54, 0x45, 0x00, 0xFF, 0x8A, 0x6F, 0xAC,
    0xBC, 0xC5, 0x35, 0xF7, 0xF1, 0x18, 0x1E, 0xCB, 0x73, 0x78, 0x2E, 0xAF, 0x51, 0xAE, 0x91, 0x6C,
    0x9A, 0xDE, 0xED, 0x7A, 0x1A, 0xE0, 0x85, 0x13, 0x2D, 0xFB, 0x79, 0x87, 0x76, 0xB3, 0xE6, 0x1C,
    0x7D, 0x9B, 0x3E, 0x71, 0xF7, 0xE6, 0xE6, 0xEE, 0x33, 0xDE, 0x3D, 0x1F, 0xD3, 0x10, 0xE7, 0x44,
    0x07, 0xA9, 0x93, 0xF6, 0x8A, 0xE0, 0x5A, 0x44, 0xC8, 0xA4, 0x1E, 0xB8, 0xE2, 0x4C, 0xDA, 0x73,
    0xE4, 0x39, 0xF6, 0xFA, 0x0C, 0xD9, 0x26, 0x43, 0xA0, 0xCE, 0x10, 0x01, 0x33, 0x9A, 0xC6, 0xDB,
    0x4C, 0x81, 0x72, 0xD3, 0x37, 0x83, 0x2E, 0xFE, 0x68, 0x4B, 0x0D, 0xCE, 0x87, 0x29, 0xE7, 0x5D,
    0x17, 0xF1, 0x39, 0x68, 0x25, 0x17, 0x9E, 0x4E, 0x19, 0x3A, 0xF9, 0x35, 0x5D, 0xA0, 0x14, 0xF0,
    0xCD, 0x19, 0x32, 0x6E, 0xCA, 0xBC, 0xAB, 0x1C, 0xFA, 0x14, 0x96, 0xDA, 0xE5, 0x13, 0x79, 0xAA,
    0x6B, 0x38, 0xB7, 0x29, 0xD3, 0x49, 0x6E, 0xE3, 0x18, 0x79, 0x82, 0x58, 0xC9, 0x59, 0xE9, 0x08,
    0x1A, 0xD4, 0xA2, 0x41, 0xBF, 0x60, 0xE4, 0xF9, 0x15, 0xFF, 0x0A, 0xC4, 0xB2, 0x2E, 0xE2, 0xAE,
    0xC3, 0x11, 0x02, 0x46, 0xA4, 0x05, 0xE2, 0xF1, 0x29, 0x38, 0x81, 0x76, 0x93, 0x4A, 0x62, 0xF5,
    0x36, 0x0E, 0x6E, 0x32, 0xA3, 0x53, 0x50, 0xCA, 0x68, 0x05, 0x6A, 0x1F, 0x3C, 0x7D, 0x2B, 0x28,
    0xDE, 0x6F, 0xBF, 0x12, 0x54, 0xAB, 0x8A, 0x19, 0x28, 0xC7, 0x9E, 0x62, 0x41, 0xEC, 0xCE, 0x7B,
    0xB3, 0x4D, 0x9D, 0x96, 0x6B, 0x38, 0x58, 0x2F, 0xE7, 0xFD, 0xEA, 0xB1, 0xA8, 0xA8, 0xEC, 0xDE,
    0x2F, 0x50, 0x2F, 0x74, 0x83, 0xEC, 0xCA, 0x72, 0xF2, 0xBC, 0x00, 0x05, 0x42, 0x2C, 0x88, 0xB7,
    0x67, 0xE2, 0xDF, 0xDB, 0xEB, 0xB9, 0x7C, 0x86, 0x1E, 0x67, 0x78, 0x31, 0xAE, 0xA7, 0xC7, 0x7A,
    0xE2, 0x3D, 0x7C, 0x55, 0x8B, 0xB0, 0xE2, 0x07, 0x5B, 0x58, 0x70, 0xEA, 0xE6, 0x84, 0xA5, 0xAF,
    0x97, 0x28, 0x5C, 0x5B, 0x7B, 0xD5, 0xF5, 0xBA, 0x27, 0xC7, 0x5C, 0x66, 0x33, 0x98, 0xA1, 0xA3,
    0xBB, 0x7C, 0x79, 0xA4, 0xAD, 0xD0, 0xC3, 0xA9, 0xCA, 0x52, 0xB2, 0x26, 0xB0, 0x88, 0xD5, 0x91,
    0x96, 0x91, 0x9C, 0x59, 0x8A, 0x6E, 0xAB, 0xEE, 0x3F, 0xB2, 0x95, 0x7C, 0xCA, 0xA5, 0x9A, 0x1D,
    0x04, 0x19, 0x65, 0x50, 0xB9, 0x2A, 0x57, 0x5B, 0xB7, 0xB2, 0x0F, 0x7C, 0x65, 0x24, 0xCB, 0x5C,
    0x82, 0x01, 0xFE, 0xD9, 0x8F, 0x28, 0xBC, 0xFF, 0xD1, 0xCA, 0x1D, 0x86, 0x01, 0xC4, 0xD0, 0x61,
    0x18, 0x1D, 0xD0, 0x7D, 0x2E, 0x1E, 0x3B, 0xE6, 0xCF, 0xB9, 0x74, 0x4B, 0xB1, 0x63, 0x35, 0x37,
    0x67, 0xC0, 0xD4, 0x3D, 0x56, 0x11, 0x7B, 0x83, 0x6B, 0xD6, 0xDA, 0xAC, 0x93, 0x34, 0x96, 0x82,
    0x29, 0xC6, 0x03, 0x7E, 0xBA, 0xE6, 0xF2, 0x7C, 0x57, 0x88, 0xFE, 0x1F, 0x07, 0x88, 0x7A, 0x35,
    0x43, 0x8E, 0x87, 0x92, 0xB2, 0x8E, 0x4B, 0x57, 0x4B, 0x78, 0xEE, 0x7B, 0xAF, 0x45, 0xEF, 0xF1,
    0x5A, 0x72, 0x88, 0x87, 0x70, 0xA1, 0xEB, 0x7B, 0x92, 0x83, 0x4E, 0xB6, 0x72, 0x50, 0x36, 0xFE,
    0xE6, 0x76, 0x5D, 0xCF, 0x31, 0x0E, 0x36, 0xCB, 0x91, 0x28, 0xE9, 0xF0, 0x76, 0x65, 0xEE, 0x98,
    0x13, 0x65, 0x56, 0x70, 0x83, 0x13, 0x8A, 0x70, 0xAE, 0x7E, 0x22, 0x3C, 0x43, 0x0F, 0x41, 0x11,
    0xF9, 0x66, 0xE5, 0x94, 0xBD, 0x83, 0x9A, 0xD5, 0x47, 0xFE, 0x0F, 0x8A, 0x0B, 0xA9, 0x53, 0xF9,
    0xF0, 0x86, 0x6D, 0x09, 0xEE, 0xC7, 0x7D, 0x59, 0x5F, 0xC1, 0xD9, 0xE7, 0x18, 0x37, 0x48, 0x45,
    0x45, 0xC8, 0x19, 0x5C, 0x47, 0xD1, 0x85, 0x5B, 0x48, 0x3D, 0xDA, 0x5E, 0xD5, 0xA3, 0x09, 0x22,
    0x12, 0xB3, 0xB3, 0xD5, 0xF6, 0x51, 0x2E, 0xFF, 0x23, 0xA2, 0x46, 0xDB, 0xA2, 0xE2, 0x01, 0x3F,
    0x21, 0x3F, 0xBA, 0x5C, 0x73, 0x32, 0x9D, 0x6B, 0x79, 0xE0, 0xE2, 0xC2, 0xD1, 0xEE, 0xAD, 0xD3,
    0x9D, 0x5A, 0x36, 0xA2, 0x65, 0x68, 0xB3, 0x73, 0xA0, 0x68, 0x50, 0xBF, 0x93, 0xF8, 0x0A, 0xC1,
    0xC1, 0x8B, 0xFF, 0x4F, 0x9F, 0x7C, 0xB0, 0x7C, 0xAB, 0xD4, 0xB9, 0x59, 0xF6, 0xC4, 0x73, 0xA8,
    0x03, 0x9A, 0xF7, 0x57, 0x52, 0xFA, 0x24, 0x85, 0x14, 0x40, 0xFC, 0x09, 0x4C, 0x05, 0x42, 0xDD,
    0xF6, 0x11, 0xF2, 0x98, 0xFE, 0xA0, 0x8B, 0xD2, 0x70, 0xD9, 0x71, 0xBE, 0x3B, 0xA3, 0x0F, 0xDD,
    0xAC, 0xED, 0x54, 0xD5, 0x9D, 0xD2, 0x7F, 0x7B, 0xBE, 0x0E, 0x81, 0xF0, 0xD0, 0xE5, 0xC4, 0x8D,
    0xE8, 0xE2, 0x83, 0x9C, 0xDE, 0x49, 0xE8, 0x4F, 0x38, 0xD0, 0xF1, 0xBF, 0x7B, 0x31, 0x7D, 0x77,
    0xAA, 0xA9, 0x8B, 0x70, 0x9D, 0x8A, 0xFC, 0xEB, 0x4C, 0xB7, 0xF9, 0xF8, 0x8E, 0x3A, 0xDF, 0xBA,
    0xA9, 0x4C, 0x6E, 0x36, 0x40, 0x75, 0x3D, 0x5C, 0x9A, 0xFF, 0x2F, 0xE5, 0xA6, 0x14, 0x4B, 0xFF,
    0x74, 0x4B, 0xBA, 0x5A, 0x9A, 0x97, 0xB8, 0xE1, 0x34, 0x03, 0x9C, 0x09, 0xBD, 0x70, 0xAC, 0x1B,
    0xBA, 0x03, 0x9E, 0x00, 0x6E, 0x40, 0x3C, 0xBE, 0x05, 0xFD, 0x0D, 0xA4, 0x9C, 0x2B, 0x48, 0x8D,
    0xB4, 0x67, 0x6A, 0xAC, 0x76, 0xF9, 0xB1, 0x52, 0xCB, 0x35, 0xF2, 0x06, 0x26, 0x7D, 0x38, 0x26,
    0xC3, 0x4B, 0xB4, 0xD8, 0x77, 0x2F, 0x7C, 0x61, 0xFC, 0x15, 0xE7, 0xC0, 0x81, 0xDF, 0xBA, 0x3C,
    0xBF, 0x8E, 0xF1, 0xC4, 0xAC, 0x85, 0x3F, 0xE4, 0x07, 0xE2, 0x4B, 0xC3, 0x9C, 0x03, 0x2A, 0x90,
    0x75, 0xC9, 0xF1, 0x6A, 0x27, 0xE1, 0x58, 0x09, 0x45, 0xDA, 0xBA, 0xB0, 0xE9, 0xA7, 0xA2, 0x40,
    0xA7, 0x92, 0x06, 0x24, 0xA5, 0x49, 0xA1, 0xD2, 0x44, 0x36, 0xB5, 0xF0, 0xB5, 0xE2, 0x62, 0x4C,
    0x05, 0x81, 0x8D, 0xDD, 0x99, 0x24, 0x3A, 0x7E, 0xFD, 0x84, 0xCB, 0x86, 0xFF, 0x9B, 0x26, 0x52,
    0x5F, 0xD7, 0x11, 0xD2, 0xD7, 0xD1, 0xD1, 0xAB, 0x6A, 0xFF, 0xC9, 0x8F, 0x95, 0x7A, 0xFA, 0xAE,
    0x50, 0xED, 0x9F, 0x39, 0x75, 0x61, 0x3D, 0xAC, 0x5E, 0x68, 0x92, 0x34, 0x23, 0x29, 0x06, 0xEB,
    0x72, 0x8A, 0x2C, 0x5B, 0xBB, 0xDE, 0x94, 0xAA, 0x60, 0x22, 0x4E, 0x3D, 0x92, 0xA6, 0x90, 0xE8,
    0x62, 0xF2, 0xEA, 0xE9, 0xFA, 0x1B, 0xCB, 0xAB, 0x86, 0xC8, 0x16, 0xFD, 0xC5, 0x12, 0x63, 0x70,
    0xB9, 0xAA, 0x51, 0x41, 0xBC, 0xC1, 0x1A, 0xEF, 0x20, 0x57, 0xC9, 0x6B, 0x14, 0xA2, 0x52, 0xC9,
    0x2B, 0x63, 0x26, 0x2A, 0xC7, 0xB7, 0x12, 0xA5, 0x69, 0x41, 0x7C, 0xE3, 0x86, 0xF0, 0x09, 0x43,
    0x17, 0x09, 0xC2, 0x93, 0xDB, 0x5B, 0x20, 0x41, 0x51, 0x62, 0x35, 0xC0, 0x85, 0xDC, 0x02, 0x18,
    0x8E, 0x6F, 0x55, 0x6E, 0x90, 0x7D, 0x83, 0x52, 0xA6, 0x4C, 0x78, 0xB8, 0x3D, 0x80, 0x93, 0x0E,
    0x07, 0x11, 0x5E, 0xE7, 0xBD, 0x1F, 0xD8, 0x16, 0x03, 0x58, 0xB8, 0x6C, 0x57, 0x65, 0x3D, 0xBE,
    0xA0, 0x6A, 0x99, 0xEC, 0x6B, 0x9C, 0x1D, 0xA5, 0x37, 0xAF, 0x00, 0xD4, 0xA8, 0xDA, 0xA3, 0x64,
    0xA5, 0xE8, 0x1C, 0xB7, 0xE9, 0xE7, 0xF3, 0x9E, 0xFE, 0x0F, 0xAD, 0x58, 0xC1, 0x8E, 0xDB, 0x46,
    0x12, 0x2D, 0x92, 0xC8, 0x70, 0xC6, 0x0C, 0xB6, 0xF7, 0x68, 0xC0, 0xBB, 0xEE, 0x39, 0xCC, 0x21,
    0x0B, 0x64, 0x44, 0x1F, 0x7C, 0x30, 0x76, 0x25, 0xB2, 0x13, 0x1F, 0x73, 0x58, 0xFF, 0x41, 0xFC,
    0x07, 0xCE, 0x21, 0x07, 0x07, 0xA0, 0x2C, 0x7A, 0xF7, 0x03, 0x76, 0xFE, 0x60, 0xF3, 0x09, 0x06,
    0x32, 0x0B, 0xCC, 0x41, 0x8E, 0x38, 0xF1, 0x61, 0xAF, 0x9D, 0xF8, 0x03, 0x42, 0x07, 0xBE, 0x6F,
    0x27, 0x21, 0x10, 0x26, 0x90, 0xD4, 0x79, 0xD5, 0x4D, 0xC9, 0xB2, 0x46, 0xB3, 0xF0, 0x68, 0x44,
    0xF5, 0xA3, 0xC8, 0xEE, 0xAE, 0xEA, 0xEA, 0xAE, 0xEA, 0xAA, 0x6A, 0x0E, 0x68, 0x82, 0xDF, 0x80,
    0xFC, 0xF5, 0x21, 0xF5, 0xF1, 0xCC, 0xBF, 0x6C, 0xE5, 0x47, 0x89, 0x7A, 0x1B, 0x8F, 0x7E, 0xA5,
    0xD8, 0xCE, 0x49, 0xEA, 0x03, 0xCA, 0x41, 0x35, 0x04, 0x0A, 0x60, 0xDC, 0x81, 0xDF, 0xB9, 0x5E,
    0xEA, 0x3D, 0xF4, 0xB3, 0x44, 0x93, 0xD9, 0x45, 0x1E, 0x69, 0x4B, 0x04, 0x1E, 0x61, 0xB3, 0x4F,
    0x51, 0x4D, 0x14, 0x55, 0x44, 0xF1, 0x0A, 0x26, 0xD6, 0x38, 0xC4, 0x6B, 0xF5, 0x09, 0xA3, 0x24,
    0x12, 0xE0, 0xCB, 0x38, 0xA4, 0x03, 0x7A, 0x3E, 0x79, 0x44, 0xB9, 0x9D, 0x91, 0x78, 0xDA, 0xD2,
    0x6D, 0xCC, 0xE0, 0xB8, 0x43, 0x0F, 0xE0, 0x3A, 0x6E, 0xE3, 0x3E, 0xDC, 0x77, 0x48, 0xA1, 0xC9,
    0x29, 0xD2, 0x52, 0x25, 0x95, 0x28, 0x85, 0x8A, 0x74, 0x0F, 0x35, 0x7D, 0xA2, 0x06, 0xF2, 0x0C,
    0x0D, 0x04, 0xD7, 0xCC, 0xB7, 0x64, 0x90, 0x80, 0x9C, 0xC0, 0xFA, 0x3B, 0xA3, 0x59, 0x5E, 0x6E,
    0xE1, 0x56, 0x5E, 0x27, 0xAF, 0x63, 0x3B, 0x15, 0xD5, 0x91, 0x70, 0xFD, 0x92, 0x9A, 0x22, 0xAB,
    0x84, 0x35, 0x69, 0x38, 0xC5, 0xBA, 0x42, 0xB0, 0x9C, 0x06, 0x52, 0x17, 0x31, 0xE6, 0x36, 0xAA,
    0x29, 0x6C, 0xDD, 0x92, 0x15, 0x7F, 0x09, 0xDA, 0xDC, 0x9A, 0x5B, 0xB6, 0x2C, 0x6E, 0xD3, 0x38,
    0x27, 0xDC, 0xE9, 0x11, 0x5A, 0x21, 0x78, 0xA2, 0x53, 0x12, 0x14, 0x97, 0x1F, 0xCA, 0x6F, 0xAA,
    0xFE, 0xE8, 0x5C, 0xDF, 0x6B, 0xC8, 0x81, 0x9F, 0xB9, 0x4E, 0xA2, 0x8D, 0xFB, 0x70, 0x5F, 0xA6,
    0x91, 0x2D, 0xC9, 0x39, 0x86, 0xA6, 0xC4, 0x62, 0xE2, 0x74, 0x96, 0x70, 0xC1, 0xC3, 0x2D, 0xE8,
    0x41, 0x1F, 0x85, 0xFA, 0x71, 0x5C, 0x19, 0xF1, 0x71, 0x9D, 0xC6, 0xD5, 0x40, 0x94, 0xB8, 0xE3,
    0x19, 0x35, 0xA8, 0xA7, 0xEA, 0xC8, 0x62, 0x41, 0x19, 0x4C, 0x7E, 0x19, 0x6C, 0x63, 0x9B, 0x0B,
    0xB2, 0xE5, 0xFF, 0xA8, 0xFA, 0xF9, 0x8F, 0xFA, 0xDE, 0x5D, 0xA3, 0xEF, 0xE5, 0x46, 0xF7, 0x73,
    0xC8, 0x76, 0xF7, 0xA7, 0x0B, 0xB2, 0x8D, 0xEC, 0xC8, 0xC6, 0x75, 0x3A, 0xED, 0xF7, 0x3E, 0x17,
    0x9F, 0x8B, 0x7E, 0x2F, 0x9D, 0xC6, 0xB5, 0xB3, 0xBD, 0x35, 0x4C, 0x20, 0x03, 0x63, 0x53, 0xDB,
    0xE2, 0x5A, 0xF4, 0x49, 0x9A, 0x7C, 0x7A, 0x74, 0x0C, 0x7D, 0xDF, 0x0B, 0xEA, 0xB8, 0xFC, 0x33,
    0xA6, 0x9A, 0xDB, 0x5B, 0x06, 0x75, 0xB0, 0xE5, 0xB8, 0x89, 0xA7, 0xD4, 0x3B, 0x94, 0xF9, 0x2C,
    0x6D, 0xA8, 0x8C, 0x6A, 0x51, 0xF6, 0xE8, 0x26, 0x35, 0xD0, 0xD6, 0x85, 0xD2, 0xBA, 0x32, 0xA5,
    0x66, 0x4E, 0x8D, 0xB5, 0xCD, 0x6F, 0xF6, 0x4B, 0x28, 0x76, 0xB5, 0xD0, 0x23, 0x5B, 0xC2, 0x98,
    0x2B, 0x61, 0xEF, 0x57, 0xF9, 0x06, 0x48, 0x20, 0x01, 0x68, 0x02, 0x24, 0x57, 0x43, 0x46, 0x13,
    0x65, 0x55, 0x46, 0x91, 0x4A, 0x48, 0x94, 0x51, 0x35, 0xAA, 0x46, 0x2A, 0x80, 0x2A, 0x6B, 0xFA,
    0x6B, 0x4D, 0xC1, 0xDB, 0x25, 0x77, 0x6A, 0x0D, 0x67, 0x24, 0x6D, 0x95, 0xC5, 0x50, 0x9B, 0xF1,
    0x05, 0xCF, 0xA8, 0x41, 0xFD, 0xD1, 0x1E, 0xF5, 0x05, 0xF5, 0xA0, 0xD9, 0x48, 0x27, 0xE7, 0x26,
    0xD2, 0x2D, 0xEE, 0x78, 0x46, 0x0D, 0xEA, 0x8F, 0x0E, 0xB0, 0xD5, 0x42, 0x2D, 0xAB, 0xA8, 0xFA,
    0x5B, 0x25, 0xF0, 0x7C, 0x1B, 0xE8, 0x03, 0xA7, 0x14, 0x9D, 0x9B, 0x6E, 0x1F, 0x96, 0x5E, 0xD9,
    0xC7, 0xC0, 0x63, 0x51, 0x91, 0xC9, 0x41, 0xF1, 0x15, 0x28, 0x5E, 0xC2, 0x5A, 0xAC, 0x59, 0x50,
    0x84, 0xA8, 0x91, 0x55, 0x5C, 0x7A, 0x3E, 0xC7, 0x40, 0x01, 0x18, 0xF0, 0xE9, 0xF6, 0x33, 0x6F,
    0x73, 0x18, 0x32, 0x76, 0x21, 0xD1, 0x69, 0x5A, 0x92, 0x99, 0xE8, 0x48, 0xFF, 0x11, 0x5A, 0x0A,
    0x34, 0xCC, 0x53, 0x1D, 0xC3, 0x69, 0xF4, 0x69, 0x62, 0x58, 0x9B, 0x79, 0x85, 0xA9, 0x19, 0x10,
    0xD5, 0x89, 0x12, 0x5A, 0x12, 0x3D, 0x03, 0xD1, 0xB3, 0x33, 0xEC, 0x46, 0x34, 0x87, 0xFA, 0x6D,
    0x99, 0xFA, 0x90, 0xA9, 0x61, 0x0A, 0x2F, 0x53, 0x02, 0x99, 0x44, 0x27, 0x13, 0xFB, 0x1E, 0xEB,
    0xCA, 0xF0, 0x8D, 0xA9, 0xB0, 0x00, 0x05, 0x2B, 0x11, 0x8E, 0x06, 0x5B, 0x32, 0x73, 0x6F, 0x68,
    0xCF, 0xD5, 0x89, 0xB4, 0xF5, 0x9E, 0x55, 0xB4, 0x8F, 0x4E, 0x19, 0xF9, 0xCD, 0x1D, 0x61, 0x34,
    0xAA, 0x3C, 0xA1, 0xC4, 0x7F, 0x8A, 0xF7, 0x0C, 0x33, 0xFA, 0xC2, 0xF0, 0x36, 0x27, 0x32, 0x67,
    0x50, 0x03, 0xC6, 0xD2, 0x03, 0x8C, 0xD7, 0x83, 0x53, 0x92, 0x98, 0x8B, 0x60, 0x27, 0xA1, 0x24,
    0x9C, 0x04, 0xD7, 0xA0, 0x45, 0xA3, 0x47, 0x5D, 0xC0, 0xB5, 0x8C, 0x29, 0x30, 0x14, 0x94, 0x9E,
    0xAF, 0x28, 0xFD, 0x38, 0x1F, 0xD0, 0x6E, 0xF9, 0x87, 0xE4, 0x79, 0xE7, 0xE0, 0xD3, 0x9C, 0x12,
    0x9D, 0x1C, 0xEE, 0x96, 0xFF, 0xF0, 0x26, 0x05, 0x76, 0x4A, 0xC1, 0x37, 0xE6, 0xCD, 0xA2, 0xEE,
    0x88, 0x77, 0x00, 0xE3, 0x0D, 0x0D, 0x78, 0xE3, 0x7F, 0xD7, 0xBC, 0x49, 0x62, 0x4D, 0xEE, 0x7E,
    0x49, 0xF4, 0xD9, 0x67, 0xF8, 0x7F, 0x06, 0x9E, 0x2B, 0x7C, 0xCF, 0x16, 0x7C, 0x1F, 0xFF, 0x3F,
    0xBE, 0xD5, 0x46, 0xBE, 0xC2, 0xD6, 0x0E, 0x3D, 0xF0, 0x18, 0x18, 0x2F, 0xE3, 0x7F, 0x80, 0x1F,
    0xA1, 0x6A, 0x20, 0xFC, 0xD6, 0x56, 0xD1, 0x39, 0x03, 0x01, 0x0C, 0x8E, 0x3E, 0x01, 0x04, 0x8B,
    0x03, 0xF4, 0x80, 0x41, 0x60, 0x4D, 0x1F, 0xE0, 0x20, 0x18, 0xB2, 0x0F, 0xAB, 0x6F, 0x38, 0x51,
    0xF3, 0xCE, 0xC5, 0xAD, 0x06, 0xD3, 0x05, 0x8A, 0x2E, 0xB0, 0xB2, 0xF9, 0x48, 0x8E, 0x41, 0xF5,
    0x9E, 0xA3, 0xE5, 0x60, 0x4C, 0xB1, 0xF2, 0x91, 0x31, 0xAC, 0x5D, 0x00, 0xA3, 0x1C, 0xCC, 0x4A,
    0x08, 0x4B, 0x34, 0x75, 0x14, 0x07, 0xBC, 0xA8, 0x23, 0xDB, 0xA2, 0x14, 0x8E, 0xD5, 0x6A, 0x19,
    0x59, 0x83, 0xB2, 0xA9, 0x7E, 0x86, 0x42, 0xEF, 0xB9, 0xF1, 0x32, 0xE7, 0x04, 0x4F, 0xAE, 0xC1,
    0xE7, 0x88, 0xE7, 0x11, 0x5A, 0x8A, 0xFF, 0x5B, 0x85, 0xBC, 0x1F, 0xB6, 0xE4, 0x93, 0xDC, 0xD7,
    0xE2, 0x45, 0x8D, 0xBB, 0xB7, 0x94, 0x2D, 0x85, 0x29, 0x5D, 0xD2, 0xD1, 0xBA, 0xE5, 0x7E, 0xDF,
    0xF3, 0xE1, 0xFE, 0xB4, 0xE6, 0xF4, 0x2F, 0x2F, 0x5D, 0x7F, 0x38, 0x8E, 0x94, 0xE7, 0x05, 0xA5,
    0x7A, 0x9F, 0xB1, 0x25, 0x9F, 0x43, 0x16, 0x26, 0x9A, 0x93, 0xF8, 0x44, 0x1D, 0x84, 0xDB, 0xF3,
    0x91, 0x71, 0x99, 0x8A, 0x4A, 0xB2, 0xB3, 0xDC, 0x9E, 0x49, 0xC2, 0x99, 0x0E, 0x82, 0xBC, 0x78,
    0x8A, 0x94, 0x4A, 0x21, 0xC2, 0x2B, 0x4E, 0x94, 0x90, 0x2E, 0x29, 0xC4, 0x14, 0x85, 0xE8, 0x34,
    0x8B, 0x34, 0x83, 0x9F, 0x7D, 0x1D, 0xB7, 0x71, 0x1F, 0xF4, 0xFD, 0xE8, 0xB9, 0xA3, 0x65, 0x1E,
    0x41, 0xF3, 0x10, 0xC6, 0x1F, 0x27, 0x9D, 0x2F, 0x1D, 0x92, 0x1C, 0xA1, 0x28, 0x39, 0xAA, 0xE4,
    0x48, 0xCB, 0xA1, 0x91, 0xC5, 0xA9, 0x2C, 0x0A, 0x59, 0x0C, 0x64, 0x21, 0x65, 0x21, 0x3E, 0x2D,
    0xE2, 0x7F, 0x17, 0xD1, 0xF7, 0x45, 0x60, 0x0B, 0x42, 0x99, 0x14, 0x94, 0x17, 0x58, 0xDC, 0xA5,
    0x6B, 0x2E, 0xDF, 0x76, 0xCD, 0xCB, 0x14, 0x64, 0xE4, 0x04, 0x4C, 0xB1, 0x4D, 0x33, 0xBF, 0x89,
    0x19, 0xF5, 0x1A, 0x34, 0xB7, 0x71, 0x1F, 0xEE, 0xCB, 0x34, 0x8B, 0x94, 0x84, 0xF7, 0x89, 0xDB,
    0x28, 0x2C, 0x26, 0xE2, 0x8E, 0xB7, 0x86, 0x1D, 0xF2, 0xBF, 0xCC, 0x35, 0xEF, 0x8A, 0xFF, 0x26,
    0xD7, 0xBC, 0x23, 0xDE, 0x1B, 0x5D, 0xF3, 0x8E, 0x78, 0x1F, 0xD2, 0x83, 0x71, 0x60, 0xF2, 0x58,
    0x8B, 0xFF, 0x29, 0x24, 0x2D, 0x28, 0x78, 0xC0, 0x2B, 0x2A, 0xD1, 0x44, 0xB4, 0xC7, 0x09, 0x97,
    0x72, 0xCE, 0x51, 0xE7, 0x18, 0x69, 0x54, 0x4A, 0x42, 0xC2, 0x13, 0xFC, 0xAC, 0x07, 0xE1, 0xCB,
    0x7A, 0x10, 0xBD, 0xA8, 0x07, 0xC9, 0x3F, 0xEB, 0x81, 0xC0, 0x28, 0x3D, 0xA0, 0x8F, 0xD1, 0xCF,
    0x30, 0x92, 0x81, 0xFB, 0x46, 0x9A, 0x27, 0x30, 0x52, 0xC2, 0x27, 0x82, 0x49, 0x4D, 0x37, 0x58,
    0xEA, 0x87, 0xE4, 0x76, 0xBB, 0xF3, 0xA0, 0xAC, 0xE5, 0xC8, 0x4F, 0x66, 0x8C, 0x97, 0xAB, 0x82,
    0x8D, 0x92, 0xCF, 0x47, 0xB9, 0xF2, 0xA6, 0x1E, 0xDA, 0x13, 0xAF, 0x65, 0xB6, 0xA0, 0xB4, 0xF3,
    0xD4, 0x77, 0x76, 0xCC, 0x7F, 0xB1, 0x0B, 0xB0, 0xAD, 0xA2, 0xEF, 0x34, 0x85, 0xAA, 0xDC, 0x29,
    0xFF, 0x18, 0x29, 0x5B, 0xF2, 0xC2, 0xB8, 0xFF, 0xC5, 0xB5, 0x33, 0xD9, 0x2F, 0xD9, 0x61, 0x7C,
    0x12, 0x83, 0x75, 0xD4, 0x29, 0xB9, 0x93, 0x58, 0x99, 0x20, 0xF0, 0x46, 0x75, 0x86, 0x5A, 0x2C,
    0x60, 0x0B, 0x65, 0x7D, 0xED, 0x4F, 0x63, 0x2E, 0x19, 0x58, 0x39, 0x79, 0xAD, 0xA3, 0xA5, 0xAE,
    0xD8, 0xB9, 0xB2, 0xB6, 0x6E, 0x43, 0xD0, 0x8E, 0x5B, 0x2A, 0x16, 0x65, 0xDA, 0xC6, 0xC8, 0xE8,
    0x35, 0xCE, 0x9A, 0xCB, 0x9E, 0x28, 0xF1, 0x8C, 0x52, 0xD8, 0x53, 0xA2, 0xC7, 0x51, 0xDD, 0x46,
    0xBA, 0x89, 0xAB, 0x46, 0xAA, 0x66, 0xB8, 0x38, 0x08, 0x7C, 0x8D, 0x04, 0x13, 0x95, 0x6D, 0x43,
    0xB3, 0x86, 0xB2, 0x86, 0x52, 0xBE, 0x3F, 0x18, 0x36, 0x76, 0xDA, 0xC0, 0xA4, 0x1E, 0x3A, 0x16,
    0x43, 0x37, 0x9D, 0xCE, 0x92, 0x68, 0xCF, 0x9E, 0x60, 0xC6, 0x07, 0x1C, 0x70, 0x11, 0x53, 0xB2,
    0xD0, 0xCE, 0xA5, 0x9D, 0xE7, 0x2A, 0x2B, 0x88, 0x0B, 0x1E, 0xF0, 0x1A, 0xDA, 0x5F, 0xA1, 0x3A,
    0x5E, 0x08, 0x44, 0xD4, 0xC1, 0xD2, 0x4A, 0xDE, 0x99, 0x76, 0xDF, 0xA5, 0x08, 0x93, 0x2A, 0xFC,
    0xA1, 0x0E, 0xCA, 0x07, 0x57, 0xA2, 0x5D, 0x73, 0xC6, 0xEF, 0x4E, 0x08, 0x93, 0x80, 0x65, 0xAC,
    0x1A, 0xC6, 0xBB, 0x4A, 0xFB, 0x84, 0xE8, 0xBB, 0x32, 0x38, 0xAF, 0x70, 0xE7, 0xE7, 0xAB, 0xD0,
    0x26, 0xCD, 0x13, 0x12, 0x73, 0x5B, 0xED, 0xA7, 0x2F, 0x71, 0x1C, 0x7F, 0x0A, 0xE3, 0x7C, 0x6A,
    0x70, 0xF8, 0x32, 0x48, 0xC8, 0x4C, 0x06, 0x6F, 0xDA, 0x4F, 0x80, 0xB8, 0xA2, 0x2C, 0xA9, 0x4B,
    0xD4, 0xE9, 0xB8, 0xC5, 0xF1, 0xE2, 0xAA, 0x5F, 0x25, 0x38, 0x71, 0xFA, 0x43, 0x97, 0x4D, 0xB9,
    0x4F, 0x0E, 0x8C, 0xCB, 0x7D, 0x05, 0x5F, 0xC1, 0xE4, 0x04, 0x7E, 0xA5, 0xA5, 0xB4, 0x7C, 0x0E,
    0xF9, 0x53, 0x67, 0xF3, 0x8B, 0x43, 0x73, 0xDB, 0x8D, 0xC3, 0xDB, 0x34, 0x3D, 0xB9, 0x89, 0x7E,
    0x98, 0xE4, 0xE4, 0x35, 0xB1, 0xC6, 0xBD, 0xED, 0x2B, 0x9F, 0xDD, 0xDD, 0xB9, 0x26, 0x3F, 0xF6,
    0x05, 0xEC, 0x67, 0x20, 0x6F, 0xF8, 0x8A, 0xCF, 0x16, 0x0F, 0xAF, 0xC5, 0x2F, 0xC2, 0x11, 0x2B,
    0x7E, 0xD5, 0xBA, 0xFF, 0xD5, 0x6B, 0x1B, 0x5E, 0xEE, 0x9C, 0x03, 0x4B, 0x09, 0x9A, 0x6E, 0xF1,
    0xDF, 0x7F, 0xC3, 0x6F, 0x34, 0xF5, 0xB8, 0x90, 0xD9, 0xAE, 0x67, 0xB9, 0x59, 0x00, 0xA6, 0xD0,
    0x4F, 0x32, 0xF7, 0x73, 0xCD, 0x7D, 0x1B, 0xA7, 0x58, 0x54, 0x5D, 0x93, 0x5F, 0xA7, 0xDB, 0x88,
    0xBF, 0x90, 0xFC, 0x5D, 0x91, 0xCF, 0xB5, 0xB6, 0xE7, 0xC7, 0x99, 0x16, 0x12, 0x2E, 0x5A, 0x66,
    0x5C, 0xD7, 0x91, 0x0D, 0x09, 0x32, 0x3D, 0x49, 0xF8, 0xD3, 0x96, 0xB7, 0x4D, 0x64, 0x6E, 0xC4,
    0x5F, 0x21, 0x08, 0x07, 0x9F, 0x79, 0xE1, 0xD6, 0x58, 0x7E, 0x34, 0xC3, 0x9A, 0xFB, 0xEF, 0x73,
    0x05, 0xEE, 0x0B, 0xF4, 0x71, 0xCF, 0xB0, 0xA9, 0xE4, 0xC7, 0x9C, 0x7A, 0x21, 0x72, 0xE3, 0x4C,
    0x1B, 0x7F, 0x8B, 0xAD, 0x51, 0xFD, 0x29, 0x5D, 0x09, 0xDD, 0x73, 0x28, 0x4F, 0xB7, 0xB1, 0x69,
    0x02, 0xFF, 0xD5, 0xA3, 0xDD, 0x58, 0x38, 0x19, 0x5D, 0x6A, 0xD7, 0x9D, 0x88, 0x57, 0x8D, 0xA2,
    0xC4, 0x00, 0xF0, 0x87, 0x6A, 0xEA, 0x84, 0x60, 0xA3, 0xC0, 0xB0, 0xAA, 0x45, 0x47, 0xFE, 0xE7,
    0x77, 0xAE, 0xE7, 0x76, 0xEE, 0xC7, 0xFD, 0x2F, 0x0B, 0x8E, 0x5B, 0xF3, 0xBB, 0x24, 0x18, 0x6E,
    0xCB, 0x0F, 0xAE, 0xD1, 0x9D, 0xD2, 0x56, 0x9D, 0xE3, 0xB6, 0xBC, 0x36, 0x05, 0xD2, 0xAD, 0xE7,
    0xC9, 0xCE, 0x62, 0xD4, 0x61, 0xC3, 0x97, 0xAF, 0xE5, 0x75, 0xBC, 0xDE, 0xEF, 0x3D, 0xD0, 0xFF,
    0xCB, 0x19, 0x8C, 0x1B, 0x2F, 0x98, 0xD3, 0x38, 0xFA, 0x9E, 0xA6, 0x42, 0xA8, 0x76, 0x00, 0x9C,
    0x49, 0xF5, 0xBC, 0x96, 0x94, 0x23, 0x71, 0x4B, 0x4B, 0xF4, 0xC1, 0x78, 0x5F, 0x60, 0xBC, 0xC3,
    0x2E, 0x51, 0xBA, 0x10, 0xDA, 0x60, 0x6F, 0x1B, 0x0B, 0x2C, 0x91, 0x3F, 0x66, 0x96, 0x03, 0xA4,
    0x5A, 0x01, 0x3C, 0x45, 0xE8, 0xD4, 0x9C, 0x3A, 0x25, 0xDF, 0xB9, 0x22, 0xED, 0xBE, 0x53, 0xA9,
    0x2D, 0xA1, 0xD0, 0xA5, 0x3E, 0xDF, 0x91, 0xF6, 0x62, 0x84, 0xBA, 0x82, 0xC0, 0x4B, 0xCF, 0xBC,
    0x66, 0x98, 0x85, 0x53, 0x48, 0xEA, 0xBE, 0x7F, 0x73, 0x4E, 0x23, 0x54, 0x81, 0x34, 0x7E, 0x8C,
    0x40, 0xD1, 0x38, 0x4F, 0x19, 0xE2, 0x98, 0x4F, 0xBF, 0x68, 0x1F, 0x35, 0xF8, 0xB8, 0x9D, 0x2A,
    0x1F, 0x2D, 0x58, 0x01, 0xEC, 0x0C, 0xD1, 0xCC, 0x3A, 0x3C, 0xDD, 0x74, 0xD2, 0xFA, 0xCD, 0x6D,
    0xC4, 0x59, 0x84, 0x2D, 0x38, 0x6D, 0xA8, 0x68, 0x68, 0xB0, 0x28, 0x78, 0x9E, 0xA2, 0x1E, 0xAD,
    0xE8, 0xB3, 0x46, 0xC5, 0xC3, 0x46, 0x1B, 0x1C, 0xF5, 0xAE, 0x44, 0xFD, 0x1D, 0xAD, 0x5A, 0x3D,
    0x6F, 0xE4, 0xC6, 0x19, 0x7E, 0x49, 0xC2, 0xA2, 0x64, 0x26, 0x60, 0x73, 0x85, 0x81, 0x73, 0x6E,
    0x54, 0x1C, 0x10, 0x07, 0xB0, 0x96, 0x2E, 0x2F, 0x00, 0xB9, 0xE4, 0x39, 0x65, 0x8A, 0xE4, 0x1F,
    0xF8, 0x0A, 0x17, 0xE9, 0xCE, 0xC5, 0x01, 0x71, 0x10, 0xEA, 0x48, 0x27, 0xA5, 0x1B, 0xFD, 0x83,
    0xE4, 0x27, 0x08, 0xC8, 0x15, 0x2A, 0x56, 0xB7, 0xBC, 0xB8, 0x48, 0x4B, 0x9F, 0x7F, 0x40, 0x68,
    0xFB, 0x0A, 0x77, 0x66, 0x10, 0x06, 0xA6, 0x00, 0xEE, 0x4E, 0x9E, 0x77, 0x66, 0x76, 0xB5, 0xB7,
    0x5A, 0x69, 0xBF, 0xB8, 0x9A, 0x47, 0xCB, 0x8F, 0x99, 0x87, 0xCF, 0x0C, 0x87, 0xEF, 0xFB, 0xCE,
    0xCB, 0xB5, 0x64, 0x47, 0x16, 0xF0, 0xD6, 0x47, 0x14, 0x44, 0x41, 0x49, 0x34, 0xAC, 0x88, 0xFE,
    0x54, 0x13, 0x35, 0x0D, 0x51, 0x7D, 0x41, 0x56, 0x15, 0x92, 0x53, 0x46, 0xE4, 0x14, 0x03, 0x72,
    0x0B, 0x41, 0x5E, 0xE2, 0x93, 0x2F, 0x65, 0x22, 0xA4, 0xCC, 0xF9, 0x08, 0xCE, 0x94, 0xA8, 0x51,
    0xA5, 0x64, 0xD7, 0x23, 0xB2, 0x6A, 0x47, 0x72, 0x59, 0x24, 0x3E, 0x90, 0x67, 0xBE, 0x6C, 0x8E,
    0x08, 0xD7, 0x8B, 0x40, 0x6F, 0xCB, 0xA9, 0x90, 0xD3, 0x38, 0x19, 0xA6, 0xC4, 0x05, 0x1B, 0xD8,
    0xB5, 0xE5, 0x15, 0x95, 0x8F, 0xD4, 0x05, 0x69, 0x8C, 0xD6, 0x22, 0xEF, 0x5F, 0x58, 0x52, 0x39,
    0xFF, 0xAC, 0x6C, 0x59, 0xD0, 0xF3, 0xED, 0xB5, 0xF5, 0xA4, 0x81, 0xC8, 0x06, 0x89, 0x9B, 0x10,
    0xF9, 0xB8, 0xB8, 0x0F, 0x12, 0xB7, 0xD9, 0x4C, 0xC2, 0x94, 0xA8, 0x25, 0xBB, 0x02, 0x1F, 0x39,
    0x13, 0x22, 0x94, 0x33, 0x52, 0x84, 0x2E, 0x08, 0x7D, 0x10, 0x1E, 0x99, 0x1E, 0x05, 0xA8, 0x26,
    0x25, 0x79, 0xD5, 0xBB, 0x6A, 0x10, 0x63, 0x52, 0xB4, 0x94, 0x02, 0xA3, 0x25, 0xA4, 0xE6, 0xDC,
    0x90, 0x07, 0x99, 0x35, 0x55, 0x07, 0xAA, 0x2D, 0x3D, 0xBD, 0xC2, 0x11, 0x34, 0xB6, 0xC1, 0xEF,
    0xA1, 0xE7, 0x02, 0xBB, 0x3F, 0x5B, 0xB8, 0xA3, 0x38, 0xEF, 0x42, 0x91, 0x28, 0x8F, 0x14, 0xFF,
    0xE9, 0x02, 0x7F, 0x6A, 0xF6, 0xF9, 0xB8, 0x28, 0x0F, 0x50, 0x0F, 0x7C, 0x19, 0xF8, 0xEC, 0xC4,
    0x70, 0x81, 0x33, 0x45, 0xAD, 0xE3, 0xC3, 0x7E, 0xF5, 0xDA, 0xA4, 0xF9, 0x03, 0xF0, 0x7F, 0x8E,
    0x9A, 0x4F, 0xDE, 0xDB, 0x4F, 0xAF, 0x0B, 0x2E, 0xBF, 0xD4, 0xE0, 0x6D, 0xEA, 0x79, 0x7C, 0x6F,
    0xE3, 0xDF, 0x55, 0x2F, 0x8F, 0x27, 0x8F, 0xAB, 0x30, 0xF7, 0x8C, 0xC7, 0xBB, 0x4F, 0xBD, 0x3C,
    0x9E, 0x3C, 0xAE, 0xC1, 0x8C, 0x7F, 0x3F, 0xBD, 0x47, 0x68, 0xEF, 0xFF, 0x2E, 0x21, 0x07, 0x13,
    0x1B, 0x33, 0x1B, 0xFC, 0x73, 0x2A, 0xCA, 0x64, 0x49, 0xA9, 0xDB, 0xA0, 0xED, 0x08, 0x18, 0x02,
    0x01, 0x20, 0x00, 0x9F, 0x91, 0x18, 0x98, 0x63, 0x81, 0xA9, 0x33, 0x52, 0x6D, 0xB8, 0xAD, 0x9A,
    0xBE, 0x74, 0x81, 0xA7, 0xAB, 0x65, 0xD4, 0x4B, 0x20, 0x7B, 0xDA, 0xE2, 0x29, 0x6D, 0x29, 0xF8,
    0xB8, 0x45, 0xCB, 0x16, 0x7D, 0x6E, 0xD1, 0xFE, 0x1A, 0xBC, 0x1F, 0x03, 0x22, 0x6F, 0xC9, 0x43,
    0x3D, 0x6B, 0x5C, 0xE1, 0x3B, 0x47, 0x9B, 0x86, 0xFC, 0x2F, 0x26, 0xB8, 0x7A, 0x00, 0xF8, 0xB9,
    0x9F, 0x78, 0x85, 0x9F, 0xB8, 0x80, 0x53, 0x64, 0x13, 0xA7, 0x64, 0xF0, 0xB6, 0x3E, 0xC6, 0xE7,
    0xB8, 0x0E, 0xEA, 0x3E, 0xBE, 0x54, 0x6D, 0x99, 0x83, 0xE8, 0x43, 0x33, 0x2A, 0x29, 0x8F, 0x6D,
    0xC1, 0x98, 0xEF, 0x4F, 0x47, 0xA8, 0xD7, 0x51, 0xFC, 0xB8, 0xC3, 0x98, 0xE9, 0xDE, 0x2F, 0x2A,
    0xE3, 0xFD, 0x88, 0x7B, 0x9C, 0xA7, 0xAA, 0x9E, 0x35, 0x7E, 0x83, 0xEF, 0x12, 0x65, 0x7E, 0x27,
    0x32, 0xD9, 0xA2, 0xA4, 0x8A, 0x71, 0xB1, 0x64, 0xB2, 0x46, 0x59, 0x75, 0x7C, 0x82, 0xC2, 0x06,
    0x7B, 0xC9, 0x68, 0xAB, 0x8F, 0x35, 0x3E, 0x53, 0x03, 0x10, 0xE4, 0x97, 0xB8, 0x70, 0x00, 0x01,
    0x82, 0x24, 0x6E, 0x20, 0xA3, 0x35, 0x37, 0x98, 0x27, 0x4B, 0x70, 0xF6, 0x1E, 0xEA, 0xC1, 0x80,
    0x41, 0x90, 0x67, 0x15, 0xEE, 0x5F, 0x0B, 0x07, 0x5D, 0xBD, 0xDC, 0x4F, 0x53, 0x7E, 0x4E, 0xF6,
    0xD7, 0xD0, 0xC4, 0xBD, 0xCB, 0x92, 0xBD, 0x75, 0x31, 0xF3, 0x54, 0x95, 0x74, 0x2F, 0x5D, 0x34,
    0x30, 0xB3, 0x99, 0x31, 0xD8, 0x7F, 0xBC, 0x76, 0x54, 0x41, 0xEC, 0x7C, 0x8C, 0x37, 0xB0, 0x26,
    0xDB, 0x5F, 0x18, 0x40, 0x7B, 0x38, 0x2E, 0xFD, 0x34, 0xBB, 0xD8, 0xB7, 0x3B, 0x3C, 0xD4, 0xB9,
    0xF3, 0x55, 0x61, 0xC9, 0x84, 0x9F, 0xD9, 0x7B, 0xBB, 0x0F, 0x92, 0x95, 0xFF, 0x9E, 0xEC, 0xEF,
    0xC0, 0xCF, 0x93, 0x9B, 0x07, 0xEA, 0x70, 0xCF, 0x9B, 0xC7, 0xD6, 0xC6, 0x37, 0xD6, 0xFD, 0xE2,
    0xF3, 0x6B, 0xEB, 0xBE, 0x91, 0x75, 0xF3, 0x15, 0xD8, 0x62, 0x44, 0x40, 0x0C, 0x08, 0xF6, 0xD3,
    0x95, 0xB8, 0xB6, 0x6E, 0x87, 0xEA, 0x9A, 0x32, 0x77, 0x5E, 0x97, 0x76, 0x92, 0xCF, 0x84, 0xFE,
    0xE0, 0xCB, 0x49, 0x9C, 0x44, 0xA7, 0x14, 0x8D, 0x28, 0x6A, 0x55, 0xC1, 0x06, 0x76, 0xE3, 0xE4,
    0x12, 0xA7, 0x6C, 0x79, 0xAA, 0x2E, 0x87, 0x32, 0x7A, 0x68, 0xB7, 0xB1, 0xAC, 0xEF, 0x4F, 0x13,
    0x3A, 0x7F, 0x1F, 0x86, 0x32, 0x84, 0x16, 0x74, 0xC6, 0x2B, 0xB7, 0x74, 0x1C, 0xEB, 0xA5, 0xAE,
    0x0C, 0x63, 0x76, 0x94, 0xEA, 0xE5, 0x7A, 0x54, 0x19, 0x5E, 0xDE, 0xBB, 0x54, 0x6E, 0x94, 0xA9,
    0x12, 0xED, 0x2D, 0xB5, 0x2F, 0x49, 0x64, 0xC2, 0x04, 0x1F, 0x24, 0xE3, 0x44, 0xFB, 0x26, 0xC4,
    0x63, 0x42, 0xDD, 0xFF, 0xFD, 0x65, 0x1E, 0x9A, 0xC9, 0x0B, 0xF3, 0x87, 0xA9, 0x44, 0xB3, 0xB9,
    0x74, 0x01, 0x29, 0x77, 0x61, 0x0C, 0x79, 0x8C, 0x75, 0xF5, 0x1C, 0x75, 0xAF, 0xC2, 0x9A, 0x9E,
    0x3C, 0x64, 0xDA, 0x93, 0x99, 0x82, 0xC5, 0x12, 0xCB, 0x3C, 0x96, 0xCD, 0xD0, 0xEA, 0x22, 0x3A,
    0x8D, 0x28, 0x8A, 0x68, 0xB8, 0xB2, 0xC0, 0x39, 0xCD, 0xFF, 0x32, 0xC9, 0x4F, 0xB3, 0xAC, 0x17,
    0x8F, 0x71, 0x18, 0xAB, 0xB0, 0xE6, 0xCF, 0x35, 0x16, 0x84, 0x91, 0xC9, 0x4A, 0x61, 0xB6, 0xEF,
    0xFD, 0xC8, 0x8E, 0x73, 0x82, 0xED, 0x0C, 0x10, 0xCA, 0x25, 0x02, 0xF9, 0x5D, 0x70, 0xBF, 0xCE,
    0x85, 0x2C, 0xDE, 0x0F, 0xE6, 0x46, 0x9A, 0xED, 0x0C, 0xC1, 0x8F, 0x6F, 0x56, 0x74, 0x7D, 0x90,
    0x10, 0x58, 0x68, 0x4E, 0x33, 0x63, 0xEB, 0x34, 0x6E, 0x84, 0x3E, 0xCB, 0x61, 0xD0, 0xD0, 0xC2,
    0x53, 0x80, 0x29, 0xE3, 0x4D, 0x99, 0x87, 0xA9, 0x68, 0x2F, 0x41, 0xCC, 0xB0, 0xC8, 0xB2, 0x8F,
    0xA0, 0x9F, 0x3B, 0xB9, 0xEF, 0xE5, 0x9E, 0x24, 0xAB, 0xDD, 0x4B, 0x13, 0x78, 0xC8, 0xF7, 0x60,
    0x05, 0x40, 0x3B, 0xA7, 0xDA, 0x43, 0xD7, 0x6E, 0x2A, 0xB0, 0x86, 0x81, 0x13, 0x82, 0xF5, 0xF1,
    0xF0, 0x84, 0xB7, 0xEA, 0x94, 0xAD, 0x9D, 0x91, 0xDA, 0xDE, 0x47, 0x10, 0x3F, 0x77, 0x7A, 0xD1,
    0x05, 0x4F, 0x64, 0xF3, 0xFE, 0x4B, 0xE6, 0xB4, 0x3A, 0x2E, 0x73, 0xF2, 0xDD, 0x64, 0xEF, 0xA2,
    0x07, 0x51, 0x67, 0xBE, 0x23, 0x92, 0xF6, 0x59, 0x40, 0xED, 0x18, 0x1C, 0xA2, 0xA1, 0x21, 0x42,
    0x4D, 0xB7, 0xC6, 0x7F, 0xDD, 0x01, 0x6C, 0x6C, 0x52, 0x54, 0xB0, 0x50, 0xC0, 0x7E, 0xD8, 0x32,
    0xB1, 0x27, 0xCA, 0xA5, 0xE2, 0x19, 0x85, 0x43, 0x45, 0x54, 0xAF, 0xDC, 0xA9, 0x2B, 0x3B, 0x97,
    0xFD, 0x6D, 0xB8, 0xAE, 0xA0, 0x5B, 0xDD, 0x07, 0x76, 0x13, 0xCB, 0xCA, 0x83, 0xC9, 0x7B, 0xC8,
    0x7D, 0xB5, 0x24, 0xB9, 0xFF, 0x2A, 0x6C, 0x32, 0x4E, 0x24, 0x90, 0x05, 0x0A, 0x5F, 0xEE, 0xEE,
    0xE2, 0x72, 0xF9, 0x54, 0xE4, 0x30, 0x7D, 0x30, 0xF0, 0x21, 0xCC, 0x75, 0x08, 0xF3, 0x19, 0x62,
    0x2D, 0x1C, 0x3A, 0x35, 0x85, 0x70, 0x9F, 0x21, 0xAC, 0x7D, 0xC8, 0x1E, 0x04, 0xC2, 0xE2, 0x46,
    0x23, 0x84, 0xE7, 0x53, 0xC7, 0xDD, 0x8A, 0x42, 0xAB, 0x41, 0xFD, 0x11, 0x10, 0x9B, 0xF6, 0xBE,
    0x7E, 0xCA, 0x02, 0x6D, 0x89, 0xB9, 0xA7, 0xA8, 0x42, 0x2F, 0x56, 0xDF, 0xCC, 0xAE, 0x71, 0xEA,
    0xC6, 0x2F, 0x9A, 0xE7, 0xF4, 0xBF, 0x96, 0x60, 0xB9, 0x50, 0xB0, 0xD1, 0x64, 0xC4, 0x07, 0x71,
    0x8A, 0x57, 0x10, 0xCA, 0xCF, 0x8E, 0x78, 0xE1, 0xE0, 0x35, 0xBC, 0xDC, 0xDE, 0xB4, 0x15, 0x5C,
    0x80, 0x32, 0x85, 0xF0, 0x2D, 0x3A, 0x5A, 0x49, 0xB7, 0x2C, 0x26, 0xD4, 0x73, 0x49, 0xF9, 0x50,
    0x7A, 0xB3, 0xC5, 0x93, 0xB0, 0x76, 0x56, 0x1E, 0x98, 0x59, 0x39, 0xD9, 0x55, 0x95, 0x76, 0xC0,
    0x29, 0x39, 0x1D, 0x77, 0xB3, 0x6F, 0x51, 0xEA, 0xC3, 0xE9, 0x07, 0x87, 0x93, 0x41, 0xA5, 0x5A,
    0x8F, 0xA6, 0x03, 0x4A, 0x4F, 0x66, 0xE5, 0x43, 0x55, 0x36, 0x10, 0x9A, 0x75, 0x21, 0x31, 0x68,
    0x34, 0xC3, 0x23, 0x83, 0xDE, 0x86, 0xCB, 0xAE, 0x52, 0xA7, 0xE6, 0x82, 0x8D, 0x5B, 0x55, 0xAC,
    0x1B, 0x1F, 0xD8, 0xA9, 0x91, 0xD3, 0x6A, 0xF0, 0xF6, 0xDD, 0x2A, 0x94, 0x45, 0x5B, 0x85, 0x6F,
    0x0B, 0xC4, 0x3A, 0x78, 0xD0, 0x11, 0x80, 0x08, 0x58, 0xD3, 0x0C, 0xC7, 0x7E, 0xB9, 0xAA, 0x9E,
    0x94, 0x25, 0xE3, 0x4E, 0x5D, 0x97, 0x18, 0x77, 0x2C, 0x7D, 0x0F, 0x78, 0xE9, 0x8B, 0x3A, 0xEF,
    0x6E, 0x62, 0x72, 0x8D, 0x55, 0x51, 0x27, 0x3E, 0x22, 0xB5, 0xF8, 0x17, 0x19, 0x4A, 0x22, 0xB2,
    0x42, 0x64, 0xA5, 0x38, 0xAD, 0x45, 0xFA, 0x42, 0xA4, 0xA9, 0x48, 0x23, 0x91, 0x0A, 0x91, 0xFA,
    0x9F, 0xA4, 0xEE, 0xDF, 0x52, 0xE7, 0xDF, 0xA9, 0x25, 0x53, 0x42, 0x19, 0xA7, 0x14, 0xF3, 0x9A,
    0xFE, 0x50, 0x3D, 0xC1, 0x3A, 0x67, 0x36, 0x73, 0x9B, 0x4F, 0xA7, 0x58, 0x24, 0x94, 0xAD, 0x5B,
    0x37, 0x56, 0xD3, 0x70, 0x0A, 0xAE, 0x5D, 0x59, 0x76, 0xBC, 0x22, 0xA9, 0x3C, 0x57, 0x40, 0x96,
    0x4A, 0xB5, 0x6D, 0x78, 0xAD, 0x25, 0xD3, 0x80, 0x78, 0x8F, 0xC3, 0x3E, 0x0C, 0xD8, 0xD0, 0xAC,
    0x79, 0x76, 0x13, 0x73, 0x64, 0x93, 0xFF, 0xDB, 0xC4, 0x51, 0x4A, 0xE8, 0x78, 0xBB, 0xEE, 0x0F,
    0x4D, 0x68, 0x1C, 0x9A, 0xBB, 0xF3, 0xD9, 0x5B, 0xA9, 0xD8, 0x8A, 0x10, 0xBB, 0xC2, 0xA7, 0x64,
    0xF0, 0x29, 0x62, 0x16, 0xC4, 0xE5, 0x77, 0x61, 0xA9, 0x07, 0x29, 0x7A, 0x70, 0x21, 0xD2, 0x50,
    0xA4, 0x03, 0xC8, 0x17, 0xA9, 0xA7, 0xE5, 0xFF, 0xA8, 0xE4, 0x67, 0x5A, 0x3E, 0x27, 0x66, 0x4C,
    0x19, 0xF2, 0x02, 0xD5, 0x69, 0x36, 0x1E, 0x4E, 0x15, 0x01, 0xC0, 0x60, 0xC3, 0x2F, 0x05, 0xB9,
    0xB5, 0x2A, 0x4F, 0xFD, 0xB4, 0xC2, 0xEC, 0x45, 0x4C, 0x59, 0x66, 0x2A, 0x09, 0x13, 0xC0, 0x83,
    0x0C, 0x75, 0x12, 0x96, 0x51, 0x2D, 0xA1, 0xE4, 0x73, 0x5C, 0x87, 0xEB, 0x72, 0x1B, 0x6E, 0xCB,
    0x1C, 0x2E, 0x7C, 0xBE, 0xBB, 0x32, 0xE7, 0x81, 0x50, 0x44, 0x42, 0x40, 0xD2, 0x61, 0x18, 0x87,
    0x6A, 0x79, 0xDA, 0xC1, 0xFC, 0xB0, 0x13, 0xE6, 0x6F, 0xDE, 0xE7, 0xE3, 0x7C, 0x9E, 0xEB, 0x71,
    0xFD, 0x5B, 0x53, 0xD7, 0x3D, 0x69, 0xC5, 0x9A, 0x8F, 0xB0, 0xE8, 0x23, 0x5E, 0xF5, 0x2D, 0x2E,
    0xFB, 0x76, 0xD6, 0xFB, 0x0E, 0x67, 0xDF, 0xFC, 0x84, 0xA2, 0x01, 0x62, 0x24, 0x4E, 0x96, 0x7E,
    0xD6, 0xAB, 0x5E, 0xBA, 0x87, 0xB9, 0x1F, 0x62, 0x12, 0x36, 0x17, 0xB0, 0x48, 0x35, 0x59, 0x5F,
    0x14, 0xFB, 0xE9, 0x1D, 0xCB, 0xCA, 0x91, 0xB2, 0xF2, 0x5F, 0xD5, 0x24, 0x60, 0x11, 0x02, 0x20,
    0x32, 0x08, 0x15, 0x64, 0xA1, 0xA1, 0xF7, 0xF9, 0xF8, 0xC0, 0xD2, 0x75, 0xB9, 0x0D, 0xDA, 0xD6,
    0xE0, 0xA8, 0x9D, 0x06, 0x6B, 0xC2, 0x0E, 0xF1, 0xBC, 0xF8, 0xBE, 0x3C, 0xF1, 0x5F, 0x55, 0xA1,
    0xF7, 0xAA, 0x0E, 0x3D, 0x69, 0x50, 0x50, 0x04, 0x0C, 0xFC, 0x92, 0x84, 0xA8, 0x13, 0xD4, 0x2B,
    0xED, 0x26, 0xC8, 0x75, 0xEA, 0x21, 0xD7, 0xCB, 0xBA, 0x8B, 0xEB, 0x44, 0x65, 0x80, 0xD0, 0x87,
    0xE3, 0xC6, 0xD4, 0xE6, 0xD4, 0x5C, 0x6A, 0x52, 0x73, 0x33, 0xA4, 0xEA, 0xB8, 0x5E, 0x0F, 0xE5,
    0x94, 0x82, 0x37, 0x85, 0x97, 0x4C, 0xA1, 0x47, 0xA7, 0xF2, 0x52, 0x93, 0xB4, 0x14, 0xB4, 0xD2,
    0xD2, 0xDD, 0x97, 0x25, 0x1E, 0x97, 0xAB, 0x75, 0xC1, 0x68, 0x6F, 0x1A, 0xE8, 0xDA, 0x5E, 0xC0,
    0x9F, 0xB3, 0x43, 0xC7, 0xB8, 0x4F, 0x60, 0x29, 0xFC, 0x33, 0x7E, 0xB9, 0x70, 0x47, 0xD1, 0x83,
    0x83, 0x0D, 0xD8, 0xFF, 0x4B, 0x18, 0x18, 0x1B, 0xEB, 0x89, 0x2F, 0x11, 0xF9, 0x60, 0x97, 0xDF,
    0x68, 0xCC, 0x8C, 0x57, 0x5F, 0x4A, 0x8F, 0xEC, 0xE4, 0xA6, 0x61, 0xDC, 0x70, 0xB4, 0x38, 0x25,
    0xCE, 0xE1, 0x58, 0xC2, 0xE6, 0xF1, 0x23, 0x3D, 0x17, 0xDF, 0x78, 0xB2, 0x13, 0xF9, 0x1F, 0xF4,
    0xDA, 0x1F, 0xFF, 0x83, 0x84, 0xDF, 0xCA, 0x20, 0x42, 0x66, 0x03, 0xC4, 0x6B, 0x90, 0xE7, 0xEA,
    0xEE, 0xA0, 0xC4, 0xBF, 0xA6, 0xCB, 0x58, 0xB6, 0x9E, 0x3C, 0xBB, 0xE9, 0xE3, 0x98, 0x5B, 0xBE,
    0xF1, 0x65, 0x17, 0x24, 0x1F, 0x18, 0x92, 0x2B, 0xE5, 0x86, 0xEF, 0xB7, 0x6A, 0x54, 0x86, 0xBF,
    0xE2, 0xB6, 0xDD, 0x7D, 0xB4, 0x3D, 0x54, 0xB9, 0x8B, 0x71, 0x61, 0x7F, 0x57, 0x71, 0x92, 0x6C,
    0x67, 0x0D, 0x37, 0x78, 0x36, 0xD7, 0xB0, 0xE5, 0x15, 0x5F, 0xA2, 0x95, 0x87, 0x5B, 0xA3, 0xB3,
    0x0B, 0x9C, 0x4A, 0x21, 0x6B, 0xA2, 0xAF, 0xD5, 0x06, 0xC9, 0xBD, 0x35, 0xFD, 0x1D, 0x2A, 0x1A,
    0x5F, 0xB5, 0x02, 0x71, 0xFE, 0xC4, 0xFA, 0x0F, 0x1E, 0x45, 0x35, 0x7A, 0x47, 0xBB, 0xDF, 0x02,
    0x74, 0xD9, 0xFE, 0xB6, 0x62, 0x9E, 0xF8, 0x3A, 0xB7, 0xB8, 0x61, 0xF7, 0xA5, 0x94, 0x09, 0x43,
    0x39, 0xC9, 0x7D, 0x10, 0x9A, 0x6F, 0xC1, 0x97, 0x26, 0x1E, 0x14, 0xA2, 0x73, 0xBD, 0xE0, 0x9C,
    0x21, 0x96, 0x53, 0x85, 0xC5, 0x63, 0xCB, 0x50, 0x53, 0xB3, 0xB3, 0xD8, 0xC8, 0x81, 0x6B, 0xA2,
    0x73, 0xB2, 0x1C, 0xA3, 0xF1, 0xC9, 0x00, 0xDF, 0x6C, 0x83, 0x12, 0x9D, 0x4F, 0xE2, 0xC8, 0x42,
    0x19, 0x22, 0xD3, 0xE7, 0xDE, 0xFA, 0xA2, 0x44, 0xD4, 0x1A, 0xE7, 0x30, 0xD8, 0x75, 0xBD, 0x43,
    0x1F, 0x0E, 0x38, 0xDA, 0x45, 0x1F, 0xAE, 0xD6, 0xEA, 0x12, 0x70, 0xEA, 0x8C, 0xB5, 0xBA, 0x36,
    0x18, 0xCF, 0xE5, 0x63, 0xCB, 0x5A, 0xAC, 0xE6, 0x89, 0x76, 0xF6, 0xDE, 0xB5, 0x13, 0x62, 0x27,
    0xB3, 0x2D, 0x38, 0x46, 0x64, 0xC7, 0x14, 0x27, 0xFA, 0x6D, 0x8E, 0x8D, 0xD9, 0x0D, 0x6E, 0x50,
    0x2F, 0x32, 0xAB, 0x8C, 0xDB, 0x8A, 0x32, 0xA4, 0x28, 0xA6, 0x48, 0xE4, 0x91, 0x27, 0x27, 0x96,
    0x6C, 0x57, 0x45, 0x1F, 0x7D, 0x89, 0x62, 0x45, 0x6F, 0x53, 0x6F, 0x28, 0xEA, 0xB6, 0x30, 0xA3,
    0x2F, 0x61, 0x2B, 0x53, 0xD7, 0x1B, 0x6A, 0x53, 0x4D, 0x5E, 0xE7, 0x64, 0xBD, 0x2A, 0xD4, 0xF7,
    0x8C, 0xA2, 0x2F, 0x6D, 0xCC, 0xF7, 0x3A, 0x67, 0x76, 0x90, 0x3F, 0xDF, 0x52, 0xDB, 0xF1, 0x3D,
    0xF8, 0x02, 0x98, 0x03, 0xAC, 0xFC, 0x9D, 0xD7, 0x18, 0xBF, 0xC7, 0x79, 0xBF, 0xDA, 0xC0, 0x0F,
    0xFA, 0xBA, 0x01, 0xF9, 0x8C, 0x7B, 0x53, 0x6D, 0xFB, 0x69, 0x18, 0x19, 0x0D, 0xE6, 0x37, 0x00,
    0xB3, 0xA7, 0x32, 0x2E, 0xD5, 0xA2, 0x7C, 0x33, 0x09, 0x2A, 0xD5, 0x66, 0x97, 0xF3, 0x77, 0x55,
    0xF3, 0x80, 0x2A, 0x86, 0x6D, 0x6B, 0x5E, 0x10, 0x9D, 0x1D, 0x9B, 0x0E, 0x5D, 0x07, 0x96, 0xCB,
    0x38, 0xF1, 0x7F, 0x53, 0x9C, 0x88, 0xAF, 0x8A, 0x93, 0x00, 0x88, 0xBE, 0x29, 0x7E, 0xF1, 0xEC,
    0xBF, 0xC5, 0x83, 0xF3, 0x7F, 0x14, 0x0F, 0xEA, 0x3F, 0xE6, 0x7E, 0x15, 0xE7, 0x7E, 0xC1, 0x10,
    0x6A, 0xC5, 0x42, 0x07, 0x33, 0xFE, 0x52, 0xFF, 0x4E, 0x23, 0x3F, 0x9E, 0x4F, 0xB6, 0x14, 0x16,
    0x82, 0x11, 0xF2, 0x2F, 0x37, 0xBC, 0x8F, 0xAB, 0xC8, 0xFF, 0x4B, 0x19, 0x81, 0x77, 0x30, 0xF8,
    0xA6, 0x78, 0xF0, 0xE8, 0xFB, 0xC2, 0x7F, 0xF6, 0x53, 0xEE, 0xD7, 0x7F, 0x66, 0xCE, 0xC4, 0x2B,
    0x10, 0xDA, 0xE6, 0x82, 0x6E, 0xD3, 0x7B, 0x4A, 0x76, 0x8D, 0x00, 0xB8, 0x0A, 0x88, 0xD3, 0xD6,
    0x9C, 0xBC, 0x16, 0xD8, 0x1B, 0xE2, 0x28, 0xC2, 0x82, 0x16, 0x5E, 0xE7, 0x65, 0x6D, 0x46, 0xAA,
    0xD0, 0xBF, 0xD0, 0xB8, 0x0D, 0xB7, 0xBC, 0x33, 0xD0, 0x7A, 0x85, 0x7A, 0x47, 0x36, 0xE4, 0x80,
    0x98, 0x5F, 0x6A, 0xF0, 0x7B, 0xEF, 0x7C, 0x84, 0x90, 0x1B, 0x33, 0xAD, 0x84, 0x7B, 0x84, 0x33,
    0xA5, 0x9F, 0x78, 0x99, 0xCE, 0xEF, 0xD9, 0x72, 0xE5, 0xF7, 0xE6, 0x77, 0xAA, 0xD3, 0xEB, 0x11,
    0x8E, 0x9F, 0x09, 0x9A, 0xEC, 0x66, 0xA4, 0xBE, 0x67, 0x9F, 0xDE, 0xF4, 0xCF, 0x7F, 0x79, 0x61,
    0x16, 0x9C, 0x26, 0x24, 0x8A, 0xA5, 0x54, 0x98, 0x8B, 0x61, 0xE3, 0xCC, 0x91, 0xA5, 0x6F, 0x66,
    0xD3, 0xD0, 0xA4, 0x10, 0x1A, 0x9D, 0xE5, 0x71, 0xCD, 0x5B, 0x99, 0xD9, 0xA9, 0x0C, 0x6D, 0x19,
    0x2B, 0x03, 0x64, 0x04, 0xF3, 0x63, 0x36, 0xA1, 0x15, 0x37, 0x89, 0xF9, 0xAC, 0x5D, 0xF3, 0x02,
    0x1C, 0x7B, 0x81, 0x7A, 0xA9, 0x23, 0x65, 0x83, 0xA2, 0x2E, 0x9D, 0x19, 0x2C, 0xBC, 0xDD, 0xE9,
    0x4D, 0xDB, 0x8D, 0x6C, 0xF2, 0xE6, 0xDA, 0x6E, 0xF3, 0xE9, 0x7D, 0x69, 0x5B, 0x99, 0x43, 0xD8,
    0x54, 0x1B, 0xFF, 0x26, 0xA9, 0x0E, 0x92, 0xBF, 0x47, 0xDB, 0x67, 0x2D, 0xFF, 0x0F, 0xB5, 0x59,
    0xC1, 0x6E, 0xDC, 0x46, 0x12, 0x2D, 0x92, 0xB0, 0x68, 0x87, 0x89, 0xFB, 0x92, 0x83, 0x00, 0xAF,
    0x45, 0x1F, 0x74, 0xB0, 0x81, 0x68, 0xC6, 0x87, 0x1C, 0x36, 0x00, 0x39, 0xEC, 0xE4, 0x92, 0x43,
    0x0E, 0xFB, 0x09, 0xAB, 0x43, 0x0E, 0x7B, 0xD3, 0x1E, 0x1D, 0x80, 0xE3, 0xE9, 0x64, 0x0F, 0xBB,
    0xB7, 0x08, 0xD9, 0x0F, 0x58, 0x1F, 0xF6, 0x03, 0x72, 0xD0, 0x02, 0x0A, 0x30, 0xDE, 0xA1, 0xE3,
    0x1F, 0x60, 0xD6, 0x1F, 0x10, 0x06, 0xF0, 0x61, 0x81, 0x04, 0x4E, 0x3B, 0x26, 0x12, 0x7A, 0x41,
    0x4D, 0xEF, 0xAB, 0x6E, 0x8E, 0x34, 0x91, 0x66, 0xE2, 0x91, 0x34, 0x1E, 0xF5, 0xD3, 0x68, 0x7A,
    0xC8, 0x62, 0x75, 0x75, 0xD5, 0xAB, 0xAA, 0x16, 0x11, 0xD5, 0xC4, 0xD8, 0xFB, 0x4E, 0xFB, 0xC6,
    0x54, 0x51, 0x39, 0x52, 0x42, 0x0A, 0xD5, 0xA7, 0xB0, 0x18, 0x50, 0x50, 0xA6, 0x0E, 0xD5, 0x69,
    0xF0, 0x77, 0x7C, 0x0D, 0x5F, 0x8B, 0x7B, 0xC8, 0x37, 0x47, 0x44, 0x7B, 0x15, 0x44, 0x85, 0x85,
    0x43, 0xA4, 0xBC, 0xC9, 0xE7, 0x32, 0x32, 0x86, 0xFA, 0xF2, 0x88, 0x52, 0x1A, 0xD0, 0x98, 0x62,
    0x6A, 0x29, 0x96, 0x0D, 0x09, 0xC9, 0xEF, 0xFC, 0x39, 0xA5, 0x0C, 0xDF, 0xB7, 0x14, 0x99, 0x9A,
    0xBC, 0x89, 0xC2, 0xFD, 0x41, 0xE9, 0x10, 0x16, 0x63, 0x32, 0x6A, 0x4C, 0x53, 0xDC, 0xD7, 0xAC,
    0x88, 0x9A, 0x72, 0x86, 0xA7, 0x29, 0x0B, 0x34, 0xC5, 0xA6, 0x24, 0x7F, 0x0A, 0x91, 0x14, 0x59,
    0x7D, 0x88, 0x84, 0x4A, 0x3D, 0x43, 0xA9, 0x07, 0x7D, 0x70, 0xCD, 0x32, 0x0C, 0x80, 0xF8, 0x7D,
    0x4D, 0xC2, 0x68, 0xAC, 0xEB, 0x01, 0xEE, 0xDF, 0xBF, 0x4B, 0xF4, 0x95, 0x26, 0xEA, 0x43, 0xC6,
    0x06, 0x0B, 0xA4, 0x4C, 0x65, 0x9A, 0x7F, 0x92, 0xB1, 0x57, 0x25, 0x89, 0x5F, 0x26, 0x3B, 0x41,
    0x91, 0x6C, 0x31, 0x42, 0x95, 0xC4, 0x91, 0x4C, 0x62, 0x41, 0x89, 0x00, 0xE2, 0x2D, 0x4A, 0xB6,
    0x76, 0x80, 0x84, 0x92, 0x1D, 0x20, 0xB9, 0x47, 0xC9, 0xE1, 0x01, 0x65, 0x7A, 0xA2, 0x33, 0x35,
    0x81, 0xCC, 0xCD, 0xED, 0x4C, 0xDD, 0x3C, 0xC8, 0x74, 0x58, 0x42, 0x96, 0x4C, 0x12, 0xC2, 0x75,
    0xC0, 0x16, 0x64, 0x33, 0x62, 0xAA, 0x92, 0xD8, 0x2B, 0x13, 0x01, 0xD9, 0x71, 0xA0, 0x92, 0x2D,
    0xC8, 0xDE, 0x82, 0xDC, 0x9D, 0xEB, 0x90, 0x75, 0x13, 0xB2, 0xDE, 0x21, 0xAB, 0x09, 0xF4, 0xA1,
    0x2D, 0x28, 0xD6, 0xDB, 0xDC, 0xA6, 0xDE, 0xCD, 0x03, 0xEA, 0x85, 0x25, 0xF5, 0x3C, 0x49, 0x3D,
    0x9E, 0xC3, 0xEA, 0x9F, 0xC5, 0x3A, 0x9B, 0xC6, 0x3A, 0x1F, 0x50, 0x79, 0xD8, 0xA3, 0xE2, 0xA0,
    0xE7, 0x15, 0x75, 0xCF, 0x57, 0xBA, 0x17, 0xC8, 0xBA, 0x17, 0xD2, 0x41, 0x2F, 0xA2, 0xC3, 0xDE,
    0x75, 0x4A, 0x7B, 0x6F, 0x51, 0x1F, 0xD7, 0x45, 0x4D, 0x5F, 0xD7, 0xB0, 0xD9, 0xC5, 0x20, 0x80,
    0x58, 0x9A, 0x9F, 0x0D, 0x99, 0x9F, 0x1B, 0xEC, 0x89, 0x90, 0x39, 0x6C, 0xE7, 0xDE, 0x89, 0x1C,
    0xC4, 0xCA, 0x18, 0x4D, 0x1D, 0xB0, 0x7F, 0x40, 0xCC, 0xD6, 0xC7, 0x9F, 0x2D, 0x50, 0xD1, 0x3B,
    0x04, 0x17, 0xA2, 0xD4, 0xAF, 0xD2, 0x40, 0xF3, 0xEF, 0xE3, 0x8F, 0xCB, 0xC7, 0xC0, 0xAF, 0xFA,
    0x9F, 0x55, 0xD1, 0x07, 0x15, 0xDC, 0x98, 0x47, 0x54, 0x78, 0x46, 0xC1, 0x25, 0x74, 0x12, 0xAA,
    0x1A, 0x68, 0x80, 0xB6, 0xC3, 0x11, 0xF0, 0x0C, 0xF8, 0x11, 0xF8, 0x3E, 0x0F, 0xD5, 0x2F, 0xE3,
    0x50, 0xBD, 0xF8, 0x21, 0x54, 0x3F, 0x01, 0xCF, 0xDB, 0x50, 0x69, 0x8B, 0x48, 0xE9, 0xB1, 0x90,
    0x3A, 0x37, 0x90, 0xD1, 0x00, 0x42, 0xD6, 0x49, 0x0C, 0x39, 0x70, 0x73, 0x6C, 0x27, 0xE3, 0x28,
    0x11, 0xF4, 0x0C, 0xF8, 0x11, 0xF8, 0x3E, 0x17, 0xF4, 0xCB, 0x58, 0xD0, 0x8B, 0x1F, 0x04, 0xFD,
    0x04, 0x3C, 0x6F, 0x05, 0xE9, 0x19, 0x30, 0xAF, 0xF1, 0x3D, 0x64, 0x74, 0xCB, 0x65, 0xF4, 0xB1,
    0x7F, 0x08, 0xAF, 0x88, 0x23, 0x55, 0x48, 0xE7, 0x86, 0xFC, 0xEE, 0x5E, 0x7B, 0x95, 0x20, 0x83,
    0x7B, 0x6B, 0xBE, 0x2F, 0x5D, 0x0D, 0x27, 0xB2, 0x4F, 0x4C, 0x49, 0xFB, 0xB7, 0x40, 0x04, 0x07,
    0x98, 0xAA, 0x38, 0x52, 0x88, 0xFC, 0xEE, 0x01, 0x31, 0xA2, 0xA7, 0x8F, 0x88, 0x1C, 0x60, 0xFE,
    0x13, 0x78, 0x6C, 0x0D, 0x3D, 0xF4, 0x21, 0xC1, 0xF1, 0x1D, 0x39, 0x14, 0x3D, 0x04, 0x6B, 0x4C,
    0x91, 0x14, 0x08, 0x19, 0x23, 0x63, 0x63, 0x14, 0xCF, 0x30, 0x75, 0xE0, 0x8A, 0x2A, 0x27, 0x5F,
    0x8F, 0xC9, 0xD3, 0xBE, 0x54, 0xC1, 0x7F, 0x4A, 0xC4, 0x34, 0xA8, 0x80, 0xAE, 0x76, 0xB2, 0x37,
    0xCC, 0xBE, 0x30, 0xF5, 0x35, 0xF0, 0x02, 0x6F, 0xDC, 0xC0, 0x37, 0xD3, 0xD8, 0x4C, 0x33, 0x39,
    0xC8, 0x89, 0x07, 0xFE, 0xC0, 0x47, 0xDF, 0xBC, 0xBC, 0xE6, 0x93, 0xF8, 0x48, 0x06, 0x08, 0xE6,
    0x86, 0xE8, 0x16, 0xDF, 0x38, 0x32, 0x1A, 0x83, 0xC9, 0x6B, 0xB5, 0xE1, 0xAE, 0x87, 0x1C, 0x12,
    0x7F, 0x90, 0xC4, 0x92, 0x58, 0x14, 0xED, 0xD2, 0xF1, 0x6B, 0xD4, 0x3A, 0x80, 0x47, 0x96, 0x83,
    0x7D, 0x77, 0xE0, 0xC1, 0x1E, 0x06, 0xFB, 0x31, 0x5D, 0x6E, 0x33, 0x50, 0x21, 0x53, 0x22, 0x53,
    0xE3, 0x0A, 0x74, 0x5A, 0x2E, 0xA3, 0x53, 0xD8, 0x8C, 0xD8, 0x68, 0x6C, 0x35, 0x36, 0xDB, 0xB1,
    0xDD, 0xF0, 0x62, 0xBA, 0x64, 0xDA, 0x64, 0xFA, 0x5C, 0x4E, 0xAF, 0x83, 0x5F, 0xD1, 0xEB, 0x32,
    0x79, 0x7C, 0xED, 0x79, 0x81, 0x90, 0xB6, 0xF2, 0x33, 0xF9, 0x10, 0xFB, 0x5E, 0x43, 0xE7, 0x7D,
    0x5A, 0xB8, 0xC7, 0x29, 0xA5, 0x0B, 0xC7, 0x80, 0xD2, 0x8C, 0xD2, 0x58, 0xA5, 0x91, 0x39, 0xF2,
    0x4C, 0x13, 0x18, 0x84, 0xA3, 0xA9, 0xEC, 0x2D, 0x88, 0x2A, 0x8A, 0x1E, 0x69, 0xFB, 0x7E, 0x59,
    0xFD, 0xFA, 0xB0, 0x04, 0xEB, 0x87, 0x28, 0x67, 0xF9, 0xEE, 0x11, 0x10, 0x0C, 0xF9, 0x33, 0xF1,
    0xAB, 0xAA, 0x68, 0xC9, 0x1F, 0x91, 0xB7, 0xB5, 0x73, 0x8F, 0xFA, 0xB7, 0xC7, 0x20, 0xDC, 0x7B,
    0x6B, 0x35, 0x1F, 0xBB, 0x0F, 0x72, 0x27, 0x9E, 0x80, 0x14, 0xB0, 0xC9, 0x4A, 0x8A, 0x47, 0xF5,
    0xB9, 0x95, 0xFC, 0x3B, 0xA8, 0x61, 0x42, 0xB4, 0xB5, 0x09, 0x25, 0x69, 0xFD, 0x4A, 0xFA, 0x5F,
    0x30, 0x61, 0x82, 0x79, 0x2F, 0xA8, 0x1E, 0x87, 0xEF, 0x21, 0xD4, 0x43, 0x26, 0xEC, 0xBF, 0xF9,
    0x1A, 0x6C, 0xA8, 0xC0, 0x35, 0x36, 0xE8, 0x13, 0x0A, 0xFF, 0x76, 0x11, 0x0D, 0x6F, 0x4C, 0x25,
    0xE2, 0x5B, 0xD3, 0xA6, 0xC7, 0x6C, 0x30, 0x70, 0x04, 0x8C, 0x80, 0x9A, 0x80, 0xDC, 0x80, 0xEE,
    0xC9, 0x78, 0xEA, 0xFB, 0x6D, 0x57, 0x23, 0x20, 0x98, 0xB0, 0x30, 0x0B, 0x0E, 0x4C, 0x10, 0xA3,
    0xAF, 0x73, 0xFB, 0x7E, 0x86, 0x40, 0x87, 0xD0, 0xA5, 0xE9, 0x08, 0x14, 0xD7, 0xFC, 0x8A, 0x40,
    0xD5, 0x31, 0x81, 0xDA, 0x99, 0x8E, 0x30, 0x8E, 0x09, 0x74, 0x99, 0xF3, 0xAE, 0xC8, 0xA1, 0xF3,
    0x2A, 0x82, 0xAC, 0x1D, 0x5F, 0x45, 0xF2, 0xF5, 0xA8, 0xC8, 0x0E, 0x3C, 0xB0, 0xBF, 0xCF, 0xA5,
    0xA2, 0xC0, 0xCD, 0xA2, 0xE3, 0x80, 0xD9, 0x6B, 0x36, 0xD7, 0x83, 0x5A, 0xA9, 0x76, 0x29, 0xE8,
    0x5F, 0xC0, 0x73, 0x4D, 0x1E, 0xE0, 0x7F, 0x63, 0x8A, 0xE0, 0x11, 0x03, 0x74, 0x81, 0xDD, 0x88,
    0x00, 0xC1, 0x15, 0x1C, 0xD0, 0xB3, 0x15, 0x9D, 0xD1, 0x09, 0x80, 0x1C, 0x49, 0x16, 0xA7, 0x5E,
    0x51, 0x7D, 0x9F, 0xC4, 0xD4, 0x14, 0x57, 0xFB, 0x4F, 0x4A, 0x12, 0x9F, 0xA2, 0x1E, 0xF8, 0x54,
    0x87, 0xC6, 0x68, 0x2C, 0x51, 0x0F, 0x60, 0xA2, 0x04, 0x85, 0x63, 0x82, 0xA0, 0x1C, 0x44, 0x95,
    0xC2, 0x5C, 0x19, 0x36, 0x48, 0xBF, 0x7B, 0x4F, 0xB1, 0xEB, 0xA0, 0xD5, 0x6A, 0x13, 0x7E, 0xE1,
    0x7C, 0x24, 0xED, 0xB2, 0xC3, 0x49, 0xB6, 0x48, 0x2D, 0xF2, 0xC0, 0x14, 0x43, 0x00, 0x4E, 0x06,
    0x2A, 0x4A, 0x49, 0xB0, 0xC1, 0x98, 0xDE, 0x47, 0x0D, 0x28, 0xE9, 0x29, 0x96, 0xD6, 0x5A, 0x8A,
    0x1A, 0xE2, 0xEE, 0x31, 0xD0, 0x0A, 0x53, 0x34, 0x8C, 0xEE, 0x33, 0xCF, 0x3B, 0x4F, 0x6B, 0x51,
    0xCD, 0xCE, 0xA4, 0x37, 0xF4, 0xB6, 0x8F, 0x2A, 0x17, 0x15, 0x6E, 0x9F, 0x53, 0xD9, 0x2D, 0x70,
    0x6D, 0x8E, 0xA7, 0xC7, 0xDA, 0x15, 0xBB, 0x7E, 0xB7, 0xAD, 0xFD, 0x06, 0x7A, 0x1A, 0xE8, 0xF9,
    0x06, 0xC5, 0xCA, 0x26, 0xFB, 0x05, 0x7A, 0x0A, 0x0B, 0xAE, 0xB4, 0xA0, 0x1D, 0xAE, 0x11, 0x58,
    0x13, 0xB6, 0xB9, 0x8A, 0xED, 0xBD, 0xB4, 0xF7, 0x12, 0x31, 0xB5, 0xCB, 0xA6, 0x9E, 0x14, 0x1C,
    0x09, 0xD7, 0x8E, 0xF3, 0xCF, 0x7F, 0x85, 0x39, 0xCA, 0x64, 0x3A, 0xA4, 0x14, 0x0B, 0x6D, 0xEC,
    0xC0, 0x1F, 0xF8, 0x88, 0x78, 0xC4, 0x57, 0xBE, 0x19, 0xBA, 0x72, 0x0C, 0x0F, 0xD9, 0xF6, 0x9B,
    0xCC, 0x68, 0x44, 0xD6, 0xB2, 0x0C, 0x94, 0xE0, 0xA1, 0x09, 0x26, 0x12, 0xF8, 0x48, 0x82, 0xE2,
    0x3D, 0x89, 0x4A, 0x14, 0xCF, 0x30, 0xFD, 0x08, 0x02, 0xB0, 0x6B, 0x59, 0xED, 0x90, 0xDC, 0x27,
    0x37, 0x1F, 0x56, 0x94, 0x78, 0x35, 0xAE, 0x1F, 0x03, 0x59, 0x77, 0xBF, 0x28, 0x76, 0xB7, 0x89,
    0xEE, 0xC1, 0x0A, 0x02, 0x56, 0x08, 0x3A, 0x4D, 0x77, 0xBA, 0x65, 0x2F, 0x06, 0x42, 0x1F, 0xCF,
    0x44, 0xFD, 0xC8, 0x14, 0x40, 0x29, 0xE4, 0x67, 0x8D, 0x03, 0xFF, 0x9D, 0x22, 0x32, 0xEC, 0x77,
    0xE4, 0xB2, 0x6C, 0xCA, 0x86, 0x5C, 0x9E, 0xDD, 0xAB, 0xD5, 0x9A, 0x25, 0x2E, 0x35, 0xB4, 0xEB,
    0x93, 0x66, 0x35, 0xAD, 0xE0, 0xCF, 0xFA, 0x55, 0x59, 0x9D, 0xCE, 0x64, 0x75, 0x53, 0xD8, 0x02,
    0xDF, 0xB2, 0x28, 0x07, 0x37, 0x37, 0x51, 0xF0, 0x50, 0x0F, 0xCF, 0xF0, 0x4E, 0xBB, 0xFB, 0x6B,
    0xD4, 0x9B, 0x43, 0x8F, 0x71, 0xFA, 0xB5, 0xAE, 0xF5, 0x2C, 0xAB, 0xB4, 0x98, 0x89, 0x18, 0x8E,
    0xA4, 0x87, 0xEE, 0xA6, 0xA0, 0x0B, 0x03, 0x9E, 0xCA, 0x9E, 0x02, 0x86, 0x17, 0xDF, 0x35, 0xA6,
    0x27, 0x0D, 0xE6, 0x1D, 0xDA, 0x53, 0x99, 0x99, 0x82, 0x9D, 0xAA, 0xC5, 0x95, 0x4B, 0x66, 0xDA,
    0x8C, 0xED, 0xA8, 0xB9, 0x4F, 0x10, 0xD6, 0xFB, 0x87, 0xFC, 0x00, 0x1F, 0x7E, 0x8C, 0xB5, 0x6E,
    0xB4, 0xF6, 0xB3, 0x73, 0xF1, 0xFC, 0x63, 0xBF, 0x99, 0x98, 0xAA, 0xCF, 0x2E, 0xBE, 0x7F, 0x56,
    0x54, 0xDF, 0x14, 0x18, 0x20, 0xD2, 0x57, 0x8C, 0x90, 0xC7, 0xC7, 0xB1, 0xE2, 0xBE, 0xB9, 0x59,
    0x5B, 0x9B, 0x99, 0x71, 0xF0, 0xC3, 0x28, 0x09, 0x22, 0xFE, 0xF2, 0x2D, 0xE6, 0x62, 0xCC, 0xB5,
    0x98, 0x1A, 0x2D, 0x66, 0x75, 0xD0, 0xF3, 0xD1, 0x62, 0x06, 0x05, 0x5A, 0x4C, 0x55, 0xA3, 0xBD,
    0x3C, 0xE8, 0x89, 0xAE, 0xC5, 0xBC, 0x09, 0xD2, 0xEA, 0xA3, 0xC5, 0x64, 0x8D, 0x90, 0xB0, 0x39,
    0x5D, 0xA3, 0x5B, 0xB5, 0x2D, 0xCD, 0x8C, 0x5C, 0xD6, 0x45, 0x5C, 0xA8, 0x06, 0x6C, 0x8B, 0xC7,
    0x5B, 0xB7, 0x79, 0x29, 0xE2, 0xAA, 0xB1, 0xC4, 0xB3, 0x40, 0xA7, 0xDB, 0xC1, 0x4C, 0x1D, 0xE6,
    0xE7, 0x00, 0x69, 0x11, 0xC7, 0x54, 0x0B, 0x43, 0x75, 0xD0, 0xD0, 0x8D, 0x29, 0x19, 0x53, 0x35,
    0x61, 0xDD, 0x50, 0x0B, 0x8E, 0x6F, 0x66, 0x0A, 0x34, 0x94, 0xD8, 0x8F, 0x4D, 0xE3, 0xD5, 0x4D,
    0x50, 0x35, 0xA2, 0x68, 0x32, 0xFA, 0x5F, 0x43, 0xA0, 0xF8, 0x23, 0xEB, 0xD4, 0xF3, 0x83, 0xFB,
    0x96, 0xC6, 0x3A, 0x5F, 0xDC, 0xD1, 0xDC, 0x90, 0xE2, 0x11, 0x86, 0x8C, 0x47, 0x45, 0x3C, 0x2A,
    0xE3, 0xA1, 0x8E, 0xF3, 0x83, 0x38, 0xCF, 0xE3, 0x3C, 0x8D, 0xF3, 0x38, 0xCE, 0xC5, 0x1F, 0xF3,
    0xF0, 0x1F, 0x79, 0xF0, 0x6D, 0xEE, 0x99, 0x9C, 0x30, 0x26, 0x48, 0x2A, 0xA8, 0x9E, 0x90, 0x27,
    0xE0, 0x70, 0xC8, 0x24, 0x6C, 0xD1, 0xDB, 0x33, 0x96, 0x60, 0x0D, 0xCB, 0x26, 0xD4, 0xB5, 0x87,
    0x56, 0x0F, 0xA3, 0x59, 0x38, 0xD8, 0xB6, 0xD8, 0x20, 0xEC, 0x3D, 0xF6, 0x8D, 0x37, 0xE9, 0x5D,
    0xEC, 0xE1, 0xDD, 0x07, 0xEE, 0xBD, 0x5F, 0xB8, 0x5A, 0x82, 0xA9, 0x58, 0xBB, 0x5A, 0xC2, 0x9F,
    0xEB, 0x17, 0x23, 0x15, 0x33, 0x03, 0x49, 0xD4, 0x12, 0x9C, 0x54, 0x99, 0x85, 0x8A, 0xF9, 0x3A,
    0x82, 0x42, 0xEC, 0xB9, 0xA4, 0xAF, 0x88, 0x40, 0xC1, 0x4F, 0x24, 0x7D, 0xAD, 0xF8, 0xF7, 0xFD,
    0x73, 0x56, 0x13, 0xB3, 0x72, 0xDD, 0xE6, 0x99, 0xB9, 0x6E, 0x6F, 0x5D, 0x15, 0x85, 0x2D, 0x65,
    0x99, 0x6E, 0x2A, 0x77, 0xBC, 0xB4, 0x71, 0xC9, 0xAA, 0x62, 0x59, 0x30, 0xB0, 0xE0, 0x3D, 0x23,
    0x6D, 0x40, 0x94, 0x70, 0x73, 0x39, 0x82, 0xF9, 0x60, 0x34, 0xEF, 0x45, 0x99, 0xFA, 0x4F, 0xAA,
    0x34, 0x78, 0x5C, 0xA5, 0xD1, 0x5F, 0xAA, 0x54, 0x80, 0xB6, 0x7B, 0x40, 0x02, 0x33, 0x1F, 0x82,
    0xBA, 0x35, 0x4A, 0xB6, 0x4A, 0x28, 0x01, 0xEA, 0x46, 0x65, 0x4B, 0x62, 0x52, 0xD1, 0x1B, 0x2C,
    0x8E, 0xAB, 0x03, 0x4B, 0xE1, 0xD2, 0x45, 0xD5, 0xF6, 0xEC, 0x39, 0x57, 0x10, 0x1B, 0x9F, 0xE3,
    0xDA, 0xD6, 0xD1, 0xB5, 0x37, 0xA5, 0x71, 0xF0, 0x2D, 0x2A, 0x12, 0x21, 0x9B, 0x14, 0x38, 0x8C,
    0xE5, 0x43, 0x04, 0x57, 0x86, 0xED, 0xEA, 0x2B, 0x5C, 0x03, 0xBA, 0xFE, 0x04, 0xF4, 0x6C, 0xFB,
    0x71, 0xC5, 0x69, 0xBD, 0x72, 0x9B, 0x9D, 0x83, 0x61, 0x36, 0xDF, 0x5C, 0xEF, 0xE1, 0x01, 0x1F,
    0x00, 0xA8, 0xE0, 0x71, 0xE9, 0x69, 0x4D, 0xBB, 0x77, 0xCF, 0xE7, 0x07, 0xEC, 0x9C, 0x9C, 0xB6,
    0x34, 0xD2, 0x47, 0xF9, 0xFB, 0x93, 0x4D, 0x5A, 0x93, 0x6E, 0xF0, 0x4B, 0x64, 0xAD, 0xE0, 0xEB,
    0x32, 0x90, 0x27, 0x95, 0xEB, 0x8A, 0xBA, 0x5D, 0xBD, 0x0A, 0x3E, 0x24, 0x18, 0x38, 0x7C, 0x5C,
    0x78, 0xAA, 0xB0, 0x07, 0x1B, 0x0D, 0x46, 0x6E, 0xB9, 0x6E, 0x7E, 0xB8, 0x03, 0x8C, 0x45, 0xF3,
    0x47, 0x18, 0x3E, 0x1F, 0x6C, 0x7C, 0x84, 0x3D, 0x78, 0x5C, 0x12, 0x9B, 0xE8, 0xD8, 0x46, 0x96,
    0xEF, 0xF6, 0xB1, 0xA7, 0x0D, 0xF6, 0xEC, 0x21, 0xD7, 0xA0, 0x36, 0xE5, 0x1A, 0xF8, 0x12, 0xA3,
    0xE9, 0xC8, 0xD4, 0x76, 0x39, 0xFB, 0x9B, 0x76, 0xEF, 0x69, 0x82, 0x94, 0xF9, 0x6F, 0x70, 0x68,
    0x11, 0x7C, 0x56, 0x86, 0x54, 0x76, 0xC7, 0x23, 0x17, 0xD2, 0x0B, 0x8E, 0x44, 0x4C, 0x61, 0x5E,
    0x85, 0xB8, 0x2A, 0xFE, 0x7C, 0xAA, 0x34, 0x38, 0xBF, 0x5E, 0xB7, 0xDE, 0x66, 0xEF, 0xEA, 0x61,
    0x53, 0x3E, 0x54, 0xFE, 0x07, 0xEA, 0xC2, 0x07, 0x41, 0x90, 0x63, 0xDD, 0x14, 0x92, 0x28, 0x62,
    0xBB, 0x59, 0x59, 0x17, 0x3F, 0x08, 0xF2, 0x1A, 0x50, 0x05, 0x89, 0x48, 0xBE, 0x15, 0xA8, 0x99,
    0xBD, 0x2E, 0xA2, 0x17, 0xE4, 0x60, 0xAD, 0xC4, 0x92, 0xE8, 0x58, 0xD4, 0x25, 0xF4, 0xF2, 0x3D,
    0x30, 0xFC, 0x63, 0x50, 0xFC, 0x77, 0xF0, 0x89, 0x03, 0xD4, 0x54, 0xDB, 0xB7, 0xD7, 0x7A, 0x40,
    0x75, 0xF5, 0x0A, 0xC2, 0x08, 0xA5, 0x60, 0xF4, 0x57, 0x3C, 0xE3, 0x1B, 0x3E, 0x44, 0x7C, 0x70,
    0xA9, 0x03, 0xAA, 0xA5, 0xB1, 0xBA, 0x26, 0x7D, 0x39, 0x87, 0x70, 0x89, 0x89, 0x68, 0xA5, 0xF9,
    0x70, 0xBD, 0xA8, 0xBE, 0x88, 0x5F, 0xEB, 0x43, 0x36, 0xF6, 0x20, 0x93, 0x8A, 0x7D, 0x57, 0xBF,
    0x4C, 0x25, 0xEF, 0x28, 0xE5, 0x3E, 0xF7, 0x71, 0xFC, 0x93, 0xCE, 0x21, 0xB7, 0xF3, 0x23, 0xA4,
    0xA0, 0x11, 0xAA, 0xC4, 0x1C, 0xE5, 0x49, 0x8E, 0x1C, 0xC2, 0xFF, 0xB7, 0xC8, 0x69, 0x76, 0xFD,
    0x00, 0x88, 0x17, 0xF8, 0xBB, 0xE5, 0x96, 0x3A, 0x33, 0xF5, 0x40, 0x76, 0x35, 0xCA, 0xB2, 0xE1,
    0x61, 0xC9, 0x01, 0xBB, 0xC1, 0x87, 0x8A, 0xAE, 0xFB, 0xC5, 0xF1, 0x3A, 0xD7, 0xA5, 0x1B, 0x2E,
    0x83, 0xAB, 0x5E, 0x8F, 0xE4, 0xEF, 0x82, 0xE3, 0xC3, 0x68, 0xBA, 0x61, 0x4A, 0xA4, 0xB3, 0x97,
    0xAF, 0xF2, 0xF7, 0x2B, 0xCC, 0x57, 0xC2, 0xF9, 0x26, 0x73, 0x03, 0x3D, 0xD8, 0x5D, 0xEB, 0x29,
    0x10, 0xFC, 0x12, 0x6E, 0x09, 0xAF, 0x64, 0xA7, 0x9C, 0xF9, 0xE4, 0xAA, 0x27, 0x54, 0x4B, 0x7C,
    0x64, 0x6D, 0x27, 0x54, 0x8B, 0xF2, 0xC5, 0x8A, 0xBA, 0x79, 0x93, 0xA7, 0xA0, 0xC2, 0x58, 0xFD,
    0x69, 0xE0, 0xF2, 0x0A, 0x31, 0xC1, 0x0A, 0x96, 0x2B, 0xA9, 0x0F, 0x8A, 0x6D, 0xAD, 0x87, 0xF7,
    0xED, 0xC8, 0xDE, 0xA3, 0x87, 0x99, 0x69, 0x22, 0xB3, 0xEF, 0x1A, 0x6C, 0x28, 0x13, 0xB4, 0x5C,
    0xAC, 0xF8, 0xE6, 0xA9, 0x30, 0x6D, 0x5F, 0xDE, 0xEE, 0x6E, 0x7F, 0x89, 0x99, 0x92, 0x6E, 0x80,
    0x7A, 0x1E, 0x42, 0xE4, 0x1D, 0xBE, 0xAB, 0xBD, 0x71, 0xE6, 0x2E, 0xD0, 0xB2, 0x64, 0xFC, 0x46,
    0x2B, 0xBD, 0x1A, 0xA8, 0x7B, 0x47, 0xF5, 0x0A, 0xC9, 0xE4, 0xF3, 0xBF, 0x35, 0xBE, 0x74, 0x95,
    0xCF, 0x0C, 0xDC, 0x95, 0x31, 0xE6, 0xE7, 0x4E, 0xC3, 0xFE, 0xE3, 0xB2, 0xDD, 0x60, 0xA6, 0x05,
    0x6D, 0xBC, 0x74, 0x72, 0x5D, 0x63, 0x07, 0x01, 0x85, 0x35, 0x0E, 0xAF, 0x9D, 0x3B, 0xB8, 0x3B,
    0x34, 0xEA, 0x4A, 0x41, 0xAE, 0xD3, 0x4E, 0xFE, 0x1D, 0x68, 0xED, 0x84, 0x38, 0xE1, 0x6A, 0x8E,
    0x77, 0x1E, 0x31, 0x4D, 0xEE, 0xEC, 0x80, 0x6B, 0x30, 0xAE, 0xEB, 0x2C, 0xCA, 0xAE, 0x9D, 0x94,
    0xB4, 0xC1, 0x7A, 0xD5, 0x94, 0xE1, 0x71, 0xE8, 0x09, 0xD0, 0x19, 0xBC, 0x8B, 0x28, 0x60, 0xE2,
    0x1D, 0x73, 0x25, 0x18, 0xEA, 0xC0, 0x28, 0x3E, 0x00, 0xEB, 0x3A, 0x43, 0xB7, 0x49, 0x43, 0xF2,
    0x5A, 0xDA, 0x03, 0xBB, 0xCB, 0xEC, 0x9F, 0x4B, 0x4F, 0xE0, 0x0F, 0xD1, 0xBD, 0xFC, 0x16, 0xF8,
    0xE0, 0x91, 0xF1, 0xAA, 0xEB, 0x76, 0xB7, 0x29, 0xD1, 0xBC, 0x82, 0x60, 0x76, 0xF4, 0x71, 0x96,
    0x18, 0x32, 0xA3, 0x98, 0x3F, 0xBC, 0x36, 0xA5, 0xA1, 0xF5, 0xB2, 0xC1, 0xC2, 0xF1, 0x7F, 0x63,
    0x7F, 0x20, 0xFF, 0xC7, 0x46, 0xD7, 0x84, 0x0F, 0x00, 0xAD, 0x5B, 0x3D, 0x8F, 0xDC, 0x46, 0x9A,
    0x7E, 0xC9, 0xC6, 0x0D, 0xED, 0x25, 0xE0, 0x4A, 0x2E, 0x30, 0x20, 0x78, 0xEA, 0x02, 0x07, 0x36,
    0xE0, 0x69, 0x5E, 0xB0, 0x81, 0x6F, 0x41, 0x36, 0xE9, 0x55, 0xE0, 0x40, 0x81, 0xF6, 0x1F, 0xD8,
    0x81, 0xD3, 0xF5, 0x6C, 0xE0, 0xC3, 0xCD, 0xE1, 0x38, 0x43, 0xDA, 0x0E, 0x14, 0x6C, 0x60, 0xFD,
    0x03, 0xEF, 0x1F, 0x38, 0xC0, 0xC0, 0x69, 0x17, 0x8D, 0xBB, 0x96, 0x58, 0x23, 0x05, 0x0E, 0x1C,
    0x98, 0x0B, 0x85, 0x1B, 0x88, 0xDE, 0x53, 0xE6, 0x40, 0xF4, 0x8A, 0x77, 0x47, 0xDB, 0x3D, 0x5D,
    0xF7, 0xBC, 0x55, 0x64, 0x7F, 0x4D, 0xCF, 0x4C, 0x6B, 0xD4, 0x33, 0xF5, 0x68, 0xF8, 0x51, 0xF5,
    0x56, 0xB1, 0xEA, 0xFD, 0xAE, 0x12, 0xE5, 0xE4, 0xD6, 0x44, 0x53, 0xA2, 0x11, 0xD1, 0xAB, 0x84,
    0x9F, 0x4C, 0xB7, 0x28, 0x29, 0xD1, 0x5A, 0xC9, 0x74, 0x8D, 0xB2, 0xE9, 0xF9, 0x19, 0x8A, 0x7F,
    0xB3, 0x14, 0x8F, 0x2A, 0xFC, 0x4B, 0x74, 0x7D, 0x22, 0x99, 0x9E, 0x12, 0x63, 0x00, 0x2A, 0xE7,
    0xA0, 0x1B, 0x40, 0xD3, 0xA0, 0x92, 0xF9, 0xA0, 0xF4, 0xD5, 0xA0, 0x1C, 0x30, 0xBA, 0x5F, 0xBE,
    0xC7, 0xF3, 0xC7, 0x78, 0xFF, 0xB8, 0x45, 0xFF, 0xFF, 0x00, 0xE0, 0xEF, 0x00, 0x9F, 0xE6, 0xE7,
    0x44, 0x7B, 0x76, 0x54, 0x68, 0x9F, 0x18, 0x54, 0xB8, 0xBE, 0x06, 0x32, 0x5D, 0x1A, 0xD0, 0x61,
    0x6B, 0xC6, 0x22, 0x2A, 0x8F, 0x02, 0xD0, 0x8D, 0xC8, 0x7C, 0x04, 0x4D, 0x6C, 0xAF, 0xA4, 0xB5,
    0x32, 0xE0, 0xEB, 0x71, 0xF7, 0x8E, 0xEB, 0x70, 0x5D, 0x6E, 0xC3, 0x6D, 0xE9, 0xF0, 0x47, 0x72,
    0x8A, 0xA7, 0xBE, 0x9E, 0xCA, 0xFC, 0xAD, 0x91, 0x79, 0x8F, 0x7F, 0x83, 0x84, 0x44, 0x43, 0xAE,
    0x4E, 0x28, 0xA8, 0xC9, 0xC5, 0xAA, 0x9C, 0x98, 0x56, 0x28, 0xF1, 0x3F, 0xD1, 0xFD, 0x58, 0xB7,
    0xBE, 0xBE, 0x6B, 0xE7, 0x90, 0x1A, 0xDA, 0xB2, 0xD8, 0xFA, 0xD2, 0xCB, 0x03, 0xA1, 0xF0, 0x6F,
    0xBF, 0x40, 0xD7, 0x21, 0xE2, 0xE9, 0x29, 0x0A, 0x51, 0x78, 0x55, 0xC1, 0x17, 0x4F, 0xDF, 0x72,
    0x9B, 0x58, 0x57, 0xFE, 0x2C, 0xF1, 0x30, 0x15, 0x06, 0x77, 0xD6, 0x31, 0x03, 0xB4, 0xF2, 0xEE,
    0x7C, 0x5D, 0xFA, 0x77, 0x1E, 0x56, 0xFE, 0x9D, 0xD3, 0xDA, 0xE0, 0xFD, 0xD3, 0x5A, 0xBC, 0x7F,
    0x5A, 0x09, 0xEF, 0x61, 0x35, 0xF2, 0xBE, 0x56, 0x13, 0x4F, 0xE7, 0x1F, 0xBA, 0x33, 0xBA, 0x27,
    0xE9, 0x42, 0x14, 0xBA, 0x05, 0x34, 0xAE, 0x65, 0x72, 0x4F, 0xFA, 0xF9, 0x3D, 0xE9, 0xA9, 0x05,
    0xF8, 0x5E, 0xE0, 0x39, 0x68, 0xF8, 0x2D, 0x5D, 0xCE, 0x66, 0x6D, 0xC7, 0x66, 0x41, 0x32, 0x28,
    0x45, 0xC7, 0x6A, 0xDE, 0x46, 0x90, 0xCB, 0xEB, 0x99, 0x9B, 0x85, 0x33, 0xEB, 0xFC, 0xA1, 0x9D,
    0xDB, 0x90, 0x64, 0x12, 0xE2, 0x61, 0x08, 0xB1, 0x0A, 0xC1, 0x82, 0xA1, 0x5F, 0x52, 0x28, 0x73,
    0x0A, 0x33, 0x2C, 0x33, 0x66, 0x2F, 0x6E, 0x2C, 0x42, 0x2C, 0xAE, 0x79, 0xEE, 0x55, 0x14, 0x3A,
    0x0D, 0xEA, 0x4F, 0x80, 0xB8, 0x6B, 0x2F, 0x14, 0x73, 0x71, 0x6B, 0x38, 0x43, 0x24, 0x34, 0x20,
    0xC3, 0x48, 0x71, 0x4A, 0x59, 0x4A, 0x3A, 0x75, 0x74, 0x3A, 0x78, 0x96, 0x7A, 0x4F, 0x52, 0xF1,
    0x41, 0x2A, 0x65, 0x1A, 0xC9, 0x34, 0x95, 0x69, 0x23, 0x8F, 0x6B, 0x79, 0x52, 0xCA, 0x4C, 0xC9,
    0x2C, 0x97, 0x19, 0xC9, 0x13, 0x92, 0x29, 0x49, 0xA7, 0x7C, 0x97, 0x9C, 0x1A, 0xCC, 0x09, 0x11,
    0xA2, 0xA0, 0x93, 0x50, 0xC3, 0xAE, 0x4E, 0x3D, 0x82, 0xF8, 0x07, 0xF8, 0x72, 0x91, 0x78, 0xCA,
    0x57, 0x7E, 0xCE, 0x57, 0x6E, 0x8D, 0x09, 0x6D, 0x86, 0xA8, 0x80, 0x95, 0x8C, 0xF0, 0x61, 0x12,
    0xED, 0x04, 0x44, 0xC9, 0xE3, 0x09, 0x52, 0x66, 0x38, 0x18, 0x26, 0x05, 0xF8, 0x96, 0xA0, 0x62,
    0x3A, 0xE2, 0xA5, 0xC0, 0xEB, 0xC6, 0x30, 0x32, 0xB2, 0x0E, 0xA9, 0xEC, 0x98, 0x47, 0xE8, 0xE8,
    0x5F, 0x31, 0x86, 0x06, 0x63, 0xA9, 0xC7, 0xE4, 0x54, 0x21, 0x46, 0x1D, 0x61, 0x38, 0x43, 0xF2,
    0x94, 0x24, 0x3F, 0x11, 0x24, 0x20, 0xDA, 0x52, 0xEB, 0x9C, 0x9F, 0xE0, 0x4D, 0x89, 0x1A, 0x55,
    0x8A, 0xEF, 0xE3, 0xEF, 0xCC, 0x34, 0xF3, 0x70, 0x63, 0x44, 0x71, 0x1D, 0x99, 0xCE, 0x59, 0x61,
    0x51, 0xEA, 0x9C, 0xF1, 0x0C, 0x03, 0x72, 0x09, 0x23, 0xF3, 0x9C, 0xDB, 0x1E, 0xCE, 0x12, 0x03,
    0x16, 0x9C, 0xD4, 0x45, 0x7D, 0x8C, 0x3E, 0xC5, 0x6A, 0x59, 0xE0, 0xDA, 0x6D, 0x3A, 0x15, 0x51,
    0x77, 0xB4, 0x82, 0x25, 0x3A, 0x71, 0x47, 0xA7, 0x35, 0xFD, 0xED, 0x4C, 0x15, 0x15, 0x20, 0xC6,
    0x18, 0x0B, 0x8B, 0x76, 0x09, 0xCD, 0x02, 0x4E, 0x6D, 0x31, 0xA8, 0x98, 0xA7, 0x45, 0xEE, 0x2B,
    0x91, 0xF3, 0x6F, 0xA6, 0x75, 0xC5, 0xC0, 0x3C, 0x9D, 0xC3, 0xF5, 0x94, 0x78, 0x2A, 0xDE, 0xAB,
    0x23, 0x71, 0xB3, 0x0C, 0xC4, 0xFB, 0x4A, 0x88, 0x5B, 0xB9, 0xFF, 0xC5, 0x6D, 0x1A, 0x7C, 0xFB,
    0x31, 0xB9, 0xCF, 0x50, 0x05, 0x5F, 0x4F, 0x45, 0x4D, 0x0E, 0x4B, 0xDF, 0x93, 0x63, 0xF2, 0xBE,
    0xFD, 0x80, 0xC4, 0xED, 0xDB, 0x89, 0x14, 0xB7, 0xD4, 0x50, 0xDC, 0x54, 0x68, 0x57, 0x71, 0xFB,
    0xB1, 0x48, 0xEA, 0x1B, 0xFA, 0x2E, 0x41, 0xE1, 0xD1, 0xDB, 0x98, 0x35, 0x2B, 0x62, 0x23, 0xCB,
    0x12, 0x7B, 0x2C, 0xA1, 0xA5, 0x31, 0x08, 0x64, 0xDE, 0x19, 0xB5, 0x9A, 0x2C, 0x20, 0xE9, 0x23,
    0xE7, 0x01, 0x26, 0x65, 0x4A, 0x4C, 0xE3, 0x7A, 0x32, 0xE3, 0x25, 0x95, 0xF7, 0xB0, 0xE6, 0x7E,
    0x8A, 0xC4, 0x4A, 0xCB, 0xF5, 0xE8, 0xEC, 0x4C, 0x17, 0x64, 0xDA, 0x22, 0x1D, 0x58, 0x4C, 0x3A,
    0x8C, 0x3B, 0xB4, 0x40, 0x03, 0xD4, 0x03, 0xE5, 0x00, 0x6E, 0x6D, 0xCC, 0xA3, 0x82, 0xA6, 0x52,
    0x30, 0x8C, 0xAA, 0x80, 0xA4, 0x7C, 0x02, 0x60, 0xCD, 0x13, 0x98, 0x81, 0x44, 0x94, 0x41, 0x2E,
    0xAA, 0x38, 0x7F, 0xAD, 0xFE, 0x17, 0xB5, 0xFF, 0xD5, 0x7F, 0xA8, 0x37, 0x8E, 0x9E, 0xAB, 0x37,
    0xA2, 0xC7, 0xEA, 0x20, 0x78, 0xA4, 0x0E, 0x24, 0xC0, 0xAB, 0x61, 0x25, 0x6C, 0x1D, 0x15, 0x63,
    0x0C, 0xB9, 0xBD, 0x0C, 0xBD, 0x4C, 0x5F, 0x55, 0x8F, 0x0E, 0x2B, 0x98, 0xBB, 0x33, 0xF2, 0xCB,
    0x0C, 0x6B, 0x27, 0xF2, 0x00, 0xB2, 0x3B, 0x5A, 0xEB, 0x6B, 0x09, 0x25, 0xBF, 0xE3, 0x3A, 0x5C,
    0x97, 0xDB, 0x70, 0x5B, 0xA6, 0xB1, 0x6D, 0x7F, 0x57, 0x8E, 0x7B, 0x06, 0xCB, 0x5D, 0xB5, 0x6E,
    0xD3, 0xD2, 0x14, 0x12, 0xDE, 0x97, 0x49, 0xBB, 0xD7, 0xE0, 0xB9, 0x9E, 0xB1, 0x42, 0x3E, 0x5F,
    0x28, 0x68, 0x31, 0x12, 0x4D, 0x7E, 0xF5, 0x0B, 0xC2, 0x22, 0xB2, 0x72, 0x5C, 0x71, 0x0A, 0x96,
    0xD1, 0x3B, 0x03, 0xCC, 0xCD, 0x92, 0x39, 0xB6, 0xDA, 0x33, 0x6D, 0xD9, 0x21, 0xD0, 0xD0, 0x08,
    0x8C, 0x8D, 0x9A, 0xF0, 0x05, 0xB0, 0x2B, 0xCD, 0x4E, 0x07, 0x16, 0x0E, 0xE4, 0xC8, 0x87, 0x2C,
    0x06, 0x1F, 0xDF, 0xA7, 0xE8, 0x00, 0x5A, 0xED, 0x40, 0xD2, 0xF8, 0x40, 0x24, 0x40, 0xDE, 0x02,
    0x63, 0x8B, 0x24, 0x3D, 0x10, 0xE6, 0x3D, 0xD7, 0xE3, 0xFA, 0xDC, 0xAE, 0xA7, 0x61, 0x56, 0x2D,
    0x67, 0xCD, 0x23, 0xB1, 0x96, 0x23, 0x6B, 0x91, 0x5A, 0xF4, 0x9F, 0xA1, 0xFF, 0xB8, 0xB4, 0x96,
    0x94, 0xB5, 0x7D, 0x8C, 0x8E, 0x1F, 0x34, 0xE4, 0x34, 0x53, 0xB3, 0xE6, 0x9E, 0x0A, 0x88, 0xDB,
    0x05, 0xE4, 0x33, 0x67, 0x80, 0xF3, 0x46, 0xF4, 0x32, 0x00, 0x97, 0xE4, 0x0C, 0xEB, 0x19, 0xAE,
    0x22, 0x35, 0x32, 0x7B, 0xBE, 0x44, 0x24, 0x83, 0x24, 0x80, 0x7D, 0x31, 0x0B, 0x25, 0xD7, 0xCA,
    0x3D, 0xF0, 0xCD, 0x85, 0x88, 0xAE, 0x46, 0xCF, 0xBB, 0xF7, 0x68, 0x78, 0x31, 0xC2, 0xAB, 0x71,
    0xD9, 0x97, 0x65, 0x6C, 0x33, 0x36, 0xD9, 0x12, 0xFD, 0x14, 0x98, 0x59, 0x7F, 0xA7, 0x82, 0xAF,
    0x53, 0x41, 0x63, 0x54, 0xD0, 0x1C, 0x06, 0x7C, 0xCD, 0xCF, 0xF0, 0x0E, 0x75, 0x1C, 0xD4, 0x6D,
    0xC0, 0x22, 0x9B, 0xA0, 0x2B, 0x60, 0x8A, 0xEB, 0x0C, 0x80, 0xAF, 0xD5, 0x88, 0xDB, 0xAB, 0xE0,
    0x67, 0xB1, 0xAD, 0x53, 0xA0, 0xEE, 0xB8, 0x73, 0x99, 0xD6, 0x51, 0xC0, 0xBE, 0x16, 0xD0, 0xEC,
    0x63, 0x68, 0xF6, 0x31, 0x58, 0x71, 0x8C, 0x19, 0x86, 0x5C, 0x26, 0x16, 0xD2, 0x3E, 0xC3, 0x3B,
    0xAE, 0x93, 0xA1, 0xEE, 0x0D, 0x63, 0x8F, 0x2B, 0xFA, 0xA5, 0xCB, 0x62, 0x78, 0x9F, 0xAC, 0xEC,
    0xC9, 0xB9, 0x45, 0x70, 0x30, 0x1F, 0x8E, 0x99, 0x93, 0x85, 0x75, 0xB0, 0x16, 0xE3, 0x98, 0xDE,
    0xDC, 0x63, 0x9F, 0xB1, 0x02, 0x0D, 0xF4, 0xED, 0xA1, 0x4F, 0x31, 0xA5, 0xF1, 0x30, 0xA0, 0x71,
    0x08, 0x5D, 0x90, 0xA2, 0xBF, 0xD4, 0xCF, 0xC7, 0x63, 0x8B, 0xA2, 0xB5, 0xE8, 0xEF, 0xC7, 0x13,
    0x7E, 0x0F, 0x70, 0xDD, 0xD1, 0x90, 0xC6, 0x72, 0x6A, 0x68, 0xC0, 0x41, 0x30, 0xB6, 0x5D, 0xE0,
    0x1B, 0xA1, 0x65, 0x13, 0xF0, 0xEE, 0x1C, 0x7C, 0xEF, 0x43, 0x0A, 0xF9, 0x3D, 0x3A, 0x4E, 0x60,
    0xA3, 0x21, 0x91, 0x82, 0xFD, 0xCC, 0xC4, 0x67, 0x8D, 0xD6, 0xD5, 0x8F, 0x80, 0x3D, 0x7D, 0x57,
    0xE8, 0xE6, 0x55, 0x0E, 0xCC, 0x38, 0x32, 0x70, 0xF5, 0x4C, 0xEA, 0x59, 0x9C, 0x8C, 0xE0, 0x8F,
    0xA0, 0xE0, 0x02, 0xB7, 0xAE, 0x46, 0x08, 0xF1, 0xEF, 0x58, 0xD7, 0x19, 0xB9, 0xB3, 0xDF, 0x40,
    0x85, 0x5A, 0x85, 0x32, 0xEA, 0x95, 0x4F, 0x71, 0xD7, 0xB8, 0x1B, 0x45, 0x72, 0x06, 0x85, 0xB0,
    0x98, 0x4A, 0xB8, 0x5C, 0x49, 0x6A, 0x20, 0x51, 0x77, 0x84, 0x36, 0x53, 0x08, 0x2B, 0x04, 0x8E,
    0x3D, 0x89, 0x19, 0xF4, 0x4F, 0xD5, 0xB8, 0xF0, 0xB2, 0x9A, 0xC6, 0xAD, 0xB5, 0x2E, 0xB5, 0xAE,
    0x1B, 0x07, 0x62, 0x9A, 0x72, 0x71, 0xA6, 0xB8, 0x2D, 0x58, 0x47, 0xD5, 0xFC, 0xFC, 0xAA, 0xB0,
    0xC1, 0x7C, 0x24, 0x03, 0xF6, 0x9C, 0x3F, 0xD6, 0xA0, 0x01, 0xF0, 0xD1, 0x0E, 0x7F, 0x78, 0xC5,
    0xCA, 0x89, 0x55, 0xB9, 0x48, 0x62, 0xF4, 0xC5, 0x08, 0xAD, 0xE3, 0x36, 0x87, 0x53, 0x74, 0xAA,
    0x27, 0x87, 0xEA, 0xC1, 0xC2, 0x4D, 0x30, 0x6A, 0xA8, 0x48, 0x83, 0xB6, 0x53, 0xA9, 0xFC, 0xC5,
    0xC1, 0xDD, 0xD7, 0x51, 0x0F, 0xD3, 0x55, 0x3C, 0x25, 0x76, 0x3F, 0x8C, 0xEB, 0x71, 0x9B, 0x5D,
    0x8F, 0xDF, 0x12, 0x3D, 0x3B, 0xB2, 0x6A, 0x46, 0x73, 0x6C, 0x35, 0x81, 0xDB, 0x71, 0x68, 0xDC,
    0x0E, 0x76, 0x51, 0xB8, 0xEE, 0x04, 0x2E, 0x47, 0x30, 0x4B, 0xC0, 0x47, 0xBF, 0x74, 0xCD, 0xC8,
    0xDD, 0xDA, 0xD7, 0x25, 0x0A, 0xF1, 0x2D, 0x7A, 0x98, 0x7C, 0xE4, 0xB4, 0xF8, 0x60, 0x38, 0x7F,
    0xB0, 0xE5, 0x21, 0x3D, 0x08, 0x9D, 0x59, 0x38, 0x98, 0x85, 0xE2, 0xE3, 0x70, 0x38, 0x0C, 0xC3,
    0x61, 0xD8, 0x0C, 0x47, 0xD5, 0x30, 0x56, 0xC3, 0x38, 0x19, 0xC6, 0x34, 0x8C, 0x68, 0xE8, 0xE6,
    0x7F, 0x18, 0xFC, 0xB9, 0x76, 0xC0, 0x5C, 0x59, 0x3E, 0xF7, 0xB7, 0xB7, 0x6C, 0xDB, 0xD0, 0xB4,
    0x19, 0xD4, 0x8D, 0x50, 0xCD, 0x09, 0xFD, 0x4F, 0x4B, 0xA0, 0x81, 0x82, 0x8B, 0x26, 0x23, 0x7E,
    0x88, 0x57, 0xAC, 0x36, 0x4F, 0xE6, 0x93, 0x0B, 0x4E, 0x34, 0x18, 0x77, 0x68, 0x2C, 0xFA, 0x09,
    0x96, 0x98, 0xE0, 0x02, 0x9C, 0x75, 0xC4, 0x1C, 0x08, 0x1D, 0x2A, 0x73, 0xA1, 0x02, 0xFE, 0x2D,
    0xD1, 0x69, 0xFD, 0x6F, 0x2A, 0xFA, 0xEA, 0x79, 0x19, 0x1D, 0x3D, 0x2F, 0xC3, 0xD1, 0xE3, 0x32,
    0x0C, 0x1E, 0x96, 0xA1, 0xF8, 0x0C, 0xBE, 0xB5, 0x3B, 0x07, 0x73, 0xC2, 0x52, 0xD1, 0x9A, 0xCB,
    0xDA, 0x43, 0x14, 0xA7, 0xC8, 0x0D, 0x17, 0x05, 0xE0, 0xA6, 0x08, 0x2B, 0xC2, 0xEB, 0x34, 0x05,
    0x6F, 0xB5, 0xE8, 0x96, 0xFF, 0xF2, 0x3D, 0x3F, 0x0F, 0x7A, 0x6E, 0x43, 0xFD, 0x8B, 0x68, 0xAD,
    0x95, 0x43, 0xB6, 0xC9, 0x65, 0xEB, 0xD9, 0x0F, 0x07, 0x23, 0x46, 0x7D, 0xC1, 0xF5, 0xF4, 0x6C,
    0x00, 0x22, 0xE5, 0x4F, 0xB3, 0x73, 0xCC, 0x07, 0x7B, 0xEA, 0x41, 0x6B, 0xC9, 0xF2, 0x55, 0xA3,
    0x13, 0x8E, 0x97, 0xEC, 0x71, 0xDA, 0xDD, 0x1B, 0x5D, 0x51, 0xEE, 0xA1, 0x1E, 0xD4, 0x7A, 0xF6,
    0x23, 0xC4, 0x45, 0xA3, 0xB0, 0xF4, 0x5C, 0x5A, 0x52, 0xF3, 0x2D, 0x81, 0x91, 0x9E, 0x80, 0x22,
    0x2B, 0x4F, 0x39, 0xF8, 0x4A, 0x35, 0xE0, 0x58, 0x04, 0xEE, 0x3F, 0x80, 0xD7, 0xFE, 0x8F, 0x9D,
    0x73, 0x36, 0x67, 0xB9, 0x09, 0xEB, 0x8D, 0xDE, 0x61, 0xB1, 0x9C, 0x1A, 0x0F, 0x98, 0x0A, 0xE6,
    0x0B, 0x3F, 0x59, 0xF5, 0x5C, 0x97, 0x51, 0x34, 0x66, 0x58, 0xE2, 0x8B, 0x0F, 0xF2, 0x9E, 0x4F,
    0x43, 0xF1, 0xEB, 0xAA, 0xC7, 0xDC, 0xC5, 0xC6, 0x7B, 0x33, 0xFC, 0xA2, 0xD9, 0x48, 0x87, 0xCD,
    0xA6, 0x30, 0x26, 0x37, 0x82, 0x49, 0xB5, 0xEE, 0x37, 0x05, 0x6A, 0x61, 0x6A, 0x5B, 0x66, 0xF7,
    0xD4, 0x9A, 0x59, 0x48, 0xE2, 0x08, 0xBE, 0xC0, 0x95, 0x2B, 0xA2, 0xF5, 0x99, 0x66, 0xC7, 0x6B,
    0x31, 0x27, 0xE9, 0x6A, 0x89, 0x29, 0x0A, 0xF4, 0xD9, 0x9E, 0xBE, 0xBF, 0x36, 0x75, 0x2F, 0x62,
    0x1A, 0x17, 0x66, 0x31, 0x5A, 0x20, 0xBD, 0x1C, 0xA8, 0x9F, 0x30, 0xD6, 0xA7, 0x61, 0xA3, 0xF9,
    0x83, 0xFA, 0x84, 0x2A, 0xE6, 0x90, 0x68, 0xC9, 0xE4, 0xC1, 0xDC, 0xB1, 0xC9, 0x28, 0x7E, 0xDC,
    0xEC, 0x1E, 0xB6, 0x3C, 0x2E, 0x5C, 0xCB, 0xDB, 0x90, 0xB5, 0x2F, 0x2C, 0x70, 0xCD, 0xCF, 0x0E,
    0x1B, 0xB1, 0xCE, 0x83, 0xA0, 0x04, 0x06, 0x6F, 0x9D, 0xA9, 0x65, 0xD8, 0x96, 0xF5, 0x67, 0x73,
    0xA8, 0x73, 0xB6, 0x5A, 0x31, 0xA2, 0xC4, 0x37, 0x39, 0xC5, 0x63, 0x3D, 0x41, 0xA8, 0x5F, 0xCD,
    0xD6, 0x8A, 0x87, 0xDB, 0x59, 0xA8, 0x13, 0xF3, 0x9E, 0xEB, 0x41, 0x39, 0x99, 0xE8, 0x32, 0x15,
    0x33, 0x4A, 0x87, 0x88, 0x26, 0x23, 0xB0, 0x5C, 0x08, 0x7F, 0x05, 0x16, 0x2A, 0x9B, 0x5A, 0x98,
    0x7B, 0x7E, 0x3E, 0x92, 0xB6, 0x9E, 0xC7, 0xFE, 0x57, 0x2B, 0xF4, 0x59, 0x90, 0x44, 0x11, 0x71,
    0x89, 0x93, 0x08, 0xB7, 0x03, 0x7D, 0x86, 0xF8, 0x58, 0xE4, 0x51, 0x60, 0x1E, 0x4E, 0x30, 0xAD,
    0x5D, 0xBA, 0xCC, 0xC8, 0x04, 0x4F, 0xD8, 0x60, 0xAE, 0xB3, 0xE8, 0x3A, 0xFA, 0x97, 0x65, 0xC0,
    0xFB, 0xAE, 0x35, 0x7F, 0x97, 0x7F, 0xAE, 0x43, 0xCB, 0x03, 0x9B, 0xFA, 0x1D, 0xD8, 0xD0, 0x33,
    0xFA, 0x7B, 0xFF, 0x19, 0xAE, 0x39, 0x78, 0x50, 0x19, 0x2B, 0x36, 0xE6, 0x74, 0x36, 0xA4, 0xF9,
    0x65, 0xB0, 0x7E, 0xA6, 0x71, 0x04, 0x12, 0x2C, 0x3F, 0xBE, 0xB5, 0x35, 0x89, 0x4F, 0x69, 0xBE,
    0x1E, 0x6B, 0x76, 0xB7, 0x1B, 0xEC, 0xB6, 0x36, 0x6E, 0x49, 0xCD, 0x8C, 0xE6, 0x09, 0x05, 0x05,
    0x8E, 0x50, 0xAB, 0x6A, 0xA6, 0x5A, 0xA8, 0x19, 0x57, 0x3F, 0x15, 0x7A, 0x1A, 0x24, 0x6F, 0x75,
    0x19, 0x3F, 0x7E, 0x52, 0xD2, 0x8D, 0xD6, 0x38, 0x30, 0xA3, 0xB7, 0x39, 0xD1, 0x37, 0x45, 0xE8,
    0x8A, 0x30, 0xD0, 0xE4, 0x00, 0xF9, 0x6F, 0xFF, 0x93, 0x4D, 0x2D, 0xCE, 0x85, 0x15, 0xEB, 0x21,
    0xC6, 0x68, 0x0F, 0xB4, 0xD1, 0x9D, 0x7F, 0x46, 0xFB, 0x5E, 0x4E, 0x01, 0x42, 0xC8, 0x7D, 0x2F,
    0x5F, 0x59, 0x8E, 0xED, 0x69, 0x39, 0x1D, 0xAD, 0x99, 0x99, 0x35, 0x68, 0x34, 0xD9, 0x05, 0xC5,
    0x81, 0x56, 0x28, 0x1C, 0x3A, 0x5C, 0x5E, 0x3C, 0x2E, 0x1F, 0x49, 0xB8, 0xA7, 0x1C, 0x2A, 0x0D,
    0xB8, 0x09, 0xE3, 0xD1, 0x32, 0x74, 0x02, 0x28, 0xEF, 0xD1, 0xA3, 0xCA, 0xFB, 0xFC, 0xB4, 0x16,
    0x37, 0x4F, 0xEB, 0x60, 0xF0, 0xA8, 0x7A, 0x80, 0x8A, 0x9F, 0xB8, 0x33, 0x3A, 0x82, 0x54, 0xAC,
    0x23, 0xD3, 0x9C, 0x50, 0xD1, 0xB8, 0x16, 0xF9, 0x91, 0xF0, 0x94, 0x05, 0x5F, 0xE3, 0x99, 0xDF,
    0xBE, 0x08, 0xEF, 0x24, 0x5B, 0xF1, 0x8E, 0x6B, 0xB8, 0x67, 0x64, 0x5C, 0xD5, 0x2E, 0xD9, 0x47,
    0xDB, 0x9A, 0xEB, 0x73, 0xC9, 0xBC, 0xED, 0x3D, 0x02, 0x97, 0x43, 0xF7, 0x8A, 0x3D, 0x34, 0xC8,
    0x53, 0xB6, 0xBA, 0x88, 0xBB, 0xB2, 0x45, 0x5B, 0xE8, 0x7C, 0x2E, 0xCB, 0xBC, 0xDF, 0xE7, 0x4C,
    0xFB, 0xDC, 0xDA, 0x05, 0xB9, 0x54, 0xF8, 0xB7, 0x92, 0xF3, 0xA5, 0x65, 0xAF, 0x62, 0x2D, 0x70,
    0x5F, 0x49, 0x56, 0xB6, 0x2C, 0x0E, 0xE4, 0x6E, 0xCA, 0xC5, 0x1A, 0xDA, 0xB5, 0xC1, 0x46, 0xBA,
    0x95, 0xEC, 0x72, 0xB1, 0xE6, 0x57, 0x75, 0xF4, 0x12, 0xA7, 0x68, 0x97, 0xF2, 0x0A, 0xF1, 0x7A,
    0x5E, 0xA1, 0x8A, 0xA6, 0x83, 0x2A, 0xD6, 0x37, 0xAB, 0xF8, 0x7D, 0x0D, 0xA3, 0x58, 0x98, 0xDC,
    0xC2, 0x45, 0x79, 0x85, 0xB9, 0x5B, 0xF3, 0xE9, 0xC2, 0xAD, 0xD1, 0x8D, 0x34, 0x51, 0xFA, 0x99,
    0xAF, 0x17, 0x6E, 0xCD, 0x7B, 0x0B, 0xB7, 0x66, 0x42, 0x83, 0x06, 0x0B, 0xD1, 0xC0, 0xB5, 0x46,
    0xE4, 0x16, 0x18, 0x37, 0x5B, 0x74, 0x4B, 0xC3, 0x31, 0xA6, 0xA7, 0xC6, 0x90, 0x89, 0x6E, 0x79,
    0xBE, 0xAB, 0xC9, 0xF9, 0x1B, 0xAC, 0xD1, 0x73, 0x7C, 0xD8, 0x7F, 0x31, 0x9F, 0x76, 0xCB, 0x14,
    0x27, 0x68, 0xE5, 0x23, 0x82, 0x97, 0xB5, 0x69, 0x6F, 0x96, 0x75, 0x0C, 0x56, 0x45, 0xBB, 0x53,
    0xCC, 0xC7, 0x5F, 0x31, 0xB6, 0xE7, 0xA8, 0xFB, 0x33, 0xC0, 0x29, 0xAA, 0xCC, 0xEA, 0x4E, 0x2F,
    0xA9, 0xC8, 0x7B, 0x58, 0x9B, 0x0C, 0xD9, 0x3C, 0x75, 0x65, 0xB3, 0x57, 0x40, 0x06, 0x68, 0x58,
    0x12, 0x60, 0xF0, 0x0C, 0x16, 0xE2, 0x4B, 0x58, 0x0A, 0x58, 0x8B, 0x7D, 0x20, 0x04, 0x52, 0xA0,
    0x01, 0xD0, 0xE3, 0x49, 0x29, 0x31, 0x14, 0x20, 0x07, 0xF0, 0x05, 0x27, 0xF0, 0x17, 0x8E, 0x8D,
    0xCF, 0x60, 0xC2, 0xF4, 0x4E, 0x51, 0xB3, 0x82, 0x78, 0x93, 0xDC, 0xFC, 0x77, 0x04, 0x6F, 0x97,
    0xD8, 0xDD, 0x5D, 0xF5, 0x77, 0x03, 0xA0, 0xA0, 0xD0, 0xD1, 0x14, 0x42, 0xD5, 0x86, 0xE2, 0x90,
    0x42, 0x89, 0x67, 0x21, 0xD0, 0x80, 0x65, 0xF1, 0x75, 0x31, 0xDC, 0x8E, 0x18, 0x51, 0x4F, 0x0C,
    0x9F, 0x24, 0x32, 0x7E, 0xC9, 0x32, 0xFD, 0xD7, 0x8D, 0x08, 0x7B, 0xAA, 0xCF, 0xD1, 0xE6, 0xF3,
    0x7B, 0x03, 0xF0, 0x0D, 0xAB, 0x54, 0xB8, 0x2E, 0xCA, 0x53, 0x1E, 0x73, 0x42, 0xD5, 0xA1, 0xB4,
    0xF7, 0x78, 0x8E, 0xF7, 0x7B, 0xFA, 0xE9, 0x12, 0x1D, 0xAB, 0x06, 0x6C, 0xFB, 0x96, 0xDB, 0x23,
    0x04, 0x91, 0xDC, 0x5E, 0x75, 0xED, 0x94, 0xB9, 0x37, 0x7C, 0xD9, 0x2E, 0xE7, 0x83, 0x26, 0x5D,
    0x32, 0xE8, 0x1F, 0xD3, 0x36, 0x9D, 0xB6, 0x71, 0x63, 0x82, 0xA3, 0xBC, 0x1D, 0xA8, 0xD6, 0xA9,
    0x5B, 0xBA, 0xBB, 0x9C, 0x0F, 0xDA, 0xEC, 0xB1, 0xFE, 0x7D, 0xDA, 0x84, 0x69, 0x33, 0x6C, 0xCF,
    0x04, 0x07, 0x56, 0x3F, 0x69, 0xF8, 0x59, 0xA8, 0xF0, 0x87, 0x85, 0x29, 0x59, 0x72, 0x58, 0x76,
    0x96, 0x1F, 0x76, 0x6A, 0x5B, 0xB6, 0x34, 0x67, 0x57, 0xF5, 0xDB, 0xD3, 0xBD, 0xF2, 0xBD, 0xD6,
    0xCA, 0x60, 0x4D, 0x9E, 0xD9, 0x9B, 0x89, 0xD7, 0xE5, 0xB9, 0x83, 0xDD, 0xC3, 0x69, 0x37, 0xE6,
    0x05, 0x1E, 0x98, 0x60, 0xA7, 0xA6, 0x89, 0x33, 0xED, 0x32, 0x39, 0xC1, 0x5A, 0x6E, 0x60, 0x91,
    0x23, 0xE8, 0xE3, 0x7B, 0x63, 0x3C, 0x8D, 0x7E, 0x4B, 0x78, 0x11, 0x39, 0xB0, 0x5D, 0x38, 0x66,
    0x1C, 0xC3, 0xB6, 0x2E, 0x56, 0x67, 0xD2, 0x80, 0x19, 0xFB, 0x90, 0xC2, 0x6C, 0x5E, 0x4D, 0x38,
    0xEC, 0x83, 0x6B, 0x1C, 0x27, 0xA9, 0x1C, 0xA8, 0x48, 0xFA, 0xF9, 0x50, 0x0A, 0x92, 0x72, 0x9F,
    0xC4, 0x07, 0xEF, 0x90, 0xFF, 0xE5, 0xBB, 0x34, 0x78, 0xF2, 0x15, 0xB8, 0xA3, 0x32, 0x0A, 0xD9,
    0x61, 0xCD, 0xF7, 0x04, 0x52, 0xFD, 0x25, 0x24, 0x1C, 0xDC, 0x2D, 0x51, 0x37, 0x92, 0x22, 0x0F,
    0xA5, 0xA7, 0xD0, 0xBE, 0x1E, 0x4B, 0xDE, 0x85, 0xA4, 0x73, 0x88, 0x60, 0xAC, 0xA4, 0x10, 0x08,
    0x44, 0x87, 0x08, 0x48, 0x11, 0xEA, 0x3E, 0xB9, 0x67, 0x25, 0x88, 0xE9, 0x3E, 0x03, 0x4D, 0x3C,
    0x13, 0xB7, 0x25, 0xED, 0x0B, 0x91, 0x84, 0xC2, 0xAB, 0x27, 0x82, 0xE9, 0x38, 0x2B, 0xD8, 0x55,
    0x8E, 0x9C, 0xDE, 0xED, 0x2C, 0xFD, 0x10, 0x2B, 0x01, 0x23, 0xCF, 0xC9, 0x94, 0xCB, 0x03, 0xE2,
    0xDF, 0x38, 0x6D, 0x61, 0x02, 0x62, 0xAA, 0xCC, 0x58, 0x30, 0xF7, 0x2D, 0xF9, 0x15, 0xCB, 0x3C,
    0x62, 0xE4, 0x93, 0xA5, 0x7C, 0xB7, 0xA2, 0x10, 0x26, 0x27, 0xC4, 0x72, 0x8C, 0x40, 0x35, 0xE6,
    0x64, 0x1F, 0xEF, 0x20, 0x66, 0x5D, 0xBE, 0x9B, 0xF3, 0xE1, 0x5C, 0x0F, 0x62, 0x13, 0xC2, 0xFD,
    0x09, 0xA1, 0xFC, 0x42, 0x93, 0x43, 0x3D, 0x9F, 0xC3, 0x5A, 0xB7, 0xB4, 0x25, 0x4F, 0xD5, 0xFF,
    0x4E, 0x97, 0x2D, 0xED, 0x59, 0xC3, 0xEB, 0xBE, 0x88, 0x37, 0x26, 0x26, 0xF2, 0x64, 0x4F, 0x93,
    0x55, 0x37, 0x7E, 0x21, 0xA9, 0x93, 0xBF, 0x81, 0x8D, 0x9E, 0x57, 0x34, 0x31, 0x5E, 0x5A, 0x62,
    0x76, 0x4F, 0x26, 0x3F, 0x97, 0x78, 0x56, 0xDB, 0xF7, 0xF5, 0xA4, 0xAB, 0xCF, 0xED, 0xD8, 0x96,
    0xFA, 0xCA, 0xAA, 0xCF, 0x09, 0xA5, 0x3F, 0x40, 0x9C, 0x61, 0x4D, 0x53, 0xA3, 0x8E, 0xAC, 0x5A,
    0x4A, 0xD1, 0x36, 0x45, 0xDB, 0xB4, 0x9E, 0xA2, 0xCE, 0x71, 0xBF, 0x85, 0x94, 0x5B, 0x15, 0x24,
    0xF2, 0xAC, 0x0D, 0x28, 0x6B, 0x8F, 0xA1, 0x72, 0xA0, 0x6E, 0x1E, 0xC1, 0x33, 0xFE, 0x06, 0xCE,
    0xD0, 0x33, 0x56, 0x3F, 0x0C, 0xA8, 0xB4, 0x6F, 0x58, 0x65, 0x23, 0xDA, 0x53, 0x53, 0x20, 0xE6,
    0xED, 0x2C, 0xCE, 0x8A, 0x74, 0x2A, 0xCD, 0xAD, 0xAD, 0xEA, 0x12, 0x2A, 0x6B, 0x63, 0xD0, 0x99,
    0x5A, 0x1A, 0xDF, 0xAA, 0xAE, 0x7D, 0x82, 0xEB, 0x12, 0xCF, 0x96, 0xDB, 0x9B, 0xB6, 0x55, 0x56,
    0x79, 0x65, 0x66, 0x62, 0x9B, 0xC0, 0x1A, 0xB8, 0x6A, 0x4A, 0x83, 0xEF, 0xC0, 0x58, 0xFF, 0x5D,
    0xD1, 0xE0, 0x19, 0x7B, 0x60, 0x89, 0xF5, 0xC2, 0xF8, 0x1E, 0xA2, 0xC1, 0x9B, 0x65, 0xB6, 0xAE,
    0xE8, 0x52, 0x81, 0x6C, 0xA8, 0xDD, 0xBA, 0x00, 0x8D, 0xC2, 0x3C, 0x87, 0x61, 0xFB, 0x2B, 0xEA,
    0x7D, 0x5F, 0x76, 0x6D, 0x73, 0x5C, 0xA3, 0x2D, 0x7B, 0xFA, 0xD5, 0xFD, 0xBE, 0x2D, 0x2B, 0xE0,
    0xEA, 0xEA, 0x24, 0xEC, 0xCC, 0xE0, 0xE2, 0x3A, 0x71, 0x3E, 0x36, 0x76, 0x70, 0x13, 0x1B, 0x5C,
    0x99, 0x90, 0x00, 0x1B, 0xAC, 0x44, 0xA7, 0x63, 0xD2, 0xCA, 0xA2, 0xA1, 0x4D, 0xE0, 0x6C, 0xA2,
    0xC9, 0x3A, 0xD2, 0xE5, 0x68, 0x20, 0x50, 0x5C, 0x4A, 0x5B, 0x8C, 0x05, 0x28, 0xE7, 0xB7, 0xF3,
    0xD2, 0x3B, 0xD6, 0x47, 0xE1, 0x1A, 0xE2, 0x06, 0x98, 0xE2, 0x7A, 0x04, 0x48, 0x40, 0x30, 0x12,
    0x0B, 0xBF, 0x43, 0x7F, 0xCF, 0x61, 0xA0, 0xA0, 0xB9, 0xB3, 0xC6, 0xCA, 0xCC, 0xAD, 0x68, 0x23,
    0x6D, 0x43, 0xF7, 0x0C, 0xD7, 0xC1, 0x06, 0x9A, 0x73, 0xB1, 0xB7, 0xF2, 0xDD, 0xD1, 0xA1, 0x1B,
    0x67, 0xAC, 0x06, 0x11, 0xFE, 0xEC, 0x19, 0x7F, 0x98, 0x3D, 0xFA, 0x80, 0x1E, 0xD0, 0x08, 0xCB,
    0x1A, 0x79, 0x5F, 0x23, 0x40, 0xFC, 0xBC, 0xCB, 0x33, 0xB8, 0x06, 0x23, 0x01, 0xF7, 0x8A, 0xF3,
    0x6A, 0xB7, 0x6F, 0x29, 0xEF, 0xC9, 0x97, 0x89, 0x75, 0x90, 0x6A, 0x4B, 0xCB, 0x58, 0xAF, 0x13,
    0xB2, 0x89, 0x85, 0x3D, 0x65, 0x9D, 0x26, 0x04, 0x1D, 0xB9, 0x75, 0x33, 0x27, 0x08, 0x45, 0x5B,
    0x89, 0x18, 0x6F, 0x28, 0x92, 0x36, 0xF2, 0xF3, 0x09, 0x42, 0xD5, 0x63, 0x84, 0xAA, 0xC1, 0xFD,
    0xCC, 0xC4, 0x79, 0x4E, 0x51, 0x5A, 0xA7, 0x9C, 0x2D, 0x88, 0xC3, 0x91, 0x60, 0x01, 0xDC, 0x78,
    0xE1, 0x6D, 0x95, 0xE3, 0x0B, 0xB6, 0x55, 0xE0, 0x15, 0x59, 0xFA, 0x3C, 0x56, 0xDE, 0x6A, 0x60,
    0xC6, 0xBA, 0x24, 0x3D, 0x34, 0xD9, 0x94, 0x1E, 0x62, 0x3A, 0xAF, 0x75, 0xC4, 0x59, 0x24, 0xD9,
    0x9F, 0x2E, 0xE8, 0xE5, 0xB7, 0x6C, 0x8C, 0xB3, 0xB7, 0x91, 0xD1, 0xB7, 0x48, 0x47, 0xA1, 0x21,
    0x8A, 0xBF, 0x28, 0xC7, 0x50, 0xD5, 0x23, 0x23, 0x8A, 0xFE, 0xCA, 0x6E, 0x0B, 0xA7, 0x78, 0xA8,
    0xC5, 0xD4, 0x3E, 0xE8, 0x76, 0x5B, 0xA4, 0xBA, 0x38, 0xF5, 0x24, 0xD8, 0xF7, 0xB4, 0xFE, 0xB0,
    0x09, 0x8C, 0x72, 0x0E, 0x8D, 0xA4, 0xDD, 0x7D, 0xAB, 0xA3, 0xC5, 0xCE, 0x8D, 0xA1, 0x55, 0xD1,
    0xDC, 0x6D, 0xDB, 0x40, 0xA7, 0x1B, 0x0F, 0xBC, 0xC9, 0xA5, 0xDD, 0x9F, 0xB2, 0x1B, 0x4F, 0x03,
    0xCB, 0x3E, 0x59, 0x8C, 0xC7, 0xE7, 0xA5, 0xE6, 0xA9, 0xBE, 0x64, 0x3C, 0x62, 0x6D, 0x3C, 0x6E,
    0x1D, 0x62, 0x3C, 0x63, 0x3B, 0x9E, 0x13, 0x4B, 0xEB, 0x32, 0x3A, 0x73, 0x1F, 0x5F, 0x05, 0x26,
    0x1A, 0xE0, 0xD3, 0x01, 0xE6, 0x4C, 0xC1, 0x09, 0xB3, 0x86, 0xB2, 0xDF, 0xC2, 0x7F, 0x1F, 0xD8,
    0xB3, 0x06, 0xFC, 0x9E, 0xEB, 0xF9, 0x36, 0x3D, 0xC6, 0xF9, 0x79, 0xCC, 0xA6, 0x57, 0x59, 0x5E,
    0x5A, 0xC5, 0xB9, 0x54, 0xDB, 0xC9, 0x52, 0xAA, 0x8D, 0xD3, 0xCF, 0x0D, 0x2B, 0xCA, 0xE3, 0x9E,
    0x56, 0x39, 0xB2, 0xDB, 0x6E, 0x4B, 0x70, 0xEF, 0x66, 0x9A, 0xF7, 0xE4, 0xED, 0x1E, 0xFD, 0xB5,
    0x00, 0x2F, 0x87, 0xB1, 0x69, 0x7C, 0xF6, 0xDC, 0x8F, 0x48, 0x18, 0xBC, 0xE7, 0x70, 0x25, 0xA0,
    0xDC, 0x18, 0xEB, 0x9E, 0x9A, 0x39, 0x13, 0x71, 0x09, 0x38, 0x1E, 0x8A, 0x13, 0xC4, 0x2C, 0x10,
    0x2F, 0x17, 0x58, 0x78, 0x26, 0x3D, 0x2E, 0xE6, 0xF9, 0xD4, 0xA4, 0x57, 0x57, 0x11, 0x83, 0x8B,
    0x02, 0xA8, 0x1B, 0x8F, 0xD3, 0x89, 0xAB, 0xB2, 0x93, 0x58, 0xAC, 0x2E, 0xF2, 0xE6, 0x5D, 0xBC,
    0x03, 0x19, 0x1D, 0xC8, 0xE0, 0xB7, 0xFD, 0x2E, 0xDE, 0x81, 0xEC, 0x4A, 0xBF, 0x8B, 0xB7, 0x92,
    0xC1, 0x7C, 0x27, 0x8A, 0xDF, 0xE9, 0x33, 0x98, 0xEF, 0x44, 0x5C, 0x16, 0xA6, 0xE4, 0x82, 0x8D,
    0x2B, 0xB8, 0x51, 0xEC, 0xBC, 0x4E, 0xE8, 0x6C, 0xCD, 0x41, 0xDD, 0x8C, 0x7B, 0x9B, 0xBC, 0x6F,
    0x3D, 0x8F, 0x1B, 0x1C, 0x6B, 0xC8, 0xDA, 0x8D, 0xC5, 0xE8, 0x48, 0x9F, 0x19, 0xFC, 0x56, 0x4E,
    0xC3, 0x81, 0xA2, 0x68, 0x50, 0x1E, 0x85, 0x6E, 0x75, 0x94, 0xBA, 0xD5, 0x31, 0x10, 0x68, 0x3E,
    0xAA, 0x05, 0x26, 0x58, 0x3E, 0xE5, 0x12, 0xF5, 0x0A, 0x2D, 0x67, 0xE5, 0x5C, 0x9A, 0xED, 0x1E,
    0xF6, 0xF3, 0xA0, 0x97, 0x8F, 0x62, 0x91, 0x1F, 0xA5, 0x9E, 0x3A, 0x9E, 0x0C, 0x14, 0xDA, 0x72,
    0xF0, 0xA3, 0x56, 0x15, 0xE1, 0xAF, 0xD1, 0x17, 0xFA, 0x73, 0x67, 0xB4, 0xB3, 0xBE, 0xD9, 0xD3,
    0x5E, 0xC6, 0x36, 0x63, 0x89, 0xD6, 0xC6, 0x62, 0xB2, 0x86, 0x0B, 0x5C, 0xEF, 0x50, 0xDB, 0x45,
    0xC7, 0xA3, 0x76, 0x75, 0x90, 0xE5, 0x22, 0xFA, 0xFC, 0x73, 0x9D, 0x9D, 0x2A, 0x70, 0x16, 0xC2,
    0x9C, 0x13, 0x70, 0x11, 0x42, 0x25, 0xB8, 0xCE, 0x63, 0xA1, 0x68, 0x0C, 0xFF, 0x7E, 0x0C, 0xE9,
    0xF8, 0xCF, 0xA6, 0xDF, 0x42, 0xC5, 0xF3, 0x3D, 0x0E, 0x95, 0x4E, 0x3A, 0x4E, 0x5C, 0x0F, 0x93,
    0xFA, 0x24, 0x33, 0xC4, 0xD1, 0xE9, 0xCF, 0xA1, 0xE4, 0x36, 0x99, 0x55, 0x35, 0x32, 0x6F, 0x8E,
    0xE9, 0xA7, 0xBA, 0xE3, 0xC7, 0xA6, 0x8B, 0x63, 0x27, 0x26, 0x94, 0x0D, 0x9B, 0xEE, 0xB8, 0x4F,
    0xCB, 0xC7, 0x2B, 0xB3, 0x12, 0x3E, 0xC3, 0xE2, 0x70, 0x8A, 0x6F, 0x31, 0xE9, 0x30, 0xEE, 0xD0,
    0x02, 0x0D, 0x50, 0xFB, 0xCA, 0x01, 0x10, 0x4D, 0x28, 0x3E, 0x58, 0xC7, 0x07, 0x13, 0x24, 0x54,
    0x71, 0x41, 0x7E, 0xFD, 0x09, 0x60, 0x1D, 0x00, 0xAF, 0xB3, 0x26, 0x3C, 0xBA, 0x57, 0xC9, 0x24,
    0x52, 0x19, 0xEB, 0x34, 0x1B, 0x0B, 0xA6, 0xC7, 0xDE, 0xAA, 0x04, 0xAD, 0x22, 0xF1, 0xEB, 0xA3,
    0x73, 0x74, 0xF6, 0x68, 0x67, 0x87, 0x55, 0xE6, 0xFE, 0x58, 0x60, 0xE3, 0xA4, 0x41, 0x4B, 0x5B,
    0x6E, 0x8F, 0x75, 0x1C, 0xE7, 0xD6, 0x1C, 0x01, 0xB1, 0x6F, 0x1B, 0xD0, 0x65, 0x58, 0x8C, 0xE8,
    0xC2, 0x3A, 0x6A, 0x7C, 0x2E, 0x5D, 0x62, 0xD3, 0x31, 0x66, 0xA1, 0x16, 0x45, 0xEB, 0x29, 0xCA,
    0xEA, 0xC3, 0xA2, 0x61, 0xD7, 0x65, 0xD4, 0x2D, 0x23, 0x7D, 0xF8, 0xE2, 0xE7, 0x1E, 0x0A, 0x53,
    0x26, 0xCB, 0x65, 0x8B, 0x2D, 0xA0, 0x33, 0x53, 0xEA, 0x79, 0xE1, 0xED, 0x26, 0x81, 0x90, 0x05,
    0xC1, 0x0D, 0x89, 0xB2, 0xA0, 0xD7, 0xAA, 0x9F, 0x69, 0xFF, 0xAB, 0xEF, 0xE9, 0x8D, 0x7F, 0xFE,
    0x4B, 0xF2, 0xC6, 0xAF, 0xBE, 0x49, 0x0E, 0xE2, 0xDF, 0x27, 0x07, 0xC1, 0xAD, 0xE4, 0x40, 0xF8,
    0x39, 0x6C, 0xF0, 0x12, 0x3C, 0x86, 0x02, 0x6A, 0xC6, 0x26, 0xC6, 0x91, 0x9C, 0x79, 0xCB, 0x39,
    0xAF, 0x94, 0x41, 0xEA, 0x8A, 0x64, 0x58, 0xE9, 0x24, 0xFA, 0xE1, 0xFB, 0x24, 0xFA, 0xD3, 0x5F,
    0xF2, 0x30, 0xFB, 0x26, 0x0F, 0xE3, 0xDF, 0xE7, 0x61, 0xE0, 0x23, 0xDA, 0xF4, 0x55, 0x08, 0x1A,
    0xE1, 0x39, 0x3A, 0x7B, 0x3B, 0x56, 0x28, 0xBB, 0x3A, 0xCB, 0x78, 0xFE, 0x6C, 0x1A, 0x7E, 0xB6,
    0x3C, 0x30, 0xE0, 0x40, 0x40, 0x5C, 0x04, 0xAA, 0xFC, 0x77, 0xE7, 0xE3, 0x3A, 0xAD, 0xFC, 0x47,
    0xFC, 0xEF, 0x8B, 0x0E, 0x0A, 0x54, 0x2B, 0x83, 0x21, 0x3A, 0x8F, 0x6A, 0x3B, 0x88, 0x3F, 0x02,
    0x3F, 0x40, 0xC3, 0x02, 0xEE, 0x9F, 0xB5, 0x1A, 0x9C, 0x32, 0x10, 0xF9, 0x62, 0x3D, 0x7C, 0x40,
    0x38, 0x35, 0x49, 0x60, 0x08, 0x44, 0x8E, 0xAE, 0x43, 0xC0, 0x6F, 0x4E, 0x48, 0xCC, 0xB4, 0x7A,
    0x25, 0x78, 0x5C, 0x92, 0xF8, 0xB4, 0x22, 0xFF, 0x53, 0xB6, 0x45, 0x35, 0x06, 0x5C, 0x8F, 0x04,
    0x27, 0x1B, 0xF8, 0x80, 0x9D, 0xA2, 0x91, 0x5F, 0xE5, 0x78, 0x56, 0x7A, 0x6D, 0x90, 0xFB, 0x4E,
    0x29, 0x3E, 0x2F, 0x3D, 0xAD, 0x9C, 0x19, 0xBD, 0xCC, 0xD9, 0xF5, 0x8B, 0x12, 0xAF, 0xD7, 0xDD,
    0xF7, 0x72, 0xE1, 0x4F, 0x08, 0xB4, 0xF9, 0x05, 0xEB, 0x57, 0x13, 0x74, 0x98, 0x00, 0x49, 0x75,
    0x4E, 0x58, 0x15, 0x77, 0x07, 0x37, 0x79, 0x01, 0xEC, 0x32, 0x79, 0x58, 0x26, 0x76, 0x3F, 0xF9,
    0x70, 0x5F, 0x86, 0x71, 0x70, 0xA0, 0x58, 0x9A, 0x03, 0x32, 0x01, 0xE6, 0xEB, 0x75, 0xA7, 0xDF,
    0x6A, 0x0C, 0x0C, 0xBD, 0x6E, 0xA7, 0xD4, 0x8C, 0x85, 0x9D, 0xB6, 0xF8, 0xBD, 0x29, 0xFA, 0xC3,
    0x5C, 0xB3, 0x5B, 0x50, 0x36, 0x26, 0xAA, 0xE7, 0xBF, 0xFD, 0xCF, 0xAE, 0xC6, 0xE3, 0x7D, 0x86,
    0xA5, 0xE6, 0x0C, 0xC6, 0x67, 0xD5, 0xCA, 0x1C, 0x5D, 0x67, 0x9C, 0x9B, 0x98, 0x79, 0x67, 0x56,
    0x7B, 0x93, 0xA0, 0x5C, 0xD3, 0x62, 0x6F, 0xFA, 0xE6, 0x5D, 0xA5, 0xEE, 0xF6, 0xFD, 0x3C, 0x16,
    0x6A, 0xDF, 0x5F, 0xA4, 0xDD, 0xB7, 0x3C, 0xC9, 0x02, 0x01, 0x50, 0x8C, 0x79, 0xB6, 0x74, 0xFE,
    0x1F, 0x26, 0xBA, 0x47, 0xF1, 0x53, 0x4E, 0xD7, 0xF2, 0x0E, 0x67, 0x97, 0x3B, 0xEF, 0x23, 0x00,
    0x4F, 0xBD, 0x4D, 0x87, 0x79, 0x0C, 0xE7, 0x60, 0x0F, 0x32, 0x1B, 0xEB, 0x69, 0xCC, 0x31, 0x7C,
    0xCD, 0xBA, 0x13, 0xAE, 0x48, 0x60, 0x88, 0x81, 0x79, 0x66, 0x89, 0x8B, 0x75, 0x82, 0x13, 0xB2,
    0x48, 0xC9, 0xA5, 0x1F, 0xB9, 0x6D, 0xA1, 0xAB, 0x80, 0xFF, 0x4F, 0x40, 0xCD, 0x92, 0xBC, 0xB4,
    0x3D, 0x71, 0x9D, 0x43, 0xBA, 0xAB, 0x44, 0xB6, 0xDF, 0x50, 0x5B, 0xD3, 0x54, 0xD7, 0xEC, 0xFD,
    0x9C, 0xBA, 0xDB, 0xB2, 0xF7, 0x8D, 0xAC, 0xB5, 0xA3, 0x73, 0xB0, 0x3C, 0x1C, 0x9F, 0x59, 0xED,
    0xB4, 0x5A, 0x53, 0x41, 0x2F, 0x7E, 0x3C, 0xE7, 0xD2, 0x3D, 0xB4, 0x4E, 0xE4, 0x19, 0xFD, 0xFD,
    0xEA, 0x98, 0xE2, 0xF3, 0x7B, 0x68, 0xEF, 0x2D, 0xFA, 0xE6, 0x7E, 0xFB, 0xD4, 0x09, 0xBB, 0x56,
    0x21, 0xEF, 0x94, 0x61, 0x14, 0x7D, 0xDF, 0x97, 0xCF, 0xD1, 0xCB, 0x8D, 0xE7, 0xCA, 0x39, 0x7A,
    0x81, 0x71, 0xF2, 0xFF, 0x78, 0x12, 0x77, 0x2A, 0x9A, 0xFF, 0xCF, 0xA7, 0x4E, 0x95, 0xED, 0xE2,
    0x4C, 0xE2, 0x26, 0xDA, 0x3D, 0xFD, 0x17, 0x3D, 0x3D, 0x42, 0xAC, 0x7E, 0x19, 0x4B, 0x3F, 0xBB,
    0x3A, 0x25, 0x6C, 0xFF, 0x6B, 0x56, 0x43, 0xEB, 0x3F, 0x3B, 0x3B, 0x26, 0xC5, 0x39, 0x9E, 0xF6,
    0xD8, 0xFC, 0xDD, 0xF5, 0xD8, 0x8D, 0xA9, 0xAB, 0x57, 0x4D, 0xDD, 0x4E, 0xC7, 0xFE, 0x77, 0x7C,
    0x66, 0x00, 0x9D, 0x46, 0x18, 0xD3, 0x18, 0x26, 0xE8, 0xC3, 0xDF, 0xED, 0x74, 0xFC, 0xF4, 0xCA,
    0x2B, 0xD4, 0xD3, 0x76, 0x6A, 0x98, 0x36, 0xA5, 0x76, 0xFE, 0x0D, 0xE7, 0xB4, 0xE5, 0x75, 0x0E,
    0x49, 0x9F, 0xD7, 0x96, 0x5B, 0x1E, 0x19, 0xDB, 0xD9, 0x4E, 0xE8, 0x86, 0x2D, 0xC7, 0x2B, 0x37,
    0x45, 0xB5, 0x29, 0xCB, 0x1F, 0xB2, 0x49, 0x79, 0xEC, 0xEA, 0x50, 0xF4, 0x45, 0x8A, 0xE9, 0x3A,
    0x27, 0xD1, 0xFE, 0x1F, 0x75, 0x8E, 0xB1, 0x0D, 0xC3, 0x20, 0x14, 0x44, 0x9F, 0x4C, 0xE1, 0xC2,
    0x05, 0x6D, 0x3A, 0x8F, 0xC0, 0x04, 0x60, 0x46, 0xC9, 0x20, 0x58, 0x62, 0xB0, 0x28, 0x66, 0x04,
    0x8F, 0xE0, 0x11, 0x88, 0x64, 0x29, 0x14, 0x29, 0x72, 0xB1, 0x25, 0x77, 0x41, 0x7A, 0x08, 0x8E,
    0xFB, 0x77, 0x70, 0x03, 0x82, 0x18, 0x23, 0xF4, 0x45, 0x87, 0x1F, 0x30, 0xD3, 0xD5, 0x80, 0xD9,
    0x1C, 0x43, 0xB1, 0xD9, 0xE6, 0xA1, 0x8C, 0xBA, 0x05, 0xA9, 0x09, 0x5A, 0x83, 0x67, 0x85, 0x69,
    0xD5, 0x9C, 0xFC, 0x36, 0xFE, 0xE7, 0xAE, 0xB0, 0x76, 0x04, 0xCA, 0x2B, 0x0C, 0xD7, 0x4A, 0x12,
    0x3C, 0x4E, 0xF5, 0x41, 0xBB, 0x97, 0x3D, 0x61, 0xF3, 0x43, 0xDF, 0xD8, 0x31, 0x6B, 0xA5, 0x7B,
    0xA9, 0xE3, 0xAD, 0x8E, 0x45, 0x1D, 0x53, 0x06, 0x17, 0xCF, 0x0C, 0x2F, 0x3E, 0x92, 0xF5, 0xBC,
    0x48, 0xFE, 0x02, 0x8D, 0x90, 0x3F, 0x4E, 0xC3, 0x30, 0x18, 0xC5, 0x5F, 0xEC, 0x21, 0xC3, 0x37,
    0xF8, 0x00, 0x20, 0xBC, 0x76, 0x69, 0xB9, 0x40, 0xF3, 0x07, 0x71, 0x91, 0x1E, 0x80, 0x81, 0x4A,
    0xA8, 0xEA, 0x40, 0x49, 0xB6, 0xAE, 0x1C, 0x25, 0x43, 0x87, 0x0E, 0x08, 0x5B, 0xE2, 0x02, 0xDE,
    0x58, 0x7D, 0x04, 0x0F, 0x19, 0x32, 0x80, 0xCC, 0x97, 0x44, 0xA8, 0x84, 0x0E, 0x20, 0xBD, 0x9F,
    0xF4, 0xFC, 0x9E, 0xFC, 0x86, 0x2F, 0xC6, 0x2E, 0xF6, 0x9A, 0x92, 0x34, 0x14, 0xAE, 0xCB, 0x25,
    0x0C, 0x4C, 0x5D, 0xD5, 0x0B, 0xA4, 0x4E, 0x05, 0x15, 0x28, 0x08, 0x7F, 0x61, 0x4D, 0xB9, 0x3D,
    0x7B, 0x0B, 0x47, 0xD0, 0xAE, 0x42, 0x7E, 0xD3, 0xE1, 0x51, 0x78, 0xBC, 0xCA, 0x16, 0x46, 0x7E,
    0x0C, 0xE4, 0x49, 0x0B, 0xAA, 0x33, 0xEE, 0x0D, 0xB4, 0x37, 0x20, 0x57, 0x40, 0x5A, 0x0D, 0x6D,
    0x9F, 0xB8, 0xEF, 0xF0, 0x20, 0x9E, 0xFF, 0xEC, 0xD1, 0xFE, 0x56, 0x8C, 0x2D, 0xEB, 0x3C, 0x3F,
    0xA9, 0xF9, 0xD6, 0xFD, 0xA0, 0xFF, 0x2D, 0x4C, 0xC2, 0xE9, 0x02, 0x05, 0x14, 0x9F, 0xA8, 0x22,
    0xCC, 0x20, 0x36, 0xFC, 0xA4, 0x16, 0x73, 0xBA, 0xB5, 0x85, 0xDA, 0xFB, 0x9E, 0xDE, 0x6B, 0x00,
    0x45, 0x0D, 0x6C, 0x2C, 0x56, 0x6B, 0x2B, 0xFC, 0x9A, 0x93, 0x8D, 0x3D, 0xA2, 0xD8, 0x3B, 0xE8,
    0x05, 0x86, 0x65, 0xE2, 0x3E, 0xDB, 0x91, 0x5D, 0x45, 0xE5, 0xF1, 0x7E, 0xD9, 0xE0, 0xED, 0x6E,
    0xA4, 0xF7, 0x7D, 0xB6, 0x4B, 0x2D, 0x9C, 0x74, 0x64, 0x75, 0x99, 0xE3, 0x05, 0x39, 0x74, 0x49,
    0x56, 0x7A, 0xB8, 0x19, 0xF8, 0x52, 0x50, 0xEC, 0x45, 0x90, 0x5E, 0xF1, 0x76, 0x86, 0x19, 0x8F,
    0x0A, 0x07, 0xBE, 0x1A, 0xA0, 0xD8, 0x5F, 0x31, 0x4B, 0xE6, 0x00, 0x24, 0x61, 0x8C, 0xD3, 0x7A,
    0xAC, 0xE6, 0xCC, 0x96, 0x09, 0x3F, 0x7E, 0x94, 0xA7, 0x1F, 0x5F, 0xD5, 0x90, 0x21, 0x6E, 0x03,
    0x31, 0x10, 0x45, 0xDF, 0x36, 0xC0, 0xC0, 0xC0, 0x07, 0x88, 0x76, 0x37, 0xA0, 0xB0, 0x59, 0xD3,
    0x55, 0xE5, 0xC8, 0xBE, 0x50, 0x8B, 0x02, 0x02, 0x02, 0xF6, 0x48, 0x05, 0x55, 0x51, 0x23, 0xE5,
    0x06, 0xB9, 0x82, 0x41, 0x0E, 0x50, 0x60, 0xB0, 0x60, 0x1D, 0x77, 0xDC, 0x92, 0xA2, 0xF2, 0x48,
    0x1F, 0x7C, 0x7D, 0xFF, 0x79, 0x9A, 0xB1, 0x4E, 0xD8, 0x85, 0xE3, 0xC0, 0xBB, 0xE1, 0xE3, 0x52,
    0x25, 0xC6, 0x0D, 0x35, 0xD4, 0x09, 0x8E, 0x34, 0x0B, 0xAB, 0x4F, 0x8C, 0xC3, 0x39, 0xF6, 0x8E,
    0x52, 0xAA, 0x70, 0x55, 0x26, 0x9B, 0xDC, 0xD2, 0x47, 0xE9, 0xBE, 0x62, 0x36, 0x9D, 0xCF, 0xF6,
    0xCA, 0x09, 0x95, 0xE9, 0x02, 0x7E, 0xC6, 0xDF, 0x38, 0x18, 0x0E, 0x9A, 0x5D, 0x8F, 0xCD, 0x95,
    0xE7, 0x4B, 0xF0, 0x32, 0xDD, 0xC2, 0x08, 0x6F, 0x10, 0x79, 0x38, 0xB3, 0x3A, 0xA3, 0x26, 0x74,
    0xF8, 0x29, 0x64, 0xC6, 0x8E, 0x9D, 0x50, 0x7F, 0xC7, 0x6D, 0x25, 0x88, 0x91, 0x27, 0x35, 0xD3,
    0xDF, 0x2A, 0x6A, 0xD4, 0xC1, 0xE9, 0x60, 0x0B, 0x5A, 0x50, 0x2F, 0xD8, 0x19, 0x3B, 0xD5, 0xC2,
    0x3F, 0x77, 0x34, 0x51, 0xD6, 0xE4, 0x39, 0x56, 0xF3, 0x57, 0xB2, 0x8C, 0x48, 0x27, 0xBF, 0x3C,
    0x6E, 0xD9, 0x32, 0x36, 0x51, 0x4D, 0xAD, 0x44, 0xBE, 0xAC, 0xBF, 0x24, 0x7B, 0xC2, 0xA9, 0xA4,
    0x16, 0x86, 0x4D, 0x2F, 0xB7, 0xA5, 0xFB, 0xF9, 0x8D, 0x6F, 0x75, 0x8F, 0xBB, 0x11, 0xC2, 0x40,
    0x0C, 0x05, 0xD7, 0xBE, 0x19, 0x3B, 0x20, 0x70, 0x01, 0x14, 0x41, 0x09, 0x77, 0x1D, 0x90, 0xD3,
    0x04, 0x25, 0xD8, 0x25, 0xD0, 0x10, 0xF8, 0x4A, 0x70, 0x09, 0x17, 0x50, 0x80, 0x03, 0x07, 0x10,
    0x60, 0x59, 0x52, 0x60, 0x48, 0x08, 0x76, 0x46, 0x9F, 0x27, 0xE9, 0x89, 0xE3, 0x0A, 0xA3, 0x50,
    0xBF, 0x1A, 0x42, 0x81, 0x43, 0x86, 0x6E, 0x00, 0x91, 0x45, 0x99, 0xE9, 0x12, 0x8E, 0xC8, 0xA4,
    0x64, 0xEF, 0x99, 0xA6, 0x9D, 0xF0, 0x19, 0x2D, 0x26, 0x74, 0x47, 0x14, 0x29, 0xC6, 0x3E, 0xE0,
    0x5C, 0x14, 0x81, 0xFE, 0x49, 0xAB, 0xB2, 0x70, 0xFE, 0x57, 0xFB, 0x52, 0x8D, 0x85, 0x20, 0x1F,
    0xEA, 0xD4, 0xF3, 0xDB, 0xD8, 0xF7, 0xB7, 0x0B, 0x3C, 0xD2, 0x7E, 0xCF, 0xFC, 0xB8, 0xC2, 0x7C,
    0x95, 0x26, 0x05, 0x91, 0x81, 0xEB, 0xDB, 0xFA, 0x43, 0x34, 0x6F, 0x66, 0xB4, 0x9A, 0x2D, 0x57,
    0x56, 0x8F, 0xFD, 0xD1, 0x53, 0x26, 0x6A, 0x1A, 0x6F, 0x1A, 0xFA, 0xAC, 0xFE, 0xA3, 0xAB, 0xB9,
    0x2B, 0xD1, 0x4E, 0x67, 0xD7, 0x6D, 0x9D, 0x50, 0x3B, 0x4E, 0xC3, 0x40, 0x10, 0x7D, 0xB6, 0x51,
    0x56, 0xC2, 0x85, 0x6F, 0x80, 0x2B, 0xCA, 0x64, 0x9B, 0x94, 0xB1, 0xBD, 0x47, 0xE1, 0x10, 0x14,
    0x20, 0x19, 0xE2, 0x1B, 0x41, 0x91, 0x22, 0x05, 0xC2, 0x2B, 0x4E, 0xE0, 0x23, 0xF8, 0x08, 0x5B,
    0xB8, 0x30, 0x12, 0xF1, 0xF2, 0xC6, 0x9B, 0x10, 0xA4, 0x54, 0x60, 0xCD, 0x78, 0x67, 0xDF, 0xEC,
    0x7B, 0xF3, 0x49, 0x27, 0xE4, 0xBE, 0xBB, 0x52, 0x0E, 0xF8, 0x02, 0x6A, 0xA0, 0x00, 0x56, 0x51,
    0xFB, 0x92, 0x7A, 0xAF, 0x9B, 0xB6, 0x84, 0x7E, 0x83, 0x1E, 0xB1, 0x1A, 0x51, 0x8E, 0x28, 0xF6,
    0xA8, 0x6B, 0x8C, 0x55, 0xE2, 0x72, 0x6F, 0xE3, 0x09, 0xC8, 0x2D, 0xA0, 0x3B, 0xA0, 0xEC, 0x81,
    0x47, 0x2A, 0x0C, 0x03, 0xE0, 0xF6, 0x88, 0xFA, 0x1A, 0x49, 0x57, 0x20, 0xB1, 0x2B, 0x28, 0x9B,
    0x23, 0x6D, 0x32, 0x64, 0x26, 0x33, 0x8C, 0xAC, 0x26, 0x52, 0x86, 0x6C, 0xBF, 0xF5, 0xDE, 0xB5,
    0x74, 0x9E, 0xB4, 0x1A, 0xFA, 0x7F, 0x16, 0xE8, 0x25, 0xDB, 0x31, 0x2C, 0x40, 0x6D, 0x44, 0xEC,
    0x65, 0x9C, 0x47, 0xD1, 0x60, 0x65, 0xF9, 0xD7, 0x82, 0xC4, 0x8E, 0xD5, 0x91, 0x35, 0x02, 0x30,
    0xC9, 0xDA, 0xC1, 0x24, 0x02, 0x10, 0x73, 0x94, 0x84, 0x23, 0x65, 0x8C, 0x6F, 0xE8, 0x1B, 0xFA,
    0x0E, 0xB3, 0x9A, 0xC0, 0xAA, 0x09, 0xA9, 0x25, 0xFD, 0x81, 0xEE, 0x7E, 0x31, 0xCC, 0x99, 0x51,
    0xA2, 0x35, 0xDE, 0xB0, 0x9D, 0x99, 0x18, 0x73, 0x35, 0x49, 0x77, 0x16, 0x48, 0x4D, 0x10, 0x39,
    0xD5, 0x58, 0x62, 0x61, 0x37, 0xA8, 0xE8, 0xB7, 0xFD, 0x3D, 0x35, 0x49, 0xD9, 0xD1, 0x9F, 0x48,
    0x2B, 0x49, 0xD3, 0x36, 0x6C, 0x99, 0x3D, 0xAB, 0xFE, 0x19, 0x7A, 0xF2, 0xB6, 0xC8, 0x3F, 0xBA,
    0x4D, 0x1A, 0xF5, 0x72, 0xCA, 0x5D, 0x70, 0xA4, 0x03, 0xAA, 0x01, 0xEF, 0xF3, 0xD8, 0xC3, 0x1F,
    0x2C, 0x1A, 0x90, 0x38, 0xF8, 0x0E, 0x93, 0x41, 0xD6, 0x29, 0x54, 0x87, 0x0C, 0x3B, 0x3D, 0xE1,
    0x75, 0x41, 0xA1, 0xE3, 0x77, 0x89, 0xDF, 0x1D, 0xA7, 0xEF, 0xF1, 0xB3, 0x3C, 0x99, 0xA7, 0x08,
    0x8B, 0x39, 0x61, 0x32, 0x72, 0xCA, 0x91, 0xD5, 0xAC, 0x72, 0xCD, 0x7D, 0xF0, 0x9D, 0xFE, 0x84,
    0xF2, 0x06, 0x5B, 0xCE, 0xC7, 0x6E, 0xE7, 0x53, 0xEE, 0x82, 0xCF, 0x79, 0x79, 0x77, 0xFC, 0x4E,
    0x3A, 0x6B, 0x89, 0xA9, 0x93, 0x1F, 0x24, 0x20, 0x61, 0x21, 0xEF, 0xAA, 0x70, 0xF2, 0x2E, 0xB8,
    0xE4, 0xD7, 0xC0, 0x05, 0xF7, 0x1B, 0x63, 0xC8, 0xBF, 0xC0, 0xC0, 0xF8, 0xFF, 0x02, 0x03, 0xF3,
    0x07, 0xF6, 0x03, 0xEC, 0x07, 0xB8, 0x2F, 0x70, 0x83, 0xC8, 0x03, 0x0C, 0x0C, 0x20, 0x6C, 0xFF,
    0xDF, 0xFD, 0x00, 0x08, 0x43, 0xC4, 0x88, 0xC3, 0x0C, 0xF9, 0xD7, 0x1B, 0x18, 0xFF, 0xDF, 0x6E,
    0x60, 0xFE, 0xC0, 0xDD, 0x00, 0x14, 0x69, 0xE0, 0x46, 0xC2, 0xF6, 0xFF, 0xBD, 0xC1, 0x98, 0x1B,
    0x4D, 0x1C, 0x0D, 0x83, 0x20, 0xD0, 0x1D, 0x40, 0x13, 0x0E, 0x30, 0x7E, 0x00, 0x00, 0x63, 0x60,
    0x63, 0x60, 0x60, 0x90, 0x6F, 0x60, 0x60, 0xA8, 0x7F, 0xC0, 0xC0, 0xF8, 0xC0, 0x86, 0x81, 0xFD,
    0x00, 0x3F, 0x83, 0xFC, 0x7F, 0xFE, 0x03, 0xF5, 0xFF, 0xF5, 0x3F, 0xD4, 0xFF, 0xA9, 0xFF, 0x20,
    0xFF, 0xE5, 0xFF, 0x01, 0xF6, 0xFF, 0xFF, 0x19, 0x18, 0xBF, 0xFC, 0x61, 0x60, 0x28, 0xF9, 0x00,
    0x51, 0x0B, 0xD4, 0x03, 0x00,
};

static const EpdGlyph ubuntumono_14_regularGlyphs[] = {
    { 0, 0, 233, 0, 0, 0, 0 }, // U+0000
    { 0, 0, 233, 0, 0, 0, 0 }, // U+0008
    { 0, 0, 233, 0, 0, 0, 0 }, // U+0009
    { 0, 0, 233, 0, 0, 0, 0 }, // U+000D
    { 0, 0, 233, 0, 0, 0, 0 }, // U+001D
    { 0, 0, 233, 0, 0, 0, 0 }, // U+0020
    { 5, 18, 233, 5, 18, 23, 0 }, // !
    { 8, 7, 233, 3, 20, 14, 23 }, // "
    { 14, 18, 233, 0, 18, 63, 37 }, // #
    { 12, 23, 233, 1, 20, 69, 100 }, // $
    { 14, 18, 233, 0, 18, 63, 169 }, // %
    { 14, 18, 233, 0, 18, 63, 232 }, // &
    { 4, 8, 233, 5, 20, 8, 295 }, // '
    { 9, 23, 233, 3, 18, 52, 303 }, // (
    { 9, 23, 233, 3, 18, 52, 355 }, // )
    { 12, 12, 233, 1, 18, 36, 407 }, // *
    { 13, 12, 233, 1, 14, 39, 443 }, // +
    { 7, 8, 233, 4, 4, 14, 482 }, // ,
    { 7, 2, 233, 4, 8, 4, 496 }, // -
    { 5, 4, 233, 5, 4, 5, 500 }, // .
    { 11, 25, 233, 2, 20, 69, 505 }, // /
    { 13, 18, 233, 1, 18, 59, 574 }, // 0
    { 11, 18, 233, 2, 18, 50, 633 }, // 1
    { 12, 18, 233, 1, 18, 54, 683 }, // 2
    { 12, 18, 233, 1, 18, 54, 737 }, // 3
    { 13, 18, 233, 1, 18, 59, 791 }, // 4
    { 12, 18, 233, 1, 18, 54, 850 }, // 5
    { 13, 18, 233, 1, 18, 59, 904 }, // 6
    { 13, 18, 233, 1, 18, 59, 963 }, // 7
    { 13, 18, 233, 1, 18, 59, 1022 }, // 8
    { 12, 18, 233, 1, 18, 54, 1081 }, // 9
    { 5, 13, 233, 5, 13, 17, 1135 }, // :
    { 7, 17, 233, 3, 13, 30, 1152 }, // ;
    { 13, 11, 233, 1, 13, 36, 1182 }, // <
    { 13, 7, 233, 1, 11, 23, 1218 }, // =
    { 13, 11, 233, 1, 13, 36, 1241 }, // >
    { 10, 18, 233, 2, 18, 45, 1277 }, // ?
    { 13, 22, 233, 1, 18, 72, 1322 }, // @
    { 15, 18, 233, 0, 18, 68, 1394 }, // A
    { 13, 18, 233, 1, 18, 59, 1462 }, // B
    { 13, 18, 233, 1, 18, 59, 1521 }, // C
    { 13, 18, 233, 1, 18, 59, 1580 }, // D
    { 12, 18, 233, 2, 18, 54, 1639 }, // E
    { 11, 18, 233, 2, 18, 50, 1693 }, // F
    { 13, 18, 233, 1, 18, 59, 1743 }, // G
    { 13, 18, 233, 1, 18, 59, 1802 }, // H
    { 10, 18, 233, 2, 18, 45, 1861 }, // I
    { 12, 18, 233, 1, 18, 54, 1906 }, // J
    { 14, 18, 233, 1, 18, 63, 1960 }, // K
    { 12, 18, 233, 2, 18, 54, 2023 }, // L
    { 14, 18, 233, 0, 18, 63, 2077 }, // M
    { 12, 18, 233, 1, 18, 54, 2140 }, // N
    { 14, 18, 233, 0, 18, 63, 2194 }, // O
    { 12, 18, 233, 2, 18, 54, 2257 }, // P
    { 14, 22, 233, 0, 18, 77, 2311 }, // Q
    { 13, 18, 233, 1, 18, 59, 2388 }, // R
    { 12, 18, 233, 1, 18, 54, 2447 }, // S
    { 13, 18, 233, 1, 18, 59, 2501 }, // T
    { 13, 18, 233, 1, 18, 59, 2560 }, // U
    { 15, 18, 233, 0, 18, 68, 2619 }, // V
    { 14, 18, 233, 0, 18, 63, 2687 }, // W
    { 14, 18, 233, 0, 18, 63, 2750 }, // X
    { 15, 18, 233, 0, 18, 68, 2813 }, // Y
    { 13, 18, 233, 1, 18, 59, 2881 }, // Z
    { 8, 23, 233, 4, 18, 46, 2940 }, // [
    { 11, 25, 233, 2, 20, 69, 2986 }, // <backslash>
    { 8, 23, 233, 3, 18, 46, 3055 }, // ]
    { 13, 10, 233, 1, 18, 33, 3101 }, // ^
    { 15, 2, 233, 0, -3, 8, 3134 }, // _
    { 6, 5, 233, 4, 20, 8, 3142 }, // `
    { 12, 13, 233, 1, 13, 39, 3150 }, // a
    { 12, 20, 233, 2, 20, 60, 3189 }, // b
    { 13, 13, 233, 1, 13, 43, 3249 }, // c
    { 12, 20, 233, 1, 20, 60, 3292 }, // d
    { 13, 13, 233, 1, 13, 43, 3352 }, // e
    { 13, 20, 233, 1, 20, 65, 3395 }, // f
    { 12, 18, 233, 1, 13, 54, 3460 }, // g
    { 11, 20, 233, 2, 20, 55, 3514 }, // h
    { 13, 18, 233, 1, 18, 59, 3569 }, // i
    { 10, 23, 233, 2, 18, 58, 3628 }, // j
    { 12, 20, 233, 2, 20, 60, 3686 }, // k
    { 13, 20, 233, 1, 20, 65, 3746 }, // l
    { 13, 13, 233, 1, 13, 43, 3811 }, // m
    { 11, 13, 233, 2, 13, 36, 3854 }, // n
    { 13, 13, 233, 1, 13, 43, 3890 }, // o
    { 12, 18, 233, 2, 13, 54, 3933 }, // p
    { 12, 18, 233, 1, 13, 54, 3987 }, // q
    { 10, 13, 233, 3, 13, 33, 4041 }, // r
    { 12, 13, 233, 1, 13, 39, 4074 }, // s
    { 13, 17, 233, 1, 17, 56, 4113 }, // t
    { 12, 13, 233, 1, 13, 39, 4169 }, // u
    { 14, 13, 233, 0, 13, 46, 4208 }, // v
    { 14, 13, 233, 0, 13, 46, 4254 }, // w
    { 14, 13, 233, 0, 13, 46, 4300 }, // x
    { 13, 18, 233, 1, 13, 59, 4346 }, // y
    { 11, 13, 233, 2, 13, 36, 4405 }, // z
    { 11, 25, 233, 2, 20, 69, 4441 }, // {
    { 3, 25, 233, 6, 20, 19, 4510 }, // |
    { 11, 25, 233, 2, 20, 69, 4529 }, // }
    { 13, 4, 233, 1, 9, 13, 4598 }, // ~
    { 0, 0, 233, 0, 0, 0, 0 }, // U+00A0
    { 5, 18, 233, 5, 13, 23, 0 }, // U+00A1
    { 13, 21, 233, 1, 18, 69, 23 }, // U+00A2
    { 13, 18, 233, 1, 18, 59, 92 }, // U+00A3
    { 13, 12, 233, 1, 15, 39, 151 }, // U+00A4
    { 15, 18, 233, 0, 18, 68, 190 }, // U+00A5
    { 3, 25, 233, 6, 20, 19, 258 }, // U+00A6
    { 12, 21, 233, 1, 18, 63, 277 }, // U+00A7
    { 9, 3, 233, 3, 19, 7, 340 }, // U+00A8
    { 14, 14, 233, 0, 14, 49, 347 }, // U+00A9
    { 9, 9, 233, 3, 18, 21, 396 }, // U+00AA
    { 11, 11, 233, 1, 13, 31, 417 }, // U+00AB
    { 13, 9, 233, 1, 10, 30, 448 }, // U+00AC
    { 7, 2, 233, 4, 8, 4, 478 }, // U+00AD
    { 14, 14, 233, 0, 14, 49, 482 }, // U+00AE
    { 8, 2, 233, 3, 19, 4, 531 }, // U+00AF
    { 8, 8, 233, 3, 21, 16, 535 }, // U+00B0
    { 13, 16, 233, 1, 16, 52, 551 }, // U+00B1
    { 8, 10, 233, 3, 18, 20, 603 }, // U+00B2
    { 8, 10, 233, 3, 18, 20, 623 }, // U+00B3
    { 6, 5, 233, 4, 20, 8, 643 }, // U+00B4
    { 11, 18, 233, 2, 13, 50, 651 }, // U+00B5
    { 13, 23, 233, 0, 18, 75, 701 }, // U+00B6
    { 5, 4, 233, 5, 10, 5, 776 }, // U+00B7
    { 6, 6, 233, 4, 1, 9, 781 }, // U+00B8
    { 9, 10, 233, 3, 18, 23, 790 }, // U+00B9
    { 10, 9, 233, 2, 18, 23, 813 }, // U+00BA
    { 11, 11, 233, 2, 13, 31, 836 }, // U+00BB
    { 14, 18, 233, 0, 18, 63, 867 }, // U+00BC
    { 14, 19, 233, 0, 18, 67, 930 }, // U+00BD
    { 14, 18, 233, 0, 18, 63, 997 }, // U+00BE
    { 10, 18, 233, 2, 13, 45, 1060 }, // U+00BF
    { 15, 24, 233, 0, 24, 90, 1105 }, // U+00C0
    { 15, 24, 233, 0, 24, 90, 1195 }, // U+00C1
    { 15, 24, 233, 0, 24, 90, 1285 }, // U+00C2
    { 15, 23, 233, 0, 23, 87, 1375 }, // U+00C3
    { 15, 23, 233, 0, 23, 87, 1462 }, // U+00C4
    { 15, 22, 233, 0, 22, 83, 1549 }, // U+00C5
    { 14, 18, 233, 0, 18, 63, 1632 }, // U+00C6
    { 13, 23, 233, 1, 18, 75, 1695 }, // U+00C7
    { 12, 24, 233, 2, 24, 72, 1770 }, // U+00C8
    { 12, 24, 233, 2, 24, 72, 1842 }, // U+00C9
    { 12, 24, 233, 2, 24, 72, 1914 }, // U+00CA
    { 12, 23, 233, 2, 23, 69, 1986 }, // U+00CB
    { 10, 24, 233, 2, 24, 60, 2055 }, // U+00CC
    { 10, 24, 233, 2, 24, 60, 2115 }, // U+00CD
    { 10, 24, 233, 2, 24, 60, 2175 }, // U+00CE
    { 10, 23, 233, 2, 23, 58, 2235 }, // U+00CF
    { 14, 18, 233, 0, 18, 63, 2293 }, // U+00D0
    { 12, 23, 233, 1, 23, 69, 2356 }, // U+00D1
    { 14, 24, 233, 0, 24, 84, 2425 }, // U+00D2
    { 14, 24, 233, 0, 24, 84, 2509 }, // U+00D3
    { 14, 24, 233, 0, 24, 84, 2593 }, // U+00D4
    { 14, 23, 233, 0, 23, 81, 2677 }, // U+00D5
    { 14, 23, 233, 0, 23, 81, 2758 }, // U+00D6
    { 11, 10, 233, 2, 12, 28, 2839 }, // U+00D7
    { 14, 20, 233, 0, 19, 70, 2867 }, // U+00D8
    { 13, 24, 233, 1, 24, 78, 2937 }, // U+00D9
    { 13, 24, 233, 1, 24, 78, 3015 }, // U+00DA
    { 13, 24, 233, 1, 24, 78, 3093 }, // U+00DB
    { 13, 23, 233, 1, 23, 75, 3171 }, // U+00DC
    { 15, 24, 233, 0, 24, 90, 3246 }, // U+00DD
    { 12, 18, 233, 2, 18, 54, 3336 }, // U+00DE
    { 12, 20, 233, 2, 20, 60, 3390 }, // U+00DF
    { 12, 20, 233, 1, 20, 60, 3450 }, // U+00E0
    { 12, 20, 233, 1, 20, 60, 3510 }, // U+00E1
    { 12, 20, 233, 1, 20, 60, 3570 }, // U+00E2
    { 12, 19, 233, 1, 19, 57, 3630 }, // U+00E3
    { 12, 19, 233, 1, 19, 57, 3687 }, // U+00E4
    { 12, 20, 233, 1, 20, 60, 3744 }, // U+00E5
    { 14, 13, 233, 0, 13, 46, 3804 }, // U+00E6
    { 13, 18, 233, 1, 13, 59, 3850 }, // U+00E7
    { 13, 20, 233, 1, 20, 65, 3909 }, // U+00E8
    { 13, 20, 233, 1, 20, 65, 3974 }, // U+00E9
    { 13, 20, 233, 1, 20, 65, 4039 }, // U+00EA
    { 13, 19, 233, 1, 19, 62, 4104 }, // U+00EB
    { 13, 20, 233, 1, 20, 65, 4166 }, // U+00EC
    { 13, 20, 233, 1, 20, 65, 4231 }, // U+00ED
    { 13, 20, 233, 1, 20, 65, 4296 }, // U+00EE
    { 13, 19, 233, 1, 19, 62, 4361 }, // U+00EF
    { 13, 20, 233, 1, 20, 65, 4423 }, // U+00F0
    { 11, 19, 233, 2, 19, 53, 4488 }, // U+00F1
    { 13, 20, 233, 1, 20, 65, 4541 }, // U+00F2
    { 13, 20, 233, 1, 20, 65, 4606 }, // U+00F3
    { 13, 20, 233, 1, 20, 65, 4671 }, // U+00F4
    { 13, 19, 233, 1, 19, 62, 4736 }, // U+00F5
    { 13, 19, 233, 1, 19, 62, 4798 }, // U+00F6
    { 13, 14, 233, 1, 15, 46, 4860 }, // U+00F7
    { 13, 15, 233, 1, 14, 49, 4906 }, // U+00F8
    { 12, 20, 233, 1, 20, 60, 4955 }, // U+00F9
    { 12, 20, 233, 1, 20, 60, 5015 }, // U+00FA
    { 12, 20, 233, 1, 20, 60, 5075 }, // U+00FB
    { 12, 19, 233, 1, 19, 57, 5135 }, // U+00FC
    { 13, 25, 233, 1, 20, 82, 5192 }, // U+00FD
    { 12, 25, 233, 2, 20, 75, 5274 }, // U+00FE
    { 13, 24, 233, 1, 19, 78, 5349 }, // U+00FF
    { 15, 23, 233, 0, 23, 87, 0 }, // U+0100
    { 12, 19, 233, 1, 19, 57, 87 }, // U+0101
    { 15, 24, 233, 0, 24, 90, 144 }, // U+0102
    { 12, 20, 233, 1, 20, 60, 234 }, // U+0103
    { 15, 23, 233, 0, 18, 87, 294 }, // U+0104
    { 12, 18, 233, 1, 13, 54, 381 }, // U+0105
    { 13, 24, 233, 1, 24, 78, 435 }, // U+0106
    { 13, 20, 233, 1, 20, 65, 513 }, // U+0107
    { 13, 24, 233, 1, 24, 78, 578 }, // U+0108
    { 13, 20, 233, 1, 20, 65, 656 }, // U+0109
    { 13, 24, 233, 1, 24, 78, 721 }, // U+010A
    { 13, 20, 233, 1, 20, 65, 799 }, // U+010B
    { 13, 24, 233, 1, 24, 78, 864 }, // U+010C
    { 13, 20, 233, 1, 20, 65, 942 }, // U+010D
    { 13, 24, 233, 1, 24, 78, 1007 }, // U+010E
    { 15, 20, 233, 0, 20, 75, 1085 }, // U+010F
    { 14, 18, 233, 0, 18, 63, 1160 }, // U+0110
    { 13, 20, 233, 1, 20, 65, 1223 }, // U+0111
    { 12, 23, 233, 2, 23, 69, 1288 }, // U+0112
    { 13, 19, 233, 1, 19, 62, 1357 }, // U+0113
    { 12, 24, 233, 2, 24, 72, 1419 }, // U+0114
    { 13, 20, 233, 1, 20, 65, 1491 }, // U+0115
    { 12, 24, 233, 2, 24, 72, 1556 }, // U+0116
    { 13, 20, 233, 1, 20, 65, 1628 }, // U+0117
    { 12, 23, 233, 2, 18, 69, 1693 }, // U+0118
    { 13, 18, 233, 1, 13, 59, 1762 }, // U+0119
    { 12, 24, 233, 2, 24, 72, 1821 }, // U+011A
    { 13, 20, 233, 1, 20, 65, 1893 }, // U+011B
    { 13, 24, 233, 1, 24, 78, 1958 }, // U+011C
    { 12, 25, 233, 1, 20, 75, 2036 }, // U+011D
    { 13, 24, 233, 1, 24, 78, 2111 }, // U+011E
    { 12, 25, 233, 1, 20, 75, 2189 }, // U+011F
    { 13, 24, 233, 1, 24, 78, 2264 }, // U+0120
    { 12, 25, 233, 1, 20, 75, 2342 }, // U+0121
    { 13, 23, 233, 1, 18, 75, 2417 }, // U+0122
    { 12, 25, 233, 1, 20, 75, 2492 }, // U+0123
    { 13, 24, 233, 1, 24, 78, 2567 }, // U+0124
    { 12, 25, 233, 1, 25, 75, 2645 }, // U+0125
    { 14, 18, 233, 0, 18, 63, 2720 }, // U+0126
    { 13, 20, 233, 0, 20, 65, 2783 }, // U+0127
    { 10, 23, 233, 2, 23, 58, 2848 }, // U+0128
    { 13, 19, 233, 1, 19, 62, 2906 }, // U+0129
    { 10, 23, 233, 2, 23, 58, 2968 }, // U+012A
    { 13, 19, 233, 1, 19, 62, 3026 }, // U+012B
    { 10, 24, 233, 2, 24, 60, 3088 }, // U+012C
    { 13, 20, 233, 1, 20, 65, 3148 }, // U+012D
    { 10, 23, 233, 2, 18, 58, 3213 }, // U+012E
    { 13, 24, 233, 1, 19, 78, 3271 }, // U+012F
    { 10, 24, 233, 2, 24, 60, 3349 }, // U+0130
    { 13, 13, 233, 1, 13, 43, 3409 }, // U+0131
    { 13, 18, 233, 1, 18, 59, 3452 }, // U+0132
    { 10, 23, 233, 2, 18, 58, 3511 }, // U+0133
    { 12, 24, 233, 1, 24, 72, 3569 }, // U+0134
    { 10, 25, 233, 2, 20, 63, 3641 }, // U+0135
    { 14, 23, 233, 1, 18, 81, 3704 }, // U+0136
    { 12, 25, 233, 2, 20, 75, 3785 }, // U+0137
    { 12, 13, 233, 2, 13, 39, 3860 }, // U+0138
    { 12, 24, 233, 2, 24, 72, 3899 }, // U+0139
    { 13, 24, 233, 1, 24, 78, 3971 }, // U+013A
    { 12, 23, 233, 2, 18, 69, 4049 }, // U+013B
    { 13, 25, 233, 1, 20, 82, 4118 }, // U+013C
    { 12, 18, 233, 2, 18, 54, 4200 }, // U+013D
    { 13, 20, 233, 1, 20, 65, 4254 }, // U+013E
    { 12, 18, 233, 2, 18, 54, 4319 }, // U+013F
    { 15, 20, 233, 1, 20, 75, 4373 }, // U+0140
    { 14, 18, 233, 0, 18, 63, 4448 }, // U+0141
    { 13, 20, 233, 1, 20, 65, 4511 }, // U+0142
    { 12, 24, 233, 1, 24, 72, 4576 }, // U+0143
    { 11, 20, 233, 2, 20, 55, 4648 }, // U+0144
    { 12, 23, 233, 1, 18, 69, 4703 }, // U+0145
    { 11, 18, 233, 2, 13, 50, 4772 }, // U+0146
    { 12, 24, 233, 1, 24, 72, 4822 }, // U+0147
    { 11, 20, 233, 2, 20, 55, 4894 }, // U+0148
    { 13, 20, 233, 0, 20, 65, 4949 }, // U+0149
    { 12, 23, 233, 1, 18, 69, 5014 }, // U+014A
    { 11, 18, 233, 2, 13, 50, 5083 }, // U+014B
    { 14, 23, 233, 0, 23, 81, 5133 }, // U+014C
    { 13, 19, 233, 1, 19, 62, 5214 }, // U+014D
    { 14, 24, 233, 0, 24, 84, 5276 }, // U+014E
    { 13, 20, 233, 1, 20, 65, 5360 }, // U+014F
    { 14, 24, 233, 0, 24, 84, 5425 }, // U+0150
    { 13, 20, 233, 1, 20, 65, 5509 }, // U+0151
    { 14, 18, 233, 0, 18, 63, 5574 }, // U+0152
    { 14, 13, 233, 0, 13, 46, 5637 }, // U+0153
    { 13, 24, 233, 1, 24, 78, 5683 }, // U+0154
    { 10, 20, 233, 3, 20, 50, 5761 }, // U+0155
    { 13, 23, 233, 1, 18, 75, 5811 }, // U+0156
    { 12, 18, 233, 1, 13, 54, 5886 }, // U+0157
    { 13, 24, 233, 1, 24, 78, 5940 }, // U+0158
    { 10, 20, 233, 3, 20, 50, 6018 }, // U+0159
    { 12, 24, 233, 1, 24, 72, 6068 }, // U+015A
    { 12, 20, 233, 1, 20, 60, 6140 }, // U+015B
    { 12, 24, 233, 1, 24, 72, 6200 }, // U+015C
    { 12, 20, 233, 1, 20, 60, 6272 }, // U+015D
    { 12, 23, 233, 1, 18, 69, 6332 }, // U+015E
    { 12, 18, 233, 1, 13, 54, 6401 }, // U+015F
    { 12, 24, 233, 1, 24, 72, 6455 }, // U+0160
    { 12, 20, 233, 1, 20, 60, 6527 }, // U+0161
    { 13, 23, 233, 1, 18, 75, 6587 }, // U+0162
    { 13, 22, 233, 1, 17, 72, 6662 }, // U+0163
    { 13, 24, 233, 1, 24, 78, 6734 }, // U+0164
    { 13, 20, 233, 1, 20, 65, 6812 }, // U+0165
    { 13, 18, 233, 1, 18, 59, 6877 }, // U+0166
    { 13, 17, 233, 1, 17, 56, 6936 }, // U+0167
    { 13, 23, 233, 1, 23, 75, 6992 }, // U+0168
    { 12, 19, 233, 1, 19, 57, 7067 }, // U+0169
    { 13, 23, 233, 1, 23, 75, 7124 }, // U+016A
    { 12, 19, 233, 1, 19, 57, 7199 }, // U+016B
    { 13, 24, 233, 1, 24, 78, 7256 }, // U+016C
    { 12, 20, 233, 1, 20, 60, 7334 }, // U+016D
    { 13, 24, 233, 1, 24, 78, 7394 }, // U+016E
    { 12, 20, 233, 1, 20, 60, 7472 }, // U+016F
    { 13, 24, 233, 1, 24, 78, 7532 }, // U+0170
    { 12, 20, 233, 1, 20, 60, 7610 }, // U+0171
    { 13, 23, 233, 1, 18, 75, 7670 }, // U+0172
    { 12, 18, 233, 1, 13, 54, 7745 }, // U+0173
    { 14, 24, 233, 0, 24, 84, 7799 }, // U+0174
    { 14, 20, 233, 0, 20, 70, 7883 }, // U+0175
    { 15, 24, 233, 0, 24, 90, 7953 }, // U+0176
    { 13, 25, 233, 1, 20, 82, 8043 }, // U+0177
    { 15, 23, 233, 0, 23, 87, 8125 }, // U+0178
    { 13, 24, 233, 1, 24, 78, 8212 }, // U+0179
    { 11, 20, 233, 2, 20, 55, 8290 }, // U+017A
    { 13, 24, 233, 1, 24, 78, 8345 }, // U+017B
    { 11, 20, 233, 2, 20, 55, 8423 }, // U+017C
    { 13, 24, 233, 1, 24, 78, 8478 }, // U+017D
    { 11, 20, 233, 2, 20, 55, 8556 }, // U+017E
    { 10, 20, 233, 4, 20, 50, 8611 }, // U+017F
    { 15, 20, 233, 0, 20, 75, 0 }, // U+01A0
    { 13, 16, 233, 1, 16, 52, 75 }, // U+01A1
    { 14, 21, 233, 1, 21, 74, 127 }, // U+01AF
    { 13, 16, 233, 1, 16, 52, 201 }, // U+01B0
    { 15, 23, 233, 0, 23, 87, 253 }, // U+01C4
    { 15, 19, 233, 0, 19, 72, 340 }, // U+01C5
    { 15, 20, 233, 0, 20, 75, 412 }, // U+01C6
    { 13, 18, 233, 1, 18, 59, 487 }, // U+01C7
    { 13, 23, 233, 1, 18, 75, 546 }, // U+01C8
    { 11, 25, 233, 2, 20, 69, 621 }, // U+01C9
    { 13, 18, 233, 1, 18, 59, 690 }, // U+01CA
    { 13, 23, 233, 1, 18, 75, 749 }, // U+01CB
    { 13, 23, 233, 1, 18, 75, 824 }, // U+01CC
    { 15, 24, 233, 0, 24, 90, 899 }, // U+01CD
    { 12, 20, 233, 1, 20, 60, 989 }, // U+01CE
    { 10, 24, 233, 2, 24, 60, 1049 }, // U+01CF
    { 13, 20, 233, 1, 20, 65, 1109 }, // U+01D0
    { 14, 24, 233, 0, 24, 84, 1174 }, // U+01D1
    { 13, 20, 233, 1, 20, 65, 1258 }, // U+01D2
    { 13, 24, 233, 1, 24, 78, 1323 }, // U+01D3
    { 12, 20, 233, 1, 20, 60, 1401 }, // U+01D4
    { 13, 25, 233, 1, 25, 82, 1461 }, // U+01D5
    { 12, 21, 233, 1, 21, 63, 1543 }, // U+01D6
    { 13, 24, 233, 1, 24, 78, 1606 }, // U+01D7
    { 12, 23, 233, 1, 23, 69, 1684 }, // U+01D8
    { 13, 24, 233, 1, 24, 78, 1753 }, // U+01D9
    { 12, 21, 233, 1, 21, 63, 1831 }, // U+01DA
    { 13, 24, 233, 1, 24, 78, 1894 }, // U+01DB
    { 12, 22, 233, 1, 22, 66, 1972 }, // U+01DC
    { 13, 13, 233, 1, 13, 43, 2038 }, // U+01DD
    { 15, 25, 233, 0, 25, 94, 2081 }, // U+01DE
    { 12, 21, 233, 1, 21, 63, 2175 }, // U+01DF
    { 15, 25, 233, 0, 25, 94, 2238 }, // U+01E0
    { 12, 21, 233, 1, 21, 63, 2332 }, // U+01E1
    { 14, 23, 233, 0, 23, 81, 2395 }, // U+01E2
    { 14, 19, 233, 0, 19, 67, 2476 }, // U+01E3
    { 13, 18, 233, 1, 18, 59, 2543 }, // U+01E4
    { 13, 18, 233, 1, 13, 59, 2602 }, // U+01E5
    { 13, 24, 233, 1, 24, 78, 2661 }, // U+01E6
    { 12, 25, 233, 1, 20, 75, 2739 }, // U+01E7
    { 14, 24, 233, 1, 24, 84, 2814 }, // U+01E8
    { 13, 25, 233, 1, 25, 82, 2898 }, // U+01E9
    { 14, 23, 233, 0, 18, 81, 2980 }, // U+01EA
    { 13, 18, 233, 1, 13, 59, 3061 }, // U+01EB
    { 14, 28, 233, 0, 23, 98, 3120 }, // U+01EC
    { 13, 24, 233, 1, 19, 78, 3218 }, // U+01ED
    { 14, 24, 233, 0, 24, 84, 3296 }, // U+01EE
    { 12, 25, 233, 1, 20, 75, 3380 }, // U+01EF
    { 10, 25, 233, 2, 20, 63, 3455 }, // U+01F0
    { 14, 18, 233, 0, 18, 63, 3518 }, // U+01F1
    { 14, 18, 233, 0, 18, 63, 3581 }, // U+01F2
    { 15, 20, 233, 0, 20, 75, 3644 }, // U+01F3
    { 13, 24, 233, 1, 24, 78, 3719 }, // U+01F4
    { 12, 25, 233, 1, 20, 75, 3797 }, // U+01F5
    { 13, 18, 233, 1, 18, 59, 3872 }, // U+01F6
    { 12, 23, 233, 2, 18, 69, 3931 }, // U+01F7
    { 12, 24, 233, 1, 24, 72, 4000 }, // U+01F8
    { 11, 20, 233, 2, 20, 55, 4072 }, // U+01F9
    { 15, 23, 233, 0, 23, 87, 4127 }, // U+01FA
    { 12, 23, 233, 1, 23, 69, 4214 }, // U+01FB
    { 14, 24, 233, 0, 24, 84, 4283 }, // U+01FC
    { 14, 20, 233, 0, 20, 70, 4367 }, // U+01FD
    { 14, 26, 233, 0, 25, 91, 4437 }, // U+01FE
    { 13, 21, 233, 1, 20, 69, 4528 }, // U+01FF
    { 15, 24, 233, 0, 24, 90, 4597 }, // U+0200
    { 12, 20, 233, 1, 20, 60, 4687 }, // U+0201
    { 15, 24, 233, 0, 24, 90, 4747 }, // U+0202
    { 12, 20, 233, 1, 20, 60, 4837 }, // U+0203
    { 12, 24, 233, 2, 24, 72, 4897 }, // U+0204
    { 13, 20, 233, 1, 20, 65, 4969 }, // U+0205
    { 12, 24, 233, 2, 24, 72, 5034 }, // U+0206
    { 13, 20, 233, 1, 20, 65, 5106 }, // U+0207
    { 10, 24, 233, 2, 24, 60, 5171 }, // U+0208
    { 13, 20, 233, 1, 20, 65, 5231 }, // U+0209
    { 10, 24, 233, 2, 24, 60, 5296 }, // U+020A
    { 13, 20, 233, 1, 20, 65, 5356 }, // U+020B
    { 14, 24, 233, 0, 24, 84, 5421 }, // U+020C
    { 13, 20, 233, 1, 20, 65, 5505 }, // U+020D
    { 14, 24, 233, 0, 24, 84, 5570 }, // U+020E
    { 13, 20, 233, 1, 20, 65, 5654 }, // U+020F
    { 13, 24, 233, 1, 24, 78, 5719 }, // U+0210
    { 11, 20, 233, 2, 20, 55, 5797 }, // U+0211
    { 13, 24, 233, 1, 24, 78, 5852 }, // U+0212
    { 10, 20, 233, 3, 20, 50, 5930 }, // U+0213
    { 13, 24, 233, 1, 24, 78, 5980 }, // U+0214
    { 12, 20, 233, 1, 20, 60, 6058 }, // U+0215
    { 13, 24, 233, 1, 24, 78, 6118 }, // U+0216
    { 12, 20, 233, 1, 20, 60, 6196 }, // U+0217
    { 12, 23, 233, 1, 18, 69, 6256 }, // U+0218
    { 12, 18, 233, 1, 13, 54, 6325 }, // U+0219
    { 13, 23, 233, 1, 18, 75, 6379 }, // U+021A
    { 13, 22, 233, 1, 17, 72, 6454 }, // U+021B
    { 14, 23, 233, 0, 18, 81, 6526 }, // U+021C
    { 12, 18, 233, 1, 13, 54, 6607 }, // U+021D
    { 13, 24, 233, 1, 24, 78, 6661 }, // U+021E
    { 12, 25, 233, 1, 25, 75, 6739 }, // U+021F
    { 8, 4, 233, 3, 20, 8, 0 }, // U+0311
    { 12, 24, 233, 2, 24, 72, 0 }, // U+0400
    { 12, 23, 233, 2, 23, 69, 72 }, // U+0401
    { 14, 18, 233, 0, 18, 63, 141 }, // U+0402
    { 13, 24, 233, 1, 24, 78, 204 }, // U+0403
    { 13, 18, 233, 1, 18, 59, 282 }, // U+0404
    { 12, 18, 233, 1, 18, 54, 341 }, // U+0405
    { 10, 18, 233, 2, 18, 45, 395 }, // U+0406
    { 10, 23, 233, 2, 23, 58, 440 }, // U+0407
    { 12, 18, 233, 1, 18, 54, 498 }, // U+0408
    { 14, 18, 233, 0, 18, 63, 552 }, // U+0409
    { 13, 18, 233, 1, 18, 59, 615 }, // U+040A
    { 13, 18, 233, 0, 18, 59, 674 }, // U+040B
    { 14, 24, 233, 1, 24, 84, 733 }, // U+040C
    { 12, 24, 233, 1, 24, 72, 817 }, // U+040D
    { 15, 24, 233, 0, 24, 90, 889 }, // U+040E
    { 13, 23, 233, 1, 18, 75, 979 }, // U+040F
    { 15, 18, 233, 0, 18, 68, 1054 }, // U+0410
    { 13, 18, 233, 1, 18, 59, 1122 }, // U+0411
    { 13, 18, 233, 1, 18, 59, 1181 }, // U+0412
    { 13, 18, 233, 1, 18, 59, 1240 }, // U+0413
    { 14, 23, 233, 0, 18, 81, 1299 }, // U+0414
    { 12, 18, 233, 2, 18, 54, 1380 }, // U+0415
    { 15, 18, 233, 0, 18, 68, 1434 }, // U+0416
    { 13, 18, 233, 1, 18, 59, 1502 }, // U+0417
    { 12, 18, 233, 1, 18, 54, 1561 }, // U+0418
    { 12, 24, 233, 1, 24, 72, 1615 }, // U+0419
    { 14, 18, 233, 1, 18, 63, 1687 }, // U+041A
    { 14, 18, 233, 0, 18, 63, 1750 }, // U+041B
    { 14, 18, 233, 0, 18, 63, 1813 }, // U+041C
    { 13, 18, 233, 1, 18, 59, 1876 }, // U+041D
    { 14, 18, 233, 0, 18, 63, 1935 }, // U+041E
    { 13, 18, 233, 1, 18, 59, 1998 }, // U+041F
    { 12, 18, 233, 2, 18, 54, 2057 }, // U+0420
    { 13, 18, 233, 1, 18, 59, 2111 }, // U+0421
    { 13, 18, 233, 1, 18, 59, 2170 }, // U+0422
    { 15, 18, 233, 0, 18, 68, 2229 }, // U+0423
    { 13, 19, 233, 1, 19, 62, 2297 }, // U+0424
    { 14, 18, 233, 0, 18, 63, 2359 }, // U+0425
    { 13, 23, 233, 1, 18, 75, 2422 }, // U+0426
    { 12, 18, 233, 1, 18, 54, 2497 }, // U+0427
    { 13, 18, 233, 1, 18, 59, 2551 }, // U+0428
    { 13, 23, 233, 1, 18, 75, 2610 }, // U+0429
    { 14, 18, 233, 0, 18, 63, 2685 }, // U+042A
    { 13, 18, 233, 1, 18, 59, 2748 }, // U+042B
    { 13, 18, 233, 1, 18, 59, 2807 }, // U+042C
    { 13, 18, 233, 1, 18, 59, 2866 }, // U+042D
    { 13, 18, 233, 1, 18, 59, 2925 }, // U+042E
    { 13, 18, 233, 1, 18, 59, 2984 }, // U+042F
    { 12, 13, 233, 1, 13, 39, 3043 }, // U+0430
    { 13, 20, 233, 1, 20, 65, 3082 }, // U+0431
    { 12, 13, 233, 2, 13, 39, 3147 }, // U+0432
    { 10, 13, 233, 3, 13, 33, 3186 }, // U+0433
    { 14, 17, 233, 0, 13, 60, 3219 }, // U+0434
    { 13, 13, 233, 1, 13, 43, 3279 }, // U+0435
    { 15, 13, 233, 0, 13, 49, 3322 }, // U+0436
    { 11, 13, 233, 2, 13, 36, 3371 }, // U+0437
    { 12, 13, 233, 1, 13, 39, 3407 }, // U+0438
    { 12, 20, 233, 1, 20, 60, 3446 }, // U+0439
    { 12, 13, 233, 2, 13, 39, 3506 }, // U+043A
    { 13, 13, 233, 0, 13, 43, 3545 }, // U+043B
    { 14, 13, 233, 0, 13, 46, 3588 }, // U+043C
    { 11, 13, 233, 2, 13, 36, 3634 }, // U+043D
    { 13, 13, 233, 1, 13, 43, 3670 }, // U+043E
    { 11, 13, 233, 2, 13, 36, 3713 }, // U+043F
    { 12, 18, 233, 2, 13, 54, 3749 }, // U+0440
    { 13, 13, 233, 1, 13, 43, 3803 }, // U+0441
    { 12, 13, 233, 1, 13, 39, 3846 }, // U+0442
    { 13, 18, 233, 1, 13, 59, 3885 }, // U+0443
    { 14, 25, 233, 0, 20, 88, 3944 }, // U+0444
    { 14, 13, 233, 0, 13, 46, 4032 }, // U+0445
    { 12, 17, 233, 2, 13, 51, 4078 }, // U+0446
    { 12, 13, 233, 1, 13, 39, 4129 }, // U+0447
    { 13, 13, 233, 1, 13, 43, 4168 }, // U+0448
    { 13, 17, 233, 1, 13, 56, 4211 }, // U+0449
    { 14, 13, 233, 0, 13, 46, 4267 }, // U+044A
    { 13, 13, 233, 1, 13, 43, 4313 }, // U+044B
    { 12, 13, 233, 2, 13, 39, 4356 }, // U+044C
    { 13, 13, 233, 1, 13, 43, 4395 }, // U+044D
    { 13, 13, 233, 1, 13, 43, 4438 }, // U+044E
    { 12, 13, 233, 1, 13, 39, 4481 }, // U+044F
    { 13, 20, 233, 1, 20, 65, 4520 }, // U+0450
    { 13, 19, 233, 1, 19, 62, 4585 }, // U+0451
    { 13, 25, 233, 0, 20, 82, 4647 }, // U+0452
    { 10, 20, 233, 3, 20, 50, 4729 }, // U+0453
    { 13, 13, 233, 1, 13, 43, 4779 }, // U+0454
    { 12, 13, 233, 1, 13, 39, 4822 }, // U+0455
    { 13, 18, 233, 1, 18, 59, 4861 }, // U+0456
    { 13, 19, 233, 1, 19, 62, 4920 }, // U+0457
    { 10, 23, 233, 2, 18, 58, 4982 }, // U+0458
    { 14, 13, 233, 0, 13, 46, 5040 }, // U+0459
    { 13, 13, 233, 1, 13, 43, 5086 }, // U+045A
    { 13, 20, 233, 0, 20, 65, 5129 }, // U+045B
    { 12, 20, 233, 2, 20, 60, 5194 }, // U+045C
    { 12, 20, 233, 1, 20, 60, 5254 }, // U+045D
    { 13, 25, 233, 1, 20, 82, 5314 }, // U+045E
    { 11, 17, 233, 2, 13, 47, 5396 }, // U+045F
    { 14, 19, 233, 0, 19, 67, 5443 }, // U+0462
    { 14, 20, 233, 0, 20, 70, 5510 }, // U+0463
    { 14, 18, 233, 0, 18, 63, 5580 }, // U+0472
    { 13, 13, 233, 1, 13, 43, 5643 }, // U+0473
    { 15, 18, 233, 0, 18, 68, 5686 }, // U+0474
    { 15, 13, 233, 0, 13, 49, 5754 }, // U+0475
    { 13, 29, 233, 1, 24, 95, 5803 }, // U+048A
    { 13, 23, 233, 1, 19, 75, 5898 }, // U+048B
    { 14, 18, 233, 0, 18, 63, 5973 }, // U+048C
    { 14, 14, 233, 0, 14, 49, 6036 }, // U+048D
    { 12, 18, 233, 2, 18, 54, 6085 }, // U+048E
    { 12, 18, 233, 2, 13, 54, 6139 }, // U+048F
    { 13, 21, 233, 1, 21, 69, 6193 }, // U+0490
    { 10, 16, 233, 3, 16, 40, 6262 }, // U+0491
    { 13, 18, 233, 1, 18, 59, 6302 }, // U+0492
    { 13, 13, 233, 0, 13, 43, 6361 }, // U+0493
    { 13, 23, 233, 1, 18, 75, 6404 }, // U+0494
    { 12, 18, 233, 2, 13, 54, 6479 }, // U+0495
    { 15, 23, 233, 0, 18, 87, 6533 }, // U+0496
    { 14, 17, 233, 0, 13, 60, 6620 }, // U+0497
    { 13, 23, 233, 1, 18, 75, 6680 }, // U+0498
    { 11, 18, 233, 2, 13, 50, 6755 }, // U+0499
    { 13, 23, 233, 1, 18, 75, 6805 }, // U+049A
    { 12, 17, 233, 2, 13, 51, 6880 }, // U+049B
    { 14, 18, 233, 1, 18, 63, 6931 }, // U+049C
    { 13, 13, 233, 1, 13, 43, 6994 }, // U+049D
    { 15, 18, 233, 0, 18, 68, 7037 }, // U+049E
    { 14, 14, 233, 0, 14, 49, 7105 }, // U+049F
    { 15, 18, 233, 0, 18, 68, 7154 }, // U+04A0
    { 14, 13, 233, 0, 13, 46, 7222 }, // U+04A1
    { 13, 23, 233, 1, 18, 75, 7268 }, // U+04A2
    { 12, 17, 233, 2, 13, 51, 7343 }, // U+04A3
    { 13, 18, 233, 1, 18, 59, 7394 }, // U+04A4
    { 12, 13, 233, 2, 13, 39, 7453 }, // U+04A5
    { 13, 23, 233, 1, 18, 75, 7492 }, // U+04A6
    { 13, 18, 233, 1, 13, 59, 7567 }, // U+04A7
    { 14, 23, 233, 0, 18, 81, 7626 }, // U+04A8
    { 13, 18, 233, 1, 13, 59, 7707 }, // U+04A9
    { 13, 23, 233, 1, 18, 75, 7766 }, // U+04AA
    { 13, 18, 233, 1, 13, 59, 7841 }, // U+04AB
    { 13, 23, 233, 1, 18, 75, 7900 }, // U+04AC
    { 12, 17, 233, 1, 13, 51, 7975 }, // U+04AD
    { 15, 18, 233, 0, 18, 68, 8026 }, // U+04AE
    { 14, 18, 233, 0, 13, 63, 8094 }, // U+04AF
    { 15, 18, 233, 0, 18, 68, 8157 }, // U+04B0
    { 14, 18, 233, 0, 13, 63, 8225 }, // U+04B1
    { 14, 23, 233, 0, 18, 81, 8288 }, // U+04B2
    { 14, 17, 233, 0, 13, 60, 8369 }, // U+04B3
    { 14, 23, 233, 0, 18, 81, 8429 }, // U+04B4
    { 14, 18, 233, 0, 14, 63, 8510 }, // U+04B5
    { 13, 23, 233, 1, 18, 75, 8573 }, // U+04B6
    { 13, 17, 233, 1, 13, 56, 8648 }, // U+04B7
    { 12, 18, 233, 1, 18, 54, 8704 }, // U+04B8
    { 12, 13, 233, 1, 13, 39, 8758 }, // U+04B9
    { 13, 18, 233, 1, 18, 59, 8797 }, // U+04BA
    { 11, 20, 233, 2, 20, 55, 8856 }, // U+04BB
    { 14, 18, 233, 0, 18, 63, 8911 }, // U+04BC
    { 14, 13, 233, 0, 13, 46, 8974 }, // U+04BD
    { 14, 22, 233, 0, 18, 77, 9020 }, // U+04BE
    { 14, 17, 233, 0, 13, 60, 9097 }, // U+04BF
    { 10, 18, 233, 2, 18, 45, 9157 }, // U+04C0
    { 15, 24, 233, 0, 24, 90, 9202 }, // U+04C1
    { 15, 20, 233, 0, 20, 75, 9292 }, // U+04C2
    { 13, 23, 233, 1, 18, 75, 9367 }, // U+04C3
    { 12, 18, 233, 2, 13, 54, 9442 }, // U+04C4
    { 14, 23, 233, 0, 18, 81, 9496 }, // U+04C5
    { 14, 17, 233, 0, 13, 60, 9577 }, // U+04C6
    { 13, 23, 233, 1, 18, 75, 9637 }, // U+04C7
    { 11, 18, 233, 2, 13, 50, 9712 }, // U+04C8
    { 13, 23, 233, 1, 18, 75, 9762 }, // U+04C9
    { 12, 17, 233, 2, 13, 51, 9837 }, // U+04CA
    { 12, 23, 233, 1, 18, 69, 9888 }, // U+04CB
    { 12, 17, 233, 1, 13, 51, 9957 }, // U+04CC
    { 14, 23, 233, 0, 18, 81, 10008 }, // U+04CD
    { 14, 17, 233, 0, 13, 60, 10089 }, // U+04CE
    { 10, 18, 233, 2, 18, 45, 10149 }, // U+04CF
    { 15, 24, 233, 0, 24, 90, 10194 }, // U+04D0
    { 12, 20, 233, 1, 20, 60, 10284 }, // U+04D1
    { 15, 23, 233, 0, 23, 87, 10344 }, // U+04D2
    { 12, 19, 233, 1, 19, 57, 10431 }, // U+04D3
    { 14, 18, 233, 0, 18, 63, 10488 }, // U+04D4
    { 14, 13, 233, 0, 13, 46, 10551 }, // U+04D5
    { 12, 24, 233, 2, 24, 72, 10597 }, // U+04D6
    { 13, 20, 233, 1, 20, 65, 10669 }, // U+04D7
    { 14, 18, 233, 0, 18, 63, 10734 }, // U+04D8
    { 13, 13, 233, 1, 13, 43, 10797 }, // U+04D9
    { 14, 23, 233, 0, 23, 81, 10840 }, // U+04DA
    { 13, 19, 233, 1, 19, 62, 10921 }, // U+04DB
    { 15, 23, 233, 0, 23, 87, 10983 }, // U+04DC
    { 15, 19, 233, 0, 19, 72, 11070 }, // U+04DD
    { 13, 23, 233, 1, 23, 75, 11142 }, // U+04DE
    { 11, 19, 233, 2, 19, 53, 11217 }, // U+04DF
    { 14, 18, 233, 0, 18, 63, 11270 }, // U+04E0
    { 12, 18, 233, 1, 13, 54, 11333 }, // U+04E1
    { 12, 23, 233, 1, 23, 69, 11387 }, // U+04E2
    { 12, 19, 233, 1, 19, 57, 11456 }, // U+04E3
    { 12, 23, 233, 1, 23, 69, 11513 }, // U+04E4
    { 12, 19, 233, 1, 19, 57, 11582 }, // U+04E5
    { 14, 23, 233, 0, 23, 81, 11639 }, // U+04E6
    { 13, 19, 233, 1, 19, 62, 11720 }, // U+04E7
    { 14, 18, 233, 0, 18, 63, 11782 }, // U+04E8
    { 13, 13, 233, 1, 13, 43, 11845 }, // U+04E9
    { 14, 23, 233, 0, 23, 81, 11888 }, // U+04EA
    { 13, 19, 233, 1, 19, 62, 11969 }, // U+04EB
    { 13, 23, 233, 1, 23, 75, 12031 }, // U+04EC
    { 13, 19, 233, 1, 19, 62, 12106 }, // U+04ED
    { 15, 23, 233, 0, 23, 87, 12168 }, // U+04EE
    { 13, 24, 233, 1, 19, 78, 12255 }, // U+04EF
    { 15, 23, 233, 0, 23, 87, 12333 }, // U+04F0
    { 13, 24, 233, 1, 19, 78, 12420 }, // U+04F1
    { 15, 24, 233, 0, 24, 90, 12498 }, // U+04F2
    { 13, 25, 233, 1, 20, 82, 12588 }, // U+04F3
    { 12, 23, 233, 1, 23, 69, 12670 }, // U+04F4
    { 12, 19, 233, 1, 19, 57, 12739 }, // U+04F5
    { 13, 23, 233, 1, 18, 75, 12796 }, // U+04F6
    { 10, 17, 233, 3, 13, 43, 12871 }, // U+04F7
    { 13, 23, 233, 1, 23, 75, 12914 }, // U+04F8
    { 13, 19, 233, 1, 19, 62, 12989 }, // U+04F9
    { 15, 24, 233, 0, 24, 90, 0 }, // U+1EF2
    { 13, 25, 233, 1, 20, 82, 90 }, // U+1EF3
    { 11, 2, 233, 2, 9, 6, 0 }, // U+2013
    { 15, 2, 233, 0, 9, 8, 6 }, // U+2014
    { 15, 2, 233, 0, 9, 8, 14 }, // U+2015
    { 7, 8, 233, 4, 21, 14, 22 }, // U+2018
    { 7, 8, 233, 4, 18, 14, 36 }, // U+2019
    { 7, 8, 233, 4, 4, 14, 50 }, // U+201A
    { 13, 8, 233, 1, 18, 26, 64 }, // U+201C
    { 13, 8, 233, 1, 18, 26, 90 }, // U+201D
    { 13, 8, 233, 1, 4, 26, 116 }, // U+201E
    { 11, 22, 233, 2, 18, 61, 142 }, // U+2020
    { 11, 22, 233, 2, 18, 61, 203 }, // U+2021
    { 9, 8, 233, 3, 13, 18, 264 }, // U+2022
    { 14, 4, 233, 0, 4, 14, 282 }, // U+2026
    { 15, 18, 233, 0, 18, 68, 296 }, // U+2030
    { 6, 11, 233, 4, 13, 17, 364 }, // U+2039
    { 7, 11, 233, 4, 13, 20, 381 }, // U+203A
    { 14, 18, 233, 0, 18, 63, 401 }, // U+2044
    { 9, 10, 233, 3, 18, 23, 0 }, // U+2070
    { 9, 10, 233, 3, 18, 23, 23 }, // U+2074
    { 8, 10, 233, 3, 18, 20, 46 }, // U+2075
    { 9, 10, 233, 3, 18, 23, 66 }, // U+2076
    { 9, 10, 233, 3, 18, 23, 89 }, // U+2077
    { 9, 10, 233, 3, 18, 23, 112 }, // U+2078
    { 9, 10, 233, 3, 18, 23, 135 }, // U+2079
    { 9, 10, 233, 3, 10, 23, 158 }, // U+2080
    { 9, 10, 233, 3, 10, 23, 181 }, // U+2081
    { 8, 10, 233, 3, 10, 20, 204 }, // U+2082
    { 8, 10, 233, 3, 10, 20, 224 }, // U+2083
    { 9, 10, 233, 3, 10, 23, 244 }, // U+2084
    { 8, 10, 233, 3, 10, 20, 267 }, // U+2085
    { 9, 10, 233, 3, 10, 23, 287 }, // U+2086
    { 9, 10, 233, 3, 10, 23, 310 }, // U+2087
    { 9, 10, 233, 3, 10, 23, 333 }, // U+2088
    { 9, 10, 233, 3, 10, 23, 356 }, // U+2089
    { 13, 18, 233, 1, 18, 59, 0 }, // U+20AC
    { 14, 18, 233, 0, 18, 63, 59 }, // U+20AE
    { 14, 18, 233, 0, 18, 63, 122 }, // U+20B4
    { 13, 18, 233, 1, 18, 59, 185 }, // U+20B9
    { 12, 20, 233, 1, 20, 60, 0 }, // U+2202
    { 15, 18, 233, 0, 18, 68, 60 }, // U+2206
    { 12, 21, 233, 1, 18, 63, 128 }, // U+220F
    { 12, 21, 233, 1, 18, 63, 191 }, // U+2211
    { 13, 2, 233, 1, 9, 7, 254 }, // U+2212
    { 14, 18, 233, 0, 18, 63, 261 }, // U+2215
    { 5, 4, 233, 5, 10, 5, 324 }, // U+2219
    { 14, 20, 233, 0, 20, 70, 329 }, // U+221A
    { 14, 7, 233, 0, 11, 25, 399 }, // U+221E
    { 11, 23, 233, 2, 18, 64, 424 }, // U+222B
    { 13, 10, 233, 1, 12, 33, 488 }, // U+2248
    { 13, 13, 233, 1, 14, 43, 521 }, // U+2260
    { 13, 15, 233, 1, 15, 49, 564 }, // U+2264
    { 13, 15, 233, 1, 15, 49, 613 }, // U+2265
    { 14, 20, 233, 0, 20, 70, 0 }, // U+FB01
    { 15, 20, 233, 0, 20, 75, 70 }, // U+FB02
    { 15, 14, 233, 0, 14, 53, 0 }, // U+FFFD
};

static const EpdUnicodeInterval ubuntumono_14_regularIntervals[] = {
    { 0x0, 0x0, 0x0 },
    { 0x8, 0x9, 0x1 },
    { 0xD, 0xD, 0x3 },
    { 0x1D, 0x1D, 0x4 },
    { 0x20, 0x7E, 0x5 },
    { 0xA0, 0xFF, 0x64 },
    { 0x100, 0x17F, 0xC4 },
    { 0x1A0, 0x1A1, 0x144 },
    { 0x1AF, 0x1B0, 0x146 },
    { 0x1C4, 0x21F, 0x148 },
    { 0x311, 0x311, 0x1A4 },
    { 0x400, 0x45F, 0x1A5 },
    { 0x462, 0x463, 0x205 },
    { 0x472, 0x475, 0x207 },
    { 0x48A, 0x4F9, 0x20B },
    { 0x1EF2, 0x1EF3, 0x27B },
    { 0x2013, 0x2015, 0x27D },
    { 0x2018, 0x201A, 0x280 },
    { 0x201C, 0x201E, 0x283 },
    { 0x2020, 0x2022, 0x286 },
    { 0x2026, 0x2026, 0x289 },
    { 0x2030, 0x2030, 0x28A },
    { 0x2039, 0x203A, 0x28B },
    { 0x2044, 0x2044, 0x28D },
    { 0x2070, 0x2070, 0x28E },
    { 0x2074, 0x2079, 0x28F },
    { 0x2080, 0x2089, 0x295 },
    { 0x20AC, 0x20AC, 0x29F },
    { 0x20AE, 0x20AE, 0x2A0 },
    { 0x20B4, 0x20B4, 0x2A1 },
    { 0x20B9, 0x20B9, 0x2A2 },
    { 0x2202, 0x2202, 0x2A3 },
    { 0x2206, 0x2206, 0x2A4 },
    { 0x220F, 0x220F, 0x2A5 },
    { 0x2211, 0x2212, 0x2A6 },
    { 0x2215, 0x2215, 0x2A8 },
    { 0x2219, 0x221A, 0x2A9 },
    { 0x221E, 0x221E, 0x2AB },
    { 0x222B, 0x222B, 0x2AC },
    { 0x2248, 0x2248, 0x2AD },
    { 0x2260, 0x2260, 0x2AE },
    { 0x2264, 0x2265, 0x2AF },
    { 0xFB01, 0xFB02, 0x2B1 },
    { 0xFFFD, 0xFFFD, 0x2B3 },
};

static const EpdFontGroup ubuntumono_14_regularGroups[] = {
    { 0, 2202, 5217, 100, 0 },
    { 2202, 1923, 6155, 96, 100 },
    { 4125, 2401, 9821, 128, 196 },
    { 6526, 2449, 7708, 96, 324 },
    { 8975, 10, 8, 1, 420 },
    { 8985, 4507, 14809, 214, 421 },
    { 13492, 127, 196, 2, 635 },
    { 13619, 264, 526, 17, 637 },
    { 13883, 207, 470, 17, 654 },
    { 14090, 156, 288, 4, 671 },
    { 14246, 352, 735, 14, 675 },
    { 14598, 72, 160, 2, 689 },
    { 14670, 55, 56, 1, 691 },
};

static const EpdFontData ubuntumono_14_regular = {
    ubuntumono_14_regularBitmaps,
    ubuntumono_14_regularGlyphs,
    ubuntumono_14_regularIntervals,
    44,
    29,
    25,
    -5,
    true,
    ubuntumono_14_regularGroups,
    13,
    nullptr,
    nullptr,
    nullptr,
    nullptr,
    0,
    0,
    0,
    0,
    nullptr,
    0,
};
